sensor_image,object_label,pose_x,pose_y,pose_z,pose_Rx,pose_Ry,pose_Rz,shear_x,shear_y,shear_z,shear_Rx,shear_Ry,shear_Rz,object_x,object_y,object_z,object_Rx,object_Ry,object_Rz,Fx,Fy,Fz,Tx,Ty,Tz
image_1.png,surface,0.0,0.0,1.4369838277066045,18.67897347150388,-8.270680217208728,0.0,3.453083962455001,0.8171722862426938,0.0,0.0,0.0,4.176321564978547,0,0,0,0,0,0,0.6499345359177121,0.1078928076690144,1.318902468063596,0.0,0.0,0.0
image_2.png,surface,0.0,0.0,1.5717149520323734,7.889426140533854,-5.88137599705744,0.0,0.1184319748803802,0.0058483574076925,0.0,0.0,0.0,-2.378254777487634,0,0,0,0,0,0,0.1505552504462832,0.0022039165944112,0.721580656403868,0.0,0.0,0.0
image_3.png,surface,0.0,0.0,2.207641547240041,-10.144135530001732,22.79191511882138,0.0,4.453746463141013,1.182498196099664,0.0,0.0,0.0,-1.1392166710304288,0,0,0,0,0,0,0.6935458155726955,0.0277432355881774,1.636377547226765,0.0,0.0,0.0
image_4.png,surface,0.0,0.0,2.002369473812033,-21.40301643933964,7.864672527195789,0.0,0.7699444755197505,-3.927052308001821,0.0,0.0,0.0,-2.976307902723485,0,0,0,0,0,0,0.2744538367106547,-0.9934897340237182,2.0670502869187133,0.0,0.0,0.0
image_5.png,surface,0.0,0.0,0.67620744874453,-2.542309739597577,17.492365909124658,0.0,-0.5482741575489991,-0.9715757634649822,0.0,0.0,0.0,-3.1866613944093403,0,0,0,0,0,0,-0.0548496763123053,-0.130885273724628,0.2550615070603223,0.0,0.0,0.0
image_6.png,surface,0.0,0.0,0.8936946476935175,12.697059661932997,-21.182518315484195,0.0,-4.017587915056896,-2.1841003099767287,0.0,0.0,0.0,-2.686922884723999,0,0,0,0,0,0,-0.319768111268413,-0.1406133395489243,0.7042637121038526,0.0,0.0,0.0
image_7.png,surface,0.0,0.0,0.6763892173058654,-5.193923477097322,-13.2572409410117,0.0,2.443394260262245,1.838510736618774,0.0,0.0,0.0,-3.056469034307927,0,0,0,0,0,0,0.1386951617265985,0.0664132411012517,0.2655119647423431,0.0,0.0,0.0
image_8.png,surface,0.0,0.0,0.5864753143856669,13.081229626773547,19.4968827225617,0.0,3.270485254124237,1.2274031719545913,0.0,0.0,0.0,0.1629097610680752,0,0,0,0,0,0,0.2185395983478657,0.0221335520937659,0.4227243627434103,0.0,0.0,0.0
image_9.png,surface,0.0,0.0,2.4400122948626013,-13.044144508387909,8.16324769205548,0.0,2.0117411824414466,3.405510825856711,0.0,0.0,0.0,4.527383463492219,0,0,0,0,0,0,0.3448564678119782,0.6545962636925169,1.4095825184929098,0.0,0.0,0.0
image_10.png,surface,0.0,0.0,2.6273972691574645,-18.78201349824196,3.952440078189629,0.0,-1.195826469290301,2.217840807104529,0.0,0.0,0.0,-3.5714219683172352,0,0,0,0,0,0,-0.6435015069150034,0.8657317880576126,2.000491143301619,0.0,0.0,0.0
image_11.png,surface,0.0,0.0,1.5404445805652909,4.74645452247712,5.237527451985835,0.0,3.405313150638208,2.682702560126172,0.0,0.0,0.0,1.1127440099674253,0,0,0,0,0,0,0.2675870690597864,0.1260810187072606,0.5616283627669372,0.0,0.0,0.0
image_12.png,surface,0.0,0.0,2.9221019613059687,-6.77767055825565,9.952259414348564,0.0,-3.436050831462106,0.0763432338597451,0.0,0.0,0.0,1.769328990495211,0,0,0,0,0,0,-1.8623192833642817,-0.2500005945874539,4.005482905718222,0.0,0.0,0.0
image_13.png,surface,0.0,0.0,2.6589942555908275,-12.160925897746784,4.721691133236552,0.0,-1.9308277238036344,-2.913500045152733,0.0,0.0,0.0,-2.546789667383793,0,0,0,0,0,0,-0.6835911331249276,-1.5835274444556766,3.3598321932867026,0.0,0.0,0.0
image_15.png,surface,0.0,0.0,1.417960999832342,22.52646082574292,4.219411523918802,0.0,1.7038955615125355,-2.679729931413324,0.0,0.0,0.0,2.354079701856233,0,0,0,0,0,0,0.3110248532555057,-0.4012449607923607,0.9611618647717516,0.0,0.0,0.0
image_16.png,surface,0.0,0.0,2.8858679077608738,-8.321892309912439,22.88417708861751,0.0,1.085975714728397,-3.732480734250139,0.0,0.0,0.0,3.55469961358283,0,0,0,0,0,0,-0.2240929749343062,-2.190438252240708,4.70035125442526,0.0,0.0,0.0
image_17.png,surface,0.0,0.0,2.3723246140846594,-5.464727144235859,-18.4195072179686,0.0,-2.305290933306856,1.4010403057707554,0.0,0.0,0.0,1.5887965161723443,0,0,0,0,0,0,-0.8415359204348606,0.5991695704109427,1.683324218659844,0.0,0.0,0.0
image_18.png,surface,0.0,0.0,1.3842310727693112,-0.6751976938150156,22.82390077845405,0.0,2.225797534844566,0.7603053109076745,0.0,0.0,0.0,-1.0554217569894329,0,0,0,0,0,0,0.3791446493665139,0.0589866242260087,0.7806726353866278,0.0,0.0,0.0
image_19.png,surface,0.0,0.0,2.722082234862402,14.195425240849303,-16.1143219351123,0.0,1.377181012330258,1.1710154962591437,0.0,0.0,0.0,1.7752496037488408,0,0,0,0,0,0,1.7110936403758414,1.311476672206651,6.183974595694154,0.0,0.0,0.0
image_20.png,surface,0.0,0.0,0.5102807499128221,15.472784938845551,13.925683461375431,0.0,-3.809967474281077,-2.469914687555701,0.0,0.0,0.0,-0.1605988654711669,0,0,0,0,0,0,-0.1500438954084524,-0.0728849847624992,0.3654277187983309,0.0,0.0,0.0
image_23.png,surface,0.0,0.0,0.7044748513256547,-5.231943675443229,-2.559271277788554,0.0,2.346132623164594,0.0349275698105759,0.0,0.0,0.0,3.1864564316182893,0,0,0,0,0,0,0.097835459179942,-0.019792775582357,0.1559898284324977,0.0,0.0,0.0
image_24.png,surface,0.0,0.0,2.6558912237567167,6.618076139443067,-16.71575916805023,0.0,2.2031588267171545,-4.293040136116463,0.0,0.0,0.0,1.9507600605390127,0,0,0,0,0,0,1.25675773304332,-1.1113780349410476,3.473400532442663,0.0,0.0,0.0
image_27.png,surface,0.0,0.0,1.6878835360735227,-18.33059410705256,9.69012342541028,0.0,-4.8716295822861655,-0.5725511273554955,0.0,0.0,0.0,4.94830475880587,0,0,0,0,0,0,-0.5807418073612564,0.0195882722581075,1.1901340721893627,0.0,0.0,0.0
image_28.png,surface,0.0,0.0,2.542337076180997,-3.733433977107376,-11.747990566624845,0.0,-3.248907654465972,0.4100331441925456,0.0,0.0,0.0,1.2502588760192133,0,0,0,0,0,0,-0.8219689807878721,0.1402389411552985,1.6533260459033767,0.0,0.0,0.0
image_29.png,surface,0.0,0.0,1.9873450769323973,7.066505141999691,0.1378499435137913,0.0,2.83431150059402,0.5987287630569208,0.0,0.0,0.0,-4.313250756097178,0,0,0,0,0,0,0.5501700811709542,0.0363166441817115,0.9986651632267812,0.0,0.0,0.0
image_31.png,surface,0.0,0.0,1.405943939813973,6.225240199046477,-21.70320869046308,0.0,3.530158673523832,-2.686207885472384,0.0,0.0,0.0,4.156808630085324,0,0,0,0,0,0,0.5357471297021417,-0.4255588329431246,1.3962849809936706,0.0,0.0,0.0
image_32.png,surface,0.0,0.0,1.199211679479299,12.945888436427431,20.692207951756497,0.0,1.295325244387195,0.4544242948360677,0.0,0.0,0.0,2.9507006728122995,0,0,0,0,0,0,0.4094150413380943,0.2040911713959496,0.83242919695797,0.0,0.0,0.0
image_34.png,surface,0.0,0.0,1.1393338300789644,13.0436462055499,-3.803629049039815,0.0,4.176697998433828,1.7497271929508418,0.0,0.0,0.0,4.336063361659413,0,0,0,0,0,0,0.2715257203630771,0.0706999453980188,0.5058389963721495,0.0,0.0,0.0
image_35.png,surface,0.0,0.0,1.3487785955107052,-9.192367983304576,12.024337239672285,0.0,2.215284860991192,1.858183480084893,0.0,0.0,0.0,-2.551092376767581,0,0,0,0,0,0,0.2436812210412046,0.1526129653748836,0.470573167702885,0.0,0.0,0.0
image_36.png,surface,0.0,0.0,1.6009408373670668,-13.110632787366065,20.308601804365097,0.0,-3.3909918512405266,-1.881807495314859,0.0,0.0,0.0,1.662259780396241,0,0,0,0,0,0,-0.6403694573082912,-0.3095582550188667,1.6226378749794417,0.0,0.0,0.0
image_37.png,surface,0.0,0.0,2.6087521609840763,-2.934162550414708,-20.52340980547157,0.0,2.427773790128299,-2.8242895483865333,0.0,0.0,0.0,2.7022579766743675,0,0,0,0,0,0,2.166975787941803,-1.3850852841164931,5.395273195222967,0.0,0.0,0.0
image_39.png,surface,0.0,0.0,2.5743534238899626,-17.27109289441178,17.677803831139826,0.0,-3.8992108119166375,-0.5456713139777277,0.0,0.0,0.0,3.867499983927221,0,0,0,0,0,0,-1.8009627663845795,-0.8321838042657397,4.798170217933507,0.0,0.0,0.0
image_40.png,surface,0.0,0.0,1.8142492872327665,11.49703270095433,-6.528711260109812,0.0,1.351542592671764,4.518032273140973,0.0,0.0,0.0,-2.666297531076701,0,0,0,0,0,0,0.0937293999773616,0.611650565600135,1.252751964137916,0.0,0.0,0.0
image_42.png,surface,0.0,0.0,1.338021523026717,3.117872902527162,-24.6090001513326,0.0,-2.1911483682099324,-0.665545197687686,0.0,0.0,0.0,2.429256205173621,0,0,0,0,0,0,-0.449844049016578,-0.0510660531675786,0.916675963502262,0.0,0.0,0.0
image_43.png,surface,0.0,0.0,1.6479923063857054,4.662220551194678,15.578424180172965,0.0,-2.7292888621020723,-3.043664072654045,0.0,0.0,0.0,-0.8412819540214116,0,0,0,0,0,0,-0.3761997922290069,-0.4268770928332863,1.0901624930389198,0.0,0.0,0.0
image_44.png,surface,0.0,0.0,2.851224140868012,8.786911447586386,18.418619734701984,0.0,-1.703887043789746,1.7163576062523898,0.0,0.0,0.0,-0.6678999335146871,0,0,0,0,0,0,-1.6391325939211303,1.177759813992414,5.795190773877636,0.0,0.0,0.0
image_45.png,surface,0.0,0.0,1.3873686999872887,-21.455828584907085,-2.10656833515657,0.0,1.3989417302719314,-0.0895166431925384,0.0,0.0,0.0,-0.0254596547785412,0,0,0,0,0,0,0.4375593529886947,-0.1630237576816741,0.988918101734897,0.0,0.0,0.0
image_46.png,surface,0.0,0.0,0.9324641931434476,-20.05034452487638,12.178346442888524,0.0,3.1150923773955355,1.8192273628319109,0.0,0.0,0.0,-2.473011851694133,0,0,0,0,0,0,0.2289797637035742,0.0815936801705368,0.471591417425749,0.0,0.0,0.0
image_48.png,surface,0.0,0.0,2.13147904697897,-4.776580154075784,-5.9823972383622985,0.0,-1.067961857411742,3.418186371023624,0.0,0.0,0.0,-0.2721679807977075,0,0,0,0,0,0,-0.1973624990877077,0.4716475898189708,1.0684532303071663,0.0,0.0,0.0
image_49.png,surface,0.0,0.0,0.8162856495212396,-0.7042642475807697,-14.856385376408957,0.0,0.1894952594917293,2.1196852914153173,0.0,0.0,0.0,4.243098947252221,0,0,0,0,0,0,-0.0288892768024398,0.2011384580142864,0.3317316917851481,0.0,0.0,0.0
image_50.png,surface,0.0,0.0,0.8052535466815265,-13.144686367467836,-13.66765256339691,0.0,-0.1151015598540922,2.32216821817039,0.0,0.0,0.0,4.133512139027584,0,0,0,0,0,0,-0.0287614380429822,0.2180603215446802,0.3745517722360952,0.0,0.0,0.0
image_51.png,surface,0.0,0.0,1.2592372273485002,2.782889830064218,-21.3044302638112,0.0,0.5367777453485273,-0.4994447548823454,0.0,0.0,0.0,-3.175955290750314,0,0,0,0,0,0,0.4512822350604767,-0.3224419644465815,1.1319151976838824,0.0,0.0,0.0
image_52.png,surface,0.0,0.0,2.769122753495834,14.79280512831854,14.200844819356542,0.0,-3.244730333310687,0.3333180337791779,0.0,0.0,0.0,3.3509186765587806,0,0,0,0,0,0,-1.978521671931304,0.7230624035487337,5.65035814882296,0.0,0.0,0.0
image_53.png,surface,0.0,0.0,2.1865096274824065,14.51358835030416,-12.33207159630155,0.0,-0.7421166546082959,1.6184047947509708,0.0,0.0,0.0,3.921588373235615,0,0,0,0,0,0,-0.1798303263620863,1.1031475626912548,2.589412394747724,0.0,0.0,0.0
image_54.png,surface,0.0,0.0,1.054835390950275,-2.475765126369017,-14.012615480952745,0.0,-3.141596199472516,-3.865765256223572,0.0,0.0,0.0,-4.355802603393792,0,0,0,0,0,0,-0.1117516212809039,-0.183134299967865,0.4192341778380689,0.0,0.0,0.0
image_55.png,surface,0.0,0.0,2.0087189015547966,-12.57468802001927,-7.52421884308249,0.0,-0.3866878105035036,1.8976431694050069,0.0,0.0,0.0,-0.85514506557438,0,0,0,0,0,0,-0.1111535185134413,0.5409081464347719,1.1258012333391452,0.0,0.0,0.0
image_56.png,surface,0.0,0.0,2.15059958452978,-15.661916715484535,15.745312285473,0.0,1.7599716765927698,-3.800936616972344,0.0,0.0,0.0,-2.7275617937982344,0,0,0,0,0,0,0.3604071397660057,-0.9391296042332292,2.0872210100472803,0.0,0.0,0.0
image_57.png,surface,0.0,0.0,1.8076366997696125,-1.2645063147059084,-19.20791887344206,0.0,4.3823245383801455,0.7122960251530779,0.0,0.0,0.0,-4.415113579556146,0,0,0,0,0,0,0.9238640815255909,-0.0401801839075316,1.909831189906312,0.0,0.0,0.0
image_58.png,surface,0.0,0.0,2.398456151343322,8.413166587733473,16.941983860408268,0.0,-0.2434954867634922,-0.6029805607572039,0.0,0.0,0.0,0.4000967247851132,0,0,0,0,0,0,-0.4801387912280556,-0.2668013292257924,2.6049206059873886,0.0,0.0,0.0
image_59.png,surface,0.0,0.0,0.5618474716478923,-10.278880618728008,-16.341247181002778,0.0,-0.743266297802902,4.025565201493677,0.0,0.0,0.0,-1.0513368147110027,0,0,0,0,0,0,-0.050296181451623,0.1228813282340039,0.3040111828824543,0.0,0.0,0.0
image_60.png,surface,0.0,0.0,0.9777930677598838,21.6206202825278,2.2293552163603425,0.0,-1.8147797344130203,1.5534354912738713,0.0,0.0,0.0,1.290508721028445,0,0,0,0,0,0,-0.3122804125001789,0.2358049176795545,0.8372524851189026,0.0,0.0,0.0
image_61.png,surface,0.0,0.0,2.915929361062798,-0.9195067675173406,24.3503316034138,0.0,1.9554425892348264,-0.5472611008952364,0.0,0.0,0.0,-2.1818646290503976,0,0,0,0,0,0,0.646692910231465,-0.3590952525620573,2.900637296335685,0.0,0.0,0.0
image_62.png,surface,0.0,0.0,1.7443500043920803,5.085479015086338,12.711742269310404,0.0,1.8699564268366144,-4.222371822680082,0.0,0.0,0.0,-2.4389951095705555,0,0,0,0,0,0,0.2353777892364313,-0.364066256443813,0.8255046522417419,0.0,0.0,0.0
image_63.png,surface,0.0,0.0,0.6912869959838228,23.772364821900787,-7.204086165093045,0.0,-1.6170741569762488,-4.121468260499672,0.0,0.0,0.0,0.6282061870555129,0,0,0,0,0,0,-0.0565024488452935,-0.2421287897063448,0.6340044812262667,0.0,0.0,0.0
image_64.png,surface,0.0,0.0,1.2704492255449868,-2.2535656341465984,15.878505882630096,0.0,-0.0906110591408135,0.4514637887578727,0.0,0.0,0.0,-1.6429695069718695,0,0,0,0,0,0,-0.091804209135529,0.2248907325746116,0.553214404530644,0.0,0.0,0.0
image_65.png,surface,0.0,0.0,0.5044309654335168,24.818667217563032,-1.4468238589518434,0.0,-4.056812691028044,-0.6958757074142267,0.0,0.0,0.0,-3.37987739179645,0,0,0,0,0,0,-0.2968027912658416,-0.0331531350658221,0.5655182553485786,0.0,0.0,0.0
image_66.png,surface,0.0,0.0,1.948535604714036,-2.779195167793827,-9.786606382578563,0.0,1.8503498722917244,1.2388893999935466,0.0,0.0,0.0,0.2091478904228161,0,0,0,0,0,0,0.4986891083593572,0.1727549697109589,1.1583003703272077,0.0,0.0,0.0
image_67.png,surface,0.0,0.0,2.9986956252489203,23.4237109794651,1.4783522690557624,0.0,-3.357947440400341,-2.1235530753728025,0.0,0.0,0.0,3.447128739220801,0,0,0,0,0,0,-1.5805930953194782,-0.3134280871546639,3.8089473111828815,0.0,0.0,0.0
image_68.png,surface,0.0,0.0,1.9752487438026785,-0.5034454593082099,-13.769793687848368,0.0,-3.4825570555618945,-2.977159542033318,0.0,0.0,0.0,3.2932509185207746,0,0,0,0,0,0,-0.4519442572076678,-0.3935760861330064,1.0104219281190552,0.0,0.0,0.0
image_70.png,surface,0.0,0.0,1.3193165318201974,1.4756392909981106,22.655217404446013,0.0,0.4455098513140929,-4.891945839028978,0.0,0.0,0.0,-0.165159468317273,0,0,0,0,0,0,0.0711628151530983,-0.3758173320756844,0.8377571439727786,0.0,0.0,0.0
image_72.png,surface,0.0,0.0,1.7703914301002983,-8.100208136549034,-4.770771120749975,0.0,4.254018690736453,0.3174526578664942,0.0,0.0,0.0,0.8063621361807218,0,0,0,0,0,0,0.3793729328655449,-0.0627699357246233,0.8831809068291177,0.0,0.0,0.0
image_73.png,surface,0.0,0.0,2.749465417443476,4.474563027180861,10.393267871347504,0.0,2.466705930307367,-0.4322341057372749,0.0,0.0,0.0,-0.4123924954468192,0,0,0,0,0,0,0.8548874613482178,-0.1252692978202397,2.1315014749691765,0.0,0.0,0.0
image_75.png,surface,0.0,0.0,1.9241271056046187,-22.403078906207064,10.70953676415969,0.0,-3.404299749489892,1.3369162776509391,0.0,0.0,0.0,-2.824678373571449,0,0,0,0,0,0,-0.8087970228937528,0.2385924552993236,1.6636693194040435,0.0,0.0,0.0
image_76.png,surface,0.0,0.0,1.5712776781757962,-3.767010976026536,15.505052008518769,0.0,-2.5315069188939807,0.9763500480235588,0.0,0.0,0.0,-4.87891214799125,0,0,0,0,0,0,-0.429663787702191,0.1925603301132697,0.8529683657099423,0.0,0.0,0.0
image_78.png,surface,0.0,0.0,2.599895065520037,17.15513961449249,3.489383800506692,0.0,0.5618063998981674,-0.3091026582994748,0.0,0.0,0.0,4.942322175135171,0,0,0,0,0,0,0.0786779079412162,0.1550764438808422,3.026556379388922,0.0,0.0,0.0
image_79.png,surface,0.0,0.0,1.6226097815665457,6.649084543401437,-5.063106650648898,0.0,3.601744175831015,2.744158840989225,0.0,0.0,0.0,-0.033729452383918,0,0,0,0,0,0,0.333691882819343,0.1230512233033803,0.7520410609424247,0.0,0.0,0.0
image_80.png,surface,0.0,0.0,1.0442069540517642,-10.160903712118412,-4.0341274807497145,0.0,-0.0761461977881238,2.153396609598094,0.0,0.0,0.0,4.946388731951799,0,0,0,0,0,0,-0.0206999867471821,0.1893952478948861,0.3009296376685252,0.0,0.0,0.0
image_82.png,surface,0.0,0.0,0.8763784291271088,-4.658284756436842,-12.621864348863232,0.0,-2.286790388937582,1.247878275465491,0.0,0.0,0.0,3.194531388874246,0,0,0,0,0,0,-0.1687814050089603,0.1049731294397301,0.2949898476184877,0.0,0.0,0.0
image_83.png,surface,0.0,0.0,0.7122480355270973,-16.714353397411134,-15.568001901307438,0.0,3.78429118681206,-3.071550305066894,0.0,0.0,0.0,0.8787951714595463,0,0,0,0,0,0,0.2050099963052638,-0.1579552214452766,0.5885181942641373,0.0,0.0,0.0
image_84.png,surface,0.0,0.0,1.4396908735079088,-12.918099365684446,19.987883626667585,0.0,-1.605175393102581,-2.843226891827092,0.0,0.0,0.0,2.3372323440164244,0,0,0,0,0,0,-0.1596957217475055,-0.5029397446341229,1.1901430042044752,0.0,0.0,0.0
image_85.png,surface,0.0,0.0,2.0642463740286714,22.17161181751587,-7.881800305796609,0.0,-3.552743729047442,3.069582345564964,0.0,0.0,0.0,1.9942324797907889,0,0,0,0,0,0,-0.7751936918363117,1.0877563278877436,3.0052758533825856,0.0,0.0,0.0
image_87.png,surface,0.0,0.0,2.789210398672986,-10.390812418848828,-4.600150847925725,0.0,-2.8421425365373287,3.000770562390111,0.0,0.0,0.0,-0.3318884429361795,0,0,0,0,0,0,-0.6757077429583718,0.6378238448990743,2.146788618834798,0.0,0.0,0.0
image_89.png,surface,0.0,0.0,2.215783632754748,12.542554245210402,16.850991575603768,0.0,-4.789331609838806,0.4614660464499519,0.0,0.0,0.0,-3.8354358184414536,0,0,0,0,0,0,-1.639611989269097,0.5023860125561551,3.6302042907523178,0.0,0.0,0.0
image_90.png,surface,0.0,0.0,2.2292767131415947,-5.6435917074378255,-11.520872448448712,0.0,-1.6618823517150108,-1.0535267260977714,0.0,0.0,0.0,-2.006427736271792,0,0,0,0,0,0,-0.4855475882651091,-0.4550545047098703,1.3629908946605669,0.0,0.0,0.0
image_91.png,surface,0.0,0.0,0.5042112455711063,12.027022673560092,3.483628562386952,0.0,4.067787351200876,0.1678328173092762,0.0,0.0,0.0,-1.374825156060079,0,0,0,0,0,0,0.1019810875223546,-0.015451012698292,0.1802804435318616,0.0,0.0,0.0
image_93.png,surface,0.0,0.0,2.7940215698584505,-19.49944238912084,1.9792722375065583,0.0,0.6182641000798268,3.438254822679667,0.0,0.0,0.0,-0.3561705373432735,0,0,0,0,0,0,0.0862569201090629,0.8741227167618165,2.340443638496247,0.0,0.0,0.0
image_94.png,surface,0.0,0.0,0.5484949593402209,-15.849766414222854,5.677591202889655,0.0,2.55546592186054,2.394678980065327,0.0,0.0,0.0,1.229521855636877,0,0,0,0,0,0,0.0935163353782655,0.0524031902876711,0.175459388374707,0.0,0.0,0.0
image_95.png,surface,0.0,0.0,1.995734975963094,-21.91112891933399,5.313995695528319,0.0,-1.5183852029237797,0.3628172591820935,0.0,0.0,0.0,1.569365486246225,0,0,0,0,0,0,-0.7435079421707359,-0.1822030232912827,1.8407666160500653,0.0,0.0,0.0
image_96.png,surface,0.0,0.0,2.1914394253186966,21.425760231334376,-0.6513140277263145,0.0,-0.3312842741516958,-4.025682927416341,0.0,0.0,0.0,-4.058006784920249,0,0,0,0,0,0,0.1411362732762423,-0.7126343071145069,1.560946679598845,0.0,0.0,0.0
image_98.png,surface,0.0,0.0,2.595528157498227,-3.647735776499767,-14.529902618326505,0.0,2.199872625038944,3.0748302682655777,0.0,0.0,0.0,1.4313153103473013,0,0,0,0,0,0,1.0112920959846856,0.902643064982141,2.9210469508685195,0.0,0.0,0.0
image_99.png,surface,0.0,0.0,2.0645785357227204,-12.710929170665574,-16.189142151164102,0.0,0.0394476715985114,3.310103108231069,0.0,0.0,0.0,-2.4069197113567773,0,0,0,0,0,0,-0.0320852457888812,0.7339372610913208,1.491444437002073,0.0,0.0,0.0
image_100.png,surface,0.0,0.0,1.0626376833237607,-11.94232642309911,-8.404664539553567,0.0,-3.3210209949676712,1.5460808731613471,0.0,0.0,0.0,0.6839778345279441,0,0,0,0,0,0,-0.1992268143297985,0.0702248684447624,0.4071826564470714,0.0,0.0,0.0
image_101.png,surface,0.0,0.0,2.917975291793883,-14.787442632581884,13.950061017978758,0.0,-1.3961907111299052,2.4867249920891563,0.0,0.0,0.0,0.1359067628447663,0,0,0,0,0,0,-1.0466684288846049,0.9070383133510104,3.3897142498467026,0.0,0.0,0.0
image_102.png,surface,0.0,0.0,1.0396640616850503,-23.843311600815728,5.411253402393431,0.0,1.773095246561752,-0.1296808418879342,0.0,0.0,0.0,0.3617401329051759,0,0,0,0,0,0,0.2861876085608753,-0.1279828996227802,0.7053824469967357,0.0,0.0,0.0
image_104.png,surface,0.0,0.0,1.6847244471498084,-12.640412432547045,-17.476984286080842,0.0,-1.6322620728637174,-2.094125009167957,0.0,0.0,0.0,3.031795173985806,0,0,0,0,0,0,-0.1553081128961195,-0.6290553715962565,1.3827529780977208,0.0,0.0,0.0
image_106.png,surface,0.0,0.0,0.7443978098013366,16.1112519242871,12.782550106386594,0.0,3.073167100410972,2.1781766637512257,0.0,0.0,0.0,-4.24373378461682,0,0,0,0,0,0,0.2332258367855608,0.0974474071073509,0.4362943267035901,0.0,0.0,0.0
image_107.png,surface,0.0,0.0,2.8813631388333856,3.0677157673710647,-22.193882730690465,0.0,-0.2192733211597698,-4.950156500722145,0.0,0.0,0.0,-3.21813572730407,0,0,0,0,0,0,0.8507266141058702,-1.6177786050624674,3.9570133257084,0.0,0.0,0.0
image_109.png,surface,0.0,0.0,1.0509598480918818,-5.522070808445101,-7.08510265173551,0.0,0.9995125132128154,-4.077293310736301,0.0,0.0,0.0,-0.0889179529824595,0,0,0,0,0,0,0.0800841342952504,-0.1262556330841196,0.3331518821880894,0.0,0.0,0.0
image_111.png,surface,0.0,0.0,1.3743331585521774,-16.31145509312099,12.179191298690323,0.0,-3.2399578505574333,-1.2388013357111294,0.0,0.0,0.0,-2.509637332203414,0,0,0,0,0,0,-0.3681094250233293,-0.0943106407338634,0.8268690175502276,0.0,0.0,0.0
image_112.png,surface,0.0,0.0,1.605324214128049,-21.146420554276336,2.5208042601523286,0.0,-0.2654170424127992,-0.9241601715615476,0.0,0.0,0.0,3.548940597716953,0,0,0,0,0,0,0.019523565782173,-0.6556250727237406,1.3457744355305714,0.0,0.0,0.0
image_114.png,surface,0.0,0.0,1.0872111130015687,-2.9099116138436494,-24.348208598430222,0.0,2.302647698706036,-0.9197207243663944,0.0,0.0,0.0,-0.8186471142400649,0,0,0,0,0,0,0.4927537373845377,-0.2341909145204781,1.2394611256500123,0.0,0.0,0.0
image_115.png,surface,0.0,0.0,2.433832791854717,-12.877798903960754,17.650306725764423,0.0,-0.1655394941143867,-2.991349622151221,0.0,0.0,0.0,-2.2586546020485168,0,0,0,0,0,0,-0.2606107253293828,-1.352666787915475,3.130859985869093,0.0,0.0,0.0
image_116.png,surface,0.0,0.0,2.755537885063666,-16.985960071862877,-5.475215224081374,0.0,0.8506543162711371,-3.00096725409737,0.0,0.0,0.0,2.176944681902252,0,0,0,0,0,0,0.9269306898625812,-2.299171096641638,5.229727227121626,0.0,0.0,0.0
image_117.png,surface,0.0,0.0,1.0836936073459045,6.776890236949948,3.7245160782973135,0.0,3.808379991611888,-2.463703842163581,0.0,0.0,0.0,0.8937509450636236,0,0,0,0,0,0,0.153979502931756,-0.0826696822765877,0.3405207946561811,0.0,0.0,0.0
image_119.png,surface,0.0,0.0,0.5723667326985402,7.053742872878113,4.949235710906339,0.0,0.1340037552991748,0.8459167488077199,0.0,0.0,0.0,-2.1488226364576333,0,0,0,0,0,0,0.0214244063841089,0.0971516638384362,0.141151518326295,0.0,0.0,0.0
image_120.png,surface,0.0,0.0,0.6118107001425508,-16.488834069411684,-12.65048164558403,0.0,3.426111034344609,0.56030891200362,0.0,0.0,0.0,4.476739179372268,0,0,0,0,0,0,0.2062427272000342,0.0058802571234184,0.3810498132306849,0.0,0.0,0.0
image_121.png,surface,0.0,0.0,1.4825230459663563,5.539362152417422,15.220671230084196,0.0,-1.4231225093523387,-3.325525860193489,0.0,0.0,0.0,2.503744027886711,0,0,0,0,0,0,-0.1073731437694793,-0.3997347823979031,0.8102108093647843,0.0,0.0,0.0
image_122.png,surface,0.0,0.0,0.8697778643366267,-15.095069577077895,-12.6635659671096,0.0,3.97423190941894,2.529980001869162,0.0,0.0,0.0,0.1552038282690571,0,0,0,0,0,0,0.1984902195729233,0.0594443970518285,0.4929009724812028,0.0,0.0,0.0
image_123.png,surface,0.0,0.0,0.915346421609222,-21.57345254815265,12.749264020900291,0.0,1.4618457198023729,2.3873218640658456,0.0,0.0,0.0,3.1577023994903577,0,0,0,0,0,0,0.1409993031768234,0.2181735849242644,0.4692981225455276,0.0,0.0,0.0
image_124.png,surface,0.0,0.0,2.068492562042004,-6.877228716477524,-12.122188355950136,0.0,-0.9619330142155716,1.1499544878422328,0.0,0.0,0.0,-3.137787470353859,0,0,0,0,0,0,-0.3046557436325258,0.4119294729331463,1.1894016469501094,0.0,0.0,0.0
image_126.png,surface,0.0,0.0,2.4474181044326286,19.56246290750374,0.3191130869701696,0.0,-4.361020367668942,-0.9343603521410286,0.0,0.0,0.0,0.6371060906225514,0,0,0,0,0,0,-1.1258371463487395,0.1422053192730815,2.7513207996943665,0.0,0.0,0.0
image_127.png,surface,0.0,0.0,1.3412345208935592,0.728243646659492,-23.0948052846506,0.0,-0.7910496932894052,2.893264555837317,0.0,0.0,0.0,4.226273525778106,0,0,0,0,0,0,-0.1894091019814493,0.5288062689466881,1.034069438130295,0.0,0.0,0.0
image_129.png,surface,0.0,0.0,2.603364800915216,23.048454009311147,-5.892857537068403,0.0,3.877139806656404,0.3616701774461412,0.0,0.0,0.0,-3.878252128567952,0,0,0,0,0,0,2.235774346989932,0.9050499117983078,5.291760072080282,0.0,0.0,0.0
image_130.png,surface,0.0,0.0,1.810529242059572,3.70515311707742,6.268852536745752,0.0,0.045734811339475,-1.6868661964588574,0.0,0.0,0.0,-3.6784863317066216,0,0,0,0,0,0,0.0717380895706577,-0.4570366138525955,0.7378257588903431,0.0,0.0,0.0
image_131.png,surface,0.0,0.0,1.6896901566625695,-5.791056471743533,-18.601717610451228,0.0,3.2080243077735844,0.0040332436483229,0.0,0.0,0.0,2.70182224905391,0,0,0,0,0,0,0.7613216645451625,-0.1250647944959902,1.6225775838774297,0.0,0.0,0.0
image_133.png,surface,0.0,0.0,0.8763126741410714,-14.833526528709108,19.30592442854486,0.0,1.5855225365142047,1.3432255218375264,0.0,0.0,0.0,-0.6651727918436645,0,0,0,0,0,0,0.2350064480780067,0.1149151372032412,0.4689855020165781,0.0,0.0,0.0
image_134.png,surface,0.0,0.0,0.7135329988206172,-9.351682237327084,-11.873207779920564,0.0,-0.4296337372230754,2.6269026835116165,0.0,0.0,0.0,0.8535328186330124,0,0,0,0,0,0,-0.0622247552210172,0.1131029231298923,0.2808861957553159,0.0,0.0,0.0
image_136.png,surface,0.0,0.0,2.191596240580647,8.35986116152568,10.820438196429194,0.0,3.9194619754978186,-2.9958030266728857,0.0,0.0,0.0,0.678282610059596,0,0,0,0,0,0,0.5064218314165522,-0.3833115923581791,1.3980267239406745,0.0,0.0,0.0
image_138.png,surface,0.0,0.0,2.682213109077005,18.100056351257496,-11.524905639773625,0.0,0.5550933784476036,-2.832420033016917,0.0,0.0,0.0,1.1494696287527493,0,0,0,0,0,0,0.7877721126329492,-0.7265043518061014,3.19091215647648,0.0,0.0,0.0
image_140.png,surface,0.0,0.0,2.5742692275389283,-0.4443971836036176,-24.236460581033665,0.0,-0.0170204178923727,-2.5117681728535346,0.0,0.0,0.0,3.9920996584492014,0,0,0,0,0,0,1.2495074491140783,-1.0805515184641867,4.134287029652906,0.0,0.0,0.0
image_141.png,surface,0.0,0.0,0.8510629614342342,13.901485103454473,15.533503697603676,0.0,-0.164558876693862,-2.529733729032572,0.0,0.0,0.0,-4.419430821508436,0,0,0,0,0,0,0.0536580364473606,-0.2529831969165071,0.4428146977359621,0.0,0.0,0.0
image_142.png,surface,0.0,0.0,0.9291201865305464,2.528784127955125,-4.984923929980782,0.0,0.7865083608502216,4.278973805806686,0.0,0.0,0.0,2.0935831380822307,0,0,0,0,0,0,0.0051721431430576,0.1435896494680007,0.2636630376139854,0.0,0.0,0.0
image_143.png,surface,0.0,0.0,2.7960306942951583,8.212674264458798,-1.423554855879087,0.0,1.7123031246600129,-0.8395779469408317,0.0,0.0,0.0,-3.5063380214494333,0,0,0,0,0,0,0.9645548542829644,-0.2765231026401116,2.5041942715599097,0.0,0.0,0.0
image_144.png,surface,0.0,0.0,1.3867617049482912,14.617472735580842,19.339162273212303,0.0,1.1322715699368082,-3.781059734631411,0.0,0.0,0.0,-2.7577043311853133,0,0,0,0,0,0,0.2119954713756285,-0.4274843103960571,0.8801909147700944,0.0,0.0,0.0
image_145.png,surface,0.0,0.0,1.0424969168643603,-15.67119037619547,3.2959223222438028,0.0,1.9767090814873656,2.3011454231158504,0.0,0.0,0.0,0.9475954565021318,0,0,0,0,0,0,0.1317462120160787,0.1261754048569141,0.3555444440759751,0.0,0.0,0.0
image_146.png,surface,0.0,0.0,2.780173088228562,-18.95666308541297,4.398755722584698,0.0,3.489098551341169,0.7078521801124683,0.0,0.0,0.0,-3.029341975472838,0,0,0,0,0,0,1.2428780963022037,-0.1329145759421802,2.590986662411361,0.0,0.0,0.0
image_147.png,surface,0.0,0.0,2.92526131097208,23.05961583478793,-2.0270805112039487,0.0,4.1818319072691486,1.5638798127340274,0.0,0.0,0.0,-2.947276657367653,0,0,0,0,0,0,2.301154741112561,1.7867958832471436,7.286189726625954,0.0,0.0,0.0
image_148.png,surface,0.0,0.0,2.0944241146627185,10.487147315289407,20.896184772447228,0.0,-1.5525338453191466,1.560544854967394,0.0,0.0,0.0,-2.1952101763888643,0,0,0,0,0,0,-1.2076539524016383,1.035488424414576,3.358559381133124,0.0,0.0,0.0
image_149.png,surface,0.0,0.0,1.470846502778502,-9.820586834221684,-12.00754521046708,0.0,-1.3472395767630745,3.611392498558613,0.0,0.0,0.0,-4.334338097022524,0,0,0,0,0,0,-0.180560833558987,0.339667436758361,0.6593848021693967,0.0,0.0,0.0
image_150.png,surface,0.0,0.0,2.2209643884965544,13.06375617328406,14.036064127495091,0.0,0.1564597065059364,1.623116919973697,0.0,0.0,0.0,-4.325791463828065,0,0,0,0,0,0,-0.0484303443195386,1.0269040041035824,2.463533505762494,0.0,0.0,0.0
image_151.png,surface,0.0,0.0,0.5388946922570255,-5.236204086539658,20.046318897781177,0.0,0.3874239213119632,3.357168891372836,0.0,0.0,0.0,-3.2001460934882786,0,0,0,0,0,0,-0.0062526850384735,0.1166424037419018,0.2484763789183821,0.0,0.0,0.0
image_153.png,surface,0.0,0.0,1.4217861102933933,-17.292366417019476,7.154643173509148,0.0,1.122841511206905,-4.419479126650884,0.0,0.0,0.0,3.443635636454644,0,0,0,0,0,0,0.1652414888839782,-0.3305686119317549,0.8027525767455649,0.0,0.0,0.0
image_154.png,surface,0.0,0.0,2.5805612535331943,1.2889289698330395,18.280843487547333,0.0,-0.120822847919628,2.903923896269226,0.0,0.0,0.0,4.473714915568474,0,0,0,0,0,0,-0.4131588907222115,1.2998671757992593,2.614567182309257,0.0,0.0,0.0
image_155.png,surface,0.0,0.0,1.2607897659289389,9.09239749982667,-20.27019128898126,0.0,1.9837296591272409,-0.7699082378504656,0.0,0.0,0.0,1.2781485604009992,0,0,0,0,0,0,0.5868369767853978,-0.2056627007876817,1.301967367409655,0.0,0.0,0.0
image_156.png,surface,0.0,0.0,0.6446797293721893,10.245988848552043,19.99760078197414,0.0,-2.7887821907028845,3.859268247335498,0.0,0.0,0.0,-1.556985553725644,0,0,0,0,0,0,-0.1300645235732131,0.1238314821405167,0.4581598996998185,0.0,0.0,0.0
image_157.png,surface,0.0,0.0,1.4468381833347097,14.151955104443664,-19.74056104382692,0.0,-3.4621984636418315,-1.48063824351853,0.0,0.0,0.0,-2.380975831188197,0,0,0,0,0,0,-0.4709831010268974,-0.13159316984703,1.0467305695527431,0.0,0.0,0.0
image_158.png,surface,0.0,0.0,1.1031353812045468,2.231953934190376,24.15362879156261,0.0,2.7335999133735696,-3.531048983719564,0.0,0.0,0.0,-1.83337270102922,0,0,0,0,0,0,0.222679139130304,-0.2594203323228818,0.6407034925608951,0.0,0.0,0.0
image_161.png,surface,0.0,0.0,1.378553479850254,-11.018311449564724,1.6503707202252478,0.0,-1.0069776378505235,-1.6623607321999083,0.0,0.0,0.0,0.3655851603208351,0,0,0,0,0,0,-0.0758334955432833,-0.229235641663665,0.558685263787257,0.0,0.0,0.0
image_162.png,surface,0.0,0.0,2.3345999523480265,-17.401842574871758,2.762155295186795,0.0,4.39431421037041,1.7768577438751134,0.0,0.0,0.0,-4.060724630098452,0,0,0,0,0,0,0.779454983818233,0.1161767654036109,1.5839912785899692,0.0,0.0,0.0
image_163.png,surface,0.0,0.0,0.6580120530422899,6.833483769534665,0.0756773862115138,0.0,2.2679296374190194,-2.2513134207551144,0.0,0.0,0.0,-1.3229724879163527,0,0,0,0,0,0,0.0750436346366343,-0.044663526016077,0.1771341412083642,0.0,0.0,0.0
image_165.png,surface,0.0,0.0,1.3560838070366166,8.388534463423486,21.759129913039228,0.0,1.9820326858378403,-1.9476919575775669,0.0,0.0,0.0,-0.0640236711154838,0,0,0,0,0,0,0.2858223549624251,-0.2669366160402955,0.8556926303193569,0.0,0.0,0.0
image_166.png,surface,0.0,0.0,2.117053812335866,-1.7244680251520716,-5.165452858326124,0.0,-2.0479093887782214,4.224287157521871,0.0,0.0,0.0,-3.2053077052516232,0,0,0,0,0,0,-0.3132437688660922,0.5090339436967558,1.0360121514173375,0.0,0.0,0.0
image_167.png,surface,0.0,0.0,2.719801927608204,18.617267754445788,14.660828368684175,0.0,-1.5287664441046886,2.8183678393071854,0.0,0.0,0.0,3.051012461244208,0,0,0,0,0,0,-1.536470460626664,2.0616011579635627,7.376036866646,0.0,0.0,0.0
image_168.png,surface,0.0,0.0,0.857474475319153,-14.01681947631946,1.9094567573008183,0.0,-2.882525037416256,1.4985131978963415,0.0,0.0,0.0,2.559447498482652,0,0,0,0,0,0,-0.1169062626890358,0.078510399281853,0.2539115101145442,0.0,0.0,0.0
image_169.png,surface,0.0,0.0,2.540634378499559,14.101668961840982,20.333615302916847,0.0,3.465988404684877,3.365577742297329,0.0,0.0,0.0,2.002880890893179,0,0,0,0,0,0,0.6859576720648874,1.089228751822339,3.022135031908065,0.0,0.0,0.0
image_170.png,surface,0.0,0.0,2.0243085068781657,-9.66594800522526,-10.635851396795518,0.0,3.58188238470379,0.3510577716727607,0.0,0.0,0.0,-0.5187577234903955,0,0,0,0,0,0,0.7437270943298054,-0.0902992293735859,1.6369335651675383,0.0,0.0,0.0
image_171.png,surface,0.0,0.0,0.5731067350349406,-7.043117212168978,-9.495663772061134,0.0,1.9900044090140163,2.87698649347046,0.0,0.0,0.0,-0.970481870351735,0,0,0,0,0,0,0.0583150198276039,0.0660372696051316,0.1783332642372627,0.0,0.0,0.0
image_173.png,surface,0.0,0.0,1.8442200825848147,-16.752225607284668,9.259438237869931,0.0,-0.3921771353566597,1.5245062882382514,0.0,0.0,0.0,-3.501717685910383,0,0,0,0,0,0,-0.2523301218745125,0.5428430625026709,0.9466473402133896,0.0,0.0,0.0
image_174.png,surface,0.0,0.0,2.4998220614503115,9.18482862612983,16.259613228375866,0.0,-0.7484133445631204,0.3943999926058388,0.0,0.0,0.0,3.199274766311195,0,0,0,0,0,0,-0.8401175189608782,0.2720963922213587,3.277416489840544,0.0,0.0,0.0
image_175.png,surface,0.0,0.0,1.522170082173616,-17.192207181433965,6.001445179093045,0.0,-0.5714641007257417,4.875034068879469,0.0,0.0,0.0,-0.248681110805319,0,0,0,0,0,0,-0.0798269348863415,0.2724566326925365,0.6946908249066686,0.0,0.0,0.0
image_176.png,surface,0.0,0.0,2.1637569844701288,6.033673537148504,2.339336661325356,0.0,2.3716201708072093,0.2288149006439742,0.0,0.0,0.0,3.0630918884189224,0,0,0,0,0,0,0.634137317784731,0.0189999319252669,1.1713321803768373,0.0,0.0,0.0
image_177.png,surface,0.0,0.0,0.9970105134638464,5.441130940929871,20.37427426171927,0.0,-1.2652252065353344,-3.238608775964696,0.0,0.0,0.0,-4.287409582852048,0,0,0,0,0,0,-0.0352264267355551,-0.262034828668286,0.5137125676941167,0.0,0.0,0.0
image_178.png,surface,0.0,0.0,0.979611436869972,8.012516589800098,11.475892780717492,0.0,-1.871437889546756,-0.8230768375182612,0.0,0.0,0.0,-0.6480645600409298,0,0,0,0,0,0,-0.1961754248927435,-0.0560842501241609,0.4205739801049948,0.0,0.0,0.0
image_179.png,surface,0.0,0.0,1.350656020314038,-18.161012544716417,-0.4669640023802708,0.0,2.289502076307261,-2.35507964196569,0.0,0.0,0.0,1.699537057306829,0,0,0,0,0,0,0.2579261113807722,-0.2390518012276379,0.7696728587751672,0.0,0.0,0.0
image_180.png,surface,0.0,0.0,1.798601265819287,20.12680436636706,-2.3599649290254967,0.0,2.0401612238342106,0.5435316343509369,0.0,0.0,0.0,4.521215659568975,0,0,0,0,0,0,0.8156196557348083,0.4883350610777245,2.031686206083208,0.0,0.0,0.0
image_181.png,surface,0.0,0.0,2.291316976448318,-20.58301180136723,-10.197608027673942,0.0,0.1775708868373124,2.8707222751933275,0.0,0.0,0.0,-2.3330687513276627,0,0,0,0,0,0,0.0525074876122418,0.7916921460643506,1.810082911133689,0.0,0.0,0.0
image_182.png,surface,0.0,0.0,2.167012056930819,13.49611572197575,-3.0070624233389225,0.0,-2.95522405386228,1.2134526610962335,0.0,0.0,0.0,-1.7915275155735122,0,0,0,0,0,0,-0.7945521325541851,0.5196303620978651,1.792424317255607,0.0,0.0,0.0
image_183.png,surface,0.0,0.0,2.553361407920879,17.01605596643582,2.496037891852514,0.0,2.351082589823838,3.90379903316438,0.0,0.0,0.0,2.577694191734345,0,0,0,0,0,0,0.672169348723383,1.6818384848323575,4.16528558810201,0.0,0.0,0.0
image_184.png,surface,0.0,0.0,1.5659922894576987,-6.21100269564335,-19.105073714298207,0.0,-0.1778930624971944,-3.912436513940857,0.0,0.0,0.0,-2.221452838946841,0,0,0,0,0,0,0.2139587094672998,-0.6316840258641087,1.2480023651016643,0.0,0.0,0.0
image_185.png,surface,0.0,0.0,2.7813231361145867,16.92466936645901,-9.790935402074304,0.0,2.318393787438601,-1.4588556842674434,0.0,0.0,0.0,2.626593972760247,0,0,0,0,0,0,1.6678963147991015,-0.0238749765548746,4.613833523038527,0.0,0.0,0.0
image_187.png,surface,0.0,0.0,0.968008272011017,11.86933179753956,5.559035777885612,0.0,-2.1887495557576107,-4.22606256983418,0.0,0.0,0.0,0.0320221077353366,0,0,0,0,0,0,-0.0557810729883538,-0.2110159685755344,0.4010887891363375,0.0,0.0,0.0
image_188.png,surface,0.0,0.0,2.209293938224872,-5.804396645822576,-2.430133139885098,0.0,3.825062284544018,-2.851685983387572,0.0,0.0,0.0,1.1995792089471884,0,0,0,0,0,0,0.5076682593212639,-0.417059360166819,1.4183247282846,0.0,0.0,0.0
image_189.png,surface,0.0,0.0,1.1344317001554345,0.0956717782227802,12.91412973875284,0.0,3.4599099519170333,2.4772568623812896,0.0,0.0,0.0,2.157885779916943,0,0,0,0,0,0,0.2156388760201718,0.0610961546707664,0.3635653936473041,0.0,0.0,0.0
image_191.png,surface,0.0,0.0,2.716234362332143,-15.735188075496197,-8.58161952069499,0.0,2.741721107772071,3.663834461951771,0.0,0.0,0.0,2.4649447439722403,0,0,0,0,0,0,0.839592466913106,0.7952505039062906,2.422113518680483,0.0,0.0,0.0
image_192.png,surface,0.0,0.0,0.6710021162054032,1.3914450699908316,-8.939210233434826,0.0,-2.7559120614412222,1.626238269322491,0.0,0.0,0.0,-4.644116549322028,0,0,0,0,0,0,-0.1101886402575347,0.0444716075117813,0.1934105057477338,0.0,0.0,0.0
image_193.png,surface,0.0,0.0,2.9786777685892805,17.472056865322426,-16.999859142259094,0.0,-2.325122933803395,4.127776023122492,0.0,0.0,0.0,0.6838933899285795,0,0,0,0,0,0,-0.108834158163281,2.9384547806553543,7.437071558915798,0.0,0.0,0.0
image_194.png,surface,0.0,0.0,2.656473278425268,3.324578539619353,0.3476927203698928,0.0,-3.002797477866696,-1.845558204231316,0.0,0.0,0.0,4.457779380181327,0,0,0,0,0,0,-0.8963209164224403,-0.4928750348760621,1.8441808788269485,0.0,0.0,0.0
image_197.png,surface,0.0,0.0,1.06213919958736,-8.696532729621222,-21.292417127218844,0.0,1.344657194095312,1.7309734165128778,0.0,0.0,0.0,0.5377673030540189,0,0,0,0,0,0,0.3253854072345821,0.2711997237996495,0.9590405111824536,0.0,0.0,0.0
image_198.png,surface,0.0,0.0,2.4952288868180483,13.20267420279714,5.55839294581718,0.0,1.6660013585540918,-3.6482984342524953,0.0,0.0,0.0,0.2437216546079215,0,0,0,0,0,0,0.501570046117135,-0.7520405245948789,1.7548160676230025,0.0,0.0,0.0
image_199.png,surface,0.0,0.0,0.6345014129357662,18.38449640490148,-6.2129982910782005,0.0,-0.1608974327703853,-3.6009197513724924,0.0,0.0,0.0,-3.911643445335797,0,0,0,0,0,0,0.0683123151951912,-0.2090841987126242,0.4298856058601287,0.0,0.0,0.0
image_202.png,surface,0.0,0.0,2.376017079949407,19.28966255006126,16.108158128332807,0.0,4.2327862931967175,2.5981849633307688,0.0,0.0,0.0,-0.5392158408840606,0,0,0,0,0,0,1.0027512493409196,0.6767298157862824,2.8353665958986194,0.0,0.0,0.0
image_204.png,surface,0.0,0.0,1.466963759366849,2.105015959155108,14.966932506011082,0.0,-0.5059218385639356,4.57576630961557,0.0,0.0,0.0,0.2825736818712654,0,0,0,0,0,0,-0.0703912169263716,0.2891330922338307,0.701798475932709,0.0,0.0,0.0
image_205.png,surface,0.0,0.0,1.6927360038187351,8.662676596773192,-17.632073976949926,0.0,4.538663746663474,-1.7725015071394237,0.0,0.0,0.0,-4.101116850027657,0,0,0,0,0,0,0.770787820305003,-0.3636934311526811,1.7412394046514874,0.0,0.0,0.0
image_206.png,surface,0.0,0.0,0.8808980636938886,11.194278070304671,8.389543179407006,0.0,4.385521059548448,-1.6974439863487805,0.0,0.0,0.0,-4.804421780450192,0,0,0,0,0,0,0.1871658361309661,-0.106819951767952,0.3244431674530721,0.0,0.0,0.0
image_207.png,surface,0.0,0.0,1.536800466958621,17.704926809119463,0.3268090982016293,0.0,-2.8519777014022534,-1.14566850867376,0.0,0.0,0.0,1.4538332060550765,0,0,0,0,0,0,-0.5551314425499059,-0.1088461077805157,1.0371509833442252,0.0,0.0,0.0
image_208.png,surface,0.0,0.0,2.7761942151533083,-17.041990957263483,-0.3013211808596077,0.0,-3.0711696635035017,0.7776437110297233,0.0,0.0,0.0,-2.8392985929226136,0,0,0,0,0,0,-1.236463329979418,0.0724193464242082,2.5002150588271426,0.0,0.0,0.0
image_211.png,surface,0.0,0.0,1.8308376525791905,-11.29809552661804,-6.092839945712069,0.0,3.3232614896651094,1.9653783539134475,0.0,0.0,0.0,3.235053665202365,0,0,0,0,0,0,0.479096296582478,0.1576626243813504,1.0166520086602595,0.0,0.0,0.0
image_213.png,surface,0.0,0.0,1.2356713569091855,-12.08542986041328,-3.1679109235972533,0.0,1.016332296641928,3.149065083554656,0.0,0.0,0.0,-4.945136890490915,0,0,0,0,0,0,0.0295969556494376,0.2427470189865758,0.4106326472844053,0.0,0.0,0.0
image_214.png,surface,0.0,0.0,2.459091854225846,19.76597980150827,8.356530742304816,0.0,-1.069267641544004,-1.6468960935411192,0.0,0.0,0.0,-0.4178075036510984,0,0,0,0,0,0,-0.5598219075100068,-0.1581628709745145,2.9074479578592234,0.0,0.0,0.0
image_215.png,surface,0.0,0.0,2.1047856256156314,-7.397771110652961,-1.7743410427361206,0.0,-0.7632493675628409,3.5128193651931485,0.0,0.0,0.0,3.964301892999581,0,0,0,0,0,0,-0.1821588180522078,0.5197939647572651,0.9359512521157656,0.0,0.0,0.0
image_216.png,surface,0.0,0.0,0.5599621289692756,-15.783637540566112,6.597424119047232,0.0,0.5720387771232879,3.72813216434785,0.0,0.0,0.0,4.524545703067526,0,0,0,0,0,0,0.0208156503866915,0.1151794184222713,0.1704328968699572,0.0,0.0,0.0
image_217.png,surface,0.0,0.0,1.9246899967629525,18.820262681124504,-0.2956580185129125,0.0,-4.278162221314226,-0.7552416305739214,0.0,0.0,0.0,-0.6445285788081669,0,0,0,0,0,0,-0.8053271137084739,0.0854005882065648,1.7608451778241665,0.0,0.0,0.0
image_220.png,surface,0.0,0.0,2.4592174892336334,19.87695922244144,-6.934843598603534,0.0,-4.524969750623463,-0.280937545824885,0.0,0.0,0.0,3.31496664804099,0,0,0,0,0,0,-1.2806270557020567,0.2604680185840367,2.5326382736867443,0.0,0.0,0.0
image_221.png,surface,0.0,0.0,0.8197702480692616,-16.77186259001878,-16.43842447331592,0.0,2.289081831742787,3.274754412504733,0.0,0.0,0.0,-3.6907578040057376,0,0,0,0,0,0,0.1300508265632712,0.2567114498278239,0.5507670323897264,0.0,0.0,0.0
image_222.png,surface,0.0,0.0,1.4638641942024866,19.388630829997272,-10.509918641306768,0.0,-1.6324223967946794,1.548981984970344,0.0,0.0,0.0,3.9640554008107394,0,0,0,0,0,0,-0.585170507242468,0.8584467504068495,1.7146398636454547,0.0,0.0,0.0
image_223.png,surface,0.0,0.0,1.7249240787616764,-8.14516190095816,-6.427039022071788,0.0,-4.004855501869923,1.7586153657307613,0.0,0.0,0.0,2.5434437544805206,0,0,0,0,0,0,-0.3442401023645926,0.1616315619742837,0.7031137151580746,0.0,0.0,0.0
image_225.png,surface,0.0,0.0,2.260709633659558,14.8420178597351,-4.15556411532375,0.0,1.3972216451416888,-3.7173327120271393,0.0,0.0,0.0,2.5164015785150724,0,0,0,0,0,0,0.4554735201026955,-0.6583622710636946,1.6030164707803152,0.0,0.0,0.0
image_227.png,surface,0.0,0.0,0.51116148847391,8.564942733237185,-2.701265244288834,0.0,0.6884165500049192,-2.436149006268595,0.0,0.0,0.0,-0.4366301194473401,0,0,0,0,0,0,0.0377695049147663,-0.0645443953381107,0.1717057090235367,0.0,0.0,0.0
image_231.png,surface,0.0,0.0,1.511319696250414,10.245207877403576,4.120516793024423,0.0,-1.7032109123581871,-1.045940797509994,0.0,0.0,0.0,-3.3667071300211147,0,0,0,0,0,0,-0.338858699347423,-0.1896028974241241,0.6457947411752126,0.0,0.0,0.0
image_232.png,surface,0.0,0.0,0.9256299074406328,2.135917465714457,-19.817936887050426,0.0,0.3404528299103636,2.990053824150104,0.0,0.0,0.0,-4.566584305613307,0,0,0,0,0,0,-0.0001712126242736,0.3446510254600703,0.6333412791041381,0.0,0.0,0.0
image_233.png,surface,0.0,0.0,0.802317794930132,2.66053094552446,-11.776756644303092,0.0,3.635725326601624,0.1674754403946545,0.0,0.0,0.0,-1.5840080180939689,0,0,0,0,0,0,0.1686672632594446,-0.0262110337588009,0.3586550183390213,0.0,0.0,0.0
image_234.png,surface,0.0,0.0,2.753390409214392,-10.648917903247664,-7.118947220925903,0.0,-0.5869744774713311,-2.7164309576206525,0.0,0.0,0.0,2.484475374876519,0,0,0,0,0,0,0.3491938542935772,-1.589154432077524,3.795379580226481,0.0,0.0,0.0
image_235.png,surface,0.0,0.0,2.52561021110621,24.71244298393556,1.527800920262521,0.0,4.456334147215379,0.1271616282442018,0.0,0.0,0.0,0.0095978813547672,0,0,0,0,0,0,1.4959607927785237,0.2860655423700891,3.819384370842232,0.0,0.0,0.0
image_236.png,surface,0.0,0.0,2.0482515182658263,8.77856963006598,-11.098609063858142,0.0,0.0500884298272816,-4.037031475285672,0.0,0.0,0.0,0.9794793162399272,0,0,0,0,0,0,0.2041623035788602,-0.5972472391629978,1.3243375992597586,0.0,0.0,0.0
image_237.png,surface,0.0,0.0,1.8492391426733967,8.870893466507765,-21.70837392896093,0.0,1.815722345635984,-2.9539501650247817,0.0,0.0,0.0,2.29846057516538,0,0,0,0,0,0,1.0188163201127656,-0.5682234981445196,2.465983110907189,0.0,0.0,0.0
image_238.png,surface,0.0,0.0,2.442884403825916,4.5396667727725575,-23.65866892697617,0.0,3.796970360791508,-0.6404790777001715,0.0,0.0,0.0,-3.534924035807119,0,0,0,0,0,0,2.5887249867325703,-0.4407424182173978,6.367554302308318,0.0,0.0,0.0
image_239.png,surface,0.0,0.0,1.2953763457591685,3.1145238605538315,-0.403268238213764,0.0,4.303472293162728,-0.4406563279519017,0.0,0.0,0.0,-2.050024984064046,0,0,0,0,0,0,0.2067906075977097,-0.0697702418239309,0.3842653386713066,0.0,0.0,0.0
image_241.png,surface,0.0,0.0,2.342113603479919,18.75753157361165,6.690029477167565,0.0,0.8337980741414787,0.502301801669796,0.0,0.0,0.0,2.017930810677022,0,0,0,0,0,0,0.2843796032485456,0.7171034913006042,3.1057118973188977,0.0,0.0,0.0
image_243.png,surface,0.0,0.0,0.9218298837136848,-16.683730968786676,14.205102401643744,0.0,1.4695665863413894,2.452069547905028,0.0,0.0,0.0,-4.552990067321031,0,0,0,0,0,0,0.0806868027326936,0.1874414545970568,0.374029249351994,0.0,0.0,0.0
image_244.png,surface,0.0,0.0,2.964761991002703,10.758315074215597,7.192423027306991,0.0,-4.389787654048538,-1.9491869244251785,0.0,0.0,0.0,0.1640848764585234,0,0,0,0,0,0,-1.9374580361255127,-0.474608168713105,4.053505884972397,0.0,0.0,0.0
image_245.png,surface,0.0,0.0,2.527988904288826,1.7958106120504298,0.4426319369557771,0.0,-3.1058169088205454,-0.6920138885852594,0.0,0.0,0.0,4.07437172720871,0,0,0,0,0,0,-1.0081341742480834,-0.0721770886400974,1.658846031243111,0.0,0.0,0.0
image_246.png,surface,0.0,0.0,1.72656735810025,-21.233325993704167,-6.492686242991148,0.0,-4.576169329415675,0.5413762058825731,0.0,0.0,0.0,1.6510275752492325,0,0,0,0,0,0,-0.5533645282674016,0.0947920100970966,1.1778972114847734,0.0,0.0,0.0
image_247.png,surface,0.0,0.0,2.0499254389539656,5.355816879938359,19.13946473204525,0.0,3.756707898019017,0.8463931364284298,0.0,0.0,0.0,4.461726585508149,0,0,0,0,0,0,0.6576961748847839,0.043412909533167,1.198358225104509,0.0,0.0,0.0
image_248.png,surface,0.0,0.0,2.4001899766624604,5.637695010749328,-4.0032855915009415,0.0,1.6653417557818284,-1.0217782012042973,0.0,0.0,0.0,3.211488553107637,0,0,0,0,0,0,0.8257934903416465,-0.3593941420359604,1.805527583426141,0.0,0.0,0.0
image_249.png,surface,0.0,0.0,1.6464629591490183,4.238510908643884,2.5009159758898925,0.0,4.018100060499751,1.7430876060438456,0.0,0.0,0.0,3.754576270448908,0,0,0,0,0,0,0.3304746073729916,0.0722431589448549,0.6034904845970324,0.0,0.0,0.0
image_251.png,surface,0.0,0.0,2.43231974458362,4.199688104180319,-7.262174483679001,0.0,3.69229184856221,0.1459469785088767,0.0,0.0,0.0,-1.785943269701824,0,0,0,0,0,0,0.9627194549507506,-0.1368787942276307,2.106436007558772,0.0,0.0,0.0
image_253.png,surface,0.0,0.0,0.969420319554622,-24.07742911693217,-3.2736176207953727,0.0,4.7528288598467805,0.0746140514598921,0.0,0.0,0.0,-1.9243704537510489,0,0,0,0,0,0,0.326006338351948,-0.08435290194541,0.6564461691972727,0.0,0.0,0.0
image_255.png,surface,0.0,0.0,1.885722098221175,24.49261581773741,-1.8071216189450017,0.0,0.7558945689211969,-1.4921992045386494,0.0,0.0,0.0,1.820421421813956,0,0,0,0,0,0,0.4041645208603692,-0.126606434940332,2.0133309150263243,0.0,0.0,0.0
image_257.png,surface,0.0,0.0,0.6464550579342334,3.5595396479719543,10.183026231659673,0.0,2.570404817752104,-3.941025246648239,0.0,0.0,0.0,1.5469800815197416,0,0,0,0,0,0,0.0781756842433468,-0.0519312595394031,0.1765959872978157,0.0,0.0,0.0
image_258.png,surface,0.0,0.0,2.443907985826347,-4.103575107641294,-2.7500567319808304,0.0,-2.198713544217076,-2.181139841698761,0.0,0.0,0.0,-2.8712942958149004,0,0,0,0,0,0,-0.580504392522263,-0.8403387675958097,1.6707122133205157,0.0,0.0,0.0
image_259.png,surface,0.0,0.0,1.8467706339127927,-20.75749890400092,7.27465858977848,0.0,1.2630311706565358,0.7907622557702434,0.0,0.0,0.0,-0.56688780491403,0,0,0,0,0,0,0.5278028639358446,0.2058845082393678,1.1465458384387115,0.0,0.0,0.0
image_260.png,surface,0.0,0.0,1.576628630670965,-5.691847579208496,9.808045587148614,0.0,-0.7491993596481216,0.5399306551807292,0.0,0.0,0.0,0.2258948938233373,0,0,0,0,0,0,-0.3765133015676766,0.1793148071118831,0.7379083800301363,0.0,0.0,0.0
image_261.png,surface,0.0,0.0,2.537230551367648,11.761657454795232,-12.84001716179305,0.0,2.843184669812594,0.4503018830282189,0.0,0.0,0.0,-1.2854299743856878,0,0,0,0,0,0,2.004614475870609,0.5045049816158784,5.020356326869136,0.0,0.0,0.0
image_263.png,surface,0.0,0.0,1.179203395329362,9.518434678833952,11.661420358886245,0.0,-4.009200483849825,-2.481589355233426,0.0,0.0,0.0,4.124433057068222,0,0,0,0,0,0,-0.2853429596144587,-0.1608811920845378,0.574791920039483,0.0,0.0,0.0
image_264.png,surface,0.0,0.0,2.099317609329031,-2.409042786089881,-1.4054200106422108,0.0,3.5687842591186136,-1.0732211617010696,0.0,0.0,0.0,4.363045673713767,0,0,0,0,0,0,0.5501746468409346,-0.234002142221171,1.1000948938443955,0.0,0.0,0.0
image_266.png,surface,0.0,0.0,1.257673223014434,-14.698410856696322,5.744827909163833,0.0,1.06649231291749,-4.734754085957094,0.0,0.0,0.0,3.738929195272295,0,0,0,0,0,0,0.1254531968927763,-0.2626184496936443,0.5215414789405194,0.0,0.0,0.0
image_267.png,surface,0.0,0.0,1.1365398377537996,19.20085401109042,-5.0010915837784005,0.0,-2.3205063335254934,0.916945801278087,0.0,0.0,0.0,0.5106236175116567,0,0,0,0,0,0,-0.4058127277233766,0.2213638367825557,0.948188112820354,0.0,0.0,0.0
image_268.png,surface,0.0,0.0,1.7143269666571936,-15.738772250694709,1.7340142121897282,0.0,-2.7413194766029787,-1.7985077430930023,0.0,0.0,0.0,-2.818831770132817,0,0,0,0,0,0,-0.4566103719278722,-0.3104077303657492,1.0384081644713556,0.0,0.0,0.0
image_269.png,surface,0.0,0.0,2.438842180752422,21.17641499665225,-5.544367052295488,0.0,-3.917228748402304,-0.1242816434457705,0.0,0.0,0.0,-2.5400037714960333,0,0,0,0,0,0,-1.5287118654395806,0.5065515879608671,2.9628264515588216,0.0,0.0,0.0
image_270.png,surface,0.0,0.0,2.513314895043922,13.3068967825639,13.094042087210529,0.0,-1.9856706970159608,-3.051822102018842,0.0,0.0,0.0,3.9543242844333584,0,0,0,0,0,0,-0.9444430780182874,-0.826728284815762,2.5533605487485294,0.0,0.0,0.0
image_271.png,surface,0.0,0.0,2.4764242517136688,-8.80962249370463,0.3132608399967208,0.0,2.390707322946683,0.8155886539755589,0.0,0.0,0.0,4.962946231014422,0,0,0,0,0,0,0.8180881613043357,0.1287946205098011,1.585927292865677,0.0,0.0,0.0
image_272.png,surface,0.0,0.0,2.714113126685063,13.717348897055803,-15.449069698619304,0.0,-3.44027563944626,-1.7230487289267271,0.0,0.0,0.0,0.9773468840572984,0,0,0,0,0,0,-0.9806488409646869,-0.2293300278133183,2.582036783268296,0.0,0.0,0.0
image_273.png,surface,0.0,0.0,0.6268545765985538,9.828570196839678,21.038163393061467,0.0,0.5627384447756497,-1.5012161041103114,0.0,0.0,0.0,2.050164803270259,0,0,0,0,0,0,0.0626980630090092,-0.1789341163082804,0.3973284107738329,0.0,0.0,0.0
image_274.png,surface,0.0,0.0,2.9555421497750283,6.450781846244607,2.0789340043419453,0.0,-1.5084683457825196,-0.1391290502298414,0.0,0.0,0.0,-3.6309290153104303,0,0,0,0,0,0,-0.5161375771353337,0.1040276948407,2.9464629998721,0.0,0.0,0.0
image_276.png,surface,0.0,0.0,0.9824552698644488,0.7824883202595295,-24.986698747970173,0.0,1.589418230633226,-2.822363720624355,0.0,0.0,0.0,-0.3396721656796817,0,0,0,0,0,0,0.3783228287700003,-0.4112593312706057,1.249348866379924,0.0,0.0,0.0
image_277.png,surface,0.0,0.0,2.925056958419079,10.175131372444708,3.822136817223933,0.0,-2.0369376759822244,3.999997416630945,0.0,0.0,0.0,-0.924344133148402,0,0,0,0,0,0,-0.9677919142992308,2.0554754968510447,4.613051971716152,0.0,0.0,0.0
image_278.png,surface,0.0,0.0,2.5629558071903293,-9.387427474910083,3.4298461256649286,0.0,3.721873433678749,0.5042963160340894,0.0,0.0,0.0,1.502535610172493,0,0,0,0,0,0,0.8253475765735382,-0.0733569155107671,1.861642968372547,0.0,0.0,0.0
image_279.png,surface,0.0,0.0,2.8243088809595456,-7.868964565686696,-4.118928498520807,0.0,1.5972899658387405,0.5000547196610127,0.0,0.0,0.0,4.679432275072209,0,0,0,0,0,0,0.948186927402404,0.0116378122522871,2.62457550524319,0.0,0.0,0.0
image_280.png,surface,0.0,0.0,1.807884314384408,-0.6765358754271213,-8.462242432222075,0.0,-1.988220938788129,-2.1731929561737737,0.0,0.0,0.0,-2.120564408500191,0,0,0,0,0,0,-0.2402797969056349,-0.4108912252869569,0.8747669485928238,0.0,0.0,0.0
image_283.png,surface,0.0,0.0,1.848625284528639,-7.923734020145542,-1.8461178651424763,0.0,-0.717398168149669,-1.837436222937023,0.0,0.0,0.0,2.449641539548633,0,0,0,0,0,0,-0.0880147030516056,-0.5934434773319583,0.9919103267976976,0.0,0.0,0.0
image_284.png,surface,0.0,0.0,2.87875241101759,6.519410286216859,-7.626036928192645,0.0,-1.983544859260987,1.8535879239378168,0.0,0.0,0.0,-0.905622272282436,0,0,0,0,0,0,-0.7134658336981868,1.0646568908625225,3.0918717399015505,0.0,0.0,0.0
image_285.png,surface,0.0,0.0,2.345892459105245,5.0640377494483895,6.640135337999979,0.0,-3.825590546711906,2.619218232936344,0.0,0.0,0.0,-3.624389903311328,0,0,0,0,0,0,-0.7800059079958964,0.5435509586250725,1.7537263617792356,0.0,0.0,0.0
image_287.png,surface,0.0,0.0,1.4818381610803495,-14.509483940042472,13.440861527493098,0.0,1.513351667804651,-0.6456972412470615,0.0,0.0,0.0,2.249312963059608,0,0,0,0,0,0,0.3867693182341666,-0.2474002561644978,0.7371737217871055,0.0,0.0,0.0
image_289.png,surface,0.0,0.0,0.7893259364385428,1.64717348009318,24.53235307175244,0.0,4.369544926244494,2.316510402016512,0.0,0.0,0.0,-1.5810165161176035,0,0,0,0,0,0,0.2203658663401179,0.0374020849027278,0.4411466439136397,0.0,0.0,0.0
image_290.png,surface,0.0,0.0,1.249165363841555,-20.619184124190063,-7.560983499981142,0.0,2.0964018944501217,-0.8261702448431559,0.0,0.0,0.0,3.2868470350529915,0,0,0,0,0,0,0.4496857724572495,-0.2471690100978464,0.9561041112141078,0.0,0.0,0.0
image_291.png,surface,0.0,0.0,2.232010862993312,2.2419823440352107,-15.30676745160898,0.0,0.4720352015004993,1.270437368247468,0.0,0.0,0.0,-0.1392313782437151,0,0,0,0,0,0,0.6764610785051759,0.6590276934187524,2.494386918966016,0.0,0.0,0.0
image_292.png,surface,0.0,0.0,0.978881546914274,0.1493697550133623,23.81840142357052,0.0,-3.8608473276386506,0.2325220752374559,0.0,0.0,0.0,-0.77906243178675,0,0,0,0,0,0,-0.3212610853520795,0.0134311490957053,0.7070237047737195,0.0,0.0,0.0
image_293.png,surface,0.0,0.0,0.8286553414767655,-7.845877384350639,2.3569776831119293,0.0,-4.639428453601683,1.6950794613278155,0.0,0.0,0.0,1.7216504876306526,0,0,0,0,0,0,-0.1048589815001453,0.0189055457756133,0.2053481439460421,0.0,0.0,0.0
image_294.png,surface,0.0,0.0,0.6943934424328497,16.55442842047282,1.221854782165514,0.0,0.3527944882862533,0.2592186736109281,0.0,0.0,0.0,4.4691567628396704,0,0,0,0,0,0,0.038983973129614,0.0989984861666581,0.4297114315654279,0.0,0.0,0.0
image_295.png,surface,0.0,0.0,2.6156234501003994,-13.170730370555972,-15.17394397530465,0.0,-4.151785890993512,-1.0263174856853288,0.0,0.0,0.0,0.5345638327738111,0,0,0,0,0,0,-0.8815738023850035,-0.2425912818396476,2.470350866297367,0.0,0.0,0.0
image_296.png,surface,0.0,0.0,1.102974554401177,13.55777975612492,-5.038240406412812,0.0,3.326753133414745,-2.467055421513565,0.0,0.0,0.0,3.3310076496090275,0,0,0,0,0,0,0.2620808710631461,-0.1962728519996442,0.572998818005581,0.0,0.0,0.0
image_297.png,surface,0.0,0.0,1.002126160214883,-17.99819676759638,-0.8217574386122076,0.0,0.9830384151495832,-4.244806357077814,0.0,0.0,0.0,2.4975968099942865,0,0,0,0,0,0,0.1027572514190618,-0.1964836477338706,0.479391299623035,0.0,0.0,0.0
image_298.png,surface,0.0,0.0,1.4771346697314296,-18.659252483088128,-15.914738170103233,0.0,-0.6513557632260467,3.751880071823213,0.0,0.0,0.0,1.456658086656902,0,0,0,0,0,0,-0.113361780894073,0.4380288164148576,1.104208086803858,0.0,0.0,0.0
image_300.png,surface,0.0,0.0,1.9656493930870071,9.761697785127684,17.451412740985404,0.0,4.728384237604492,0.7080742804071606,0.0,0.0,0.0,2.853298263004291,0,0,0,0,0,0,0.6272888128137845,0.0008117208870208,1.2434492703978948,0.0,0.0,0.0
image_303.png,surface,0.0,0.0,1.9049288752439868,-4.245183373317512,24.42984122804257,0.0,-2.7008113803008,-2.716031344700073,0.0,0.0,0.0,-0.0582238372998178,0,0,0,0,0,0,-0.7700710101180438,-0.6538789289551494,2.465308743766172,0.0,0.0,0.0
image_304.png,surface,0.0,0.0,2.27899541806233,-19.49129557997904,3.713754882507484,0.0,-3.5083608838517493,-0.3079783436775689,0.0,0.0,0.0,-0.2817095575919399,0,0,0,0,0,0,-0.8303408976423545,-0.281006444748657,2.156890727927419,0.0,0.0,0.0
image_305.png,surface,0.0,0.0,2.159308720225299,-20.28657602364117,8.390635661368796,0.0,-0.4476658027989091,1.108503178238979,0.0,0.0,0.0,-2.456285596203128,0,0,0,0,0,0,-0.3330998676118543,0.3414796508317098,1.5266477415655473,0.0,0.0,0.0
image_306.png,surface,0.0,0.0,2.418695798069905,0.605055961140161,-15.030042811759408,0.0,4.957443085427745,0.0769300162126563,0.0,0.0,0.0,-1.9546184042882828,0,0,0,0,0,0,1.578397008058794,-0.2320672261532726,3.477935763116208,0.0,0.0,0.0
image_307.png,surface,0.0,0.0,1.9310657821207693,-22.93849283547328,4.28640135692823,0.0,0.2945946345197655,-3.3045810392848733,0.0,0.0,0.0,1.1999326184903245,0,0,0,0,0,0,0.2212181247365024,-0.8583350601297597,1.9898039872191096,0.0,0.0,0.0
image_308.png,surface,0.0,0.0,2.518226987637208,6.675901701620536,-16.38728764217773,0.0,3.066060667099681,-3.718518946978957,0.0,0.0,0.0,3.4668411182500254,0,0,0,0,0,0,1.5071923409308745,-0.9452489729357696,3.6104422073151614,0.0,0.0,0.0
image_309.png,surface,0.0,0.0,2.7501432623383604,-18.106231225641142,9.20780313591188,0.0,0.6553861012265978,0.1626011034305239,0.0,0.0,0.0,4.92254415885623,0,0,0,0,0,0,0.3338242872487809,-0.5453820499283526,2.8463529744874108,0.0,0.0,0.0
image_310.png,surface,0.0,0.0,2.2411920735364164,21.288989118003165,3.651914830584912,0.0,2.555283376422953,-0.4226143219863489,0.0,0.0,0.0,3.634003061532278,0,0,0,0,0,0,1.14887095140102,0.2107453949465272,2.583818720283309,0.0,0.0,0.0
image_313.png,surface,0.0,0.0,2.0929641630297664,10.651019683376138,-22.23391585192211,0.0,-3.3543457009438886,-0.1526225813472248,0.0,0.0,0.0,4.73000315690205,0,0,0,0,0,0,-0.9275135737301082,0.2045159090693908,1.7749019366079966,0.0,0.0,0.0
image_314.png,surface,0.0,0.0,2.078572845686155,22.974557426116498,-7.512190283891986,0.0,2.466933540652079,-2.549506028817552,0.0,0.0,0.0,-0.3000490938833442,0,0,0,0,0,0,0.942919666134749,-0.488184043238279,2.3287605627286547,0.0,0.0,0.0
image_315.png,surface,0.0,0.0,0.5597764096290729,16.249342899149692,-17.117756025913426,0.0,-4.869233800485852,0.5144049410088561,0.0,0.0,0.0,-3.655679971697508,0,0,0,0,0,0,-0.2979929092407924,0.0630310707386649,0.5288567993179338,0.0,0.0,0.0
image_316.png,surface,0.0,0.0,2.36777347406949,10.071215031051905,10.214542997156956,0.0,1.3701657794260345,-1.5101507301990156,0.0,0.0,0.0,-4.033237652347053,0,0,0,0,0,0,0.5760619956311095,-0.4056150395213216,1.5145448610876506,0.0,0.0,0.0
image_317.png,surface,0.0,0.0,1.054686217069376,-8.867746226768555,14.783319129757942,0.0,-1.16959381479549,-4.678284596200521,0.0,0.0,0.0,0.633502363342636,0,0,0,0,0,0,-0.0120236918939905,-0.1833167798571952,0.403960431995115,0.0,0.0,0.0
image_318.png,surface,0.0,0.0,0.636225405351091,9.668164678231882,-5.460765889148044,0.0,-4.345268211404438,1.939350905501204,0.0,0.0,0.0,0.7405751896558552,0,0,0,0,0,0,-0.1239982700589487,0.0220202887141816,0.2460647348379156,0.0,0.0,0.0
image_319.png,surface,0.0,0.0,0.8829980189060278,-2.093353792965986,-5.061557062890953,0.0,-3.2277757905661044,-2.063640790576619,0.0,0.0,0.0,1.3601664845888717,0,0,0,0,0,0,-0.1341736265557806,-0.0741796481152476,0.2574530541067847,0.0,0.0,0.0
image_321.png,surface,0.0,0.0,1.8076367202468984,17.422754992640254,6.782706243179542,0.0,-2.4053630586570423,-1.3278553593351965,0.0,0.0,0.0,0.9571518250220964,0,0,0,0,0,0,-0.7303877285363972,-0.1732331928692036,1.5958864897164908,0.0,0.0,0.0
image_322.png,surface,0.0,0.0,2.617344354074718,-11.955489373639614,-19.312401344216106,0.0,2.3265762906538003,0.5975531526992869,0.0,0.0,0.0,-0.8892307404028053,0,0,0,0,0,0,2.366128790606916,-0.5759631624161142,5.814349946294672,0.0,0.0,0.0
image_323.png,surface,0.0,0.0,0.7656318749774761,-4.190145664884505,-21.28501526854317,0.0,-4.246916594578588,-1.3293703868565991,0.0,0.0,0.0,-0.7763209271423559,0,0,0,0,0,0,-0.2534745831496572,-0.0586326761648077,0.4872023468392118,0.0,0.0,0.0
image_324.png,surface,0.0,0.0,2.573791601396102,20.53391052144104,-12.943494353447308,0.0,-3.0065215582579623,3.674600024281734,0.0,0.0,0.0,4.176313392013638,0,0,0,0,0,0,-0.8824869363811306,2.52424430910558,5.775080341851078,0.0,0.0,0.0
image_325.png,surface,0.0,0.0,2.1272947499247064,-15.314776739288378,0.5366629793036052,0.0,-2.046576260557364,4.288508622176337,0.0,0.0,0.0,-4.78847421893661,0,0,0,0,0,0,-0.333784718108949,0.5055825568244232,1.0705299238209014,0.0,0.0,0.0
image_326.png,surface,0.0,0.0,1.0373238597502863,15.21684883685982,17.852667364964827,0.0,3.201527658983096,2.4816148123051955,0.0,0.0,0.0,1.9987346503136827,0,0,0,0,0,0,0.3270457892175383,0.2132466279123475,0.7247090946971396,0.0,0.0,0.0
image_327.png,surface,0.0,0.0,2.342264039180141,0.3402907070041275,-19.689473510255343,0.0,4.586065665357765,-0.3489185283072676,0.0,0.0,0.0,-4.076755232270044,0,0,0,0,0,0,1.9835119492201323,-0.4198956639639094,4.425399266210533,0.0,0.0,0.0
image_328.png,surface,0.0,0.0,2.353333219802222,-4.558850136239935,0.3568838668848319,0.0,3.902921666837418,1.3848220824795865,0.0,0.0,0.0,4.102286615054062,0,0,0,0,0,0,0.6557177178931782,0.0999832483280439,1.3073444405075836,0.0,0.0,0.0
image_329.png,surface,0.0,0.0,0.7700039612059563,9.481060685137322,-12.99979352592528,0.0,1.052150983038389,3.330335349700067,0.0,0.0,0.0,-3.500905895948639,0,0,0,0,0,0,0.0436318251698959,0.2356161453802474,0.4606273688747396,0.0,0.0,0.0
image_330.png,surface,0.0,0.0,1.1661170275525237,-11.2652363319808,20.961493002763504,0.0,2.366062319588599,-2.702375979156933,0.0,0.0,0.0,-1.6041557820990726,0,0,0,0,0,0,0.2549584258933624,-0.2574382231801566,0.663748091552018,0.0,0.0,0.0
image_331.png,surface,0.0,0.0,2.0971622598170807,15.859827043038935,-1.1637624093058605,0.0,3.3048547081720625,-2.321644461388308,0.0,0.0,0.0,-3.8942297738818543,0,0,0,0,0,0,0.7154062434399543,-0.3656708209879236,1.6463188800473545,0.0,0.0,0.0
image_332.png,surface,0.0,0.0,1.4514366575395783,13.468635384671364,-20.48947793647065,0.0,-1.889015934499316,0.158621334211416,0.0,0.0,0.0,-0.7247107682571388,0,0,0,0,0,0,-0.5923842658118639,0.2685757888392799,1.407021263159303,0.0,0.0,0.0
image_333.png,surface,0.0,0.0,2.4131123650620028,-16.580598144584297,-12.669466484300488,0.0,2.830498237639857,1.1983103761105274,0.0,0.0,0.0,1.1894080818754365,0,0,0,0,0,0,1.3216800382778933,-0.0480142343287792,3.1384432666998907,0.0,0.0,0.0
image_334.png,surface,0.0,0.0,1.840106102019064,9.39114714530457,-14.193591651137409,0.0,-1.7567327732772768,0.1388448537629496,0.0,0.0,0.0,-3.533170668646028,0,0,0,0,0,0,-0.4724486810906795,0.2040911713959496,1.211593238497957,0.0,0.0,0.0
image_335.png,surface,0.0,0.0,2.64249268707692,-3.966167732313875,7.099809798260921,0.0,1.7286469590012523,-4.194093776635239,0.0,0.0,0.0,-4.09698100050327,0,0,0,0,0,0,0.5171465902010534,-1.0392575779907425,2.158766451101115,0.0,0.0,0.0
image_336.png,surface,0.0,0.0,0.7775650385197831,17.654339217632796,-12.127100411933348,0.0,-2.5826468531310427,1.8879154504616809,0.0,0.0,0.0,-0.6047540599661616,0,0,0,0,0,0,-0.2686326074853509,0.1895557043492974,0.7045807986403586,0.0,0.0,0.0
image_337.png,surface,0.0,0.0,2.3343669311560005,-9.666207416528596,7.967799430775617,0.0,-1.4972809726184833,2.938799313475568,0.0,0.0,0.0,4.738382044519314,0,0,0,0,0,0,-0.3760506470096396,0.6538883675701147,1.3230044960041665,0.0,0.0,0.0
image_340.png,surface,0.0,0.0,1.2101139053054364,12.535215985564475,-13.15197821603377,0.0,-3.052513407878114,-3.1120442453981694,0.0,0.0,0.0,-2.929588744260704,0,0,0,0,0,0,-0.209840475144771,-0.2865783737832071,0.6063509624369191,0.0,0.0,0.0
image_345.png,surface,0.0,0.0,0.9743201907466064,-21.349526481771,-3.494363221539788,0.0,-3.0724630135803817,-0.7271647745400467,0.0,0.0,0.0,1.5600854162378646,0,0,0,0,0,0,-0.2717372630721797,-0.0585052548627754,0.5465823833093615,0.0,0.0,0.0
image_346.png,surface,0.0,0.0,2.9044897815149784,-5.128701128594183,16.875967319714515,0.0,-2.757410544823985,-0.3512484199316059,0.0,0.0,0.0,1.162960962686519,0,0,0,0,0,0,-1.8978417177035805,-0.6133872707537615,5.359929211421468,0.0,0.0,0.0
image_347.png,surface,0.0,0.0,1.6185357062066472,11.407928207593432,-14.61838088145778,0.0,-2.600503374013853,-0.2533796260855123,0.0,0.0,0.0,-4.004455392848776,0,0,0,0,0,0,-0.5298041492773546,0.0796477523851787,1.0323946852966377,0.0,0.0,0.0
image_348.png,surface,0.0,0.0,2.1953058315328047,-7.619435442431008,5.503174402800474,0.0,3.063887596443312,1.520291845595503,0.0,0.0,0.0,-2.947731404086097,0,0,0,0,0,0,0.5682090432644249,0.1597076576238447,1.0668276035566289,0.0,0.0,0.0
image_349.png,surface,0.0,0.0,1.4353703962691975,-21.395520835313253,-11.10696835170928,0.0,-0.1581003671682686,0.1916420539173864,0.0,0.0,0.0,-2.0791658264800983,0,0,0,0,0,0,0.0208765259864332,-0.1987803773754411,1.2398630663300902,0.0,0.0,0.0
image_350.png,surface,0.0,0.0,1.9244843595159684,-5.643421056625125,-20.72724436675278,0.0,3.393831666442842,2.1245127665590213,0.0,0.0,0.0,3.9642616685079233,0,0,0,0,0,0,1.0184541102943023,0.3439211059027492,2.453469357734104,0.0,0.0,0.0
image_351.png,surface,0.0,0.0,1.7480052725840816,13.199957445595643,-16.36297659102837,0.0,-2.7648612305882145,1.5773642272857027,0.0,0.0,0.0,-0.655871427321447,0,0,0,0,0,0,-0.6187647069599478,0.5641271392495546,1.6367124977934966,0.0,0.0,0.0
image_352.png,surface,0.0,0.0,2.0317203708769767,3.097313515684793,-1.864693939342828,0.0,-0.9744086164407536,-4.218320450706825,0.0,0.0,0.0,-3.9922578703582814,0,0,0,0,0,0,0.0080774311407322,-0.5267407853717692,0.9531453812079792,0.0,0.0,0.0
image_353.png,surface,0.0,0.0,2.3068218861223126,-21.61675442608685,-11.759298244993031,0.0,-3.475407135999648,-1.5404565533928931,0.0,0.0,0.0,-0.8549461604665147,0,0,0,0,0,0,-0.8441809652436401,-0.9427556054824217,3.058611148625123,0.0,0.0,0.0
image_354.png,surface,0.0,0.0,2.1597730143782847,22.14310636266487,8.129836041305225,0.0,3.807940876232004,-2.4903437494716054,0.0,0.0,0.0,-1.8848289621909609,0,0,0,0,0,0,0.8042420061430764,-0.364019063368986,1.8364770157921264,0.0,0.0,0.0
image_355.png,surface,0.0,0.0,2.4052584716242547,-21.91376493421764,-9.603864785016402,0.0,0.6231412231998066,-4.860411202462443,0.0,0.0,0.0,-2.907797547182656,0,0,0,0,0,0,0.7737798560323091,-2.0975150879067503,4.892231036083028,0.0,0.0,0.0
image_356.png,surface,0.0,0.0,0.8657610197806321,-17.600240979704257,-15.279044048601731,0.0,2.8005398179728376,-2.0300025297012154,0.0,0.0,0.0,4.260960923445524,0,0,0,0,0,0,0.3056632348082516,-0.2052143665768272,0.728795491611263,0.0,0.0,0.0
image_357.png,surface,0.0,0.0,0.7350778512588572,15.530967583893045,-18.84455335403155,0.0,-1.1231040153911924,-4.8324142048531735,0.0,0.0,0.0,1.5747111569860597,0,0,0,0,0,0,-0.0094395226849536,-0.3728064139017352,0.6429811564146692,0.0,0.0,0.0
image_358.png,surface,0.0,0.0,1.3472485826981415,11.275099960771495,7.501744824814462,0.0,-2.425034371720763,-4.05601380378396,0.0,0.0,0.0,-0.3808980648705171,0,0,0,0,0,0,-0.1011090445560542,-0.2571267488862998,0.6279083809117548,0.0,0.0,0.0
image_359.png,surface,0.0,0.0,1.704569652187726,4.764503633867613,-12.357941965874804,0.0,4.633003410357556,-1.226922955022172,0.0,0.0,0.0,4.897986392076767,0,0,0,0,0,0,0.5913706870761638,-0.2050885183772891,1.1929677539839112,0.0,0.0,0.0
image_361.png,surface,0.0,0.0,2.4330613249248696,6.449501887993616,-12.251710026861906,0.0,-1.2932348600007095,-2.7877945558145,0.0,0.0,0.0,0.5727964466251922,0,0,0,0,0,0,-0.1951253207971986,-0.8514841987674038,1.9414505234057573,0.0,0.0,0.0
image_362.png,surface,0.0,0.0,2.298889860557729,14.853728713422658,-15.517962373237964,0.0,4.486661154984355,1.010533093475599,0.0,0.0,0.0,-3.3582601986073723,0,0,0,0,0,0,2.096247472381862,0.4478654263112553,5.117036458450502,0.0,0.0,0.0
image_364.png,surface,0.0,0.0,2.322400494113317,12.294580142479536,6.156057094593232,0.0,4.371229807921762,-0.95638846160011,0.0,0.0,0.0,-2.1596999594599264,0,0,0,0,0,0,0.7804381247540632,-0.1872904367576112,1.7366617469061578,0.0,0.0,0.0
image_366.png,surface,0.0,0.0,2.162487059585156,22.78769410063096,-4.438136904278008,0.0,1.0683828768873167,4.018789486252239,0.0,0.0,0.0,4.106543646069529,0,0,0,0,0,0,0.6394791516620689,2.476286706466593,5.8208211912439225,0.0,0.0,0.0
image_368.png,surface,0.0,0.0,1.1490369428416096,-13.582735190000376,10.892161900604568,0.0,-0.2571878353203659,-0.7515861314873342,0.0,0.0,0.0,1.1962135792082762,0,0,0,0,0,0,-0.0675072353886067,-0.2861976829796041,0.4975322223172098,0.0,0.0,0.0
image_369.png,surface,0.0,0.0,2.004878556004993,10.500603487242406,-3.999849673804249,0.0,1.7605249309477222,-2.860372291558416,0.0,0.0,0.0,1.1124228833322132,0,0,0,0,0,0,0.4625137832128274,-0.4919437581994802,1.3130698621949128,0.0,0.0,0.0
image_370.png,surface,0.0,0.0,1.2554754183483174,11.725557930053045,21.886898385559373,0.0,1.3392993423500934,1.6767524989379974,0.0,0.0,0.0,4.739065481572155,0,0,0,0,0,0,0.200051678706299,0.4476546305770288,0.9294978711967408,0.0,0.0,0.0
image_371.png,surface,0.0,0.0,1.8271408142021888,19.21319971895428,-14.091172370992233,0.0,-4.695315062349797,-0.1568518926265553,0.0,0.0,0.0,1.882743056460012,0,0,0,0,0,0,-0.8469203672320174,0.1678657671589031,1.7602422668040505,0.0,0.0,0.0
image_372.png,surface,0.0,0.0,1.9399434633910235,-3.5091405049755333,17.294499798100876,0.0,4.866312511322665,-0.1989041125929569,0.0,0.0,0.0,1.894122708374972,0,0,0,0,0,0,0.4996783368551608,-0.0854383426664262,0.9905258644552078,0.0,0.0,0.0
image_373.png,surface,0.0,0.0,1.822667288293872,-14.826313023784577,4.94440354695416,0.0,3.457348061357946,0.3428636805199475,0.0,0.0,0.0,-0.9299629292514764,0,0,0,0,0,0,0.4633401694793216,-0.0937915169107686,0.9493939348605878,0.0,0.0,0.0
image_374.png,surface,0.0,0.0,0.5267163006338198,3.103615241171575,-13.502148602160087,0.0,1.9836999206356687,1.3489402540039384,0.0,0.0,0.0,-0.7562953052319976,0,0,0,0,0,0,0.1276675468333822,0.0627604971096579,0.2971112012077868,0.0,0.0,0.0
image_375.png,surface,0.0,0.0,1.3718472854174977,-14.242013451506049,-9.143461016804777,0.0,-1.3877812529687266,0.3170754374922422,0.0,0.0,0.0,-2.4533397808139403,0,0,0,0,0,0,-0.4111271675808309,0.0892719934448561,0.6181948144765422,0.0,0.0,0.0
image_376.png,surface,0.0,0.0,2.4761556607066764,-4.475786578261284,-18.50169057903556,0.0,3.356737813787721,-2.5836383662548617,0.0,0.0,0.0,3.878942710486872,0,0,0,0,0,0,1.8757560501172768,-1.096219619306681,4.716154222163643,0.0,0.0,0.0
image_378.png,surface,0.0,0.0,1.7734487494325766,-6.037028531878296,-8.25966043533125,0.0,4.064614922309337,-1.959999336149096,0.0,0.0,0.0,-1.7131765994146022,0,0,0,0,0,0,0.4299194652211059,-0.2279142355685148,1.0044598080312357,0.0,0.0,0.0
image_379.png,surface,0.0,0.0,1.3665801992281597,7.6520540063972415,-1.3882817372872536,0.0,-1.493088594955488,-0.5889882910524825,0.0,0.0,0.0,-0.2012734505313389,0,0,0,0,0,0,-0.2678564435886434,-0.0553920850267012,0.5365360993111966,0.0,0.0,0.0
image_380.png,surface,0.0,0.0,0.9980947687211296,-16.650709645531727,-7.253270326634736,0.0,-0.2922037119244035,3.419395348661239,0.0,0.0,0.0,0.6337128485270025,0,0,0,0,0,0,-0.0715082841816326,0.1776661956979337,0.4360933563635513,0.0,0.0,0.0
image_381.png,surface,0.0,0.0,0.999383676663217,5.279003724200137,23.16612690049035,0.0,0.6640738921882651,-1.1859940209959572,0.0,0.0,0.0,4.24216365176868,0,0,0,0,0,0,0.1275762334337695,-0.2920747938980342,0.5535158600407023,0.0,0.0,0.0
image_382.png,surface,0.0,0.0,2.372148961601005,-9.930025954182852,6.712938329989625,0.0,-2.7179880237342027,3.8785009200312968,0.0,0.0,0.0,-2.211159505834128,0,0,0,0,0,0,-0.448109094423938,0.5807705636384703,1.3981227431031371,0.0,0.0,0.0
image_384.png,surface,0.0,0.0,2.830142602722395,14.134426697784592,-12.826697790536572,0.0,-4.324808979552378,2.135793533499536,0.0,0.0,0.0,2.693401581331324,0,0,0,0,0,0,-1.520767599673284,1.267558796772836,3.4029068361683668,0.0,0.0,0.0
image_385.png,surface,0.0,0.0,1.5525116498425933,-10.628822704809435,3.4777651632177173,0.0,1.089930609142454,-2.0891020491623804,0.0,0.0,0.0,-1.1222023822087248,0,0,0,0,0,0,0.1799535994515633,-0.3168731816170195,0.6560040344491878,0.0,0.0,0.0
image_386.png,surface,0.0,0.0,2.091418148431309,0.1206446028911952,16.61022132685293,0.0,2.4218769415154195,3.824404557801032,0.0,0.0,0.0,-0.1181279581733862,0,0,0,0,0,0,0.2332288805655477,0.4880990957035906,1.2178903091525084,0.0,0.0,0.0
image_387.png,surface,0.0,0.0,1.6713489395999586,-13.693753632322172,19.19434106814661,0.0,4.322614092404946,-1.6052617362641892,0.0,0.0,0.0,0.4770662108728043,0,0,0,0,0,0,0.4357133004265262,-0.2321710509178915,1.038088844931072,0.0,0.0,0.0
image_388.png,surface,0.0,0.0,1.6848446821726548,-20.150163844867905,11.61553184043714,0.0,-0.2642914934718672,2.4679100914819703,0.0,0.0,0.0,-3.263785551920232,0,0,0,0,0,0,-0.1308924317297007,0.4432625284131489,0.8964717453170211,0.0,0.0,0.0
image_389.png,surface,0.0,0.0,2.6352184390021938,-22.372267701802706,-3.0874859712904787,0.0,3.2807278067403605,2.0198864152394584,0.0,0.0,0.0,1.1133688411253306,0,0,0,0,0,0,1.1065411031206007,0.1255398714492467,2.73936976347339,0.0,0.0,0.0
image_390.png,surface,0.0,0.0,1.6357568593712757,-12.199213860373638,-13.636409585522436,0.0,-4.293619828552842,-1.488677123233734,0.0,0.0,0.0,0.4745346964906707,0,0,0,0,0,0,-0.4417628131508616,-0.1170812993377911,1.0147293924072225,0.0,0.0,0.0
image_391.png,surface,0.0,0.0,2.820417001578209,-3.3085353847964987,-5.178968377687878,0.0,0.8834323840567039,-3.2212542900881687,0.0,0.0,0.0,1.6006133915486114,0,0,0,0,0,0,0.8171750273082095,-1.3894773862803738,3.237541741373053,0.0,0.0,0.0
image_392.png,surface,0.0,0.0,2.051268142869098,11.706015677532037,-21.48269192826956,0.0,-3.4277015450974324,3.216653383774565,0.0,0.0,0.0,3.158410530404863,0,0,0,0,0,0,-0.8313970892978744,0.9252485478241752,2.283247479721187,0.0,0.0,0.0
image_393.png,surface,0.0,0.0,0.713560732427859,-15.600628387299992,0.6625452198799431,0.0,-1.6153577521800582,-0.6733850586666381,0.0,0.0,0.0,0.109943148840184,0,0,0,0,0,0,-0.0866450020574164,-0.0287500211844823,0.2681714722421908,0.0,0.0,0.0
image_394.png,surface,0.0,0.0,0.669957290127261,-4.724230264495185,-6.015069972019157,0.0,-2.9409229733520843,-3.5642744787596907,0.0,0.0,0.0,-4.757726238114261,0,0,0,0,0,0,-0.0538239224566569,-0.1034063193554806,0.1789406412649358,0.0,0.0,0.0
image_395.png,surface,0.0,0.0,2.9557855308617023,-1.6236495848706665,-23.840232045962853,0.0,2.456328555828212,1.463753180890405,0.0,0.0,0.0,-3.3931239581378847,0,0,0,0,0,0,3.277450215750716,0.1352836682984852,8.794137178050882,0.0,0.0,0.0
image_397.png,surface,0.0,0.0,1.9686470796264293,17.65317272972135,0.8649140915843843,0.0,0.3551300060177816,-1.728428039210467,0.0,0.0,0.0,2.1468763779215454,0,0,0,0,0,0,0.2032613447026823,-0.3714252299118039,1.4558391917585212,0.0,0.0,0.0
image_398.png,surface,0.0,0.0,1.5789651741754809,-11.774071509174888,15.500181315214007,0.0,-2.7235015663300963,-3.966334297973772,0.0,0.0,0.0,4.290447846584192,0,0,0,0,0,0,-0.1544543326097415,-0.4556208216077914,0.9906129516025588,0.0,0.0,0.0
image_399.png,surface,0.0,0.0,0.8972410962365175,1.1896984149683565,-3.439866479627095,0.0,-1.4107191755602535,-3.3273770758659214,0.0,0.0,0.0,1.0519445516487993,0,0,0,0,0,0,-0.0204001744184541,-0.1178411078425023,0.28244036638495,0.0,0.0,0.0
image_400.png,surface,0.0,0.0,0.8138792576273344,0.0081619695164732,19.84401869919786,0.0,-3.590502934046463,0.6775809158019721,0.0,0.0,0.0,2.4505616355298727,0,0,0,0,0,0,-0.1854004437384555,0.0362568662869309,0.4109117727566814,0.0,0.0,0.0
image_403.png,surface,0.0,0.0,1.866333968439397,-1.7279754358896766,-18.95458324380686,0.0,0.6953478791494864,4.895260191398896,0.0,0.0,0.0,-4.383304362711138,0,0,0,0,0,0,0.0352979555652517,0.7770622928680452,1.5027992612142689,0.0,0.0,0.0
image_404.png,surface,0.0,0.0,1.321471080716262,-21.68797193735908,-7.1720045832877375,0.0,1.5917384301104256,0.8393602805224059,0.0,0.0,0.0,3.507738535180515,0,0,0,0,0,0,0.4488685175307166,0.1130525838500772,0.8957348540702118,0.0,0.0,0.0
image_405.png,surface,0.0,0.0,0.6104355992704202,22.51203825133113,4.9520924711434615,0.0,3.2225785451128264,2.246544086183241,0.0,0.0,0.0,2.866495976902073,0,0,0,0,0,0,0.2575060697425542,0.1220224142721564,0.6025191279535115,0.0,0.0,0.0
image_407.png,surface,0.0,0.0,1.4957583091310074,-2.9754299941685347,-10.922968861925082,0.0,4.572489996664791,0.8632732713832576,0.0,0.0,0.0,1.438090553413823,0,0,0,0,0,0,0.3661142272417937,-0.0142711858276222,0.7757488620556767,0.0,0.0,0.0
image_408.png,surface,0.0,0.0,2.391059457335169,-17.345473349999796,2.124519912753814,0.0,3.003407455301019,3.1869790993115488,0.0,0.0,0.0,1.1944452068767024,0,0,0,0,0,0,0.6182822678319941,0.4804538175816503,1.546559436255841,0.0,0.0,0.0
image_409.png,surface,0.0,0.0,2.3437099737335583,17.871040079464297,-0.6494436530641315,0.0,3.1962354988075634,2.5186717021553084,0.0,0.0,0.0,-4.400374733963264,0,0,0,0,0,0,1.249909228072375,1.0592296872574416,3.631343122679208,0.0,0.0,0.0
image_410.png,surface,0.0,0.0,1.0535202413400817,-3.2211115941169046,10.127477222810748,0.0,-2.0288266118005387,0.842225099990827,0.0,0.0,0.0,-1.0417553986695405,0,0,0,0,0,0,-0.1426383786998696,0.0477877075696107,0.3208257013323727,0.0,0.0,0.0
image_411.png,surface,0.0,0.0,1.0691848799856216,-6.021039647963966,-10.49794198787416,0.0,1.1658795474956642,2.038539972054425,0.0,0.0,0.0,-2.5207531368029903,0,0,0,0,0,0,0.1104093143065986,0.1972953686208914,0.4048915945706287,0.0,0.0,0.0
image_412.png,surface,0.0,0.0,2.069707068469424,-8.063870884930441,10.345553917388878,0.0,3.4292181410598697,-2.5328123944419314,0.0,0.0,0.0,1.653487263331033,0,0,0,0,0,0,0.4339555174839836,-0.3424046350983148,1.0870854138325463,0.0,0.0,0.0
image_414.png,surface,0.0,0.0,1.9027569401762976,6.532883303890471,17.70869510087875,0.0,4.502744947782812,0.3843726151242861,0.0,0.0,0.0,-1.5579980685064454,0,0,0,0,0,0,0.4790415085427105,-0.0342904881691479,1.0908323941723834,0.0,0.0,0.0
image_415.png,surface,0.0,0.0,0.7799284508194844,-10.86273832829894,11.06971653849883,0.0,0.0671125311622101,-4.42202876944254,0.0,0.0,0.0,4.367466625087312,0,0,0,0,0,0,0.043721616679515,-0.1104270757872132,0.2417773675837535,0.0,0.0,0.0
image_416.png,surface,0.0,0.0,1.214300370978976,-6.968471847004412,9.771897441728925,0.0,-0.9887787252931576,-0.6314131772416186,0.0,0.0,0.0,3.647985500312029,0,0,0,0,0,0,-0.2260805632658738,-0.1734534272183954,0.465093376431159,0.0,0.0,0.0
image_418.png,surface,0.0,0.0,2.4039853686816333,-9.559907779745696,-17.66623422216506,0.0,-0.5799127922411867,-0.8450159155146125,0.0,0.0,0.0,4.377753321872239,0,0,0,0,0,0,0.4723604114710544,-0.570441572661379,3.0387485800179475,0.0,0.0,0.0
image_420.png,surface,0.0,0.0,2.8012014985280618,1.4809948806055904,-4.44788716309653,0.0,-3.210728556331979,-1.1120320532620989,0.0,0.0,0.0,-0.6138854047672293,0,0,0,0,0,0,-1.1352424265088386,-0.3192060926159576,2.25412017843822,0.0,0.0,0.0
image_421.png,surface,0.0,0.0,0.7197889169601135,-21.14664772784966,-12.144994509113705,0.0,-1.150358758859462,-1.199290851537576,0.0,0.0,0.0,2.771906415704671,0,0,0,0,0,0,-0.1073579248695438,-0.2911057627615907,0.6171899627763476,0.0,0.0,0.0
image_422.png,surface,0.0,0.0,2.765532390561344,0.4085664631953652,1.0914745419435985,0.0,4.569631283217714,0.8639718124302566,0.0,0.0,0.0,-3.291578777209176,0,0,0,0,0,0,1.0907043158477867,0.005502712524804,2.2119566010980667,0.0,0.0,0.0
image_423.png,surface,0.0,0.0,2.7960630575679644,0.5680834505127713,23.86095199582213,0.0,3.054543942312232,1.57557778931646,0.0,0.0,0.0,1.6303529663139464,0,0,0,0,0,0,0.9361381243235192,0.4850315458398491,2.3359553009020444,0.0,0.0,0.0
image_424.png,surface,0.0,0.0,2.99426498108046,-18.24291262744304,-11.721941477210716,0.0,-1.0891862145710296,3.6288954922369374,0.0,0.0,0.0,4.14101775814515,0,0,0,0,0,0,-0.2111051657294058,1.147306122806685,2.6358164462626967,0.0,0.0,0.0
image_425.png,surface,0.0,0.0,2.4447214201107577,-11.266967590580828,-0.139440700763477,0.0,-1.5889864447209827,2.1346501889730702,0.0,0.0,0.0,0.6565444156775326,0,0,0,0,0,0,-0.4623083280636991,0.5587471287193001,1.4663566395538872,0.0,0.0,0.0
image_426.png,surface,0.0,0.0,1.1565945891026317,-9.397705199173071,15.440345263591045,0.0,0.8411915540888909,-2.2357393411516475,0.0,0.0,0.0,-4.233781385092809,0,0,0,0,0,0,0.110354526266831,-0.2158328084128556,0.4396259683406787,0.0,0.0,0.0
image_427.png,surface,0.0,0.0,1.161397174297346,5.043863068897674,9.53089631678009,0.0,2.576804213386014,-0.9016375652189332,0.0,0.0,0.0,-0.558196168344665,0,0,0,0,0,0,0.1946885383690516,-0.0643902312936765,0.4140089489970582,0.0,0.0,0.0
image_428.png,surface,0.0,0.0,2.220542194272486,14.196128384151423,7.425926157062638,0.0,1.6386960732856712,0.459877641018429,0.0,0.0,0.0,-0.0161423337313024,0,0,0,0,0,0,0.7374584294463998,0.4469089799947658,2.179354745936206,0.0,0.0,0.0
image_429.png,surface,0.0,0.0,2.199331654155427,10.971854028239443,3.1884894000178368,0.0,0.4694408823743057,-3.652844156944127,0.0,0.0,0.0,0.8860104229161738,0,0,0,0,0,0,0.2107201275610392,-0.5798801876267382,1.3089298731901122,0.0,0.0,0.0
image_430.png,surface,0.0,0.0,2.1508230014886776,-7.944567194204282,-23.171576644670125,0.0,0.7067289805827889,-2.2048589496291844,0.0,0.0,0.0,-4.91623209717628,0,0,0,0,0,0,1.4065695402277576,-1.2889561368993052,4.115279701492782,0.0,0.0,0.0
image_431.png,surface,0.0,0.0,1.3828021706012383,-23.23102395757986,0.2999124900093844,0.0,0.4311568766418289,1.7927555298859057,0.0,0.0,0.0,-3.9026108478016406,0,0,0,0,0,0,0.0419242645971402,0.3448099088119871,0.6705810831133394,0.0,0.0,0.0
image_432.png,surface,0.0,0.0,1.7994931957011435,-9.502896143011313,3.646988476820909,0.0,4.344599825031058,-0.3380515027427322,0.0,0.0,0.0,-4.117527243173286,0,0,0,0,0,0,0.4100085784355762,-0.1037492556992219,0.7547876555896228,0.0,0.0,0.0
image_433.png,surface,0.0,0.0,1.253743697834498,8.065720991326398,10.432878494078045,0.0,1.0272528890016464,1.184513692709377,0.0,0.0,0.0,-4.986818275161963,0,0,0,0,0,0,0.2194375134440563,0.200167853775349,0.4914450540178103,0.0,0.0,0.0
image_434.png,surface,0.0,0.0,1.9919767885407968,-21.854113729678403,0.91275729575277,0.0,0.9960890317013966,-1.649424894839909,0.0,0.0,0.0,-0.4651284990433364,0,0,0,0,0,0,0.4433881916639663,-0.8911185161094392,2.124043242349957,0.0,0.0,0.0
image_436.png,surface,0.0,0.0,2.2467406993366112,18.38945772852594,-7.632969144421344,0.0,-3.348129131918045,-1.1157859060116413,0.0,0.0,0.0,-4.208060049273515,0,0,0,0,0,0,-1.0963429182738655,-0.1764564798798737,1.950728654104219,0.0,0.0,0.0
image_438.png,surface,0.0,0.0,1.8118210026407529,-13.669226948689005,-7.981394519066703,0.0,-0.8618528228561019,-0.0836805315101989,0.0,0.0,0.0,-2.983202693961461,0,0,0,0,0,0,-0.2419143067587007,-0.1508951374511884,1.0260216925136283,0.0,0.0,0.0
image_439.png,surface,0.0,0.0,2.4310462416483967,-20.590921008811293,-8.161342250637334,0.0,3.5056340018392382,-0.5077433553899069,0.0,0.0,0.0,-2.368775544710985,0,0,0,0,0,0,1.3796655689218944,-0.783961920407722,3.491407474910147,0.0,0.0,0.0
image_440.png,surface,0.0,0.0,1.0821322728834035,-6.188721509393117,-23.91555969009905,0.0,-3.314874662967916,-0.2106311605678079,0.0,0.0,0.0,1.9114734077738087,0,0,0,0,0,0,-0.4047808863077543,0.0201388581310868,0.7723569293165755,0.0,0.0,0.0
image_441.png,surface,0.0,0.0,1.0532464975038691,19.051016458149288,-0.4165532136533461,0.0,-4.877255086575035,-0.9412441972896294,0.0,0.0,0.0,3.6905310350449785,0,0,0,0,0,0,-0.3725015995446962,-0.0228131323712718,0.6949565523562747,0.0,0.0,0.0
image_442.png,surface,0.0,0.0,1.7124670328400935,-9.210088466345232,10.154161145100328,0.0,-3.576714413832332,-2.470629650061119,0.0,0.0,0.0,-4.572783791911894,0,0,0,0,0,0,-0.3676619893652278,-0.2406532195667604,0.8717300634544586,0.0,0.0,0.0
image_443.png,surface,0.0,0.0,1.735341195701669,12.964636586971473,16.75740097053049,0.0,0.5699870675795233,-1.4308643721436844,0.0,0.0,0.0,-2.9444318730091013,0,0,0,0,0,0,0.2236135795863397,-0.3490557124439043,1.0763401996518025,0.0,0.0,0.0
image_444.png,surface,0.0,0.0,0.558681869830042,1.461416400122775,13.596418583964812,0.0,4.588226620877339,-1.469961785453509,0.0,0.0,0.0,-3.730263924538507,0,0,0,0,0,0,0.109724463809504,-0.044344186209749,0.1664469851258531,0.0,0.0,0.0
image_447.png,surface,0.0,0.0,1.940949262464091,7.219267366555854,-9.56063055377408,0.0,-0.8814564585905041,0.9205746419702314,0.0,0.0,0.0,1.9933003828917395,0,0,0,0,0,0,-0.2662158461756039,0.4995670128865014,1.301359990381982,0.0,0.0,0.0
image_449.png,surface,0.0,0.0,1.3327952075981129,13.511434085038836,-9.384584708930367,0.0,2.621805900421027,-1.8017107949462563,0.0,0.0,0.0,-1.6299591936815636,0,0,0,0,0,0,0.4046363067583676,-0.2332470530239423,0.9047383253039528,0.0,0.0,0.0
image_450.png,surface,0.0,0.0,0.7695896106198714,16.883602411964514,-1.4006779344562,0.0,-0.4693936817540552,-3.543009125235859,0.0,0.0,0.0,-0.0196948596415955,0,0,0,0,0,0,0.0291677826712584,-0.2489623469412645,0.4300419161246033,0.0,0.0,0.0
image_451.png,surface,0.0,0.0,1.0162967219739412,13.326356363661825,-13.876051994339145,0.0,-1.1651645457383786,-3.868049250666784,0.0,0.0,0.0,0.393782644653692,0,0,0,0,0,0,-0.0065692381571305,-0.3164956370184056,0.6283103215918319,0.0,0.0,0.0
image_452.png,surface,0.0,0.0,1.2663426447805457,3.5701680269313134,-6.815801607304964,0.0,-0.3653950446889315,-1.3546218385659985,0.0,0.0,0.0,4.156617176085691,0,0,0,0,0,0,-0.0283870531045704,-0.2856313660816827,0.4340389928875985,0.0,0.0,0.0
image_455.png,surface,0.0,0.0,2.987705166252935,-5.654337082598923,4.973230333904414,0.0,1.1791312813199248,-1.0446108768498548,0.0,0.0,0.0,3.79630542287625,0,0,0,0,0,0,0.529583475228291,-0.7431603610149708,3.049540687278035,0.0,0.0,0.0
image_456.png,surface,0.0,0.0,1.2125800398512647,4.011364240992546,1.091239656381928,0.0,1.9921453862830567,-4.034726295981747,0.0,0.0,0.0,-1.9262642168550927,0,0,0,0,0,0,0.1343790817049091,-0.1655769030298036,0.4091856608361257,0.0,0.0,0.0
image_458.png,surface,0.0,0.0,1.2529703407132209,5.757161434096065,-9.812565449556118,0.0,1.3418109131640137,-2.5312596097320466,0.0,0.0,0.0,1.864845315891441,0,0,0,0,0,0,0.2473337570257091,-0.2959682225712448,0.6308425478763214,0.0,0.0,0.0
image_459.png,surface,0.0,0.0,2.9814873311199435,-16.470045123639213,3.912696333037157,0.0,4.331637074969302,-0.6722362433581359,0.0,0.0,0.0,-3.1590305620598103,0,0,0,0,0,0,1.4278790439173532,-0.6660799119003696,3.315886678931538,0.0,0.0,0.0
image_460.png,surface,0.0,0.0,2.357747911845328,-13.28026217532458,-0.6364928033283817,0.0,2.085075067953948,2.2613662407453607,0.0,0.0,0.0,-4.172128315419652,0,0,0,0,0,0,0.5324598473160882,0.4614460201439119,1.3374006713622846,0.0,0.0,0.0
image_461.png,surface,0.0,0.0,2.787653374124464,4.0109025045195,-9.22962568805106,0.0,-0.700501869173929,-3.412541955383556,0.0,0.0,0.0,-1.3236601091935718,0,0,0,0,0,0,0.1868842864821606,-1.2371003862796244,2.649603011589363,0.0,0.0,0.0
image_463.png,surface,0.0,0.0,1.1884086259495588,-14.83601819488931,3.5226006491186257,0.0,0.7800024132566762,-1.3861244243230595,0.0,0.0,0.0,4.606487305773687,0,0,0,0,0,0,0.1684846364602193,-0.2024189634445869,0.4710979235907647,0.0,0.0,0.0
image_464.png,surface,0.0,0.0,2.886078447393452,-8.208361866389755,5.180101084814265,0.0,0.1161726010147458,-1.9347458348359288,0.0,0.0,0.0,2.3832561837651847,0,0,0,0,0,0,0.1589819553405337,-1.1369425235747206,3.35180677770782,0.0,0.0,0.0
image_466.png,surface,0.0,0.0,1.4927850850820363,-10.998747707172637,-9.83151461927285,0.0,-4.411538213744607,1.5334903583617852,0.0,0.0,0.0,-4.698086548209726,0,0,0,0,0,0,-0.3544672031212051,0.1349375857497552,0.650729679525056,0.0,0.0,0.0
image_468.png,surface,0.0,0.0,2.108647623108298,-20.29024060596728,9.37945111193917,0.0,-2.129534168643059,-0.3110984201502411,0.0,0.0,0.0,0.230513727727982,0,0,0,0,0,0,-0.866141837850473,-0.5646525554826263,2.430464952810987,0.0,0.0,0.0
image_469.png,surface,0.0,0.0,1.5450243148941896,-14.590573194256502,-13.001329079525952,0.0,2.829162708523598,0.2821626742046835,0.0,0.0,0.0,1.6298570670182269,0,0,0,0,0,0,0.550135077701102,-0.0799781039089663,1.21876118062601,0.0,0.0,0.0
image_470.png,surface,0.0,0.0,2.8927705208613066,-6.071820063969153,9.10154921007771,0.0,-2.426849161111817,-2.097828034874328,0.0,0.0,0.0,-2.638227871076275,0,0,0,0,0,0,-1.0899753305408797,-1.1957356561939407,3.956928471564829,0.0,0.0,0.0
image_472.png,surface,0.0,0.0,0.7422850450359129,-4.639353754913464,18.609643728208194,0.0,1.4725670808411135,4.295236310699876,0.0,0.0,0.0,3.309830375853261,0,0,0,0,0,0,0.0483618592698293,0.1313981051377458,0.2719765106802596,0.0,0.0,0.0
image_473.png,surface,0.0,0.0,2.820832731346721,-2.6784370555326245,0.9585988376170608,0.0,2.8580157560107127,0.581473871388588,0.0,0.0,0.0,-3.995219444965623,0,0,0,0,0,0,1.0335421276902923,0.05698091854587,2.234599259409114,0.0,0.0,0.0
image_474.png,surface,0.0,0.0,2.4949900379288668,10.919519434278262,-12.981624441950826,0.0,-3.056843375366824,-0.3656350519363125,0.0,0.0,0.0,-3.797829918495757,0,0,0,0,0,0,-0.9667692042235706,0.082852162165918,2.002625894913588,0.0,0.0,0.0
image_476.png,surface,0.0,0.0,1.4069649533834732,-2.533518788486038,-22.47912812336472,0.0,0.2903858669362721,-4.580454240178997,0.0,0.0,0.0,-1.2450068826882568,0,0,0,0,0,0,0.2936753073291094,-0.5565353466124177,1.3237413872509762,0.0,0.0,0.0
image_477.png,surface,0.0,0.0,2.198893099662482,5.782545902790751,14.430729312813948,0.0,2.3102597988844407,2.99873095661922,0.0,0.0,0.0,-4.908060276390711,0,0,0,0,0,0,0.4124679526651423,0.6095740703077561,1.446728536343426,0.0,0.0,0.0
image_479.png,surface,0.0,0.0,2.576061864893251,21.69505903988789,-10.610091545598578,0.0,-2.5851837334780137,-0.0649193240131251,0.0,0.0,0.0,-3.276768141632224,0,0,0,0,0,0,-0.6387714728150705,0.8305178887243531,4.087583755631652,0.0,0.0,0.0
image_480.png,surface,0.0,0.0,2.514439046257634,-2.854816673257309,9.200281441259987,0.0,-0.1767237061551033,-2.139150153187974,0.0,0.0,0.0,-1.7619954258222394,0,0,0,0,0,0,-0.0311264550929488,-0.8657286418526238,2.075819292755741,0.0,0.0,0.0
image_481.png,surface,0.0,0.0,1.3000589751493732,-4.514297204281945,-8.901127162835827,0.0,-0.6686143854610572,-0.4763494468778732,0.0,0.0,0.0,4.804352914524511,0,0,0,0,0,0,-0.1337779351574594,-0.105861932348968,0.4523942839444808,0.0,0.0,0.0
image_483.png,surface,0.0,0.0,1.8594383765572728,-4.504261158651407,10.13219008729661,0.0,3.359892243485003,1.1254302965926557,0.0,0.0,0.0,-0.9327142422992534,0,0,0,0,0,0,0.3997358209791575,0.0346711789727506,0.8157843867951956,0.0,0.0,0.0
image_484.png,surface,0.0,0.0,1.1355650522610552,-9.771790198342144,18.363171284930107,0.0,-1.7317448270212028,2.243080376538969,0.0,0.0,0.0,3.382321476264764,0,0,0,0,0,0,-0.1786371646071481,0.2037891357170581,0.5156999410567225,0.0,0.0,0.0
image_485.png,surface,0.0,0.0,2.4624629558284776,17.957625740798946,10.79642246073978,0.0,0.3931110490294163,-1.203579972503583,0.0,0.0,0.0,-2.8626400859038235,0,0,0,0,0,0,0.1818620495034668,-0.0829591331355253,2.6258885114647783,0.0,0.0,0.0
image_486.png,surface,0.0,0.0,0.6116749663093075,6.916687441174857,-10.309745158049532,0.0,4.208342347847913,-1.0937486011131476,0.0,0.0,0.0,4.479160096938839,0,0,0,0,0,0,0.143574341045899,-0.0566977600969092,0.2847850203520698,0.0,0.0,0.0
image_487.png,surface,0.0,0.0,1.56352136913632,5.163120101092598,2.508586906414588,0.0,0.5844764445391869,3.0352229419348284,0.0,0.0,0.0,-4.866287737546955,0,0,0,0,0,0,0.0323363576378159,0.3404319645705551,0.6066635829658684,0.0,0.0,0.0
image_488.png,surface,0.0,0.0,2.446470072556719,-21.307993185403504,-3.284113306750824,0.0,0.0340810716071669,-3.159726016022592,0.0,0.0,0.0,3.5630167336261405,0,0,0,0,0,0,0.5007284409507057,-1.7201624077967024,3.907047633167187,0.0,0.0,0.0
image_489.png,surface,0.0,0.0,0.7013977602191188,-10.775455558051926,-5.929589569970696,0.0,-1.172816459535155,1.534375577435833,0.0,0.0,0.0,3.042143949987924,0,0,0,0,0,0,-0.0684325445046811,0.1035699220148802,0.2052677558100268,0.0,0.0,0.0
image_490.png,surface,0.0,0.0,2.217447863214634,-21.5989542066751,-7.344727662661774,0.0,4.557877064092355,1.1431165123341709,0.0,0.0,0.0,-2.009666843674596,0,0,0,0,0,0,1.060981804273882,-0.0716579648170026,2.396621547548443,0.0,0.0,0.0
image_491.png,surface,0.0,0.0,1.077658141243262,0.5018619632172847,5.421258414851667,0.0,-2.3329082431459174,-0.3050938139504192,0.0,0.0,0.0,-1.3776858212531429,0,0,0,0,0,0,-0.1420174475825039,-0.0192264586844355,0.2917519921400837,0.0,0.0,0.0
image_493.png,surface,0.0,0.0,1.2697171364595978,-17.507143373343016,-14.776068704898703,0.0,-3.3825825106604817,-3.315012393646908,0.0,0.0,0.0,1.6478095868627864,0,0,0,0,0,0,-0.2612879663765096,-0.4513026552611399,1.0243290756497454,0.0,0.0,0.0
image_494.png,surface,0.0,0.0,0.5483406199854435,-2.332747027705788,10.529958322001542,0.0,-2.5032053069172795,-1.8328609147121664,0.0,0.0,0.0,-0.78965863666145,0,0,0,0,0,0,-0.0392990043582775,-0.038467075291319,0.1695620253964555,0.0,0.0,0.0
image_495.png,surface,0.0,0.0,2.075056243217059,-0.071752320412362,-4.042677677284064,0.0,-2.5567737337800702,2.042636061881143,0.0,0.0,0.0,1.4444680575958715,0,0,0,0,0,0,-0.4024980513174388,0.3450380086736499,1.0531080283433094,0.0,0.0,0.0
image_500.png,surface,0.0,0.0,1.7448943717228205,-8.737098311231547,23.37769010518954,0.0,1.0250699949745383,-0.6040674773940686,0.0,0.0,0.0,1.2520908223319358,0,0,0,0,0,0,0.3290592496789964,-0.4033088712647858,1.260362041014053,0.0,0.0,0.0
image_501.png,surface,0.0,0.0,0.7942517977325282,-2.0035451293922573,-17.298142869770125,0.0,0.0238916096984455,-2.7772852811215447,0.0,0.0,0.0,1.2214742226099338,0,0,0,0,0,0,0.09272799636161,-0.2410339103703631,0.4863046793203716,0.0,0.0,0.0
image_502.png,surface,0.0,0.0,2.640293352871742,-9.913257536727752,-5.3969364241567295,0.0,-4.3241445140748205,1.78105348505319,0.0,0.0,0.0,-4.447155054104272,0,0,0,0,0,0,-0.9193136304448958,0.3881441632204427,1.7455714319812132,0.0,0.0,0.0
image_503.png,surface,0.0,0.0,0.7776139091296306,4.781496769314409,-22.71223158351524,0.0,-3.0558276115180005,-0.983081661352209,0.0,0.0,0.0,-3.109363669286406,0,0,0,0,0,0,-0.2968469260756541,-0.0752446385038389,0.5361028965782235,0.0,0.0,0.0
image_504.png,surface,0.0,0.0,2.1146482019074297,2.123721856613902,-20.201064634023545,0.0,-1.581895761683436,3.743642809565768,0.0,0.0,0.0,2.9890168575140112,0,0,0,0,0,0,-0.3616718303506403,0.9285520630620504,1.9127005997613105,0.0,0.0,0.0
image_505.png,surface,0.0,0.0,1.1130439065242843,-1.2608210412734573,-12.170356354367753,0.0,-1.2428646458879136,-2.813331132614175,0.0,0.0,0.0,4.044431237893637,0,0,0,0,0,0,-0.0430885104422009,-0.2445104668826037,0.4266700804195065,0.0,0.0,0.0
image_506.png,surface,0.0,0.0,1.622793860515826,20.4066323898264,-8.145092727163643,0.0,0.5518267120017045,2.74640399383171,0.0,0.0,0.0,-4.043963099015007,0,0,0,0,0,0,0.3761176101693556,1.1172299762195694,2.6599864791580363,0.0,0.0,0.0
image_508.png,surface,0.0,0.0,2.7991886489691247,3.9686476200725966,-1.4251295525881245,0.0,-4.373319002442211,1.9456722996912807,0.0,0.0,0.0,-2.9306212782954963,0,0,0,0,0,0,-1.205234147311905,0.6317359382464178,2.368579486101687,0.0,0.0,0.0
image_509.png,surface,0.0,0.0,1.21128440121903,-2.810758880071006,23.26816456312142,0.0,-0.8162570045152738,1.877446694468956,0.0,0.0,0.0,-3.311920502527501,0,0,0,0,0,0,-0.1682304808312976,0.3081047083142019,0.7392459492932842,0.0,0.0,0.0
image_510.png,surface,0.0,0.0,1.469237116320729,8.037246629729479,-17.158931466989095,0.0,0.6581286363662886,3.682285028966496,0.0,0.0,0.0,3.5799213637905805,0,0,0,0,0,0,0.0001864315242091,0.6108010902532527,1.2149427441652707,0.0,0.0,0.0
image_511.png,surface,0.0,0.0,0.9989894269780446,-13.146013492645633,-8.27502044475754,0.0,-4.334160716760673,-1.9111817565454925,0.0,0.0,0.0,0.3434849692336588,0,0,0,0,0,0,-0.1720869500749368,-0.1106866376987606,0.4013612155972792,0.0,0.0,0.0
image_512.png,surface,0.0,0.0,1.3590540883187607,-16.591843659535982,-0.5452132730820474,0.0,-0.6760906834257916,2.155076341068736,0.0,0.0,0.0,-1.8365628452331384,0,0,0,0,0,0,-0.1211477701010417,0.2383533437202014,0.5162358619634927,0.0,0.0,0.0
image_513.png,surface,0.0,0.0,0.8145295698047743,-23.357778242549355,4.103200409055224,0.0,-0.7510768007159975,3.017151340242533,0.0,0.0,0.0,3.213224885400507,0,0,0,0,0,0,-0.040941123661311,0.2004101115594598,0.3689089716885594,0.0,0.0,0.0
image_514.png,surface,0.0,0.0,1.8702084903635283,10.23028426103169,-16.91595400392055,0.0,-1.3623919216749196,-3.984188917140972,0.0,0.0,0.0,4.001112511008985,0,0,0,0,0,0,-0.100159385200083,-0.7006944591833283,1.3058483279761832,0.0,0.0,0.0
image_515.png,surface,0.0,0.0,1.898079034472628,-19.48791985432849,11.005309492810651,0.0,-2.139542846441132,-2.907206247839867,0.0,0.0,0.0,4.581821474281627,0,0,0,0,0,0,-0.2761659629533912,-0.8720525138794138,1.9904872863752407,0.0,0.0,0.0
image_516.png,surface,0.0,0.0,2.058432840538642,6.910551711308172,-23.69722406175844,0.0,3.5516091779391123,-2.312580918645486,0.0,0.0,0.0,-4.556548161809889,0,0,0,0,0,0,1.5733565084001782,-0.5360378211126468,3.684901718299564,0.0,0.0,0.0
image_517.png,surface,0.0,0.0,1.0758809490947543,17.654245286763473,17.160118612310487,0.0,1.201706137193723,-0.7757597445860354,0.0,0.0,0.0,-1.7296760530537956,0,0,0,0,0,0,0.3585534777538697,-0.1389961901848596,0.7271028747473797,0.0,0.0,0.0
image_518.png,surface,0.0,0.0,1.5808891321353766,12.953849026525289,-11.814583174350886,0.0,-0.0662998396843522,-4.398099999831736,0.0,0.0,0.0,-3.29587105847638,0,0,0,0,0,0,0.1738386454575056,-0.4413685130101002,0.9697589293178588,0.0,0.0,0.0
image_519.png,surface,0.0,0.0,0.6035727186723887,11.629810605923602,-8.341494463181638,0.0,3.704596096890469,0.6480195715415861,0.0,0.0,0.0,-0.6246154137862696,0,0,0,0,0,0,0.1574813718068997,-0.0326576077801408,0.3430932150086783,0.0,0.0,0.0
image_522.png,surface,0.0,0.0,1.7228573779363798,7.048474833281985,-21.602015316415272,0.0,0.3430079143348639,-1.668587186910469,0.0,0.0,0.0,-0.1324745300761742,0,0,0,0,0,0,0.8974395055676955,-0.4763700435066387,2.389935934236484,0.0,0.0,0.0
image_525.png,surface,0.0,0.0,1.5044524501147998,5.315907597443509,-6.9551047563678425,0.0,2.0944588878482784,-1.626792738428605,0.0,0.0,0.0,-1.8200676578723216,0,0,0,0,0,0,0.3133990016454334,-0.2310667329669445,0.766388110217422,0.0,0.0,0.0
image_526.png,surface,0.0,0.0,2.3890160539883376,4.011073922931241,23.656097839294304,0.0,0.5715168352290588,-2.245275460628772,0.0,0.0,0.0,-0.7205286720324846,0,0,0,0,0,0,-0.1252112163838029,-0.9628991829209912,2.435837559901359,0.0,0.0,0.0
image_527.png,surface,0.0,0.0,2.31901002664332,-8.299372597414283,7.492094638046954,0.0,2.245280254477481,-2.782630553515287,0.0,0.0,0.0,3.6009362600037527,0,0,0,0,0,0,0.5120178209228109,-0.5813274419214266,1.488262406618124,0.0,0.0,0.0
image_528.png,surface,0.0,0.0,2.081185426346184,-9.494837701693667,12.047074951242363,0.0,0.692281886487629,1.540328472695618,0.0,0.0,0.0,1.512450924552546,0,0,0,0,0,0,0.1820355449627309,0.4854562835132902,1.0289111994026314,0.0,0.0,0.0
image_529.png,surface,0.0,0.0,0.8540744028717588,-15.003912797611513,-0.1394587466528451,0.0,4.903357759439507,0.4018137718334611,0.0,0.0,0.0,0.7245296619526602,0,0,0,0,0,0,0.1376024447112342,-0.0607909727868864,0.2992995449104322,0.0,0.0,0.0
image_530.png,surface,0.0,0.0,1.2181099714423151,5.169062871783866,-22.777445200797168,0.0,1.9610108811561653,2.81986893581688,0.0,0.0,0.0,-2.3906226155025867,0,0,0,0,0,0,0.4949209087353431,0.4376496987137486,1.541244887263702,0.0,0.0,0.0
image_532.png,surface,0.0,0.0,2.5348298343703406,-4.349140891790133,-22.20959085136901,0.0,4.755295836561073,0.2672492718450897,0.0,0.0,0.0,4.727947582266239,0,0,0,0,0,0,2.441676931776411,-0.3580255428659834,5.953126665102843,0.0,0.0,0.0
image_534.png,surface,0.0,0.0,2.917665616094188,-10.118120755942424,-8.87205016853129,0.0,1.398174090060045,0.1061767145147903,0.0,0.0,0.0,3.119899035370258,0,0,0,0,0,0,1.2166711506133832,-0.3643966079676007,3.847225461948948,0.0,0.0,0.0
image_536.png,surface,0.0,0.0,1.2826390927617324,-9.179310018788575,-5.020062801718439,0.0,0.2178538679270658,3.795973120876671,0.0,0.0,0.0,1.5114943791814914,0,0,0,0,0,0,-0.0177642609496367,0.1921607620797362,0.4295171602367238,0.0,0.0,0.0
image_537.png,surface,0.0,0.0,1.9035852004141784,-17.43091843234934,17.77530108638957,0.0,3.295809852169873,2.5633737043745053,0.0,0.0,0.0,-3.695459025565597,0,0,0,0,0,0,0.4397889218292358,0.2672826985890256,1.053630551227411,0.0,0.0,0.0
image_538.png,surface,0.0,0.0,1.4376842036793385,-1.2152148370857538,-0.0723740688186437,0.0,-0.7506007274721266,-2.5369216222899285,0.0,0.0,0.0,3.873421337851168,0,0,0,0,0,0,-0.0301676643970164,-0.2615943599699028,0.4733621894218687,0.0,0.0,0.0
image_539.png,surface,0.0,0.0,2.779952860972138,13.381009063447957,-0.8929781673089985,0.0,0.9844970518309786,-2.6476503279811423,0.0,0.0,0.0,2.534781200700181,0,0,0,0,0,0,0.6028168217176048,-0.7575668336570971,2.611988062945422,0.0,0.0,0.0
image_540.png,surface,0.0,0.0,0.6208679850034193,7.996686497335174,-10.551667752073165,0.0,-0.5736338109450343,-0.8686455606366899,0.0,0.0,0.0,-3.632820939994362,0,0,0,0,0,0,-0.0543657152943584,-0.1750107986876796,0.2538355879860851,0.0,0.0,0.0
image_541.png,surface,0.0,0.0,1.0722888375703796,-15.007610604886857,-4.329969630234498,0.0,2.3852820796641594,-3.932674241363524,0.0,0.0,0.0,-3.942913450239056,0,0,0,0,0,0,0.1477564947481565,-0.2108680969410771,0.4726252981750601,0.0,0.0,0.0
image_542.png,surface,0.0,0.0,0.7414163273773997,7.861978274806209,5.065848851250943,0.0,-3.107823254859033,2.571307197976224,0.0,0.0,0.0,-3.951205400932797,0,0,0,0,0,0,-0.1077383973679296,0.0786047854315066,0.230523028541577,0.0,0.0,0.0
image_543.png,surface,0.0,0.0,2.51404922987083,12.124158816326815,20.114115040490027,0.0,-1.4129609491864727,-4.099947729916528,0.0,0.0,0.0,1.004614076856737,0,0,0,0,0,0,-0.5793538436871447,-1.1102359625302396,2.918657636825837,0.0,0.0,0.0
image_544.png,surface,0.0,0.0,0.9776985061241662,9.93116180488135,11.705352662293764,0.0,-2.839678938192656,-1.7667542697861611,0.0,0.0,0.0,1.9556263581448752,0,0,0,0,0,0,-0.1946230970993294,-0.1074303155357119,0.4583809670738609,0.0,0.0,0.0
image_545.png,surface,0.0,0.0,2.3571184524552,-4.386581752174672,-19.77045136470566,0.0,-0.8967596467946217,-4.848931306114896,0.0,0.0,0.0,-3.468418778223733,0,0,0,0,0,0,0.3650093351064815,-1.2887201715251708,2.9534701657281217,0.0,0.0,0.0
image_546.png,surface,0.0,0.0,1.9039912352908777,-15.00545934969671,-3.090289277201439,0.0,-0.7087475189739658,-3.574257308439404,0.0,0.0,0.0,-2.7382420017024622,0,0,0,0,0,0,0.0852524727133241,-0.5519576183542187,1.3289018589824189,0.0,0.0,0.0
image_547.png,surface,0.0,0.0,2.575539963092232,-21.960418130691146,6.450900871095517,0.0,1.6942813496372977,-2.448514336568881,0.0,0.0,0.0,3.9759325753886703,0,0,0,0,0,0,0.7072519568545481,-1.4567747109833815,3.497744739632703,0.0,0.0,0.0
image_548.png,surface,0.0,0.0,2.987371981728036,-10.403906382987598,-17.432283738362372,0.0,-1.0634051253331316,3.7049166358247976,0.0,0.0,0.0,-4.498648644457001,0,0,0,0,0,0,-0.1015290861942722,1.528530208155026,2.983693871866188,0.0,0.0,0.0
image_550.png,surface,0.0,0.0,0.8760433286707219,7.586439063898339,-0.3237152511535608,0.0,2.385071614022381,1.4282887228486496,0.0,0.0,0.0,-4.979179705071706,0,0,0,0,0,0,0.1488522555435079,0.0400795053479012,0.2750401918639631,0.0,0.0,0.0
image_551.png,surface,0.0,0.0,2.090538833469348,-17.747617564993025,-12.478945707536733,0.0,-0.9084673463773216,2.652329402377585,0.0,0.0,0.0,-4.806316844486416,0,0,0,0,0,0,-0.2373045019682573,0.6917844066560299,1.3465783168907255,0.0,0.0,0.0
image_552.png,surface,0.0,0.0,0.5907609325111545,-13.167773894254983,-15.291333361971066,0.0,-4.970751794729142,-0.43989393550284,0.0,0.0,0.0,-2.7117703652441536,0,0,0,0,0,0,-0.1826701730900383,0.0026082039354274,0.3262519005134218,0.0,0.0,0.0
image_553.png,surface,0.0,0.0,2.5435448754970933,11.37541889626542,-3.93247389114288,0.0,-0.9235811277703329,4.1789537115148585,0.0,0.0,0.0,0.7316500343035779,0,0,0,0,0,0,-0.2187298345970587,1.168102537780359,2.990709969737324,0.0,0.0,0.0
image_554.png,surface,0.0,0.0,1.4415982296240608,2.5303054703288272,16.14118532493258,0.0,4.7378082283839165,0.5526781818329688,0.0,0.0,0.0,0.9189380568144854,0,0,0,0,0,0,0.2995193649043166,-0.0425870307236981,0.6505264761812385,0.0,0.0,0.0
image_555.png,surface,0.0,0.0,1.4973368073155495,-7.396441081372653,-13.63000642571163,0.0,0.4202213743680538,-0.0887292612413667,0.0,0.0,0.0,-3.457286963290648,0,0,0,0,0,0,0.2785629396932221,-0.1500928551791328,0.8700776406585827,0.0,0.0,0.0
image_556.png,surface,0.0,0.0,1.9301145320811708,-12.81677357038036,1.9612888066554053,0.0,3.2993374162038984,-3.0250448023338468,0.0,0.0,0.0,-2.50407394790636,0,0,0,0,0,0,0.3947455436903281,-0.3824243625514357,1.0835974619309845,0.0,0.0,0.0
image_557.png,surface,0.0,0.0,1.355238476917689,-16.565825378820943,-17.105254717533555,0.0,-2.185458865443956,3.5729090736843143,0.0,0.0,0.0,2.320469404139056,0,0,0,0,0,0,-0.2394275385092505,0.3434554675644584,0.8687378383916571,0.0,0.0,0.0
image_558.png,surface,0.0,0.0,1.2505880997949292,2.4515153010479818,15.047537354015995,0.0,1.710426738663236,1.115181778983763,0.0,0.0,0.0,-0.2653968411791405,0,0,0,0,0,0,0.2284547116558018,0.0800205776763105,0.5142261585631046,0.0,0.0,0.0
image_559.png,surface,0.0,0.0,1.0124230471144355,3.882965256655989,21.32958065341505,0.0,-3.638417934331516,2.5831112806571683,0.0,0.0,0.0,2.038283312500293,0,0,0,0,0,0,-0.2233411612774954,0.1606735425552999,0.6452588202684421,0.0,0.0,0.0
image_560.png,surface,0.0,0.0,2.297053675775587,1.3263973099922717,-22.248117605916764,0.0,3.6929697260623,2.310604359915589,0.0,0.0,0.0,3.529762913701756,0,0,0,0,0,0,1.771914452077815,0.5364719974010533,4.573224116328006,0.0,0.0,0.0
image_561.png,surface,0.0,0.0,2.421531402094865,-10.250659660347266,-21.632084980702803,0.0,-2.036950977185469,3.8130074662033855,0.0,0.0,0.0,1.7361692867198515,0,0,0,0,0,0,-0.4466009014403363,0.8765452946029246,2.2323975176837982,0.0,0.0,0.0
image_562.png,surface,0.0,0.0,2.0202566601342884,1.6937529183194169,-5.276075632354642,0.0,-0.0177203765764192,-3.692586871198645,0.0,0.0,0.0,-2.9836868131109973,0,0,0,0,0,0,0.1813385193456879,-0.6123962161823984,1.0956467503182028,0.0,0.0,0.0
image_564.png,surface,0.0,0.0,2.2368973580875937,-6.699328233345766,-5.000640900274404,0.0,-1.7479101166968256,-3.11410332325615,0.0,0.0,0.0,1.0215369047183245,0,0,0,0,0,0,-0.1479619498972849,-0.675694714345082,1.5829864268897749,0.0,0.0,0.0
image_565.png,surface,0.0,0.0,0.8946472653615143,-1.458486530624447,11.877540961046355,0.0,-1.077040773330772,-3.488989229243905,0.0,0.0,0.0,-4.879072723215392,0,0,0,0,0,0,0.0026595027637173,-0.142507354951973,0.2642078905358685,0.0,0.0,0.0
image_566.png,surface,0.0,0.0,2.695706154298475,-16.219194816262075,-14.689534774913776,0.0,2.240577141750969,2.858818155015595,0.0,0.0,0.0,-0.0340665409146652,0,0,0,0,0,0,1.257419755190511,0.5577088810731108,3.519188274914853,0.0,0.0,0.0
image_567.png,surface,0.0,0.0,1.6158151461081052,16.619190849275615,-13.953485581689357,0.0,-1.2559882970920762,4.261046979884918,0.0,0.0,0.0,-3.042292217346815,0,0,0,0,0,0,-0.2134793141193336,0.8550016559444937,1.9430582861260688,0.0,0.0,0.0
image_569.png,surface,0.0,0.0,1.0103704761251326,6.643561666455467,-11.343525742291776,0.0,0.7681014580361958,3.019123425312505,0.0,0.0,0.0,0.6587337475328949,0,0,0,0,0,0,0.0332494916339421,0.2098833347796914,0.5094698605155176,0.0,0.0,0.0
image_570.png,surface,0.0,0.0,2.038777802832259,4.507856595560294,-12.141112704853352,0.0,4.07361149679733,2.787150028415728,0.0,0.0,0.0,-0.0566944311516826,0,0,0,0,0,0,0.7502423053921657,0.2520094464725811,1.8275985927699656,0.0,0.0,0.0
image_571.png,surface,0.0,0.0,2.96262221210612,-18.54289950977068,-16.766260140159247,0.0,-1.023379416825028,0.260302062813239,0.0,0.0,0.0,-1.3647258710560028,0,0,0,0,0,0,0.3745607167059607,-1.06563850681892,5.006717139791834,0.0,0.0,0.0
image_574.png,surface,0.0,0.0,1.2212229148388651,0.7994991199070265,-12.284856886012877,0.0,-3.576855186525947,0.6300515988937779,0.0,0.0,0.0,4.423523341965245,0,0,0,0,0,0,-0.2935155088797875,0.0706763488606054,0.4750369422555262,0.0,0.0,0.0
image_575.png,surface,0.0,0.0,1.3146285201058292,-15.281307289148977,-3.811057466697686,0.0,-0.8396416270502828,-1.911965413495092,0.0,0.0,0.0,4.044237167363091,0,0,0,0,0,0,-0.0216481242131597,-0.3524724910613642,0.660063635317972,0.0,0.0,0.0
image_576.png,surface,0.0,0.0,0.9908889751763345,-10.106480741948726,8.885290778533879,0.0,-1.7417717689810623,-3.632452609674728,0.0,0.0,0.0,-1.915675187295942,0,0,0,0,0,0,-0.031902618989656,-0.1521662042665233,0.3205264788260924,0.0,0.0,0.0
image_577.png,surface,0.0,0.0,1.786504179918809,-23.585023868443223,7.083886713479184,0.0,-2.823964423583287,-1.5315237443880678,0.0,0.0,0.0,4.82130705848256,0,0,0,0,0,0,-0.5817005980571889,-0.5660117160376379,1.8211362798358257,0.0,0.0,0.0
image_578.png,surface,0.0,0.0,0.8699364416539985,17.685522607965694,6.169861945133611,0.0,0.4242114882024172,4.211905372038775,0.0,0.0,0.0,-3.104249979766446,0,0,0,0,0,0,0.0022485924654606,0.2985905844291202,0.617055982549656,0.0,0.0,0.0
image_579.png,surface,0.0,0.0,2.0462031905682907,-16.599279707525195,7.19521096521613,0.0,0.1169975816608372,4.652482813339971,0.0,0.0,0.0,-3.427845960665276,0,0,0,0,0,0,-0.0877407628527677,0.5079925498455783,1.042566017506383,0.0,0.0,0.0
image_580.png,surface,0.0,0.0,1.6632755605345717,-22.002043613183595,-3.608009363839874,0.0,2.4630341757247383,1.5974559244684663,0.0,0.0,0.0,-3.796789080626676,0,0,0,0,0,0,0.4910035638919621,0.1984909265165033,1.0624821782042326,0.0,0.0,0.0
image_582.png,surface,0.0,0.0,0.6768021240331519,-16.066175269184505,-15.333625579253916,0.0,3.244711295340541,-0.499725010838242,0.0,0.0,0.0,-0.059787281971114,0,0,0,0,0,0,0.2275172274197789,-0.097802928271046,0.5461804426292839,0.0,0.0,0.0
image_583.png,surface,0.0,0.0,2.7101426802998088,5.067110591682312,-21.41004710924995,0.0,0.7786844409439304,3.453737703451793,0.0,0.0,0.0,-1.7319136677188518,0,0,0,0,0,0,1.4970672068038295,1.6792711815617811,5.841067836500955,0.0,0.0,0.0
image_584.png,surface,0.0,0.0,1.4464534454593738,10.627281024583077,-15.985056175199473,0.0,1.9196492389902224,2.1510098247421343,0.0,0.0,0.0,-2.010080815444857,0,0,0,0,0,0,0.5291269082302281,0.4445068524860816,1.5074483750804997,0.0,0.0,0.0
image_585.png,surface,0.0,0.0,1.0173283967049993,8.677813146091697,4.775308106587063,0.0,0.2505441949029305,4.141758211497156,0.0,0.0,0.0,0.709507320053473,0,0,0,0,0,0,-0.0076482581625529,0.1635900745795956,0.3900778475059862,0.0,0.0,0.0
image_586.png,surface,0.0,0.0,1.7519592862654343,7.7306904770731535,-8.040649877086276,0.0,1.9733819155353416,2.805237538932251,0.0,0.0,0.0,0.8904326855291744,0,0,0,0,0,0,0.261213393766826,0.4311417736951342,1.130075202570637,0.0,0.0,0.0
image_588.png,surface,0.0,0.0,2.2357153668556435,-18.388458594929865,15.967268195841656,0.0,-1.1738252204697095,2.47239367326984,0.0,0.0,0.0,1.411373993021546,0,0,0,0,0,0,-0.4458719161334291,0.6798068042649899,1.6636023292906967,0.0,0.0,0.0
image_589.png,surface,0.0,0.0,1.350216800584248,11.662632106739355,-2.1440046572043445,0.0,-1.5861166752697404,3.474145357308016,0.0,0.0,0.0,1.690297765596041,0,0,0,0,0,0,-0.1589484737606756,0.2526528453927197,0.6852519179361765,0.0,0.0,0.0
image_590.png,surface,0.0,0.0,1.2596088683879758,12.56428652144205,18.91559152683488,0.0,-1.428028426734297,1.079901120732531,0.0,0.0,0.0,4.127275665073633,0,0,0,0,0,0,-0.4775120090991988,0.2932027083863945,1.217910406186512,0.0,0.0,0.0
image_591.png,surface,0.0,0.0,2.1532163925658976,-4.209189854076,-4.814453923182209,0.0,2.73645593238506,-2.297562845577584,0.0,0.0,0.0,2.974302602067935,0,0,0,0,0,0,0.6141899056393557,-0.477235249878463,1.395771390124683,0.0,0.0,0.0
image_592.png,surface,0.0,0.0,0.7220116412672186,-13.543092297901302,6.26480984163966,0.0,1.2498368344965285,-0.0662466229259831,0.0,0.0,0.0,3.705558912556807,0,0,0,0,0,0,0.1301786653227289,-0.0157530483771835,0.2015431055079732,0.0,0.0,0.0
image_593.png,surface,0.0,0.0,1.4135254561854538,-2.3785833131971046,-17.20927828066596,0.0,-3.085534425408562,-2.7933928537245083,0.0,0.0,0.0,-2.7029560581233536,0,0,0,0,0,0,-0.2789144962817306,-0.3172979192904607,0.7394469196333232,0.0,0.0,0.0
image_594.png,surface,0.0,0.0,1.6966944590205362,2.614576989229112,-13.20979133499818,0.0,0.532061410186426,-4.15831143390003,0.0,0.0,0.0,1.642720909393805,0,0,0,0,0,0,0.2667013290835442,-0.4627941689814641,1.0352752601705288,0.0,0.0,0.0
image_595.png,surface,0.0,0.0,2.401293693047301,-3.718955689982818,3.1987501815456123,0.0,1.1095342196018638,0.2257544600905418,0.0,0.0,0.0,3.2298043932813965,0,0,0,0,0,0,0.5264575131815524,0.0451448953793103,1.3884471377321548,0.0,0.0,0.0
image_596.png,surface,0.0,0.0,1.31379328399266,12.687036523390145,5.866383903370341,0.0,1.191732000662603,-3.3657934943369723,0.0,0.0,0.0,-4.226861218962728,0,0,0,0,0,0,0.1862618334748012,-0.2979487586114757,0.5580600227293586,0.0,0.0,0.0
image_597.png,surface,0.0,0.0,2.4803795713956305,4.347840568521502,-18.53518035270976,0.0,0.5169174139706805,4.439340285731795,0.0,0.0,0.0,0.0665151397411021,0,0,0,0,0,0,0.2676996889193086,1.2434242583064148,3.35030619916886,0.0,0.0,0.0
image_598.png,surface,0.0,0.0,2.4567187265702564,1.8525469071656788,-19.29047957237892,0.0,-1.7145803073915786,3.941980353183732,0.0,0.0,0.0,0.3088098910131673,0,0,0,0,0,0,-0.2636103705066572,1.055062538750235,2.5640030447554767,0.0,0.0,0.0
image_599.png,surface,0.0,0.0,0.5486580260471812,-4.638562128789555,16.581305286664257,0.0,1.1990701982615568,-3.915862491161134,0.0,0.0,0.0,0.6645426526137053,0,0,0,0,0,0,0.0591337966441303,-0.072535756008781,0.2049328052432954,0.0,0.0,0.0
image_600.png,surface,0.0,0.0,0.9760328098257004,-6.28816082821202,-23.90716093610277,0.0,3.102463550357363,0.5244888270534586,0.0,0.0,0.0,4.806197086408334,0,0,0,0,0,0,0.5129263892489567,0.0053611333003237,1.133201407860131,0.0,0.0,0.0
image_601.png,surface,0.0,0.0,2.1334856966782354,5.654623855283772,-23.640511067083104,0.0,-2.001290213682603,-1.957910808894956,0.0,0.0,0.0,3.877695788204015,0,0,0,0,0,0,-0.5131942418878209,-0.5576522493833184,1.836209055338741,0.0,0.0,0.0
image_602.png,surface,0.0,0.0,1.7401051507607423,-6.219580545128371,-22.17495534624614,0.0,-1.1811068051588782,4.73090748769001,0.0,0.0,0.0,0.0916905008561874,0,0,0,0,0,0,-0.2140728512168156,0.5803993114498324,1.4622747086473211,0.0,0.0,0.0
image_603.png,surface,0.0,0.0,0.5690908038854814,15.566826574439013,-3.8611078469629407,0.0,2.5108430759174034,-1.5474584878394355,0.0,0.0,0.0,-3.449565808470225,0,0,0,0,0,0,0.1697523708248412,-0.0928508016192212,0.3433723404809548,0.0,0.0,0.0
image_604.png,surface,0.0,0.0,1.3991222025460788,-1.561327038424327,-23.93322185865465,0.0,-0.5658677673281677,1.4426363909093336,0.0,0.0,0.0,4.052558288933662,0,0,0,0,0,0,-0.0846817639657454,0.6770884831549664,1.2219655410477406,0.0,0.0,0.0
image_605.png,surface,0.0,0.0,2.064433999318404,10.184849023307033,-3.93792169505856,0.0,1.1724625988220454,4.292065374212961,0.0,0.0,0.0,-1.6367743808048294,0,0,0,0,0,0,0.0957078569689682,0.7446768318194052,1.6765716152345378,0.0,0.0,0.0
image_607.png,surface,0.0,0.0,1.0171862379491836,0.0043375633060706,22.06150966957562,0.0,-2.7547477143414687,-1.2419048784136568,0.0,0.0,0.0,4.589396446963503,0,0,0,0,0,0,-0.2748419186590082,-0.1133766429638877,0.6457277510618663,0.0,0.0,0.0
image_608.png,surface,0.0,0.0,0.8817975166251275,-3.3662391216925536,-14.847778433743484,0.0,-0.4134059125634781,-0.4754228862018181,0.0,0.0,0.0,-2.6854377579865174,0,0,0,0,0,0,-0.0433167939412324,-0.1784794896874489,0.3919558036834603,0.0,0.0,0.0
image_609.png,surface,0.0,0.0,1.4109211549480296,-6.674435918612672,-13.102704819023872,0.0,3.4155472774913416,2.645672948690157,0.0,0.0,0.0,4.277995667558871,0,0,0,0,0,0,0.3399712009327034,0.1865432130728535,0.759510458580536,0.0,0.0,0.0
image_611.png,surface,0.0,0.0,2.1612482950845235,1.5133218837745797,20.59079321755066,0.0,-2.015563643688108,0.5921635308543401,0.0,0.0,0.0,-1.3087588082799693,0,0,0,0,0,0,-1.3083635008343877,0.2468952902638508,2.7594667974772737,0.0,0.0,0.0
image_613.png,surface,0.0,0.0,1.0711040957330673,-3.5314059042778703,-14.612305866796008,0.0,-3.462145202939324,-0.2960612388780254,0.0,0.0,0.0,3.58189451579954,0,0,0,0,0,0,-0.2679021002884498,0.0147714324207862,0.4186535968557347,0.0,0.0,0.0
image_614.png,surface,0.0,0.0,0.5130610760201355,13.4440687563051,-18.6038717085786,0.0,-2.9663011640175148,-0.8810580769974908,0.0,0.0,0.0,-3.0649302083232186,0,0,0,0,0,0,-0.2424256617965312,-0.0455633406427745,0.4495137090705907,0.0,0.0,0.0
image_615.png,surface,0.0,0.0,0.9586174976095414,-21.81413228421951,-12.443953217342155,0.0,-1.8035219586173208,-2.800330440891156,0.0,0.0,0.0,3.476122415461999,0,0,0,0,0,0,-0.0977091423104779,-0.4015847509311137,0.8753698596129394,0.0,0.0,0.0
image_617.png,surface,0.0,0.0,1.1052746636315918,8.685620761824278,3.454143380038727,0.0,-4.134328885704773,1.1032272518841588,0.0,0.0,0.0,-1.451498488638011,0,0,0,0,0,0,-0.1854795820181199,0.0426436624134902,0.4349768544744462,0.0,0.0,0.0
image_618.png,surface,0.0,0.0,1.30643618154871,5.384341197224599,-11.180689323632178,0.0,-0.2449963021751627,3.199695033159997,0.0,0.0,0.0,-4.123422098663258,0,0,0,0,0,0,-0.057150773982543,0.3879081978463089,0.6638597417409283,0.0,0.0,0.0
image_619.png,surface,0.0,0.0,0.6968460035236641,-21.7791349900818,-2.144159803946595,0.0,-0.4415776169693302,3.736482256062747,0.0,0.0,0.0,2.4970217053541006,0,0,0,0,0,0,-0.0225429955293633,0.1717890847795038,0.3309948005383389,0.0,0.0,0.0
image_620.png,surface,0.0,0.0,1.514614897177784,-11.886128587940776,17.17527712512639,0.0,3.379419143422874,3.560835859627963,0.0,0.0,0.0,0.1939990619871734,0,0,0,0,0,0,0.2653072778494582,0.2605340888887941,0.6847517250898573,0.0,0.0,0.0
image_621.png,surface,0.0,0.0,0.9190651993582672,-16.940001010834756,3.25218422228626,0.0,3.659742871421793,-3.3450987554006573,0.0,0.0,0.0,4.064205696367733,0,0,0,0,0,0,0.1737260255979831,-0.1078550532091529,0.3611537495668375,0.0,0.0,0.0
image_622.png,surface,0.0,0.0,1.9534188792249023,19.46883050126917,12.3783735486436,0.0,2.2372332731285325,-3.009862407781465,0.0,0.0,0.0,4.283808666171117,0,0,0,0,0,0,0.5051023527921492,-0.5352072229956956,1.2946609790473529,0.0,0.0,0.0
image_623.png,surface,0.0,0.0,1.4446935374346854,14.96003814880736,-4.809275491846159,0.0,-3.555565722237013,-0.0478665834940054,0.0,0.0,0.0,1.4028041678183474,0,0,0,0,0,0,-0.4295252957127785,0.0474101629709964,0.8599487355206246,0.0,0.0,0.0
image_624.png,surface,0.0,0.0,2.099130164318148,3.6270995608587455,7.799980197891091,0.0,1.841033859386183,4.312063868245033,0.0,0.0,0.0,1.243812145674596,0,0,0,0,0,0,0.1547876265183277,0.498896871223961,1.1644455967248395,0.0,0.0,0.0
image_625.png,surface,0.0,0.0,2.440385968350242,-4.477865908531336,-0.2270286197392175,0.0,-0.7479030099169182,-2.259414351925838,0.0,0.0,0.0,-4.316348349991161,0,0,0,0,0,0,-0.0640449356532952,-0.8604933567518385,1.795412076310853,0.0,0.0,0.0
image_626.png,surface,0.0,0.0,0.7117574870498551,-12.63786589834866,-6.823101060038332,0.0,3.192192102387362,2.112167806992982,0.0,0.0,0.0,-4.282078921181385,0,0,0,0,0,0,0.1456075860772731,0.0556217579908584,0.2619413917009858,0.0,0.0,0.0
image_627.png,surface,0.0,0.0,1.4561966916819316,-14.144305003821286,-16.074043007928754,0.0,3.7318557994530552,-1.001542472847634,0.0,0.0,0.0,-2.446795403301886,0,0,0,0,0,0,0.6198726428752469,-0.2683587006950763,1.4076688342549837,0.0,0.0,0.0
image_628.png,surface,0.0,0.0,2.944437950397981,17.92608554569922,-8.114985665590817,0.0,4.691268162484212,0.8956887273160842,0.0,0.0,0.0,4.599876986467828,0,0,0,0,0,0,2.782449407790713,1.2450288228505255,7.881932804614485,0.0,0.0,0.0
image_629.png,surface,0.0,0.0,0.5057739901408091,-10.221085328162866,-22.81038011038188,0.0,2.271682563483612,-3.51006542626222,0.0,0.0,0.0,0.4586636311427385,0,0,0,0,0,0,0.1956960295447774,-0.2351111794796006,0.6901511282255688,0.0,0.0,0.0
image_630.png,surface,0.0,0.0,1.64727751692868,11.541434311846736,-20.47158892247556,0.0,-2.675555756253163,1.5541936762382498,0.0,0.0,0.0,-1.5444053534312552,0,0,0,0,0,0,-0.6246087645351543,0.5180666982186041,1.590221359131173,0.0,0.0,0.0
image_631.png,surface,0.0,0.0,1.672273889634048,-10.45924247612678,6.1257864623236085,0.0,-1.776715578878867,-3.4651675604876417,0.0,0.0,0.0,-1.7586474558384235,0,0,0,0,0,0,-0.0905958284806555,-0.4130998611888511,0.8295419230727445,0.0,0.0,0.0
image_632.png,surface,0.0,0.0,2.559303894010531,12.515119862726385,14.186314474233145,0.0,-1.5259145787027817,-3.0545529096425823,0.0,0.0,0.0,-1.306142092532797,0,0,0,0,0,0,-0.7284412312346548,-0.9417566853985874,2.732067841118644,0.0,0.0,0.0
image_634.png,surface,0.0,0.0,2.4400766242407688,15.97092709365136,11.27687946937757,0.0,2.478066201629606,3.4928962538642274,0.0,0.0,0.0,-0.4314358391890005,0,0,0,0,0,0,0.4916640641491601,1.2415113656734356,3.260083914514083,0.0,0.0,0.0
image_635.png,surface,0.0,0.0,0.5055005564084065,-14.036360862564772,1.877447134002504,0.0,-3.489503285627204,1.0688680031980669,0.0,0.0,0.0,3.6525292490811134,0,0,0,0,0,0,-0.0641819057527141,0.0275796329287778,0.1380141480179105,0.0,0.0,0.0
image_636.png,surface,0.0,0.0,1.7268750444119991,9.655608698576572,-2.525683281957768,0.0,-0.8176071227953468,-4.50031726794048,0.0,0.0,0.0,2.586001556722712,0,0,0,0,0,0,0.015622961728721,-0.4063984445634466,0.8316253155978149,0.0,0.0,0.0
image_638.png,surface,0.0,0.0,2.5203888242271946,-18.57161552075775,-1.103989184334328,0.0,3.6355072910921007,-1.42575917112383,0.0,0.0,0.0,-1.5624467351659446,0,0,0,0,0,0,1.0899890275508213,-0.7987144755985772,2.930505954873014,0.0,0.0,0.0
image_639.png,surface,0.0,0.0,1.507368196980845,-16.967355405940896,13.103187275219568,0.0,1.7858267926316438,2.065546028019849,0.0,0.0,0.0,4.591382867808367,0,0,0,0,0,0,0.2873533762959298,0.2720020060717049,0.6665616763125616,0.0,0.0,0.0
image_640.png,surface,0.0,0.0,0.6746960490308895,12.93045385033953,12.210873614872586,0.0,3.655862097570464,-1.8643264155569568,0.0,0.0,0.0,-4.040950115884822,0,0,0,0,0,0,0.1682198276013428,-0.1032301318761272,0.3149305713578993,0.0,0.0,0.0
image_641.png,surface,0.0,0.0,2.270967412410296,15.047888711554943,17.185238539460787,0.0,-2.34192794640437,-0.1505896003524907,0.0,0.0,0.0,0.6012722129440737,0,0,0,0,0,0,-1.576149176538331,0.4839461051188327,4.14375049966496,0.0,0.0,0.0
image_643.png,surface,0.0,0.0,1.3360413489514986,-10.87471049193682,-3.48507959041281,0.0,1.4699868864567047,-0.7468034252625911,0.0,0.0,0.0,-3.1690081276502413,0,0,0,0,0,0,0.2542644440563064,-0.192944167121861,0.5564299299712653,0.0,0.0,0.0
image_644.png,surface,0.0,0.0,1.7458249943870143,17.444241498270095,-4.159024008012139,0.0,4.721953807420479,0.3099227957168507,0.0,0.0,0.0,0.9177820561931184,0,0,0,0,0,0,0.7538491846768632,-0.0500718523912274,1.6432998589392145,0.0,0.0,0.0
image_645.png,surface,0.0,0.0,2.354356027773947,-11.687465015138455,-15.083175678293124,0.0,-3.943635514901272,2.911059524057134,0.0,0.0,0.0,0.3927399526044421,0,0,0,0,0,0,-0.6012142715544034,0.4506403791110706,1.7780303749012691,0.0,0.0,0.0
image_646.png,surface,0.0,0.0,1.2826597823023849,3.718810324815061,5.952179337492697,0.0,2.765799173011007,2.590178413041012,0.0,0.0,0.0,-4.073174006578998,0,0,0,0,0,0,0.2105679385616848,0.1570695647410271,0.403670141503948,0.0,0.0,0.0
image_647.png,surface,0.0,0.0,0.7602436361804819,2.942136496621498,-12.08480021355149,0.0,0.7416403960485729,-3.903596704315379,0.0,0.0,0.0,-1.5685373454497131,0,0,0,0,0,0,0.0829239810232027,-0.1577916187858771,0.3493366935725523,0.0,0.0,0.0
image_648.png,surface,0.0,0.0,2.563141341943692,0.1925775013334087,-19.09975779302164,0.0,1.6126461782910273,4.113830820466876,0.0,0.0,0.0,4.959794371396372,0,0,0,0,0,0,0.852056745960227,1.4325741022122025,3.633493505317624,0.0,0.0,0.0
image_649.png,surface,0.0,0.0,0.524556655398337,-11.08085238017876,-10.383813514768969,0.0,-1.704997320133157,1.3262129837421972,0.0,0.0,0.0,-1.4879728131510328,0,0,0,0,0,0,-0.0847700335853709,0.0514451708686872,0.2015163094626346,0.0,0.0,0.0
image_650.png,surface,0.0,0.0,2.6828278311278173,-5.930370477806847,-18.66789790922536,0.0,3.992570137244573,0.8658263186707661,0.0,0.0,0.0,2.790902505112827,0,0,0,0,0,0,2.295602886416115,-0.1709521942525755,5.442523555169884,0.0,0.0,0.0
image_651.png,surface,0.0,0.0,0.7662438478700422,-2.756765598254268,16.012967587112648,0.0,-2.952888518063918,3.259013670173405,0.0,0.0,0.0,-3.0314240722597177,0,0,0,0,0,0,-0.075754357263619,0.0809644391728463,0.2756073748236287,0.0,0.0,0.0
image_652.png,surface,0.0,0.0,0.814252386371463,-11.128629403516156,11.51850374714351,0.0,1.115391720039047,2.330696765123152,0.0,0.0,0.0,4.633909171217251,0,0,0,0,0,0,0.0738382977617478,0.1268738623643505,0.2249628491338351,0.0,0.0,0.0
image_653.png,surface,0.0,0.0,0.9155721608547408,1.6132031521131038,2.578857874498433,0.0,2.5974982834535165,-0.425542287835639,0.0,0.0,0.0,-1.317348315026709,0,0,0,0,0,0,0.1373924238921251,-0.0491783301745069,0.2255858571879557,0.0,0.0,0.0
image_654.png,surface,0.0,0.0,0.8708575236908587,0.42802257076391,-23.583592218387626,0.0,-1.115866618147564,1.8143095261360804,0.0,0.0,0.0,-4.232976961251444,0,0,0,0,0,0,-0.2048501978559418,0.4012040601275109,0.7323571326375079,0.0,0.0,0.0
image_656.png,surface,0.0,0.0,2.527453411156133,-14.310297733168005,-8.967021842167627,0.0,2.8555331361911604,4.097674437376813,0.0,0.0,0.0,-0.8521416783503302,0,0,0,0,0,0,0.5440490396169219,0.7055175914306264,2.0488937331980903,0.0,0.0,0.0
image_657.png,surface,0.0,0.0,0.923669966417724,9.561667483115372,13.815209606556282,0.0,4.529703818214921,0.4029967688922183,0.0,0.0,0.0,-1.3062132994868758,0,0,0,0,0,0,0.1996225057281198,-0.0407291966780166,0.3858061112782713,0.0,0.0,0.0
image_658.png,surface,0.0,0.0,0.781294051666558,18.727031989119865,12.22717193217404,0.0,-0.9307155325452507,-0.484276729584763,0.0,0.0,0.0,4.6804799694319215,0,0,0,0,0,0,-0.3054319075292329,-0.0373580380328894,0.6163860814161927,0.0,0.0,0.0
image_659.png,surface,0.0,0.0,1.9312015752136928,-12.782066796250056,9.983542150803856,0.0,-4.274235622712752,1.7060013288067857,0.0,0.0,0.0,2.4977650191541336,0,0,0,0,0,0,-0.4675588485414242,0.1984846341065265,1.0535903571594034,0.0,0.0,0.0
image_660.png,surface,0.0,0.0,2.249267393391671,15.41065238725258,15.056872667330484,0.0,-1.071141751761357,0.4480731317317792,0.0,0.0,0.0,-1.394980497694064,0,0,0,0,0,0,-0.8136366330732205,0.6593297290976436,3.36587246850676,0.0,0.0,0.0
image_661.png,surface,0.0,0.0,1.8975996437606075,17.311980784493908,-14.997061724994005,0.0,1.0329331558410244,4.452250942238545,0.0,0.0,0.0,-4.535672081190958,0,0,0,0,0,0,0.4936257803508376,1.4394485601119718,3.6294941955508486,0.0,0.0,0.0
image_662.png,surface,0.0,0.0,0.5692246662026761,20.06655232626862,6.814682500144185,0.0,-1.6802731039127927,1.3145528972752414,0.0,0.0,0.0,-1.9737424123426548,0,0,0,0,0,0,-0.173210104890172,0.1547744082019507,0.5299688351994818,0.0,0.0,0.0
image_663.png,surface,0.0,0.0,2.415220631253004,-1.2188567141058666,-19.0129252058259,0.0,-3.68288892476627,-1.0952531778359151,0.0,0.0,0.0,2.099031830455825,0,0,0,0,0,0,-0.8374572552521646,-0.1661385006202425,1.768683021085684,0.0,0.0,0.0
image_664.png,surface,0.0,0.0,2.285475539836478,-8.872306360624954,9.160974545654568,0.0,0.7001435114911414,2.3967723278810005,0.0,0.0,0.0,-2.2458816639775314,0,0,0,0,0,0,0.0945101295440495,0.5497411169398535,1.122697358087433,0.0,0.0,0.0
image_665.png,surface,0.0,0.0,2.2931489379998,-0.5298129340602391,-22.327389990953293,0.0,-2.9015440407894766,2.966497181007118,0.0,0.0,0.0,0.1892406808884663,0,0,0,0,0,0,-0.5404725981320945,0.6882921191188474,2.194320337257768,0.0,0.0,0.0
image_666.png,surface,0.0,0.0,1.0180330724347648,-13.853379953089815,-12.80360254234847,0.0,-0.5311484504699784,0.2702315896815865,0.0,0.0,0.0,2.719980301981785,0,0,0,0,0,0,-0.1014834294944657,0.1254973976819025,0.4762427642957597,0.0,0.0,0.0
image_667.png,surface,0.0,0.0,0.6757067692216601,7.788190071851863,13.128399848621696,0.0,-2.693359755900576,-0.2626382101462172,0.0,0.0,0.0,1.1577602322932865,0,0,0,0,0,0,-0.103309697486718,-0.0334362935147829,0.2992749818688718,0.0,0.0,0.0
image_668.png,surface,0.0,0.0,2.9932110575760413,2.015008031603666,6.7560159304979175,0.0,-3.849050752675197,1.6431372758832696,0.0,0.0,0.0,4.189835465572827,0,0,0,0,0,0,-1.6962262970289148,0.6807884202213873,3.5249628226853007,0.0,0.0,0.0
image_670.png,surface,0.0,0.0,2.31560685615148,-5.060807523496187,-22.3317373238964,0.0,2.999576080559378,-2.915546264318614,0.0,0.0,0.0,-3.7838967257485367,0,0,0,0,0,0,2.0809981346465563,-1.2757106138979184,5.112847343362577,0.0,0.0,0.0
image_672.png,surface,0.0,0.0,1.7623306597312276,-15.312270119529575,-6.127257956299486,0.0,-2.0840471700437244,-0.588782302203773,0.0,0.0,0.0,4.581541526350069,0,0,0,0,0,0,-0.5007467036306278,-0.1774506806562248,0.9884491709414728,0.0,0.0,0.0
image_673.png,surface,0.0,0.0,1.760241646275058,11.021017319099716,-13.684030731468074,0.0,3.418455072372065,-1.8342239685339807,0.0,0.0,0.0,-1.098406536421935,0,0,0,0,0,0,0.6916114933909014,-0.2641018853456996,1.7984936215247822,0.0,0.0,0.0
image_674.png,surface,0.0,0.0,0.8071450335380479,-13.93716976680684,-15.693938316870849,0.0,0.5493981213025455,2.576116556388476,0.0,0.0,0.0,-0.9537667699481424,0,0,0,0,0,0,0.0306927164447889,0.1962413899497596,0.4636977490697777,0.0,0.0,0.0
image_675.png,surface,0.0,0.0,1.3790191118316346,-12.640516074133474,-11.11302799217042,0.0,4.257332822267715,-0.5367909389559874,0.0,0.0,0.0,3.030990657175358,0,0,0,0,0,0,0.396320699833646,-0.1165857720521098,0.8512936128762838,0.0,0.0,0.0
image_677.png,surface,0.0,0.0,2.2255373155091016,-6.568405072171457,6.669670788521749,0.0,2.234040352443165,3.519393056528405,0.0,0.0,0.0,-3.446460979922401,0,0,0,0,0,0,0.2555747913407474,0.4652104544125958,1.0594475260696463,0.0,0.0,0.0
image_678.png,surface,0.0,0.0,2.3291769996738902,5.73001459847366,-17.803698589951086,0.0,-1.9341626573526247,-0.7972668219475352,0.0,0.0,0.0,-4.7623235002126805,0,0,0,0,0,0,-0.3623277649378575,-0.2044057918947948,1.836276045452088,0.0,0.0,0.0
image_681.png,surface,0.0,0.0,2.474861756669939,-20.45773724101945,8.611837959265033,0.0,-3.720825023508339,-3.0042813095407337,0.0,0.0,0.0,1.5367438547530732,0,0,0,0,0,0,-0.9053609429840892,-1.4220170113734472,4.04151465468341,0.0,0.0,0.0
image_682.png,surface,0.0,0.0,0.7413468063431283,20.677976696599583,-4.660772158134754,0.0,2.869983724393376,0.4850621657800122,0.0,0.0,0.0,0.9542271040147644,0,0,0,0,0,0,0.3219824612090189,-0.0153283107037424,0.6782581501028239,0.0,0.0,0.0
image_683.png,surface,0.0,0.0,1.9438718296333,-0.0563424640842867,-5.812846746530768,0.0,-3.956999883744264,0.8417098634855207,0.0,0.0,0.0,-4.73867911998036,0,0,0,0,0,0,-0.524483621859926,0.1467043924065691,0.8603328121704771,0.0,0.0,0.0
image_684.png,surface,0.0,0.0,1.8353701908566409,-16.48538422519425,12.005832252260058,0.0,-4.294113338405403,-0.3331625370776587,0.0,0.0,0.0,3.5989392868271235,0,0,0,0,0,0,-0.6168532131280566,-0.033645516146515,1.2974522337701149,0.0,0.0,0.0
image_685.png,surface,0.0,0.0,1.5779805003009877,-7.449632754380862,14.541672195087989,0.0,3.5271041813728226,2.421731319335968,0.0,0.0,0.0,-1.89060441101956,0,0,0,0,0,0,0.3329400691625323,0.13508073807673,0.6331313767489863,0.0,0.0,0.0
image_686.png,surface,0.0,0.0,1.0229228885588963,3.557859194708361,0.3087843162724182,0.0,2.865237222311032,1.9958015646521776,0.0,0.0,0.0,0.9926023941952922,0,0,0,0,0,0,0.1513085859930871,0.0496282374878556,0.300297697599292,0.0,0.0,0.0
image_687.png,surface,0.0,0.0,1.5688162858743586,19.488534415153044,-7.779366031548423,0.0,4.581792687054059,1.5236804522726977,0.0,0.0,0.0,3.407452853078013,0,0,0,0,0,0,0.7992258567243573,0.1383040250873999,1.8953345293781751,0.0,0.0,0.0
image_688.png,surface,0.0,0.0,2.610707848614094,12.493523415875222,15.985320012388904,0.0,0.036310520189674,-3.4861209083159976,0.0,0.0,0.0,-2.369620583310833,0,0,0,0,0,0,0.0582237064279913,-1.1704905073665943,2.237995658155769,0.0,0.0,0.0
image_689.png,surface,0.0,0.0,2.326758435221546,1.9441400384450016,10.304235479241592,0.0,-2.0774613439332525,-4.491841225786355,0.0,0.0,0.0,-2.9126535236337747,0,0,0,0,0,0,-0.205763331852068,-0.8027258869588547,1.609983442568328,0.0,0.0,0.0
image_690.png,surface,0.0,0.0,1.601508082107288,9.35003280786985,-22.37190066303973,0.0,-1.6757949256934,1.0140843731947309,0.0,0.0,0.0,-2.568604909455616,0,0,0,0,0,0,-0.3972475308397137,0.5794019644684929,1.6428264621382345,0.0,0.0,0.0
image_691.png,surface,0.0,0.0,2.918971702392557,-5.618589195449476,10.055400363253488,0.0,-4.513484405458752,0.4569635135997381,0.0,0.0,0.0,2.490922642361056,0,0,0,0,0,0,-1.9514807305260229,-0.0142177003428185,3.861923092817125,0.0,0.0,0.0
image_692.png,surface,0.0,0.0,2.463229789263345,2.0171637959400788,-20.095789888295336,0.0,-3.717379605684143,0.5821389663401063,0.0,0.0,0.0,0.578595560386054,0,0,0,0,0,0,-0.9034342302522632,0.2854048393225142,2.068794262869496,0.0,0.0,0.0
image_694.png,surface,0.0,0.0,2.3768413089374487,-4.182908497837156,-9.256468680296472,0.0,0.7334691684381512,1.961776442023737,0.0,0.0,0.0,-4.032586230876221,0,0,0,0,0,0,0.4700471386808683,0.7237624341586646,1.6882457589870168,0.0,0.0,0.0
image_695.png,surface,0.0,0.0,2.2963444491679192,-14.496135604729782,13.398921844691964,0.0,-1.4294960156412744,2.7968448289949754,0.0,0.0,0.0,4.924750308223274,0,0,0,0,0,0,-0.4145240260464194,0.6955126595673459,1.4928623944012367,0.0,0.0,0.0
image_696.png,surface,0.0,0.0,0.6230516379422077,20.73441022868213,-9.884497704044731,0.0,2.28955597332897,-2.235919436375123,0.0,0.0,0.0,-2.059270493709111,0,0,0,0,0,0,0.2480064324028554,-0.209367357161585,0.622308007436004,0.0,0.0,0.0
image_697.png,surface,0.0,0.0,2.81639316407306,-8.381411373998876,21.622551394687022,0.0,-3.121491217847292,0.4966120785778513,0.0,0.0,0.0,2.2371408403842405,0,0,0,0,0,0,-2.2402852289307944,-0.5369344895343565,5.740057910593637,0.0,0.0,0.0
image_699.png,surface,0.0,0.0,1.0978187448814225,-23.577829404688813,-3.1138997027771995,0.0,-0.6581424632849425,-1.2607370803771625,0.0,0.0,0.0,4.233505958729616,0,0,0,0,0,0,0.0169683124830135,-0.3907303437209511,0.7858710681822995,0.0,0.0,0.0
image_700.png,surface,0.0,0.0,1.620564477493252,5.083718268940352,-16.688347925889563,0.0,3.972893287018741,0.1165565908869637,0.0,0.0,0.0,-2.620695295077662,0,0,0,0,0,0,0.7082381415703647,-0.155922773022736,1.5590262963495856,0.0,0.0,0.0
image_701.png,surface,0.0,0.0,2.5844511669750263,8.000631008530837,6.296995080730988,0.0,2.3808373452091898,-2.744578279324972,0.0,0.0,0.0,2.656623053079058,0,0,0,0,0,0,0.678132113718087,-0.6017305812715428,1.8469274734741463,0.0,0.0,0.0
image_702.png,surface,0.0,0.0,1.126264548931602,7.695814703085885,-10.759036678273237,0.0,-1.262280632557783,-1.9161994698383884,0.0,0.0,0.0,4.808047006124745,0,0,0,0,0,0,-0.1240926272385483,-0.2302738893098545,0.4220477625986127,0.0,0.0,0.0
image_703.png,surface,0.0,0.0,2.7852319828931584,-10.071918857176485,-0.5057315567835055,0.0,2.0638984840687007,0.2089734565786057,0.0,0.0,0.0,-4.274672507946832,0,0,0,0,0,0,1.039020931667049,-0.1641091984026904,2.3681507493762703,0.0,0.0,0.0
image_704.png,surface,0.0,0.0,0.6618495218695899,12.84799079510484,3.382437894098343,0.0,1.0546678089060155,1.303848050452952,0.0,0.0,0.0,-2.129001842845017,0,0,0,0,0,0,0.1268913829366749,0.1061498101054115,0.278318241410375,0.0,0.0,0.0
image_705.png,surface,0.0,0.0,0.723392710449932,16.004249140336327,13.619608114100766,0.0,-1.0669578258070491,-2.190028369348636,0.0,0.0,0.0,4.6017108681431225,0,0,0,0,0,0,-0.0857775247610967,-0.2054975250257878,0.4268040606461994,0.0,0.0,0.0
image_706.png,surface,0.0,0.0,1.9983101461118769,-16.681200510415994,15.191116678518672,0.0,-2.299975596258577,-0.1467464437546908,0.0,0.0,0.0,0.9898607155930907,0,0,0,0,0,0,-0.7249256653495696,-0.2010487911721155,1.869168191105116,0.0,0.0,0.0
image_708.png,surface,0.0,0.0,2.1787626988811395,-4.252933274268098,-14.16305151765056,0.0,0.0734037189855009,-0.9629195963295978,0.0,0.0,0.0,3.235487347243069,0,0,0,0,0,0,0.4177945676425447,-0.4506907183908862,1.862603159997178,0.0,0.0,0.0
image_709.png,surface,0.0,0.0,0.6086148208839948,-11.547202071295173,-2.245426102884193,0.0,0.6399002228727783,-3.972365819236008,0.0,0.0,0.0,2.3112094265091967,0,0,0,0,0,0,0.0550733941413562,-0.0727434055380189,0.1862090685630079,0.0,0.0,0.0
image_710.png,surface,0.0,0.0,1.1506059222660632,8.779692757428998,-13.40261346163228,0.0,-4.422969431041556,2.323225427209216,0.0,0.0,0.0,-4.569631887586686,0,0,0,0,0,0,-0.3135588000947554,0.1659245586810277,0.5879152832440206,0.0,0.0,0.0
image_711.png,surface,0.0,0.0,2.2578617034474213,-17.66698751472314,14.36620511286332,0.0,0.4278632481752205,-3.4987221820785823,0.0,0.0,0.0,0.2393231085473193,0,0,0,0,0,0,0.1245339753366761,-1.0444016231468618,2.3755464578896994,0.0,0.0,0.0
image_712.png,surface,0.0,0.0,1.3610039208148308,15.164933399077649,13.466408019120031,0.0,3.2442239482469004,0.3855317058908231,0.0,0.0,0.0,-2.660311598085042,0,0,0,0,0,0,0.4225930867921876,-0.0132801312562595,0.7973397755871842,0.0,0.0,0.0
image_713.png,surface,0.0,0.0,1.2616366825453766,-12.164172367369355,17.671733770118777,0.0,1.070827356012275,-2.4551279548143983,0.0,0.0,0.0,3.635694636049804,0,0,0,0,0,0,0.1946915821490389,-0.3169549829467197,0.6259969296776068,0.0,0.0,0.0
image_714.png,surface,0.0,0.0,2.5494424072706154,10.439022652152495,12.628192873742616,0.0,-3.0753486645770263,1.012762805785351,0.0,0.0,0.0,0.7131592172131196,0,0,0,0,0,0,-1.6514081586090523,0.6668192700726565,4.121603568192676,0.0,0.0,0.0
image_716.png,surface,0.0,0.0,2.36247734648943,10.460784302928529,14.146747920090831,0.0,-0.9337200198569556,1.819568546077354,0.0,0.0,0.0,-1.7673537672099862,0,0,0,0,0,0,-0.6066413312713795,1.107177851281463,2.937660498978401,0.0,0.0,0.0
image_717.png,surface,0.0,0.0,2.069063540018731,20.35034590078006,-6.512819733369058,0.0,-2.677133798601729,-3.917142637008217,0.0,0.0,0.0,-3.506771660219851,0,0,0,0,0,0,-0.2835166916222063,-0.7054263514859614,1.5638406524954045,0.0,0.0,0.0
image_718.png,surface,0.0,0.0,2.8860128597097865,-7.846367228750894,-21.8178409116146,0.0,2.769237972337376,-0.2971632133705478,0.0,0.0,0.0,-3.4591899644331905,0,0,0,0,0,0,3.154341490392995,-1.2136359894757431,8.17538969513924,0.0,0.0,0.0
image_719.png,surface,0.0,0.0,0.5526424894732744,-22.811156851341824,9.30350092150146,0.0,0.9077300288176908,-0.3946327954505156,0.0,0.0,0.0,-2.909900959107677,0,0,0,0,0,0,0.134779338773211,-0.0831258819999134,0.3050562286506564,0.0,0.0,0.0
image_720.png,surface,0.0,0.0,0.8816077490336117,1.118255832067064,-10.891483139955124,0.0,0.5545075276042484,-1.3313488864490812,0.0,0.0,0.0,-1.395702390434863,0,0,0,0,0,0,0.12084643588232,-0.1791637892724375,0.355924054718271,0.0,0.0,0.0
image_721.png,surface,0.0,0.0,1.649720696365148,13.675694257512124,19.345738137155006,0.0,2.4418407131813,2.5987865603007942,0.0,0.0,0.0,1.9098308744496608,0,0,0,0,0,0,0.3782771720701935,0.5125923015386964,1.3944248888464226,0.0,0.0,0.0
image_723.png,surface,0.0,0.0,1.233398358534409,23.67555445874873,-4.568561613008437,0.0,3.684251706853209,-1.8570345671768949,0.0,0.0,0.0,-2.726703563818748,0,0,0,0,0,0,0.4699649566212171,-0.2158800014876824,1.148354571499062,0.0,0.0,0.0
image_724.png,surface,0.0,0.0,2.9507406649216885,17.08303082330755,3.1245790564302416,0.0,1.1211791542686869,2.891985238648284,0.0,0.0,0.0,-1.2382210270286622,0,0,0,0,0,0,0.7129483911003821,2.2067796409507325,6.712017465134922,0.0,0.0,0.0
image_725.png,surface,0.0,0.0,0.6105512120651024,6.885800206232458,-18.408647318914348,0.0,-3.8914909515484593,-1.4434616851563584,0.0,0.0,0.0,3.3733852941115643,0,0,0,0,0,0,-0.2055807050528428,-0.0500718523912275,0.3516411534716646,0.0,0.0,0.0
image_726.png,surface,0.0,0.0,0.5647446813483852,3.19041991055123,-11.399025594069103,0.0,4.548402401481852,1.397608076271425,0.0,0.0,0.0,-3.092362051663556,0,0,0,0,0,0,0.1338129386273108,0.0075320147423561,0.2656258479350316,0.0,0.0,0.0
image_728.png,surface,0.0,0.0,0.9002251024752063,-2.9495290413606337,-13.15091652492834,0.0,-0.3289792711545851,0.2668599478975614,0.0,0.0,0.0,-0.4370649448238017,0,0,0,0,0,0,-0.0792714450386982,0.0838432167372807,0.3766329317573865,0.0,0.0,0.0
image_729.png,surface,0.0,0.0,0.6074432057446404,-2.6084711480013083,-18.164047263342766,0.0,0.2688922726711027,1.792286577016848,0.0,0.0,0.0,-1.5838916291662453,0,0,0,0,0,0,0.00391049633841,0.1670257304269863,0.386676982751773,0.0,0.0,0.0
image_731.png,surface,0.0,0.0,2.7047264258895667,15.121366681170668,-5.951019082205226,0.0,-1.817237536875366,0.2670010546912151,0.0,0.0,0.0,2.963373998977313,0,0,0,0,0,0,-0.6711329416377795,0.6366628952583359,3.4993324053190102,0.0,0.0,0.0
image_732.png,surface,0.0,0.0,1.2651618436743843,0.1635572138335584,-11.454155828890675,0.0,4.796621602089183,0.3821146584852435,0.0,0.0,0.0,-3.518005835330458,0,0,0,0,0,0,0.3001585587016048,-0.0364613696111803,0.6259567356095993,0.0,0.0,0.0
image_734.png,surface,0.0,0.0,2.663190383139556,-6.212520540230054,-6.313543219331761,0.0,-4.216139335997185,-2.0218636853056293,0.0,0.0,0.0,0.6317757983849495,0,0,0,0,0,0,-0.786288269889244,-0.3160394372950799,2.139419706366709,0.0,0.0,0.0
image_735.png,surface,0.0,0.0,1.2010447070266017,-5.21170944189986,-20.674385960894096,0.0,2.924011362710837,2.839030105604506,0.0,0.0,0.0,-0.607003148584436,0,0,0,0,0,0,0.4029317899655988,0.2098959195996452,1.0415991268704183,0.0,0.0,0.0
image_736.png,surface,0.0,0.0,1.5885979807264117,6.155980820486401,23.03618154250619,0.0,0.222675324006979,-1.5370564567404692,0.0,0.0,0.0,-4.579536220840144,0,0,0,0,0,0,0.037267281216897,-0.3819713090330985,1.0144413349198336,0.0,0.0,0.0
image_738.png,surface,0.0,0.0,0.8082169473641669,8.278871852557124,-17.001413430166235,0.0,-4.5987317496254025,1.875533598800853,0.0,0.0,0.0,3.0676609498556147,0,0,0,0,0,0,-0.2343520353807829,0.0940683829497524,0.4624428009464245,0.0,0.0,0.0
image_740.png,surface,0.0,0.0,0.9717990038808136,17.109269699237608,1.3756583994858285,0.0,1.774994351616289,4.434467562755077,0.0,0.0,0.0,-1.5053143967206672,0,0,0,0,0,0,0.0859829799102251,0.2745976251871785,0.6423291193114317,0.0,0.0,0.0
image_742.png,surface,0.0,0.0,0.948472532594932,-20.540300572018094,-11.005117771830076,0.0,-4.253516388407378,2.238460160371752,0.0,0.0,0.0,1.2089131674567142,0,0,0,0,0,0,-0.2183661028886017,0.1322633115095705,0.5837663622241072,0.0,0.0,0.0
image_743.png,surface,0.0,0.0,0.5792801674979846,21.895437757633147,11.512631989027394,0.0,0.8521014256550773,-4.573851514028651,0.0,0.0,0.0,2.21854934672489,0,0,0,0,0,0,0.0765229117103586,-0.2044120843047716,0.4497504074710807,0.0,0.0,0.0
image_745.png,surface,0.0,0.0,0.9048798656790698,-7.605838565893104,17.071574679949606,0.0,4.842416655805721,-0.4459351798882091,0.0,0.0,0.0,-3.196947644795276,0,0,0,0,0,0,0.1976318736165648,-0.0342810495541825,0.3190839583853691,0.0,0.0,0.0
image_748.png,surface,0.0,0.0,1.413795277192953,-7.741056246253691,-17.62174855203366,0.0,-2.228568833078303,3.376506133152336,0.0,0.0,0.0,0.0493018123262558,0,0,0,0,0,0,-0.2205104458895047,0.2932766442036233,0.8225816502960656,0.0,0.0,0.0
image_749.png,surface,0.0,0.0,1.493669063038659,-0.9289256387801724,-7.978370002260807,0.0,-0.7362938779826312,-1.0162458085032018,0.0,0.0,0.0,1.1473361303424632,0,0,0,0,0,0,-0.1161392301322899,-0.2670278559849608,0.6120093940109023,0.0,0.0,0.0
image_751.png,surface,0.0,0.0,2.2632918888674487,10.828591379750431,1.6952082110170548,0.0,-2.667492426885852,1.3379022078617748,0.0,0.0,0.0,-0.9778270022377198,0,0,0,0,0,0,-1.0480594363387037,0.7069554071103497,2.063707480262734,0.0,0.0,0.0
image_752.png,surface,0.0,0.0,2.765355433949281,-13.029780107891716,-1.391718735705919,0.0,2.659192093434569,-3.2104840237989163,0.0,0.0,0.0,3.603347123714487,0,0,0,0,0,0,0.8884451357058522,-1.169332703930844,3.3757624422404486,0.0,0.0,0.0
image_755.png,surface,0.0,0.0,1.5240831093325835,7.171251398448649,-2.203059892013105,0.0,-0.2602883148303007,-4.426968804675544,0.0,0.0,0.0,-4.237303678726278,0,0,0,0,0,0,0.0723772833679459,-0.3674264033714804,0.6159037526000998,0.0,0.0,0.0
image_757.png,surface,0.0,0.0,1.8531129118630227,13.44029362552355,-18.567265361999283,0.0,4.127757859251608,-0.1353333701871071,0.0,0.0,0.0,-1.5061642161629107,0,0,0,0,0,0,1.1458149962939843,-0.0315658746491476,2.9867642520612265,0.0,0.0,0.0
image_758.png,surface,0.0,0.0,2.740763730014558,12.175921531722192,-17.666756925893022,0.0,-3.3862948303121696,1.796319485412828,0.0,0.0,0.0,2.949355800662944,0,0,0,0,0,0,-1.1703737351197965,1.1634508737049312,3.4324494761540767,0.0,0.0,0.0
image_759.png,surface,0.0,0.0,1.980944490573978,18.696729599706213,1.9366807916414743,0.0,-1.3760056593721348,-2.4294203272706043,0.0,0.0,0.0,2.748467623562828,0,0,0,0,0,0,-0.4436895258826875,-0.5937077585509879,1.3004891189084802,0.0,0.0,0.0
image_760.png,surface,0.0,0.0,1.141577053231349,0.1046434388002715,10.130141446955438,0.0,-3.789088717100537,-0.5236091693827591,0.0,0.0,0.0,-2.4830528575146404,0,0,0,0,0,0,-0.1837568025454285,-0.0333371880576466,0.3617812236285146,0.0,0.0,0.0
image_761.png,surface,0.0,0.0,2.8814658237558226,0.4052673625606068,-23.22324142927147,0.0,2.2758647498463263,-0.0466211435625186,0.0,0.0,0.0,0.6748997611235774,0,0,0,0,0,0,3.1605964582664585,-0.4213633685910222,8.538438148411892,0.0,0.0,0.0
image_763.png,surface,0.0,0.0,1.6910956614197812,-9.02940112043159,19.49141097177304,0.0,-3.793557692379175,-3.166909578410336,0.0,0.0,0.0,-4.513018140932251,0,0,0,0,0,0,-0.4696590567325143,-0.3943484794576719,1.403466321144393,0.0,0.0,0.0
image_764.png,surface,0.0,0.0,2.7191262808746672,-8.520408133846788,-13.243122742240828,0.0,-2.044707046590763,-4.115244025227754,0.0,0.0,0.0,-1.2904987847025229,0,0,0,0,0,0,0.028318568054861,-1.4665452505750225,3.38266912292645,0.0,0.0,0.0
image_765.png,surface,0.0,0.0,2.274804601867072,1.0519416893422262,20.864005625252982,0.0,-0.9161473319431168,-2.5096486198648487,0.0,0.0,0.0,3.952853551559299,0,0,0,0,0,0,-0.5916050581351698,-0.9498267011939696,2.5004160291671824,0.0,0.0,0.0
image_766.png,surface,0.0,0.0,1.8384560681642104,8.28639875041913,12.84371700200002,0.0,4.6848322977745545,0.6094612395857303,0.0,0.0,0.0,-4.328195115315036,0,0,0,0,0,0,0.4706376319983631,-0.040557728506146,0.913822184673709,0.0,0.0,0.0
image_767.png,surface,0.0,0.0,2.219570132689425,0.3319259033478456,-19.100799375771164,0.0,-1.4444798040941,-0.2947850240910191,0.0,0.0,0.0,2.371036550003457,0,0,0,0,0,0,-0.2767412373709506,-0.0207838301537196,1.8880594030687663,0.0,0.0,0.0
image_768.png,surface,0.0,0.0,1.5944837492271309,13.945487376313176,-5.551018480798538,0.0,-0.4335281980765782,2.358437216706313,0.0,0.0,0.0,-4.839339726167228,0,0,0,0,0,0,-0.0262868449134804,0.653180471447713,1.2184530261046165,0.0,0.0,0.0
image_769.png,surface,0.0,0.0,1.4920147059451392,-4.516384530007999,-2.8536067508111445,0.0,2.552037735679034,-2.710181360110845,0.0,0.0,0.0,-3.653181807802389,0,0,0,0,0,0,0.2212181247365024,-0.2065106030320699,0.547734613258917,0.0,0.0,0.0
image_770.png,surface,0.0,0.0,2.069595100943457,7.54639552219912,-20.97379384445735,0.0,-2.833160920622147,2.259901704531033,0.0,0.0,0.0,3.672965770979719,0,0,0,0,0,0,-0.7110916853082582,0.7740733981290144,1.887947752879856,0.0,0.0,0.0
image_771.png,surface,0.0,0.0,2.3425205802199245,-14.103433124703358,6.05305894304408,0.0,0.6767360589634721,1.3822980758630476,0.0,0.0,0.0,0.0875769984058338,0,0,0,0,0,0,0.3032403859385306,0.5064572018112128,1.307590070923186,0.0,0.0,0.0
image_772.png,surface,0.0,0.0,2.8436505635598097,7.531751342596069,-15.291772209351729,0.0,-4.0992710467300535,-0.6070709424713164,0.0,0.0,0.0,-2.8393143361967144,0,0,0,0,0,0,-1.3456589370161651,-0.0700943009377416,2.3128437117975764,0.0,0.0,0.0
image_773.png,surface,0.0,0.0,2.591363868308692,4.875103866213022,8.211952493455597,0.0,1.4479486195250115,-0.6123569785752115,0.0,0.0,0.0,4.157498551413351,0,0,0,0,0,0,0.5200868816685791,-0.1997682857418152,1.8279692713971465,0.0,0.0,0.0
image_774.png,surface,0.0,0.0,2.9017312658908225,11.752597912042123,15.537860920591523,0.0,-1.2058700409179917,-0.3493547933097035,0.0,0.0,0.0,-4.76200270711924,0,0,0,0,0,0,-0.7848150803754944,0.2810158833636223,4.530551414126421,0.0,0.0,0.0
image_775.png,surface,0.0,0.0,0.7897153084121262,9.05324082231399,-8.18703119402012,0.0,1.0665006030389736,-4.7554474018866335,0.0,0.0,0.0,2.502233207280886,0,0,0,0,0,0,0.0913704704873691,-0.1875389869516991,0.3360994471753262,0.0,0.0,0.0
image_776.png,surface,0.0,0.0,2.973683664617594,21.81492336766124,-6.821305863233262,0.0,3.639633026870591,3.223938103709822,0.0,0.0,0.0,4.808020093415925,0,0,0,0,0,0,2.4587160121441225,2.9614692701458885,10.935163530636014,0.0,0.0,0.0
image_777.png,surface,0.0,0.0,1.0007544666754409,24.57469316929493,-2.0869183684832384,0.0,-4.506962762584071,1.099698847487249,0.0,0.0,0.0,-0.5973645535659866,0,0,0,0,0,0,-0.4291843923542245,0.128251900149293,1.0734596247779116,0.0,0.0,0.0
image_778.png,surface,0.0,0.0,0.7022598079051146,11.77685155665156,0.1457449411673075,0.0,-2.3265666849736424,-1.924511546900611,0.0,0.0,0.0,-1.6544698584285822,0,0,0,0,0,0,-0.1004333253989208,-0.1252252509504013,0.2694398183882137,0.0,0.0,0.0
image_779.png,surface,0.0,0.0,2.1420262571225344,6.383845177594775,17.558501889210625,0.0,-1.642020767100682,2.3595146660545403,0.0,0.0,0.0,-0.5690044710184727,0,0,0,0,0,0,-0.597771756389008,0.6657904610414319,2.151911129502011,0.0,0.0,0.0
image_780.png,surface,0.0,0.0,2.183718219552253,-0.1628214061672103,-16.00413620252549,0.0,0.1313638771319,1.375538092207519,0.0,0.0,0.0,-0.0085740254495636,0,0,0,0,0,0,0.4332478386369854,0.6775132208284076,2.165793713991141,0.0,0.0,0.0
image_781.png,surface,0.0,0.0,2.9345556459057587,15.572494827039316,17.04379514213626,0.0,-2.8050423498908943,0.0996060780617655,0.0,0.0,0.0,-1.4161613022168886,0,0,0,0,0,0,-2.0979230732647527,0.8444068106458783,7.507927001802165,0.0,0.0,0.0
image_783.png,surface,0.0,0.0,1.4816458283148288,-10.397045488300687,-12.687795549853078,0.0,3.3744242918677863,-2.903423747992011,0.0,0.0,0.0,-2.176055177305228,0,0,0,0,0,0,0.3932069129068556,-0.3276410681899998,0.998598173113436,0.0,0.0,0.0
image_785.png,surface,0.0,0.0,2.0236358681273563,-0.729036501081967,-23.698473314525536,0.0,0.0682108713088731,-0.0441903417515433,0.0,0.0,0.0,0.0879503270706996,0,0,0,0,0,0,1.0539111033638784,-0.1598004706710042,3.192343511898315,0.0,0.0,0.0
image_786.png,surface,0.0,0.0,2.413546838585325,-19.710061107534088,10.680484646992594,0.0,-3.207786915802029,2.358116204926373,0.0,0.0,0.0,-4.188496696248469,0,0,0,0,0,0,-0.7380930575737079,0.4214624740481589,1.879038067804801,0.0,0.0,0.0
image_788.png,surface,0.0,0.0,1.466101699562472,21.44949358005051,-1.7758512368498658,0.0,-1.7277138433903572,-0.4359284217562635,0.0,0.0,0.0,3.933370197177302,0,0,0,0,0,0,-0.6270179163949341,0.1347173514005636,1.329134091375353,0.0,0.0,0.0
image_789.png,surface,0.0,0.0,2.2036452535118096,-11.316489491224504,2.8371758031649974,0.0,-0.7648137573332792,3.587945476463989,0.0,0.0,0.0,-2.602692074240581,0,0,0,0,0,0,-0.1645353319269738,0.4591036705300093,1.0480837698423384,0.0,0.0,0.0
image_790.png,surface,0.0,0.0,1.100253764158578,-15.866181101873613,-11.3105133766905,0.0,4.666775764971083,1.5359154360039051,0.0,0.0,0.0,1.77228123475746,0,0,0,0,0,0,0.2898492758853409,-0.0034246441299309,0.6390287397272377,0.0,0.0,0.0
image_791.png,surface,0.0,0.0,1.3738781059203298,-3.802161667012095,-19.62635473627927,0.0,0.059327386581895,4.758251715955218,0.0,0.0,0.0,1.681253401387492,0,0,0,0,0,0,-0.0534008370384518,0.3741750130717119,0.8864232283150776,0.0,0.0,0.0
image_792.png,surface,0.0,0.0,0.679077807049506,7.393681296849388,18.788643768295024,0.0,1.2905348271252155,4.575263572744957,0.0,0.0,0.0,1.1367789006124678,0,0,0,0,0,0,0.0563700444158552,0.1467987785562226,0.35365532287961,0.0,0.0,0.0
image_793.png,surface,0.0,0.0,2.5405754201437007,-4.257996281409272,-8.494917436070923,0.0,0.5814517631026062,-4.460252227793793,0.0,0.0,0.0,-4.193738191981127,0,0,0,0,0,0,0.565880551574304,-1.1575832014014658,2.559427620013926,0.0,0.0,0.0
image_794.png,surface,0.0,0.0,0.677497730657485,1.5329974491789156,11.391132820155,0.0,-2.3487453555569724,0.8633088876886286,0.0,0.0,0.0,-2.313893705566068,0,0,0,0,0,0,-0.0819895405671668,0.0162627335853129,0.2018534930331442,0.0,0.0,0.0
image_795.png,surface,0.0,0.0,1.2469920356136246,6.66079678585762,-12.341676730980604,0.0,0.7101157417776821,-0.8882650179678118,0.0,0.0,0.0,-3.4697522169284447,0,0,0,0,0,0,0.3394613677848662,-0.2861363319823296,0.6987906198434608,0.0,0.0,0.0
image_797.png,surface,0.0,0.0,1.8985242115062635,8.099911801656548,15.8618602517518,0.0,1.78187698255532,1.5760343430664454,0.0,0.0,0.0,1.1344103543003,0,0,0,0,0,0,0.4011420473331917,0.3890046502847849,1.1608549266494788,0.0,0.0,0.0
image_798.png,surface,0.0,0.0,1.0446997990655664,-0.3310880948128665,-8.97536541500769,0.0,1.936684958967136,1.6428039390439375,0.0,0.0,0.0,-3.367009002185112,0,0,0,0,0,0,0.2048730262058449,0.0993634459453187,0.3967522957990547,0.0,0.0,0.0
image_799.png,surface,0.0,0.0,2.982217913658068,16.314997632620287,-8.215284354356825,0.0,1.4354906610752596,2.525858407678603,0.0,0.0,0.0,3.8517448041856888,0,0,0,0,0,0,1.416346161546281,2.052216028483007,7.719481779749743,0.0,0.0,0.0
image_802.png,surface,0.0,0.0,1.075712655835559,9.185045446042196,-16.37195315951777,0.0,3.2400123781136205,2.645223479205077,0.0,0.0,0.0,2.0833315626342186,0,0,0,0,0,0,0.3441731392048772,0.181155337030128,0.8611500915533018,0.0,0.0,0.0
image_803.png,surface,0.0,0.0,2.1056514832782973,-6.802150081136301,16.664484413816194,0.0,-0.1586336537401331,2.0107965567923323,0.0,0.0,0.0,-2.418727465416044,0,0,0,0,0,0,-0.1232114529322867,0.5729522442421646,1.229479598761415,0.0,0.0,0.0
image_805.png,surface,0.0,0.0,1.8429448334472305,-2.279978318023817,-20.849822754147205,0.0,3.980346118506757,0.900275856441137,0.0,0.0,0.0,-4.152845890096635,0,0,0,0,0,0,1.0701146661251362,-0.0584439038655006,2.4071188983098057,0.0,0.0,0.0
image_807.png,surface,0.0,0.0,2.181763772176589,10.786325110813774,16.0153783801071,0.0,3.697164703911791,2.90247365024959,0.0,0.0,0.0,-4.936549027276804,0,0,0,0,0,0,0.6422642103502529,0.3981490950837228,1.5743447022681043,0.0,0.0,0.0
image_808.png,surface,0.0,0.0,1.828090292481692,6.237161818317854,-2.424717482831353,0.0,-1.066299022489484,3.840036430301208,0.0,0.0,0.0,1.5657853611228578,0,0,0,0,0,0,-0.1538973208721046,0.3508333182623803,0.8951386420614299,0.0,0.0,0.0
image_809.png,surface,0.0,0.0,2.923580609000498,12.484734849551788,1.97554213243878,0.0,-0.0993707798171782,1.4053795022391329,0.0,0.0,0.0,1.558323158934,0,0,0,0,0,0,0.0003310110735957,1.1027417022477444,4.502415566520981,0.0,0.0,0.0
image_810.png,surface,0.0,0.0,0.8345331938743321,-16.105842145497885,2.0278475405080347,0.0,3.679579748628031,-2.757304971701997,0.0,0.0,0.0,2.2538748993825672,0,0,0,0,0,0,0.1253847118430667,-0.0927878775194522,0.3077090371391692,0.0,0.0,0.0
image_811.png,surface,0.0,0.0,1.826803122895304,-23.079344569193324,-1.949654708535736,0.0,-3.0493474639316034,1.620582066889331,0.0,0.0,0.0,1.79251750415811,0,0,0,0,0,0,-0.4778772626976497,0.2608644404125818,1.159474930314545,0.0,0.0,0.0
image_812.png,surface,0.0,0.0,1.2793097240872384,-22.538076149683448,-9.141506419317132,0.0,-2.1021123997322686,2.490869381807041,0.0,0.0,0.0,0.8739018470248041,0,0,0,0,0,0,-0.2313919593433408,0.2420344035566913,0.810925370573811,0.0,0.0,0.0
image_814.png,surface,0.0,0.0,1.0081388512255172,7.34236969061249,-14.620769512450549,0.0,0.2795003104071657,-2.493785006325688,0.0,0.0,0.0,-2.025264054621828,0,0,0,0,0,0,0.1306565387807017,-0.206630158821631,0.5465957813320309,0.0,0.0,0.0
image_815.png,surface,0.0,0.0,2.813481150827116,-18.28825926757863,-2.3470760098556425,0.0,-0.0257504091348382,0.0963918625976736,0.0,0.0,0.0,-0.6554048415592071,0,0,0,0,0,0,0.1938697615525253,-0.7527484207172814,3.4909407771205,0.0,0.0,0.0
image_816.png,surface,0.0,0.0,1.594804542876155,-16.47297267799191,1.5690865889043415,0.0,-0.7934129132092534,-4.697836981465837,0.0,0.0,0.0,-1.0026092348899631,0,0,0,0,0,0,0.0419288302671207,-0.3718531137902336,0.901011441998121,0.0,0.0,0.0
image_817.png,surface,0.0,0.0,1.579428452143394,-0.6662123270841307,-5.955727017058013,0.0,-3.635805108275866,3.123131691965508,0.0,0.0,0.0,2.769644535202999,0,0,0,0,0,0,-0.2315928488224887,0.1677996968541455,0.5874463524505967,0.0,0.0,0.0
image_818.png,surface,0.0,0.0,2.465812607892329,-20.605451779512386,11.517126581356136,0.0,-3.6283583593075663,-2.178755272443846,0.0,0.0,0.0,3.850659387374384,0,0,0,0,0,0,-1.0177266468773885,-1.1652158947034534,3.6360435956323376,0.0,0.0,0.0
image_819.png,surface,0.0,0.0,2.768795674277702,4.386058288434927,-19.50260511653527,0.0,-2.014989658370019,-2.860028783016971,0.0,0.0,0.0,4.499867391224189,0,0,0,0,0,0,-0.2962549108681658,-0.929014555195354,2.726262031295298,0.0,0.0,0.0
image_820.png,surface,0.0,0.0,1.734934405178505,-8.318653067844178,4.786704582259983,0.0,-2.3568811205802134,-2.9026840380043013,0.0,0.0,0.0,2.999471098002872,0,0,0,0,0,0,-0.1880150507473633,-0.3906579810062167,0.8354839461265609,0.0,0.0,0.0
image_821.png,surface,0.0,0.0,2.4282230707836474,-3.6869271813735662,-10.835584666279262,0.0,3.081137997175448,2.1636603106478005,0.0,0.0,0.0,-2.271991683772088,0,0,0,0,0,0,0.9111075995997096,0.3236312299322163,2.168145066969594,0.0,0.0,0.0
image_822.png,surface,0.0,0.0,0.8598524087313304,-8.504563630815596,19.060822275597072,0.0,-3.322024374423719,0.2386024577323955,0.0,0.0,0.0,4.719309202589644,0,0,0,0,0,0,-0.1930251126061086,0.0350738932112726,0.4211992211628931,0.0,0.0,0.0
image_823.png,surface,0.0,0.0,1.1310227781973452,14.870630257046711,-11.62764229394345,0.0,1.4194453364443325,-0.4620751813365757,0.0,0.0,0.0,-1.0366098540563904,0,0,0,0,0,0,0.4317655177832745,-0.0970478390738174,0.9071231733390804,0.0,0.0,0.0
image_824.png,surface,0.0,0.0,2.232475784250996,-6.973011282934306,-16.56497018977275,0.0,0.9044897294385336,2.044581837421199,0.0,0.0,0.0,0.4584360892016939,0,0,0,0,0,0,0.6279736633108793,0.6254781365243857,2.219124543226121,0.0,0.0,0.0
image_825.png,surface,0.0,0.0,2.8168677721136195,1.2731567762465237,21.793412928159057,0.0,2.300590075756705,0.8665961765043837,0.0,0.0,0.0,-0.7360499686238589,0,0,0,0,0,0,0.8755242896606678,0.433185233835134,2.383138670735615,0.0,0.0,0.0
image_826.png,surface,0.0,0.0,0.7930218609478513,5.022683345538781,-7.905260054518552,0.0,-2.584649164918943,2.500867353564636,0.0,0.0,0.0,-1.6576293046556447,0,0,0,0,0,0,-0.1096559787597945,0.0771889931867028,0.2869688980471588,0.0,0.0,0.0
image_827.png,surface,0.0,0.0,0.8359679842135138,-9.602693146386668,0.0312036992670691,0.0,3.956831249833841,2.551847532426023,0.0,0.0,0.0,-4.4913885929564445,0,0,0,0,0,0,0.131942535825246,0.0599635208749233,0.2173527722576969,0.0,0.0,0.0
image_828.png,surface,0.0,0.0,2.938068092905113,-19.77607128031456,10.88232059354931,0.0,-1.2139993821541393,3.3060121740984663,0.0,0.0,0.0,-1.979544999745728,0,0,0,0,0,0,-0.5109829357272019,0.9267115331438056,2.491037413298701,0.0,0.0,0.0
image_829.png,surface,0.0,0.0,0.7280908979956404,4.015279636913565,18.440787943478632,0.0,0.8307171203610265,-2.696893473034521,0.0,0.0,0.0,-2.3115592387059625,0,0,0,0,0,0,0.087867079722232,-0.1569830441038445,0.3146067858100589,0.0,0.0,0.0
image_830.png,surface,0.0,0.0,0.6072397432100403,-15.509718368955406,14.52456909549739,0.0,2.386091459272848,2.818310271843012,0.0,0.0,0.0,0.1123378404884896,0,0,0,0,0,0,0.0972814912222921,0.0742630225474416,0.2436575567650059,0.0,0.0,0.0
image_831.png,surface,0.0,0.0,1.829385838606819,-8.557866082806026,-6.601381864212361,0.0,0.7047218713188906,-2.997997097130062,0.0,0.0,0.0,4.246110872122134,0,0,0,0,0,0,0.3347937311746683,-0.5850714258576847,1.147416709912214,0.0,0.0,0.0
image_832.png,surface,0.0,0.0,1.0610283023766964,-2.742532603326921,2.4387501578183297,0.0,1.2708558109243118,0.1924210044052284,0.0,0.0,0.0,-2.632157138155895,0,0,0,0,0,0,0.1707674714505346,-0.0051786534109934,0.2755582487405079,0.0,0.0,0.0
image_833.png,surface,0.0,0.0,1.244066419208524,-18.16814416527089,3.4572875494125013,0.0,3.541536593795364,-0.6979161117526791,0.0,0.0,0.0,0.904829854563726,0,0,0,0,0,0,0.2596519346334506,-0.1236584408661518,0.6047632967506118,0.0,0.0,0.0
image_834.png,surface,0.0,0.0,2.044734233452909,10.60163544385026,19.325952468749115,0.0,1.6643957045285682,4.135933405026056,0.0,0.0,0.0,-1.5475901463570785,0,0,0,0,0,0,0.1356422503995502,0.7493347883048097,1.948886425987197,0.0,0.0,0.0
image_835.png,surface,0.0,0.0,1.378116091665922,-6.629907455541719,0.0820623994398863,0.0,0.6088530809428183,-3.20556014452536,0.0,0.0,0.0,2.1114442928012984,0,0,0,0,0,0,0.0939546396964061,-0.2150871578305923,0.4942631047859111,0.0,0.0,0.0
image_837.png,surface,0.0,0.0,1.0705525787607768,-1.52638069497479,-14.467797117355929,0.0,-2.000120641408248,-2.958542429114333,0.0,0.0,0.0,-3.4754202179020908,0,0,0,0,0,0,-0.0733589024137815,-0.2461150314267144,0.4688693858201117,0.0,0.0,0.0
image_838.png,surface,0.0,0.0,2.663188512889545,16.763443223012604,8.832907848319806,0.0,-1.919428430333292,2.5202233394937297,0.0,0.0,0.0,1.6994201580235142,0,0,0,0,0,0,-1.1843081599006806,1.7756819141254367,5.799216879689749,0.0,0.0,0.0
image_839.png,surface,0.0,0.0,2.6880569232440488,-14.311120249462212,-4.088990470689344,0.0,-2.1953185764479284,2.656394828588496,0.0,0.0,0.0,2.5812961385076107,0,0,0,0,0,0,-0.5577627903487422,0.6720388241484994,1.7754579545487703,0.0,0.0,0.0
image_840.png,surface,0.0,0.0,1.5939659975470892,-10.591965881581912,10.902891792218908,0.0,0.7311193008691348,0.2423691002680804,0.0,0.0,0.0,4.472019696475725,0,0,0,0,0,0,0.2857173445528704,0.0711010865340465,0.5855036391635546,0.0,0.0,0.0
image_841.png,surface,0.0,0.0,2.993340775947706,-3.2898659561137085,8.08080616638249,0.0,1.9676153203460456,-4.506045654253778,0.0,0.0,0.0,-3.4353940270248504,0,0,0,0,0,0,0.651380331411579,-1.275978041321937,2.9595662660426334,0.0,0.0,0.0
image_842.png,surface,0.0,0.0,1.207000749768811,11.983814746346098,-4.915055290971925,0.0,-0.3116013339100476,-3.663060057055097,0.0,0.0,0.0,4.415454485359389,0,0,0,0,0,0,0.0272304167094775,-0.3044031981452867,0.5018128905600373,0.0,0.0,0.0
image_843.png,surface,0.0,0.0,0.7276593430760325,11.07759211234155,-13.477806208654927,0.0,1.652708396731209,2.85938621298262,0.0,0.0,0.0,2.0811577855026586,0,0,0,0,0,0,0.0899368501134511,0.1960211556005679,0.5261503987387433,0.0,0.0,0.0
image_846.png,surface,0.0,0.0,1.6854093872203393,20.51109463855517,-9.06547680887166,0.0,1.9444876104633584,-3.277694410066856,0.0,0.0,0.0,-2.1071379569932835,0,0,0,0,0,0,0.5081704830191331,-0.4045673532601667,1.5387729520812246,0.0,0.0,0.0
image_847.png,surface,0.0,0.0,2.592009478408196,1.819076099819094,1.3280454711426437,0.0,-0.227218505949911,-2.1831166761452447,0.0,0.0,0.0,-3.9172046192481655,0,0,0,0,0,0,0.1380316176894135,-0.7344375076844852,1.775181062080272,0.0,0.0,0.0
image_848.png,surface,0.0,0.0,1.5492676895652109,14.136132243848731,-11.622976291721908,0.0,2.6764087529797016,0.4373830652720255,0.0,0.0,0.0,2.5621364115005774,0,0,0,0,0,0,0.6391686861033853,0.0350172615214805,1.4816303853968409,0.0,0.0,0.0
image_849.png,surface,0.0,0.0,1.0099809225844498,-15.262218583890736,-7.95240628131758,0.0,-2.868580381686104,1.3941419312981085,0.0,0.0,0.0,3.471739800858284,0,0,0,0,0,0,-0.1858433137265768,0.104033987250677,0.4090516806094334,0.0,0.0,0.0
image_850.png,surface,0.0,0.0,1.1391388764197958,1.6077436377203702,-20.58747694908005,0.0,-0.6199042518501497,0.1154493920176723,0.0,0.0,0.0,4.835598477991798,0,0,0,0,0,0,-0.1409232086771462,0.1738624338668942,0.7606760865527611,0.0,0.0,0.0
image_852.png,surface,0.0,0.0,2.155531760325317,8.813111099119164,6.773226409046812,0.0,-1.4462685571288532,-3.0439533016130853,0.0,0.0,0.0,2.9462275049542725,0,0,0,0,0,0,-0.2074678486448367,-0.5429516065747724,1.300261352523102,0.0,0.0,0.0
image_853.png,surface,0.0,0.0,0.903279665687562,-0.8217114951602119,-8.991199036575077,0.0,-4.223299341465069,-0.7713787882691453,0.0,0.0,0.0,-3.621765607323202,0,0,0,0,0,0,-0.1599696619463433,-0.0260914779692396,0.277880572669846,0.0,0.0,0.0
image_854.png,surface,0.0,0.0,1.657983651873742,2.392454164615759,-3.867482674402608,0.0,0.52006533841231,4.249617127571141,0.0,0.0,0.0,-3.0640638223284555,0,0,0,0,0,0,-0.0091686262661029,0.3224514030615467,0.6791558176216639,0.0,0.0,0.0
image_855.png,surface,0.0,0.0,2.0364844833635365,-11.52093052124103,-0.9190328392767692,0.0,-1.9093487111831933,2.089056481681204,0.0,0.0,0.0,-1.896862436851104,0,0,0,0,0,0,-0.3538280093239171,0.3559270241386855,0.9612779809682188,0.0,0.0,0.0
image_858.png,surface,0.0,0.0,0.5157311318092153,-9.582618676577283,12.110998538135114,0.0,-1.914492064032736,-4.567350838678267,0.0,0.0,0.0,-4.107793431661343,0,0,0,0,0,0,-0.0128181184706202,-0.0635926683291037,0.1505212021796623,0.0,0.0,0.0
image_859.png,surface,0.0,0.0,1.2026608748064065,9.229195759755246,16.0087821554448,0.0,-3.2155013789536224,1.4405399389922435,0.0,0.0,0.0,-2.3759827372035214,0,0,0,0,0,0,-0.2917348975873413,0.1415037155606564,0.7122489336147301,0.0,0.0,0.0
image_860.png,surface,0.0,0.0,1.9364767801976503,-10.795400227205004,9.007343463557472,0.0,-1.326106188762085,3.356254868456866,0.0,0.0,0.0,1.2636643105819614,0,0,0,0,0,0,-0.1890986364227664,0.3570596579345281,0.9025678456315332,0.0,0.0,0.0
image_861.png,surface,0.0,0.0,1.847249384425261,19.622939957308272,-7.902287910251992,0.0,-2.84733685092067,-2.437124258033787,0.0,0.0,0.0,3.1360400436071885,0,0,0,0,0,0,-0.5976317425096019,-0.3963935127001664,1.3835568594578762,0.0,0.0,0.0
image_862.png,surface,0.0,0.0,0.7602004923601156,-21.4039289428442,10.514035220870044,0.0,-2.717320895652556,2.8339954474304285,0.0,0.0,0.0,4.534003310521042,0,0,0,0,0,0,-0.1062195511543733,0.1500551007192715,0.3632594721296893,0.0,0.0,0.0
image_863.png,surface,0.0,0.0,0.9380402753190118,14.834766912822142,9.768208584109413,0.0,-1.0776596672420165,-4.1055569174639945,0.0,0.0,0.0,-0.7008056895813635,0,0,0,0,0,0,-0.005710892200772,-0.2098864809846796,0.4509205014508629,0.0,0.0,0.0
image_864.png,surface,0.0,0.0,2.3823968076589184,10.299533096079497,16.872291744432594,0.0,4.719650162034736,1.0020980989929906,0.0,0.0,0.0,1.369854532885718,0,0,0,0,0,0,0.7661764936245666,0.0405404243787095,1.8360996381536088,0.0,0.0,0.0
image_866.png,surface,0.0,0.0,2.099918427435941,-6.852926669939167,-19.97849476337472,0.0,3.605238650865412,2.8981660722874807,0.0,0.0,0.0,-1.270364595421627,0,0,0,0,0,0,1.020950009883712,0.3267459728707849,2.747542557301637,0.0,0.0,0.0
image_867.png,surface,0.0,0.0,2.5418805522192622,7.260980189401454,-2.420601664136473,0.0,-4.308916633528021,1.486002659690336,0.0,0.0,0.0,-3.652391028265976,0,0,0,0,0,0,-1.0852666029008555,0.4872496203567084,2.005091131084732,0.0,0.0,0.0
image_869.png,surface,0.0,0.0,1.284873541471514,9.8035679821786,8.72714313203004,0.0,-0.974580517421836,0.4802487986179348,0.0,0.0,0.0,3.152726426153233,0,0,0,0,0,0,-0.3405236470003595,0.2130578556130401,0.6559772384038492,0.0,0.0,0.0
image_871.png,surface,0.0,0.0,0.8259792386323499,-1.966172872909849,-19.530473526672843,0.0,0.9903291856085078,-0.6433523863634032,0.0,0.0,0.0,1.4242066214378912,0,0,0,0,0,0,0.2669539628224722,-0.1447128446488785,0.6362955431027093,0.0,0.0,0.0
image_872.png,surface,0.0,0.0,1.1801930812486932,11.443834977471468,0.8077484768885015,0.0,-2.079708344517352,0.1724870125255023,0.0,0.0,0.0,3.9022790977800494,0,0,0,0,0,0,-0.2684956373859318,0.0740270571733077,0.512801502152607,0.0,0.0,0.0
image_873.png,surface,0.0,0.0,2.1378260061957617,-9.67942564234451,-21.649595552034057,0.0,-0.0615299147253851,2.692590644149743,0.0,0.0,0.0,3.146980183169166,0,0,0,0,0,0,0.1620029069777176,0.8717316009705914,2.114084045499141,0.0,0.0,0.0
image_874.png,surface,0.0,0.0,0.6027775028545153,4.579538360929499,8.280121713347452,0.0,-3.62389450096671,-2.070663514224616,0.0,0.0,0.0,3.2116128852001875,0,0,0,0,0,0,-0.0756752189839548,-0.0303577319335817,0.1738493926506178,0.0,0.0,0.0
image_875.png,surface,0.0,0.0,0.502127335228469,0.6453320274345017,9.000835324921322,0.0,0.8172960683959493,-4.367784153865604,0.0,0.0,0.0,1.8414803272358065,0,0,0,0,0,0,0.0450197888440077,-0.0319937585275772,0.1265543726281391,0.0,0.0,0.0
image_876.png,surface,0.0,0.0,2.7176810588426585,-6.418503677345014,-15.417275081189498,0.0,3.0807069590254064,1.666419350890315,0.0,0.0,0.0,-2.3307531051316497,0,0,0,0,0,0,1.702595406651895,0.1717009910398272,4.232231041372734,0.0,0.0,0.0
image_877.png,surface,0.0,0.0,2.9108220381584413,11.633072366177949,-4.331857247199136,0.0,-0.6786317123970604,4.7958203400895,0.0,0.0,0.0,-3.61745194261071,0,0,0,0,0,0,0.0348018194273564,2.31833305812381,4.8014393354648055,0.0,0.0,0.0
image_878.png,surface,0.0,0.0,2.764031656327825,17.832331088425732,-3.698469088458038,0.0,1.8353776532924944,-2.8588224690591724,0.0,0.0,0.0,2.1217581443345903,0,0,0,0,0,0,1.1051394424365468,-0.7604487574265196,2.984486588207455,0.0,0.0,0.0
image_879.png,surface,0.0,0.0,1.038653908840767,-9.33626347862974,13.791256997627656,0.0,-1.6806053390986275,-2.085160994540136,0.0,0.0,0.0,-4.431320464705611,0,0,0,0,0,0,-0.0754591106048716,-0.1537613301956689,0.3697284840751622,0.0,0.0,0.0
image_880.png,surface,0.0,0.0,2.386644508968395,-5.751534455255961,23.484808934144155,0.0,-1.951293372103671,1.7475685004429595,0.0,0.0,0.0,1.0342205186738802,0,0,0,0,0,0,-1.5165824021910372,0.5270805755105212,3.5682384359070047,0.0,0.0,0.0
image_881.png,surface,0.0,0.0,1.6411700015830242,-3.389005355046062,-6.823513588244123,0.0,-0.3363243555342242,-1.4547132035266686,0.0,0.0,0.0,3.948296161057375,0,0,0,0,0,0,0.0262092285238097,-0.3488700863495852,0.6990920753535196,0.0,0.0,0.0
image_882.png,surface,0.0,0.0,0.6773596692810788,-3.060329591457822,6.606238828494012,0.0,-0.5242685372042839,-1.2470520593446308,0.0,0.0,0.0,-0.1450424216878421,0,0,0,0,0,0,-0.0040429007678483,-0.0621249637019904,0.1549581806869647,0.0,0.0,0.0
image_883.png,surface,0.0,0.0,2.4874653627581496,-4.423914879721891,14.042321415483592,0.0,3.6115011974531632,3.209798406430892,0.0,0.0,0.0,2.921604419218929,0,0,0,0,0,0,0.598599664545496,0.4206601917761031,1.3990985657542152,0.0,0.0,0.0
image_884.png,surface,0.0,0.0,2.5204368917060087,20.855832160260224,5.587878086432199,0.0,0.8941464327994172,0.6475946772705184,0.0,0.0,0.0,1.536494283156009,0,0,0,0,0,0,0.4204183059914138,1.136295978449594,4.578502937259696,0.0,0.0,0.0
image_885.png,surface,0.0,0.0,2.3049437679138904,9.726904886865263,-22.8872017136138,0.0,4.2968952232742925,-1.22747087879431,0.0,0.0,0.0,-3.61885648949793,0,0,0,0,0,0,1.8551800974045696,-0.2552862189680549,4.545959140196064,0.0,0.0,0.0
image_886.png,surface,0.0,0.0,2.99137687480903,8.99989748733196,-5.650900000628687,0.0,-2.7392826486297728,-2.1739558140441004,0.0,0.0,0.0,-1.5233461541196345,0,0,0,0,0,0,-0.8858564008268359,-0.6921997057145055,2.5436246522755384,0.0,0.0,0.0
image_887.png,surface,0.0,0.0,2.980292837381636,-7.360112761150736,4.888706526312224,0.0,1.417183120957808,-1.3124122638898377,0.0,0.0,0.0,-2.429430880992509,0,0,0,0,0,0,0.649071624291373,-0.9136296128018194,3.030240835622967,0.0,0.0,0.0
image_888.png,surface,0.0,0.0,0.948551006118534,3.885956106365082,-0.5356231848548986,0.0,-2.453614612321232,-2.851628981652643,0.0,0.0,0.0,-3.931734709441181,0,0,0,0,0,0,-0.0586635326361253,-0.1426284838440284,0.2601996487539823,0.0,0.0,0.0
image_889.png,surface,0.0,0.0,2.4885311593324007,1.5513394717004076,-1.1108089546877922,0.0,-4.356000308296984,-0.727996486590484,0.0,0.0,0.0,-1.8739374620667872,0,0,0,0,0,0,-0.7708563053547125,-0.0011137565659123,1.6434606352112453,0.0,0.0,0.0
image_890.png,surface,0.0,0.0,2.149560243956924,-5.915095826685554,-12.210591791628229,0.0,-0.9051486693796016,1.9389357243979355,0.0,0.0,0.0,-4.93838554938907,0,0,0,0,0,0,-0.2188668046964776,0.6671024285216166,1.1979942454886607,0.0,0.0,0.0
image_891.png,surface,0.0,0.0,2.3161698417082786,-21.64736608027188,4.6409050292190575,0.0,-2.508609932337932,3.930601563130784,0.0,0.0,0.0,-2.8142107302556174,0,0,0,0,0,0,-0.4398452317589972,0.5452247396789291,1.528891910362647,0.0,0.0,0.0
image_892.png,surface,0.0,0.0,2.9772512548810632,20.55750634379014,12.71329554591729,0.0,2.607616200727997,3.113668150092798,0.0,0.0,0.0,2.0382391278909227,0,0,0,0,0,0,0.8282239486613356,2.5056848458786964,7.038788539026784,0.0,0.0,0.0
image_893.png,surface,0.0,0.0,2.5915481256513924,10.564978220900196,-22.68589778767937,0.0,0.5599895345779823,-4.234374332992462,0.0,0.0,0.0,-2.5091787335453306,0,0,0,0,0,0,1.2731028315739783,-1.3505950119305792,4.073879811444782,0.0,0.0,0.0
image_894.png,surface,0.0,0.0,1.4787932323626332,23.969313827079908,-1.4549137039752404,0.0,1.9785285056491595,0.1940255984780125,0.0,0.0,0.0,-3.713722228933749,0,0,0,0,0,0,0.7737555057924131,0.1918681650158102,1.6841236340124437,0.0,0.0,0.0
image_896.png,surface,0.0,0.0,2.6879136903528984,-17.651376646904215,12.08723445550306,0.0,-4.320739643920932,0.6127456485255649,0.0,0.0,0.0,-0.6788571339206069,0,0,0,0,0,0,-1.3086907071829998,-0.1252535667952973,3.132936679382827,0.0,0.0,0.0
image_897.png,surface,0.0,0.0,2.2655839428780298,-8.394662928926065,7.838129305845864,0.0,4.46142332112227,-2.193004774719264,0.0,0.0,0.0,-0.990442645106107,0,0,0,0,0,0,0.5214565826627683,-0.3258776202939719,1.336628052055024,0.0,0.0,0.0
image_898.png,surface,0.0,0.0,2.8423983323675297,-1.627891915347043,11.923612718558598,0.0,2.795988911946293,-1.1126684428270457,0.0,0.0,0.0,3.969582016837512,0,0,0,0,0,0,1.0354597090821576,-0.4244246260447872,2.061697776862345,0.0,0.0,0.0
image_900.png,surface,0.0,0.0,2.283140579793112,-19.324096040069183,15.116212022651936,0.0,-4.279021773013835,-2.164554296996116,0.0,0.0,0.0,1.9263941264918087,0,0,0,0,0,0,-0.896690735690871,-0.5030970548835453,2.6251516202179683,0.0,0.0,0.0
image_901.png,surface,0.0,0.0,0.5102182368078698,11.351221027876704,22.395627783995085,0.0,2.323500204242593,-1.627105104899656,0.0,0.0,0.0,1.3774542977484474,0,0,0,0,0,0,0.1896784765103064,-0.104645924120931,0.3590770560531027,0.0,0.0,0.0
image_903.png,surface,0.0,0.0,2.3092226652573005,9.654615901921328,6.133588356971632,0.0,-1.3714673376476785,2.654432047451339,0.0,0.0,0.0,-1.4338085057706094,0,0,0,0,0,0,-0.4392973513613215,0.8527788621201514,2.094196913850406,0.0,0.0,0.0
image_905.png,surface,0.0,0.0,2.6697956854324825,23.164492282957067,6.48986009682954,0.0,-4.715898679577189,0.3333791126755216,0.0,0.0,0.0,2.239823913512109,0,0,0,0,0,0,-2.199089188695566,1.2068260287782373,5.957005392665593,0.0,0.0,0.0
image_906.png,surface,0.0,0.0,1.7126695182614875,8.20005729990396,14.268911603278667,0.0,3.500570375121208,1.6124416851115009,0.0,0.0,0.0,-4.2438914698657895,0,0,0,0,0,0,0.4237421137373126,0.1273080386527571,0.8306383279278453,0.0,0.0,0.0
image_908.png,surface,0.0,0.0,1.873612564674156,14.974454176655648,-12.086002966773858,0.0,-1.2169285106623116,-3.6238952890236926,0.0,0.0,0.0,3.271967394305077,0,0,0,0,0,0,-0.1002506985996955,-0.6398893284739935,1.1749719765353204,0.0,0.0,0.0
image_909.png,surface,0.0,0.0,2.7637894191958923,-13.021567606464089,-3.5362780588660927,0.0,3.1848223253523926,3.25421694503172,0.0,0.0,0.0,4.065765305663724,0,0,0,0,0,0,0.8192295787994935,0.5881672915663229,2.059978363953124,0.0,0.0,0.0
image_910.png,surface,0.0,0.0,2.206122163935436,-1.5094559727282728,6.475074205245053,0.0,2.466490487134052,-0.5991529597443224,0.0,0.0,0.0,-0.7129533654702911,0,0,0,0,0,0,0.4915560099596188,-0.155520058784214,1.1459987525130504,0.0,0.0,0.0
image_911.png,surface,0.0,0.0,2.875198375513688,-5.588466319231637,8.15008295607329,0.0,-2.9262487912218056,-3.942754114026946,0.0,0.0,0.0,4.287018958385479,0,0,0,0,0,0,-0.8260552554205358,-1.4357549154555271,3.745663984108423,0.0,0.0,0.0
image_912.png,surface,0.0,0.0,1.6190481897520628,-5.036308875729106,20.4412042004066,0.0,1.3797102939752042,0.1481092863138706,0.0,0.0,0.0,2.579109391553009,0,0,0,0,0,0,0.4520583989571834,0.0419514973160306,0.7578758998148865,0.0,0.0,0.0
image_913.png,surface,0.0,0.0,2.146198730082803,-2.354318460199295,-8.222242509057292,0.0,0.1388313744280337,2.1303766534805555,0.0,0.0,0.0,3.2355875854383047,0,0,0,0,0,0,0.0586467918461964,0.572725717482996,1.1618999724176804,0.0,0.0,0.0
image_916.png,surface,0.0,0.0,2.3614387527073246,12.567927472601593,-2.811115777890276,0.0,3.459119550958325,-2.7540826896896307,0.0,0.0,0.0,-2.1856411256411112,0,0,0,0,0,0,0.7339109038714499,-0.4388200869694534,1.862603159997178,0.0,0.0,0.0
image_917.png,surface,0.0,0.0,0.6699792087948464,7.280549446128822,-13.72799792786351,0.0,-2.565187034217137,-4.269794731262894,0.0,0.0,0.0,3.115816943232449,0,0,0,0,0,0,-0.0517693709653732,-0.1689228920350233,0.29831702324802,0.0,0.0,0.0
image_918.png,surface,0.0,0.0,1.9378104466064847,22.45879804412524,3.1730393137431627,0.0,-2.843338979184679,-3.479087165556112,0.0,0.0,0.0,2.167140594537236,0,0,0,0,0,0,-0.4960029725207527,-0.515194213064147,1.631500666975156,0.0,0.0,0.0
image_919.png,surface,0.0,0.0,0.94503739593135,16.632498113162157,12.109572728247713,0.0,0.9151619260569596,-1.6859107640948965,0.0,0.0,0.0,0.9072424536723602,0,0,0,0,0,0,0.1933218811548496,-0.2102923414281901,0.5573677915581139,0.0,0.0,0.0
image_920.png,surface,0.0,0.0,0.9708588984867847,16.29653946090785,-6.016505273839687,0.0,4.413225996040527,2.079782785234359,0.0,0.0,0.0,-1.6754652590408303,0,0,0,0,0,0,0.2961209845487337,0.0614674068594038,0.693719468263147,0.0,0.0,0.0
image_921.png,surface,0.0,0.0,2.949578859905224,-0.8157944717818574,21.281169074266064,0.0,0.8762977136311085,0.7185062577204165,0.0,0.0,0.0,-2.549013033667197,0,0,0,0,0,0,0.1004957228886561,0.391730836907279,3.140841512757689,0.0,0.0,0.0
image_922.png,surface,0.0,0.0,1.4613016727835255,-16.051139944402504,13.36577480359018,0.0,-0.1185477306797682,-2.534966246376797,0.0,0.0,0.0,2.481390542322925,0,0,0,0,0,0,0.0968523182441129,-0.3517960569888465,0.821174857915793,0.0,0.0,0.0
image_923.png,surface,0.0,0.0,1.7990285912014568,-5.012611223241444,-6.60562307715231,0.0,4.044448428421461,-2.2190670606574234,0.0,0.0,0.0,2.585905744872301,0,0,0,0,0,0,0.3974773362287387,-0.2554781374723504,0.9165955753662456,0.0,0.0,0.0
image_924.png,surface,0.0,0.0,2.162784465817128,15.873760788919649,-4.36628395785734,0.0,-4.6819648733645485,0.832018983023635,0.0,0.0,0.0,-4.232393837820773,0,0,0,0,0,0,-0.8828217521797097,0.3360430086116631,1.936962185811558,0.0,0.0,0.0
image_925.png,surface,0.0,0.0,1.7457272996583078,16.00062151031267,-7.408632157009507,0.0,4.33401151874049,-1.3379366659594265,0.0,0.0,0.0,-0.2528374830613957,0,0,0,0,0,0,0.6424924938492844,-0.2315103478703165,1.5276369622392934,0.0,0.0,0.0
image_926.png,surface,0.0,0.0,2.3146910976792454,-6.420552874386018,9.701270358888396,0.0,-1.863479227711493,0.833744630031666,0.0,0.0,0.0,-0.3166876409136279,0,0,0,0,0,0,-0.7893472687762669,0.2687488301136446,1.709729488337172,0.0,0.0,0.0
image_928.png,surface,0.0,0.0,2.191753866424514,-16.49138587487141,8.402318424951625,0.0,-1.1230808388267883,3.141904207263724,0.0,0.0,0.0,1.01821742415983,0,0,0,0,0,0,-0.2228998131793678,0.4850787389146762,1.274537148998128,0.0,0.0,0.0
image_929.png,surface,0.0,0.0,1.3109837437981418,-13.27373777683238,-13.667469167817073,0.0,0.6570336256147261,-0.0704124190098034,0.0,0.0,0.0,-0.9453719320900316,0,0,0,0,0,0,0.4547521442457558,-0.136693168133312,0.9664630157412218,0.0,0.0,0.0
image_930.png,surface,0.0,0.0,2.6984102424066783,-14.330032146711613,5.851286557175016,0.0,-1.0720676226397916,4.373591594791574,0.0,0.0,0.0,1.380351711254738,0,0,0,0,0,0,-0.2404761207148022,0.695474905107485,1.7783965875208947,0.0,0.0,0.0
image_931.png,surface,0.0,0.0,0.8585198005718506,0.3901240014548576,-19.34834588759451,0.0,-1.3195741015312084,-1.6724934180697042,0.0,0.0,0.0,0.9454699575627936,0,0,0,0,0,0,-0.1167784239295781,-0.2533041098253294,0.4974786302265327,0.0,0.0,0.0
image_932.png,surface,0.0,0.0,0.5766086600086608,-6.320300751401519,-7.275113501953665,0.0,0.6985948825626113,-2.326758623571733,0.0,0.0,0.0,3.711435643376229,0,0,0,0,0,0,0.0612370486152074,-0.0924826956355722,0.1724426002703459,0.0,0.0,0.0
image_933.png,surface,0.0,0.0,0.6523777362128724,10.836325221068876,-11.050641137290231,0.0,-3.3467483397273265,-2.385759975334937,0.0,0.0,0.0,-2.6727041958654074,0,0,0,0,0,0,-0.1189242888204745,-0.1029469734271665,0.3002932315917355,0.0,0.0,0.0
image_934.png,surface,0.0,0.0,1.8054629102482016,-0.1334904506819288,-12.483119946702349,0.0,-1.0069724441571584,-4.206477992085769,0.0,0.0,0.0,-1.0370390989067788,0,0,0,0,0,0,0.0435679057901672,-0.5146168844487657,1.1253769626212848,0.0,0.0,0.0
image_935.png,surface,0.0,0.0,1.0381216781025435,24.122875223036534,2.887099845244941,0.0,2.4306685790798515,-4.076956324299942,0.0,0.0,0.0,-1.793718255653847,0,0,0,0,0,0,0.2590583975359685,-0.3043670167879196,0.7642645236243436,0.0,0.0,0.0
image_937.png,surface,0.0,0.0,0.6388150006204656,-5.502735048732016,-2.208431099140072,0.0,4.270929116032842,-1.8923695886651888,0.0,0.0,0.0,2.318530089522347,0,0,0,0,0,0,0.0882658149005404,-0.0322989404114572,0.1572358445407386,0.0,0.0,0.0
image_938.png,surface,0.0,0.0,1.0870722454230506,-9.354661637108752,-2.532260404336543,0.0,3.039405845538089,1.951044123094052,0.0,0.0,0.0,-4.747844894440836,0,0,0,0,0,0,0.1892036468323209,0.0718561757312752,0.3432450592655965,0.0,0.0,0.0
image_939.png,surface,0.0,0.0,2.5756040534262543,18.830841097104653,-2.1297195858247044,0.0,-0.8389697116879391,2.5910240819125137,0.0,0.0,0.0,3.7324435195943497,0,0,0,0,0,0,-0.1994627072787977,1.912208333394358,5.445748012625618,0.0,0.0,0.0
image_940.png,surface,0.0,0.0,0.614102897318725,-22.137118642601376,5.315750391387683,0.0,-0.023325313934961,0.5940281836846958,0.0,0.0,0.0,-0.0836748421971957,0,0,0,0,0,0,0.0045314274557758,0.0470782383447146,0.3456589363498413,0.0,0.0,0.0
image_941.png,surface,0.0,0.0,2.4690320420977363,20.36375507352487,0.0593052989725632,0.0,2.739273919753052,3.6626163801200615,0.0,0.0,0.0,-1.9685137684540832,0,0,0,0,0,0,1.034683545185449,1.61249769998935,4.94830176095387,0.0,0.0,0.0
image_942.png,surface,0.0,0.0,0.7794126481216097,22.10047889089087,-7.924365615131255,0.0,-3.1607169868966443,0.5131485519333316,0.0,0.0,0.0,-0.7224112226048351,0,0,0,0,0,0,-0.3163134209830692,0.0898839303151102,0.7651711231582968,0.0,0.0,0.0
image_943.png,surface,0.0,0.0,2.606897523821184,-17.535400918227126,-8.81452024041506,0.0,0.866004835319801,-4.670840649351535,0.0,0.0,0.0,3.882921262638968,0,0,0,0,0,0,1.0741857218578656,-2.050954400282639,5.0404131668050125,0.0,0.0,0.0
image_944.png,surface,0.0,0.0,2.4601054449860413,12.947737822405216,10.218198529342075,0.0,0.4405317335384922,-3.4375683791785088,0.0,0.0,0.0,-0.2077258002193582,0,0,0,0,0,0,0.2370153428694842,-0.7388421946683199,1.9257391088222768,0.0,0.0,0.0
image_945.png,surface,0.0,0.0,1.0468895289467832,1.3811908372315287,-20.497824249315908,0.0,3.593992610833855,-2.9579248489292467,0.0,0.0,0.0,-3.529340899194473,0,0,0,0,0,0,0.3504768075581343,-0.2803929347759089,0.8999552312110275,0.0,0.0,0.0
image_946.png,surface,0.0,0.0,1.5049311387650073,-8.106023632298793,-21.079870552491204,0.0,-2.138872241480972,-2.973588986834974,0.0,0.0,0.0,1.384319511604879,0,0,0,0,0,0,-0.1556627132646152,-0.6235306356365331,1.2355087089625811,0.0,0.0,0.0
image_947.png,surface,0.0,0.0,1.6450114009702703,1.4461924411855616,23.45983672012609,0.0,-0.7124814955990763,-1.9346354621714048,0.0,0.0,0.0,-4.649252374130805,0,0,0,0,0,0,-0.2965501575269131,-0.5140930413181887,1.3792560941810443,0.0,0.0,0.0
image_948.png,surface,0.0,0.0,1.4844412976207702,5.341911042802161,-6.336553962807676,0.0,-4.1062731273962125,-2.537142105560598,0.0,0.0,0.0,0.2652494310264721,0,0,0,0,0,0,-0.2352606037069282,-0.1684037682119284,0.569626982300484,0.0,0.0,0.0
image_949.png,surface,0.0,0.0,1.0275790555844242,16.99185598821503,14.265212415498118,0.0,1.0979434635133007,-0.135244029232474,0.0,0.0,0.0,-3.394549271699394,0,0,0,0,0,0,0.3585078210540633,-0.0273122055047594,0.6072843580162108,0.0,0.0,0.0
image_950.png,surface,0.0,0.0,1.065394675258103,-22.288444655962035,4.006951407142857,0.0,2.259043470128093,-3.005197595179329,0.0,0.0,0.0,-1.0299340466541231,0,0,0,0,0,0,0.2098724348346353,-0.2289603487271751,0.6571830604440819,0.0,0.0,0.0
image_951.png,surface,0.0,0.0,2.226739664671527,-4.313585571776493,0.00513464801084,0.0,3.592426091815347,2.904396158711044,0.0,0.0,0.0,4.693410004243692,0,0,0,0,0,0,0.5046929643838861,0.2752709130547073,1.11552941595938,0.0,0.0,0.0
image_952.png,surface,0.0,0.0,0.8788928131143923,-11.200044894628462,2.97678716994486,0.0,-1.4853010207655255,3.301748969370444,0.0,0.0,0.0,0.2707819199340608,0,0,0,0,0,0,-0.0378197272845532,0.0664541417661016,0.2420899881127028,0.0,0.0,0.0
image_953.png,surface,0.0,0.0,1.2049664786100596,-5.50298069649438,-20.76827573183206,0.0,-2.9340851016690164,-2.044879317841403,0.0,0.0,0.0,-3.083476887544765,0,0,0,0,0,0,-0.3035143261373683,-0.2452293747224652,0.7351997464471682,0.0,0.0,0.0
image_954.png,surface,0.0,0.0,0.6575645615702346,-5.879348109879816,-9.576335423914603,0.0,-4.405479360353099,1.2643910399421867,0.0,0.0,0.0,-0.5172813265967289,0,0,0,0,0,0,-0.0714230583419942,-0.0055404669846655,0.2139318104694797,0.0,0.0,0.0
image_955.png,surface,0.0,0.0,1.0452708395877546,4.839191435290456,-15.652389458358575,0.0,-3.618079908360744,0.7536345296106859,0.0,0.0,0.0,1.8079590108700376,0,0,0,0,0,0,-0.2588209826969757,0.0559049164398191,0.5084650088153242,0.0,0.0,0.0
image_956.png,surface,0.0,0.0,0.5945213758043748,2.116943599810769,13.914899937924588,0.0,-0.5252624599129181,-0.0106925263248813,0.0,0.0,0.0,4.393044966872035,0,0,0,0,0,0,-0.1004820258787142,-0.0223883946978306,0.2187997587059768,0.0,0.0,0.0
image_957.png,surface,0.0,0.0,2.245846834488977,-8.385278885388741,-15.496896422857311,0.0,-1.7290256415087537,-4.357434853333832,0.0,0.0,0.0,0.666310437468435,0,0,0,0,0,0,0.0643432260920297,-0.995556790701131,2.271912752542995,0.0,0.0,0.0
image_958.png,surface,0.0,0.0,1.5110727133800412,4.764700618518752,24.39044676731948,0.0,1.3671758175635664,4.0068628430187445,0.0,0.0,0.0,4.198280651811226,0,0,0,0,0,0,0.1021180576217735,0.4964522699479334,1.0970401446758051,0.0,0.0,0.0
image_959.png,surface,0.0,0.0,1.4441707179714365,-13.86648140810546,5.220940826763544,0.0,-4.408320525589032,-1.9555230244717623,0.0,0.0,0.0,-3.0026091722590733,0,0,0,0,0,0,-0.2578058820712822,-0.0910543185708146,0.5989798169650489,0.0,0.0,0.0
image_960.png,surface,0.0,0.0,1.7140955902057062,17.903450998118814,-5.34137905628426,0.0,-2.6451577913866644,1.4037772472203922,0.0,0.0,0.0,3.8130191556984414,0,0,0,0,0,0,-0.6666601069467553,0.4619541322495469,1.6722172578670302,0.0,0.0,0.0
image_963.png,surface,0.0,0.0,1.977414179537208,18.758209338950103,13.30516737124704,0.0,-2.692357702822424,-3.636564250585777,0.0,0.0,0.0,1.2956246450346285,0,0,0,0,0,0,-0.539513807436162,-0.6400167497760262,1.8102950464926173,0.0,0.0,0.0
image_965.png,surface,0.0,0.0,1.6549198679467774,17.762287106106598,7.15610016803506,0.0,0.314780435157715,2.0716795984292,0.0,0.0,0.0,0.9188928950246265,0,0,0,0,0,0,0.0303731195461448,0.6908877382343203,1.7269035203953806,0.0,0.0,0.0
image_966.png,surface,0.0,0.0,1.93730662819804,1.4192131082767887,3.0153601181215195,0.0,0.2300950700213576,-0.2062126989941617,0.0,0.0,0.0,-4.54758829103373,0,0,0,0,0,0,0.1428925343287916,-0.0942540090440711,0.8066223722932014,0.0,0.0,0.0
image_967.png,surface,0.0,0.0,0.8452349930091705,2.2985836274475617,6.414603505358164,0.0,-1.6833457127571327,-4.692481506510351,0.0,0.0,0.0,2.245776553021104,0,0,0,0,0,0,-0.0111288205777869,-0.1227019945496621,0.2205749967096535,0.0,0.0,0.0
image_968.png,surface,0.0,0.0,1.2674248430429085,-16.39734068454876,-10.452758717969322,0.0,-1.5250490613116434,0.7723475858248965,0.0,0.0,0.0,-4.79905461192779,0,0,0,0,0,0,-0.3531553339467707,0.1554823043243526,0.5969053564550926,0.0,0.0,0.0
image_970.png,surface,0.0,0.0,1.5031495378157205,14.277618176085644,-1.4651211968118962,0.0,-2.653089882217909,-1.7667418008051643,0.0,0.0,0.0,3.841767264284776,0,0,0,0,0,0,-0.3619975148092587,-0.1701499119805199,0.7634293802112934,0.0,0.0,0.0
image_971.png,surface,0.0,0.0,2.289986510695928,-5.706766967921666,-11.335094617007712,0.0,0.9971436935384962,-2.281196485280616,0.0,0.0,0.0,4.095082971485638,0,0,0,0,0,0,0.8006686084382366,-0.89682887816348,2.387790017605625,0.0,0.0,0.0
image_973.png,surface,0.0,0.0,1.676809277268457,-23.263508689284244,-1.341517185097884,0.0,1.548420989837901,-3.5638021868745646,0.0,0.0,0.0,-3.299926363432752,0,0,0,0,0,0,0.3397109577438074,-0.6407450962308531,1.514569424129211,0.0,0.0,0.0
image_975.png,surface,0.0,0.0,0.8569232917340798,-2.524545469402062,12.158291803556626,0.0,0.0541201642034509,3.7311449489100847,0.0,0.0,0.0,-4.482883363077019,0,0,0,0,0,0,-0.0073849711936698,0.1181053890615325,0.2479404580116117,0.0,0.0,0.0
image_976.png,surface,0.0,0.0,2.737319784097377,-13.58133612572146,-3.819757654764605,0.0,-1.3641535299491518,1.0015333062842855,0.0,0.0,0.0,3.3621537131522103,0,0,0,0,0,0,-0.409772685486577,0.3066558809170192,2.0728851257911747,0.0,0.0,0.0
image_977.png,surface,0.0,0.0,1.6181147125697246,11.858304499942646,-20.43910424088651,0.0,4.0015377928708284,2.368826041779305,0.0,0.0,0.0,-2.248364472803132,0,0,0,0,0,0,1.0206699821249006,0.2780899127243614,2.663840643679229,0.0,0.0,0.0
image_978.png,surface,0.0,0.0,1.6996007356806702,16.350445122265164,6.863567443745651,0.0,1.442075799304809,2.51546071679724,0.0,0.0,0.0,1.020019816824961,0,0,0,0,0,0,0.2093473827868628,0.5609604839286767,1.472218274471689,0.0,0.0,0.0
image_979.png,surface,0.0,0.0,2.089771015589029,-0.184731254513694,-23.020925981278666,0.0,3.0652620100411085,-0.6761857754042941,0.0,0.0,0.0,3.919801246480283,0,0,0,0,0,0,1.7088123272755211,-0.4349974479084829,4.030572936170182,0.0,0.0,0.0
image_980.png,surface,0.0,0.0,1.854583928310924,17.71880493310606,-6.330381661477332,0.0,-0.9790769970557942,-1.493155315344318,0.0,0.0,0.0,4.873881704866021,0,0,0,0,0,0,-0.2788292704420925,-0.240137241948654,1.3532103381120073,0.0,0.0,0.0
image_981.png,surface,0.0,0.0,2.5581253328661617,-15.433242701352272,-6.002961012395641,0.0,-2.2258783354225216,1.7136020811222945,0.0,0.0,0.0,0.7381226824803244,0,0,0,0,0,0,-0.6303767276106843,0.4713927472149061,1.7813441525081326,0.0,0.0,0.0
image_982.png,surface,0.0,0.0,0.9666002406838056,-6.538834013262642,10.530980737543937,0.0,-4.3276098321591645,-0.166479875876033,0.0,0.0,0.0,4.637006878396342,0,0,0,0,0,0,-0.1654028092232937,0.0146990697060518,0.3091091305081069,0.0,0.0,0.0
image_984.png,surface,0.0,0.0,1.1587116730771605,8.62703667123782,-15.226605312487584,0.0,-0.9466031312466194,0.7611945658808437,0.0,0.0,0.0,2.047226917350785,0,0,0,0,0,0,-0.2643226150236354,0.369117488552774,0.6980470295853177,0.0,0.0,0.0
image_985.png,surface,0.0,0.0,2.994533384423537,9.0961655800103,-18.24351626612661,0.0,-1.3778377345302648,4.29813335380552,0.0,0.0,0.0,0.7786510448613813,0,0,0,0,0,0,0.1503589266371161,1.8683643937777747,5.160325469694869,0.0,0.0,0.0
image_986.png,surface,0.0,0.0,0.7471610405815048,10.669235585566009,16.302833284316463,0.0,0.4386499827611749,-2.443672286109228,0.0,0.0,0.0,1.903452072042918,0,0,0,0,0,0,0.0575388559308966,-0.1745577451693423,0.3881507652453914,0.0,0.0,0.0
image_987.png,surface,0.0,0.0,1.8261295233387216,-1.9157191371372373,0.9252083807024116,0.0,-1.55679090616183,3.5405149976964663,0.0,0.0,0.0,-2.824814677675488,0,0,0,0,0,0,-0.166271808409607,0.2947018750633923,0.703808179333098,0.0,0.0,0.0
image_988.png,surface,0.0,0.0,2.433451838190704,6.57255809361681,-4.33428293196009,0.0,-1.0698582125125968,1.0155779743495432,0.0,0.0,0.0,3.618000802041616,0,0,0,0,0,0,-0.3651965275756872,0.5754393192855367,1.7780616369541642,0.0,0.0,0.0
image_992.png,surface,0.0,0.0,1.880640394219388,-18.00190716628916,-3.885397895978891,0.0,-1.4964905383752112,2.5548748748333536,0.0,0.0,0.0,2.7038954589238253,0,0,0,0,0,0,-0.2319702775408874,0.4115708055644629,0.9579642033613566,0.0,0.0,0.0
image_993.png,surface,0.0,0.0,1.101967102455334,14.340216516950887,16.600205129702427,0.0,3.05603118250858,3.6981257411539823,0.0,0.0,0.0,4.044288927730644,0,0,0,0,0,0,0.2099820109141705,0.2722379714458389,0.7021334264994404,0.0,0.0,0.0
image_994.png,surface,0.0,0.0,1.7997411088325717,4.624754501135793,24.447585676021266,0.0,1.003545268993,-0.3658111250686348,0.0,0.0,0.0,-1.8225846920766893,0,0,0,0,0,0,0.3675935043155184,-0.0612282952802814,1.2013169551106369,0.0,0.0,0.0
image_995.png,surface,0.0,0.0,2.3400804565288817,6.026114667317931,0.1922279380413677,0.0,-4.139765348293106,1.3131663876722512,0.0,0.0,0.0,0.4089517159068183,0,0,0,0,0,0,-0.6245418013754382,0.2422845268532733,1.53163180599851,0.0,0.0,0.0
image_997.png,surface,0.0,0.0,1.180775493649746,4.69545523782541,-19.31794852694688,0.0,3.3657421116003507,2.6834023358581214,0.0,0.0,0.0,4.949114699085007,0,0,0,0,0,0,0.3987161546834832,0.2636016387525358,1.04606066841928,0.0,0.0,0.0
image_998.png,surface,0.0,0.0,2.555232562350468,-19.769678595389543,11.420872429056264,0.0,2.183038129054468,4.114568961201089,0.0,0.0,0.0,0.882238796526968,0,0,0,0,0,0,0.2585987867579182,0.6377483359793515,1.7925984915503077,0.0,0.0,0.0
image_999.png,surface,0.0,0.0,2.5727872209569567,-1.1622202873028926,-6.679945332424281,0.0,-4.15108018990129,0.5671153969408579,0.0,0.0,0.0,-0.7538509266230875,0,0,0,0,0,0,-0.7554669537400003,0.1657703946365935,1.7442316297142877,0.0,0.0,0.0
image_1000.png,surface,0.0,0.0,1.8766197282961592,20.33345762589806,-4.0806617518292265,0.0,2.2736750123477627,0.8848915012081329,0.0,0.0,0.0,4.016326954827914,0,0,0,0,0,0,0.897220353408625,0.6246695618423532,2.57084943433947,0.0,0.0,0.0
image_1001.png,surface,0.0,0.0,2.003900007439112,-6.21050916989195,24.01277723476428,0.0,0.346777751428511,-1.2072556798630876,0.0,0.0,0.0,-1.3074367623830452,0,0,0,0,0,0,-0.1864231538141167,-0.6880467151297475,1.965834924663808,0.0,0.0,0.0
image_1003.png,surface,0.0,0.0,2.4553433235962765,-13.523330126079644,-3.4525606189994864,0.0,-4.362098003465854,1.1115209068832637,0.0,0.0,0.0,-0.2309523138688867,0,0,0,0,0,0,-0.6715986399758037,0.1601544187322051,1.6104479073541953,0.0,0.0,0.0
image_1004.png,surface,0.0,0.0,2.717695493963851,-19.208830781594365,12.461264604360611,0.0,2.71715954145388,-1.5059900250633371,0.0,0.0,0.0,-4.177656434391674,0,0,0,0,0,0,0.9313624335237805,-1.058229194071113,3.0005240213425566,0.0,0.0,0.0
image_1005.png,surface,0.0,0.0,0.5050298011789704,-13.359139551297051,-16.156364736273048,0.0,3.366967000664669,-1.6303440894818242,0.0,0.0,0.0,-2.6234063466301683,0,0,0,0,0,0,0.1998964459269575,-0.0869658251883201,0.4226908676867377,0.0,0.0,0.0
image_1006.png,surface,0.0,0.0,2.9340674907098627,-3.4812181582742223,11.764627628009958,0.0,3.830980658078011,-2.462578734408553,0.0,0.0,0.0,-4.165022247858299,0,0,0,0,0,0,0.9223406696420544,-0.6643557915666977,2.2885932907662205,0.0,0.0,0.0
image_1007.png,surface,0.0,0.0,1.3603018424322872,-4.059843842969763,-17.690533576313282,0.0,-0.8313373188159329,-3.034162755175627,0.0,0.0,0.0,-1.222480401347188,0,0,0,0,0,0,0.0773995203466397,-0.3723061673085709,0.8821581910986974,0.0,0.0,0.0
image_1008.png,surface,0.0,0.0,1.4978183541804808,3.5917087670749424,2.6438729961704417,0.0,4.501491095338009,-0.6227871520465685,0.0,0.0,0.0,-2.6884566052064782,0,0,0,0,0,0,0.2620808710631461,-0.058481658325362,0.5201793466358109,0.0,0.0,0.0
image_1009.png,surface,0.0,0.0,1.419208001104206,7.926556274696378,14.344978337942374,0.0,4.656191944955016,1.266145343060046,0.0,0.0,0.0,3.9923405157820486,0,0,0,0,0,0,0.3351863787930026,0.0282639325137663,0.608805033589171,0.0,0.0,0.0
image_1010.png,surface,0.0,0.0,2.610908458322218,5.66124204356913,11.195059636261238,0.0,2.9844214761217733,1.4527778909371345,0.0,0.0,0.0,-3.2756120580756933,0,0,0,0,0,0,0.7893107434164215,0.3100396243821001,1.8202654083623249,0.0,0.0,0.0
image_1011.png,surface,0.0,0.0,2.341981597351258,-5.814231292211466,23.295465513121684,0.0,2.946312460734449,3.926607681653416,0.0,0.0,0.0,0.8606063259648664,0,0,0,0,0,0,0.3603340890463157,0.5953312003250301,1.7769563000839506,0.0,0.0,0.0
image_1012.png,surface,0.0,0.0,0.9472772314869504,4.502610047857188,0.4972849371393122,0.0,-2.0650825757011098,-0.7437991443533979,0.0,0.0,0.0,-4.706803975440337,0,0,0,0,0,0,-0.137616141721176,-0.0664620072785727,0.2685064228089222,0.0,0.0,0.0
image_1013.png,surface,0.0,0.0,1.5202338893948515,-16.193015321050577,16.46441113644284,0.0,0.6308523997099561,1.2428164391340335,0.0,0.0,0.0,-2.7883608949493013,0,0,0,0,0,0,0.123467130451202,0.3273154359736948,0.7048130310332926,0.0,0.0,0.0
image_1014.png,surface,0.0,0.0,0.5068168289050461,23.428840804416165,7.392850434161893,0.0,4.105352239857995,-0.2246991821789486,0.0,0.0,0.0,2.6042999170475234,0,0,0,0,0,0,0.2571499474840648,-0.1203140249634264,0.5105551003517281,0.0,0.0,0.0
image_1015.png,surface,0.0,0.0,2.5077833030911614,-11.790021840513546,-14.940410170284126,0.0,0.7457126772178337,-4.177637868044684,0.0,0.0,0.0,-2.418710497519233,0,0,0,0,0,0,1.1348543445604842,-1.6871618636728198,4.567427238519772,0.0,0.0,0.0
image_1016.png,surface,0.0,0.0,1.090701190548566,-5.477790428332986,-7.974766716641409,0.0,0.644523906711022,3.6555425195190208,0.0,0.0,0.0,-3.6018648334853687,0,0,0,0,0,0,0.0162834619859189,0.1742651481054163,0.3666469388612333,0.0,0.0,0.0
image_1017.png,surface,0.0,0.0,0.7075417257335559,-7.964128091328527,8.562654058841806,0.0,2.8963604175043027,-2.983651737426684,0.0,0.0,0.0,-3.7445711789283775,0,0,0,0,0,0,0.1029901005880739,-0.0922813385163112,0.1736484223105791,0.0,0.0,0.0
image_1018.png,surface,0.0,0.0,2.15192242171132,-11.526957773044115,8.813720432899347,0.0,-3.871308402886701,-0.1007375219559487,0.0,0.0,0.0,-0.2898007782265823,0,0,0,0,0,0,-0.5728431982947648,-0.035618186674275,1.4115587268366243,0.0,0.0,0.0
image_1019.png,surface,0.0,0.0,1.0477390154289263,0.4345132348141102,-13.204641441135852,0.0,-3.512602098811885,1.6183449256046385,0.0,0.0,0.0,-1.0436103247680872,0,0,0,0,0,0,-0.1848069066409735,0.0815307560707678,0.4406710141088811,0.0,0.0,0.0
image_1020.png,surface,0.0,0.0,1.8725192091995428,17.165802578940003,-17.327293689232622,0.0,3.051387442019299,3.910248392627469,0.0,0.0,0.0,1.5328822540562248,0,0,0,0,0,0,1.023588967132518,1.1603597273037756,4.046400466950134,0.0,0.0,0.0
image_1021.png,surface,0.0,0.0,0.9030122606755072,-22.67761909363461,-7.117254822984265,0.0,1.2422697049506528,-1.0790337123616962,0.0,0.0,0.0,0.6019416136629454,0,0,0,0,0,0,0.2253911470987987,-0.2543895505463458,0.7149330041561386,0.0,0.0,0.0
image_1022.png,surface,0.0,0.0,2.4752708819114906,6.8528852936396,-17.497361360385668,0.0,0.3936954326589413,-1.2630178133366647,0.0,0.0,0.0,-4.218307641264899,0,0,0,0,0,0,1.177817299078218,-0.3154809859096293,3.4702720941493936,0.0,0.0,0.0
image_1023.png,surface,0.0,0.0,2.954933813052969,18.591928351432184,10.13901777415916,0.0,-1.2528076144165254,2.6204086908699087,0.0,0.0,0.0,-4.72836543701578,0,0,0,0,0,0,-0.7183967572772676,2.208113631865836,7.52147686872834,0.0,0.0,0.0
image_1025.png,surface,0.0,0.0,2.603531527180868,18.99881895392484,2.6612250780196427,0.0,-1.096920117043839,-0.1542877611010322,0.0,0.0,0.0,4.059565439906219,0,0,0,0,0,0,-0.5693732891094857,0.4957317890055775,3.7743067235715184,0.0,0.0,0.0
image_1026.png,surface,0.0,0.0,1.7244738801942956,-0.3327501612858803,-4.643992685631225,0.0,-1.3811803304937018,-4.080464878703335,0.0,0.0,0.0,-1.9718518170378605,0,0,0,0,0,0,-0.0008834571412519,-0.344940476319008,0.6923037438677617,0.0,0.0,0.0
image_1028.png,surface,0.0,0.0,1.803268987604652,12.443522751426404,-6.554372336426408,0.0,-1.7986311151148353,-1.336770716933645,0.0,0.0,0.0,3.719305731637762,0,0,0,0,0,0,-0.5016187465969287,-0.2218829606056506,0.9183775123812568,0.0,0.0,0.0
image_1031.png,surface,0.0,0.0,1.3509794680094571,4.332622316766728,-3.7264882969186175,0.0,1.963116795614407,-1.0547587114839985,0.0,0.0,0.0,-2.800424316898047,0,0,0,0,0,0,0.2287134329547041,-0.1243254363237037,0.4973446499998402,0.0,0.0,0.0
image_1032.png,surface,0.0,0.0,2.3937304164414304,5.620844910166535,-12.260735350027074,0.0,-2.618171951158791,-3.9336083135797306,0.0,0.0,0.0,-3.322124617204349,0,0,0,0,0,0,-0.228317741556383,-0.7150804814930292,1.6400352074154727,0.0,0.0,0.0
image_1033.png,surface,0.0,0.0,0.8307650251117276,-20.417697529587013,-10.273160382114291,0.0,-0.1538115833854112,-0.9351625184878476,0.0,0.0,0.0,4.961784851307519,0,0,0,0,0,0,0.0986298857565718,-0.2619341501086556,0.5949715751831632,0.0,0.0,0.0
image_1034.png,surface,0.0,0.0,1.471258131394723,-11.20285032208526,-3.623112156578101,0.0,-2.151359156104148,-3.423378446874021,0.0,0.0,0.0,1.5796821335617564,0,0,0,0,0,0,-0.0765457400602617,-0.3004971846521228,0.664708283176648,0.0,0.0,0.0
image_1036.png,surface,0.0,0.0,0.9538057632366784,17.645680975211842,-5.879742798057636,0.0,-4.264387279799264,-0.7178279661268708,0.0,0.0,0.0,-0.2400122222490299,0,0,0,0,0,0,-0.2844754823181388,0.0083295777069289,0.6492380330012124,0.0,0.0,0.0
image_1037.png,surface,0.0,0.0,0.9944250744606484,19.37187845399036,3.280045305131845,0.0,-0.4484308165310287,4.270746342136112,0.0,0.0,0.0,-1.6643566312289035,0,0,0,0,0,0,-0.0484714353493643,0.3013089055391435,0.7765884714762828,0.0,0.0,0.0
image_1038.png,surface,0.0,0.0,1.1133522042889927,-2.517825758516819,23.997667866450755,0.0,-1.402209279709851,-2.335366468973091,0.0,0.0,0.0,-4.100420829231204,0,0,0,0,0,0,-0.1242022033180836,-0.2984678824345704,0.7052149717133706,0.0,0.0,0.0
image_1039.png,surface,0.0,0.0,2.3569911165549486,12.016027956598114,11.69004377777017,0.0,-2.8538085339201933,3.127860785026757,0.0,0.0,0.0,2.655065086950014,0,0,0,0,0,0,-1.2244860557302304,1.2911364569563022,3.438076645675167,0.0,0.0,0.0
image_1041.png,surface,0.0,0.0,0.8178882371394967,8.115932668249481,-6.3496122080592965,0.0,4.0989859857058,-2.059639691092616,0.0,0.0,0.0,-0.127759082184542,0,0,0,0,0,0,0.1459302267559045,-0.0897171814507221,0.3492831014818754,0.0,0.0,0.0
image_1042.png,surface,0.0,0.0,1.869849850444618,17.062935230919305,-1.548450126675626,0.0,-4.818057354320279,0.1129404730399385,0.0,0.0,0.0,0.9632105183867772,0,0,0,0,0,0,-0.6581755702327502,0.1289865390140968,1.4694381847678173,0.0,0.0,0.0
image_1043.png,surface,0.0,0.0,0.8677594371999904,-5.430502535985869,-15.1961977629104,0.0,-2.273945776120423,-0.7283244684717924,0.0,0.0,0.0,3.035433133881634,0,0,0,0,0,0,-0.1806125778187677,-0.0373014063430972,0.3577372537861769,0.0,0.0,0.0
image_1046.png,surface,0.0,0.0,1.5722662078739422,11.851751265041422,-10.820393976320895,0.0,3.904148257377489,1.7843028715873173,0.0,0.0,0.0,-3.5625320296932275,0,0,0,0,0,0,0.5709027885529975,0.0889164722811609,1.3212761510798332,0.0,0.0,0.0
image_1048.png,surface,0.0,0.0,2.160481092621784,18.73035337956523,-15.64637199621366,0.0,-2.261750435949328,-0.2943301924012415,0.0,0.0,0.0,-3.81714249842068,0,0,0,0,0,0,-0.5437827088680517,0.3223570169118931,2.490769452845315,0.0,0.0,0.0
image_1050.png,surface,0.0,0.0,1.0742910490571227,3.653921036410986,4.823214745683774,0.0,-4.2383645720511325,2.197067999342567,0.0,0.0,0.0,0.2165183078443071,0,0,0,0,0,0,-0.1324386719631411,0.0483776210049456,0.3222324937126444,0.0,0.0,0.0
image_1051.png,surface,0.0,0.0,0.740758263750557,-10.90497102931342,4.1918175151064965,0.0,-0.5099939982850428,-3.0735610945451404,0.0,0.0,0.0,0.2424574894423106,0,0,0,0,0,0,0.0193241981930188,-0.0961086968847642,0.2101714321069749,0.0,0.0,0.0
image_1053.png,surface,0.0,0.0,1.0433463255071742,3.971472074207096,-12.029186004149851,0.0,-2.238707800223863,-3.0596660108522125,0.0,0.0,0.0,-0.2518256111918475,0,0,0,0,0,0,-0.0809379145816282,-0.1964930863488358,0.4257322188326587,0.0,0.0,0.0
image_1054.png,surface,0.0,0.0,1.4428762904778851,-0.1096223205852015,18.111443755669203,0.0,1.9084476461867927,-4.599507051617827,0.0,0.0,0.0,-3.458657735327079,0,0,0,0,0,0,0.177720986831035,-0.3054996505837624,0.6294044934431546,0.0,0.0,0.0
image_1056.png,surface,0.0,0.0,1.122605147006496,-1.146762891724741,-15.362583665418878,0.0,1.7489025627750874,-0.5833611507042828,0.0,0.0,0.0,2.29050655752512,0,0,0,0,0,0,0.2815762818804384,-0.1170734338253198,0.6423782453945522,0.0,0.0,0.0
image_1057.png,surface,0.0,0.0,2.127507025734111,-4.438570040512216,14.551563476716192,0.0,1.62318009410995,-0.5841687151232046,0.0,0.0,0.0,0.1855112843122448,0,0,0,0,0,0,0.4185920379991615,-0.2402221894833423,1.2269116444164738,0.0,0.0,0.0
image_1058.png,surface,0.0,0.0,0.8078445356472237,14.398232850999351,-10.483111167239976,0.0,4.513331797280066,-1.023177848608359,0.0,0.0,0.0,-1.7333573995059393,0,0,0,0,0,0,0.24755747485476,-0.1051571824315546,0.5625103992593298,0.0,0.0,0.0
image_1059.png,surface,0.0,0.0,2.153388460498042,-7.546734050025553,-11.737788904219904,0.0,1.90621629921762,2.913997512835853,0.0,0.0,0.0,0.7480009923722797,0,0,0,0,0,0,0.3752181731831712,0.5108021109002663,1.5663237526967744,0.0,0.0,0.0
image_1060.png,surface,0.0,0.0,2.651052083231474,19.024241745934205,1.7686707546853897,0.0,3.5331578407921134,3.1251396271398244,0.0,0.0,0.0,-1.2191603642740256,0,0,0,0,0,0,1.2492517715951634,1.4411632418306788,5.1344002958298605,0.0,0.0,0.0
image_1062.png,surface,0.0,0.0,0.8934896228068843,-10.957931223787908,15.69959046755254,0.0,-3.0055079168463186,2.076638921330338,0.0,0.0,0.0,0.5557152185223782,0,0,0,0,0,0,-0.1013921160948532,0.0392457610259611,0.3439685524897368,0.0,0.0,0.0
image_1063.png,surface,0.0,0.0,1.6683316310480714,19.59156628222205,-15.4203943237735,0.0,-0.1357419190773373,0.9877451694988671,0.0,0.0,0.0,-0.4392555235214681,0,0,0,0,0,0,0.5246555954291968,0.9714977611544324,3.250348018041087,0.0,0.0,0.0
image_1065.png,surface,0.0,0.0,2.3248155007788323,14.47232248004361,-3.652481925814482,0.0,0.5435205891320782,-4.132866159914031,0.0,0.0,0.0,3.1977298297393126,0,0,0,0,0,0,0.2775737111974189,-0.7299069725011132,1.5888145667509004,0.0,0.0,0.0
image_1066.png,surface,0.0,0.0,2.665965946200825,13.100217237077176,-6.480942418746283,0.0,-0.4145527211179137,-3.683795512014782,0.0,0.0,0.0,4.765326344345279,0,0,0,0,0,0,-0.021903801732075,-1.0195875044029346,1.9946362073951536,0.0,0.0,0.0
image_1067.png,surface,0.0,0.0,1.4672325308168614,19.64449966540855,11.65675667165442,0.0,-1.44875720442054,0.5624718326349252,0.0,0.0,0.0,-3.395860512608783,0,0,0,0,0,0,-0.5336697498609552,0.5209596337054866,1.6492664450345909,0.0,0.0,0.0
image_1068.png,surface,0.0,0.0,1.7475316608595275,7.308263364891148,-10.747263334236768,0.0,-4.309478676902452,-1.3667557619018598,0.0,0.0,0.0,-2.526101146928996,0,0,0,0,0,0,-0.4515790036092171,-0.0807379124136777,0.8972309666016127,0.0,0.0,0.0
image_1070.png,surface,0.0,0.0,1.572534277113866,19.588204316586346,-8.141867264727784,0.0,-3.3272509871275937,2.8898758222044028,0.0,0.0,0.0,-3.676958260453367,0,0,0,0,0,0,-0.5748886184460876,0.6359549991359331,1.7130142368949188,0.0,0.0,0.0
image_1071.png,surface,0.0,0.0,2.1754192597576663,-8.873202324352537,-6.1291592337026,0.0,-3.7023132231488622,-0.1507121887582991,0.0,0.0,0.0,1.6115252897615466,0,0,0,0,0,0,-0.5512201852664985,0.0328935731542748,1.1819166182855514,0.0,0.0,0.0
image_1073.png,surface,0.0,0.0,2.270016200763191,16.247653765116798,16.84914848792716,0.0,1.3345381110149648,-0.4660532339750095,0.0,0.0,0.0,2.942917805228705,0,0,0,0,0,0,0.3271416682871315,0.0186790190164447,2.1859979321763814,0.0,0.0,0.0
image_1076.png,surface,0.0,0.0,1.8725549950747429,-9.741573979803777,7.165756562661183,0.0,-4.39261476790681,1.908723801253048,0.0,0.0,0.0,1.015385283912619,0,0,0,0,0,0,-0.338411263689321,0.1460012155916499,0.8505031295387977,0.0,0.0,0.0
image_1077.png,surface,0.0,0.0,1.995372234344308,-0.7223423554641678,-1.7361421772070549,0.0,2.520971109208402,-0.0666989958258173,0.0,0.0,0.0,4.324095392077552,0,0,0,0,0,0,0.4593452082462702,-0.0806765614164028,0.9167027595475996,0.0,0.0,0.0
image_1078.png,surface,0.0,0.0,2.6976455065119795,-3.218145897551048,-1.8221900507053104,0.0,-2.310291604895664,3.631339545917826,0.0,0.0,0.0,-0.2911638893572128,0,0,0,0,0,0,-0.4067897810992314,0.6025658986959775,1.8354944941297144,0.0,0.0,0.0
image_1079.png,surface,0.0,0.0,2.1921779718647345,-12.874862512495142,0.15306811916477,0.0,-4.191934173986042,2.4351639775248253,0.0,0.0,0.0,-1.2309474070403814,0,0,0,0,0,0,-0.4339920428438287,0.2443940572980309,1.1583360983876576,0.0,0.0,0.0
image_1081.png,surface,0.0,0.0,2.9248164797934844,15.677630701741492,4.436504256087509,0.0,-3.47501592523401,-0.3598934170841154,0.0,0.0,0.0,-1.0552583175581045,0,0,0,0,0,0,-1.544874337171012,0.4584995991722259,4.624761843529083,0.0,0.0,0.0
image_1083.png,surface,0.0,0.0,0.96903390854485,0.4474550155415708,-12.25254092710974,0.0,-2.1956132766206578,-1.443968905542817,0.0,0.0,0.0,3.399290227172981,0,0,0,0,0,0,-0.1588860762709403,-0.0990771412913695,0.3335538228681672,0.0,0.0,0.0
image_1084.png,surface,0.0,0.0,1.2953057327075654,-21.976352851962865,-12.020807903191622,0.0,-0.4062693574058223,3.4193044134840216,0.0,0.0,0.0,3.4488119030486395,0,0,0,0,0,0,-0.0622643243608493,0.3721645880840906,0.8200806860644715,0.0,0.0,0.0
image_1085.png,surface,0.0,0.0,2.865168359142718,-11.405129400829775,2.7312749251405286,0.0,2.578837166623659,2.717825122464877,0.0,0.0,0.0,0.8494620455457689,0,0,0,0,0,0,0.7517337575858379,0.5575673018486301,2.058902056132028,0.0,0.0,0.0
image_1086.png,surface,0.0,0.0,1.0713875644009148,6.169319121774559,-6.9148044100764885,0.0,-2.1616529403327203,3.4090513838352425,0.0,0.0,0.0,-3.856762712674529,0,0,0,0,0,0,-0.1278364766226654,0.1740071592963632,0.4127361368434789,0.0,0.0,0.0
image_1087.png,surface,0.0,0.0,1.912736431945984,17.820766763425105,-2.5997721751300604,0.0,1.6983802407830646,3.9582593791567473,0.0,0.0,0.0,2.0704972226915945,0,0,0,0,0,0,0.2504977663222861,0.941247000190458,2.503966505174533,0.0,0.0,0.0
image_1088.png,surface,0.0,0.0,0.7944028261784928,6.27800708946886,-12.645114671425128,0.0,-3.7358998155928393,-1.1039624810982052,0.0,0.0,0.0,-1.3112470597078394,0,0,0,0,0,0,-0.1795107294634421,-0.0408692028000028,0.3482849487930159,0.0,0.0,0.0
image_1089.png,surface,0.0,0.0,1.1766680093637567,13.659392137106188,-14.846242268223136,0.0,-0.1115193184474526,1.69258176512152,0.0,0.0,0.0,3.439055010928758,0,0,0,0,0,0,-0.0568798775636923,0.4679476527525498,0.994143330575908,0.0,0.0,0.0
image_1091.png,surface,0.0,0.0,2.27116565731756,6.078699092064152,-20.6689759948793,0.0,-3.5045028985320585,-3.146491990403588,0.0,0.0,0.0,1.5311990130394673,0,0,0,0,0,0,-0.5874076855329768,-0.5774827794255367,1.7972587704354304,0.0,0.0,0.0
image_1093.png,surface,0.0,0.0,2.3924612351715866,11.307855141931826,-17.759256832507138,0.0,2.2008719232648444,-2.2179488539472456,0.0,0.0,0.0,0.5974930781030006,0,0,0,0,0,0,1.860033404593979,-0.3567985229204868,4.361142349488772,0.0,0.0,0.0
image_1094.png,surface,0.0,0.0,1.258865464570461,8.98054500265707,19.946416146015142,0.0,2.4767806054291346,-2.1691538825977648,0.0,0.0,0.0,3.336900472950901,0,0,0,0,0,0,0.2483747297812931,-0.2122933278008461,0.6246258653577857,0.0,0.0,0.0
image_1095.png,surface,0.0,0.0,2.3336760553192013,10.218474930412466,2.304250596021809,0.0,2.07907416211372,-3.798564125668829,0.0,0.0,0.0,-1.6305236825101137,0,0,0,0,0,0,0.4213679653473851,-0.5273008098597134,1.47310031096408,0.0,0.0,0.0
image_1096.png,surface,0.0,0.0,1.416402788535629,9.414437798705055,-11.84003215962106,0.0,2.296750697486954,-2.3604991947691447,0.0,0.0,0.0,-4.326301983629031,0,0,0,0,0,0,0.3595579251496085,-0.2840739946123987,0.8760844208219678,0.0,0.0,0.0
image_1097.png,surface,0.0,0.0,1.5660026468022092,2.9518065497620656,10.693301654482507,0.0,-3.7374684595091967,-0.3700369587886329,0.0,0.0,0.0,-4.279383928113499,0,0,0,0,0,0,-0.3363201868381924,0.0021991972869285,0.6852519179361765,0.0,0.0,0.0
image_1098.png,surface,0.0,0.0,0.81457689975948,-14.881899371961364,-13.403829435175451,0.0,-1.7548138491890388,3.3860781599215306,0.0,0.0,0.0,-1.6213931973568751,0,0,0,0,0,0,-0.1188786321206682,0.1562657093664774,0.4222040728630873,0.0,0.0,0.0
image_1100.png,surface,0.0,0.0,1.854604601123276,1.5881846230946608,9.863225089356009,0.0,-0.0054785337031431,-0.478668185251211,0.0,0.0,0.0,-3.2803557531849146,0,0,0,0,0,0,0.0183562761571252,-0.1713769319260167,0.8464301306473441,0.0,0.0,0.0
image_1101.png,surface,0.0,0.0,2.0926753835939778,-1.6450445014691182,-15.342340912335567,0.0,1.0144218828672589,-0.6505195703612612,0.0,0.0,0.0,-2.2061544678049283,0,0,0,0,0,0,0.8811126697169596,-0.4346356343348107,2.222145797338039,0.0,0.0,0.0
image_1102.png,surface,0.0,0.0,0.7303266758195783,2.856643638233077,-17.65329549042111,0.0,3.2773530403808,1.4663758523742212,0.0,0.0,0.0,4.901331250918183,0,0,0,0,0,0,0.2208985278378581,0.0463404532749224,0.4792796494341243,0.0,0.0,0.0
image_1103.png,surface,0.0,0.0,0.8485806094709937,-14.45116983386306,-14.22062162521866,0.0,-2.926155027998208,3.3182975142552475,0.0,0.0,0.0,3.3481859879391536,0,0,0,0,0,0,-0.1486878914242052,0.1456944606052757,0.4252945500921297,0.0,0.0,0.0
image_1104.png,surface,0.0,0.0,0.5811068775586687,3.037346342077172,-9.64889491760993,0.0,2.276937847135544,-3.8581851458789433,0.0,0.0,0.0,0.9260914773023572,0,0,0,0,0,0,0.0797812781865353,-0.102380656529245,0.2519732628350583,0.0,0.0,0.0
image_1106.png,surface,0.0,0.0,1.0564438021845786,1.5913788122549335,9.826969823553878,0.0,-3.246468942730503,2.444148464072536,0.0,0.0,0.0,-3.903747889959072,0,0,0,0,0,0,-0.134398866274825,0.0962549954167273,0.3434147675527408,0.0,0.0,0.0
image_1108.png,surface,0.0,0.0,0.6630366180415643,-8.292955614002848,-12.13841362333735,0.0,0.300657208394771,0.9287369600389274,0.0,0.0,0.0,3.3451922682043325,0,0,0,0,0,0,0.0350027089065042,0.1345757721760833,0.2632811939679118,0.0,0.0,0.0
image_1111.png,surface,0.0,0.0,0.8573843083095329,13.1519919049864,-17.14863939364613,0.0,0.6602994526851349,4.457282309335017,0.0,0.0,0.0,4.328027882684035,0,0,0,0,0,0,-0.0537721781968765,0.3497872051037196,0.747077093543465,0.0,0.0,0.0
image_1112.png,surface,0.0,0.0,2.955822933203951,-16.706334278614708,18.672126602041228,0.0,0.7842700906107996,-4.762404834691648,0.0,0.0,0.0,0.2288339549699189,0,0,0,0,0,0,0.2041318657789893,-1.7812271004175833,4.472604966081885,0.0,0.0,0.0
image_1113.png,surface,0.0,0.0,1.7606725552073652,12.873600122322678,-3.994304938151322,0.0,0.6402885070701212,3.35738375505544,0.0,0.0,0.0,2.756461012080869,0,0,0,0,0,0,0.0021116223660416,0.5723859273442428,1.2575931163290746,0.0,0.0,0.0
image_1114.png,surface,0.0,0.0,1.2354606938244024,-2.458394341126144,-14.247975165408894,0.0,-0.8298636923785871,1.4787506951003675,0.0,0.0,0.0,3.494162059630746,0,0,0,0,0,0,-0.1516236172217507,0.261006019637062,0.5233770080462076,0.0,0.0,0.0
image_1115.png,surface,0.0,0.0,0.638762928596927,1.9656729686647405,15.965803524671628,0.0,-1.834141897552112,-3.5350359307438914,0.0,0.0,0.0,4.615092907029876,0,0,0,0,0,0,-0.0273826057088317,-0.1087422830158967,0.2347434056823932,0.0,0.0,0.0
image_1116.png,surface,0.0,0.0,1.2858041102331723,-14.41606256558639,-18.64386333395514,0.0,-2.2718300310531907,-2.473647840064781,0.0,0.0,0.0,-1.802263620046407,0,0,0,0,0,0,-0.182341444851433,-0.4400942999897768,1.083642122006548,0.0,0.0,0.0
image_1117.png,surface,0.0,0.0,2.0311405782302074,7.503264431966468,-10.614856023616737,0.0,-4.603054607012926,-1.7746570501454524,0.0,0.0,0.0,-0.919422880616545,0,0,0,0,0,0,-0.5111001212567048,-0.1092488220190375,1.2336106557511033,0.0,0.0,0.0
image_1118.png,surface,0.0,0.0,1.1144322797188564,7.222582698098016,14.66704590016744,0.0,2.326543402656254,0.011991613400681,0.0,0.0,0.0,-2.6709299734246086,0,0,0,0,0,0,0.2323583594892408,-0.0243327493806945,0.44332828860495,0.0,0.0,0.0
image_1119.png,surface,0.0,0.0,1.9231036273997788,-9.17367366978092,-2.173848795052304,0.0,1.598299538580337,-1.167702985374455,0.0,0.0,0.0,-2.789470481383728,0,0,0,0,0,0,0.4395028065104499,-0.3518102149112947,1.0727383645575503,0.0,0.0,0.0
image_1120.png,surface,0.0,0.0,1.19569531598888,4.258424634964148,14.426866213809395,0.0,-2.5175384079212577,-2.9648860076208585,0.0,0.0,0.0,-2.9479403353475533,0,0,0,0,0,0,-0.1429427566985784,-0.2267344086978449,0.5207911896710407,0.0,0.0,0.0
image_1121.png,surface,0.0,0.0,0.6111360685388176,19.7028881376976,10.96163653560929,0.0,2.635753293464057,-1.4497737956235044,0.0,0.0,0.0,-4.429232769573,0,0,0,0,0,0,0.2203963041399888,-0.1258922464079533,0.4150852568181554,0.0,0.0,0.0
image_1122.png,surface,0.0,0.0,1.532915654755591,-18.163506188622165,4.808514953392811,0.0,0.6229541465943175,-2.555533718451611,0.0,0.0,0.0,-2.527760978237328,0,0,0,0,0,0,0.1395124166531313,-0.4087738293297281,0.899417077300479,0.0,0.0,0.0
image_1124.png,surface,0.0,0.0,1.1147253989249335,-9.257763244595052,-21.075270849063948,0.0,4.427688757675173,-0.1879482102331085,0.0,0.0,0.0,1.5816366834251454,0,0,0,0,0,0,0.4788893195433561,-0.1311684321735887,1.1744807157041135,0.0,0.0,0.0
image_1125.png,surface,0.0,0.0,1.82242957889843,7.567889860695495,-0.0941867005515277,0.0,0.1427957744049783,1.7573588215937546,0.0,0.0,0.0,-2.388499199983689,0,0,0,0,0,0,0.0332768856538259,0.4447522564751814,0.959621092164787,0.0,0.0,0.0
image_1127.png,surface,0.0,0.0,2.874863669495052,0.2937666522547255,-4.683688129333924,0.0,2.493838393777166,-3.871195050960216,0.0,0.0,0.0,-4.623330878520774,0,0,0,0,0,0,1.0230867434346471,-1.1082695844124568,3.124451265025632,0.0,0.0,0.0
image_1128.png,surface,0.0,0.0,2.053072808538144,9.825205178990704,-21.587360033140744,0.0,0.0614660857992083,0.9316194692676276,0.0,0.0,0.0,-3.697955510690156,0,0,0,0,0,0,0.986424413490184,0.5501013574110314,3.581234517896181,0.0,0.0,0.0
image_1129.png,surface,0.0,0.0,1.3953853573217605,10.554005390036297,3.931051516145833,0.0,3.1721452948882454,-0.9090283178470082,0.0,0.0,0.0,1.7336500019256809,0,0,0,0,0,0,0.2968438822956671,-0.1242688046339117,0.5891880953975998,0.0,0.0,0.0
image_1130.png,surface,0.0,0.0,1.0358417336139558,16.47189926347634,10.07161618522222,0.0,-1.7810913886846282,-2.208047470157823,0.0,0.0,0.0,-0.5511810473417285,0,0,0,0,0,0,-0.1864870731938457,-0.2334200942983072,0.6122996845020692,0.0,0.0,0.0
image_1131.png,surface,0.0,0.0,2.162809646610917,-1.6027395599471723,8.164745673041581,0.0,4.520622281347464,-1.8032783790182507,0.0,0.0,0.0,0.9931146261017032,0,0,0,0,0,0,0.4538877107294232,-0.218003689854888,1.1363410111722938,0.0,0.0,0.0
image_1132.png,surface,0.0,0.0,2.800321797870878,-18.439302113485887,-0.6609251121523014,0.0,0.2889967260118448,0.5874933736716649,0.0,0.0,0.0,1.385578167584275,0,0,0,0,0,0,0.4259975547077443,-0.2396653112003861,2.9341770130843936,0.0,0.0,0.0
image_1133.png,surface,0.0,0.0,2.0677827768096204,-1.4027244962197687,10.903916762934063,0.0,-1.6446033132654727,-1.8401524495610049,0.0,0.0,0.0,1.754386480938365,0,0,0,0,0,0,-0.4400643839180669,-0.5058783000933375,1.408142231055964,0.0,0.0,0.0
image_1134.png,surface,0.0,0.0,2.573480606609516,-16.620025531904,-15.255824631348531,0.0,1.1730661747131097,0.942169539284802,0.0,0.0,0.0,-4.1509520492184215,0,0,0,0,0,0,1.173434255896812,-0.2975145823230691,3.678254066051829,0.0,0.0,0.0
image_1135.png,surface,0.0,0.0,2.210571677744928,10.231328512453162,-9.284987855651035,0.0,0.1594751133839098,2.3395472162595032,0.0,0.0,0.0,-4.809078602421756,0,0,0,0,0,0,0.3670912806176487,1.0097996606838586,2.3507824459893576,0.0,0.0,0.0
image_1136.png,surface,0.0,0.0,2.867953761271203,13.169720258473594,-1.705290252578839,0.0,0.3759704838246652,-1.5133133995603436,0.0,0.0,0.0,2.105662714061493,0,0,0,0,0,0,0.4425618053974723,-0.2483677141984467,3.208867739857068,0.0,0.0,0.0
image_1138.png,surface,0.0,0.0,2.431813120397869,5.059024817153194,10.612748926335716,0.0,2.017563472223162,1.9889029766285804,0.0,0.0,0.0,2.6645990116061826,0,0,0,0,0,0,0.5275517520869099,0.5668643375895086,1.6367124977934966,0.0,0.0,0.0
image_1140.png,surface,0.0,0.0,0.623728667889071,12.499340687210855,-19.91172830578881,0.0,4.726556962394497,1.329273837912104,0.0,0.0,0.0,3.22593107515646,0,0,0,0,0,0,0.3444151197138507,0.0139974659936268,0.8106306140750884,0.0,0.0,0.0
image_1141.png,surface,0.0,0.0,0.5331556006339428,3.578398606308878,-21.10588254254269,0.0,-3.682903277220887,0.3200551734021831,0.0,0.0,0.0,-3.6203964178090944,0,0,0,0,0,0,-0.2074069730450949,0.0276048025686855,0.3903547399744845,0.0,0.0,0.0
image_1142.png,surface,0.0,0.0,1.562808662562018,-16.50305447131906,-14.894459388254292,0.0,-1.6804249633090664,4.197106138952112,0.0,0.0,0.0,1.9131693057255816,0,0,0,0,0,0,-0.1833245857872622,0.383726891416655,0.9567003232228896,0.0,0.0,0.0
image_1143.png,surface,0.0,0.0,2.149935976223204,-19.66764849161997,4.563482905280559,0.0,-1.7778101227166831,-3.044508026129229,0.0,0.0,0.0,0.6283985663883209,0,0,0,0,0,0,-0.1249966298947132,-0.8105457794576549,2.1290228407753635,0.0,0.0,0.0
image_1144.png,surface,0.0,0.0,2.6581813434660644,12.59214497521326,5.319769548312914,0.0,0.3249811476947007,3.3130079869118254,0.0,0.0,0.0,0.3492476008674803,0,0,0,0,0,0,0.0262640165635773,1.3639553714140435,3.883091968634556,0.0,0.0,0.0
image_1145.png,surface,0.0,0.0,0.5815578993149177,23.41793516665679,7.152739460318199,0.0,0.1748615597506637,-1.6291803553283193,0.0,0.0,0.0,3.393956307938934,0,0,0,0,0,0,0.0452572036830005,-0.2953908939558635,0.4469725507709879,0.0,0.0,0.0
image_1146.png,surface,0.0,0.0,2.854610253313822,-2.526864593081172,17.12263694717952,0.0,2.53022590821679,-3.0318706512930933,0.0,0.0,0.0,-4.749602986588951,0,0,0,0,0,0,0.6960249743721783,-0.8425096490378412,2.2806884573913573,0.0,0.0,0.0
image_1147.png,surface,0.0,0.0,2.711901279971944,-18.3482616037556,12.658625622403951,0.0,-4.311653850058234,0.2620757350723319,0.0,0.0,0.0,-4.116958712598015,0,0,0,0,0,0,-1.2741757640194251,-0.1665821155236143,3.1333654161082447,0.0,0.0,0.0
image_1148.png,surface,0.0,0.0,2.684043011494821,11.544808845054968,0.259729133426972,0.0,1.1080795497392748,-0.5869528408530946,0.0,0.0,0.0,-2.1396447016841136,0,0,0,0,0,0,0.7161824073366615,-0.0292518408801406,2.7198756404896183,0.0,0.0,0.0
image_1149.png,surface,0.0,0.0,2.106674452403631,-3.418897937076006,16.145568642766765,0.0,2.686076346818438,-2.3395995583763827,0.0,0.0,0.0,4.978894307162381,0,0,0,0,0,0,0.4480025621243905,-0.4099379251754556,1.0965667478748249,0.0,0.0,0.0
image_1150.png,surface,0.0,0.0,1.6666451558273292,12.661212112965226,12.8567338918644,0.0,-1.55944898445627,-2.017435429962998,0.0,0.0,0.0,-4.525370880895512,0,0,0,0,0,0,-0.265071384900459,-0.4018112776902821,0.9651433105082996,0.0,0.0,0.0
image_1151.png,surface,0.0,0.0,2.5099848600878985,15.709357740431829,9.668257753782378,0.0,-2.414625202418139,-4.176533158219663,0.0,0.0,0.0,-2.221759337151398,0,0,0,0,0,0,-0.464043282656339,-0.8657774080299449,2.183345123687868,0.0,0.0,0.0
image_1152.png,surface,0.0,0.0,1.0154354980370437,8.323910731609814,22.753713031334627,0.0,-0.4675561038813188,4.308909356888936,0.0,0.0,0.0,-2.0874772672655952,0,0,0,0,0,0,-0.0512382313576265,0.2895106368324452,0.7310061653516905,0.0,0.0,0.0
image_1154.png,surface,0.0,0.0,0.931733249863842,-1.4527755826457796,21.21654907131921,0.0,2.5302149790087136,0.7085386548867219,0.0,0.0,0.0,-0.1931730109002947,0,0,0,0,0,0,0.190676836346071,0.0179616842790774,0.4250064926047406,0.0,0.0,0.0
image_1155.png,surface,0.0,0.0,2.9949545302365146,-17.554725238094573,8.22638159755913,0.0,2.5132776520580795,-1.6610966669639402,0.0,0.0,0.0,-2.6109288663784183,0,0,0,0,0,0,1.0734460833210024,-1.5791935470840832,4.205836936714295,0.0,0.0,0.0
image_1156.png,surface,0.0,0.0,0.980453209410714,5.123773846239735,8.851737349895544,0.0,3.0191023317266303,-2.908428495890581,0.0,0.0,0.0,-4.076478637457663,0,0,0,0,0,0,0.1286080748493919,-0.1276006357166833,0.2922209229335078,0.0,0.0,0.0
image_1157.png,surface,0.0,0.0,2.2518772965605494,-8.52231913313038,-1.6787426931564051,0.0,2.0550874740857696,0.9086998192130328,0.0,0.0,0.0,3.624442961673406,0,0,0,0,0,0,0.5818147398067043,0.1360717926480927,1.2835540182545386,0.0,0.0,0.0
image_1159.png,surface,0.0,0.0,0.5832382123186892,-9.737136895723545,11.63441620652925,0.0,1.904540320728728,-1.933787961001826,0.0,0.0,0.0,2.4341128037141155,0,0,0,0,0,0,0.0753936693351493,-0.0525919625869782,0.1658775691624097,0.0,0.0,0.0
image_1160.png,surface,0.0,0.0,0.7031588415959618,-14.410951959790689,-19.60877478760636,0.0,-1.6124395015484465,-0.8958420653639024,0.0,0.0,0.0,-3.415794863339654,0,0,0,0,0,0,-0.235531500125779,-0.1677981237516513,0.5432328776420472,0.0,0.0,0.0
image_1161.png,surface,0.0,0.0,2.8235709111424367,21.751044762681992,6.3944954890965535,0.0,1.1993178095627606,-2.731117692877118,0.0,0.0,0.0,1.7606707190569928,0,0,0,0,0,0,0.6241704602170141,-0.8077283528904954,2.8486083083034,0.0,0.0,0.0
image_1162.png,surface,0.0,0.0,2.3613567189620746,-1.4848125164173276,-8.055543680591603,0.0,-0.2860760257302969,-2.311780482206796,0.0,0.0,0.0,-2.2856784892076742,0,0,0,0,0,0,0.2645006761528802,-0.8365192747398277,1.9011894652846384,0.0,0.0,0.0
image_1163.png,surface,0.0,0.0,1.865024462266584,-11.323806917598516,-20.15588437047465,0.0,-4.315048038157272,-1.6391020738309632,0.0,0.0,0.0,0.0433926059331,0,0,0,0,0,0,-0.5669352213398291,-0.1473525106341904,1.4987128643001453,0.0,0.0,0.0
image_1164.png,surface,0.0,0.0,1.02366200632191,0.1084470656019538,15.917622512852557,0.0,1.4300517888616002,3.0594864098470933,0.0,0.0,0.0,0.8905907695754269,0,0,0,0,0,0,0.0805498326332747,0.1470347439303566,0.3955732698041598,0.0,0.0,0.0
image_1165.png,surface,0.0,0.0,0.5158903486271149,0.3640421554559672,19.982818827808742,0.0,-3.9828279881752313,0.9888153405318696,0.0,0.0,0.0,2.227425275203596,0,0,0,0,0,0,-0.0959498374779415,0.0246725395194474,0.2622093521543709,0.0,0.0,0.0
image_1167.png,surface,0.0,0.0,1.2807465426895357,1.7702743612191407,-9.895464018213024,0.0,0.9497463771158218,1.9931006641142472,0.0,0.0,0.0,-1.7433587357755065,0,0,0,0,0,0,0.1071905169702541,0.234530704659231,0.5738406604299657,0.0,0.0,0.0
image_1168.png,surface,0.0,0.0,1.0351014491752346,-11.963960724186784,-19.473960458872924,0.0,2.1958544160128763,-4.288420475081614,0.0,0.0,0.0,0.7420916388091161,0,0,0,0,0,0,0.2407865862734848,-0.3641512039785011,0.9812812288134196,0.0,0.0,0.0
image_1169.png,surface,0.0,0.0,0.930778817804073,13.533734364150776,9.855068264466174,0.0,0.0184414015935672,-3.966982453445549,0.0,0.0,0.0,4.605446430774926,0,0,0,0,0,0,0.0308205552042466,-0.2132371892973819,0.4253302781525808,0.0,0.0,0.0
image_1170.png,surface,0.0,0.0,2.521990961953584,13.90569916240301,17.224760422559253,0.0,-0.4232890076945471,-3.974509788327372,0.0,0.0,0.0,3.702806261120921,0,0,0,0,0,0,-0.145094709149449,-0.90589938714519,2.3102310973770703,0.0,0.0,0.0
image_1171.png,surface,0.0,0.0,2.0515822654700133,4.74618495648757,-21.37108534140679,0.0,0.0757996526239594,-2.3115804307525143,0.0,0.0,0.0,0.2076338025862885,0,0,0,0,0,0,0.8968992346199879,-0.7478403409352944,2.6689095622557635,0.0,0.0,0.0
image_1172.png,surface,0.0,0.0,2.1032519451524045,23.500386923168136,6.346594380225647,0.0,2.764755604534834,2.668803097512162,0.0,0.0,0.0,-1.6664667957742187,0,0,0,0,0,0,0.7606672518479386,1.0333678822523575,3.4915838822086256,0.0,0.0,0.0
image_1173.png,surface,0.0,0.0,2.813593148719047,-21.488278828856707,10.731628326395056,0.0,1.4093996558706643,-4.04640016272967,0.0,0.0,0.0,2.476237369848952,0,0,0,0,0,0,0.6192532336478744,-1.667052894489124,4.142055649797298,0.0,0.0,0.0
image_1174.png,surface,0.0,0.0,2.729497608948611,-0.928140471338351,-20.09708567441375,0.0,-2.09965440231621,-0.1073309544924538,0.0,0.0,0.0,1.1214963625667842,0,0,0,0,0,0,-0.4317244267534488,0.0036149895317323,2.899878075051092,0.0,0.0,0.0
image_1175.png,surface,0.0,0.0,2.201153087143335,-12.435446422350823,15.163754982106116,0.0,-1.0008356715187354,-4.403856600040125,0.0,0.0,0.0,2.969705576147496,0,0,0,0,0,0,-0.0321765591884939,-0.7671517471544187,1.853090563902005,0.0,0.0,0.0
image_1176.png,surface,0.0,0.0,2.902567343398696,8.502608652948242,-21.49365264640308,0.0,-2.7260403418814825,-2.8904925080367736,0.0,0.0,0.0,3.2246702283277813,0,0,0,0,0,0,-0.7122331028034167,-0.9537846270694432,2.7799657721612387,0.0,0.0,0.0
image_1177.png,surface,0.0,0.0,1.072402520290799,18.55593766516675,10.668885542750637,0.0,-3.2771159985077656,2.972479025445868,0.0,0.0,0.0,1.7655698410497775,0,0,0,0,0,0,-0.2654822951987157,0.2206559406601538,0.8698364762505368,0.0,0.0,0.0
image_1179.png,surface,0.0,0.0,2.804266944819379,-2.233250166838972,-12.677092210389493,0.0,-2.5517405775434345,1.853364341030643,0.0,0.0,0.0,2.3745896298921485,0,0,0,0,0,0,-0.8414872199550675,0.8024993601996869,2.106375716456762,0.0,0.0,0.0
image_1181.png,surface,0.0,0.0,2.9327574179311053,13.515588629842355,-0.8732875542377045,0.0,1.2812309625633518,4.468121844897259,0.0,0.0,0.0,-0.2928035999292033,0,0,0,0,0,0,0.5068920954245573,1.9491966923411064,5.426142239452938,0.0,0.0,0.0
image_1182.png,surface,0.0,0.0,1.0600976471354182,16.140763748648602,2.1764919748925937,0.0,-1.2214240730755013,0.992932443705404,0.0,0.0,0.0,0.6844663106366937,0,0,0,0,0,0,-0.1875006519295456,0.2308166096703625,0.6755115554556266,0.0,0.0,0.0
image_1183.png,surface,0.0,0.0,1.196148988475834,-23.370437310331592,-8.607773842945225,0.0,-0.2653440843349496,3.9638721264743744,0.0,0.0,0.0,1.1986066374812712,0,0,0,0,0,0,-0.031446051991593,0.2638973820214503,0.7297668482547842,0.0,0.0,0.0
image_1184.png,surface,0.0,0.0,2.773624556937597,-23.06343694152768,-6.102321885752137,0.0,-0.9038561574072485,-3.262549142030217,0.0,0.0,0.0,-3.2456457892141053,0,0,0,0,0,0,0.3377796793420006,-2.338331910132911,5.849283057400982,0.0,0.0,0.0
image_1186.png,surface,0.0,0.0,0.7434780646648746,4.514737495767871,-10.548767439902203,0.0,-0.8510516042495844,0.297840886201181,0.0,0.0,0.0,-1.1820409759323756,0,0,0,0,0,0,-0.1931833891654372,0.0957830646684593,0.2856558918255718,0.0,0.0,0.0
image_1189.png,surface,0.0,0.0,0.6791789381864874,10.868822089452928,-15.700904149117074,0.0,-3.381396426711078,0.7576078462657191,0.0,0.0,0.0,-3.870302955637252,0,0,0,0,0,0,-0.2165200503264336,0.0769530278125689,0.4471020649901244,0.0,0.0,0.0
image_1190.png,surface,0.0,0.0,2.030954572011632,2.8254600558031835,-24.40931903958028,0.0,-0.0091370829468041,-2.5275499760312328,0.0,0.0,0.0,-3.176821694578363,0,0,0,0,0,0,0.9326864778181624,-0.9389534167538756,2.881125309321689,0.0,0.0,0.0
image_1192.png,surface,0.0,0.0,1.6797374646401015,3.783663811487876,8.590168871919309,0.0,2.489228821739285,0.350865916678794,0.0,0.0,0.0,-1.8948168277789847,0,0,0,0,0,0,0.3268220713884873,0.0001305675070207,0.6584960666656693,0.0,0.0,0.0
image_1194.png,surface,0.0,0.0,2.8477566792399505,-7.584119743498505,-4.554378820648579,0.0,-0.9448753397910876,2.897412103608353,0.0,0.0,0.0,2.6807738154513743,0,0,0,0,0,0,-0.2506088642918146,0.878212783246805,1.9319379273105848,0.0,0.0,0.0
image_1196.png,surface,0.0,0.0,2.0186436362210243,-9.070514515524378,-0.7987554206046328,0.0,3.117222056852365,2.016684079018863,0.0,0.0,0.0,4.815905381718928,0,0,0,0,0,0,0.4218793203852157,0.1652528439159931,0.9189469283447,0.0,0.0,0.0
image_1197.png,surface,0.0,0.0,1.7567812977763169,16.92517306981404,13.451613150918387,0.0,3.1910809598216345,2.2097800520374267,0.0,0.0,0.0,-3.2821153415794777,0,0,0,0,0,0,0.5398273167748324,0.276115669094107,1.3615841022802946,0.0,0.0,0.0
image_1198.png,surface,0.0,0.0,2.125977955632965,8.875453979387736,-1.6866517578973013,0.0,1.8883871366103853,-1.3749140908014954,0.0,0.0,0.0,3.618738978694552,0,0,0,0,0,0,0.6033875304651833,-0.3057670780077808,1.3059532791537587,0.0,0.0,0.0
image_1199.png,surface,0.0,0.0,2.8124137320775247,7.96329036146056,17.117552683897948,0.0,3.09043710129929,-3.766612040399784,0.0,0.0,0.0,2.4437986860258007,0,0,0,0,0,0,0.656006876991951,-0.7574205351251337,2.2834975761443475,0.0,0.0,0.0
image_1202.png,surface,0.0,0.0,2.923880221909129,-8.940502433032078,-11.776133432481554,0.0,1.1098588941956673,-1.2968680304893914,0.0,0.0,0.0,4.642870294660151,0,0,0,0,0,0,1.261551686522982,-1.107226617458784,4.704966873234814,0.0,0.0,0.0
image_1204.png,surface,0.0,0.0,0.6875120995056903,8.004228039985872,-10.51341121273544,0.0,0.1146224992829828,-1.730716200089216,0.0,0.0,0.0,3.886983755358365,0,0,0,0,0,0,0.0436135624899734,-0.1868153598043548,0.3089014611567335,0.0,0.0,0.0
image_1205.png,surface,0.0,0.0,2.5004196960222806,-18.39865765964441,14.554205832024772,0.0,4.100491195351726,2.5678109764839743,0.0,0.0,0.0,4.1509049417295785,0,0,0,0,0,0,0.7453737793028202,0.2594958412426047,1.6551347789637272,0.0,0.0,0.0
image_1206.png,surface,0.0,0.0,2.156582275859169,-10.185764024880209,-22.69020967387757,0.0,-1.5914150800966087,2.65992939077478,0.0,0.0,0.0,-0.7362714381517019,0,0,0,0,0,0,-0.273992704042611,0.6493106393119159,2.0740239577180617,0.0,0.0,0.0
image_1207.png,surface,0.0,0.0,2.7643448533939528,2.5447600848892664,17.71917957413547,0.0,-2.992347059007065,-1.5249349401734895,0.0,0.0,0.0,1.3557095461549364,0,0,0,0,0,0,-1.7941918778033057,-0.6387299519357491,4.790209559464186,0.0,0.0,0.0
image_1209.png,surface,0.0,0.0,1.7583461574452528,16.27105708429275,-10.387825027249168,0.0,4.217816735825151,1.231942877709486,0.0,0.0,0.0,0.0873158568668213,0,0,0,0,0,0,0.7944425564746497,0.0498170097871628,2.055199735867754,0.0,0.0,0.0
image_1211.png,surface,0.0,0.0,1.7094694862982178,-2.789030633521078,-13.499990773312543,0.0,0.5284073711355723,-2.916743777423059,0.0,0.0,0.0,-1.7047545561580255,0,0,0,0,0,0,0.339322875795454,-0.5197090172225765,1.1384087726709156,0.0,0.0,0.0
image_1212.png,surface,0.0,0.0,1.8159197534508047,6.809443854894221,-20.61909284435432,0.0,-2.5493287314721487,3.242090184726237,0.0,0.0,0.0,2.606523233115146,0,0,0,0,0,0,-0.4430959887852057,0.6076391542398575,1.596384449559032,0.0,0.0,0.0
image_1213.png,surface,0.0,0.0,1.1108971974898796,16.72042381201731,9.58724429855364,0.0,3.3142153807299297,0.9345549460469478,0.0,0.0,0.0,3.259012218814036,0,0,0,0,0,0,0.313714032874097,-0.0088911752973678,0.6227590741992025,0.0,0.0,0.0
image_1214.png,surface,0.0,0.0,1.3260562801603255,-0.9265458735767782,-22.756519119065352,0.0,-2.904400355073368,-3.1619268370293265,0.0,0.0,0.0,4.458882364063811,0,0,0,0,0,0,-0.2682673538869002,-0.3674169647565152,0.8732127779631893,0.0,0.0,0.0
image_1215.png,surface,0.0,0.0,1.2191209384572272,10.36990383181776,-10.127399042567903,0.0,2.334339549792154,-0.2054260830581927,0.0,0.0,0.0,-0.95635864782989,0,0,0,0,0,0,0.3143517047813917,-0.078524557204301,0.7442523437640295,0.0,0.0,0.0
image_1216.png,surface,0.0,0.0,0.6141580446666608,-2.8213739004198923,-14.047375697239056,0.0,4.750024014206992,0.6005227557437184,0.0,0.0,0.0,0.502670601661011,0,0,0,0,0,0,0.1336881436478403,-0.0184713694872068,0.3100938851742973,0.0,0.0,0.0
image_1217.png,surface,0.0,0.0,1.9575844744005888,16.19252952515992,-5.071135319210827,0.0,3.5780834486329245,3.490596067620276,0.0,0.0,0.0,2.1094735475571538,0,0,0,0,0,0,0.7288841012227752,0.6854070491444355,2.3538260301390577,0.0,0.0,0.0
image_1220.png,surface,0.0,0.0,1.1164640989144283,-13.716437266676724,-7.819662950002275,0.0,4.79506376613302,-0.3454647487712894,0.0,0.0,0.0,3.461761824189168,0,0,0,0,0,0,0.2598863056924562,-0.0854383426664262,0.5351940640404925,0.0,0.0,0.0
image_1221.png,surface,0.0,0.0,1.9657742225415928,-6.633433073658013,-15.72972122875802,0.0,-1.3682553078146995,-4.572194337497302,0.0,0.0,0.0,-0.8281488046028898,0,0,0,0,0,0,0.0962374746867213,-0.7156074708285945,1.5958485286522617,0.0,0.0,0.0
image_1222.png,surface,0.0,0.0,1.7260766407965542,10.87739049763187,16.717443808589625,0.0,3.176471326724115,-1.2617549492226492,0.0,0.0,0.0,3.208626166556801,0,0,0,0,0,0,0.4335096037158754,-0.2329544559600162,0.8911795263626643,0.0,0.0,0.0
image_1223.png,surface,0.0,0.0,2.5413848073539724,-4.530599512130623,-14.40039864197164,0.0,0.790456902900754,3.2358512882919435,0.0,0.0,0.0,4.962048930283515,0,0,0,0,0,0,0.335694690050846,0.896649544479139,2.2506098964988737,0.0,0.0,0.0
image_1224.png,surface,0.0,0.0,1.3836998077610767,7.080277436606155,-20.16906217004876,0.0,-2.7492546700336,1.2780753050336957,0.0,0.0,0.0,-0.4027070951498963,0,0,0,0,0,0,-0.3926362041592769,0.2377917461297624,1.0621382956223897,0.0,0.0,0.0
image_1225.png,surface,0.0,0.0,0.591492377679459,-20.744598949148138,7.008851296404471,0.0,3.720354969478464,1.827838440866745,0.0,0.0,0.0,3.063299965844239,0,0,0,0,0,0,0.1526478491874054,0.0174677300958903,0.2728607801764307,0.0,0.0,0.0
image_1226.png,surface,0.0,0.0,2.7181895300506325,23.49626804226646,-4.26015703681677,0.0,1.6220990900480263,3.3780561291137463,0.0,0.0,0.0,-2.8581398506720435,0,0,0,0,0,0,1.456218157487129,2.7971618608289246,9.288792174999877,0.0,0.0,0.0
image_1227.png,surface,0.0,0.0,2.1757010702052484,-20.55158214012495,5.530779571064832,0.0,-1.6918502762513212,-2.7998705821651324,0.0,0.0,0.0,-0.74407196792703,0,0,0,0,0,0,-0.1654758599429837,-0.9660611189343864,2.3698813273043844,0.0,0.0,0.0
image_1229.png,surface,0.0,0.0,1.014260394607224,3.6895194876220594,-6.4860029250674405,0.0,-1.9924576791780293,3.895003370935696,0.0,0.0,0.0,-2.9710051396156514,0,0,0,0,0,0,-0.085266169723266,0.1263169840813945,0.3564197815570333,0.0,0.0,0.0
image_1231.png,surface,0.0,0.0,1.6909705845952452,6.307781052079142,11.026355809300048,0.0,-2.151344268804443,-4.463690573888887,0.0,0.0,0.0,3.7375756922131984,0,0,0,0,0,0,-0.0893859259357883,-0.370201356171296,0.8187632138353276,0.0,0.0,0.0
image_1232.png,surface,0.0,0.0,1.325750352973599,11.32975074982472,9.009674548473727,0.0,-4.128625155670967,0.3401128682710986,0.0,0.0,0.0,4.986773729162513,0,0,0,0,0,0,-0.323298896053434,0.0503927653000497,0.6924198600642291,0.0,0.0,0.0
image_1233.png,surface,0.0,0.0,1.7891761287439802,14.230916029139452,3.836283732434644,0.0,3.5727637540968487,-1.215022230087944,0.0,0.0,0.0,-1.7518617619398429,0,0,0,0,0,0,0.4812786868332193,-0.1729689116501736,1.1184769809466173,0.0,0.0,0.0
image_1235.png,surface,0.0,0.0,2.074901768699063,-1.4974780312224552,10.119477882845644,0.0,-1.6886523552908217,-2.11513494798344,0.0,0.0,0.0,-2.066432071478712,0,0,0,0,0,0,-0.3898557111410731,-0.523578849358374,1.3388074637425569,0.0,0.0,0.0
image_1236.png,surface,0.0,0.0,1.423822875255126,-0.4318981093066997,5.673931273785378,0.0,-0.9734941634758036,2.3589113108010844,0.0,0.0,0.0,-0.8965681107967249,0,0,0,0,0,0,-0.0888410893180998,0.1547744082019507,0.5188484763839978,0.0,0.0,0.0
image_1238.png,surface,0.0,0.0,2.239307627437952,-15.090984437787096,0.1960851958117686,0.0,0.2470840429492257,4.02453564594928,0.0,0.0,0.0,-2.3612280778581454,0,0,0,0,0,0,-0.0556897595887413,0.5001522070143537,1.1805098259052798,0.0,0.0,0.0
image_1239.png,surface,0.0,0.0,1.9843096206942,-5.795004758012742,19.97580309617383,0.0,1.1908873184986055,-0.1408967836367529,0.0,0.0,0.0,1.904335298059428,0,0,0,0,0,0,0.4566697256376207,-0.103444073815342,1.0874605584672856,0.0,0.0,0.0
image_1240.png,surface,0.0,0.0,1.7912954139208253,-19.08679926800681,-1.1780254131298944,0.0,1.0809071614981427,-0.6197874475656984,0.0,0.0,0.0,-1.2599725414016696,0,0,0,0,0,0,0.5156125250875614,-0.528895935788859,1.4345408017219572,0.0,0.0,0.0
image_1241.png,surface,0.0,0.0,0.7195926245694855,12.728478280138788,-18.02899923710473,0.0,-3.1802754115963725,-3.013621247978118,0.0,0.0,0.0,2.372088834430945,0,0,0,0,0,0,-0.189506502941036,-0.1821841460613521,0.4889038957182077,0.0,0.0,0.0
image_1242.png,surface,0.0,0.0,1.9823378439427868,-7.822911626956662,-21.21221889526576,0.0,1.4360480953842667,0.238999944962186,0.0,0.0,0.0,-3.8976308358051934,0,0,0,0,0,0,1.317846397384158,-0.3581372331430735,3.241916195774569,0.0,0.0,0.0
image_1243.png,surface,0.0,0.0,1.495648195011391,-1.4730302357789873,-15.56889309382546,0.0,-4.358652581643016,-0.125047440588083,0.0,0.0,0.0,1.723401418711811,0,0,0,0,0,0,-0.3344969626259274,0.0301689596342746,0.7420595340538284,0.0,0.0,0.0
image_1246.png,surface,0.0,0.0,2.465443890862564,4.021614780255244,-19.866328242780927,0.0,1.0962187494042888,0.3624685259843023,0.0,0.0,0.0,1.6808212103661422,0,0,0,0,0,0,1.623654972686793,0.2377791613098088,4.663477663035683,0.0,0.0,0.0
image_1247.png,surface,0.0,0.0,1.77989011608126,-3.909027414310326,11.087409803637753,0.0,0.3521080334718419,4.251142458835323,0.0,0.0,0.0,-0.6219766666475959,0,0,0,0,0,0,0.0084213782792731,0.2872925623155858,0.7461325329452821,0.0,0.0,0.0
image_1249.png,surface,0.0,0.0,1.017030649049922,17.427655014745977,-5.0722984661992365,0.0,1.2009627724636105,2.7609121957217795,0.0,0.0,0.0,0.234557905659396,0,0,0,0,0,0,0.1067902599019521,0.3134737071269963,0.8174033145343981,0.0,0.0,0.0
image_1250.png,surface,0.0,0.0,2.8452104023885134,16.052671398936464,3.8931739274244648,0.0,1.537161352959099,-2.237584435877087,0.0,0.0,0.0,-2.7271111209629337,0,0,0,0,0,0,0.9167522895857624,-0.5440983982930633,2.86658398871799,0.0,0.0,0.0
image_1251.png,surface,0.0,0.0,1.9454617333679465,18.86631666021302,-3.9545910475504096,0.0,1.972271986389171,2.6527535947650094,0.0,0.0,0.0,1.9849831546524024,0,0,0,0,0,0,0.5566122415136232,0.943781268308657,2.826322930596869,0.0,0.0,0.0
image_1253.png,surface,0.0,0.0,1.2842941763287152,5.667173854282037,20.90337386220716,0.0,-1.5691654397070889,-3.501596134694123,0.0,0.0,0.0,3.8502128294196254,0,0,0,0,0,0,-0.0744090065093266,-0.3201924278798376,0.7781113800530214,0.0,0.0,0.0
image_1254.png,surface,0.0,0.0,2.956712268840902,5.529031271664589,22.79797444336485,0.0,-1.6030037869160132,2.572857027888258,0.0,0.0,0.0,-2.640250844269887,0,0,0,0,0,0,-1.6762286625137528,1.4035676653211602,6.240507552347083,0.0,0.0,0.0
image_1255.png,surface,0.0,0.0,2.0333352984662474,7.822853274334363,17.195774338786133,0.0,4.6131386668729055,0.6870578600047157,0.0,0.0,0.0,3.2036711341343427,0,0,0,0,0,0,0.5582558827066504,-0.021279357439401,1.137379357929161,0.0,0.0,0.0
image_1257.png,surface,0.0,0.0,2.7892285383744486,-13.28277493163334,17.485095275796272,0.0,-2.5352751053081217,1.8875442259213029,0.0,0.0,0.0,3.865707376412356,0,0,0,0,0,0,-1.427034394970938,0.4228310732181357,3.418649512804744,0.0,0.0,0.0
image_1258.png,surface,0.0,0.0,1.4032115456448682,-19.909940577302148,-2.5595275586898363,0.0,2.673408626044669,-1.938903228764376,0.0,0.0,0.0,3.515830723512352,0,0,0,0,0,0,0.3403881987909342,-0.2256489679768288,0.8540804015914901,0.0,0.0,0.0
image_1259.png,surface,0.0,0.0,2.367864401457684,-0.8430478663398979,11.39843534190934,0.0,-2.7048082309271715,-3.4999858042589778,0.0,0.0,0.0,1.9939067078742256,0,0,0,0,0,0,-0.458107911681519,-0.7214594121071172,1.9567242692487112,0.0,0.0,0.0
image_1260.png,surface,0.0,0.0,0.8656627031789766,-11.459612241531705,-5.665701826301897,0.0,2.2573674035835194,3.883684440994299,0.0,0.0,0.0,-4.612050726572008,0,0,0,0,0,0,0.0734045591135879,0.1503807329355762,0.2980758588399733,0.0,0.0,0.0
image_1261.png,surface,0.0,0.0,2.2428992395683705,-0.5740588901301316,-12.770841307515049,0.0,-1.146516665471018,2.5787298450602583,0.0,0.0,0.0,1.6887391759317936,0,0,0,0,0,0,-0.235052104777813,0.6704814526792153,1.553021749189981,0.0,0.0,0.0
image_1263.png,surface,0.0,0.0,1.5615731037442848,-6.133307112230883,9.399198781349224,0.0,-1.823973605750366,1.1316196014145894,0.0,0.0,0.0,0.1385116355080615,0,0,0,0,0,0,-0.2038457504602029,0.1350335450019032,0.6468956120378704,0.0,0.0,0.0
image_1264.png,surface,0.0,0.0,1.0790229519149046,-9.09498957162187,19.34515420010004,0.0,1.947234329848042,1.088969754707113,0.0,0.0,0.0,-2.859354734525072,0,0,0,0,0,0,0.2272767688007989,0.0745933740712292,0.4366359762816562,0.0,0.0,0.0
image_1265.png,surface,0.0,0.0,2.968639628616667,-17.391251972075544,-3.865406384760986,0.0,2.0162016524783737,1.235268682031064,0.0,0.0,0.0,-1.6793095260513633,0,0,0,0,0,0,1.2794491128470542,0.0641353886896118,3.2811858002181635,0.0,0.0,0.0
image_1266.png,surface,0.0,0.0,0.8090483799681298,7.69275103353234,11.321305802293695,0.0,-1.728576836024005,-4.487076604737294,0.0,0.0,0.0,4.281468122689629,0,0,0,0,0,0,-0.0168054702537043,-0.1440993346761301,0.3121705786880321,0.0,0.0,0.0
image_1267.png,surface,0.0,0.0,1.0087297491682277,-6.696526930091176,20.05021072607473,0.0,-1.5617078302007108,4.61477335241664,0.0,0.0,0.0,4.203486738671206,0,0,0,0,0,0,-0.0800247805855021,0.2008112526954875,0.466037937029342,0.0,0.0,0.0
image_1268.png,surface,0.0,0.0,1.4435283161132644,-8.510063727945566,19.078025080056484,0.0,-2.8426210555512785,-0.7022975660013536,0.0,0.0,0.0,2.783873409665329,0,0,0,0,0,0,-0.3936071699751577,-0.0563862858030523,0.907726084359196,0.0,0.0,0.0
image_1269.png,surface,0.0,0.0,0.82780093533771,1.2465569746800107,-19.954230948747533,0.0,2.226457187653001,2.0183712820770143,0.0,0.0,0.0,0.3927195677106585,0,0,0,0,0,0,0.2593140750548838,0.1269304940541427,0.6925672383135912,0.0,0.0,0.0
image_1271.png,surface,0.0,0.0,2.775953476813803,11.352063294303928,0.494837760080955,0.0,-1.3174637326895615,1.8288203515557884,0.0,0.0,0.0,-4.71738951879396,0,0,0,0,0,0,-0.3449706095614939,1.0575197248462167,3.435832476878063,0.0,0.0,0.0
image_1272.png,surface,0.0,0.0,1.5954819507970095,-19.52117603295607,-5.040036626355643,0.0,2.909550389136652,2.1767245483394064,0.0,0.0,0.0,3.0836343693395225,0,0,0,0,0,0,0.3894600197427514,0.1862521891114218,0.9171047002276774,0.0,0.0,0.0
image_1273.png,surface,0.0,0.0,1.731001738434453,14.525168360142708,-10.499372170567916,0.0,1.0439924466335193,0.2034625848849529,0.0,0.0,0.0,-1.6253272515812789,0,0,0,0,0,0,0.7400486862154116,0.2552012714333667,1.9163292309009,0.0,0.0,0.0
image_1274.png,surface,0.0,0.0,0.6552264937130146,15.453718436495343,19.092164047107463,0.0,0.0981626158123721,-0.7250827426707913,0.0,0.0,0.0,-4.59788933983573,0,0,0,0,0,0,0.105003561049532,-0.1410852702971922,0.4381923799150679,0.0,0.0,0.0
image_1275.png,surface,0.0,0.0,2.5984321654182843,13.219635327108938,-3.2729007840920143,0.0,4.367383601563245,-0.9954219794404906,0.0,0.0,0.0,-1.543882909887352,0,0,0,0,0,0,1.104378497439776,-0.1393171030936818,2.783181297601858,0.0,0.0,0.0
image_1276.png,surface,0.0,0.0,2.4512188449319785,2.2703601100298654,3.9511584116213903,0.0,-2.936425162521933,2.800364472159129,0.0,0.0,0.0,4.459310346181656,0,0,0,0,0,0,-0.5578906291082,0.5306672491973576,1.5853980709702409,0.0,0.0,0.0
image_1277.png,surface,0.0,0.0,1.4832223629948054,-5.535036948509867,12.33860735322547,0.0,-0.4263884027547081,1.514320521183551,0.0,0.0,0.0,0.1094234778860112,0,0,0,0,0,0,-0.1065528450629593,0.2201840099118861,0.6236679067369341,0.0,0.0,0.0
image_1278.png,surface,0.0,0.0,1.6927181611122997,-9.8086692549751,17.378127039638265,0.0,-0.5687862987260662,1.088630855877036,0.0,0.0,0.0,-0.8686504091859124,0,0,0,0,0,0,-0.2581163476299651,0.4019528569147624,0.9114306376272462,0.0,0.0,0.0
image_1279.png,surface,0.0,0.0,2.148404491909284,5.212007773985248,-22.729762387214,0.0,0.4425453229774815,-4.201538374644655,0.0,0.0,0.0,-2.455624468747204,0,0,0,0,0,0,0.7100583220026431,-0.9640318167168334,2.6753942052276845,0.0,0.0,0.0
image_1280.png,surface,0.0,0.0,1.6639475920337794,4.394807560854737,-7.716344831558539,0.0,-3.270939941230216,2.7316175118851267,0.0,0.0,0.0,-3.295813014968526,0,0,0,0,0,0,-0.2732439341657875,0.2216768841789068,0.7207499789983737,0.0,0.0,0.0
image_1281.png,surface,0.0,0.0,1.1829759851256505,0.1110150334598638,-13.633954754527164,0.0,4.130620316037663,-0.3439385428835416,0.0,0.0,0.0,2.830012295103809,0,0,0,0,0,0,0.293013285181918,-0.0566033739472557,0.6459510514396879,0.0,0.0,0.0
image_1282.png,surface,0.0,0.0,1.2437136076707045,23.12611375373708,9.667747253444604,0.0,-2.349377284862236,1.6746336238406798,0.0,0.0,0.0,1.967232991149936,0,0,0,0,0,0,-0.5310810149819376,0.4442142554221557,1.614739740615915,0.0,0.0,0.0
image_1283.png,surface,0.0,0.0,1.793282520051131,22.34830289307117,8.02648903775332,0.0,-4.126655867530757,1.623507286744591,0.0,0.0,0.0,-0.6919471998751989,0,0,0,0,0,0,-0.8114907681823242,0.5453254182385597,2.559568299251952,0.0,0.0,0.0
image_1284.png,surface,0.0,0.0,2.986327576949626,3.5679731435903226,-8.839142713561216,0.0,-2.008075163654321,2.958382058443379,0.0,0.0,0.0,4.777185672812156,0,0,0,0,0,0,-0.568814755481855,1.3787897279345993,2.9937982139625903,0.0,0.0,0.0
image_1285.png,surface,0.0,0.0,1.724814196856767,-11.355757066032549,-0.4211684489886838,0.0,0.6255155652158279,4.769651188350148,0.0,0.0,0.0,3.2473536206786697,0,0,0,0,0,0,0.0093253809354379,0.2710644369851459,0.6294491535187189,0.0,0.0,0.0
image_1286.png,surface,0.0,0.0,0.6394935498660992,-6.839539691183356,13.056519399238365,0.0,0.6990045100146532,-0.9334975571249674,0.0,0.0,0.0,1.7888375789230864,0,0,0,0,0,0,0.0825511179747844,-0.0841641296461028,0.1856396525995646,0.0,0.0,0.0
image_1287.png,surface,0.0,0.0,2.846738540678235,-7.488610598697974,-6.281323515356306,0.0,-2.5409546414835087,-1.9418219640658525,0.0,0.0,0.0,3.9566240669171897,0,0,0,0,0,0,-0.6346623698325032,-0.8327642790861092,2.6736256662353406,0.0,0.0,0.0
image_1288.png,surface,0.0,0.0,1.2649272402295473,-0.0849576422037354,-24.14135379074096,0.0,-0.7931471583809762,-4.154378020319766,0.0,0.0,0.0,-2.1684788524447542,0,0,0,0,0,0,0.124517234546747,-0.498632590004931,1.1777252701938516,0.0,0.0,0.0
image_1289.png,surface,0.0,0.0,0.5995634418352798,-15.450008452983658,-8.191713233094225,0.0,3.9079107000823536,2.1683069977418885,0.0,0.0,0.0,-0.4712348266172617,0,0,0,0,0,0,0.1444235556622963,0.0065472525809704,0.2820205616746465,0.0,0.0,0.0
image_1293.png,surface,0.0,0.0,1.4199652061425605,17.611930274668037,-16.164578196671023,0.0,-3.6986176295846738,-1.1927947873423943,0.0,0.0,0.0,1.2088998010068384,0,0,0,0,0,0,-0.4997863910447019,-0.0527398342214355,1.186873886673176,0.0,0.0,0.0
image_1294.png,surface,0.0,0.0,2.793250102808849,-5.6529183767638695,-6.650803730085518,0.0,0.5809954076980257,1.7792317016603605,0.0,0.0,0.0,-0.0226521880718957,0,0,0,0,0,0,0.5151148670596725,0.7458708166125231,2.392814276106596,0.0,0.0,0.0
image_1295.png,surface,0.0,0.0,2.483183910864747,-14.759793763254198,-1.8784571708581133,0.0,3.419459232551068,0.7364560107210724,0.0,0.0,0.0,3.7923258646907545,0,0,0,0,0,0,0.8782180349492409,-0.0504210811449457,1.918361264339072,0.0,0.0,0.0
image_1297.png,surface,0.0,0.0,2.965289505767431,20.512401464525883,9.91342251907314,0.0,3.094094435695934,1.855743235579122,0.0,0.0,0.0,-3.714004832629109,0,0,0,0,0,0,1.3910964846634009,1.5712273560533196,5.3737961648841495,0.0,0.0,0.0
image_1298.png,surface,0.0,0.0,2.166246995746038,-6.886888673504248,22.847257495809373,0.0,0.9670100106163592,4.303491531867098,0.0,0.0,0.0,-1.598081867572371,0,0,0,0,0,0,0.0528362158508472,0.6110417749348696,1.5459498262243907,0.0,0.0,0.0
image_1299.png,surface,0.0,0.0,0.5435968986279576,-11.155990497578482,19.86890206451971,0.0,-3.470098803763264,3.370243067944436,0.0,0.0,0.0,3.952017856816752,0,0,0,0,0,0,-0.0769201249986734,0.0686785086929378,0.2777577574620443,0.0,0.0,0.0
image_1300.png,surface,0.0,0.0,1.657720622989182,15.8726711690344,-5.869216725863793,0.0,-4.720488989298455,-0.636159906889353,0.0,0.0,0.0,4.791060980636628,0,0,0,0,0,0,-0.5079650278700051,0.0186680072989851,1.066242556566738,0.0,0.0,0.0
image_1301.png,surface,0.0,0.0,2.7758096870529334,8.676293664299761,-7.769125480291674,0.0,0.525376730430404,1.4276152780850822,0.0,0.0,0.0,-1.150405861302736,0,0,0,0,0,0,0.7499227084935217,0.8974046336763671,3.8330816160177728,0.0,0.0,0.0
image_1302.png,surface,0.0,0.0,1.2399008688665376,6.550344711386465,-8.69040610163344,0.0,-0.7146732291107476,0.8316381042802099,0.0,0.0,0.0,0.6946037416283577,0,0,0,0,0,0,-0.1454325687280156,0.244582829597338,0.538141629027729,0.0,0.0,0.0
image_1303.png,surface,0.0,0.0,2.817165974887088,18.547739993419416,-7.402707342608449,0.0,3.5126169875313225,1.450761630492214,0.0,0.0,0.0,-3.819203070516651,0,0,0,0,0,0,2.291641406762922,1.404588608839913,7.3648361196945,0.0,0.0,0.0
image_1305.png,surface,0.0,0.0,1.9576091038214456,-13.312092924498025,-13.13599794273923,0.0,2.6629510390346205,-2.9116817842464524,0.0,0.0,0.0,-1.6074456240640078,0,0,0,0,0,0,0.6249055330838954,-0.6599857128377368,2.0052117132887544,0.0,0.0,0.0
image_1306.png,surface,0.0,0.0,1.4145677581726643,0.269047854945119,-23.176581590351645,0.0,0.9195569350502614,4.74706943289301,0.0,0.0,0.0,3.993073778641987,0,0,0,0,0,0,-0.0188356715050913,0.5488743374655344,1.259424179427206,0.0,0.0,0.0
image_1307.png,surface,0.0,0.0,2.8923090266646563,15.754619546171613,-18.842623248221425,0.0,-2.615401009810876,1.3399143550560049,0.0,0.0,0.0,3.1613898112081493,0,0,0,0,0,0,-0.6268550741656248,1.3113822860569968,4.887206777582055,0.0,0.0,0.0
image_1308.png,surface,0.0,0.0,1.5765404255552355,21.62630760600184,10.09675296719997,0.0,3.0089199262036552,-0.1744737041528433,0.0,0.0,0.0,-4.130862627030087,0,0,0,0,0,0,0.5704462215549344,-0.0588214484641149,1.2022860787503795,0.0,0.0,0.0
image_1309.png,surface,0.0,0.0,2.085965599382108,12.103945152251882,1.1354121262513075,0.0,3.742010133482218,3.1044401098043184,0.0,0.0,0.0,1.1090345130261152,0,0,0,0,0,0,0.595374779649177,0.3568394235853366,1.5565744582011118,0.0,0.0,0.0
image_1310.png,surface,0.0,0.0,2.092713422816513,-16.04107053998827,1.6183272319223565,0.0,2.781096598374038,2.1569523759740075,0.0,0.0,0.0,-3.424228652554564,0,0,0,0,0,0,0.4575904690837143,0.207289288766712,1.0812237789147472,0.0,0.0,0.0
image_1311.png,surface,0.0,0.0,2.108483463395795,6.52328214864129,17.6332364798605,0.0,2.62890201513318,-2.418601875888068,0.0,0.0,0.0,1.918748629467415,0,0,0,0,0,0,0.4283077837179437,-0.3540613245805328,1.210695570979116,0.0,0.0,0.0
image_1312.png,surface,0.0,0.0,1.265106945569746,-16.367287722495355,-6.010823497901613,0.0,1.0604288172390384,4.543202237822303,0.0,0.0,0.0,-3.164123538808216,0,0,0,0,0,0,0.0156442681886306,0.2285843772310551,0.556680026394425,0.0,0.0,0.0
image_1313.png,surface,0.0,0.0,2.6618537030853706,12.569904612335836,0.163006817925258,0.0,-1.401698770010787,-3.406387005020024,0.0,0.0,0.0,-4.1305891712421765,0,0,0,0,0,0,-0.23976235430783,-1.0074022524826562,1.835271193751893,0.0,0.0,0.0
image_1314.png,surface,0.0,0.0,1.9840088512614629,9.992239786932538,-7.406740490630418,0.0,-0.5766965854688207,1.3160299933146011,0.0,0.0,0.0,-4.748471562501556,0,0,0,0,0,0,0.0104439700806924,0.5301418329642861,1.4879274560513924,0.0,0.0,0.0
image_1315.png,surface,0.0,0.0,1.4711139547703027,-9.756690239166796,-8.853227638735467,0.0,-3.53205663602079,0.590236252748253,0.0,0.0,0.0,1.6172462854525935,0,0,0,0,0,0,-0.2692718012826391,0.0529789458005579,0.6039259203337829,0.0,0.0,0.0
image_1317.png,surface,0.0,0.0,0.7842118525064898,4.154856047451619,18.136725702271843,0.0,-0.7556944766681215,-4.929499395920879,0.0,0.0,0.0,-0.9408482778324414,0,0,0,0,0,0,0.0112779657971543,-0.1733307252238458,0.3655081069343461,0.0,0.0,0.0
image_1318.png,surface,0.0,0.0,2.025606229621594,17.845982838194715,11.710581323967862,0.0,1.9964981788433385,-2.197814906740448,0.0,0.0,0.0,-2.9666043667353748,0,0,0,0,0,0,0.5758793688318846,-0.4584618447123646,1.343764732130181,0.0,0.0,0.0
image_1319.png,surface,0.0,0.0,2.4565186073407683,10.751922499381443,-5.733992302116945,0.0,2.755962327478368,4.0514803411376565,0.0,0.0,0.0,-0.1637657532600203,0,0,0,0,0,0,0.5981689696773229,0.9316243322332752,2.900012055277785,0.0,0.0,0.0
image_1320.png,surface,0.0,0.0,1.556164485645172,15.648399574145287,18.57226555790125,0.0,1.7635662427612284,1.1755337624204805,0.0,0.0,0.0,-4.153350451821186,0,0,0,0,0,0,0.4386353292141298,0.2637259138495796,1.0999207195496965,0.0,0.0,0.0
image_1321.png,surface,0.0,0.0,2.789152122487518,11.394534167857914,-1.0618968497250172,0.0,0.0367099802392838,-3.905194507209899,0.0,0.0,0.0,0.544342577714918,0,0,0,0,0,0,0.2653681534492001,-0.984607997341315,2.2726228477444663,0.0,0.0,0.0
image_1324.png,surface,0.0,0.0,2.106064517688914,7.059033235415952,-3.317369143968428,0.0,-0.479656800651728,2.956830040214252,0.0,0.0,0.0,-2.9661994369478464,0,0,0,0,0,0,-0.1061556317746443,0.6125944270966707,1.3556398462227004,0.0,0.0,0.0
image_1325.png,surface,0.0,0.0,1.924010278396605,9.459283311117344,5.452743069303266,0.0,-0.4127083676930397,-2.705564898427799,0.0,0.0,0.0,-1.4855846195143083,0,0,0,0,0,0,0.0584580774869969,-0.4320793427816929,0.9850326751608128,0.0,0.0,0.0
image_1326.png,surface,0.0,0.0,2.72373577528379,-21.02303597462998,-8.411611256382665,0.0,-2.274240635916355,-4.392283027819462,0.0,0.0,0.0,-4.641221591674192,0,0,0,0,0,0,0.0342311106797776,-2.263162780548796,5.572381656887881,0.0,0.0,0.0
image_1328.png,surface,0.0,0.0,2.562582827483514,0.6240389074681546,-16.328689865042932,0.0,-1.4453798829309246,0.4239523047555001,0.0,0.0,0.0,-3.803511015528932,0,0,0,0,0,0,-0.1381914161387355,0.1022013228449032,2.378694993216978,0.0,0.0,0.0
image_1329.png,surface,0.0,0.0,2.155314776805863,8.168219661962791,22.7485913445408,0.0,3.8000846701096536,-0.6385013385036392,0.0,0.0,0.0,-3.8792039258660047,0,0,0,0,0,0,0.6382464207672982,-0.1467421468664306,1.4014298216986667,0.0,0.0,0.0
image_1330.png,surface,0.0,0.0,1.3606086804113502,1.0096984189780025,-0.201365143978661,0.0,-3.721679324020528,-3.183596122675626,0.0,0.0,0.0,3.801249112171501,0,0,0,0,0,0,-0.1638961381296856,-0.1559919895324819,0.4182293261378743,0.0,0.0,0.0
image_1331.png,surface,0.0,0.0,1.1814594912109784,5.378951532796612,-17.692800914983348,0.0,3.977136448969189,0.3659999211512545,0.0,0.0,0.0,-1.0175235037748531,0,0,0,0,0,0,0.3849430502419144,-0.0734513016604208,0.9572317781221036,0.0,0.0,0.0
image_1332.png,surface,0.0,0.0,1.3749033572811469,22.78488290448405,1.8806245608373504,0.0,1.533380592929139,2.5792351193783367,0.0,0.0,0.0,4.829218040411224,0,0,0,0,0,0,0.2142874377059052,0.6152372392869714,1.6919123511908372,0.0,0.0,0.0
image_1333.png,surface,0.0,0.0,1.5204453605398258,12.669354277946605,14.663675767952482,0.0,2.329051453974809,-4.408008737789396,0.0,0.0,0.0,-1.9390175992510488,0,0,0,0,0,0,0.2448956892560523,-0.3286242572488913,0.7841963153486434,0.0,0.0,0.0
image_1334.png,surface,0.0,0.0,2.5670186837620994,-22.98703837614252,-2.16613863541068,0.0,1.7160430809603564,-1.8922837977806088,0.0,0.0,0.0,1.5588532478731771,0,0,0,0,0,0,0.9049119854359936,-1.3473811635348745,3.821260094015929,0.0,0.0,0.0
image_1335.png,surface,0.0,0.0,2.277340126926113,9.364017111313428,-5.193907109659247,0.0,1.699587771614534,-2.2707775576850984,0.0,0.0,0.0,-4.612018430879111,0,0,0,0,0,0,0.6422033347505113,-0.5018228418632217,1.6338363889271623,0.0,0.0,0.0
image_1336.png,surface,0.0,0.0,2.567105911100112,-12.717835155692356,0.113498707918843,0.0,-3.1602958892019286,-1.5354923924973882,0.0,0.0,0.0,4.375008897484662,0,0,0,0,0,0,-0.8374237736723061,-0.6400419194159334,2.364435031089331,0.0,0.0,0.0
image_1337.png,surface,0.0,0.0,2.8128409903020226,1.0792559136642754,7.488065579607809,0.0,-2.5458555806896186,3.130813446048195,0.0,0.0,0.0,-0.6009534092974036,0,0,0,0,0,0,-0.729075859361963,0.8136841189336365,2.541335823402872,0.0,0.0,0.0
image_1338.png,surface,0.0,0.0,2.536992896999047,1.6066272255125251,7.543014108659549,0.0,-1.4286255217303343,-1.5909393544448214,0.0,0.0,0.0,-4.078140275195477,0,0,0,0,0,0,-0.4370403885008959,-0.5113086499034073,1.84439301418588,0.0,0.0,0.0
image_1339.png,surface,0.0,0.0,2.9056939370726123,9.519725759098304,18.738391126815667,0.0,-1.6550748901551158,-2.176888713849139,0.0,0.0,0.0,2.4368988018244933,0,0,0,0,0,0,-1.3415650529335328,-0.6987595431154293,4.571192082889837,0.0,0.0,0.0
image_1340.png,surface,0.0,0.0,2.874653598886241,7.126765657626492,-1.8478641287396207,0.0,3.157087374472294,-2.7461125284910204,0.0,0.0,0.0,2.5302503048404894,0,0,0,0,0,0,1.0067142508841072,-0.6515224214187986,2.713578569835067,0.0,0.0,0.0
image_1341.png,surface,0.0,0.0,1.3024044606412133,-20.13051833510401,7.527688894272138,0.0,4.8798275712595,-1.047955257452887,0.0,0.0,0.0,0.4949396201898377,0,0,0,0,0,0,0.2955746260410519,-0.1231456094530339,0.6961713064116211,0.0,0.0,0.0
image_1342.png,surface,0.0,0.0,1.480767648203357,13.131678716119202,-17.29538573886097,0.0,3.486703709614108,1.91805665448618,0.0,0.0,0.0,0.4417503048012605,0,0,0,0,0,0,0.7080859525710098,0.133726296829201,1.933210739464165,0.0,0.0,0.0
image_1343.png,surface,0.0,0.0,1.938014486081828,5.9103650404173385,-1.649420636132526,0.0,3.2523107097803416,-0.7125448019489127,0.0,0.0,0.0,3.855896967945025,0,0,0,0,0,0,0.4584503369300666,-0.165037328874284,0.9622292405777368,0.0,0.0,0.0
image_1344.png,surface,0.0,0.0,2.226365490762877,-8.403781809136948,1.0679921559103045,0.0,-1.576004543263186,-1.7141952331374974,0.0,0.0,0.0,-1.7106696860669244,0,0,0,0,0,0,-0.3702507242442451,-0.634185258829929,1.5294702583412023,0.0,0.0,0.0
image_1345.png,surface,0.0,0.0,1.661764176996771,12.622220681580258,-5.573612978158684,0.0,-1.5004815807941223,-4.467598336340428,0.0,0.0,0.0,-4.246368775194506,0,0,0,0,0,0,0.0116447412855983,-0.3955440373532841,0.8135379849943166,0.0,0.0,0.0
image_1347.png,surface,0.0,0.0,2.0800170321278686,22.29837307453217,-3.4689844688953304,0.0,3.4995774675915605,2.2800037104000217,0.0,0.0,0.0,-3.837755436883783,0,0,0,0,0,0,1.1594693933160571,0.7732868468819019,3.5493472239433475,0.0,0.0,0.0
image_1349.png,surface,0.0,0.0,0.8634877974788481,-2.2860626416815863,-0.9779162805795408,0.0,0.2988701181183978,-4.339823637614708,0.0,0.0,0.0,0.5270803405154512,0,0,0,0,0,0,0.0499765845529789,-0.1154531382562667,0.2275017744296593,0.0,0.0,0.0
image_1350.png,surface,0.0,0.0,0.9282860768249072,-10.617042466040546,19.153619596297546,0.0,-1.7763675737000766,4.172129690091232,0.0,0.0,0.0,4.729608647858228,0,0,0,0,0,0,-0.0732858516940914,0.1558173751556227,0.4189215573091197,0.0,0.0,0.0
image_1351.png,surface,0.0,0.0,1.2832180726539817,1.6943440274302486,-15.953875825617311,0.0,0.5433599560792819,0.627379772290873,0.0,0.0,0.0,3.727352962897413,0,0,0,0,0,0,0.2421745499475968,0.2381850217533192,0.8033286917203425,0.0,0.0,0.0
image_1352.png,surface,0.0,0.0,2.9061875101376407,-16.313181459195356,2.5063248227239647,0.0,-0.1599075932059726,-0.2391875634954862,0.0,0.0,0.0,2.213541129111749,0,0,0,0,0,0,0.1363879764963864,-0.8182335313469393,3.350089597802372,0.0,0.0,0.0
image_1353.png,surface,0.0,0.0,0.6905258700221621,-17.52591172718771,15.35251836457804,0.0,3.0167165303238663,-1.5586670356820904,0.0,0.0,0.0,-1.0187850071292557,0,0,0,0,0,0,0.1607229974931474,-0.1147625462613013,0.3534431875206799,0.0,0.0,0.0
image_1354.png,surface,0.0,0.0,2.9006280942904707,-3.498984631634404,-16.396987352470173,0.0,2.0016838925377245,1.9634000692710312,0.0,0.0,0.0,-0.4212268042337639,0,0,0,0,0,0,1.8789550628837064,0.5602101140389307,5.222291324540183,0.0,0.0,0.0
image_1355.png,surface,0.0,0.0,1.6927680785400403,7.924402670196551,20.94460875132228,0.0,-2.184977661569087,-2.011635493967906,0.0,0.0,0.0,-2.721166520833218,0,0,0,0,0,0,-0.5090151319655501,-0.3215452960248724,1.4741542887473955,0.0,0.0,0.0
image_1356.png,surface,0.0,0.0,1.5899031329870754,15.708273232385144,1.3496198142445253,0.0,0.956819444562461,-0.944852639282676,0.0,0.0,0.0,1.0414784493577989,0,0,0,0,0,0,0.4049406847570763,-0.2189868789137798,1.015278711336662,0.0,0.0,0.0
image_1357.png,surface,0.0,0.0,2.617199659759792,-0.4918539575652035,-6.9706009961898765,0.0,3.861806403110482,-1.9837419658149391,0.0,0.0,0.0,2.835156398186304,0,0,0,0,0,0,1.128897667125755,-0.5924807386054917,2.633659364612947,0.0,0.0,0.0
image_1358.png,surface,0.0,0.0,2.578690370027597,-14.674821856221907,-0.6937927910974828,0.0,-3.9102910093166536,1.6505360878021011,0.0,0.0,0.0,2.240681106653419,0,0,0,0,0,0,-0.735152766106182,0.2951045893019145,1.6885137194404023,0.0,0.0,0.0
image_1359.png,surface,0.0,0.0,0.8349600220798443,-6.337905753797205,-0.2608003655628711,0.0,0.8498300087023328,3.8986051073096974,0.0,0.0,0.0,-1.8978391892353152,0,0,0,0,0,0,0.0319254473395592,0.0654284789398659,0.1971574860875695,0.0,0.0,0.0
image_1361.png,surface,0.0,0.0,1.776758406254392,-8.37962608197752,-20.14921293289209,0.0,2.711827484228787,-3.492142286920688,0.0,0.0,0.0,1.2688352834708247,0,0,0,0,0,0,0.6801288333896162,-0.6283852299337159,2.176451841024536,0.0,0.0,0.0
image_1363.png,surface,0.0,0.0,0.7709480728877189,-6.564612814440526,-4.317421487468294,0.0,-2.304677011515291,2.096710495672163,0.0,0.0,0.0,-2.3425863550827053,0,0,0,0,0,0,-0.0575662499507804,0.0328510993869306,0.198836704928783,0.0,0.0,0.0
image_1364.png,surface,0.0,0.0,1.980569346123934,11.648694335884446,8.662452266029499,0.0,-2.312161455139296,-1.4058129820728351,0.0,0.0,0.0,1.2020600123775047,0,0,0,0,0,0,-0.6045289479603413,-0.1787516364189501,1.467897412160853,0.0,0.0,0.0
image_1366.png,surface,0.0,0.0,2.7141862890791013,1.4140191490437843,-12.474722532081069,0.0,-2.2427152412274483,1.3846480942170012,0.0,0.0,0.0,-0.9927225204974944,0,0,0,0,0,0,-0.6598192114257772,0.622725207159489,2.246143888942456,0.0,0.0,0.0
image_1367.png,surface,0.0,0.0,2.929047757015629,11.94178457187762,-18.511013301585287,0.0,-1.875832911143304,3.110835421658996,0.0,0.0,0.0,0.5473853670997695,0,0,0,0,0,0,0.0791710002991243,2.070058156972522,5.807784915186741,0.0,0.0,0.0
image_1372.png,surface,0.0,0.0,2.719174024110917,-21.753960257086263,-6.759903525214489,0.0,1.2522337380561317,2.4486550467766337,0.0,0.0,0.0,-4.85350666503046,0,0,0,0,0,0,0.6322653930926719,0.7199114792527984,2.4309964077102024,0.0,0.0,0.0
image_1373.png,surface,0.0,0.0,2.218157672203275,-4.836662211101999,-3.2765559320104587,0.0,-3.1563761659164458,-1.610509326183943,0.0,0.0,0.0,-4.997168834756005,0,0,0,0,0,0,-0.5179699326875603,-0.2811480239731373,1.18049642788261,0.0,0.0,0.0
image_1374.png,surface,0.0,0.0,1.4717728399593577,5.943483979058547,23.176395431735383,0.0,1.4894640595822302,-3.936281199056708,0.0,0.0,0.0,-3.099598770642306,0,0,0,0,0,0,0.1992131173198565,-0.3607124019261223,0.8178923423618258,0.0,0.0,0.0
image_1375.png,surface,0.0,0.0,2.399809639972156,5.25147508852933,13.23003379559637,0.0,-3.413444554434512,-2.635841392158354,0.0,0.0,0.0,-3.394331578866352,0,0,0,0,0,0,-0.8016776215039557,-0.5142110240052553,2.233326447255534,0.0,0.0,0.0
image_1377.png,surface,0.0,0.0,0.5028050984261654,-2.4779762519673283,7.673029410740877,0.0,-0.8495925581447414,-0.2281712122395166,0.0,0.0,0.0,-1.9080595506180345,0,0,0,0,0,0,-0.0169272214531877,-0.0328841345393094,0.1053854968107121,0.0,0.0,0.0
image_1379.png,surface,0.0,0.0,1.315679042172853,-0.8071716497504574,-5.694904124242415,0.0,0.7311768444453932,-3.2867777974761285,0.0,0.0,0.0,-0.6760713672616934,0,0,0,0,0,0,0.1233118976718606,-0.197710667679367,0.4812938188420693,0.0,0.0,0.0
image_1380.png,surface,0.0,0.0,2.3676661759992097,16.62987993362654,5.260597528582806,0.0,-3.7415981830357,-0.5948287760331563,0.0,0.0,0.0,3.0898816727771408,0,0,0,0,0,0,-1.2965749409444003,0.1854027137645395,2.7132436192683387,0.0,0.0,0.0
image_1381.png,surface,0.0,0.0,1.092602150511028,14.945250936528604,-17.04438247347878,0.0,1.1441181962790627,-4.623068605077565,0.0,0.0,0.0,-3.663763742017148,0,0,0,0,0,0,0.2279296596080292,-0.3803321362341145,0.799514721267161,0.0,0.0,0.0
image_1382.png,surface,0.0,0.0,1.0045510116522798,21.61813301802845,2.2073491479891065,0.0,1.0820542863459943,-2.120481838578771,0.0,0.0,0.0,0.8005342988404953,0,0,0,0,0,0,0.2362848356725831,-0.2828988870492113,0.6488740533853637,0.0,0.0,0.0
image_1383.png,surface,0.0,0.0,2.523995341741495,1.0929008619167435,7.745658551064558,0.0,-0.8597982935028593,1.2318606713879074,0.0,0.0,0.0,-2.195477713262608,0,0,0,0,0,0,-0.3441031322651737,0.5308874835465495,1.7523485984480802,0.0,0.0,0.0
image_1385.png,surface,0.0,0.0,2.5280512271714493,19.539934466593778,13.051044972318106,0.0,3.244644662919617,3.75715147867376,0.0,0.0,0.0,-3.246183932617127,0,0,0,0,0,0,0.7264095080932739,1.2422727472806414,3.770823237677511,0.0,0.0,0.0
image_1386.png,surface,0.0,0.0,2.3933503415598385,-15.531924340226416,-14.06519218814362,0.0,0.7252055594409559,-3.0224160995912603,0.0,0.0,0.0,-1.2516660589392692,0,0,0,0,0,0,0.999893139933044,-1.4398512743504928,4.002946213426174,0.0,0.0,0.0
image_1387.png,surface,0.0,0.0,0.7396551147219328,-0.3756012514306277,6.021233193342742,0.0,-2.318273735083003,-3.466615173021088,0.0,0.0,0.0,-2.0009581418671574,0,0,0,0,0,0,-0.0076223860326626,-0.1197854625253662,0.1875689678639376,0.0,0.0,0.0
image_1388.png,surface,0.0,0.0,2.7071960396526897,3.993163908439702,-10.160312118065688,0.0,3.096973740306855,3.068867172536434,0.0,0.0,0.0,1.1878413190473802,0,0,0,0,0,0,1.196262605799966,0.7820647587996846,3.501292982636281,0.0,0.0,0.0
image_1389.png,surface,0.0,0.0,1.4440438724352354,-23.90180080135089,2.490522798748212,0.0,3.2396949731712974,0.12006789154622,0.0,0.0,0.0,0.8346354310214306,0,0,0,0,0,0,0.375629083481428,-0.1184829336601468,0.9315611666878056,0.0,0.0,0.0
image_1391.png,surface,0.0,0.0,1.91891740299782,-20.68038282226972,-7.805481644515274,0.0,-0.4338310541161447,3.958222216685528,0.0,0.0,0.0,3.9367606484096553,0,0,0,0,0,0,-0.0684614604145585,0.4806488822909341,1.1447371053783617,0.0,0.0,0.0
image_1392.png,surface,0.0,0.0,1.3646618908354942,-5.829359111647769,17.552754254061988,0.0,-3.118351741352136,1.8013818586116968,0.0,0.0,0.0,1.2744266060356626,0,0,0,0,0,0,-0.2080005101425769,0.1116871308850886,0.6595857725094348,0.0,0.0,0.0
image_1393.png,surface,0.0,0.0,2.27467443589093,0.6884638933594797,8.158709111055956,0.0,-0.8989194363005162,-1.6980905248600873,0.0,0.0,0.0,3.900919588038013,0,0,0,0,0,0,-0.2353945300263601,-0.5079768188206361,1.433743619373137,0.0,0.0,0.0
image_1394.png,surface,0.0,0.0,2.2365465299471863,17.055434943554236,3.23910921178335,0.0,-0.3477554072622406,1.290570117277004,0.0,0.0,0.0,-3.318973497992721,0,0,0,0,0,0,0.0436135624899734,0.8965394273045432,2.891915183577999,0.0,0.0,0.0
image_1395.png,surface,0.0,0.0,2.6252686330868773,-12.418426953716349,13.29840876712442,0.0,-0.9032015326614586,2.989552076081848,0.0,0.0,0.0,-2.38083554798492,0,0,0,0,0,0,-0.3361482132689221,0.6945687980708104,1.805929524106219,0.0,0.0,0.0
image_1398.png,surface,0.0,0.0,0.853872430443475,8.520339192901707,10.302141245295797,0.0,2.719416978827212,1.9325734757077764,0.0,0.0,0.0,4.509436588516975,0,0,0,0,0,0,0.1745737183243869,0.0289104776388934,0.309068936440099,0.0,0.0,0.0
image_1401.png,surface,0.0,0.0,1.907953102381872,17.88295264949144,-1.6251694747105871,0.0,-2.1258101849142848,2.843421037776796,0.0,0.0,0.0,-0.5263238039293565,0,0,0,0,0,0,-0.4791556502922259,0.857578397830037,2.369727250043689,0.0,0.0,0.0
image_1402.png,surface,0.0,0.0,1.3431141140621343,-14.012830501096111,1.262651325182505,0.0,3.1567889826649167,-0.6537207180987455,0.0,0.0,0.0,3.975860770664146,0,0,0,0,0,0,0.2792934468901232,-0.098838029712247,0.5467163635360536,0.0,0.0,0.0
image_1403.png,surface,0.0,0.0,0.9018324520844664,-15.711342357876868,-19.52283541586424,0.0,-3.757817835384922,0.3027900659182456,0.0,0.0,0.0,-1.975330751390855,0,0,0,0,0,0,-0.2760289928539723,0.0319874661176003,0.6620331446503533,0.0,0.0,0.0
image_1404.png,surface,0.0,0.0,0.9326298529510542,-8.145139009861449,2.214919236146609,0.0,0.4862851625477438,1.3378871162226826,0.0,0.0,0.0,-3.656999760092301,0,0,0,0,0,0,0.0607804816171444,0.1095980507727559,0.2366191288560893,0.0,0.0,0.0
image_1405.png,surface,0.0,0.0,0.6439987656825146,8.019663890873769,23.50546524043889,0.0,4.353838708130128,1.3002279360938027,0.0,0.0,0.0,1.249305506153256,0,0,0,0,0,0,0.22375968102572,-0.0001132633795842,0.4025536396148433,0.0,0.0,0.0
image_1407.png,surface,0.0,0.0,2.359871069960777,-23.29105143008172,-6.509809817554609,0.0,1.895003515786944,3.752651240282017,0.0,0.0,0.0,3.657127339065065,0,0,0,0,0,0,0.3673652208164865,0.6358055543989818,1.8202118162716483,0.0,0.0,0.0
image_1408.png,surface,0.0,0.0,2.6418215193992767,-0.7769155881618148,-15.381395673931788,0.0,-1.7139167773797157,4.456865522187439,0.0,0.0,0.0,-0.120450296018868,0,0,0,0,0,0,-0.2835166916222065,0.8143448219812119,2.4092916109860045,0.0,0.0,0.0
image_1409.png,surface,0.0,0.0,2.260357825122857,15.584580779532605,11.721896371356744,0.0,4.766849579125903,1.1553630515453528,0.0,0.0,0.0,-3.3226747068078044,0,0,0,0,0,0,0.7768601613792422,0.0565420229499808,1.789135102690305,0.0,0.0,0.0
image_1410.png,surface,0.0,0.0,0.9194650076466876,3.1432752485039246,18.750137860341667,0.0,-4.210325715558816,0.1075257389422663,0.0,0.0,0.0,4.827345915776609,0,0,0,0,0,0,-0.1665046575786193,0.0186223873266525,0.4207749504450332,0.0,0.0,0.0
image_1411.png,surface,0.0,0.0,2.3398975495079872,-2.410417078873145,19.211445742072325,0.0,-2.574719329643905,-3.645194680330132,0.0,0.0,0.0,4.906475951758555,0,0,0,0,0,0,-0.5672730809183958,-0.8931714148644037,2.469022229049332,0.0,0.0,0.0
image_1412.png,surface,0.0,0.0,1.8946298288402617,-5.900026092641463,-1.4115449121171786,0.0,-3.7430106254821416,2.185686047092823,0.0,0.0,0.0,-2.126001908079169,0,0,0,0,0,0,-0.2636377645265411,0.1241366640243966,0.7337527599988886,0.0,0.0,0.0
image_1415.png,surface,0.0,0.0,2.755792756652776,-2.4395578794984862,-23.794164429392566,0.0,-0.6379872648388968,1.594542314827373,0.0,0.0,0.0,-0.2072076194470584,0,0,0,0,0,0,0.8035556337559885,0.6890000152412487,4.613163621905064,0.0,0.0,0.0
image_1419.png,surface,0.0,0.0,0.7440013142450481,3.1766916899730107,-2.615086961456744,0.0,2.4560823582803426,-0.4841027743641078,0.0,0.0,0.0,2.748824024015092,0,0,0,0,0,0,0.1323701869134317,-0.0698740665885498,0.2126366682781182,0.0,0.0,0.0
image_1420.png,surface,0.0,0.0,2.514998747292444,-5.1138651699551705,-9.58082030213167,0.0,0.7164665040356528,-0.2875220896872701,0.0,0.0,0.0,-4.352927114650244,0,0,0,0,0,0,0.6184770697511676,-0.4285980669619696,2.28464087407879,0.0,0.0,0.0
image_1421.png,surface,0.0,0.0,2.916882694644253,16.50349012279875,-5.203652481017124,0.0,-0.511320698894029,-1.894067098315856,0.0,0.0,0.0,-1.366131080193326,0,0,0,0,0,0,0.3039100175356896,-0.2398147559373379,3.674886696354292,0.0,0.0,0.0
image_1422.png,surface,0.0,0.0,0.5351015803080592,-7.1317515144224775,17.9257573249381,0.0,1.413969913031689,-2.6038336681139844,0.0,0.0,0.0,3.0450547460611936,0,0,0,0,0,0,0.0905029931910493,-0.0838432167372806,0.2090370661876443,0.0,0.0,0.0
image_1423.png,surface,0.0,0.0,1.6984032174626105,3.254024420997632,-6.59640261154235,0.0,-4.606696843253502,1.2274076371746725,0.0,0.0,0.0,0.6429582543102788,0,0,0,0,0,0,-0.2740261856224691,0.1031357457264737,0.7561006618112105,0.0,0.0,0.0
image_1424.png,surface,0.0,0.0,0.7650894689951644,3.52484489829254,13.379755574950586,0.0,0.4358064868729639,-1.2031343886123822,0.0,0.0,0.0,-2.91964356692274,0,0,0,0,0,0,0.088443876029785,-0.1337168582142357,0.2547064594595867,0.0,0.0,0.0
image_1425.png,surface,0.0,0.0,1.5463476047508875,16.379237699215064,8.341354264730896,0.0,2.4871240643963204,1.7119711355708322,0.0,0.0,0.0,-0.6314574111301239,0,0,0,0,0,0,0.4076344300456486,0.1821636957289271,1.0643824644194897,0.0,0.0,0.0
image_1427.png,surface,0.0,0.0,1.5727516506648151,10.634831187405988,20.32040076678152,0.0,1.3740369496876703,0.5222248905366939,0.0,0.0,0.0,3.630564683326611,0,0,0,0,0,0,0.4101044575051691,0.2443877648880538,0.9779093931083238,0.0,0.0,0.0
image_1428.png,surface,0.0,0.0,0.5430587076978957,21.756458459197887,-0.0114762366417487,0.0,-0.5970864953369642,4.644629859598945,0.0,0.0,0.0,1.9865038730065905,0,0,0,0,0,0,-0.0546868340829961,0.2133095520121165,0.560598948025183,0.0,0.0,0.0
image_1429.png,surface,0.0,0.0,2.9696119190186883,22.064220542535697,-0.5308071082739796,0.0,3.284522091566035,2.360693650113769,0.0,0.0,0.0,1.9504459561917689,0,0,0,0,0,0,1.842857354126846,2.282559134302608,8.627934706838746,0.0,0.0,0.0
image_1430.png,surface,0.0,0.0,2.8145106509793645,10.053710248251257,8.541613609672934,0.0,3.2321022373686,2.1556786661244907,0.0,0.0,0.0,2.9640631564873807,0,0,0,0,0,0,0.9708798290961308,0.708301982845407,2.774137632300111,0.0,0.0,0.0
image_1431.png,surface,0.0,0.0,2.430932769342574,-12.613075854394944,6.412998288637097,0.0,-1.4945993170955922,1.284270664398296,0.0,0.0,0.0,0.1415729374781262,0,0,0,0,0,0,-0.5826563449731336,0.3995302790736536,1.541988477521847,0.0,0.0,0.0
image_1432.png,surface,0.0,0.0,1.50170224713964,-3.785674310502932,-19.41119512652651,0.0,-1.9253706527241885,3.2971096952725896,0.0,0.0,0.0,3.2640760111570657,0,0,0,0,0,0,-0.217078583954064,0.3278770335641338,0.8982804783773697,0.0,0.0,0.0
image_1436.png,surface,0.0,0.0,0.5992162848980991,0.7623457368143701,-5.92157120362996,0.0,2.42216257192804,2.936845430631613,0.0,0.0,0.0,-0.0042934605252007,0,0,0,0,0,0,0.0750710286565181,0.0254701024840202,0.1838309195392147,0.0,0.0,0.0
image_1437.png,surface,0.0,0.0,2.055786292740039,-21.61957631535233,-0.1303204620904351,0.0,3.47386758973558,-1.8914000766041827,0.0,0.0,0.0,-0.6721074930925024,0,0,0,0,0,0,0.6669644849454638,-0.5270050665907987,1.9178298094398565,0.0,0.0,0.0
image_1438.png,surface,0.0,0.0,2.8702093631869503,5.602863818924369,-17.140893278021906,0.0,3.4135364792909133,3.1274610891501955,0.0,0.0,0.0,-4.360297837426025,0,0,0,0,0,0,2.3015656514108183,1.0037384967736032,6.791554826710977,0.0,0.0,0.0
image_1439.png,surface,0.0,0.0,2.3694682246636574,18.052070334762814,-16.41743450790045,0.0,-2.790989318045823,2.770316195969777,0.0,0.0,0.0,-1.0397906587526573,0,0,0,0,0,0,-0.6585986556509558,1.7108716644657995,4.313302476544409,0.0,0.0,0.0
image_1441.png,surface,0.0,0.0,1.889525753603552,17.019503737170147,8.368402177238497,0.0,-0.3634835564821095,1.7121405366454054,0.0,0.0,0.0,0.1609203697537085,0,0,0,0,0,0,-0.1874245574298684,0.949836139808934,2.3050728586494085,0.0,0.0,0.0
image_1445.png,surface,0.0,0.0,1.7167928865238995,-12.38542962644802,-14.14479867500981,0.0,0.2825086632067923,4.102695531847742,0.0,0.0,0.0,4.361340202279504,0,0,0,0,0,0,-0.0110831638779806,0.4117831744011835,0.9641987499101176,0.0,0.0,0.0
image_1447.png,surface,0.0,0.0,2.230286719780634,-0.4786545281880482,-0.7572431834265783,0.0,-1.2515728346642478,-4.446475192059396,0.0,0.0,0.0,3.534473683763649,0,0,0,0,0,0,0.0068142624460911,-0.550010117466366,1.24455237426433,0.0,0.0,0.0
image_1448.png,surface,0.0,0.0,1.3807971036127848,10.383805408140958,15.80881958799132,0.0,-1.3442727095103626,-4.206842302884922,0.0,0.0,0.0,2.0860692631780484,0,0,0,0,0,0,-0.0217211749328498,-0.3033146112192821,0.7152076636208579,0.0,0.0,0.0
image_1449.png,surface,0.0,0.0,2.030834564348183,-0.0085434685920515,10.69220209573258,0.0,-2.0219047578421305,-3.161707031748985,0.0,0.0,0.0,4.12546406317966,0,0,0,0,0,0,-0.2208635243680068,-0.498330554326039,1.1446701152650152,0.0,0.0,0.0
image_1450.png,surface,0.0,0.0,1.638441804863353,-18.74322980892468,-3.159354516112157,0.0,-4.207734951649302,-0.6592526048263019,0.0,0.0,0.0,-4.647869557165842,0,0,0,0,0,0,-0.3957865164459117,-0.0256635940908101,0.8822028511742617,0.0,0.0,0.0
image_1451.png,surface,0.0,0.0,2.4800770973628694,22.08113700907589,11.719020981396923,0.0,-1.664285962924372,2.9056608259582783,0.0,0.0,0.0,1.0841835272547993,0,0,0,0,0,0,-1.1488176852512466,2.3357142675825178,7.470747488894974,0.0,0.0,0.0
image_1452.png,surface,0.0,0.0,0.518623944075379,14.360711320854875,-2.7975208459254928,0.0,-4.02244494258362,-0.0082544338131951,0.0,0.0,0.0,1.6993052230192438,0,0,0,0,0,0,-0.1141425104607608,-0.0249368207384774,0.2945097518061726,0.0,0.0,0.0
image_1453.png,surface,0.0,0.0,1.963913779368171,7.840087356202471,19.84503715698414,0.0,0.4208900580014023,1.638443288208249,0.0,0.0,0.0,-3.772744379253167,0,0,0,0,0,0,0.0955830619894976,0.6724824390518713,1.5324758814266748,0.0,0.0,0.0
image_1454.png,surface,0.0,0.0,0.5587285028954823,-15.815311492700106,7.034201467499364,0.0,-0.6143569419742987,-3.281355413681323,0.0,0.0,0.0,-4.665645577012936,0,0,0,0,0,0,0.0258987629651268,-0.1113347559263819,0.1901547862391041,0.0,0.0,0.0
image_1455.png,surface,0.0,0.0,2.948335990168202,-16.095066336624043,13.107894669394252,0.0,-4.058073990564475,-2.1121039077730246,0.0,0.0,0.0,-3.62724945099133,0,0,0,0,0,0,-1.4390421070199957,-1.5102082834047694,5.220154339924438,0.0,0.0,0.0
image_1456.png,surface,0.0,0.0,1.7688313538063625,20.97546853154389,9.301011933753284,0.0,-1.987415034446444,0.2258778246361433,0.0,0.0,0.0,-0.8966339127944654,0,0,0,0,0,0,-0.8711640748291669,0.479868623453798,2.3365582119221617,0.0,0.0,0.0
image_1458.png,surface,0.0,0.0,0.7767487853330706,11.46524115753932,6.585447154485867,0.0,3.038585837499928,-2.3257396558269843,0.0,0.0,0.0,-2.57952809357044,0,0,0,0,0,0,0.1574357151070934,-0.1042337712674437,0.3245101575664185,0.0,0.0,0.0
image_1459.png,surface,0.0,0.0,1.354238031944882,-19.61708260705323,12.395845420210703,0.0,-3.4766804889222307,3.5487209238870365,0.0,0.0,0.0,-2.1373621545228607,0,0,0,0,0,0,-0.1926811654675678,0.1846161625174261,0.6725237964003816,0.0,0.0,0.0
image_1460.png,surface,0.0,0.0,2.0851980554526737,24.026781345839,-6.025818965227364,0.0,-1.9885652787120185,-3.4371777545664486,0.0,0.0,0.0,-2.6303212257251154,0,0,0,0,0,0,-0.1760864769779692,-0.6097785736320055,1.8691771231202263,0.0,0.0,0.0
image_1461.png,surface,0.0,0.0,2.932220802815064,-4.435656236837226,-23.453596219948363,0.0,-2.3660253050554685,3.940224421283074,0.0,0.0,0.0,4.566584444904439,0,0,0,0,0,0,-0.5271043164288086,1.2302573904297391,3.0830960350531886,0.0,0.0,0.0
image_1464.png,surface,0.0,0.0,1.192358336961356,8.340071497116748,-5.284308817889311,0.0,-4.451717837315153,0.3630528521318303,0.0,0.0,0.0,-2.0971802093516456,0,0,0,0,0,0,-0.1868553705722832,0.0324971513257297,0.4651893955936222,0.0,0.0,0.0
image_1465.png,surface,0.0,0.0,2.415010314889882,-8.233839065543751,7.335178278896674,0.0,3.8233762335851007,1.612675415028059,0.0,0.0,0.0,-1.675960684998481,0,0,0,0,0,0,0.6068802680003655,0.0752540771188043,1.3074560906964934,0.0,0.0,0.0
image_1466.png,surface,0.0,0.0,0.6974335256184487,6.054377824372936,11.0767148657388,0.0,-0.294118106874061,2.075995530418405,0.0,0.0,0.0,4.341095288671633,0,0,0,0,0,0,-0.0060152701994807,0.1058351896065663,0.2586588761470177,0.0,0.0,0.0
image_1467.png,surface,0.0,0.0,2.73599335295763,19.247263783099203,10.69682723640746,0.0,2.975879790612196,-0.8521947829368147,0.0,0.0,0.0,-1.732445177988958,0,0,0,0,0,0,1.2740159655701035,0.0194875936984771,2.9721760383781857,0.0,0.0,0.0
image_1468.png,surface,0.0,0.0,1.0474674925139351,-0.0175405083884085,-12.198781533528138,0.0,0.4914536394930305,-0.5781127143027094,0.0,0.0,0.0,-2.1395095537699405,0,0,0,0,0,0,0.2320387625905969,-0.1884325091684197,0.5154275145957815,0.0,0.0,0.0
image_1469.png,surface,0.0,0.0,2.295068991932363,4.378937841296333,20.73296298535679,0.0,4.876883901701636,0.5229897627588522,0.0,0.0,0.0,2.357396616923129,0,0,0,0,0,0,0.6948576847471304,-0.0402273769823584,1.4787498105229515,0.0,0.0,0.0
image_1470.png,surface,0.0,0.0,2.401379411291721,20.47988570587111,10.337405951517889,0.0,-3.1316019457417,-0.9330748015766724,0.0,0.0,0.0,-2.337709742004652,0,0,0,0,0,0,-1.3969922864983884,0.2624784435716581,3.6766686333693017,0.0,0.0,0.0
image_1471.png,surface,0.0,0.0,2.732709272991108,10.916345475707436,2.334527804702845,0.0,-1.2749733125656837,-0.950733323732456,0.0,0.0,0.0,-0.1202583677879367,0,0,0,0,0,0,-0.3794231552353321,-0.0907648677118769,2.88138880376752,0.0,0.0,0.0
image_1472.png,surface,0.0,0.0,1.0188472974581095,17.749402329801196,-5.161606900434245,0.0,-2.72860116171241,3.364003399989557,0.0,0.0,0.0,-3.708304360187775,0,0,0,0,0,0,-0.1911531879140501,0.2552940844805259,0.7551538682092487,0.0,0.0,0.0
image_1473.png,surface,0.0,0.0,2.308169193750909,-21.50594994281759,-7.927241147967432,0.0,-4.174781249017143,-0.5196701598354855,0.0,0.0,0.0,2.0521311423839723,0,0,0,0,0,0,-0.7217936157428573,-0.1224849064054588,1.9114389526266231,0.0,0.0,0.0
image_1474.png,surface,0.0,0.0,1.3826899375804986,-5.358462392239216,4.217149122136864,0.0,1.5835864066709646,1.65049616308325,0.0,0.0,0.0,-4.820989973143978,0,0,0,0,0,0,0.2038092251003579,0.1604611737185792,0.4186915579199636,0.0,0.0,0.0
image_1475.png,surface,0.0,0.0,1.4707177425069964,-19.090983421453583,2.0788507145241546,0.0,-0.1776702674737233,-1.9917724256442928,0.0,0.0,0.0,1.2933947841123778,0,0,0,0,0,0,0.1053125047182213,-0.3549359695673228,0.8696087098651587,0.0,0.0,0.0
image_1476.png,surface,0.0,0.0,1.770780142067235,10.77437334992316,-1.94824911672704,0.0,1.7997826982742362,2.4722363166695205,0.0,0.0,0.0,-1.9575803357395103,0,0,0,0,0,0,0.2990171412064474,0.3438455969830261,1.0944945203686458,0.0,0.0,0.0
image_1477.png,surface,0.0,0.0,0.8279343163803885,23.361947008829084,2.959247412018468,0.0,1.0959673158310297,1.9205862589759823,0.0,0.0,0.0,3.9463317457478766,0,0,0,0,0,0,0.1193488961286731,0.3393937169243656,0.937737655138334,0.0,0.0,0.0
image_1478.png,surface,0.0,0.0,1.396811321556636,-15.109242782567929,-18.09158908185936,0.0,-2.881428134295559,-3.3356369592132515,0.0,0.0,0.0,4.180286213774542,0,0,0,0,0,0,-0.1788532729862313,-0.4419206719855734,1.163672977417579,0.0,0.0,0.0
image_1479.png,surface,0.0,0.0,2.851223377659746,19.35473901610132,1.2791809996762236,0.0,-2.5605273291085915,-1.3784059211780422,0.0,0.0,0.0,4.963506019871559,0,0,0,0,0,0,-1.050001367970465,0.0921020048319695,3.7805970952147314,0.0,0.0,0.0
image_1480.png,surface,0.0,0.0,0.9515718205393218,6.501662259392328,-13.518189068132648,0.0,4.0867599622968624,-1.5664074247409254,0.0,0.0,0.0,4.248863164697273,0,0,0,0,0,0,0.2500594620041457,-0.1006345127606536,0.5252125371518955,0.0,0.0,0.0
image_1481.png,surface,0.0,0.0,1.287909880081152,14.338996806316995,-16.89166539210282,0.0,0.3149046439056956,-0.925620466479814,0.0,0.0,0.0,2.5184824601466254,0,0,0,0,0,0,0.3617494467403113,-0.092320666078667,1.1743824635378717,0.0,0.0,0.0
image_1482.png,surface,0.0,0.0,2.5181958542707017,-2.748757259964226,-12.867900023368948,0.0,-0.534056179492081,-2.977887668149256,0.0,0.0,0.0,1.2085975041238282,0,0,0,0,0,0,0.3841060107454655,-1.1353426783380938,2.458815168779138,0.0,0.0,0.0
image_1486.png,surface,0.0,0.0,2.964191036938821,7.250584903225493,19.42590226174568,0.0,0.4721375259994813,2.3120504834614137,0.0,0.0,0.0,-3.545469677392923,0,0,0,0,0,0,-0.1630971458830754,1.3511660481359826,4.099737995196448,0.0,0.0,0.0
image_1489.png,surface,0.0,0.0,2.3925450417498872,-0.7006530266501027,12.077552890696325,0.0,4.411397102548563,-2.063355891492184,0.0,0.0,0.0,2.5313091914634995,0,0,0,0,0,0,0.556977495112074,-0.3316666374727252,1.397919539759321,0.0,0.0,0.0
image_1490.png,surface,0.0,0.0,0.6568491918316344,6.471278014039147,23.2248766471684,0.0,-2.887533810269136,3.1560886958316545,0.0,0.0,0.0,-0.8392112439903956,0,0,0,0,0,0,-0.10585734133591,0.0880434003968653,0.5047135624679311,0.0,0.0,0.0
image_1491.png,surface,0.0,0.0,0.92384462394907,-3.758888881790313,-4.407174200110361,0.0,-1.3678490164020634,0.2745099097222754,0.0,0.0,0.0,-0.7632149780090947,0,0,0,0,0,0,-0.0832664062717499,0.0192642131442969,0.2593734373560447,0.0,0.0,0.0
image_1492.png,surface,0.0,0.0,2.299700253934365,-1.5652809792713678,-19.105212062146897,0.0,-4.138286178845584,-0.3640851135179226,0.0,0.0,0.0,-2.971380460903209,0,0,0,0,0,0,-0.705338941132664,0.0146424380162596,1.6305360093429695,0.0,0.0,0.0
image_1493.png,surface,0.0,0.0,1.2991281673467865,-19.512715621151045,-11.153331617453375,0.0,-1.9239719981014367,-1.321673413860405,0.0,0.0,0.0,1.188577676977836,0,0,0,0,0,0,-0.2536343815989795,-0.3668333437311572,0.9728404745317886,0.0,0.0,0.0
image_1494.png,surface,0.0,0.0,2.254195776455395,-10.280202089352333,22.30740711111892,0.0,-3.098865812506612,0.8136780813669545,0.0,0.0,0.0,-2.828945657237144,0,0,0,0,0,0,-1.0212833037922986,0.146578544207031,2.6087926345388044,0.0,0.0,0.0
image_1496.png,surface,0.0,0.0,1.9758990468784283,-17.080238189162408,-14.807956956971177,0.0,-1.6597855951750096,1.9969306956786443,0.0,0.0,0.0,-0.0369221165042068,0,0,0,0,0,0,-0.2825761636061965,0.4026245716797972,1.3940743072532435,0.0,0.0,0.0
image_1498.png,surface,0.0,0.0,0.8621409383219187,11.725050456997309,11.81655840889839,0.0,1.2671502504395435,-4.576296994680271,0.0,0.0,0.0,2.5636196893104106,0,0,0,0,0,0,0.1029672722381707,-0.1877623675058791,0.398266272360681,0.0,0.0,0.0
image_1499.png,surface,0.0,0.0,0.7968396568575937,-5.8609465469635,2.5981599335427243,0.0,1.5429783607974357,-2.7312169634415087,0.0,0.0,0.0,-1.864082647566473,0,0,0,0,0,0,0.100366362239205,-0.0942634476590365,0.2070496928250378,0.0,0.0,0.0
image_1501.png,surface,0.0,0.0,1.7625423458228289,-4.297283047851455,24.59259836818587,0.0,3.4404763447432343,3.6124342301496535,0.0,0.0,0.0,3.5347965224328526,0,0,0,0,0,0,0.3670775836077071,0.3062500204735088,0.9900747976920092,0.0,0.0,0.0
image_1502.png,surface,0.0,0.0,0.6247513231884245,-7.1139818717378045,8.09867380090685,0.0,-2.044697676407689,-1.3504203500388057,0.0,0.0,0.0,1.281406674784353,0,0,0,0,0,0,-0.0469236732259306,-0.0666570719878568,0.1663956260389544,0.0,0.0,0.0
image_1503.png,surface,0.0,0.0,0.8713945984810857,12.074461906849232,-2.158910337860761,0.0,4.629536582373732,-1.777988442221936,0.0,0.0,0.0,1.3582059307166825,0,0,0,0,0,0,0.1887653425141802,-0.0751502523541853,0.3861410618450028,0.0,0.0,0.0
image_1504.png,surface,0.0,0.0,2.181382051508672,-0.368818233988901,-15.802265559521963,0.0,-3.026155866587551,-0.9453451365117436,0.0,0.0,0.0,3.944993417543694,0,0,0,0,0,0,-0.5925212359112831,-0.1001153889375589,1.3589893518900138,0.0,0.0,0.0
image_1505.png,surface,0.0,0.0,1.691911106972664,-13.67962566791825,19.098705157726133,0.0,-2.1760125771581205,-1.6611281261516857,0.0,0.0,0.0,-2.55928420519823,0,0,0,0,0,0,-0.3657291890734276,-0.325037583562055,1.322609254335424,0.0,0.0,0.0
image_1506.png,surface,0.0,0.0,1.994156965806941,5.216025810301423,-21.6529109497832,0.0,1.8030320206314,0.2618268461217742,0.0,0.0,0.0,-1.9452117854314723,0,0,0,0,0,0,1.3363677986055813,-0.0777458714696589,3.397159084443257,0.0,0.0,0.0
image_1507.png,surface,0.0,0.0,1.645687710525542,-19.05340194711436,2.106009995112108,0.0,0.648027591101645,4.263538159671515,0.0,0.0,0.0,-2.2203505318103045,0,0,0,0,0,0,-0.0015272166085208,0.2840928718423292,0.7492721362574446,0.0,0.0,0.0
image_1509.png,surface,0.0,0.0,2.563121819226993,0.3487840955239727,-20.68191610708215,0.0,1.1682783246893251,3.406332711628952,0.0,0.0,0.0,2.281952476747122,0,0,0,0,0,0,0.9281390705174551,1.1375229983950914,3.8931404856364944,0.0,0.0,0.0
image_1510.png,surface,0.0,0.0,2.950361247432137,1.530690157234612,-10.150561142712748,0.0,1.3026341090780722,-0.9404964381462676,0.0,0.0,0.0,0.3282450948091284,0,0,0,0,0,0,1.3393293965330173,-0.5784958574318189,4.417050065083807,0.0,0.0,0.0
image_1511.png,surface,0.0,0.0,2.84808235428388,13.27700683509712,13.843541930323354,0.0,0.4943132865706535,-0.6064056914867743,0.0,0.0,0.0,-0.7251272983493422,0,0,0,0,0,0,0.0051249645532578,0.0656078126242078,3.6285094408846574,0.0,0.0,0.0
image_1512.png,surface,0.0,0.0,2.321744746670603,17.597288009797353,0.8238531004157235,0.0,-1.2437590389942526,-0.8315179186531749,0.0,0.0,0.0,3.523695233415559,0,0,0,0,0,0,-0.4609903713292907,0.050902450508179,2.3458966337226346,0.0,0.0,0.0
image_1514.png,surface,0.0,0.0,2.997754441642433,5.605368307694079,-21.727299124652536,0.0,-0.9485565298767772,-0.1234607725783895,0.0,0.0,0.0,3.998494453759857,0,0,0,0,0,0,0.6796570474916169,0.1801705748687424,4.830533141691101,0.0,0.0,0.0
image_1516.png,surface,0.0,0.0,0.6524925890910835,-23.84429401140505,-1.775463185420887,0.0,-1.227304167991461,2.8828490463794227,0.0,0.0,0.0,-2.732083239881158,0,0,0,0,0,0,-0.0711628151530982,0.1300798452475841,0.3559731808013913,0.0,0.0,0.0
image_1517.png,surface,0.0,0.0,2.978558276256607,15.32965059959266,11.919782920374775,0.0,4.276619894906718,2.467080919903992,0.0,0.0,0.0,-2.781346467754744,0,0,0,0,0,0,1.2373992923254469,0.8034904147710488,3.671805151140362,0.0,0.0,0.0
image_1518.png,surface,0.0,0.0,1.925941794053608,8.874490001715722,-9.119572639697308,0.0,3.831385141709771,-2.257902761592701,0.0,0.0,0.0,1.6603736675168754,0,0,0,0,0,0,0.5641912536814702,-0.318792366659976,1.454124244856856,0.0,0.0,0.0
image_1521.png,surface,0.0,0.0,1.571002923641272,-5.504439842123745,-20.122929325792114,0.0,0.4106351463641315,-4.946525226714499,0.0,0.0,0.0,-4.21832686879328,0,0,0,0,0,0,0.262019995463404,-0.6041846211625364,1.3737093127959732,0.0,0.0,0.0
image_1524.png,surface,0.0,0.0,0.5196672563089393,-11.586023809330603,21.2313316703652,0.0,1.388898715432183,-2.7886198816363152,0.0,0.0,0.0,3.7772495766708616,0,0,0,0,0,0,0.1119159854002066,-0.1190712739929874,0.2952310120265343,0.0,0.0,0.0
image_1525.png,surface,0.0,0.0,1.832589201266542,-4.017853533845871,3.536702606589272,0.0,0.978295120337043,3.578192182256428,0.0,0.0,0.0,-2.050839528446052,0,0,0,0,0,0,0.0615170763740194,0.2601093512153529,0.6845820168027135,0.0,0.0,0.0
image_1526.png,surface,0.0,0.0,0.6092905459127453,20.65975667113297,-11.10651307417685,0.0,-1.1091811449276567,2.002269109222896,0.0,0.0,0.0,4.497099096593509,0,0,0,0,0,0,-0.1922398173694402,0.2618334715490252,0.7211586186897864,0.0,0.0,0.0
image_1527.png,surface,0.0,0.0,2.287074989755684,3.35804454992472,15.509839066297303,0.0,2.177577962531204,-2.007339433079867,0.0,0.0,0.0,2.170488025927108,0,0,0,0,0,0,0.4860726403128815,-0.4405945465829405,1.3540633455552844,0.0,0.0,0.0
image_1528.png,surface,0.0,0.0,2.8825487320233334,13.430412711801672,-20.54589813032795,0.0,2.092083043337718,1.215426289265822,0.0,0.0,0.0,2.4234704496287183,0,0,0,0,0,0,2.5064729201415186,1.0288845401438134,8.49420904257689,0.0,0.0,0.0
image_1529.png,surface,0.0,0.0,0.6083013706196134,-20.59538129564392,-11.624935248558856,0.0,3.1414784696506617,0.8103256134161719,0.0,0.0,0.0,1.9152379580833951,0,0,0,0,0,0,0.2051013097048765,-0.0101968503675757,0.4864654555924032,0.0,0.0,0.0
image_1530.png,surface,0.0,0.0,0.7577104029171016,12.557594985468922,-14.553355236174038,0.0,0.9266099559532656,2.942553329394265,0.0,0.0,0.0,-2.8107170822896945,0,0,0,0,0,0,0.0687247473834415,0.1976430242721153,0.5951837105420926,0.0,0.0,0.0
image_1531.png,surface,0.0,0.0,1.7889824343588367,-5.536277339929739,5.765287016420087,0.0,-1.6182413814049037,1.545758368807408,0.0,0.0,0.0,-2.0434797279510675,0,0,0,0,0,0,-0.2083048881412855,0.1823823569756247,0.7009588665121029,0.0,0.0,0.0
image_1532.png,surface,0.0,0.0,2.9561552610279582,13.686356017783336,-16.304706064580348,0.0,-3.684525099345332,-2.7842800802906496,0.0,0.0,0.0,4.144068424529909,0,0,0,0,0,0,-0.9490954957285496,-0.6027688289177323,2.7248597049225824,0.0,0.0,0.0
image_1533.png,surface,0.0,0.0,1.5286418270269997,-2.362798595434924,20.982307002623354,0.0,-3.541117210731878,3.10050351636687,0.0,0.0,0.0,3.464718128653788,0,0,0,0,0,0,-0.2702762486783776,0.2254885115224175,0.9231650724817376,0.0,0.0,0.0
image_1534.png,surface,0.0,0.0,2.038932386385664,16.69589580408965,-10.97135748240808,0.0,2.09305820759644,-2.031926814261222,0.0,0.0,0.0,4.4575409907917685,0,0,0,0,0,0,0.9068143479279228,-0.3501914924447357,2.1783409622209,0.0,0.0,0.0
image_1535.png,surface,0.0,0.0,2.404133325800094,-8.118216023932005,9.767580592074887,0.0,-1.705121214213103,4.483680812638195,0.0,0.0,0.0,-1.58243132671418,0,0,0,0,0,0,-0.2432718326329415,0.4558662255968909,1.347248218024189,0.0,0.0,0.0
image_1536.png,surface,0.0,0.0,2.819800223041071,-19.158823121699463,-6.833499252384327,0.0,3.114079347722074,-0.0255735949613,0.0,0.0,0.0,-1.187710148371064,0,0,0,0,0,0,1.5979411193558808,-0.8512875609556257,4.258491165804481,0.0,0.0,0.0
image_1537.png,surface,0.0,0.0,0.942541627730796,10.703193550703404,-0.4466906609852719,0.0,2.247471340052205,3.22869015397359,0.0,0.0,0.0,4.73917658970632,0,0,0,0,0,0,0.1002278702497925,0.1235483236915559,0.3669126663108401,0.0,0.0,0.0
image_1538.png,surface,0.0,0.0,2.778565038301309,20.54063114091516,-6.070379457043902,0.0,3.3267376737988723,-1.1044241706652076,0.0,0.0,0.0,3.5266599873339217,0,0,0,0,0,0,1.866585141016184,0.3307101911562355,5.054280120267694,0.0,0.0,0.0
image_1539.png,surface,0.0,0.0,2.0660606178728287,-19.05444484344102,-0.8584514821261143,0.0,1.4772880825970498,-4.467365788073594,0.0,0.0,0.0,3.3305278886374925,0,0,0,0,0,0,0.3864497213355224,-0.7084813165297491,1.818155219791915,0.0,0.0,0.0
image_1541.png,surface,0.0,0.0,1.238888056090292,-15.349300663096882,10.27947021047936,0.0,-3.759853119514067,-2.622293788713717,0.0,0.0,0.0,1.23900327968414,0,0,0,0,0,0,-0.1688270617087666,-0.1297809557736811,0.5569077927798024,0.0,0.0,0.0
image_1542.png,surface,0.0,0.0,1.7502523990733605,6.286344558948516,11.586863301531125,0.0,2.342921000940005,3.657052474547811,0.0,0.0,0.0,0.2828441949352331,0,0,0,0,0,0,0.1787573939166381,0.2918325361139233,0.8368505444388248,0.0,0.0,0.0
image_1543.png,surface,0.0,0.0,1.0223979753354953,17.88510312373694,-4.564838222930515,0.0,4.455671105791651,0.3548489230875311,0.0,0.0,0.0,1.2594383335714383,0,0,0,0,0,0,0.327579972605272,-0.0467400213084559,0.7479546640283016,0.0,0.0,0.0
image_1544.png,surface,0.0,0.0,2.636510333891989,-17.858300683072844,8.260242185552972,0.0,1.8421865136874829,-2.213897335428856,0.0,0.0,0.0,4.3186738245672345,0,0,0,0,0,0,0.7071880374748195,-1.2338110289641973,3.0763970237185614,0.0,0.0,0.0
image_1545.png,surface,0.0,0.0,1.0114477312752064,-13.618215602822492,14.594301977342347,0.0,1.2949418853588448,1.294537303643697,0.0,0.0,0.0,-2.5231763040221864,0,0,0,0,0,0,0.1520482245299494,0.1385651601014414,0.365110632261825,0.0,0.0,0.0
image_1548.png,surface,0.0,0.0,0.6239737830138039,16.97755039817589,14.644937070028435,0.0,-2.4679453916626684,2.0293109643783733,0.0,0.0,0.0,0.3541497911003279,0,0,0,0,0,0,-0.1139050956217681,0.0874770834989437,0.49962677986117,0.0,0.0,0.0
image_1549.png,surface,0.0,0.0,1.5303691230572685,6.956232697090552,1.8195627282987408,0.0,-2.791598721172002,-0.2750041225315873,0.0,0.0,0.0,2.003977184271585,0,0,0,0,0,0,-0.2485238750006603,0.0155076443880842,0.6078783370212142,0.0,0.0,0.0
image_1553.png,surface,0.0,0.0,1.6135332885776104,-15.281867826267234,8.176029750969132,0.0,-2.8801080065901985,2.760436718675088,0.0,0.0,0.0,-3.7891678899339096,0,0,0,0,0,0,-0.2147637892738843,0.2022506414777047,0.6622743090583998,0.0,0.0,0.0
image_1556.png,surface,0.0,0.0,0.7772581030604032,-17.36750325106424,2.5992142566308063,0.0,-3.019092103663044,1.6649202112972823,0.0,0.0,0.0,0.7064826147610646,0,0,0,0,0,0,-0.0954110884202271,0.03309650337603,0.2916850020267373,0.0,0.0,0.0
image_1557.png,surface,0.0,0.0,1.8281164454856635,10.029984383394412,-7.317445597846009,0.0,-4.824941995722319,1.2140539670222437,0.0,0.0,0.0,-2.753252242975494,0,0,0,0,0,0,-0.4667583344048207,0.1620421417252769,1.0601285922220005,0.0,0.0,0.0
image_1558.png,surface,0.0,0.0,0.9967380974815429,-3.37448565406968,-23.99653818633812,0.0,-4.239962895344791,1.1931629102047276,0.0,0.0,0.0,3.186611088750128,0,0,0,0,0,0,-0.3007292674491834,0.1146445635742343,0.6930250040881241,0.0,0.0,0.0
image_1559.png,surface,0.0,0.0,2.946018272782015,-13.517295652856625,-5.150080781704944,0.0,0.8064663593734945,-4.2998748765826384,0.0,0.0,0.0,-3.625863739900145,0,0,0,0,0,0,0.9765427817621074,-2.2550455716785867,5.530532933080455,0.0,0.0,0.0
image_1560.png,surface,0.0,0.0,2.346563432562107,-5.089949760356934,7.209356683294997,0.0,-2.302365451981629,0.2107566442795171,0.0,0.0,0.0,-0.878821439985634,0,0,0,0,0,0,-0.7914018202675509,0.0302082871966302,1.628847858486642,0.0,0.0,0.0
image_1561.png,surface,0.0,0.0,0.7025019874143854,-12.449504103886603,3.244330108751909,0.0,-2.500947984883428,-1.538942808388383,0.0,0.0,0.0,1.1907933921092129,0,0,0,0,0,0,-0.0617255753031348,-0.0657777076935842,0.2012662130394751,0.0,0.0,0.0
image_1563.png,surface,0.0,0.0,0.6953141890306149,0.0375369255070693,-22.070113597096547,0.0,-3.614460256078021,-1.3804038119805204,0.0,0.0,0.0,3.615561023689761,0,0,0,0,0,0,-0.2127944636222389,-0.0627762281346002,0.462101151368358,0.0,0.0,0.0
image_1565.png,surface,0.0,0.0,2.5567113862234825,-10.496980906651476,-1.3174199778349165,0.0,3.9761309536144247,0.6207230083269938,0.0,0.0,0.0,2.124745254933175,0,0,0,0,0,0,0.8376322726014216,-0.1025065047287831,1.942330326894372,0.0,0.0,0.0
image_1566.png,surface,0.0,0.0,0.6668888708610516,8.153499325283905,-16.10139147100578,0.0,-1.3938231745510976,-1.2862659219358064,0.0,0.0,0.0,0.4340283285056232,0,0,0,0,0,0,-0.0991397189044087,-0.1237591194257823,0.3791673910456544,0.0,0.0,0.0
image_1568.png,surface,0.0,0.0,1.1686131092056302,13.546674847060348,1.7306198675167588,0.0,4.716220568597255,0.7388710172924242,0.0,0.0,0.0,0.7673574370989025,0,0,0,0,0,0,0.2636849431163409,-0.0466456351588022,0.5674832986734031,0.0,0.0,0.0
image_1569.png,surface,0.0,0.0,2.0602007541032505,8.422874649707895,4.65185176538693,0.0,-0.1573694444788795,-1.9612344090554004,0.0,0.0,0.0,-1.960351379405998,0,0,0,0,0,0,0.1229009873736039,-0.5327343058747718,1.0616805298478562,0.0,0.0,0.0
image_1570.png,surface,0.0,0.0,2.93670861964598,12.794141990417463,19.93060730646006,0.0,0.1536188941585663,1.031027668091176,0.0,0.0,0.0,-3.852180061848624,0,0,0,0,0,0,-0.4739507865143069,1.040942370762059,4.916682427454419,0.0,0.0,0.0
image_1572.png,surface,0.0,0.0,1.0023162922650972,-0.8343914307257585,-18.83714946044844,0.0,0.4561383557602083,1.936000215312148,0.0,0.0,0.0,4.4035466305535,0,0,0,0,0,0,0.0327442241560857,0.249396523229671,0.5897240163043701,0.0,0.0,0.0
image_1573.png,surface,0.0,0.0,2.2751570166868467,1.775241837739056,11.335625579769893,0.0,3.1825429984577824,-0.1655947171831207,0.0,0.0,0.0,2.386979764720237,0,0,0,0,0,0,0.5593820813018725,-0.0885845476548791,1.2206369037997054,0.0,0.0,0.0
image_1574.png,surface,0.0,0.0,1.890969380595114,-12.47054246274947,-3.725281666416429,0.0,3.9400840881592094,-1.2055391005176412,0.0,0.0,0.0,-0.2699528889708702,0,0,0,0,0,0,0.4291843923542245,-0.2144170161680519,1.1123808806321045,0.0,0.0,0.0
image_1575.png,surface,0.0,0.0,1.7290696629933433,-16.32319038906952,5.865503309008767,0.0,-1.1229662919183316,2.7256556425260188,0.0,0.0,0.0,0.5642643926156605,0,0,0,0,0,0,-0.1431436461777261,0.2553459968628355,0.7549216358163154,0.0,0.0,0.0
image_1576.png,surface,0.0,0.0,2.770964517510826,-11.250804653063453,-10.747744466012922,0.0,-3.137397784821657,-1.4164730371453538,0.0,0.0,0.0,4.017761386854849,0,0,0,0,0,0,-0.8012180107259054,-0.6046219436559312,2.621440367938583,0.0,0.0,0.0
image_1577.png,surface,0.0,0.0,1.9703243898729847,-14.560436662996404,-4.661940422316914,0.0,-0.923094175671378,-2.3866982289122367,0.0,0.0,0.0,-1.16218784155125,0,0,0,0,0,0,0.0471717412948782,-0.5298083352355101,1.3846287012714171,0.0,0.0,0.0
image_1578.png,surface,0.0,0.0,0.8430241869824222,-16.878268346452614,8.124287603820287,0.0,2.079486707390791,1.495176052532489,0.0,0.0,0.0,3.4086955052797414,0,0,0,0,0,0,0.1614535046900483,0.0587129043920133,0.3056658386821075,0.0,0.0,0.0
image_1579.png,surface,0.0,0.0,0.912419476391196,-19.060005308673343,-8.976240217132931,0.0,-2.777833656889821,-3.892494423222931,0.0,0.0,0.0,1.6830303626996148,0,0,0,0,0,0,-0.0573334007817682,-0.2093705033665734,0.572239596720989,0.0,0.0,0.0
image_1580.png,surface,0.0,0.0,2.804933534713808,2.435550076188642,3.134848251095633,0.0,4.093294236143792,1.9900682449278868,0.0,0.0,0.0,-3.714004119698414,0,0,0,0,0,0,0.8628773838143217,0.2147568063068049,2.087020039707241,0.0,0.0,0.0
image_1581.png,surface,0.0,0.0,0.7005129895404028,-4.698277298493645,-5.335025215572892,0.0,-0.4046680270987884,0.0522244535737687,0.0,0.0,0.0,1.5394130889192237,0,0,0,0,0,0,-0.070299903526759,0.0135727283201857,0.1867248924357743,0.0,0.0,0.0
image_1582.png,surface,0.0,0.0,0.8447852760434491,3.117296086042206,14.79759692321768,0.0,2.2957320721466226,-0.2701867537216474,0.0,0.0,0.0,1.3844586373654524,0,0,0,0,0,0,0.162998223033495,-0.0486340367115045,0.289206367832925,0.0,0.0,0.0
image_1583.png,surface,0.0,0.0,2.132784209525068,-0.9218844172907068,12.408870027553585,0.0,3.47358481449574,-0.4166604441674012,0.0,0.0,0.0,-2.3708199391060445,0,0,0,0,0,0,0.4821461641295389,-0.1288795680444893,1.0188559833893531,0.0,0.0,0.0
image_1584.png,surface,0.0,0.0,1.060843528501087,17.55714085310019,15.99707504849512,0.0,4.090839265342697,-1.004915513489952,0.0,0.0,0.0,2.1114600117936924,0,0,0,0,0,0,0.2908445919411184,-0.0911549971304451,0.6820140624577727,0.0,0.0,0.0
image_1585.png,surface,0.0,0.0,2.5652477585278644,-20.91507921745848,11.083909405681483,0.0,0.0450710059670809,0.4125126393862854,0.0,0.0,0.0,-3.648023103171037,0,0,0,0,0,0,-0.1751276862820369,-0.2275587144048194,2.317586611822494,0.0,0.0,0.0
image_1586.png,surface,0.0,0.0,1.5400161946783906,23.05029303922187,-9.573138735581283,0.0,0.3565942394710625,-2.523311085513599,0.0,0.0,0.0,-4.138628319516329,0,0,0,0,0,0,0.3901022573200271,-0.5725337989787003,1.273116958595188,0.0,0.0,0.0
image_1590.png,surface,0.0,0.0,2.398090580604343,-7.471636751932477,14.037382858049,0.0,2.104422547695063,-2.794354066630776,0.0,0.0,0.0,0.7644579072135906,0,0,0,0,0,0,0.4390005828125804,-0.6010462816865547,1.7047074628399774,0.0,0.0,0.0
image_1591.png,surface,0.0,0.0,0.6849742593870121,-1.328885927550619,3.253104416984972,0.0,1.6519572059021554,-0.4965943909881515,0.0,0.0,0.0,-0.1981616169769768,0,0,0,0,0,0,0.0851824657736212,-0.0334504514372309,0.1683115432806581,0.0,0.0,0.0
image_1592.png,surface,0.0,0.0,2.100397551084587,-13.806956969747436,-3.451496479015133,0.0,-2.8148095510051085,1.294651186946707,0.0,0.0,0.0,-2.334935625293028,0,0,0,0,0,0,-0.45340527160147,0.2002685323349791,1.088264439827441,0.0,0.0,0.0
image_1593.png,surface,0.0,0.0,1.8438286283608625,14.78927571813619,6.256241382041687,0.0,1.6041704280500055,-2.018665320717408,0.0,0.0,0.0,1.225152068094257,0,0,0,0,0,0,0.3898739738209952,-0.3420538332421026,1.1381050841570792,0.0,0.0,0.0
image_1594.png,surface,0.0,0.0,1.7962263659689646,5.238730972063251,-3.362968585734551,0.0,0.0236146726419898,-1.6511018424905723,0.0,0.0,0.0,4.42507087352457,0,0,0,0,0,0,0.1046504825710298,-0.3313142625140184,0.776747014744536,0.0,0.0,0.0
image_1595.png,surface,0.0,0.0,1.2492125554076858,-7.83843735485045,-2.992115457634429,0.0,1.8530534286790208,-3.710596082118867,0.0,0.0,0.0,-1.0546796793130433,0,0,0,0,0,0,0.1352009023014226,-0.18265607680962,0.4134730280902884,0.0,0.0,0.0
image_1596.png,surface,0.0,0.0,2.3900715891777407,1.7413962732369015,-9.553644305029191,0.0,2.15536094929733,1.70862396092413,0.0,0.0,0.0,-2.103076505900855,0,0,0,0,0,0,0.8107830893353273,0.3350220650929102,2.194170726004628,0.0,0.0,0.0
image_1598.png,surface,0.0,0.0,0.8781364295243892,-14.049142320315056,5.146763781377008,0.0,-1.4131652605101137,0.7919746933413532,0.0,0.0,0.0,-2.967829564237236,0,0,0,0,0,0,-0.1029216155383645,0.0431155931617581,0.2720568988162755,0.0,0.0,0.0
image_1599.png,surface,0.0,0.0,0.6401078509441804,16.804484054093617,7.887068883273263,0.0,-2.4552524125121007,1.1214288263843262,0.0,0.0,0.0,-3.144715028056294,0,0,0,0,0,0,-0.1333061492594609,0.0660828895774642,0.4164741851682018,0.0,0.0,0.0
image_1601.png,surface,0.0,0.0,2.020137448625228,-11.375432242845202,6.564031079536169,0.0,2.223823469359219,2.417558717443769,0.0,0.0,0.0,2.2096453768308013,0,0,0,0,0,0,0.3122575841502759,0.2726155160444534,0.8497796363146579,0.0,0.0,0.0
image_1602.png,surface,0.0,0.0,1.0508052329788569,9.889073186742747,-20.29461529051617,0.0,0.1307592844444775,-2.2359523353235544,0.0,0.0,0.0,-4.559574313345297,0,0,0,0,0,0,0.2379315206455973,-0.3507106162678307,0.8306874540109667,0.0,0.0,0.0
image_1603.png,surface,0.0,0.0,2.355511983432653,18.461552628949818,-12.104641726318794,0.0,-1.26135102260403,0.3794812955583138,0.0,0.0,0.0,-3.423385324304906,0,0,0,0,0,0,0.141787642193479,0.7168911224638836,3.703156524186425,0.0,0.0,0.0
image_1605.png,surface,0.0,0.0,1.6799118931207766,-19.44751253378889,-5.7720992738812,0.0,-1.2783123898053776,0.4470284008136734,0.0,0.0,0.0,-2.4394361968972564,0,0,0,0,0,0,-0.4029546183155018,0.0649974488564479,0.9745598874410092,0.0,0.0,0.0
image_1607.png,surface,0.0,0.0,2.552530240667351,-3.672158262444727,-7.914398982168753,0.0,2.9034390871910487,-3.242074106224191,0.0,0.0,0.0,1.3649207368687444,0,0,0,0,0,0,0.942502668276518,-0.8236324191071247,2.779800529881649,0.0,0.0,0.0
image_1609.png,surface,0.0,0.0,0.5041874851845525,3.342188079084211,4.69410052124644,0.0,1.564454729971217,-2.871072034602102,0.0,0.0,0.0,-0.2886429825074854,0,0,0,0,0,0,0.0711080271133307,-0.0418854270112731,0.1183145886865455,0.0,0.0,0.0
image_1610.png,surface,0.0,0.0,1.834274279378217,-7.231892884332982,-11.488458405293793,0.0,-3.234080247520037,3.188699128575093,0.0,0.0,0.0,-0.7071482965823117,0,0,0,0,0,0,-0.2341161424317838,0.2289021439348887,0.9124153922934364,0.0,0.0,0.0
image_1612.png,surface,0.0,0.0,1.929233415864592,-2.761143135676399,-17.949602005798653,0.0,1.2776989796102358,-4.273902374031893,0.0,0.0,0.0,0.1223025019456303,0,0,0,0,0,0,0.5252460887466914,-0.6190551590404589,1.9069841100890943,0.0,0.0,0.0
image_1613.png,surface,0.0,0.0,0.5822570143985759,-5.369063008166961,-15.854296000586244,0.0,0.9606819617574094,-4.223775408283514,0.0,0.0,0.0,-4.88435934417497,0,0,0,0,0,0,0.086609998587565,-0.1314043975477227,0.318146096798521,0.0,0.0,0.0
image_1614.png,surface,0.0,0.0,1.7266875489026048,-5.887704979716907,-5.000234009359497,0.0,-1.970182462981844,-0.6152314193685681,0.0,0.0,0.0,0.7049604827430134,0,0,0,0,0,0,-0.2776056708872833,-0.0524503833624978,0.7052149717133706,0.0,0.0,0.0
image_1615.png,surface,0.0,0.0,1.4768500145540178,6.462641266710966,0.2497567308839747,0.0,2.278174278513677,-3.3917699850520093,0.0,0.0,0.0,4.93834435669565,0,0,0,0,0,0,0.2037772654104938,-0.2459419901523498,0.5427639468486227,0.0,0.0,0.0
image_1616.png,surface,0.0,0.0,0.8906184560929427,-13.01940397995618,18.353217957832538,0.0,1.0737589946076591,4.5775465594902895,0.0,0.0,0.0,-4.88543366558066,0,0,0,0,0,0,0.024994760308962,0.1724718112619981,0.3858373733311663,0.0,0.0,0.0
image_1617.png,surface,0.0,0.0,1.669618103422054,4.8442942185855165,13.998774940324507,0.0,-0.4629847260419,0.794263783344251,0.0,0.0,0.0,2.7344775061111246,0,0,0,0,0,0,-0.2291989158626444,0.3135319119192827,0.918801783099117,0.0,0.0,0.0
image_1618.png,surface,0.0,0.0,1.6929235207588271,12.443573273290037,20.14866724519881,0.0,3.924983841572804,-2.4085155172396733,0.0,0.0,0.0,-1.8196359784668683,0,0,0,0,0,0,0.4189938169574571,-0.2528180211546135,1.0068714521117028,0.0,0.0,0.0
image_1619.png,surface,0.0,0.0,0.6697035858457641,3.5641384905393605,1.1645263421262562,0.0,-4.166080871710466,1.0931606138112795,0.0,0.0,0.0,-4.051608106228147,0,0,0,0,0,0,-0.0639536222536825,0.0141720803704859,0.1674853318827205,0.0,0.0,0.0
image_1620.png,surface,0.0,0.0,2.192269482111596,13.018670597651091,-6.553082343224093,0.0,-3.611813071897368,-0.0064265818847459,0.0,0.0,0.0,-3.1254064212206725,0,0,0,0,0,0,-0.7452428967633756,0.1728902565254624,1.644416360828321,0.0,0.0,0.0
image_1623.png,surface,0.0,0.0,2.067978236394071,-0.6948972332337624,4.736932577443458,0.0,-3.510486389681288,-2.256769926045225,0.0,0.0,0.0,1.7070753270343966,0,0,0,0,0,0,-0.4057625053535899,-0.2227701904123941,1.074464476478106,0.0,0.0,0.0
image_1624.png,surface,0.0,0.0,2.371007638349685,-9.362845334164229,3.9803068943096727,0.0,4.151630440912353,-2.23387688254378,0.0,0.0,0.0,-1.4597936711505142,0,0,0,0,0,0,0.5805820089119339,-0.3489581800892621,1.5651000666263148,0.0,0.0,0.0
image_1625.png,surface,0.0,0.0,2.840176521517356,13.134471234736193,14.584111319400758,0.0,1.1181247878996103,0.3417374288119449,0.0,0.0,0.0,2.269789579682257,0,0,0,0,0,0,0.2217553519042234,0.4223591424698677,3.561546123583712,0.0,0.0,0.0
image_1627.png,surface,0.0,0.0,1.7317121881373685,3.6315052985446696,5.8955276886754575,0.0,4.666587129892684,0.574528316108457,0.0,0.0,0.0,3.145149147198431,0,0,0,0,0,0,0.32988107027551,-0.0276866038983852,0.6495417215150485,0.0,0.0,0.0
image_1629.png,surface,0.0,0.0,1.3981066015566088,0.5918659557386095,12.914869409470338,0.0,-2.727695598273353,3.865480670807243,0.0,0.0,0.0,-4.890250265634517,0,0,0,0,0,0,-0.1245857195964564,0.1959078922209835,0.5511243129942396,0.0,0.0,0.0
image_1630.png,surface,0.0,0.0,2.3191120046337743,-13.939629702870922,-15.277496829024791,0.0,-1.0156153255287603,0.9330859001723036,0.0,0.0,0.0,1.1415588735899735,0,0,0,0,0,0,-0.1521258409196201,0.2969199495802517,1.899581702564328,0.0,0.0,0.0
image_1631.png,surface,0.0,0.0,2.8419892129107858,14.658127961869434,-10.362450366721388,0.0,-3.731463142254619,1.9055130544426284,0.0,0.0,0.0,-1.802251490623017,0,0,0,0,0,0,-1.2025404020233317,1.2215266715867827,3.891175442311673,0.0,0.0,0.0
image_1632.png,surface,0.0,0.0,0.5405819434528989,-3.55872313136392,-8.883075008300695,0.0,-2.4520816620099786,0.653240365822161,0.0,0.0,0.0,1.0749053790783112,0,0,0,0,0,0,-0.0470910811252203,0.0157436097622181,0.1664536841371877,0.0,0.0,0.0
image_1633.png,surface,0.0,0.0,2.801358105552965,7.582685686080965,10.915176090319395,0.0,-1.3001582244608787,-3.492901792698517,0.0,0.0,0.0,-3.141775384438459,0,0,0,0,0,0,-0.4034568420133713,-1.1179756268018337,2.575471752160361,0.0,0.0,0.0
image_1634.png,surface,0.0,0.0,2.712625281794125,-7.460893368719828,10.00991961676532,0.0,-4.772082763920771,0.1161410095171071,0.0,0.0,0.0,-4.919782202128364,0,0,0,0,0,0,-1.1065882817104011,-0.0491940611994491,2.438383184208519,0.0,0.0,0.0
image_1635.png,surface,0.0,0.0,1.0137145065562765,-17.06589722395267,-5.916711381160757,0.0,-4.3734375828230965,1.0513173089825534,0.0,0.0,0.0,2.668680668772133,0,0,0,0,0,0,-0.142734257769463,0.0565184264125674,0.4117312851432846,0.0,0.0,0.0
image_1636.png,surface,0.0,0.0,1.5242839993666712,-7.625784957091254,20.65052424010264,0.0,-0.1364230896439405,3.8081170112345126,0.0,0.0,0.0,3.813008944414353,0,0,0,0,0,0,-0.0188904595448589,0.3457128696436731,0.7569916303187154,0.0,0.0,0.0
image_1637.png,surface,0.0,0.0,0.8072991082147114,-7.944529234416801,17.324194656165396,0.0,0.249251798594455,-4.799472085854322,0.0,0.0,0.0,2.400405467247902,0,0,0,0,0,0,0.0767938081292093,-0.1233689900072142,0.3173690114837041,0.0,0.0,0.0
image_1639.png,surface,0.0,0.0,2.443533900448541,-24.114297260206182,-4.1258230576375805,0.0,-0.7428187255899295,4.215087124829528,0.0,0.0,0.0,4.03108165063761,0,0,0,0,0,0,-0.1361368646474518,0.7005701840862848,1.699285729666486,0.0,0.0,0.0
image_1641.png,surface,0.0,0.0,1.6036299016792168,19.79616380986361,-13.466623897701831,0.0,-0.760698283138715,-0.7052473973936103,0.0,0.0,0.0,0.6582770685533932,0,0,0,0,0,0,-0.0459100944902306,0.0814363699211142,1.6973385503718883,0.0,0.0,0.0
image_1642.png,surface,0.0,0.0,2.075153725423561,11.268823040647618,3.898960883847284,0.0,-4.860835728150674,-0.1374340833407162,0.0,0.0,0.0,0.6173839498453582,0,0,0,0,0,0,-0.5406369622513968,0.0558577233649923,1.4173868666977518,0.0,0.0,0.0
image_1643.png,surface,0.0,0.0,2.609118800648996,7.657444992434279,-6.142214841373386,0.0,-2.1245789442228604,1.0207677915500897,0.0,0.0,0.0,-3.694989184559084,0,0,0,0,0,0,-0.5937996235058595,0.5198128419871959,2.166671284475976,0.0,0.0,0.0
image_1645.png,surface,0.0,0.0,0.7978954189694177,-0.1828849052657928,-10.007409314805098,0.0,-0.3208751278052161,1.2142443073705065,0.0,0.0,0.0,2.932212919542163,0,0,0,0,0,0,-0.0090620939665548,0.1278271624758518,0.2804976530979075,0.0,0.0,0.0
image_1647.png,surface,0.0,0.0,1.604923684283715,0.2498992448176904,-2.934426725811244,0.0,-1.304747585117811,0.6959196612809176,0.0,0.0,0.0,-1.9376473964962264,0,0,0,0,0,0,-0.2598589116725723,0.2145680340074977,0.559685649479895,0.0,0.0,0.0
image_1648.png,surface,0.0,0.0,2.5071734695680936,-12.968676198611856,6.197322747452793,0.0,-2.78183049307186,1.670776305437022,0.0,0.0,0.0,4.886050315257359,0,0,0,0,0,0,-0.632457151231859,0.3667657003239052,1.5735408209079484,0.0,0.0,0.0
image_1649.png,surface,0.0,0.0,0.5003759527021387,0.4049348693220049,-15.970222238210908,0.0,2.1123729280529013,0.8315517429024715,0.0,0.0,0.0,0.9993916792487934,0,0,0,0,0,0,0.1730350875409146,-0.0076610091468827,0.3349673142597738,0.0,0.0,0.0
image_1650.png,surface,0.0,0.0,0.7875701990193338,-12.318390243764334,-8.169102437556749,0.0,-2.0559633893893943,-0.8338318720298463,0.0,0.0,0.0,-2.4658754145767525,0,0,0,0,0,0,-0.0990636244047316,-0.0627384736747387,0.2845393899364667,0.0,0.0,0.0
image_1651.png,surface,0.0,0.0,1.4208581609195363,-3.2078858265751884,-9.679017235309209,0.0,3.703651509586893,1.0919135134376108,0.0,0.0,0.0,1.8855730727349904,0,0,0,0,0,0,0.2778780891961279,-0.0019695243227714,0.6176856896151112,0.0,0.0,0.0
image_1652.png,surface,0.0,0.0,1.4941430014891868,-21.05274663501548,12.623234341781034,0.0,-3.989473583998035,0.6625124741697134,0.0,0.0,0.0,-1.7539152937169025,0,0,0,0,0,0,-0.2963918809675848,0.0823424769577886,0.8742578237313922,0.0,0.0,0.0
image_1653.png,surface,0.0,0.0,2.584394701765003,-13.207774674310643,13.671712956929326,0.0,2.609521349026751,-3.039688918127129,0.0,0.0,0.0,4.7626041999377815,0,0,0,0,0,0,0.6324784576917681,-0.8135331010941905,2.2058337047382177,0.0,0.0,0.0
image_1656.png,surface,0.0,0.0,1.5617442642299038,-14.920432027919665,13.058764977492244,0.0,1.115972240611125,2.080842106166648,0.0,0.0,0.0,-2.7329259046232868,0,0,0,0,0,0,0.1350639322020037,0.2508123154744748,0.6119513359126681,0.0,0.0,0.0
image_1657.png,surface,0.0,0.0,0.6674096315407583,19.09751807646617,-10.985873291936024,0.0,1.7317108358631312,0.6005844880944406,0.0,0.0,0.0,3.203883332190633,0,0,0,0,0,0,0.3000535482920503,0.0275135626240203,0.7415906032604044,0.0,0.0,0.0
image_1658.png,surface,0.0,0.0,1.6449051118011635,-19.737768599015546,-0.2091323742308386,0.0,0.2004103507312759,1.7018584799483163,0.0,0.0,0.0,-3.483874355071345,0,0,0,0,0,0,0.0319467537994688,0.3215547346398377,0.743600306660792,0.0,0.0,0.0
image_1659.png,surface,0.0,0.0,1.5275219592871592,12.643671100073153,20.31433975242,0.0,3.158753332776017,-3.730797068453653,0.0,0.0,0.0,-1.7737455672317504,0,0,0,0,0,0,0.3317621263075297,-0.3139944040525854,0.9134872341069774,0.0,0.0,0.0
image_1660.png,surface,0.0,0.0,1.8736431297934928,12.52565706952884,7.373375293622498,0.0,-1.4236598194473262,2.442324167212384,0.0,0.0,0.0,0.7581347476581213,0,0,0,0,0,0,-0.2610931644573361,0.4488785043175373,1.4678304220475058,0.0,0.0,0.0
image_1661.png,surface,0.0,0.0,2.0995728848898105,-16.967137228653545,17.39666942906202,0.0,-3.721131940234958,0.7911850917071913,0.0,0.0,0.0,-1.39867276154946,0,0,0,0,0,0,-0.6318194793245635,0.1106016901640724,1.731490110155825,0.0,0.0,0.0
image_1662.png,surface,0.0,0.0,0.6472611761056668,-12.07179841339124,-3.466258291802535,0.0,-2.6753035519357247,3.259712727187116,0.0,0.0,0.0,-1.33388493791493,0,0,0,0,0,0,-0.0355642863141217,0.0218787094897012,0.2017842699160199,0.0,0.0,0.0
image_1663.png,surface,0.0,0.0,2.04382358164613,17.10379597699477,-5.77759903783632,0.0,-0.9605841837339818,-3.2650476007856093,0.0,0.0,0.0,4.230313745674916,0,0,0,0,0,0,-0.0870102556558669,-0.6588798217842952,1.375015620006225,0.0,0.0,0.0
image_1666.png,surface,0.0,0.0,2.7308254326913364,8.86743098067598,-0.6924887197183541,0.0,-0.6512248822856854,1.6142725627898409,0.0,0.0,0.0,1.726512069531983,0,0,0,0,0,0,-0.1609284526422758,0.8942631479953976,2.933607597120947,0.0,0.0,0.0
image_1667.png,surface,0.0,0.0,0.8345913201762402,-9.61148708672482,20.60384207252832,0.0,-1.7230138089504965,4.500423764167175,0.0,0.0,0.0,3.1334123727345062,0,0,0,0,0,0,-0.0459192258301919,0.1492622570621812,0.407912848682546,0.0,0.0,0.0
image_1669.png,surface,0.0,0.0,1.5575469085457323,24.264903937322547,1.7220930573020723,0.0,-2.188976791453177,3.150212516893728,0.0,0.0,0.0,2.2241801035418307,0,0,0,0,0,0,-0.4886202841620731,0.7575715529645789,2.3991158127687053,0.0,0.0,0.0
image_1670.png,surface,0.0,0.0,0.6509846781233493,-1.8297686766202543,-16.71513006604638,0.0,2.2963867738245454,-1.022588420530611,0.0,0.0,0.0,1.9655464690198297,0,0,0,0,0,0,0.1879069965578217,-0.1034660972502612,0.403960431995115,0.0,0.0,0.0
image_1671.png,surface,0.0,0.0,1.2156915347909871,13.615266621185164,2.0501613372965566,0.0,3.073579240750264,2.406659134957679,0.0,0.0,0.0,1.5905551933043611,0,0,0,0,0,0,0.2683236638166613,0.0935177970767733,0.6321957481659163,0.0,0.0,0.0
image_1673.png,surface,0.0,0.0,1.6926090526844408,15.294783604391409,11.672358039415323,0.0,4.453278291046399,2.01541586429237,0.0,0.0,0.0,-2.0851487755009366,0,0,0,0,0,0,0.4407416249651937,0.0589724663035607,1.0646169298162027,0.0,0.0,0.0
image_1674.png,surface,0.0,0.0,1.9334468120695347,-7.992030760152763,3.775344477613608,0.0,-0.8729151089267297,0.1225868560189455,0.0,0.0,0.0,-0.6566134764985492,0,0,0,0,0,0,-0.2789753718814724,-0.0267301575818956,0.8811846014513981,0.0,0.0,0.0
image_1675.png,surface,0.0,0.0,2.373205888755486,3.2410815173202527,18.346383048520817,0.0,4.5066127473206095,-1.4608492829555664,0.0,0.0,0.0,-2.5943130184853525,0,0,0,0,0,0,0.6284591462188196,-0.2938995927913366,1.4089237823783385,0.0,0.0,0.0
image_1676.png,surface,0.0,0.0,2.808098450300069,3.614766974165715,12.395654034228606,0.0,1.1094679114921209,-0.1217884494932377,0.0,0.0,0.0,1.187064730462696,0,0,0,0,0,0,0.4444748211193563,-0.1306965014253208,2.37971324293984,0.0,0.0,0.0
image_1677.png,surface,0.0,0.0,1.5940522352999846,17.614989701686625,-12.24975516374326,0.0,-3.375726573311752,-1.4180474243857946,0.0,0.0,0.0,2.6190227926413083,0,0,0,0,0,0,-0.4934127157517417,-0.0753862177283193,1.2011316157970442,0.0,0.0,0.0
image_1678.png,surface,0.0,0.0,2.0695248790672576,-6.789360783740145,17.37748875322496,0.0,-2.171559335385957,-0.4381771221432364,0.0,0.0,0.0,-0.8999716054637741,0,0,0,0,0,0,-0.5619784256308578,-0.1601921731920666,1.6518634284286495,0.0,0.0,0.0
image_1680.png,surface,0.0,0.0,1.6882845708000205,16.458694859933733,0.8157200225186192,0.0,-0.8690917076967877,4.520802831322894,0.0,0.0,0.0,-3.422300787014437,0,0,0,0,0,0,-0.1641700783285235,0.5750853712243358,1.4944031670082008,0.0,0.0,0.0
image_1681.png,surface,0.0,0.0,2.6750184073992456,10.729845273777828,17.86976958399853,0.0,-1.243839845080953,-1.6663829008287987,0.0,0.0,0.0,-0.7370049913472485,0,0,0,0,0,0,-0.9438799787206762,-0.4240675317785974,3.827865319191877,0.0,0.0,0.0
image_1682.png,surface,0.0,0.0,1.9806967177064143,8.733318881846072,-1.7518456538042548,0.0,-3.349894111424502,-1.2234168210914915,0.0,0.0,0.0,2.525070411136616,0,0,0,0,0,0,-0.4393125702612565,-0.0824179858775115,1.037418943797609,0.0,0.0,0.0
image_1683.png,surface,0.0,0.0,1.4377535324955826,-13.13000535580025,14.25744174213961,0.0,-0.0281639991342394,-2.3751871747006894,0.0,0.0,0.0,0.9247554490682796,0,0,0,0,0,0,0.0895137646952461,-0.3194688007324934,0.6912854941448988,0.0,0.0,0.0
image_1684.png,surface,0.0,0.0,0.7231156758670549,3.049913350264098,-2.3475129380379123,0.0,-0.1273413517544855,-2.6963453322764184,0.0,0.0,0.0,-1.3729697019725098,0,0,0,0,0,0,0.0482248891704103,-0.1056023704374207,0.2224172248266764,0.0,0.0,0.0
image_1685.png,surface,0.0,0.0,1.746464697162366,3.3325984933862056,-17.5292258785198,0.0,4.70836478388959,-1.4930448374143244,0.0,0.0,0.0,2.549669719938091,0,0,0,0,0,0,0.7345364006587968,-0.3107616784269498,1.8033437057310524,0.0,0.0,0.0
image_1686.png,surface,0.0,0.0,2.796758293343365,-1.6033185255340587,-1.246617928110931,0.0,-4.416054951840905,-1.848884449923149,0.0,0.0,0.0,-2.516854970583488,0,0,0,0,0,0,-0.8967957461004266,-0.3320221586364204,2.1885100614268675,0.0,0.0,0.0
image_1687.png,surface,0.0,0.0,0.6847355704148257,5.242962693254633,-13.874530766983646,0.0,1.6402210214014763,1.2156186057997382,0.0,0.0,0.0,4.664914823409248,0,0,0,0,0,0,0.1597642067972149,0.0757920781718297,0.3636055877153117,0.0,0.0,0.0
image_1688.png,surface,0.0,0.0,1.8271785475617093,-4.196266332424008,14.621904180148434,0.0,-1.7424014577624054,2.9392973401513034,0.0,0.0,0.0,1.8010919424224516,0,0,0,0,0,0,-0.2053448121038433,0.2704446346024207,0.8875620602419649,0.0,0.0,0.0
image_1691.png,surface,0.0,0.0,0.8778761911133255,9.904588470571506,-0.4427988847534382,0.0,1.0562278377414926,-1.9207303583138875,0.0,0.0,0.0,1.194403045241355,0,0,0,0,0,0,0.114792357488004,-0.150037796591835,0.3383279849459792,0.0,0.0,0.0
image_1693.png,surface,0.0,0.0,2.290010878240719,12.87329521507493,3.150586424497487,0.0,3.547440841405031,0.5153668957586076,0.0,0.0,0.0,4.389782807407963,0,0,0,0,0,0,0.7779102654747873,0.0709595073095662,1.78982733386155,0.0,0.0,0.0
image_1695.png,surface,0.0,0.0,1.794206983790671,5.245950628528321,-1.888310444249197,0.0,1.2952857205624446,-0.2756448429293112,0.0,0.0,0.0,3.276705567654595,0,0,0,0,0,0,0.4138148253094285,-0.0844756039399597,0.8031210223689691,0.0,0.0,0.0
image_1696.png,surface,0.0,0.0,0.5113951772819432,-9.787211531075668,-1.8426169627829008,0.0,-1.2314930935367976,-1.914766199005984,0.0,0.0,0.0,0.4439282661966466,0,0,0,0,0,0,-0.0073727960737215,-0.0904219313681356,0.1560970126138518,0.0,0.0,0.0
image_1699.png,surface,0.0,0.0,2.168610518535379,18.19952454842733,8.794082393127114,0.0,-1.050438073043309,-3.707989826078037,0.0,0.0,0.0,-2.5481391779945497,0,0,0,0,0,0,-0.0624789108499389,-0.6955850222820809,1.5401216863632632,0.0,0.0,0.0
image_1701.png,surface,0.0,0.0,2.3945365074342924,16.570312382300195,5.593628629771223,0.0,4.727201976479728,-0.9449369560636336,0.0,0.0,0.0,1.46014966672627,0,0,0,0,0,0,0.8385012717877344,-0.2606190364234822,2.022251765120271,0.0,0.0,0.0
image_1703.png,surface,0.0,0.0,1.3781587398392574,-1.571028386963985,5.874511702535123,0.0,-3.850420044360734,-0.4707518388255448,0.0,0.0,0.0,3.137139355783985,0,0,0,0,0,0,-0.1744519671249034,-0.0242289246160755,0.431426378467093,0.0,0.0,0.0
image_1705.png,surface,0.0,0.0,0.5804272272146167,16.295871392890486,8.853876875226716,0.0,0.1974905839464124,-0.5217406456035,0.0,0.0,0.0,-1.3514313416968338,0,0,0,0,0,0,0.1197232810670848,-0.1301018686825033,0.328502768321857,0.0,0.0,0.0
image_1706.png,surface,0.0,0.0,1.6264038339061708,-5.511020975291401,-10.702707515044418,0.0,1.0254740842894057,-3.0641051387381584,0.0,0.0,0.0,4.183385081160555,0,0,0,0,0,0,0.244507607307699,-0.3702579878610881,0.8967397057704054,0.0,0.0,0.0
image_1707.png,surface,0.0,0.0,1.6488393540265944,5.658463237164725,-21.021082839405697,0.0,2.292536140664933,1.7341680380582944,0.0,0.0,0.0,4.117824614476467,0,0,0,0,0,0,0.6813920020842573,0.3388887510237187,2.0238483628216937,0.0,0.0,0.0
image_1708.png,surface,0.0,0.0,1.4654631081041125,4.546157861615744,8.02468638258412,0.0,4.930930527315138,-0.3892459623613801,0.0,0.0,0.0,4.309064498073017,0,0,0,0,0,0,0.2632253323382908,-0.0575472354437915,0.481066052456692,0.0,0.0,0.0
image_1709.png,surface,0.0,0.0,0.5748075359733242,-9.391913095381344,-5.784003692282764,0.0,-1.5167552338212382,3.163683177885561,0.0,0.0,0.0,4.009585255377772,0,0,0,0,0,0,-0.0200318770400165,0.0631726499631452,0.1619430165052044,0.0,0.0,0.0
image_1710.png,surface,0.0,0.0,0.9983630922048852,8.307989752269634,7.52670517034538,0.0,0.1201545718595182,-1.3548455097244947,0.0,0.0,0.0,-1.8620968147533696,0,0,0,0,0,0,0.0861656067094503,-0.2166822837597378,0.3378277920996603,0.0,0.0,0.0
image_1711.png,surface,0.0,0.0,0.8412862492727717,-1.7227994049880648,18.90511679414528,0.0,-3.1995836444325554,-0.6633413936841203,0.0,0.0,0.0,1.9916815251662976,0,0,0,0,0,0,-0.124517234546747,-0.0061539769574138,0.3738148809892861,0.0,0.0,0.0
image_1712.png,surface,0.0,0.0,0.531846503998961,4.574426038581975,0.2602653977437923,0.0,-3.3922280915855394,2.213393078033915,0.0,0.0,0.0,-2.5462823416581983,0,0,0,0,0,0,-0.0424401853049513,0.027400299244436,0.1440566562417456,0.0,0.0,0.0
image_1713.png,surface,0.0,0.0,2.047833910308075,10.616724318629,12.562422289519098,0.0,0.9439957669058784,3.2196226107940547,0.0,0.0,0.0,3.309123080383081,0,0,0,0,0,0,0.0555056108995225,0.6615336456920553,1.5932493122544251,0.0,0.0,0.0
image_1714.png,surface,0.0,0.0,0.7473649116203525,-8.18471279320361,-23.31529888275913,0.0,-3.763813840269617,-1.678814852067403,0.0,0.0,0.0,-3.481635462276577,0,0,0,0,0,0,-0.2482697193717385,-0.1000681958627321,0.5938506072865015,0.0,0.0,0.0
image_1715.png,surface,0.0,0.0,0.8709738387923969,14.395441037014669,-16.686385896319134,0.0,-2.8268812371972563,-0.4030974260619575,0.0,0.0,0.0,1.6651949423160437,0,0,0,0,0,0,-0.293150255281337,0.0015400673418476,0.6502495837127411,0.0,0.0,0.0
image_1716.png,surface,0.0,0.0,0.7477829073216284,5.4064891025857165,-21.58070181722918,0.0,4.00923524741836,2.6793808241780224,0.0,0.0,0.0,0.3492851760306177,0,0,0,0,0,0,0.2985697055483454,0.0480236729437446,0.8062360626395713,0.0,0.0,0.0
image_1717.png,surface,0.0,0.0,2.411663523012798,22.88799401514072,5.618407879287171,0.0,3.656780269242096,1.0655624699930637,0.0,0.0,0.0,0.532441339447649,0,0,0,0,0,0,1.0940372549336466,0.6105965869290031,3.461355710063003,0.0,0.0,0.0
image_1718.png,surface,0.0,0.0,2.7084460087080267,-0.3788892456258537,-15.963721675594208,0.0,3.8772642846384215,0.3345398320639618,0.0,0.0,0.0,2.583773596240317,0,0,0,0,0,0,1.861526378677645,-0.2127275040892526,4.747532391255048,0.0,0.0,0.0
image_1719.png,surface,0.0,0.0,0.7969850744534358,-8.549370368219154,10.036432442097691,0.0,2.137153437627152,-4.518818849620872,0.0,0.0,0.0,3.418806854343828,0,0,0,0,0,0,0.092237947783689,-0.0875148379588051,0.2085100772959871,0.0,0.0,0.0
image_1720.png,surface,0.0,0.0,2.039162333480344,23.738990522843693,6.181512692250237,0.0,-0.5334704989716881,2.6291875434171814,0.0,0.0,0.0,-3.6447920522387376,0,0,0,0,0,0,-0.1054707812775499,1.7261150276348547,4.533318105807623,0.0,0.0,0.0
image_1722.png,surface,0.0,0.0,1.2033162264604862,9.14708847305294,3.33193767850744,0.0,-4.420870864241072,-1.2089590970205724,0.0,0.0,0.0,3.747478234839432,0,0,0,0,0,0,-0.1644698906572515,-0.0284763013504869,0.4335030719808282,0.0,0.0,0.0
image_1725.png,surface,0.0,0.0,0.7691131234074634,-6.539531909633251,-21.17973024356476,0.0,2.781972352684912,-1.4282478093999342,0.0,0.0,0.0,2.9199588401065384,0,0,0,0,0,0,0.2715378954830253,-0.1433914385537282,0.6835503690571804,0.0,0.0,0.0
image_1726.png,surface,0.0,0.0,2.895617665664884,9.895558662098669,7.575195353662698,0.0,2.1958635064330227,-2.0178034599499988,0.0,0.0,0.0,-0.5549722909818842,0,0,0,0,0,0,0.9653995032293812,-0.5699696419131114,2.4296074793601563,0.0,0.0,0.0
image_1727.png,surface,0.0,0.0,2.196588606335395,-12.446194191250472,12.53065705380011,0.0,-0.4322060820407669,0.3753142073645104,0.0,0.0,0.0,-2.9463695069118447,0,0,0,0,0,0,-0.2155795223104235,0.0545835103446689,1.3191123704187488,0.0,0.0,0.0
image_1728.png,surface,0.0,0.0,2.8848987754487347,7.301626405931223,5.851045109219898,0.0,-1.231800949474558,4.697373790533927,0.0,0.0,0.0,4.709151374173949,0,0,0,0,0,0,-0.4677171251007526,1.4263446163350648,3.3741368154899147,0.0,0.0,0.0
image_1730.png,surface,0.0,0.0,2.4853841956806013,-15.204167027175773,10.54866346261463,0.0,3.684227050787464,-1.4443990592311584,0.0,0.0,0.0,1.8890489762940497,0,0,0,0,0,0,0.705224799383149,-0.4270705844400758,1.8720777950281224,0.0,0.0,0.0
image_1731.png,surface,0.0,0.0,1.551564544559105,-13.246509878475488,9.385182345245957,0.0,2.575230405148308,-2.9263829373196595,0.0,0.0,0.0,-1.2624954745654424,0,0,0,0,0,0,0.2461923395305517,-0.2211609065608005,0.6752703910475795,0.0,0.0,0.0
image_1734.png,surface,0.0,0.0,0.86791360750839,-18.63057196072075,11.929531978033411,0.0,2.08370094413269,3.813880731350516,0.0,0.0,0.0,3.5857774120264025,0,0,0,0,0,0,0.0927827844013775,0.1304227815913256,0.3488811608017977,0.0,0.0,0.0
image_1736.png,surface,0.0,0.0,0.8140556043971956,5.943577628779617,-10.61885652662671,0.0,-1.97736664262547,2.271826557962445,0.0,0.0,0.0,-1.806854069503829,0,0,0,0,0,0,-0.0995536729826526,0.1038530804638409,0.3616606414244913,0.0,0.0,0.0
image_1738.png,surface,0.0,0.0,0.5263545352200785,17.142069994528743,-7.885598686899797,0.0,-2.586709932986237,0.3959050613400142,0.0,0.0,0.0,3.4508818658017155,0,0,0,0,0,0,-0.1623194600963745,0.0200381795714563,0.3827245660643422,0.0,0.0,0.0
image_1739.png,surface,0.0,0.0,1.6956612505001376,2.59192380662094,-20.01761516859385,0.0,2.550282394554307,-3.4662529647233256,0.0,0.0,0.0,4.218343749361242,0,0,0,0,0,0,0.567702253896575,-0.4968612765964317,1.640644817446924,0.0,0.0,0.0
image_1740.png,surface,0.0,0.0,1.8826333084418336,14.058817455294047,-5.926280873456307,0.0,0.7202933763476659,-0.1313563071022582,0.0,0.0,0.0,-3.868558922496639,0,0,0,0,0,0,0.5351992493044659,0.0148799764928878,1.604054817537181,0.0,0.0,0.0
image_1742.png,surface,0.0,0.0,1.616487125651375,-2.642411104118158,-15.626916462124065,0.0,0.0002868093244812,2.596637905573561,0.0,0.0,0.0,-3.9209119798353576,0,0,0,0,0,0,0.0025407953442209,0.3985266396823375,0.8884999218288125,0.0,0.0,0.0
image_1743.png,surface,0.0,0.0,0.513716738162739,-9.426375203441063,-15.745783010271834,0.0,2.6139106319189533,1.9320389896449608,0.0,0.0,0.0,3.67433817094045,0,0,0,0,0,0,0.1522156324292392,0.0446257715562155,0.3426644782832623,0.0,0.0,0.0
image_1744.png,surface,0.0,0.0,1.046955449037947,11.737967864441936,5.877306327316159,0.0,-3.99470027450748,-2.3635742573267096,0.0,0.0,0.0,0.5083670099698425,0,0,0,0,0,0,-0.1349802282523587,-0.1198106321652738,0.4684920081815936,0.0,0.0,0.0
image_1745.png,surface,0.0,0.0,0.6188857330790407,-4.433061189325882,15.189495792314723,0.0,-4.247387086992572,-2.580781469505685,0.0,0.0,0.0,-4.921255859198615,0,0,0,0,0,0,-0.0348246477772595,-0.050902450508179,0.1932184674228078,0.0,0.0,0.0
image_1746.png,surface,0.0,0.0,2.952381012303361,-2.6048809824203696,12.914897823201892,0.0,0.3764695836641058,3.0235359923856744,0.0,0.0,0.0,-3.343504089749336,0,0,0,0,0,0,-0.0089372989870842,1.0194427789734664,2.4549833342957297,0.0,0.0,0.0
image_1749.png,surface,0.0,0.0,0.5963229862532917,0.1125606327184081,19.017123105614168,0.0,4.750455489849983,-1.1266978109647634,0.0,0.0,0.0,-2.583535169256032,0,0,0,0,0,0,0.1342086300256322,-0.0542909132807427,0.2254987700406055,0.0,0.0,0.0
image_1751.png,surface,0.0,0.0,2.4471388037525603,-8.057544622853023,-21.16437766704308,0.0,-0.075834129262159,-4.582074610101006,0.0,0.0,0.0,-2.788552946525998,0,0,0,0,0,0,0.8339690833869629,-1.482707305600704,4.100675856783297,0.0,0.0,0.0
image_1752.png,surface,0.0,0.0,1.4975479636490254,13.613742061366324,-16.941937949760124,0.0,1.832404966947052,0.128521735901282,0.0,0.0,0.0,-2.152712027184701,0,0,0,0,0,0,0.7329292848256143,0.0123929014495158,1.8692753752864684,0.0,0.0,0.0
image_1753.png,surface,0.0,0.0,1.76340627645993,-3.016075699162491,2.6373212621265165,0.0,3.1161701501021306,2.1065599224687555,0.0,0.0,0.0,-1.4392153856701777,0,0,0,0,0,0,0.2893379208475101,0.0681279228199585,0.6244181960064126,0.0,0.0,0.0
image_1754.png,surface,0.0,0.0,2.6812719386881136,19.15084017172741,-2.7866714918239195,0.0,-0.1339151282932621,-4.126224020296634,0.0,0.0,0.0,-4.961093261643205,0,0,0,0,0,0,0.3198365963181225,-0.8961540171934578,2.312921866929815,0.0,0.0,0.0
image_1755.png,surface,0.0,0.0,2.728107317395068,-5.784520013257726,3.990833352851536,0.0,-3.626591258755519,-1.901658133343179,0.0,0.0,0.0,-4.989899552836472,0,0,0,0,0,0,-0.8973253638181794,-0.5667605128248895,2.4538712984141813,0.0,0.0,0.0
image_1757.png,surface,0.0,0.0,2.400398694098884,-12.90656211658601,-19.04986831472773,0.0,-3.21294913792872,-2.621518729305921,0.0,0.0,0.0,3.527031211628921,0,0,0,0,0,0,-0.4539531519991455,-0.8470307456062479,2.583517264773251,0.0,0.0,0.0
image_1758.png,surface,0.0,0.0,1.0854395231567724,-8.577418987200721,-9.397953010318997,0.0,-0.8575694511878387,3.1733010524431084,0.0,0.0,0.0,-3.294284079061633,0,0,0,0,0,0,-0.04749894764349,0.1566290960426437,0.3563929855116948,0.0,0.0,0.0
image_1759.png,surface,0.0,0.0,0.9379659988827715,-16.75996031057431,-13.568689802247198,0.0,0.8723927450712491,-2.876359481449428,0.0,0.0,0.0,1.51343900593334,0,0,0,0,0,0,0.1821907777420723,-0.2633090416886095,0.6439860081148631,0.0,0.0,0.0
image_1760.png,surface,0.0,0.0,2.9407357164521084,21.018073940532,13.493537927419768,0.0,-1.329008712323784,-2.4620440037722404,0.0,0.0,0.0,-4.1169378191748045,0,0,0,0,0,0,-0.650261742266324,-0.4406134238128711,3.984247039787448,0.0,0.0,0.0
image_1761.png,surface,0.0,0.0,2.095502526548428,16.079292717580447,19.20674205611413,0.0,0.2078566762124971,-2.956563377883981,0.0,0.0,0.0,4.3780254489135615,0,0,0,0,0,0,0.0029517056424776,-0.7142860647334448,1.5620676474955073,0.0,0.0,0.0
image_1763.png,surface,0.0,0.0,2.6945947021464907,9.770757877471322,16.035300344530327,0.0,-0.9270794042674404,1.8182351251613105,0.0,0.0,0.0,-4.351061220937332,0,0,0,0,0,0,-0.6241156721772466,1.100429241581231,3.8270413407977135,0.0,0.0,0.0
image_1764.png,surface,0.0,0.0,0.5675860049771617,-15.85769880415804,16.13703916293204,0.0,0.5924331994109892,-3.1579469035108647,0.0,0.0,0.0,-1.4447313255412544,0,0,0,0,0,0,0.0682377425855077,-0.1188510396437957,0.2717219482495439,0.0,0.0,0.0
image_1765.png,surface,0.0,0.0,1.214720969670207,6.494873825641064,8.47067990455806,0.0,3.088943260497076,3.525908546450643,0.0,0.0,0.0,2.3709980150809864,0,0,0,0,0,0,0.1564723587411805,0.1442503525155758,0.4478389562369336,0.0,0.0,0.0
image_1766.png,surface,0.0,0.0,2.297925041629466,24.77601644118712,2.282778565999228,0.0,3.981609492764149,2.147088396045876,0.0,0.0,0.0,0.6082372142766159,0,0,0,0,0,0,1.132206255971719,0.9326106674971548,4.126065109741536,0.0,0.0,0.0
image_1767.png,surface,0.0,0.0,1.6365579765716465,9.448138123856328,-5.978930608751482,0.0,-4.832878220162687,-0.4686468516947308,0.0,0.0,0.0,1.5747767991246135,0,0,0,0,0,0,-0.3219596328591158,-0.0109834016146889,0.7757555610670107,0.0,0.0,0.0
image_1768.png,surface,0.0,0.0,2.8571723988837805,-19.575859737217986,7.300661701837623,0.0,2.874436412129888,1.5500052323854,0.0,0.0,0.0,-2.602583562237003,0,0,0,0,0,0,0.8969525007697606,0.1327824353326651,2.2733865350366136,0.0,0.0,0.0
image_1769.png,surface,0.0,0.0,1.6264362410476365,-0.6940210264323842,6.62514884912813,0.0,-3.073060227082637,-3.733699024418881,0.0,0.0,0.0,-0.3187165440771755,0,0,0,0,0,0,-0.0832481435918273,-0.263214655538956,0.6291811930653338,0.0,0.0,0.0
image_1770.png,surface,0.0,0.0,0.8175805451060737,-5.394152494396597,7.964369463761471,0.0,0.6140229497314116,-2.029486623717901,0.0,0.0,0.0,-1.0613039706071703,0,0,0,0,0,0,0.0879462180018963,-0.1188982327186226,0.2173929663257048,0.0,0.0,0.0
image_1771.png,surface,0.0,0.0,2.768250665379532,0.927232320767537,-11.17276214112231,0.0,-4.580365346843695,1.4125291801258035,0.0,0.0,0.0,2.984959495571477,0,0,0,0,0,0,-0.8343739061252449,0.3581356600405794,2.033374356939535,0.0,0.0,0.0
image_1772.png,surface,0.0,0.0,0.5127919314061542,6.536721202875774,15.027786288893823,0.0,-3.936922227729498,1.0674250260982483,0.0,0.0,0.0,2.105605657283597,0,0,0,0,0,0,-0.058931385274989,0.0222468154733502,0.2374230102162446,0.0,0.0,0.0
image_1773.png,surface,0.0,0.0,2.3969087367572834,-6.0474705488419325,-9.688692754572486,0.0,-0.1592839943354237,-0.9111110518874564,0.0,0.0,0.0,4.111332834269454,0,0,0,0,0,0,0.2727645388178212,-0.4135183064523149,1.808318838148904,0.0,0.0,0.0
image_1774.png,surface,0.0,0.0,0.5208441455490747,21.36879049307048,-2.999544703846002,0.0,0.0452452458449176,-2.515066222356861,0.0,0.0,0.0,1.3637216448986402,0,0,0,0,0,0,0.0629111276081053,-0.2026187474613535,0.4084175075364215,0.0,0.0,0.0
image_1777.png,surface,0.0,0.0,2.879157134408743,-19.63927325438801,-4.840645293524869,0.0,-3.007958768046462,1.530439312895753,0.0,0.0,0.0,-4.37607118913439,0,0,0,0,0,0,-1.01932919704059,0.3588215327280619,2.323294169479596,0.0,0.0,0.0
image_1778.png,surface,0.0,0.0,1.4918512400253634,4.380875669163984,0.0021472733712815,0.0,-0.5175019431637068,1.221253160744405,0.0,0.0,0.0,2.588751551131036,0,0,0,0,0,0,-0.0846817639657454,0.212889533646158,0.5027842472035581,0.0,0.0,0.0
image_1779.png,surface,0.0,0.0,0.5773820603729105,12.39766349650004,-21.05816936839385,0.0,-2.441718919516215,0.830496217622261,0.0,0.0,0.0,2.3341191696560166,0,0,0,0,0,0,-0.2425626318959502,0.1214325008368214,0.5910615855675181,0.0,0.0,0.0
image_1780.png,surface,0.0,0.0,2.4419859334064125,13.260571154152638,7.604807405240349,0.0,1.6280981733883355,4.289142866549853,0.0,0.0,0.0,2.5652535602017217,0,0,0,0,0,0,0.1762432316473041,1.0487056315710666,2.825050118443288,0.0,0.0,0.0
image_1783.png,surface,0.0,0.0,1.5130701312761956,5.159088139646088,-13.898750856170814,0.0,0.8985243537486961,0.3525156325000261,0.0,0.0,0.0,1.3968415770642846,0,0,0,0,0,0,0.4490678851198705,0.1001562896024088,1.0736873911632892,0.0,0.0,0.0
image_1784.png,surface,0.0,0.0,1.5962852292522964,-13.169182832106548,-6.888401851539466,0.0,-1.2766276750778724,-2.5622431976357407,0.0,0.0,0.0,-2.695827196104126,0,0,0,0,0,0,-0.034279811159571,-0.4240801165985515,0.939345417858644,0.0,0.0,0.0
image_1787.png,surface,0.0,0.0,1.6593012253445456,1.3870422623665235,-21.065450647908925,0.0,-0.9691755370291816,-2.3416286721102657,0.0,0.0,0.0,3.2512062986639023,0,0,0,0,0,0,-0.0116493069555788,-0.5538296103223479,1.2537300197927708,0.0,0.0,0.0
image_1788.png,surface,0.0,0.0,0.599043740944968,13.11112943465766,-14.522556307846228,0.0,1.5730091100055092,-2.1512672534294484,0.0,0.0,0.0,-0.6771178430211187,0,0,0,0,0,0,0.161343928610513,-0.1676927258845382,0.4660736650897928,0.0,0.0,0.0
image_1789.png,surface,0.0,0.0,2.861917923945564,24.75079674830567,2.090639017272759,0.0,0.597805034846454,3.667861675123933,0.0,0.0,0.0,1.1024279460188169,0,0,0,0,0,0,0.46267358166215,3.2438443140645217,10.647485653889271,0.0,0.0,0.0
image_1792.png,surface,0.0,0.0,1.3661266385000712,13.560838251612576,10.582600248726678,0.0,-3.6488768040116977,-3.122879716399891,0.0,0.0,0.0,-4.407533389131814,0,0,0,0,0,0,-0.2104796689420593,-0.2283861663167828,0.7003246934390908,0.0,0.0,0.0
image_1796.png,surface,0.0,0.0,2.6914564341728813,15.758833026799154,18.86981905833316,0.0,-0.9057579589270778,-4.674599163222378,0.0,0.0,0.0,2.698108725295926,0,0,0,0,0,0,-0.1745798058843611,-0.9909318693681054,2.642970990368083,0.0,0.0,0.0
image_1797.png,surface,0.0,0.0,1.7243286619156382,-0.8303063121391777,-3.491012424158312,0.0,3.643883336101205,-3.272465301546745,0.0,0.0,0.0,-2.5096166786550897,0,0,0,0,0,0,0.2733854699351872,-0.2342853006701319,0.714513199445834,0.0,0.0,0.0
image_1799.png,surface,0.0,0.0,1.2388424820788695,-18.18724557836834,-15.593465009126708,0.0,2.289905726572326,-2.728414545200437,0.0,0.0,0.0,-1.928111280497529,0,0,0,0,0,0,0.3787337390682567,-0.3887954276530524,1.1935728980078053,0.0,0.0,0.0
image_1800.png,surface,0.0,0.0,2.0635069950668763,-19.97840159506397,4.666744016184103,0.0,0.9261078943628612,-0.5296757115771867,0.0,0.0,0.0,-3.6583550653875663,0,0,0,0,0,0,0.3608302251842107,-0.5080051346655323,1.5616009497058605,0.0,0.0,0.0
image_1802.png,surface,0.0,0.0,1.7799373123963709,-11.802479587626008,21.684369149629926,0.0,-1.8125341609603245,-1.111596553323818,0.0,0.0,0.0,2.863112951916512,0,0,0,0,0,0,-0.3962522147839363,-0.3325884755343419,1.5117759364026708,0.0,0.0,0.0
image_1803.png,surface,0.0,0.0,0.8996151449201499,18.32076666547808,3.865561356239461,0.0,-0.934612210733876,3.259232545663321,0.0,0.0,0.0,-2.5669136109795323,0,0,0,0,0,0,-0.055507132789516,0.2178731223478672,0.6142647278268939,0.0,0.0,0.0
image_1807.png,surface,0.0,0.0,2.628859630620911,-12.76565586501723,-2.175341483953687,0.0,2.947698023645383,-1.9578039203318067,0.0,0.0,0.0,-3.973748107691409,0,0,0,0,0,0,0.9727274035482932,-0.8417388288156711,2.7597771850024464,0.0,0.0,0.0
image_1808.png,surface,0.0,0.0,2.202812635226365,-17.456634672995968,-8.210498172452523,0.0,1.48193194469762,-0.1536106005489754,0.0,0.0,0.0,1.5981469296230415,0,0,0,0,0,0,0.907575292924694,-0.4450023797717631,2.2541067804155515,0.0,0.0,0.0
image_1809.png,surface,0.0,0.0,0.7066772428123786,5.161348669502292,-6.780004999729943,0.0,2.73847350366552,-2.713025629607686,0.0,0.0,0.0,-0.7433134473197143,0,0,0,0,0,0,0.1223987636757345,-0.0934375688495677,0.2669656502019573,0.0,0.0,0.0
image_1810.png,surface,0.0,0.0,1.9134477212435577,19.72495559045264,13.990247012273883,0.0,4.067231193063877,-1.0514376935898782,0.0,0.0,0.0,-4.7633145700412864,0,0,0,0,0,0,0.6069228809201854,-0.1959739625257411,1.3584355669530197,0.0,0.0,0.0
image_1811.png,surface,0.0,0.0,0.7173002860211586,19.82302353720915,-4.196021743900251,0.0,2.340536423797829,1.8566451420796268,0.0,0.0,0.0,4.405662994891044,0,0,0,0,0,0,0.2137015100583909,0.1112152001368206,0.6387674782851871,0.0,0.0,0.0
image_1812.png,surface,0.0,0.0,2.1136412256343853,4.682491477831533,-13.818233769795192,0.0,-2.588657391274595,2.975123275675799,0.0,0.0,0.0,-2.9951254734833546,0,0,0,0,0,0,-0.407145903357721,0.5207095104089047,1.4792410713541568,0.0,0.0,0.0
image_1813.png,surface,0.0,0.0,1.4866307804017571,-0.27213205433758,-21.40209042885334,0.0,0.7588557042318238,4.688857331449707,0.0,0.0,0.0,3.261477633042558,0,0,0,0,0,0,-0.0263325016132867,0.4643043473759218,1.1383663455991302,0.0,0.0,0.0
image_1814.png,surface,0.0,0.0,2.532497392860261,-22.38921034343952,-6.242917882066287,0.0,-4.483444485778222,-1.2619192854920038,0.0,0.0,0.0,2.7074183972364265,0,0,0,0,0,0,-0.8262835389195683,-0.4029675080235383,2.4426035613493364,0.0,0.0,0.0
image_1815.png,surface,0.0,0.0,2.4504470460407783,10.658931775677662,-20.25172758470033,0.0,3.874280008486753,-2.539667543672039,0.0,0.0,0.0,3.9340208349454127,0,0,0,0,0,0,1.4688422349835717,-0.5590208485532954,3.936617069198236,0.0,0.0,0.0
image_1816.png,surface,0.0,0.0,2.999270946937317,-11.08727985448122,15.680606580551162,0.0,0.7478782718434929,-3.8515633252840513,0.0,0.0,0.0,4.543778339569833,0,0,0,0,0,0,0.019050257994181,-1.836112646441144,4.359710994066941,0.0,0.0,0.0
image_1817.png,surface,0.0,0.0,1.2479256818817706,7.926187450195973,-20.99579380286572,0.0,-3.5703823295723414,-0.993330103603428,0.0,0.0,0.0,-3.018703205363369,0,0,0,0,0,0,-0.3518069394124914,-0.0658783862532147,0.8320406543005614,0.0,0.0,0.0
image_1818.png,surface,0.0,0.0,0.9376969894099804,9.12403825074835,4.027862048542957,0.0,3.148782241146885,3.4557935768587726,0.0,0.0,0.0,1.411370258026878,0,0,0,0,0,0,0.124833787665404,0.0698127155912751,0.3178111462317895,0.0,0.0,0.0
image_1819.png,surface,0.0,0.0,0.963295595960194,17.130684720227688,9.912189212575518,0.0,1.4787731675988245,0.500897216531068,0.0,0.0,0.0,-1.7038905085439318,0,0,0,0,0,0,0.2552597601120838,0.0351871565908569,0.5612755481699805,0.0,0.0,0.0
image_1820.png,surface,0.0,0.0,1.9972974667293213,-9.374458833462018,11.49547732643923,0.0,1.0144390639573573,-3.6350858225165217,0.0,0.0,0.0,2.601692165427684,0,0,0,0,0,0,0.2218573185337907,-0.5096096992096427,1.1085624441713664,0.0,0.0,0.0
image_1821.png,surface,0.0,0.0,1.3363603776956237,-7.403570233194947,11.556276432780846,0.0,-4.747561421222807,-0.736642411079921,0.0,0.0,0.0,-3.539927376010596,0,0,0,0,0,0,-0.1655580420026351,-0.0247952415139971,0.4938120380227124,0.0,0.0,0.0
image_1822.png,surface,0.0,0.0,2.7671370747483786,8.308177644154462,4.542073385270244,0.0,1.2428885067930453,1.6494049520738512,0.0,0.0,0.0,-1.812482515816086,0,0,0,0,0,0,0.6103045204858389,0.8399108837173798,2.731351046905836,0.0,0.0,0.0
image_1824.png,surface,0.0,0.0,2.412042029798484,-2.6190109333783784,-2.184385972254625,0.0,-4.827923959464371,1.2904911212080186,0.0,0.0,0.0,4.227843445092221,0,0,0,0,0,0,-0.5410661352295763,0.1904240569261103,1.3117367589393214,0.0,0.0,0.0
image_1825.png,surface,0.0,0.0,1.7242766125760132,15.461923986283796,-17.7646477475644,0.0,-0.7419572025802301,-1.4181813352479136,0.0,0.0,0.0,-4.032367004979775,0,0,0,0,0,0,0.1802640650102462,-0.2659015145990949,1.5440495400091332,0.0,0.0,0.0
image_1826.png,surface,0.0,0.0,2.0935835900275204,20.32928306363765,3.6426217913999848,0.0,0.1777454826404765,-2.5851728665583487,0.0,0.0,0.0,-2.344282824487278,0,0,0,0,0,0,0.282398102476952,-0.6277402579110831,1.503469162347732,0.0,0.0,0.0
image_1827.png,surface,0.0,0.0,1.969560611374401,15.058069812273612,-14.079303381874324,0.0,2.047876729009091,2.252998373269601,0.0,0.0,0.0,-3.9655003281943113,0,0,0,0,0,0,0.920952705967942,0.6991622573539522,3.180030729065266,0.0,0.0,0.0
image_1828.png,surface,0.0,0.0,1.825646509810385,-11.11899841607202,15.892557465186329,0.0,-4.598080595263655,-0.3192373785002159,0.0,0.0,0.0,-2.9599287697909924,0,0,0,0,0,0,-0.3971303453102107,0.0062106086472059,1.0471704712970509,0.0,0.0,0.0
image_1829.png,surface,0.0,0.0,2.245868387420954,-11.618143824261702,-10.16129568348964,0.0,2.4677465903909304,-0.5585846359844232,0.0,0.0,0.0,-0.325626320080044,0,0,0,0,0,0,0.8502091715080655,-0.4614255698114871,2.271778772316301,0.0,0.0,0.0
image_1831.png,surface,0.0,0.0,2.8061792441815405,-9.401501186464415,-9.167571172067388,0.0,-0.8485141643852842,-2.999615351414436,0.0,0.0,0.0,-1.8389352445366105,0,0,0,0,0,0,0.3733919051909192,-1.5503979059272683,3.873387334214455,0.0,0.0,0.0
image_1832.png,surface,0.0,0.0,1.8791939647435936,0.3526126403901634,14.557406389730971,0.0,2.650658330502851,-2.0778276290859297,0.0,0.0,0.0,-4.287089754547935,0,0,0,0,0,0,0.3375787898628529,-0.2509916491588165,0.8048962603726462,0.0,0.0,0.0
image_1833.png,surface,0.0,0.0,2.799164331041608,-6.917588271851551,-19.884988324319888,0.0,-0.4663269579537227,-2.839453720446661,0.0,0.0,0.0,-0.7725527885445533,0,0,0,0,0,0,1.241143141709564,-1.6035137116448233,5.539355531008165,0.0,0.0,0.0
image_1834.png,surface,0.0,0.0,2.5158376942719194,17.301365873570024,-2.558772960776324,0.0,-0.1987793806532374,-2.747133169406545,0.0,0.0,0.0,3.876197029094792,0,0,0,0,0,0,0.0729388607755636,-0.7054137666660077,2.064120585961701,0.0,0.0,0.0
image_1835.png,surface,0.0,0.0,2.6188696418855253,-16.418967038011267,14.3174501652133,0.0,-4.061148314430532,1.4686270979806335,0.0,0.0,0.0,4.181740116190047,0,0,0,0,0,0,-0.9709696206057506,0.2510954739234357,2.4886570312711305,0.0,0.0,0.0
image_1836.png,surface,0.0,0.0,2.7432186854816463,-7.352599529701937,-1.8166774450028915,0.0,-4.581901500017637,0.0399116036364239,0.0,0.0,0.0,-3.461376903952585,0,0,0,0,0,0,-0.7959309648883355,0.0216427441155673,1.8384197290791688,0.0,0.0,0.0
image_1837.png,surface,0.0,0.0,1.0063910571124133,17.547812542230826,0.9988434218743462,0.0,1.2711345782235792,-3.949874639670309,0.0,0.0,0.0,-0.0901372475636979,0,0,0,0,0,0,0.1545319489994123,-0.2318312607791384,0.5302367956528667,0.0,0.0,0.0
image_1838.png,surface,0.0,0.0,1.3563865447675996,-2.4516672650992963,-15.282271742958658,0.0,-0.2578229819908698,-0.0789014973434997,0.0,0.0,0.0,2.3867214310222504,0,0,0,0,0,0,0.0443897263866807,-0.017187717851918,0.6928441307820884,0.0,0.0,0.0
image_1839.png,surface,0.0,0.0,2.7484348814391986,-1.2881031962224438,-3.0693284417015856,0.0,0.2945044313051828,1.4450427568933712,0.0,0.0,0.0,0.0545984778064303,0,0,0,0,0,0,0.3198670341179934,0.618116016851406,2.1759159201177662,0.0,0.0,0.0
image_1840.png,surface,0.0,0.0,0.8730369788026161,3.296901198526172,9.552640920894332,0.0,4.383457673286858,1.68518071311895,0.0,0.0,0.0,-3.247454193788777,0,0,0,0,0,0,0.1421026734221424,-0.0043134470391688,0.2454305617649041,0.0,0.0,0.0
image_1841.png,surface,0.0,0.0,1.725362230435446,-2.8321572188249093,-6.94424929561646,0.0,-3.750223611658943,-0.3900745130006082,0.0,0.0,0.0,4.887661017400667,0,0,0,0,0,0,-0.3088242003248417,0.0076735939668365,0.6685780787242854,0.0,0.0,0.0
image_1842.png,surface,0.0,0.0,0.7618713706941805,2.9744627176798906,14.551061082977396,0.0,-4.445209311744316,-1.1964165044660688,0.0,0.0,0.0,2.0916698146387267,0,0,0,0,0,0,-0.0827641825738805,-0.0385299993910881,0.2919976225556868,0.0,0.0,0.0
image_1845.png,surface,0.0,0.0,1.490253789003488,18.4798936344466,5.838221863383762,0.0,4.04411684850951,0.6980164058198489,0.0,0.0,0.0,1.1668254055256453,0,0,0,0,0,0,0.4545816925664788,-0.0442671041875319,1.0198228740253183,0.0,0.0,0.0
image_1846.png,surface,0.0,0.0,1.559230314054271,-15.88449035535643,7.552113736596666,0.0,-3.263925158052243,-2.29913492936403,0.0,0.0,0.0,1.5722076660091302,0,0,0,0,0,0,-0.2316506806422431,-0.2048761495405685,0.8012765612481683,0.0,0.0,0.0
image_1847.png,surface,0.0,0.0,1.7703286293837484,5.959257910537233,-4.196760305393784,0.0,0.7568505579834786,-0.9726753024982914,0.0,0.0,0.0,2.231613636468269,0,0,0,0,0,0,0.3286057264609203,-0.2574161997452373,0.8676659965781173,0.0,0.0,0.0
image_1849.png,surface,0.0,0.0,1.7483236860511957,11.007820274657927,-3.37641531613818,0.0,-1.9579183823352648,3.6250532048998494,0.0,0.0,0.0,-2.3269324514481458,0,0,0,0,0,0,-0.2273969981102889,0.3411351413854743,1.035328852261206,0.0,0.0,0.0
image_1850.png,surface,0.0,0.0,1.3544309724429542,14.358085725418718,18.16082684322624,0.0,3.750420007570053,2.044126361554392,0.0,0.0,0.0,-0.4505675703189746,0,0,0,0,0,0,0.3571381200598741,0.0736809746245779,0.8500475967680432,0.0,0.0,0.0
image_1851.png,surface,0.0,0.0,0.9820211868053416,0.9468338155590164,-11.318841383388689,0.0,-1.3620649283206543,-2.58177705496964,0.0,0.0,0.0,3.408352686431364,0,0,0,0,0,0,-0.018159952347958,-0.194284450446942,0.3543207580055162,0.0,0.0,0.0
image_1853.png,surface,0.0,0.0,1.4388825711360147,17.041682526749508,-7.703622333397684,0.0,2.3727888235190995,3.068868460456875,0.0,0.0,0.0,2.189801831198229,0,0,0,0,0,0,0.3008160151788158,0.4118350867834928,1.417855797491176,0.0,0.0,0.0
image_1856.png,surface,0.0,0.0,1.9259944677849288,7.837800666436104,-16.134907050476443,0.0,-2.300300689437219,-2.901304701618149,0.0,0.0,0.0,1.794475948827813,0,0,0,0,0,0,-0.27673667170097,-0.4981386358217434,1.2073326672891331,0.0,0.0,0.0
image_1857.png,surface,0.0,0.0,2.0461481624603968,-5.632877736321359,-18.155577305844105,0.0,0.6842408694127771,-1.38890823970986,0.0,0.0,0.0,3.413168713933427,0,0,0,0,0,0,0.8319677980454532,-0.6080922077581953,2.4274191356575106,0.0,0.0,0.0
image_1858.png,surface,0.0,0.0,2.96974136019722,4.601870195375991,-8.334625760517838,0.0,1.8455829822816088,3.396309924041178,0.0,0.0,0.0,-1.7783294641323355,0,0,0,0,0,0,0.9090363073184972,1.164681039855416,3.957864100147901,0.0,0.0,0.0
image_1860.png,surface,0.0,0.0,1.7939181813141292,2.343093828360621,-10.17222634294562,0.0,0.7521255917297289,-2.3371495622271823,0.0,0.0,0.0,2.570887119167531,0,0,0,0,0,0,0.3231497508340669,-0.4419348299080213,1.0269014960022422,0.0,0.0,0.0
image_1861.png,surface,0.0,0.0,1.221288631554282,-7.786592845750317,-19.57815849711114,0.0,-4.087038109649277,1.3344413075098194,0.0,0.0,0.0,-2.3479238151203905,0,0,0,0,0,0,-0.2838545512007729,0.0789351369552942,0.7084126331237661,0.0,0.0,0.0
image_1862.png,surface,0.0,0.0,0.5254624977793292,-7.399737023184796,23.649428015898227,0.0,-1.893169056194797,-2.319773343826896,0.0,0.0,0.0,0.7813846913548073,0,0,0,0,0,0,-0.0206254141374985,-0.1379689542561296,0.3483965989819262,0.0,0.0,0.0
image_1863.png,surface,0.0,0.0,1.1019519461581344,17.178361024758967,-18.040279576938843,0.0,-1.0649956758682366,-0.0526352842950358,0.0,0.0,0.0,2.490541566065227,0,0,0,0,0,0,-0.295093708803092,0.1601544187322051,1.108562444171367,0.0,0.0,0.0
image_1865.png,surface,0.0,0.0,2.9331406048296147,8.323588478923538,-22.74257331015508,0.0,-0.5131847924746757,-2.2775650842218127,0.0,0.0,0.0,-0.1870564857272816,0,0,0,0,0,0,1.2197758062002129,-0.6000788236526055,5.188327337073617,0.0,0.0,0.0
image_1866.png,surface,0.0,0.0,2.2526356042127977,-3.768602648176957,-21.51106801114432,0.0,-3.996238572937755,2.256315120755221,0.0,0.0,0.0,-3.446518084117346,0,0,0,0,0,0,-0.6139494470203759,0.3771009837109731,1.6558716702105356,0.0,0.0,0.0
image_1867.png,surface,0.0,0.0,2.0096355204941907,-14.150913752518017,13.937688732518245,0.0,-0.8745629839709014,1.113293761770708,0.0,0.0,0.0,1.3232750787127765,0,0,0,0,0,0,-0.4222217456337631,0.3831416972888028,1.1961855124283107,0.0,0.0,0.0
image_1868.png,surface,0.0,0.0,2.0155853289772354,-2.247473771588329,-11.264030919702387,0.0,-2.486293823767169,-2.3744402553391453,0.0,0.0,0.0,-0.7737715438664603,0,0,0,0,0,0,-0.2919023054866311,-0.3867189323606736,1.147816417588513,0.0,0.0,0.0
image_1869.png,surface,0.0,0.0,2.124769072842017,6.753172121749448,2.0264089791173414,0.0,0.1768245399951558,-4.277760355728796,0.0,0.0,0.0,-4.140063221112479,0,0,0,0,0,0,0.1777833843207702,-0.4788870074974004,1.087862499147363,0.0,0.0,0.0
image_1870.png,surface,0.0,0.0,0.5044727966165983,-2.9418515230589306,4.079969644187461,0.0,-1.8335625924332712,-1.4484534753722396,0.0,0.0,0.0,4.170306944829692,0,0,0,0,0,0,-0.0201064496497002,-0.0521200318387103,0.1034829775916775,0.0,0.0,0.0
image_1871.png,surface,0.0,0.0,1.4248960095876393,-7.985613472996795,-14.051085609895344,0.0,-4.75648981239262,-1.395740568640246,0.0,0.0,0.0,-2.5655574070638165,0,0,0,0,0,0,-0.2632907736080128,-0.0654221865298891,0.6718204002102455,0.0,0.0,0.0
image_1872.png,surface,0.0,0.0,1.3231970552876686,-4.907960829757763,18.511757091027228,0.0,-2.840973211174784,-3.358241818007534,0.0,0.0,0.0,-4.798704897050774,0,0,0,0,0,0,-0.0919366135649672,-0.2622707940424202,0.6143093879024578,0.0,0.0,0.0
image_1873.png,surface,0.0,0.0,2.944832972763124,8.426451712223793,13.559135483144914,0.0,-3.839593470338772,2.0093754565696824,0.0,0.0,0.0,4.16322219196346,0,0,0,0,0,0,-1.971578809780756,1.0033058935876908,5.530177885479718,0.0,0.0,0.0
image_1874.png,surface,0.0,0.0,0.5018167475701643,20.09590286136916,-7.540219706889764,0.0,2.899961842746897,1.5869070318895937,0.0,0.0,0.0,-3.108782194389084,0,0,0,0,0,0,0.2276557194091914,0.0263400281633274,0.5598910858274903,0.0,0.0,0.0
image_1875.png,surface,0.0,0.0,2.340861792441609,-14.350010398303718,10.922201860233114,0.0,3.939081622525359,-2.1472014280870666,0.0,0.0,0.0,-3.8628277776783646,0,0,0,0,0,0,0.5939594219551816,-0.3991291379376259,1.5436632303555038,0.0,0.0,0.0
image_1876.png,surface,0.0,0.0,1.5132172793099723,11.87727782856014,-5.85218340371484,0.0,3.350085438907489,0.991497271035926,0.0,0.0,0.0,0.0759755848395808,0,0,0,0,0,0,0.3726385696441149,0.0118014149116867,0.9386487206798436,0.0,0.0,0.0
image_1877.png,surface,0.0,0.0,0.6619009363360693,23.25908344294644,-7.487255721480814,0.0,-3.3758754589687694,-3.3080729703528107,0.0,0.0,0.0,-4.885937926558094,0,0,0,0,0,0,-0.0905714782407587,-0.2141527349490218,0.5460107343421394,0.0,0.0,0.0
image_1878.png,surface,0.0,0.0,1.4023821519843285,11.537978042801914,-10.455480020981756,0.0,-0.4869459884739344,-3.7007960341397785,0.0,0.0,0.0,3.6668598915871176,0,0,0,0,0,0,0.0552560209405814,-0.3723675183058457,0.6944183984457261,0.0,0.0,0.0
image_1879.png,surface,0.0,0.0,0.8196220254226045,7.139311369492764,4.625576365696446,0.0,2.575444071265584,0.4318541644275543,0.0,0.0,0.0,1.0032184954248526,0,0,0,0,0,0,0.1486939789841794,-0.0274427730117802,0.2659607985017633,0.0,0.0,0.0
image_1880.png,surface,0.0,0.0,0.5933999087653514,-22.025542325663647,2.632786136732022,0.0,-1.461699132178684,-1.25160359485597,0.0,0.0,0.0,3.709448465683229,0,0,0,0,0,0,-0.0476663555427798,-0.1014367950327091,0.3274577225536551,0.0,0.0,0.0
image_1882.png,surface,0.0,0.0,0.5617114351151637,2.444926971882219,-7.38396979623075,0.0,-0.26152477251761,-0.2726442438716213,0.0,0.0,0.0,-0.775872608095975,0,0,0,0,0,0,-0.0251454274183228,-0.1051650479440257,0.2015498045193077,0.0,0.0,0.0
image_1883.png,surface,0.0,0.0,0.5299102600259225,-10.85712628200702,-17.027623785333315,0.0,0.6046293773852279,1.3215329045172564,0.0,0.0,0.0,0.4834077145250246,0,0,0,0,0,0,0.0698661648785992,0.1163151984231028,0.4161972926997037,0.0,0.0,0.0
image_1885.png,surface,0.0,0.0,0.8264133747514966,-2.3000564760527062,-5.197408075404669,0.0,0.3887181744334314,-3.1432396597126444,0.0,0.0,0.0,-1.77173558134756,0,0,0,0,0,0,0.076417901300804,-0.0966136627854108,0.2538355879860851,0.0,0.0,0.0
image_1886.png,surface,0.0,0.0,1.6153190385741996,19.14686926417484,6.770675427084496,0.0,0.7789517521386795,1.6630507493853717,0.0,0.0,0.0,-1.5514394868359682,0,0,0,0,0,0,0.2012204902213404,0.5285813152900134,1.6044768552512638,0.0,0.0,0.0
image_1887.png,surface,0.0,0.0,1.4150857947853672,18.1440378040963,11.106748038763415,0.0,-2.5206116244734327,-3.0610093933587432,0.0,0.0,0.0,2.6409078169716853,0,0,0,0,0,0,-0.2566888148160211,-0.3106625729698137,0.9343434893954556,0.0,0.0,0.0
image_1888.png,surface,0.0,0.0,0.7556933825987304,-2.063724767287096,-19.61240070352088,0.0,-2.452221061229297,4.100123823752621,0.0,0.0,0.0,0.2605889248989124,0,0,0,0,0,0,-0.1001350349601863,0.1066846649534486,0.446566144083354,0.0,0.0,0.0
image_1890.png,surface,0.0,0.0,2.124305465746439,-4.504877933166062,-1.4873253518061702,0.0,4.40289762938604,1.460173453075268,0.0,0.0,0.0,-1.3379195039556513,0,0,0,0,0,0,0.4545877801264528,0.0273531061696092,1.0769431106719194,0.0,0.0,0.0
image_1893.png,surface,0.0,0.0,0.5169343518561205,15.194564947605416,-8.591983636086256,0.0,1.6286750707415465,-1.787383615544907,0.0,0.0,0.0,4.036641933197188,0,0,0,0,0,0,0.1391593381746291,-0.1479691668119272,0.3345586745683614,0.0,0.0,0.0
image_1894.png,surface,0.0,0.0,0.5693375524453541,-6.76011515533398,2.7490211067239168,0.0,2.465298452448149,2.473279705017513,0.0,0.0,0.0,-1.5793427297689435,0,0,0,0,0,0,0.0916626733661295,0.0217371302652209,0.1283631056884887,0.0,0.0,0.0
image_1895.png,surface,0.0,0.0,1.807913214955306,2.845189256410256,-4.523163553882327,0.0,3.6125482249634575,0.9303907849160808,0.0,0.0,0.0,3.615020214271299,0,0,0,0,0,0,0.3916089284136353,0.0063427492567209,0.8459210057859121,0.0,0.0,0.0
image_1896.png,surface,0.0,0.0,1.6650388201041535,-19.4358981426801,13.226131000152144,0.0,-0.940323740356501,3.822749976956251,0.0,0.0,0.0,-4.2509028265924105,0,0,0,0,0,0,-0.1293340163763123,0.309171271805287,0.8395301489726761,0.0,0.0,0.0
image_1897.png,surface,0.0,0.0,2.976418688250169,11.835265169845444,14.156592668716875,0.0,3.219348819463714,-3.401314861297718,0.0,0.0,0.0,0.4952432569497889,0,0,0,0,0,0,0.7837878046298521,-0.7311371386515988,2.6076448705968063,0.0,0.0,0.0
image_1899.png,surface,0.0,0.0,1.4727604859409005,2.33511442942849,-12.68125106405249,0.0,-1.152367624497068,-3.1792164453687395,0.0,0.0,0.0,2.844988963765476,0,0,0,0,0,0,-0.0048281960045167,-0.3509056809771144,0.7166032909822385,0.0,0.0,0.0
image_1901.png,surface,0.0,0.0,2.0577304459097654,18.816507495156326,-11.903597632097664,0.0,1.1663161223675709,-1.3952071146086993,0.0,0.0,0.0,-4.292977630284463,0,0,0,0,0,0,0.990396546373333,-0.0414827127727511,2.8042742512908285,0.0,0.0,0.0
image_1902.png,surface,0.0,0.0,0.6776878024959214,-14.413158802387324,-5.862934681980214,0.0,-2.8807125565221,2.3692554120647937,0.0,0.0,0.0,-3.690638769595853,0,0,0,0,0,0,-0.0675787642183032,0.0601051000994037,0.2353195206571712,0.0,0.0,0.0
image_1904.png,surface,0.0,0.0,1.821379507468489,-5.470691568796949,9.17673226853084,0.0,-2.16199089204316,-2.229858965590585,0.0,0.0,0.0,0.3039422990875557,0,0,0,0,0,0,-0.2514504694582445,-0.3575064190428884,0.997702738598374,0.0,0.0,0.0
image_1905.png,surface,0.0,0.0,1.491930879565368,2.7071777682392946,22.2437896028325,0.0,2.166627385644601,0.5168610889263925,0.0,0.0,0.0,4.462487154707896,0,0,0,0,0,0,0.3617037900405046,0.0207083212339968,0.7147811598992194,0.0,0.0,0.0
image_1906.png,surface,0.0,0.0,2.338578328375423,-10.75539202944326,3.612173180515906,0.0,0.9443137547108136,4.575515668155872,0.0,0.0,0.0,1.555834377751328,0,0,0,0,0,0,0.0413307274996581,0.4697441358009563,1.171332180376838,0.0,0.0,0.0
image_1907.png,surface,0.0,0.0,2.070155461442573,4.755907915887673,14.167771595049004,0.0,-1.2980152735464106,3.1536074027328893,0.0,0.0,0.0,-0.0441079378467845,0,0,0,0,0,0,-0.2582228799295131,0.4432751132331025,1.4433723316647775,0.0,0.0,0.0
image_1908.png,surface,0.0,0.0,0.5007663430278431,10.361541778175877,21.50248363563625,0.0,-3.3457525911608297,1.3817460506621435,0.0,0.0,0.0,-0.6020631979769053,0,0,0,0,0,0,-0.0966438193149974,0.0233888878841586,0.4194530122083336,0.0,0.0,0.0
image_1909.png,surface,0.0,0.0,0.5421941433227557,-12.311005202000477,14.7754681079104,0.0,-2.048708032669487,-1.304071959200054,0.0,0.0,0.0,1.611751187188171,0,0,0,0,0,0,-0.052676417401525,-0.061851243867995,0.221680333579867,0.0,0.0,0.0
image_1910.png,surface,0.0,0.0,2.5992862163133736,5.120596484922546,7.087028900910038,0.0,2.520025740710826,-0.1130604303009341,0.0,0.0,0.0,2.10752663277448,0,0,0,0,0,0,0.7494661414954583,-0.0307069606873,1.8010392458319384,0.0,0.0,0.0
image_1911.png,surface,0.0,0.0,0.91146295030953,-6.67509593457478,10.036428444748186,0.0,-2.8774054039751285,-3.9195367086240784,0.0,0.0,0.0,4.154594776276369,0,0,0,0,0,0,-0.0315830220910118,-0.123910137265228,0.292895290074527,0.0,0.0,0.0
image_1912.png,surface,0.0,0.0,1.923988794047488,-0.9143220200497538,0.1996079411760128,0.0,3.034960032692454,3.4085322588092666,0.0,0.0,0.0,3.225614051004005,0,0,0,0,0,0,0.2482468910218352,0.2564094141489326,0.7624535575602162,0.0,0.0,0.0
image_1913.png,surface,0.0,0.0,2.8512420244072487,-14.161266022269832,1.1811578982064193,0.0,2.965319067214032,-3.434257753302509,0.0,0.0,0.0,1.388233159487867,0,0,0,0,0,0,0.9386675054927884,-1.3110802503781052,3.7189929869814895,0.0,0.0,0.0
image_1915.png,surface,0.0,0.0,2.610631840175314,-5.582047564540304,-17.962006601573762,0.0,1.5773988040553804,2.2934087269562093,0.0,0.0,0.0,-4.432935124973358,0,0,0,0,0,0,1.2434077140199566,0.5881484143363916,3.639582906620799,0.0,0.0,0.0
image_1916.png,surface,0.0,0.0,2.722308127411411,-23.105609210231805,-7.6207525664072335,0.0,2.515277669422571,-4.199575862838268,0.0,0.0,0.0,0.8780713139644032,0,0,0,0,0,0,1.012482213959637,-1.515907633741352,4.687375269470079,0.0,0.0,0.0
image_1917.png,surface,0.0,0.0,2.762646875738288,22.8863383543427,4.241839699647455,0.0,-2.554986410098363,-3.161210468437456,0.0,0.0,0.0,-4.281549712680384,0,0,0,0,0,0,-0.7852838224935051,-0.9236030826152142,2.790494384975497,0.0,0.0,0.0
image_1918.png,surface,0.0,0.0,0.6913895245184394,3.4693489344212014,-23.092658298900588,0.0,1.6804050339577887,1.206913170741246,0.0,0.0,0.0,-2.9121750225391163,0,0,0,0,0,0,0.2955396225712,0.0683638881940925,0.7906541622752244,0.0,0.0,0.0
image_1919.png,surface,0.0,0.0,2.643107052674277,15.626906490812248,-15.288439209837753,0.0,-1.6999678274292274,4.118868501346517,0.0,0.0,0.0,-3.327446461495557,0,0,0,0,0,0,-0.0761470048819533,1.7761145173113468,4.880306795907388,0.0,0.0,0.0
image_1923.png,surface,0.0,0.0,0.7917601138793637,2.688056856093497,17.642503248828252,0.0,-0.2588956123533632,3.458985506269882,0.0,0.0,0.0,1.335474354997643,0,0,0,0,0,0,-0.0006734363221429,0.0983739644764503,0.3168062945315953,0.0,0.0,0.0
image_1924.png,surface,0.0,0.0,0.6977861767198523,-13.734341076466098,16.55815183542804,0.0,3.960125418737607,-2.359915072621201,0.0,0.0,0.0,3.607212433571581,0,0,0,0,0,0,0.1468890174518368,-0.0811201763197746,0.2879871477700224,0.0,0.0,0.0
image_1925.png,surface,0.0,0.0,1.6689470465312557,-8.354366807065183,-23.10077911869285,0.0,1.2277055714846756,-2.879590931833017,0.0,0.0,0.0,0.0493371149710579,0,0,0,0,0,0,0.6398444052605187,-0.7016918061646682,2.39524155121351,0.0,0.0,0.0
image_1926.png,surface,0.0,0.0,1.2869224643880963,15.952175231043412,-4.487292902920146,0.0,1.147587982337743,0.5884047891315376,0.0,0.0,0.0,-0.4418027942587565,0,0,0,0,0,0,0.338578671588611,0.147148007309941,0.945374528059811,0.0,0.0,0.0
image_1928.png,surface,0.0,0.0,1.2889771086416957,9.66509949311517,22.97751413491693,0.0,-2.9655537113122694,-0.9611171529314916,0.0,0.0,0.0,-0.6360499779106927,0,0,0,0,0,0,-0.3540106361231423,-0.0847430313639781,1.147157681473941,0.0,0.0,0.0
image_1932.png,surface,0.0,0.0,0.63582256154803,-3.998247032291631,24.64173632076272,0.0,2.1629697622045656,3.984359540724863,0.0,0.0,0.0,3.367559715283601,0,0,0,0,0,0,0.0879096926420512,0.1232022411428261,0.3557945404991346,0.0,0.0,0.0
image_1933.png,surface,0.0,0.0,1.1572083865076217,-15.633393215794625,-10.377374424100388,0.0,-2.689022543496268,-2.892814925459026,0.0,0.0,0.0,-4.0554917265522885,0,0,0,0,0,0,-0.1255445102923889,-0.2703644063752153,0.6262514921083228,0.0,0.0,0.0
image_1934.png,surface,0.0,0.0,0.5622164233851588,14.76869392497234,7.109230286769868,0.0,1.2482709610020293,3.2970687298680392,0.0,0.0,0.0,4.482599377964368,0,0,0,0,0,0,0.0436607410797733,0.1138580123271211,0.3431334090766864,0.0,0.0,0.0
image_1936.png,surface,0.0,0.0,0.6292127957836664,0.6064350150377666,14.735878449287435,0.0,1.648522495553987,2.2836207612490544,0.0,0.0,0.0,-1.9746204761816115,0,0,0,0,0,0,0.0812575114802725,0.0485270657418971,0.2021192204827511,0.0,0.0,0.0
image_1938.png,surface,0.0,0.0,2.159600746035722,12.45534587880893,12.407168042766834,0.0,-2.734937760753364,1.5713167049794905,0.0,0.0,0.0,3.126305516197643,0,0,0,0,0,0,-0.7731391403450278,0.4847358025709345,2.3258755218472085,0.0,0.0,0.0
image_1939.png,surface,0.0,0.0,1.305039491527277,-7.531235431716251,23.0372887942602,0.0,-0.621393055338718,-1.107086545249243,0.0,0.0,0.0,-4.5715656173803945,0,0,0,0,0,0,-0.1297449266745689,-0.267320453048887,0.8144758465811643,0.0,0.0,0.0
image_1941.png,surface,0.0,0.0,1.1014313326216814,19.5123170633789,2.742498569073597,0.0,-1.9424595454877505,-4.208620609348891,0.0,0.0,0.0,-3.8624788297404953,0,0,0,0,0,0,-0.0121180490735902,-0.2850650491837613,0.569626982300484,0.0,0.0,0.0
image_1942.png,surface,0.0,0.0,2.286731616671546,-4.110033946300598,-17.190529019911654,0.0,-1.3535744802095633,3.249220595955718,0.0,0.0,0.0,4.85816485424013,0,0,0,0,0,0,-0.2549812542432654,0.6350205762543634,1.622885738398822,0.0,0.0,0.0
image_1943.png,surface,0.0,0.0,1.445696069553029,-5.755675271769167,3.4634161655442623,0.0,1.4821382486929229,3.555998971200649,0.0,0.0,0.0,-2.799872009388346,0,0,0,0,0,0,0.0760222099024828,0.1636938993442146,0.4408049943355734,0.0,0.0,0.0
image_1944.png,surface,0.0,0.0,2.5507133453320154,12.173138534549746,6.306793931135688,0.0,0.9030828058524514,3.462658810474107,0.0,0.0,0.0,-2.025854397236952,0,0,0,0,0,0,0.1818498743835187,1.149203284414722,2.969011872024462,0.0,0.0,0.0
image_1945.png,surface,0.0,0.0,2.347449928409937,22.05663024531516,9.412643684256908,0.0,-4.528717782547636,-1.2193514517616877,0.0,0.0,0.0,-1.8014592362866635,0,0,0,0,0,0,-1.307071416229869,0.1511405414402876,3.4284300693533,0.0,0.0,0.0
image_1946.png,surface,0.0,0.0,1.9649664347415496,-13.016834184734234,-2.633571782372441,0.0,-4.167036830977652,0.8406810518127982,0.0,0.0,0.0,-0.3100287202475638,0,0,0,0,0,0,-0.3510155566158487,0.0668631484146005,0.9530716920832992,0.0,0.0,0.0
image_1947.png,surface,0.0,0.0,0.7361883128734328,-10.485140877127993,-3.665881762006422,0.0,-2.2422457523295094,2.9787154043440327,0.0,0.0,0.0,1.0034548393092209,0,0,0,0,0,0,-0.0470119428455561,0.0293824083871614,0.2156512233787013,0.0,0.0,0.0
image_1948.png,surface,0.0,0.0,2.954998523226142,2.403524182348149,-1.2796017839027662,0.0,-1.6116124413920192,-1.6178855605335516,0.0,0.0,0.0,0.7649382638893174,0,0,0,0,0,0,-0.4337181026449906,-0.5060828034175872,2.6619291924450805,0.0,0.0,0.0
image_1949.png,surface,0.0,0.0,1.8016821422442195,10.545311104348416,15.95728157080518,0.0,4.88658576502818,-0.9016042419178878,0.0,0.0,0.0,-4.874448351577226,0,0,0,0,0,0,0.4250676799216895,-0.1255382983467524,0.9130986914495696,0.0,0.0,0.0
image_1951.png,surface,0.0,0.0,2.0053365963146623,-14.21856132120095,-17.58997066814473,0.0,4.056009030394015,0.6132028821160044,0.0,0.0,0.0,0.0551392298859312,0,0,0,0,0,0,0.9144237978956404,-0.1860225161472646,2.5471126041771006,0.0,0.0,0.0
image_1952.png,surface,0.0,0.0,2.266949549013712,-1.3307846774354823,18.422172059634715,0.0,3.972708977978601,1.1103776161849468,0.0,0.0,0.0,-4.455597131892143,0,0,0,0,0,0,0.559412519101744,0.0270605091056831,1.191362224267379,0.0,0.0,0.0
image_1954.png,surface,0.0,0.0,2.1045774572632485,-21.054846633605564,7.52812350291969,0.0,-4.852813030956677,-0.0119985525444924,0.0,0.0,0.0,-4.794115324867371,0,0,0,0,0,0,-0.584398909015741,0.056612812562221,1.45151163043635,0.0,0.0,0.0
image_1955.png,surface,0.0,0.0,0.7701002954368625,17.887362987335507,-12.580480936684342,0.0,1.2146924252791322,-4.323373709366215,0.0,0.0,0.0,-1.3235174149436646,0,0,0,0,0,0,0.1585543042523479,-0.2247051064802929,0.599191952323979,0.0,0.0,0.0
image_1956.png,surface,0.0,0.0,2.6851638777043263,-12.964682106514006,-8.769311473491125,0.0,0.3262568194270386,1.2522411017950577,0.0,0.0,0.0,2.124635698670434,0,0,0,0,0,0,0.4800916126382551,0.3537986164639972,2.290060374248505,0.0,0.0,0.0
image_1957.png,surface,0.0,0.0,2.201812828451107,-13.48828357716875,-8.687003626457429,0.0,-2.146842941230691,1.792022681943595,0.0,0.0,0.0,-1.043746516402404,0,0,0,0,0,0,-0.3502546116190767,0.3096243253236243,1.2675299831421067,0.0,0.0,0.0
image_1958.png,surface,0.0,0.0,2.432467400932324,-5.474223067764436,-11.015581259567735,0.0,1.530230766363826,1.057460298676212,0.0,0.0,0.0,-3.98202409150418,0,0,0,0,0,0,0.8692495372172886,0.2244785797211241,2.140210189704192,0.0,0.0,0.0
image_1959.png,surface,0.0,0.0,0.7843376506892925,4.503982315340891,-1.98174042488148,0.0,-1.3020790123774464,2.7449057099990184,0.0,0.0,0.0,1.746327205615125,0,0,0,0,0,0,-0.0147356998624851,0.0806985848513221,0.228091287427107,0.0,0.0,0.0
image_1960.png,surface,0.0,0.0,1.7982567064926571,-11.68870307506206,2.5689870550669123,0.0,1.3168376955247283,-0.9356808096870892,0.0,0.0,0.0,3.79931609389414,0,0,0,0,0,0,0.350161776329471,-0.2243275618816786,0.7955578385721737,0.0,0.0,0.0
image_1965.png,surface,0.0,0.0,2.0400405891402587,-9.15215181984461,-22.13371496519853,0.0,-3.194908000191925,-1.169456862040558,0.0,0.0,0.0,2.458706880249343,0,0,0,0,0,0,-0.5980183025679621,-0.2016276928899909,1.66908658656998,0.0,0.0,0.0
image_1967.png,surface,0.0,0.0,2.9915726022421127,-5.429135879983111,12.82704675054603,0.0,-1.6229064439034318,-0.1552789260155623,0.0,0.0,0.0,2.196557979501081,0,0,0,0,0,0,-0.9611534301473946,-0.4922001739060389,3.6596464455680096,0.0,0.0,0.0
image_1968.png,surface,0.0,0.0,1.920543693876778,-22.326232005268764,7.186897786671422,0.0,2.0298252732479067,-0.8971914501141098,0.0,0.0,0.0,0.9132007440386792,0,0,0,0,0,0,0.4830882140355425,-0.3737880298581325,1.407253495552237,0.0,0.0,0.0
image_1969.png,surface,0.0,0.0,1.0737433679167836,1.1253923047682306,12.726104855182152,0.0,1.714870681125242,3.9425382094844608,0.0,0.0,0.0,-3.3180755600585865,0,0,0,0,0,0,0.0820108470270765,0.1370534086044899,0.3665263566572097,0.0,0.0,0.0
image_1970.png,surface,0.0,0.0,1.5126914095922506,-6.621882698565256,-7.495959204632379,0.0,-1.1966577199216586,2.1761935286249474,0.0,0.0,0.0,3.3762457236350016,0,0,0,0,0,0,-0.1123497240483666,0.1986450905609375,0.5163564441675166,0.0,0.0,0.0
image_1971.png,surface,0.0,0.0,0.7665991244794461,-21.252253071517213,11.26020767787586,0.0,4.181416818535718,-1.3021346533127538,0.0,0.0,0.0,1.7518408584334395,0,0,0,0,0,0,0.1876147936790614,-0.0888677061038399,0.3893342572478424,0.0,0.0,0.0
image_1972.png,surface,0.0,0.0,1.5346766724408774,7.754126770413239,-18.063721756110507,0.0,-4.691641671779073,0.6950878846374169,0.0,0.0,0.0,-2.4642085162463587,0,0,0,0,0,0,-0.431672682493668,0.1042589409073514,1.0313005134453148,0.0,0.0,0.0
image_1973.png,surface,0.0,0.0,2.6004181998673084,0.8127479924329613,-17.862534807809837,0.0,-0.967614718032914,2.5192892710860395,0.0,0.0,0.0,4.162598845199605,0,0,0,0,0,0,-0.0390037576995301,1.1443518363225282,2.749123523976606,0.0,0.0,0.0
image_1974.png,surface,0.0,0.0,1.4754992797285635,-4.873822018737118,21.294572452921603,0.0,-1.881449427593637,2.753848533859472,0.0,0.0,0.0,4.862823724618973,0,0,0,0,0,0,-0.1882311591264465,0.275462831559003,0.8483862419570555,0.0,0.0,0.0
image_1975.png,surface,0.0,0.0,0.6293339395234407,-2.760566055223962,5.467796878227161,0.0,-0.063260611531844,-1.4162287881884523,0.0,0.0,0.0,-4.967186586480389,0,0,0,0,0,0,0.0496554657643412,-0.0809550005578809,0.1367368698567746,0.0,0.0,0.0
image_1976.png,surface,0.0,0.0,0.9147785519901012,-1.2497508357695648,6.873599162058209,0.0,-1.4440845867632088,-3.084945958251369,0.0,0.0,0.0,-0.5045682384344952,0,0,0,0,0,0,0.0118319337548041,-0.0907711601218538,0.2352793265891633,0.0,0.0,0.0
image_1977.png,surface,0.0,0.0,2.1741942570801087,0.9536802037152396,14.585794301477208,0.0,0.9146782608854788,-4.591164262341866,0.0,0.0,0.0,-2.2111310860695,0,0,0,0,0,0,0.2129086053717548,-0.5480343007336177,1.3054687173338866,0.0,0.0,0.0
image_1978.png,surface,0.0,0.0,2.2280637867373034,-5.049529327866924,15.87109495001829,0.0,-4.824088949359666,-1.2672239673116357,0.0,0.0,0.0,2.281910655164162,0,0,0,0,0,0,-0.6807756366368714,-0.1150126695578833,1.875304485487635,0.0,0.0,0.0
image_1980.png,surface,0.0,0.0,2.525353855443768,21.850525217168148,4.91382150751964,0.0,2.436802919530978,-0.0800552874837502,0.0,0.0,0.0,0.5932344195199715,0,0,0,0,0,0,1.1233488562092946,0.6715810513226792,3.8515396252484506,0.0,0.0,0.0
image_1981.png,surface,0.0,0.0,1.2021390797182836,-7.407200587148655,-7.588350798760094,0.0,-0.4612145306856009,-1.427235683746369,0.0,0.0,0.0,1.4211089076083478,0,0,0,0,0,0,0.0287081718932082,-0.2870943514013132,0.4588923249390712,0.0,0.0,0.0
image_1982.png,surface,0.0,0.0,1.889288084027063,-13.487428818273798,-7.55459913695062,0.0,-0.068384106338789,1.8665164280713475,0.0,0.0,0.0,2.65358995864677,0,0,0,0,0,0,0.0188219744951495,0.390409430812129,0.9161802366634982,0.0,0.0,0.0
image_1985.png,surface,0.0,0.0,1.4391877871204233,-13.91617088176711,11.73525624843631,0.0,-4.858867140190757,-0.5691185992318865,0.0,0.0,0.0,-4.464171116056052,0,0,0,0,0,0,-0.2204191324898921,-0.0077113484266979,0.5932744923117236,0.0,0.0,0.0
image_1986.png,surface,0.0,0.0,2.404517307048472,9.559421079649857,-12.138852099509666,0.0,-3.4825176448914967,-0.6885803221511286,0.0,0.0,0.0,-0.5078684821216193,0,0,0,0,0,0,-0.7272617664896587,0.0595073211515977,1.8344673123917368,0.0,0.0,0.0
image_1987.png,surface,0.0,0.0,1.708565241632684,-11.80651807577614,-17.905873817561492,0.0,1.7135367153936556,-1.395297882648337,0.0,0.0,0.0,3.542426409939268,0,0,0,0,0,0,0.6552763697950502,-0.4943002657358314,1.8940885132699343,0.0,0.0,0.0
image_1988.png,surface,0.0,0.0,2.1006755842098626,13.96264781772764,9.563113418448784,0.0,-0.6727694194299995,-2.109500657059038,0.0,0.0,0.0,3.907614421760936,0,0,0,0,0,0,-0.2355862881655467,-0.5162639227602207,1.3637947760207223,0.0,0.0,0.0
image_1989.png,surface,0.0,0.0,2.81513284440024,-20.85015796394749,-12.821191266973324,0.0,2.670111370597464,-3.3246559007605114,0.0,0.0,0.0,-3.51978542101282,0,0,0,0,0,0,1.5225253826158254,-2.0064607693359373,6.241599491194623,0.0,0.0,0.0
image_1990.png,surface,0.0,0.0,1.58836195250236,19.05640049711829,-10.583631670388767,0.0,-0.9016863519900992,0.7463549270376398,0.0,0.0,0.0,4.328041670577518,0,0,0,0,0,0,-0.2478831593133785,0.4922992793631752,1.8121596046474249,0.0,0.0,0.0
image_1992.png,surface,0.0,0.0,0.9727944738720974,2.939023123552949,16.348150944083912,0.0,-1.7274274924327195,-0.1837439131540213,0.0,0.0,0.0,0.9241163162311974,0,0,0,0,0,0,-0.1291696522570095,-0.0455130013629592,0.4184526265156951,0.0,0.0,0.0
image_1993.png,surface,0.0,0.0,2.233580657900544,13.814832937019466,18.006180127975178,0.0,-1.5076603181557573,-3.1067937569718294,0.0,0.0,0.0,3.625784460644203,0,0,0,0,0,0,-0.4676882091908754,-0.6711641791617098,2.154613064073644,0.0,0.0,0.0
image_1994.png,surface,0.0,0.0,1.0317686218060174,15.422778897740288,4.564327562853464,0.0,4.682847291447639,-1.424564056755481,0.0,0.0,0.0,2.0482209259111315,0,0,0,0,0,0,0.2408322429732912,-0.0835506196733546,0.5210591501244258,0.0,0.0,0.0
image_1995.png,surface,0.0,0.0,2.224895518716749,5.8339704277633055,-19.88292425236068,0.0,-0.9204376066000312,-1.4454685476310547,0.0,0.0,0.0,-2.250724559557697,0,0,0,0,0,0,0.2785629396932221,-0.3884399064893572,2.290669984279957,0.0,0.0,0.0
image_1996.png,surface,0.0,0.0,2.807958575858021,16.202805973011575,0.1909713361995932,0.0,-2.3858404936316675,3.5172851896766275,0.0,0.0,0.0,-3.861392437648198,0,0,0,0,0,0,-0.6798777215406812,2.062507265000236,5.7426035349008,0.0,0.0,0.0
image_1997.png,surface,0.0,0.0,2.853252223151428,-20.04510404085757,6.555919332676927,0.0,-0.1777405045036918,4.443341739635694,0.0,0.0,0.0,-1.1453368481794115,0,0,0,0,0,0,-0.1621033517172914,0.7356267731701206,2.184385703448513,0.0,0.0,0.0
image_1999.png,surface,0.0,0.0,1.847861491482172,-10.06100506141384,8.454076662477377,0.0,0.7647806409100874,-4.601443677876487,0.0,0.0,0.0,4.302862965702346,0,0,0,0,0,0,0.1674345323646743,-0.441415706084927,0.8982871773887048,0.0,0.0,0.0
image_2001.png,surface,0.0,0.0,1.644399249658465,-8.645125796681311,10.89336100570144,0.0,-0.5684913113624467,-3.880883702728541,0.0,0.0,0.0,-3.013245819413821,0,0,0,0,0,0,0.0443136318870035,-0.3228667021200225,0.6685713797129508,0.0,0.0,0.0
image_2003.png,surface,0.0,0.0,2.255837823639391,7.147378633547128,-13.871254109188342,0.0,-2.867828097148588,2.5897714881085263,0.0,0.0,0.0,1.5847971086991723,0,0,0,0,0,0,-0.4988702132685887,0.5450611370195301,1.8185102673926512,0.0,0.0,0.0
image_2004.png,surface,0.0,0.0,1.018310262574879,-7.965124912495749,12.08499909408328,0.0,0.5784991226196944,3.2114118047206675,0.0,0.0,0.0,3.4308347391198133,0,0,0,0,0,0,0.0312862535422709,0.1309167357745126,0.3049937045448666,0.0,0.0,0.0
image_2005.png,surface,0.0,0.0,0.6856988486918119,1.9245291465216632,-5.280328592425227,0.0,4.694626155811148,1.399644314813851,0.0,0.0,0.0,-1.4209327439901531,0,0,0,0,0,0,0.1228279366539137,-0.0105429329163055,0.2236409108971352,0.0,0.0,0.0
image_2006.png,surface,0.0,0.0,1.415066562797631,12.092465537503983,2.125027367203068,0.0,1.0331298825477246,0.6331740231343376,0.0,0.0,0.0,-4.718170515265983,0,0,0,0,0,0,0.3127993769879772,0.1061655411303538,0.6702461325466079,0.0,0.0,0.0
image_2008.png,surface,0.0,0.0,0.8013102576954108,15.94736383728972,-8.14628986959198,0.0,1.3617714302311004,4.5342020250725845,0.0,0.0,0.0,2.6506721171542846,0,0,0,0,0,0,0.0286868654332986,0.1742179550305894,0.5529754731263751,0.0,0.0,0.0
image_2009.png,surface,0.0,0.0,2.636405739615957,16.32990966235229,12.810234349498923,0.0,-3.189746792481567,-1.1292614290341367,0.0,0.0,0.0,-4.153085777172667,0,0,0,0,0,0,-1.4451601047940412,0.1469497963956683,4.015866373286896,0.0,0.0,0.0
image_2010.png,surface,0.0,0.0,2.1703694702705203,-8.106951738882925,-18.250627535371308,0.0,-0.5797609146296133,-3.3685019927284583,0.0,0.0,0.0,-1.1312792785088357,0,0,0,0,0,0,0.491734071088863,-0.9953648721968366,2.685956313098616,0.0,0.0,0.0
image_2011.png,surface,0.0,0.0,0.5644779087239213,18.561337361730924,-12.09938286593908,0.0,-3.2387509524512783,1.9544197004239992,0.0,0.0,0.0,4.280269328549197,0,0,0,0,0,0,-0.1849438767403925,0.1208583184264288,0.5375454170189471,0.0,0.0,0.0
image_2013.png,surface,0.0,0.0,0.8845079673754295,6.307090711440392,-24.140417097985985,0.0,-1.596295641202221,-2.0299300087675007,0.0,0.0,0.0,2.2900416999340187,0,0,0,0,0,0,-0.1594156939886935,-0.2611287216316118,0.6687723500529897,0.0,0.0,0.0
image_2014.png,surface,0.0,0.0,1.778050341866657,-6.657646839260318,-5.385015265647425,0.0,-3.008963892089544,-0.2406287781948048,0.0,0.0,0.0,1.7811397593564564,0,0,0,0,0,0,-0.3040622065350442,-0.0044550262636492,0.7261158870774121,0.0,0.0,0.0
image_2015.png,surface,0.0,0.0,2.428131398432374,-12.75515715072203,-21.591315320001897,0.0,0.0358880839241429,-1.0907921266443783,0.0,0.0,0.0,-2.190899908506667,0,0,0,0,0,0,1.2777141582544147,-1.2747227055315438,4.581128949702867,0.0,0.0,0.0
image_2016.png,surface,0.0,0.0,1.532634040162652,1.0229609362305705,8.616245157791903,0.0,0.5380103726744001,-3.835727885965103,0.0,0.0,0.0,-2.7828359056666496,0,0,0,0,0,0,0.1130026148555969,-0.276192751116324,0.5279234037386418,0.0,0.0,0.0
image_2017.png,surface,0.0,0.0,1.992162221714749,-14.79641419237138,12.610982755800586,0.0,1.8692262920572955,-1.7297346987817648,0.0,0.0,0.0,-2.7893397676218115,0,0,0,0,0,0,0.3782452123803294,-0.4055489692165642,1.197056383901813,0.0,0.0,0.0
image_2018.png,surface,0.0,0.0,1.8660973226479924,5.31425888728904,-21.400550839849583,0.0,-2.2613699334406587,1.552541793008059,0.0,0.0,0.0,-2.551776969434526,0,0,0,0,0,0,-0.5353042597140208,0.5447307854957425,1.508855167460772,0.0,0.0,0.0
image_2020.png,surface,0.0,0.0,1.6952928362766444,-5.74483531943955,16.55946994184124,0.0,-0.1425836907514387,-1.8162589203047703,0.0,0.0,0.0,2.716063352218847,0,0,0,0,0,0,0.0146763461527369,-0.4400942999897768,0.9106066592330878,0.0,0.0,0.0
image_2022.png,surface,0.0,0.0,1.1040356737823969,-7.084964464867294,19.34911718358113,0.0,4.2440146405733685,1.3930196952631797,0.0,0.0,0.0,2.275892806335646,0,0,0,0,0,0,0.2279113969281067,0.0030958657086376,0.452461274057827,0.0,0.0,0.0
image_2023.png,surface,0.0,0.0,2.735123366542374,-2.691064736921084,12.62449500762274,0.0,-1.642015351139852,-0.6790802010918952,0.0,0.0,0.0,-3.892094560140713,0,0,0,0,0,0,-0.7596034507424514,-0.3873796354082485,2.8228394447028635,0.0,0.0,0.0
image_2025.png,surface,0.0,0.0,2.957164596391341,-16.478561435418936,0.7689215504263014,0.0,-2.216012172513966,-4.413446150011285,0.0,0.0,0.0,-3.3450440180520147,0,0,0,0,0,0,-0.2120182997255316,-1.973727652636072,5.18436152236352,0.0,0.0,0.0
image_2026.png,surface,0.0,0.0,0.6353251906109743,-20.252642774831067,-0.6149621168327158,0.0,-0.8182787922413075,-4.42606898154764,0.0,0.0,0.0,1.7734652270180191,0,0,0,0,0,0,0.051009947858595,-0.1054057326256424,0.3076956391165003,0.0,0.0,0.0
image_2027.png,surface,0.0,0.0,1.2914302613007838,-13.706897419453613,15.253603788843742,0.0,-3.764170606340415,-2.2038565457600554,0.0,0.0,0.0,-3.4659408809464853,0,0,0,0,0,0,-0.1673066936052166,-0.0964154518711384,0.6236455766991519,0.0,0.0,0.0
image_2028.png,surface,0.0,0.0,2.8982192263263293,-10.244592418251292,20.45490658479704,0.0,2.8947844886108896,-1.547469381216886,0.0,0.0,0.0,0.9419635666195418,0,0,0,0,0,0,0.8659363827013447,-0.7161769339315047,2.795654856706938,0.0,0.0,0.0
image_2029.png,surface,0.0,0.0,1.598447027266678,-21.0357181637614,2.437679892374718,0.0,-0.8018337202373281,0.401356501870143,0.0,0.0,0.0,-3.667718187599653,0,0,0,0,0,0,-0.2494567935667025,0.0703931904116446,0.8383332589475562,0.0,0.0,0.0
image_2030.png,surface,0.0,0.0,2.0108436158320995,-3.4067988031828293,-3.9893561686798407,0.0,0.1869001582190011,2.5276081859413484,0.0,0.0,0.0,1.985284113554432,0,0,0,0,0,0,0.0064794466475115,0.3474605865147588,0.863579599663993,0.0,0.0,0.0
image_2031.png,surface,0.0,0.0,1.924353598158096,-10.978079495240488,-9.393064672281504,0.0,-3.5803724864968944,1.6580259444122818,0.0,0.0,0.0,-1.5411578607039154,0,0,0,0,0,0,-0.3642255617598065,0.1660535530855543,0.9885697531454966,0.0,0.0,0.0
image_2032.png,surface,0.0,0.0,0.8517235080053643,22.26831502825526,9.642562016221468,0.0,0.5636851683283454,-1.9734714152662656,0.0,0.0,0.0,0.4066377102577334,0,0,0,0,0,0,0.1576183419063186,-0.2192354291078674,0.6388277693871988,0.0,0.0,0.0
image_2033.png,surface,0.0,0.0,2.3277607463206103,3.1556046190590865,-11.174692274265894,0.0,-1.7592082682608334,3.017585439182862,0.0,0.0,0.0,3.4123927166750523,0,0,0,0,0,0,-0.3038795797358187,0.5909831450309879,1.6189601177567303,0.0,0.0,0.0
image_2035.png,surface,0.0,0.0,1.844907228729768,-12.92802651010548,-10.557569344458788,0.0,-2.652479561269069,-2.5866628023583726,0.0,0.0,0.0,-1.450049912190404,0,0,0,0,0,0,-0.2387731258120267,-0.5162827999901514,1.360311290126716,0.0,0.0,0.0
image_2036.png,surface,0.0,0.0,1.8815944605453303,-11.189960288050097,0.7172539323674785,0.0,-1.4380575731439205,2.978296245951742,0.0,0.0,0.0,-0.408667123127973,0,0,0,0,0,0,-0.1211158104111773,0.240491190009855,0.7811817602480596,0.0,0.0,0.0
image_2037.png,surface,0.0,0.0,1.0046211260061406,-2.7344456420653924,-1.931986026189829,0.0,-2.677913615055161,1.6653753529310165,0.0,0.0,0.0,3.733087444593563,0,0,0,0,0,0,-0.0941327008256505,0.0544796855800499,0.2689664215872333,0.0,0.0,0.0
image_2038.png,surface,0.0,0.0,2.376060563837823,-16.54260576360907,-6.17029113508323,0.0,1.4218005924791697,-1.1648344476871673,0.0,0.0,0.0,-2.272400300823306,0,0,0,0,0,0,0.8014234658750347,-0.9986715336397004,2.6918737731108706,0.0,0.0,0.0
image_2039.png,surface,0.0,0.0,2.7404420406256333,8.25202947515452,5.123345618204327,0.0,1.1088140484645217,3.000801683542037,0.0,0.0,0.0,4.57292860576834,0,0,0,0,0,0,0.251168919809439,1.04868832744363,2.751354294751038,0.0,0.0,0.0
image_2041.png,surface,0.0,0.0,0.5670423403490776,-18.54415246476642,0.0548610373663418,0.0,2.257663755271256,1.1002276673324405,0.0,0.0,0.0,-1.4722857909221867,0,0,0,0,0,0,0.1303612921219542,-0.0015337749318707,0.2267939122319671,0.0,0.0,0.0
image_2042.png,surface,0.0,0.0,1.2743122670372693,5.950290523183524,10.740655163215084,0.0,-0.0483778892349633,3.338334919759862,0.0,0.0,0.0,1.3376689904239027,0,0,0,0,0,0,-0.0070379802751419,0.145571758610726,0.4830757558570809,0.0,0.0,0.0
image_2043.png,surface,0.0,0.0,2.812059533566282,10.503422471393492,-14.358031750286877,0.0,2.072311995902991,-3.847934959711728,0.0,0.0,0.0,3.3775667402004768,0,0,0,0,0,0,1.3443729399716209,-0.9133024074830192,3.846211678233644,0.0,0.0,0.0
image_2045.png,surface,0.0,0.0,1.1800629839599048,10.537546744848012,15.512965323227457,0.0,0.6185531233368536,1.9772740924056105,0.0,0.0,0.0,-1.3939071308955842,0,0,0,0,0,0,0.0713728359722072,0.2062431756080512,0.5903447913547127,0.0,0.0,0.0
image_2046.png,surface,0.0,0.0,1.8334713858345224,20.993631265429165,11.81407558508848,0.0,1.3103791376779712,1.6302244485116406,0.0,0.0,0.0,-2.751305667946028,0,0,0,0,0,0,0.3763550250083481,0.6364741229590282,2.131367494742484,0.0,0.0,0.0
image_2047.png,surface,0.0,0.0,2.350492848436441,-6.682746403959147,15.21452152088867,0.0,-2.879087966220072,-0.1896789877649164,0.0,0.0,0.0,-1.6452141792799702,0,0,0,0,0,0,-0.7442201866877142,-0.1031829388013005,1.98023779903326,0.0,0.0,0.0
image_2048.png,surface,0.0,0.0,1.070141051393727,11.671794426884926,-22.193561785651383,0.0,3.873887131880887,2.362030619018724,0.0,0.0,0.0,0.5197519331158187,0,0,0,0,0,0,0.5404117225323526,0.0887198344693826,1.5509651527102484,0.0,0.0,0.0
image_2049.png,surface,0.0,0.0,1.2508604695340986,-17.90206224572753,-10.200501624322955,0.0,-1.5610052158835075,-3.736546741971101,0.0,0.0,0.0,-0.5241479844271097,0,0,0,0,0,0,0.0130235736197487,-0.3414607736017788,0.839690925244707,0.0,0.0,0.0
image_2052.png,surface,0.0,0.0,1.7608651241658997,-2.492015551665922,3.2490953502102937,0.0,0.2772318464656561,-4.689589853447646,0.0,0.0,0.0,3.4845394742209983,0,0,0,0,0,0,0.1156598347843238,-0.333318395091663,0.7058625428090509,0.0,0.0,0.0
image_2053.png,surface,0.0,0.0,2.7480674267517404,21.014661310110043,-12.17365134872213,0.0,-1.3758826037124752,4.039710053461067,0.0,0.0,0.0,-4.520403917456035,0,0,0,0,0,0,0.4105564588332519,2.558519066249787,7.680727999178914,0.0,0.0,0.0
image_2054.png,surface,0.0,0.0,2.4268859510946488,0.5057830565462625,-17.66138001133811,0.0,-2.9281612439484643,1.3858921729703155,0.0,0.0,0.0,-2.870622345836218,0,0,0,0,0,0,-0.7574332356116585,0.4724309948610954,1.7651772051538934,0.0,0.0,0.0
image_2055.png,surface,0.0,0.0,2.288362626509904,-15.596150999782717,-18.43726908070812,0.0,2.7635076198268664,-1.2023298811909022,0.0,0.0,0.0,-3.162561479198498,0,0,0,0,0,0,1.3189878148793144,-0.9354013513219124,3.945569181345078,0.0,0.0,0.0
image_2056.png,surface,0.0,0.0,1.9316743953932505,17.567722173820496,-10.41085624418757,0.0,2.755890159442352,-1.8477771637865017,0.0,0.0,0.0,-4.098900629673965,0,0,0,0,0,0,0.8476737027788215,-0.315768863666073,2.071116586798833,0.0,0.0,0.0
image_2057.png,surface,0.0,0.0,1.3214505064214022,18.508424251288947,-1.268865331144757,0.0,3.52687226183273,-0.2978516195661803,0.0,0.0,0.0,0.4600661235822345,0,0,0,0,0,0,0.4035709837628869,-0.0678510567809747,1.0051453401911463,0.0,0.0,0.0
image_2058.png,surface,0.0,0.0,0.6751923507708006,8.504522726120118,-1.4430506157229537,0.0,-0.5457410321163735,-3.2467262263759054,0.0,0.0,0.0,-2.351979215880963,0,0,0,0,0,0,0.0404358561834546,-0.1204036918055972,0.2441890116642196,0.0,0.0,0.0
image_2059.png,surface,0.0,0.0,1.147019012517957,-6.153840794745353,15.65547958599113,0.0,1.3797331006607632,-2.3690065847392225,0.0,0.0,0.0,2.079387194741257,0,0,0,0,0,0,0.1423613947210448,-0.169677981232252,0.4090315835754289,0.0,0.0,0.0
image_2060.png,surface,0.0,0.0,0.9867181475603938,14.63267333154727,18.61647944836817,0.0,-4.913758145787664,0.4471763346959911,0.0,0.0,0.0,-3.778044031159285,0,0,0,0,0,0,-0.2658505925771533,0.0291464430130274,0.7866481534971167,0.0,0.0,0.0
image_2061.png,surface,0.0,0.0,1.0697431969491762,-17.182206729174553,-0.2624995145477068,0.0,-2.229822215054182,2.0753229224619862,0.0,0.0,0.0,0.7999178154349451,0,0,0,0,0,0,-0.1062043322544378,0.0844567267100289,0.4066802305969743,0.0,0.0,0.0
image_2062.png,surface,0.0,0.0,1.0669372029492,-2.9098055718816744,-14.608926943644027,0.0,-0.0575610767722144,0.4102276338784181,0.0,0.0,0.0,0.7193532366685247,0,0,0,0,0,0,0.0549516429418727,0.1393422727335894,0.4970320294708905,0.0,0.0,0.0
image_2064.png,surface,0.0,0.0,1.451787199169796,-2.3630476448897,-1.9857692289272304,0.0,-2.899502299259239,-1.1614956014999658,0.0,0.0,0.0,4.856264944219301,0,0,0,0,0,0,-0.1854461004382619,-0.0638003178583416,0.4482542949396805,0.0,0.0,0.0
image_2065.png,surface,0.0,0.0,1.3426169066122495,-20.45432056803843,6.906766391178791,0.0,1.1525030541347776,1.2919223217623317,0.0,0.0,0.0,-1.318564831297694,0,0,0,0,0,0,0.1980701779347055,0.1720628046134992,0.5698949427538694,0.0,0.0,0.0
image_2066.png,surface,0.0,0.0,2.70309392872103,-7.070145314405431,-20.78106937180088,0.0,-2.137344043461172,-0.6768168734836575,0.0,0.0,0.0,-0.4729272425320587,0,0,0,0,0,0,-0.257492372732612,-0.4751210001262226,3.149309063084659,0.0,0.0,0.0
image_2067.png,surface,0.0,0.0,1.006843536437912,9.31969559848532,21.985085134670133,0.0,-0.9495051539772088,-3.3986959197674977,0.0,0.0,0.0,-4.3387327114441385,0,0,0,0,0,0,0.0283642247546674,-0.2590679573641751,0.5518746022637179,0.0,0.0,0.0
image_2068.png,surface,0.0,0.0,0.9091341804843318,19.19205423858444,-16.135886511212508,0.0,3.2050975775686394,0.1674088290067987,0.0,0.0,0.0,1.3664007828556688,0,0,0,0,0,0,0.4938342792799534,-0.041926327676123,1.2086992656013973,0.0,0.0,0.0
image_2069.png,surface,0.0,0.0,0.6900072365915175,-8.214811573031174,-17.037325342727215,0.0,-0.8200572935144969,-3.0335377632547686,0.0,0.0,0.0,-0.5921653993884854,0,0,0,0,0,0,0.0453028603828067,-0.1869899741812138,0.4107934235564368,0.0,0.0,0.0
image_2070.png,surface,0.0,0.0,2.8121503886897705,-6.351665719094519,7.948702625782182,0.0,-1.984556688109521,2.8665190237360108,0.0,0.0,0.0,-3.508737552284207,0,0,0,0,0,0,-0.540597393111565,0.6769185880855901,2.096139627137451,0.0,0.0,0.0
image_2071.png,surface,0.0,0.0,0.9858657613537226,20.43620674807092,-12.281898885654089,0.0,-0.7067820294798938,-1.525447222059334,0.0,0.0,0.0,-3.1038854725959286,0,0,0,0,0,0,-0.0131833720690707,-0.3126100738576661,0.7495490287259431,0.0,0.0,0.0
image_2072.png,surface,0.0,0.0,1.9306699626326025,7.262004767109391,-1.1401645570532233,0.0,-1.4720973132244468,-3.370152892788112,0.0,0.0,0.0,3.758175357636233,0,0,0,0,0,0,-0.0763874635009331,-0.4260779567662193,0.879241888164355,0.0,0.0,0.0
image_2073.png,surface,0.0,0.0,1.4342945483417833,-9.031501675686949,-2.1148656767439022,0.0,-4.445121705139625,1.394363291560362,0.0,0.0,0.0,4.482712604830368,0,0,0,0,0,0,-0.1745889372243225,0.073105219111691,0.4568826215386822,0.0,0.0,0.0
image_2074.png,surface,0.0,0.0,1.888249376835038,-23.222819295396384,0.1559159678011684,0.0,-2.8631742515025103,-2.690528743007476,0.0,0.0,0.0,4.312948422733362,0,0,0,0,0,0,-0.2830981718739818,-0.6200886873791659,1.684161595076673,0.0,0.0,0.0
image_2075.png,surface,0.0,0.0,2.106415846800948,14.086747653053225,13.370052108666249,0.0,-4.092673323178538,-1.9136300653939,0.0,0.0,0.0,4.635091497953924,0,0,0,0,0,0,-0.7968730147943394,-0.15517240313299,2.0341045491750096,0.0,0.0,0.0
image_2076.png,surface,0.0,0.0,2.600192574442121,-18.77586605306625,-1.3321676778925582,0.0,-0.0123063826092206,-2.330704176455371,0.0,0.0,0.0,-4.125692202205653,0,0,0,0,0,0,0.324539236398172,-1.573426553340249,3.791047552896756,0.0,0.0,0.0
image_2077.png,surface,0.0,0.0,1.7681575823889333,-5.379087969642064,3.577094069030684,0.0,-1.304826080561189,-1.796342619036673,0.0,0.0,0.0,0.0038615675771049,0,0,0,0,0,0,-0.0698889932285023,-0.2817458029209435,0.749361456408573,0.0,0.0,0.0
image_2078.png,surface,0.0,0.0,1.3181017788484646,14.565961059792064,-2.936994083952652,0.0,3.5360522155576404,2.0620582833364063,0.0,0.0,0.0,3.8323510111581847,0,0,0,0,0,0,0.3165112666822301,0.0733380382808364,0.8020826756121017,0.0,0.0,0.0
image_2079.png,surface,0.0,0.0,0.9526998092671368,1.879981537287806,2.0898732785959915,0.0,4.570646618558974,0.4045489153075894,0.0,0.0,0.0,3.552697436138238,0,0,0,0,0,0,0.1555181337152287,-0.0247480484391703,0.2498161811853077,0.0,0.0,0.0
image_2080.png,surface,0.0,0.0,2.0170425535970526,-15.159162057964906,-19.973274605535785,0.0,-3.132627692810358,2.067325406276993,0.0,0.0,0.0,-4.632420785156068,0,0,0,0,0,0,-0.5069605804742658,0.3413616681446429,1.448068338610352,0.0,0.0,0.0
image_2081.png,surface,0.0,0.0,0.8300109708698316,-9.587619678547028,11.059796843068291,0.0,3.1726799926537708,2.284381425053599,0.0,0.0,0.0,3.4669890220954684,0,0,0,0,0,0,0.1342238489255675,0.0306880834573693,0.2304560384282306,0.0,0.0,0.0
image_2082.png,surface,0.0,0.0,2.6395178807665727,-21.09643883717182,-7.517895561827879,0.0,3.4273064286290134,-3.312480022181417,0.0,0.0,0.0,4.145354766139437,0,0,0,0,0,0,1.2533943561575889,-1.295987905048498,4.18644329890055,0.0,0.0,0.0
image_2083.png,surface,0.0,0.0,0.5694737199498614,5.767372251896364,20.111593084114304,0.0,0.1375033730177197,-0.8255142962075362,0.0,0.0,0.0,-2.345234087237783,0,0,0,0,0,0,0.0711902091729821,-0.1462544850932203,0.2735887394081271,0.0,0.0,0.0
image_2084.png,surface,0.0,0.0,2.613249605821429,5.8393341700188826,-17.902411255362665,0.0,0.2989503963830869,3.558700845649347,0.0,0.0,0.0,-2.756607441962543,0,0,0,0,0,0,0.5415911872773495,1.2432166087771774,3.857635725562964,0.0,0.0,0.0
image_2085.png,surface,0.0,0.0,1.0481165546679143,-0.117410247868756,20.454081291676403,0.0,-3.830415997477927,0.3246668582973862,0.0,0.0,0.0,1.210849684195714,0,0,0,0,0,0,-0.1423142161312449,0.0239552047820802,0.522318564255336,0.0,0.0,0.0
image_2086.png,surface,0.0,0.0,1.7196446100899188,7.26492434903925,-4.312446834579405,0.0,-3.603180805862592,0.7691786087593019,0.0,0.0,0.0,-2.939040615293367,0,0,0,0,0,0,-0.3278036904343226,0.1023932413491988,0.8009661737229973,0.0,0.0,0.0
image_2087.png,surface,0.0,0.0,2.3263017571818625,16.661465248932263,8.174208300956478,0.0,-1.54634647159467,-1.5868097737418032,0.0,0.0,0.0,-1.7286570221853197,0,0,0,0,0,0,-0.5947310201819083,-0.299458937005933,2.2040160396627537,0.0,0.0,0.0
image_2089.png,surface,0.0,0.0,1.5044494732315676,9.54575139664468,-16.32768230838776,0.0,4.124810363136337,-0.8144233967247984,0.0,0.0,0.0,-3.422372201995808,0,0,0,0,0,0,0.5940735637046973,-0.190867671829482,1.4011864242868413,0.0,0.0,0.0
image_2090.png,surface,0.0,0.0,1.748636897164253,2.185452274989786,-12.77350945508539,0.0,-1.2090438513845838,1.7008639827187302,0.0,0.0,0.0,0.9491099244342492,0,0,0,0,0,0,-0.1900117704188924,0.3474023817224724,0.9675750516227702,0.0,0.0,0.0
image_2091.png,surface,0.0,0.0,0.5739316453207575,2.6376918200834045,-7.639076432867409,0.0,-1.4238121584364003,-0.0994390020248321,0.0,0.0,0.0,3.551078250768628,0,0,0,0,0,0,-0.0641438585028755,-0.0028504617195383,0.1897930396270342,0.0,0.0,0.0
image_2092.png,surface,0.0,0.0,1.3600651480323696,6.061600584859937,-6.372610081612627,0.0,3.930736581228796,-2.316275488751503,0.0,0.0,0.0,3.571315215937528,0,0,0,0,0,0,0.2632679452581098,-0.1781868926235227,0.5697609625271767,0.0,0.0,0.0
image_2093.png,surface,0.0,0.0,1.153947119635139,9.147489177135968,0.5525164421136899,0.0,2.209793157109824,-0.5468305357767422,0.0,0.0,0.0,-4.353099171464994,0,0,0,0,0,0,0.2273178598306249,-0.0886474717546481,0.4237895055456165,0.0,0.0,0.0
image_2095.png,surface,0.0,0.0,1.2522334257990764,-17.652232165141562,-6.711154941843374,0.0,0.145679493759912,1.8657405790860784,0.0,0.0,0.0,-2.552563520257589,0,0,0,0,0,0,0.0022485924654606,0.2168962256989527,0.5142261585631045,0.0,0.0,0.0
image_2096.png,surface,0.0,0.0,0.8993495091252517,13.449617979124824,-13.33253355902879,0.0,2.7209370814942457,2.511739578227463,0.0,0.0,0.0,-4.888864794590231,0,0,0,0,0,0,0.2863991512699779,0.1129141508305852,0.7088279718265135,0.0,0.0,0.0
image_2098.png,surface,0.0,0.0,1.5731970858795548,-17.762039578808366,-14.325102826824464,0.0,3.684809848920872,-0.7758279230218104,0.0,0.0,0.0,-0.8196182302828747,0,0,0,0,0,0,0.5782398202118705,-0.2888735303222834,1.539496445305364,0.0,0.0,0.0
image_2099.png,surface,0.0,0.0,2.094506780108296,-0.5837961909456816,13.892326516400011,0.0,1.8405486911184168,0.4674543884019809,0.0,0.0,0.0,2.7156292062647687,0,0,0,0,0,0,0.4541251255684159,0.0733663541257325,1.0078763038118972,0.0,0.0,0.0
image_2100.png,surface,0.0,0.0,2.816902840492785,-3.396522717911349,-13.7971507243526,0.0,0.7092037894384837,-1.0924632185455072,0.0,0.0,0.0,1.56894087335679,0,0,0,0,0,0,1.1481069626242617,-0.7594970304175132,4.011909490591907,0.0,0.0,0.0
image_2101.png,surface,0.0,0.0,1.9311845371255831,2.715414474965535,-4.07575718662525,0.0,3.949648572159744,-2.396084604033721,0.0,0.0,0.0,-2.858430861170836,0,0,0,0,0,0,0.3849887069417209,-0.274226372998541,1.0070992184970793,0.0,0.0,0.0
image_2102.png,surface,0.0,0.0,0.8174979126248045,-15.970132237984666,0.889326922340592,0.0,2.2518159422570103,1.4121239592667008,0.0,0.0,0.0,-2.6451292030075937,0,0,0,0,0,0,0.1451236250593263,0.0215955510407405,0.2736713605479208,0.0,0.0,0.0
image_2103.png,surface,0.0,0.0,2.471453392143921,-15.900883480559571,1.7482336592059524,0.0,-0.5015270919846504,-4.405472245185406,0.0,0.0,0.0,3.140440228558628,0,0,0,0,0,0,0.1923630904589171,-1.120838673341325,2.781238584314817,0.0,0.0,0.0
image_2105.png,surface,0.0,0.0,1.511524351245774,-11.970646733347238,-4.89085844777606,0.0,-2.423358086647146,-1.3549675260380392,0.0,0.0,0.0,-4.516875051967664,0,0,0,0,0,0,-0.2327920981374009,-0.1593426978451844,0.6368850561001568,0.0,0.0,0.0
image_2106.png,surface,0.0,0.0,1.848484061753788,4.437593519674958,-8.958801058014137,0.0,-1.2856357086322965,3.211620486493629,0.0,0.0,0.0,-4.653207211893764,0,0,0,0,0,0,-0.1706989864008251,0.3846046826084334,0.9502603403265332,0.0,0.0,0.0
image_2108.png,surface,0.0,0.0,1.060611134674571,12.618328493253836,6.161602985874708,0.0,2.605501560612991,-4.059896282795131,0.0,0.0,0.0,0.1464261054595148,0,0,0,0,0,0,0.1726393961425932,-0.1845972852874956,0.4920524310454831,0.0,0.0,0.0
image_2109.png,surface,0.0,0.0,2.407304277019198,7.512592155991818,-13.238156951592517,0.0,1.7507712351508746,1.809589726976673,0.0,0.0,0.0,3.593645534544132,0,0,0,0,0,0,0.968161733567662,0.7315776073499819,3.220814310070488,0.0,0.0,0.0
image_2110.png,surface,0.0,0.0,2.361087565749148,-8.860153740536102,-8.188498810153828,0.0,3.948929403855953,-2.1273995479314203,0.0,0.0,0.0,-4.901696978489973,0,0,0,0,0,0,0.8201427127956195,-0.547106170262024,2.162249936995123,0.0,0.0,0.0
image_2112.png,surface,0.0,0.0,1.6391012263846427,13.33702235045756,7.879723819491751,0.0,0.4250227490960037,-2.369663400707714,0.0,0.0,0.0,-4.949210466436843,0,0,0,0,0,0,0.2152066592620053,-0.3855516903099574,0.7781158460605782,0.0,0.0,0.0
image_2113.png,surface,0.0,0.0,1.6620150816966504,18.7428254451928,7.979654112405278,0.0,1.51962440272606,3.2915404121103062,0.0,0.0,0.0,1.658224950032969,0,0,0,0,0,0,0.1502676132375034,0.5520740279387912,1.6297187299601448,0.0,0.0,0.0
image_2114.png,surface,0.0,0.0,1.246109621069051,17.239433487644675,-10.37567567574312,0.0,2.429718424330018,-0.8467836174212336,0.0,0.0,0.0,-2.2787758408356584,0,0,0,0,0,0,0.4677627818005593,-0.1166329651269365,1.1201517337802749,0.0,0.0,0.0
image_2116.png,surface,0.0,0.0,2.62242849205503,-6.239740850503908,-24.151860318165497,0.0,0.6301168559285172,-0.3154747991029059,0.0,0.0,0.0,3.05181745863789,0,0,0,0,0,0,1.7730969606027982,-0.6135288499782413,5.399547164454464,0.0,0.0,0.0
image_2117.png,surface,0.0,0.0,2.6484355560344968,17.087810020076663,18.236251866505576,0.0,2.127285631761197,-0.6353242820965272,0.0,0.0,0.0,-0.3380467649905263,0,0,0,0,0,0,0.791881215615516,0.117900885737283,2.9585882103877807,0.0,0.0,0.0
image_2118.png,surface,0.0,0.0,0.5383621948725992,23.481806258395327,-5.619678867773482,0.0,-2.054774972229091,3.2506458368165574,0.0,0.0,0.0,-1.7936792803643864,0,0,0,0,0,0,-0.1365934316455148,0.1658270263263857,0.6648199333655583,0.0,0.0,0.0
image_2119.png,surface,0.0,0.0,2.299015867162132,13.941314673583449,-13.23692377524818,0.0,3.4493246323804487,1.579297480287576,0.0,0.0,0.0,2.399799265431984,0,0,0,0,0,0,1.320343818863562,0.4293909106190602,3.951555864474458,0.0,0.0,0.0
image_2121.png,surface,0.0,0.0,2.798368359242793,-10.506525931277318,-3.902059119368957,0.0,-3.435181569999065,-2.753712953194482,0.0,0.0,0.0,3.642883695427349,0,0,0,0,0,0,-0.6962989145710157,-0.91474651557272,2.8819917147876355,0.0,0.0,0.0
image_2122.png,surface,0.0,0.0,1.1053003829326633,-24.710557995857226,-0.8354510121563099,0.0,-1.1714765722541487,-1.2120846753038896,0.0,0.0,0.0,-4.559903140009971,0,0,0,0,0,0,-0.128101285481542,-0.2239122628232027,0.697444118565201,0.0,0.0,0.0
image_2123.png,surface,0.0,0.0,1.338507847624523,8.549231259079093,11.444774188225256,0.0,-1.2611134985962875,3.450263918635855,0.0,0.0,0.0,-2.3428665226618497,0,0,0,0,0,0,-0.0799791238856959,0.1881351927970109,0.5901929470977941,0.0,0.0,0.0
image_2124.png,surface,0.0,0.0,2.368340236242428,-2.989137789401616,14.208341175755953,0.0,3.195972881127386,-2.20671275570881,0.0,0.0,0.0,4.116825036863464,0,0,0,0,0,0,0.5255200289455293,-0.3916112811177176,1.3744462040427827,0.0,0.0,0.0
image_2125.png,surface,0.0,0.0,0.6852484001719126,-13.882690171303446,11.755525774164148,0.0,-2.839215071825478,0.6871320412211636,0.0,0.0,0.0,-4.235325022874386,0,0,0,0,0,0,-0.0604837130684033,0.0077679801164901,0.2254987700406055,0.0,0.0,0.0
image_2126.png,surface,0.0,0.0,2.2700976170389,0.2962786646747474,-1.3361496784034912,0.0,-2.87861644958041,3.014017187780124,0.0,0.0,0.0,-2.295832163973878,0,0,0,0,0,0,-0.3469795043529711,0.3317264153675058,1.1531331995844298,0.0,0.0,0.0
image_2129.png,surface,0.0,0.0,2.281923297059931,10.114668809821817,13.226993674492876,0.0,-1.7273721493924483,-1.1155536743272307,0.0,0.0,0.0,1.005402053765665,0,0,0,0,0,0,-0.7707193352552936,-0.2106887632567352,2.31648350795606,0.0,0.0,0.0
image_2130.png,surface,0.0,0.0,2.75731176059219,6.861496542585068,2.4634918612904464,0.0,2.655483956615134,-0.3078929071139333,0.0,0.0,0.0,4.070336761049102,0,0,0,0,0,0,1.0163523802132186,-0.0452298429139985,2.230445872381643,0.0,0.0,0.0
image_2133.png,surface,0.0,0.0,0.831113755167858,2.832234113368465,-17.83085783381189,0.0,-2.066248011090676,-3.797473841221583,0.0,0.0,0.0,-0.6125799978940281,0,0,0,0,0,0,-0.0247801738198723,-0.2315952954050047,0.4451727497257516,0.0,0.0,0.0
image_2134.png,surface,0.0,0.0,2.7308480837053173,-2.3799224293208887,19.638352812354498,0.0,-0.2467726582134786,-2.189486541330929,0.0,0.0,0.0,4.613980773474351,0,0,0,0,0,0,-0.3926362041592769,-1.0066314322604866,3.156954868021248,0.0,0.0,0.0
image_2135.png,surface,0.0,0.0,1.724295198571277,-24.031443067769533,5.322356996571867,0.0,-2.3651808963851444,1.879968622377282,0.0,0.0,0.0,-4.825176050885594,0,0,0,0,0,0,-0.3309540027209579,0.2265141743486531,0.96849728218317,0.0,0.0,0.0
image_2136.png,surface,0.0,0.0,1.5196938231273778,4.47153987839659,-6.718204978113161,0.0,0.7364910354194425,-3.9678962605606767,0.0,0.0,0.0,-2.511045131745581,0,0,0,0,0,0,0.1501915187378263,-0.2618932494438057,0.6167210319829243,0.0,0.0,0.0
image_2137.png,surface,0.0,0.0,1.8693829464234648,-0.8631975972418701,8.083260505923572,0.0,2.0281952122298166,-3.721273133090722,0.0,0.0,0.0,-2.5939966591287944,0,0,0,0,0,0,0.2431029028436582,-0.3168621698995599,0.8064370329796101,0.0,0.0,0.0
image_2138.png,surface,0.0,0.0,1.0338690642188997,0.4827648834579526,-1.001205363712394,0.0,-1.1878872234821325,3.8881485162829534,0.0,0.0,0.0,3.222980991475673,0,0,0,0,0,0,-0.0289471086221945,0.0819554937442089,0.2830030833370586,0.0,0.0,0.0
image_2139.png,surface,0.0,0.0,1.3404778945015026,2.5167218445374844,12.876622991827876,0.0,0.5412028276478584,-3.5228615249030635,0.0,0.0,0.0,1.3483717521441123,0,0,0,0,0,0,0.1092618092514667,-0.2227922138473133,0.5226669128447363,0.0,0.0,0.0
image_2140.png,surface,0.0,0.0,2.338763857609946,-22.09556380371724,-3.457439350815201,0.0,-0.7567326549772224,3.797990813257576,0.0,0.0,0.0,-3.462290542844661,0,0,0,0,0,0,-0.2108677508904129,0.5616259062837341,1.5087278862454143,0.0,0.0,0.0
image_2141.png,surface,0.0,0.0,1.9086859551676625,-16.822372704785028,11.679956550279169,0.0,-4.572861802365689,-0.5180117974573233,0.0,0.0,0.0,2.2570760721459457,0,0,0,0,0,0,-0.4602933457122473,-0.0126902178209246,1.2259961128674088,0.0,0.0,0.0
image_2142.png,surface,0.0,0.0,2.405697138009552,2.472525445127204,-22.45476471939384,0.0,1.2128214202352638,3.815221130853088,0.0,0.0,0.0,-2.8880344820003776,0,0,0,0,0,0,0.7855897223822079,1.026377014768017,3.7565096834591865,0.0,0.0,0.0
image_2143.png,surface,0.0,0.0,2.4049115051049403,-23.97809563107536,-6.546757716657197,0.0,-0.7380347532706518,-0.1059339388743197,0.0,0.0,0.0,0.9148209308283644,0,0,0,0,0,0,-0.0020096557364741,-0.8617549849522074,2.910804162537872,0.0,0.0,0.0
image_2144.png,surface,0.0,0.0,2.383948496227392,-18.08414933629003,16.184015447485095,0.0,-1.813024168713575,0.4101250701061709,0.0,0.0,0.0,-1.9057030420213428,0,0,0,0,0,0,-0.8630371822636435,-0.1704299242244923,2.428859423094456,0.0,0.0,0.0
image_2145.png,surface,0.0,0.0,0.8604715466312208,-20.21037975129177,5.201975119074983,0.0,1.1867684401173917,3.3692452349759017,0.0,0.0,0.0,3.5360843142144365,0,0,0,0,0,0,0.0699574782782118,0.1344326198491087,0.3369703186488278,0.0,0.0,0.0
image_2146.png,surface,0.0,0.0,2.1255036278719373,3.667071808752264,0.7966686918464805,0.0,1.935250971171348,2.8497493826404807,0.0,0.0,0.0,2.6785679623193728,0,0,0,0,0,0,0.2464662797293895,0.373703082323444,1.0853124088326491,0.0,0.0,0.0
image_2147.png,surface,0.0,0.0,1.700449812670896,-6.248671776161562,-0.7240448465542341,0.0,4.406562224825891,-1.9731290335542304,0.0,0.0,0.0,-1.5290366436817229,0,0,0,0,0,0,0.2861784772209141,-0.1542458457638905,0.6467526997960644,0.0,0.0,0.0
image_2148.png,surface,0.0,0.0,0.6552273808120512,21.496010843237027,-12.836729844628158,0.0,-4.493278059175776,1.148927771478575,0.0,0.0,0.0,-3.684010487676383,0,0,0,0,0,0,-0.2769375611801178,0.1089829676975133,0.77287498619312,0.0,0.0,0.0
image_2149.png,surface,0.0,0.0,2.5876344562796096,4.096287994664682,-15.609999147800725,0.0,-1.855004162210077,-2.7634946802735065,0.0,0.0,0.0,-3.616275007753158,0,0,0,0,0,0,-0.2120822191052606,-0.9161780388424664,2.1532866598293907,0.0,0.0,0.0
image_2150.png,surface,0.0,0.0,1.0492879366306078,-11.02780544705908,19.67547872301868,0.0,-4.56401353616992,-1.179728373970247,0.0,0.0,0.0,-3.601696343307977,0,0,0,0,0,0,-0.1596044083478928,-0.0384623559838363,0.5447513202112299,0.0,0.0,0.0
image_2151.png,surface,0.0,0.0,0.5323506931573978,-0.7446285130873238,18.30668059402098,0.0,-3.5342340894512168,3.441212002408474,0.0,0.0,0.0,-1.3604582468359006,0,0,0,0,0,0,-0.0362247865713196,0.0299487252850829,0.2360162178359726,0.0,0.0,0.0
image_2152.png,surface,0.0,0.0,2.108592216142404,23.452229419994065,-5.855911306458986,0.0,-4.681425714873496,-0.1897746980943513,0.0,0.0,0.0,-4.026094231169633,0,0,0,0,0,0,-0.9092143684477416,0.2466011200974307,2.457763423999602,0.0,0.0,0.0
image_2153.png,surface,0.0,0.0,0.9302632805859994,-7.538581392390784,20.101740604687187,0.0,-1.1719076521397505,-1.7252108414546323,0.0,0.0,0.0,4.964567188556401,0,0,0,0,0,0,-0.0166091464445371,-0.1812402845648163,0.4097215817428962,0.0,0.0,0.0
image_2154.png,surface,0.0,0.0,0.6542666820772669,-7.9084760446798,-17.30392015157963,0.0,4.07349238940849,-1.1609041259776172,0.0,0.0,0.0,-0.3638929419175243,0,0,0,0,0,0,0.177090924373708,-0.0930836207883668,0.4383330591530951,0.0,0.0,0.0
image_2155.png,surface,0.0,0.0,2.834427341824371,4.251839818041348,15.304047758112256,0.0,-1.9395870703411564,-0.5002750078147772,0.0,0.0,0.0,-2.6995561485637696,0,0,0,0,0,0,-1.0858738370082803,-0.1751995709869867,3.752729208062676,0.0,0.0,0.0
image_2156.png,surface,0.0,0.0,0.8711964969768469,2.3371988326333324,16.903513717925673,0.0,-0.7103215238214846,-3.79347655430332,0.0,0.0,0.0,4.278873779733306,0,0,0,0,0,0,0.0333408050335547,-0.1702851987950235,0.3372382791022127,0.0,0.0,0.0
image_2157.png,surface,0.0,0.0,1.8001233290981098,-1.834227274022172,3.301426446936296,0.0,2.6268095346254703,3.800951532450577,0.0,0.0,0.0,2.921090238838387,0,0,0,0,0,0,0.1646951303762961,0.2197262370860661,0.620945875131297,0.0,0.0,0.0
image_2158.png,surface,0.0,0.0,1.418248228771679,-11.039389561642365,2.833187865152904,0.0,3.1621459734316963,-0.0861186183460883,0.0,0.0,0.0,-4.835863351240372,0,0,0,0,0,0,0.2498524849650238,-0.0619456300176486,0.4497816695239757,0.0,0.0,0.0
image_2159.png,surface,0.0,0.0,0.6118514945808422,-24.514062986877978,-0.931572512574902,0.0,-3.444738014908383,-2.3343769131085783,0.0,0.0,0.0,-2.9869293526088225,0,0,0,0,0,0,-0.0915302689366912,-0.0727670020754323,0.3565850238366211,0.0,0.0,0.0
image_2160.png,surface,0.0,0.0,1.2858844219046208,3.376203468912699,15.27171947368456,0.0,4.21620195820263,0.1079811570523937,0.0,0.0,0.0,4.363500128834124,0,0,0,0,0,0,0.2609394535679882,-0.0619047293527987,0.4656181323190378,0.0,0.0,0.0
image_2161.png,surface,0.0,0.0,1.3761759666387283,-6.341288305954864,-4.24262970056046,0.0,3.194849961456235,-2.341174986883656,0.0,0.0,0.0,-1.1354819632352475,0,0,0,0,0,0,0.2073384879953854,-0.1539485293924819,0.494593589345086,0.0,0.0,0.0
image_2162.png,surface,0.0,0.0,1.733594217446547,-11.293559585299407,-10.853539714908893,0.0,-0.3143094894162027,0.4589315538534201,0.0,0.0,0.0,-2.7164817612311154,0,0,0,0,0,0,0.0082296201400866,0.0513507847190336,0.9612779809682188,0.0,0.0,0.0
image_2163.png,surface,0.0,0.0,2.2668364362515083,-0.5265147309872558,8.827458607910069,0.0,-2.3563713284478007,3.5851489162684724,0.0,0.0,0.0,-4.905042261702432,0,0,0,0,0,0,-0.3340723553177284,0.4737870092111187,1.2888819652693466,0.0,0.0,0.0
image_2164.png,surface,0.0,0.0,2.999944879451807,-17.013103794674286,16.002115961023723,0.0,-1.9367820171563543,-0.140572090068809,0.0,0.0,0.0,0.0533707852574565,0,0,0,0,0,0,-1.2286103776127326,-1.0560048271442772,5.09064235379206,0.0,0.0,0.0
image_2165.png,surface,0.0,0.0,1.7964281751216211,22.96519407594189,-4.933816047963792,0.0,1.4483789060744328,-2.377457210354107,0.0,0.0,0.0,3.597203940186036,0,0,0,0,0,0,0.5746466379371142,-0.4630930584553667,1.5489241872569643,0.0,0.0,0.0
image_2166.png,surface,0.0,0.0,2.856882792524548,-14.653807020434508,18.900525305113018,0.0,-3.292641504724767,-0.2890507752378184,0.0,0.0,0.0,1.1498321154623978,0,0,0,0,0,0,-1.370242026081873,-0.5048431986521371,4.2787623741030645,0.0,0.0,0.0
image_2167.png,surface,0.0,0.0,1.818627433537015,2.0072178518148625,-3.0851875449007182,0.0,-2.4010516141929785,2.4852198249818898,0.0,0.0,0.0,-3.4584566652845536,0,0,0,0,0,0,-0.224299951973428,0.2409961559105017,0.7346794565668454,0.0,0.0,0.0
image_2168.png,surface,0.0,0.0,1.9842057939569628,-18.64096965006906,-13.339390346550498,0.0,2.961342813050939,-2.510193619193452,0.0,0.0,0.0,0.7022728761091379,0,0,0,0,0,0,0.7276118011881737,-0.7055553458904881,2.413614706300619,0.0,0.0,0.0
image_2169.png,surface,0.0,0.0,0.8476675728726286,7.928401980403176,-13.224628258247858,0.0,2.288137478255087,3.34066042583773,0.0,0.0,0.0,3.848408908417332,0,0,0,0,0,0,0.1009583774466933,0.1404623217094786,0.4448244011363508,0.0,0.0,0.0
image_2170.png,surface,0.0,0.0,1.927064493492932,-9.29629217945176,-4.761839770488374,0.0,-0.0500718428215186,0.3200192604746231,0.0,0.0,0.0,1.5319480244911563,0,0,0,0,0,0,0.0921055433542507,0.0794070677035621,0.9201348863547072,0.0,0.0,0.0
image_2171.png,surface,0.0,0.0,1.1514050440808172,-11.936610056311116,-1.4629841484433332,0.0,0.7814113791818681,-1.3270992354810744,0.0,0.0,0.0,1.9328430538696475,0,0,0,0,0,0,0.1426886010696567,-0.1748267456958551,0.4009079158303027,0.0,0.0,0.0
image_2172.png,surface,0.0,0.0,1.185121066980525,-16.60422718955152,-3.825265637755233,0.0,4.505888611867913,0.9682378786244374,0.0,0.0,0.0,1.192370921339294,0,0,0,0,0,0,0.2382298110843319,-0.0455601944377861,0.5069912263217055,0.0,0.0,0.0
image_2173.png,surface,0.0,0.0,1.5846941404140074,13.120743829553932,-2.868044564308139,0.0,0.4599811611376599,1.1005193730396443,0.0,0.0,0.0,-1.2422143197652744,0,0,0,0,0,0,0.2234857408268821,0.3547786593179,1.0634111077759696,0.0,0.0,0.0
image_2174.png,surface,0.0,0.0,2.1343456697352017,-10.980333084501243,20.64078080040067,0.0,-0.3191562511050916,-2.935521321554825,0.0,0.0,0.0,2.3377994076011586,0,0,0,0,0,0,-0.0247329952300724,-0.7898893706059671,1.9425893553326443,0.0,0.0,0.0
image_2175.png,surface,0.0,0.0,2.04332429904911,6.981261361871259,-5.261697953095624,0.0,-3.5307012546870453,3.044449750264564,0.0,0.0,0.0,-0.4659471817535827,0,0,0,0,0,0,-0.3448153767821521,0.2681793670107346,1.2136029418983447,0.0,0.0,0.0
image_2176.png,surface,0.0,0.0,1.2656891228637386,15.59384421650824,10.77634794479012,0.0,-3.635797968588664,2.358387895889187,0.0,0.0,0.0,2.9990749304384545,0,0,0,0,0,0,-0.2523179467545643,0.1827724863941929,0.8752492774089166,0.0,0.0,0.0
image_2177.png,surface,0.0,0.0,0.5718790548434078,-8.793807514039086,-11.091415387531192,0.0,-1.1013793480080272,0.1911415159253812,0.0,0.0,0.0,4.327706199513891,0,0,0,0,0,0,-0.0817140784783355,0.037084318198894,0.2067638683414273,0.0,0.0,0.0
image_2178.png,surface,0.0,0.0,1.1101164503091907,-1.3640955751097472,-8.40000654384795,0.0,3.587082976905359,1.5012298848617356,0.0,0.0,0.0,3.1718503827936324,0,0,0,0,0,0,0.1931849110554307,0.0087024029980606,0.3860517416938746,0.0,0.0,0.0
image_2179.png,surface,0.0,0.0,1.6320776195929485,6.224593449326868,9.927277695910766,0.0,3.145538634051348,-3.222341091712374,0.0,0.0,0.0,0.8928876538294164,0,0,0,0,0,0,0.252949531101885,-0.2320310447959052,0.6986276105676517,0.0,0.0,0.0
image_2180.png,surface,0.0,0.0,2.7737885674806706,11.932674253281736,-15.623058057467931,0.0,3.162589090063716,0.759065632221153,0.0,0.0,0.0,-3.6068660166872055,0,0,0,0,0,0,2.43643249885866,0.573376981915606,7.080396098426158,0.0,0.0,0.0
image_2181.png,surface,0.0,0.0,2.025907122567212,-21.99659726952512,-3.889743439577225,0.0,-3.08567669604468,0.7089783771205743,0.0,0.0,0.0,4.63909760854863,0,0,0,0,0,0,-0.4922058569868616,0.1535269379240292,1.28950274031969,0.0,0.0,0.0
image_2182.png,surface,0.0,0.0,2.693769811635645,-6.342031914983384,18.39489985803908,0.0,-0.0396283218117482,-1.2019849100757587,0.0,0.0,0.0,1.6571323383661092,0,0,0,0,0,0,-0.3404429868307019,-0.8346284055417675,2.933172161384197,0.0,0.0,0.0
image_2183.png,surface,0.0,0.0,1.9850686079004904,-5.165524500679449,-18.22519084458889,0.0,-4.755431104011659,-0.0033185196445666,0.0,0.0,0.0,-1.563519955235857,0,0,0,0,0,0,-0.5210563255944664,0.0177729119797702,1.246227127097988,0.0,0.0,0.0
image_2185.png,surface,0.0,0.0,1.321454521924193,16.502971264654498,-5.483804796880614,0.0,0.5786226849685208,-4.1819663881215146,0.0,0.0,0.0,1.6699006151300295,0,0,0,0,0,0,0.1463867937539675,-0.3214351788502763,0.7761575017470884,0.0,0.0,0.0
image_2186.png,surface,0.0,0.0,2.9252330298050944,-1.7820762844848492,13.78452916115356,0.0,2.694929090518874,1.1771981407658174,0.0,0.0,0.0,-3.8490758915849215,0,0,0,0,0,0,0.8076479959486277,0.2714356891737833,2.04227064399192,0.0,0.0,0.0
image_2187.png,surface,0.0,0.0,1.6956217738829982,-7.335213223060718,16.98982747409448,0.0,0.9239570011584654,-4.230913679630072,0.0,0.0,0.0,2.4505240172765284,0,0,0,0,0,0,0.1476195246487376,-0.3432352332152664,0.8362253033809258,0.0,0.0,0.0
image_2188.png,surface,0.0,0.0,1.3981167203171447,-20.048561932233145,-0.7620153574649169,0.0,-1.3912157388300517,4.145263499568002,0.0,0.0,0.0,1.8749878738996169,0,0,0,0,0,0,-0.0854579278624525,0.2399736392892546,0.5861132491950057,0.0,0.0,0.0
image_2189.png,surface,0.0,0.0,2.769320494209403,3.754656834492803,17.26566835309578,0.0,0.4034473819614482,4.089512272660075,0.0,0.0,0.0,4.9165162245821605,0,0,0,0,0,0,-0.1645262005870126,1.1695670962024842,2.767438620965483,0.0,0.0,0.0
image_2190.png,surface,0.0,0.0,2.5296608977837884,8.054313993238983,-5.173889466650167,0.0,3.436014188403319,-1.864265419223449,0.0,0.0,0.0,-2.738183806102813,0,0,0,0,0,0,0.908168830022177,-0.4215191057379505,2.2767315746963703,0.0,0.0,0.0
image_2191.png,surface,0.0,0.0,1.9718486787777008,6.513486358305348,21.27560315260633,0.0,2.50930073288024,-2.303556717087192,0.0,0.0,0.0,1.7730711523943476,0,0,0,0,0,0,0.3972247024898105,-0.3396532788359128,1.1745812008741334,0.0,0.0,0.0
image_2192.png,surface,0.0,0.0,1.915160585955598,-21.781887804036234,6.39446437290307,0.0,0.1287807677253017,2.0902129642182183,0.0,0.0,0.0,2.1801136568741617,0,0,0,0,0,0,0.0148041849121946,0.421528544352916,0.980039678712736,0.0,0.0,0.0
image_2193.png,surface,0.0,0.0,1.7433765461685309,22.19905890475976,-5.642419519521575,0.0,-2.21356469256316,3.5126393325324017,0.0,0.0,0.0,2.040837543121028,0,0,0,0,0,0,-0.4845431408693699,0.904658209277246,2.645858264253307,0.0,0.0,0.0
image_2194.png,surface,0.0,0.0,0.7407941306145971,-8.280945964421711,-10.163917849215398,0.0,-1.057409388034225,3.626127130269028,0.0,0.0,0.0,-3.3921803594868605,0,0,0,0,0,0,-0.0334092900832641,0.119845240420147,0.2523350094471283,0.0,0.0,0.0
image_2195.png,surface,0.0,0.0,2.2187430366646224,-4.759026964754966,-21.416111431231087,0.0,-3.9619029560610777,0.858898848228315,0.0,0.0,0.0,-0.7552440059713295,0,0,0,0,0,0,-0.5817462547569947,0.1921591889772421,1.753873740028598,0.0,0.0,0.0
image_2196.png,surface,0.0,0.0,1.438833842853647,-19.823852910784243,-6.915317718989852,0.0,0.3882438937706913,-1.315161510656443,0.0,0.0,0.0,-1.8351924650539704,0,0,0,0,0,0,0.186792973082548,-0.3785797000555459,1.0238199507883126,0.0,0.0,0.0
image_2197.png,surface,0.0,0.0,0.5425556909631184,2.7452523902603803,14.31144454087996,0.0,-3.114375572858311,2.800475911873278,0.0,0.0,0.0,0.2044873176242623,0,0,0,0,0,0,-0.0370618260677686,0.0546275572145073,0.212301717711387,0.0,0.0,0.0
image_2198.png,surface,0.0,0.0,2.315139218131774,-21.558536409199043,6.841167042466266,0.0,-2.222253882338331,-0.1483841926848064,0.0,0.0,0.0,-2.501068056938933,0,0,0,0,0,0,-0.7085729573689447,-0.3652067557521269,2.096733606142452,0.0,0.0,0.0
image_2199.png,surface,0.0,0.0,0.8232675311843172,17.7040582519061,8.274117472501526,0.0,3.548455276445805,1.58577636781539,0.0,0.0,0.0,-0.0618401797084953,0,0,0,0,0,0,0.2292217442125476,0.0449089300051763,0.539883371974732,0.0,0.0,0.0
image_2200.png,surface,0.0,0.0,2.49479160218404,16.735611377027503,-11.2493114814976,0.0,1.604153654998225,3.459333003836728,0.0,0.0,0.0,4.742106222692495,0,0,0,0,0,0,0.9992082894359494,1.6862085635613195,5.492489247711103,0.0,0.0,0.0
image_2201.png,surface,0.0,0.0,1.1489139406360085,-13.26401715811884,6.125140546537197,0.0,0.9478643004974288,-1.750577558646243,0.0,0.0,0.0,2.790427314523764,0,0,0,0,0,0,0.1448040281606822,-0.1360481961106793,0.3596799670732192,0.0,0.0,0.0
image_2202.png,surface,0.0,0.0,1.966019053350365,11.959435369958417,-0.1172190671547034,0.0,-1.1661827450850604,-3.996977849491772,0.0,0.0,0.0,2.924693406571638,0,0,0,0,0,0,-0.0061294119489964,-0.429711823527882,1.0433855298929848,0.0,0.0,0.0
image_2203.png,surface,0.0,0.0,1.924410297531665,-23.290019948198385,-0.9607919807380384,0.0,-4.144694826938422,-1.5140638823727492,0.0,0.0,0.0,2.6085755965617903,0,0,0,0,0,0,-0.4649107599526587,-0.1428880457555758,1.3860354936516888,0.0,0.0,0.0
image_2204.png,surface,0.0,0.0,0.9421754466275696,10.019114093683973,-4.895343379176679,0.0,-4.340237566981164,0.7165919669671903,0.0,0.0,0.0,4.012483925937152,0,0,0,0,0,0,-0.1193351991187312,0.0348001733772772,0.3559285207258273,0.0,0.0,0.0
image_2206.png,surface,0.0,0.0,2.547594169000908,-2.0563977089639125,2.82907237432296,0.0,1.28132764704404,1.9699810712024828,0.0,0.0,0.0,2.7028230301472007,0,0,0,0,0,0,0.3483948620469665,0.5094775586001282,1.4685673132943151,0.0,0.0,0.0
image_2208.png,surface,0.0,0.0,0.5454127171838152,-1.5211666313322971,2.2174689835460493,0.0,1.8918762325784453,-4.039455207147633,0.0,0.0,0.0,2.4565364850743645,0,0,0,0,0,0,0.0761120014121018,-0.0491940611994491,0.1184798309661331,0.0,0.0,0.0
image_2209.png,surface,0.0,0.0,0.8666354575319806,-4.152813581693235,4.0622898516792265,0.0,0.5169008743182594,0.0154368056812516,0.0,0.0,0.0,-4.743935211360436,0,0,0,0,0,0,0.1516647082515764,0.0055970986744576,0.2105376447266014,0.0,0.0,0.0
image_2211.png,surface,0.0,0.0,0.5062827657626623,-0.2160365542535914,18.49017846478065,0.0,-3.9098338537998254,-0.904575812999111,0.0,0.0,0.0,1.6775622576228812,0,0,0,0,0,0,-0.0597532058715025,-0.0440500160433287,0.2344173871307747,0.0,0.0,0.0
image_2212.png,surface,0.0,0.0,2.394975043580863,15.55668947806273,-16.153366870357303,0.0,-2.595630315976464,0.8861779871047881,0.0,0.0,0.0,2.0806862069683234,0,0,0,0,0,0,-0.7627781132689833,0.7018915901814347,2.9361867164847824,0.0,0.0,0.0
image_2213.png,surface,0.0,0.0,1.957532271960298,15.048365799968126,16.760374181681247,0.0,2.046032472835744,-1.8668710383729368,0.0,0.0,0.0,2.5708723259128377,0,0,0,0,0,0,0.4489537433703549,-0.345475331167045,1.316767716451628,0.0,0.0,0.0
image_2214.png,surface,0.0,0.0,2.1821613501037773,-2.8070871125485364,-5.35920633663538,0.0,0.5343589974840071,-3.9447564867261993,0.0,0.0,0.0,4.226323640210865,0,0,0,0,0,0,0.2649161521211175,-0.5869591488507573,1.3209077054564289,0.0,0.0,0.0
image_2216.png,surface,0.0,0.0,1.9975344748259825,21.131421026815048,-5.021084704187226,0.0,4.15425917233721,-2.428221240343349,0.0,0.0,0.0,-0.6760408528329132,0,0,0,0,0,0,0.7060770577795331,-0.2796850386535068,1.95938377674856,0.0,0.0,0.0
image_2217.png,surface,0.0,0.0,0.7560309812678047,-20.30692827640205,-14.600812119614428,0.0,2.446254677828328,4.0896974905235135,0.0,0.0,0.0,-4.226420084644347,0,0,0,0,0,0,0.0983589893377211,0.1973425616957182,0.5191298348600528,0.0,0.0,0.0
image_2218.png,surface,0.0,0.0,1.0880618704699845,-6.899782449186222,-1.7134969903714805,0.0,0.1703284051369723,-2.930046674642149,0.0,0.0,0.0,4.121097282906538,0,0,0,0,0,0,0.0699574782782119,-0.1643105555219514,0.3010636178952178,0.0,0.0,0.0
image_2219.png,surface,0.0,0.0,1.6597936058716258,3.922387363963369,-6.2057684649105065,0.0,-2.289186865093294,0.179643966524755,0.0,0.0,0.0,-2.5895361658260208,0,0,0,0,0,0,-0.3267231485389069,0.052271049678156,0.6856404605935846,0.0,0.0,0.0
image_2220.png,surface,0.0,0.0,1.335976239952991,4.908032678238643,-16.992923321216463,0.0,-4.118121945919671,-0.6853381397777928,0.0,0.0,0.0,-3.4701538191963133,0,0,0,0,0,0,-0.3029360079398218,-0.022294008548177,0.7072246751137587,0.0,0.0,0.0
image_2222.png,surface,0.0,0.0,2.188182503583656,10.630067710758173,-22.23117976910491,0.0,-4.554246574829729,0.7615383836334929,0.0,0.0,0.0,4.619137045971289,0,0,0,0,0,0,-0.7841880616981538,0.2752551820297652,2.01441168885498,0.0,0.0,0.0
image_2223.png,surface,0.0,0.0,1.2786759410668105,0.0544462714428713,-13.692253891320547,0.0,2.312532195008816,-0.5494717290576575,0.0,0.0,0.0,2.485604651517085,0,0,0,0,0,0,0.3308033356115973,-0.1132350637394074,0.7123829138414234,0.0,0.0,0.0
image_2224.png,surface,0.0,0.0,2.877723094839334,-3.024402056321336,14.4799048656897,0.0,-1.5437880069065593,4.472073052174423,0.0,0.0,0.0,2.247624848729793,0,0,0,0,0,0,-0.4626918443420719,0.8924493608195545,2.6912708620907555,0.0,0.0,0.0
image_2225.png,surface,0.0,0.0,2.110604839428702,2.684451754805337,-1.4744798340212733,0.0,-2.932282446104263,0.3112957923053459,0.0,0.0,0.0,0.9604392324205469,0,0,0,0,0,0,-0.3776151499230023,0.0692605566158015,1.018929672514034,0.0,0.0,0.0
image_2226.png,surface,0.0,0.0,2.616562917889856,-22.32860169000231,-8.683673540173341,0.0,-1.797808340619513,-1.9597347954813933,0.0,0.0,0.0,-0.0745955718821314,0,0,0,0,0,0,0.0330212081349106,-1.6766787086512942,4.467982648260987,0.0,0.0,0.0
image_2227.png,surface,0.0,0.0,2.761463219682477,-2.8455244278332583,21.31102290673444,0.0,1.821564058804348,-4.611595009843694,0.0,0.0,0.0,-2.22558381005734,0,0,0,0,0,0,0.421651036886184,-0.9506242641585428,2.494444977064248,0.0,0.0,0.0
image_2228.png,surface,0.0,0.0,0.994083140948174,-7.845204005892452,-9.415051983653802,0.0,0.3913855613217853,3.3678563140325006,0.0,0.0,0.0,1.6327539372607394,0,0,0,0,0,0,0.0341748007500165,0.1259583167127109,0.3279936434604254,0.0,0.0,0.0
image_2229.png,surface,0.0,0.0,1.4943279840746164,16.054199336975703,5.461647639288875,0.0,-1.1731268141592848,3.5976165703768785,0.0,0.0,0.0,2.410555716380548,0,0,0,0,0,0,-0.1673934413348486,0.3837552072615509,1.1419905107311648,0.0,0.0,0.0
image_2230.png,surface,0.0,0.0,0.6524223927706805,-5.9035962425103055,6.560930099475729,0.0,-1.175037886351876,3.69787579897749,0.0,0.0,0.0,-4.918050482150123,0,0,0,0,0,0,0.0111973056274964,0.0612865000725678,0.1462316019217217,0.0,0.0,0.0
image_2232.png,surface,0.0,0.0,1.96866560119318,-20.31440932450023,-3.784046868851511,0.0,-0.3676245622627121,0.1090742119806613,0.0,0.0,0.0,1.1086897803903364,0,0,0,0,0,0,0.0359432369225141,-0.2016654473498524,1.443847961469536,0.0,0.0,0.0
image_2233.png,surface,0.0,0.0,1.79283301073973,-11.796840666286023,-11.13850866149653,0.0,-1.5402182041006358,-4.642447587816419,0.0,0.0,0.0,-2.4984353815475,0,0,0,0,0,0,0.0487347223182475,-0.5689785873417486,1.3529691737039613,0.0,0.0,0.0
image_2234.png,surface,0.0,0.0,1.5938086051311977,-15.276846049147911,11.644032936400857,0.0,1.614015501293551,4.192835977219688,0.0,0.0,0.0,3.58712007523752,0,0,0,0,0,0,0.1056610175267427,0.2613174939309188,0.617178797757457,0.0,0.0,0.0
image_2235.png,surface,0.0,0.0,2.2924059741746743,2.5172521962671213,-1.6774286044862683,0.0,-2.54329256300066,-1.3984885564859582,0.0,0.0,0.0,0.9822867376051434,0,0,0,0,0,0,-0.472390849270925,-0.2161254054767819,1.3169418907463286,0.0,0.0,0.0
image_2236.png,surface,0.0,0.0,1.1647663847616263,-3.688932751129461,16.37388339223174,0.0,-0.2206430568490672,1.6840206052646898,0.0,0.0,0.0,-4.778146742447721,0,0,0,0,0,0,-0.011745186025172,0.1820991985266638,0.4571840770487404,0.0,0.0,0.0
image_2237.png,surface,0.0,0.0,1.5361177435506006,10.694544933693868,6.038270596010267,0.0,1.661653078661992,-1.204574470583931,0.0,0.0,0.0,1.43305017124176,0,0,0,0,0,0,0.3191517458210278,-0.1783143139255551,0.7145935875818501,0.0,0.0,0.0
image_2239.png,surface,0.0,0.0,1.9177258408878368,11.806904639476022,4.204371166440641,0.0,1.289834121592142,-4.196352313707424,0.0,0.0,0.0,2.340809324668748,0,0,0,0,0,0,0.2413983860508893,-0.4072479199103286,0.9677894199854776,0.0,0.0,0.0
image_2240.png,surface,0.0,0.0,2.203583747703277,-5.958766607674816,-0.2698159006889548,0.0,-0.7477647253932137,1.0336692471291506,0.0,0.0,0.0,1.438014424111202,0,0,0,0,0,0,-0.2164926563065498,0.3865962303661242,1.0163617181690934,0.0,0.0,0.0
image_2241.png,surface,0.0,0.0,2.363742921559033,-5.902121625825842,-10.65441444005412,0.0,1.560694717191544,1.3237030173705584,0.0,0.0,0.0,-4.556394819474811,0,0,0,0,0,0,0.7393303541384587,0.2748194326388644,1.8852726143535607,0.0,0.0,0.0
image_2242.png,surface,0.0,0.0,1.6167858589478072,2.94978836364402,-1.4439813506066934,0.0,0.7404671959339434,2.477004165125206,0.0,0.0,0.0,4.164511485883901,0,0,0,0,0,0,0.0683016619652364,0.2308496448227411,0.5613871983588905,0.0,0.0,0.0
image_2243.png,surface,0.0,0.0,1.577023634790547,-10.560428692732776,1.9857016874418392,0.0,2.57761974115962,2.1275382488830683,0.0,0.0,0.0,-4.39511839401543,0,0,0,0,0,0,0.2449230832759361,0.1095634425178828,0.5169057630969559,0.0,0.0,0.0
image_2244.png,surface,0.0,0.0,1.6755108431597363,14.921303803251032,15.051331149529211,0.0,2.94087269321498,-0.2646746058721753,0.0,0.0,0.0,-0.4546626026134763,0,0,0,0,0,0,0.4389397072128384,-0.029505110381711,1.1336167465628788,0.0,0.0,0.0
image_2245.png,surface,0.0,0.0,2.6550492490129964,11.186673095468372,-20.3420240181877,0.0,-1.311423113074961,-3.1322212044254445,0.0,0.0,0.0,-1.980091355896913,0,0,0,0,0,0,0.1429625412684946,-1.0562156228785031,2.897211868539911,0.0,0.0,0.0
image_2246.png,surface,0.0,0.0,1.4090390390519845,3.56289603336316,21.917223370752986,0.0,-2.68528970195068,-3.807051793585941,0.0,0.0,0.0,1.0853133991701718,0,0,0,0,0,0,-0.1409460370270493,-0.3336267231805312,0.9484560732737394,0.0,0.0,0.0
image_2247.png,surface,0.0,0.0,2.713205159057574,1.0855657932753937,11.273726140229291,0.0,1.0386983983110372,0.923165799978591,0.0,0.0,0.0,-4.89058537064341,0,0,0,0,0,0,0.3750355463839463,0.3581466717580387,1.8877244525020365,0.0,0.0,0.0
image_2250.png,surface,0.0,0.0,2.743472044606474,9.239807764050047,4.608209645197565,0.0,-2.295118247254384,-3.6177575899726304,0.0,0.0,0.0,-0.6148481274150903,0,0,0,0,0,0,-0.4069267511986508,-0.8531752839486975,2.3114994435230938,0.0,0.0,0.0
image_2251.png,surface,0.0,0.0,2.8319274692594503,13.760282742075267,15.140838957674667,0.0,-3.718245857227544,-3.07285238557153,0.0,0.0,0.0,-2.176787557050356,0,0,0,0,0,0,-1.3703987807512086,-0.6020137397205043,4.128208793368617,0.0,0.0,0.0
image_2252.png,surface,0.0,0.0,1.0191872964940942,12.0614250067779,-11.472120180998283,0.0,0.409930315787866,-3.808036629589833,0.0,0.0,0.0,0.6355816746543894,0,0,0,0,0,0,0.1235127871510082,-0.2316802429396929,0.5449746205890503,0.0,0.0,0.0
image_2253.png,surface,0.0,0.0,1.0428994091873072,1.07621277509363,-16.84795410602516,0.0,-2.127835675543952,-3.0050070293055016,0.0,0.0,0.0,4.805952703809609,0,0,0,0,0,0,-0.0791846973090661,-0.2207880812696689,0.5037757008810838,0.0,0.0,0.0
image_2254.png,surface,0.0,0.0,2.3856147814851454,-6.892406063959534,12.559894746115422,0.0,4.099086538225707,-2.3950863473898645,0.0,0.0,0.0,2.696658025619463,0,0,0,0,0,0,0.5555895314379622,-0.3731524964504647,1.424420828599112,0.0,0.0,0.0
image_2255.png,surface,0.0,0.0,1.4036635985519532,1.8055338838121813,-14.519907261383992,0.0,-0.6380803310292751,1.4166090569182763,0.0,0.0,0.0,3.7399081950636814,0,0,0,0,0,0,-0.0898561899437933,0.2784202642481486,0.7025353671795181,0.0,0.0,0.0
image_2256.png,surface,0.0,0.0,1.0141396965397305,14.26469925185508,8.683729979459196,0.0,-4.485101711274014,-1.6273980707143834,0.0,0.0,0.0,3.794303788702901,0,0,0,0,0,0,-0.166442260088884,-0.0424454514992177,0.522197982051313,0.0,0.0,0.0
image_2257.png,surface,0.0,0.0,1.0680884810153195,23.230361186509043,1.4222347633394714,0.0,-1.578312258416644,-4.08736718589023,0.0,0.0,0.0,4.776915239607561,0,0,0,0,0,0,-0.0362704432711259,-0.321328207880669,0.7053958450194046,0.0,0.0,0.0
image_2258.png,surface,0.0,0.0,1.26046064582742,-5.927185435503551,7.641616988084944,0.0,3.0962761377916728,0.2840077395795939,0.0,0.0,0.0,1.5259794612670872,0,0,0,0,0,0,0.2139130527674936,-0.0380564955403259,0.3988021932674512,0.0,0.0,0.0
image_2260.png,surface,0.0,0.0,1.6409441471198392,1.6323835943411729,-0.9258252172428914,0.0,-4.252860876342808,-1.6338302060787917,0.0,0.0,0.0,-3.670186194434434,0,0,0,0,0,0,-0.2390014093110582,-0.0875872006735395,0.5949157500887076,0.0,0.0,0.0
image_2262.png,surface,0.0,0.0,1.4288401944878346,-15.174462895976191,-17.047654822281554,0.0,-2.803512641544609,3.300539416119338,0.0,0.0,0.0,-0.5951772764000491,0,0,0,0,0,0,-0.1937099631032032,0.2327845608906399,0.9035726973317274,0.0,0.0,0.0
image_2263.png,surface,0.0,0.0,1.3079194823070086,11.293721592401454,19.965406008107795,0.0,4.412678335860066,1.8089752383686568,0.0,0.0,0.0,-2.500549887900674,0,0,0,0,0,0,0.3352229041528474,0.0190471250000937,0.7316515034435934,0.0,0.0,0.0
image_2264.png,surface,0.0,0.0,0.6902542602218003,-20.533175913595628,-3.09269552037657,0.0,2.103721113430373,-0.5316904760252396,0.0,0.0,0.0,0.1028429021955492,0,0,0,0,0,0,0.1408166763775983,-0.0904486741105375,0.3885460069141347,0.0,0.0,0.0
image_2265.png,surface,0.0,0.0,2.5582288393279007,-6.681275707166078,11.761544682979856,0.0,-0.8535367383991196,1.703797757786946,0.0,0.0,0.0,1.365883717828506,0,0,0,0,0,0,-0.4424476636479561,0.632113482845032,1.7578306227235836,0.0,0.0,0.0
image_2266.png,surface,0.0,0.0,2.328376370601573,-2.280569658128058,6.889114324187633,0.0,1.7676562714518576,-1.869046663154455,0.0,0.0,0.0,3.3940890383991817,0,0,0,0,0,0,0.438330951215421,-0.4579332822743042,1.2536161366000835,0.0,0.0,0.0
image_2267.png,surface,0.0,0.0,1.5889052462721585,12.981397860980843,3.854875307524615,0.0,0.960857252042119,-1.5510707796215213,0.0,0.0,0.0,-1.2075391298285112,0,0,0,0,0,0,0.2837678034711412,-0.2590711035691636,0.8152082718204174,0.0,0.0,0.0
image_2268.png,surface,0.0,0.0,2.253857140457707,-10.843367076074449,20.539361627381865,0.0,0.3713904083678335,-2.075584597851327,0.0,0.0,0.0,-3.7211950109384526,0,0,0,0,0,0,-0.0639079655538763,-0.8400839249917443,2.1367936939235346,0.0,0.0,0.0
image_2269.png,surface,0.0,0.0,1.3467735217836336,0.2934913620194513,11.96662920374749,0.0,3.0512108802052227,-0.5627862238644165,0.0,0.0,0.0,-1.2787469800554527,0,0,0,0,0,0,0.2262403617151961,-0.0929797960237477,0.4268487207217636,0.0,0.0,0.0
image_2270.png,surface,0.0,0.0,2.839590035749404,-13.872602586954311,-15.852475427757152,0.0,2.157406511397666,-0.760582277558749,0.0,0.0,0.0,-0.0123594430278641,0,0,0,0,0,0,2.011889110039744,-1.4064228463481816,6.159174855733354,0.0,0.0,0.0
image_2271.png,surface,0.0,0.0,1.7519542909217565,14.255922933870384,6.6349850494571605,0.0,-4.931055212503053,0.6376354029207829,0.0,0.0,0.0,4.123789983929356,0,0,0,0,0,0,-0.4726723989197304,0.1250868179309095,1.2535647775131833,0.0,0.0,0.0
image_2272.png,surface,0.0,0.0,0.7780073114363293,-3.1403051635550407,-7.633768724968047,0.0,-1.5304104636713671,3.765228942307352,0.0,0.0,0.0,-4.108951567507512,0,0,0,0,0,0,-0.0282637800150935,0.0803037361252712,0.2282453646878031,0.0,0.0,0.0
image_2274.png,surface,0.0,0.0,1.400326984883699,19.00845211031944,11.74197435892082,0.0,2.973375507062235,2.842908019126744,0.0,0.0,0.0,3.869904250035317,0,0,0,0,0,0,0.3487829439953204,0.3136640525287978,1.1616990020776423,0.0,0.0,0.0
image_2275.png,surface,0.0,0.0,0.5852604749510979,-23.180573734320376,8.212483097985963,0.0,-0.3092910771349199,-1.932000110112208,0.0,0.0,0.0,0.2906579904541715,0,0,0,0,0,0,0.0434491983706707,-0.1435896494680008,0.3319728561931949,0.0,0.0,0.0
image_2276.png,surface,0.0,0.0,1.3742744940477352,-0.8659159521900183,-18.2127307519915,0.0,-4.911725981772059,-0.2067048791269542,0.0,0.0,0.0,-3.257118900507925,0,0,0,0,0,0,-0.3188549772722869,0.0286273191899327,0.7444041880209479,0.0,0.0,0.0
image_2277.png,surface,0.0,0.0,2.940852044482421,-6.976030302972341,19.22090365737726,0.0,4.83794158148017,0.7571486772634691,0.0,0.0,0.0,-0.8980509571477748,0,0,0,0,0,0,0.8811552826367792,-0.0851551842174655,2.2669644161704814,0.0,0.0,0.0
image_2278.png,surface,0.0,0.0,1.1491234134603283,14.675926671828254,11.002811739466008,0.0,2.624671109045173,2.9781814030632594,0.0,0.0,0.0,-1.804096346244361,0,0,0,0,0,0,0.1848510414507863,0.1564356044358538,0.6238219839976303,0.0,0.0,0.0
image_2281.png,surface,0.0,0.0,0.9233012112496268,-23.26581252915143,-0.7386244313177308,0.0,-2.19897757158754,4.306756635607149,0.0,0.0,0.0,2.0592378915414304,0,0,0,0,0,0,-0.0604045747887391,0.1383984112370536,0.4115414798221369,0.0,0.0,0.0
image_2283.png,surface,0.0,0.0,0.5365368012888878,-11.759814981615818,11.58716591809796,0.0,4.867152260887753,0.3000375634410441,0.0,0.0,0.0,-3.431090961256212,0,0,0,0,0,0,0.1055697041271302,-0.0230962908202325,0.1605183600947067,0.0,0.0,0.0
image_2284.png,surface,0.0,0.0,1.7091134104047012,-0.9565518846045716,-3.364740168626817,0.0,-3.713607273567298,0.9551486089782336,0.0,0.0,0.0,1.45006525290648,0,0,0,0,0,0,-0.2348466496286844,0.0762498509976496,0.6350495269944684,0.0,0.0,0.0
image_2288.png,surface,0.0,0.0,2.610702786028407,3.911878003646189,10.98860411042022,0.0,-2.815430149730582,1.1126534099343794,0.0,0.0,0.0,-3.888449055244696,0,0,0,0,0,0,-1.114559941496581,0.4308727731686213,2.6081495294506807,0.0,0.0,0.0
image_2289.png,surface,0.0,0.0,2.8486400447810487,12.1103438327623,18.270347072779657,0.0,-1.2875695037395685,0.0833820295992181,0.0,0.0,0.0,4.617713649792121,0,0,0,0,0,0,-1.2678751394461558,0.2614779503853299,5.154832280400474,0.0,0.0,0.0
image_2291.png,surface,0.0,0.0,2.6127960615275394,-13.482717399061416,17.587237811952665,0.0,-0.4050212983915278,-1.401111520959977,0.0,0.0,0.0,0.196966718865843,0,0,0,0,0,0,-0.4335111256058685,-1.190794541259575,3.2854731674723228,0.0,0.0,0.0
image_2292.png,surface,0.0,0.0,0.70349896567599,13.08708439566436,14.190039026570986,0.0,-1.4257039042365205,-1.6598444145249578,0.0,0.0,0.0,-2.267967628439393,0,0,0,0,0,0,-0.0592053254738268,-0.1517918058728975,0.361488700133569,0.0,0.0,0.0
image_2294.png,surface,0.0,0.0,2.3566302759208333,6.354082094078627,17.01174762769533,0.0,0.7507887037969554,-1.96708128328634,0.0,0.0,0.0,0.8180159249118892,0,0,0,0,0,0,0.1981691007842857,-0.6452583272867887,1.6002698761331169,0.0,0.0,0.0
image_2296.png,surface,0.0,0.0,0.6412890627329508,16.713981608695335,3.655356852731812,0.0,3.279098946777913,1.700289341227905,0.0,0.0,0.0,0.027756544866115,0,0,0,0,0,0,0.188193111876608,-0.0089824152420329,0.384064368331268,0.0,0.0,0.0
image_2297.png,surface,0.0,0.0,2.358112528437359,-19.302340086482488,6.765161434929028,0.0,3.046692073776572,-0.3983612150331123,0.0,0.0,0.0,-4.733274928919686,0,0,0,0,0,0,0.7014261619592641,-0.2890292674692116,1.6985242753781171,0.0,0.0,0.0
image_2298.png,surface,0.0,0.0,1.8919151892088668,-2.6683702421115068,23.15971617852901,0.0,-2.828927815800396,0.5326602670550447,0.0,0.0,0.0,-3.467702456067072,0,0,0,0,0,0,-0.5371853157460403,0.1489853910231974,1.5936177578778306,0.0,0.0,0.0
image_2299.png,surface,0.0,0.0,1.6631506030396157,-4.793872819246828,-6.546306145314128,0.0,3.740512132716117,-0.5650237151829303,0.0,0.0,0.0,-1.39471488121915,0,0,0,0,0,0,0.3422494702530381,-0.1264963177657363,0.741568273222622,0.0,0.0,0.0
image_2300.png,surface,0.0,0.0,1.5338922227618776,-10.268874751629353,3.223724793346773,0.0,1.460772908210442,2.82445112171994,0.0,0.0,0.0,3.548770446525104,0,0,0,0,0,0,0.1163081599215733,0.1899804420227384,0.4727414143715266,0.0,0.0,0.0
image_2301.png,surface,0.0,0.0,2.0703891772039524,2.5664025550876643,-6.256235715938888,0.0,0.0172102472336175,-1.831676277088696,0.0,0.0,0.0,-1.4319836177950798,0,0,0,0,0,0,0.2760335585239531,-0.5151784820392042,1.2075403366405075,0.0,0.0,0.0
image_2302.png,surface,0.0,0.0,2.7926240531462247,17.7006922024504,6.797983828641198,0.0,-2.9942559129276822,0.6162107733060856,0.0,0.0,0.0,-1.6034198135131437,0,0,0,0,0,0,-1.3443957683215253,0.8777597297284678,5.112963459559041,0.0,0.0,0.0
image_2304.png,surface,0.0,0.0,1.4690352016855683,-10.676707323403525,19.32895937834813,0.0,3.262997195982421,2.0374778551231563,0.0,0.0,0.0,0.8940760218084591,0,0,0,0,0,0,0.2938944594881797,0.0489392185953844,0.6607357694552132,0.0,0.0,0.0
image_2305.png,surface,0.0,0.0,1.4031670739170183,2.082967112865964,12.789433341267436,0.0,-0.6456105600459829,1.600231593258526,0.0,0.0,0.0,-2.0095327179482734,0,0,0,0,0,0,-0.0773675606567751,0.1842700799686963,0.5508697505635234,0.0,0.0,0.0
image_2306.png,surface,0.0,0.0,0.99797678700129,3.4407016335177225,-15.267293216826085,0.0,0.0798581116894877,-1.230552416196126,0.0,0.0,0.0,-4.237704064307116,0,0,0,0,0,0,0.1767484991251607,-0.2332281757940117,0.5433333628120667,0.0,0.0,0.0
image_2308.png,surface,0.0,0.0,1.0754039441363026,-2.2496330762902663,8.4091437407736,0.0,0.9638940207807988,3.291826954734745,0.0,0.0,0.0,0.5181460164922411,0,0,0,0,0,0,0.0655744350968064,0.090730259457004,0.2820384257048722,0.0,0.0,0.0
image_2309.png,surface,0.0,0.0,1.886028963664777,23.53571711182084,3.04410034411596,0.0,-3.0288779150148355,-1.7014153682392736,0.0,0.0,0.0,-3.7870431408459138,0,0,0,0,0,0,-0.6604584052230656,-0.1474233002464305,1.820135894143187,0.0,0.0,0.0
image_2310.png,surface,0.0,0.0,2.453353492037473,10.399987697449204,10.589980666673249,0.0,0.3222575305463691,-0.2784808438056192,0.0,0.0,0.0,-0.1820542852509907,0,0,0,0,0,0,0.0503753197312873,-0.0204298820925187,2.2425040927839746,0.0,0.0,0.0
image_2311.png,surface,0.0,0.0,0.56448620249765,4.101544254506833,-21.66629510718172,0.0,1.8369028502800249,3.240455718841226,0.0,0.0,0.0,-1.853343279983091,0,0,0,0,0,0,0.1147056097583719,0.1731797073844001,0.5641605890514267,0.0,0.0,0.0
image_2313.png,surface,0.0,0.0,1.5055458858474566,17.407168619297323,-5.471831442061827,0.0,1.8066424802810035,0.1303499233592923,0.0,0.0,0.0,3.345563179607256,0,0,0,0,0,0,0.5539732842648195,0.0870051527506758,1.3516383034521482,0.0,0.0,0.0
image_2314.png,surface,0.0,0.0,0.6819576247308219,-3.30573177962047,0.0797600763899086,0.0,2.400034898555353,-3.439448050159647,0.0,0.0,0.0,-4.121416405179455,0,0,0,0,0,0,0.100912720746887,-0.0800583321361719,0.168780474074082,0.0,0.0,0.0
image_2315.png,surface,0.0,0.0,2.54681089644744,7.92776868960501,12.205472943576892,0.0,-0.5255134023293252,-1.757903963850871,0.0,0.0,0.0,2.673851504064708,0,0,0,0,0,0,-0.2513317620387479,-0.4908032588911659,2.235135180315881,0.0,0.0,0.0
image_2316.png,surface,0.0,0.0,1.5074656157643302,6.635013934156805,-16.610077733413267,0.0,3.3838787501413483,-0.0413269562952352,0.0,0.0,0.0,1.3490513105641255,0,0,0,0,0,0,0.5562652505950951,-0.1240737399246276,1.3799393933371769,0.0,0.0,0.0
image_2318.png,surface,0.0,0.0,2.183542106387592,-6.615075248783359,-8.518615906164953,0.0,2.321982354773308,-3.0338599922903926,0.0,0.0,0.0,0.0824115513869729,0,0,0,0,0,0,0.4495244521179337,-0.4713833085999402,1.6272445617738875,0.0,0.0,0.0
image_2319.png,surface,0.0,0.0,1.6086909321191194,-0.9232945888159936,4.542822063371221,0.0,1.1671895962239025,-0.8917652686390266,0.0,0.0,0.0,2.2709128837061066,0,0,0,0,0,0,0.2636545053164701,-0.1607584900899882,0.538690947957169,0.0,0.0,0.0
image_2320.png,surface,0.0,0.0,1.4302102885669394,11.273108846337651,8.72986333130962,0.0,-3.494649069762762,-1.113195249375703,0.0,0.0,0.0,1.5498862081621088,0,0,0,0,0,0,-0.2398232299075718,-0.0520539615339528,0.7824322423638571,0.0,0.0,0.0
image_2321.png,surface,0.0,0.0,1.906104032704401,-13.323678075217993,-13.12709121167195,0.0,-2.3392633258997506,0.9178255246610462,0.0,0.0,0.0,-2.391184389988581,0,0,0,0,0,0,-0.4088565077104639,0.1847766189718373,1.0656217815163955,0.0,0.0,0.0
image_2322.png,surface,0.0,0.0,1.4030895283532216,-18.463700087186474,11.36358931971305,0.0,0.6795682467358498,2.158944272798528,0.0,0.0,0.0,-2.751365440993694,0,0,0,0,0,0,0.0601869445196623,0.2336639251849125,0.5733449335912032,0.0,0.0,0.0
image_2323.png,surface,0.0,0.0,2.3840919622999244,-1.5124373810712015,-18.78758794940144,0.0,0.7837110838387804,4.401351069924236,0.0,0.0,0.0,1.3274244755710818,0,0,0,0,0,0,0.1708953102099924,0.8024049740500334,2.406290453908091,0.0,0.0,0.0
image_2324.png,surface,0.0,0.0,2.39571298426349,7.789717358509728,0.0905465598010188,0.0,-1.646849594605832,-2.493486066319794,0.0,0.0,0.0,-3.868033542139745,0,0,0,0,0,0,-0.3113672785040526,-0.6391704206341328,1.4389308871499182,0.0,0.0,0.0
image_2325.png,surface,0.0,0.0,2.387601440842793,-13.959769599044998,-4.454489746067888,0.0,1.190742790585173,-1.9760736696480168,0.0,0.0,0.0,-0.5987852970270477,0,0,0,0,0,0,0.6998829655058109,-1.0001423844718011,2.684245832204506,0.0,0.0,0.0
image_2326.png,surface,0.0,0.0,2.475864422448881,19.374303001734617,-12.536617829891105,0.0,0.018005406236391,3.568499383404805,0.0,0.0,0.0,-0.3453524583545952,0,0,0,0,0,0,0.4971930904957037,1.7549562887640031,5.863400107286823,0.0,0.0,0.0
image_2327.png,surface,0.0,0.0,1.858681390615952,4.450722669281002,11.117975646536502,0.0,-1.214652742659847,-3.111784282682156,0.0,0.0,0.0,-2.7661991509858144,0,0,0,0,0,0,-0.0311721117927551,-0.4134380782251094,0.9399483288787608,0.0,0.0,0.0
image_2328.png,surface,0.0,0.0,2.5501692061179853,15.768373240162411,13.986483688822569,0.0,0.5313542851860382,-2.612857947048309,0.0,0.0,0.0,-4.036601849510147,0,0,0,0,0,0,0.3172022047392988,-0.6969819372969538,2.025255155201963,0.0,0.0,0.0
image_2329.png,surface,0.0,0.0,1.171208938998089,-12.084990725592782,-5.854258619477805,0.0,-2.0414189417171777,-1.7943111796548583,0.0,0.0,0.0,4.164482345153461,0,0,0,0,0,0,-0.0933108802291371,-0.1452036526270771,0.4355127753812164,0.0,0.0,0.0
image_2330.png,surface,0.0,0.0,2.7859854020880443,-16.09543873526349,-7.130688298707274,0.0,3.024593939514097,-3.914734926326065,0.0,0.0,0.0,0.3121692608564501,0,0,0,0,0,0,1.0099710954702903,-1.3571721534589398,4.228158042481282,0.0,0.0,0.0
image_2332.png,surface,0.0,0.0,1.8255394197022177,9.62055352028888,-20.364956443034373,0.0,-0.8339750630344082,0.6130602192078421,0.0,0.0,0.0,-4.825526298217406,0,0,0,0,0,0,0.2196201402432817,0.2605057730438982,2.0220396297613434,0.0,0.0,0.0
image_2333.png,surface,0.0,0.0,0.9156128932903008,-6.297757626791658,-6.510254620232873,0.0,4.411410550996661,-0.7234488394826385,0.0,0.0,0.0,-1.283671778710895,0,0,0,0,0,0,0.1729315990213535,-0.0142869168525645,0.2932257746337019,0.0,0.0,0.0
image_2334.png,surface,0.0,0.0,0.5876099936461814,3.0250353651635766,20.93758167374688,0.0,-3.3604896138259868,-2.6795387556321093,0.0,0.0,0.0,0.541206457760719,0,0,0,0,0,0,-0.0336345298023085,-0.061086716055801,0.3147296010178604,0.0,0.0,0.0
image_2335.png,surface,0.0,0.0,0.7293871115108113,-13.967042680245356,-0.0633470106842362,0.0,3.2689764250073217,0.4458741151526072,0.0,0.0,0.0,-0.4421953201304269,0,0,0,0,0,0,0.1482861124659097,-0.0303640243435586,0.2370880596495131,0.0,0.0,0.0
image_2337.png,surface,0.0,0.0,2.4265645294177274,-4.194465382717906,1.6703592334702673,0.0,-1.0529825351137596,-4.569319732125472,0.0,0.0,0.0,-0.64430162143457,0,0,0,0,0,0,0.0602173823195333,-0.7383073398202823,1.7518551046130948,0.0,0.0,0.0
image_2338.png,surface,0.0,0.0,2.399080556006097,1.4593145488873314,-16.07217988152062,0.0,1.3706801352280955,0.6630079224986054,0.0,0.0,0.0,3.857159009822862,0,0,0,0,0,0,1.047421764431409,0.2640499729633905,3.029148896775423,0.0,0.0,0.0
image_2339.png,surface,0.0,0.0,1.5418915612316326,0.1556284722677544,2.0716923779798453,0.0,-1.047132990605319,-3.5621617418046294,0.0,0.0,0.0,-2.022967616887392,0,0,0,0,0,0,0.0247451703500209,-0.205261559651654,0.5294999044060584,0.0,0.0,0.0
image_2341.png,surface,0.0,0.0,0.8751107066214145,8.961173057783164,-3.3895884210200404,0.0,0.1570962936968709,-4.449323802386471,0.0,0.0,0.0,-2.1005141794853244,0,0,0,0,0,0,0.075664565754,-0.1431554731795943,0.3172082352116731,0.0,0.0,0.0
image_2342.png,surface,0.0,0.0,2.61137370866985,-10.514928001236564,21.80524938142538,0.0,3.935382136307968,0.3108571062699219,0.0,0.0,0.0,-2.53835892519788,0,0,0,0,0,0,0.7911050517188088,-0.1327965932551132,1.853358524355392,0.0,0.0,0.0
image_2344.png,surface,0.0,0.0,1.3809155884011193,2.500827404121716,-20.69055493055662,0.0,-2.076239279773251,-0.0717011281995767,0.0,0.0,0.0,4.623229277877211,0,0,0,0,0,0,-0.3612959235222353,0.0582173771063319,0.8398494685129605,0.0,0.0,0.0
image_2346.png,surface,0.0,0.0,2.276571201024968,7.459983617044953,-7.465633047888996,0.0,1.917409626597152,-3.6832255520636688,0.0,0.0,0.0,3.0641760091710584,0,0,0,0,0,0,0.5114258057153228,-0.5870787046403184,1.638251037396683,0.0,0.0,0.0
image_2347.png,surface,0.0,0.0,1.545692588712447,1.1864431773328148,0.3641807464002776,0.0,-0.1522785038695756,-4.157607730130708,0.0,0.0,0.0,-3.2845531155292385,0,0,0,0,0,0,0.0851946408935695,-0.2643567279497644,0.5487930570497888,0.0,0.0,0.0
image_2348.png,surface,0.0,0.0,1.407803713524681,-13.471393427839574,9.333343702430362,0.0,0.343128703378096,0.4208365772930381,0.0,0.0,0.0,-1.0205650217244222,0,0,0,0,0,0,0.1520482245299494,0.1511562724652298,0.4875730254663951,0.0,0.0,0.0
image_2350.png,surface,0.0,0.0,0.93697192825176,5.052906952842368,-6.874857974411865,0.0,4.163874965259571,-1.775925502666592,0.0,0.0,0.0,2.471521277980401,0,0,0,0,0,0,0.1649873332550563,-0.0871372933601907,0.3207587112190264,0.0,0.0,0.0
image_2351.png,surface,0.0,0.0,1.6287101909893396,-16.41356268612583,12.762710795050475,0.0,0.7614070132244625,0.4544365020464685,0.0,0.0,0.0,-2.570376890191052,0,0,0,0,0,0,0.261587778705238,0.1431586193845828,0.6801606693218585,0.0,0.0,0.0
image_2352.png,surface,0.0,0.0,1.42493933349611,5.655719130356344,-12.231951823349464,0.0,-3.304476163605381,-3.226999815717672,0.0,0.0,0.0,1.0061612417168782,0,0,0,0,0,0,-0.1833748081570491,-0.2008726036927622,0.635904767441523,0.0,0.0,0.0
image_2353.png,surface,0.0,0.0,0.6534697575741899,18.63275804791981,3.1683709159113267,0.0,-4.076157553722155,1.968733980815232,0.0,0.0,0.0,2.7756106919715204,0,0,0,0,0,0,-0.1421635490218841,0.0668222477497506,0.4380450016657064,0.0,0.0,0.0
image_2355.png,surface,0.0,0.0,0.8343485318585218,-12.761269654267595,2.0610212629225697,0.0,-0.5470515942002457,4.167684762997026,0.0,0.0,0.0,-3.9089873540878592,0,0,0,0,0,0,-0.0374590393560834,0.0929986732536785,0.2287031304623363,0.0,0.0,0.0
image_2356.png,surface,0.0,0.0,2.5052107067218614,-21.89491243416692,7.228416782937487,0.0,-2.511881720809,-1.1380322394795246,0.0,0.0,0.0,-4.172665945270287,0,0,0,0,0,0,-0.6742010718647637,-0.6592353429479904,2.653421448050101,0.0,0.0,0.0
image_2357.png,surface,0.0,0.0,1.6955403424668576,-15.233984042501357,11.87197471560797,0.0,0.0994890265216727,-2.245658612371264,0.0,0.0,0.0,2.293083015646765,0,0,0,0,0,0,0.0903660230916305,-0.3811061026612737,0.9185516866759564,0.0,0.0,0.0
image_2358.png,surface,0.0,0.0,0.960373547350546,6.4259885352176624,-12.199317866353566,0.0,-0.5260451441604858,-1.676091725418284,0.0,0.0,0.0,-3.3961923737924105,0,0,0,0,0,0,0.0211048094854648,-0.1880077714949784,0.398802193267451,0.0,0.0,0.0
image_2359.png,surface,0.0,0.0,0.9035786699835212,6.786463436364073,16.135736124507186,0.0,-2.3217225993796715,-4.394771838279933,0.0,0.0,0.0,-2.5302348091274816,0,0,0,0,0,0,-0.0403597616837774,-0.1697251743070787,0.3830907786839684,0.0,0.0,0.0
image_2360.png,surface,0.0,0.0,2.5465814033766176,18.09986486153976,-11.698477600367507,0.0,3.4259419617271547,-0.6889806640541075,0.0,0.0,0.0,-2.3593399687765046,0,0,0,0,0,0,1.785806263938881,0.2903601121793275,4.82570985353016,0.0,0.0,0.0
image_2362.png,surface,0.0,0.0,1.7572917322947594,18.22938772533724,-6.575215903904703,0.0,-4.327735811846492,-2.1360251311919445,0.0,0.0,0.0,-4.271057244882478,0,0,0,0,0,0,-0.4933092272321805,-0.1335280859149285,1.1694564572031425,0.0,0.0,0.0
image_2363.png,surface,0.0,0.0,1.6199975408552785,-0.4043227084161949,-14.912034895160168,0.0,1.460949788408558,-1.6988981531142289,0.0,0.0,0.0,-4.895847340223913,0,0,0,0,0,0,0.4204487437912845,-0.3261230242830712,1.1419905107311648,0.0,0.0,0.0
image_2365.png,surface,0.0,0.0,1.8757950957653169,15.736650315044791,-16.701660805697678,0.0,2.604358639751444,2.766275443974559,0.0,0.0,0.0,-4.208236308305004,0,0,0,0,0,0,0.9431418620738063,0.6805996479220796,3.253317913066108,0.0,0.0,0.0
image_2366.png,surface,0.0,0.0,0.7983153472723363,-17.5188518204759,0.4693519487593582,0.0,1.4254435728057402,-4.093399587023025,0.0,0.0,0.0,-3.986540339956368,0,0,0,0,0,0,0.0666610645521965,-0.1271224125584385,0.313671157226989,0.0,0.0,0.0
image_2367.png,surface,0.0,0.0,0.6736438190486533,-3.85865349694496,17.105015227719484,0.0,-0.7897340892089196,2.3374562230903657,0.0,0.0,0.0,1.3017723281879343,0,0,0,0,0,0,-0.0429104493129563,0.0961417320371429,0.2505798684774555,0.0,0.0,0.0
image_2368.png,surface,0.0,0.0,1.1696833318883928,13.507708825089155,-7.169507128081296,0.0,-3.0738582896783337,2.5913204588110093,0.0,0.0,0.0,0.9533555818806718,0,0,0,0,0,0,-0.1792367892646043,0.1656036457722056,0.6424273714776734,0.0,0.0,0.0
image_2369.png,surface,0.0,0.0,2.9331599825814285,-3.641661099918803,-21.32076198169458,0.0,-2.4429615429759792,-0.8555614552425126,0.0,0.0,0.0,2.938276472075492,0,0,0,0,0,0,-0.5213667911531492,-0.3396485595284299,3.116148956978246,0.0,0.0,0.0
image_2370.png,surface,0.0,0.0,0.704182508476225,-10.46326993015848,-11.64496228151344,0.0,2.2543347260490867,-0.6900676522105141,0.0,0.0,0.0,2.062353583150795,0,0,0,0,0,0,0.1152032677862607,-0.0382075133797717,0.323067637125695,0.0,0.0,0.0
image_2371.png,surface,0.0,0.0,1.8449759306562936,6.869395676529011,7.742973658222113,0.0,-1.2683671150696754,-0.3668223364053702,0.0,0.0,0.0,4.579726796404655,0,0,0,0,0,0,-0.3838640302364918,-0.0164640907045738,0.9423599729592276,0.0,0.0,0.0
image_2372.png,surface,0.0,0.0,2.802147981943218,-0.0389008324745642,5.425409809937941,0.0,2.321962148420325,2.9413738846254773,0.0,0.0,0.0,-2.312376420821645,0,0,0,0,0,0,0.4475688234762303,0.6180688237765787,1.9678111330075223,0.0,0.0,0.0
image_2373.png,surface,0.0,0.0,0.6921411978968133,20.392422587153,-9.8609391989998,0.0,3.592108669277837,-0.2929578674794925,0.0,0.0,0.0,0.9229303716017254,0,0,0,0,0,0,0.2642876115537842,-0.0523512779053615,0.7196915352075025,0.0,0.0,0.0
image_2374.png,surface,0.0,0.0,0.9756461018080358,4.376915404989826,8.095571437702494,0.0,0.6960528391810259,2.0831227925040805,0.0,0.0,0.0,4.44782262145837,0,0,0,0,0,0,0.0181645180179387,0.1444863178897098,0.294096646107204,0.0,0.0,0.0
image_2375.png,surface,0.0,0.0,2.052470559849091,-5.96032487807031,-16.466874717073118,0.0,-2.357745604518261,0.8417706186691672,0.0,0.0,0.0,4.6481253504375495,0,0,0,0,0,0,-0.4907524520430276,0.2693922290337832,1.1658389910824425,0.0,0.0,0.0
image_2376.png,surface,0.0,0.0,0.5345784311542021,1.8069383199371587,-22.1292867995647,0.0,3.700957435664992,1.231667869592942,0.0,0.0,0.0,1.1666393115298055,0,0,0,0,0,0,0.2073826228051982,0.0067423172902545,0.5470781101481236,0.0,0.0,0.0
image_2377.png,surface,0.0,0.0,2.8156294910599504,-1.605104297392353,-22.883886819518825,0.0,0.8238075886968391,2.856638821131975,0.0,0.0,0.0,2.494731024316831,0,0,0,0,0,0,1.1732516290975878,1.1050195546593844,4.821802096918298,0.0,0.0,0.0
image_2378.png,surface,0.0,0.0,0.7684023308859851,-4.374252455279502,22.947337915011538,0.0,-4.612906876894801,0.628829827279118,0.0,0.0,0.0,0.8877431048727953,0,0,0,0,0,0,-0.1241291525983934,0.0457835749919662,0.4189260233166759,0.0,0.0,0.0
image_2379.png,surface,0.0,0.0,0.6510657441610295,-0.615759216364817,2.3567442001773244,0.0,-1.9805133581322047,-0.1142803043992447,0.0,0.0,0.0,2.677285047789427,0,0,0,0,0,0,-0.0616920937232769,0.0143750105922411,0.1383357005619726,0.0,0.0,0.0
image_2380.png,surface,0.0,0.0,0.9805743803087534,10.494630720422636,-8.853849662373426,0.0,0.8352659636001369,0.2715224613013431,0.0,0.0,0.0,-1.485402404600047,0,0,0,0,0,0,0.1912673296635658,0.0497603780973707,0.520963130961963,0.0,0.0,0.0
image_2381.png,surface,0.0,0.0,2.02586215884945,17.581063963229752,3.115127359103928,0.0,-3.7646046211209456,-1.8166769974736348,0.0,0.0,0.0,-1.8977983429582368,0,0,0,0,0,0,-0.6450264406885345,-0.12025582017114,1.6510014889702591,0.0,0.0,0.0
image_2383.png,surface,0.0,0.0,1.6976872894824084,-3.7964112430975314,21.32679372482197,0.0,2.944735965084694,0.1139680489162567,0.0,0.0,0.0,2.6539231091402726,0,0,0,0,0,0,0.3497797819410913,-0.0560842501241609,0.7677591745372417,0.0,0.0,0.0
image_2384.png,surface,0.0,0.0,1.838174773792552,-12.616748680869556,-15.52935004061048,0.0,3.2720371805629203,3.4983850251381643,0.0,0.0,0.0,-3.626151549095888,0,0,0,0,0,0,0.4550717411443998,0.3451512720532344,1.398683227051468,0.0,0.0,0.0
image_2385.png,surface,0.0,0.0,1.6077008275770917,2.263664600605088,-7.962894584116021,0.0,-2.069964761564297,-2.570242065055252,0.0,0.0,0.0,1.6707866480741798,0,0,0,0,0,0,-0.1730426969908822,-0.2609493879472699,0.6283103215918319,0.0,0.0,0.0
image_2386.png,surface,0.0,0.0,1.8408683209326928,-0.5394780076300032,11.920644891554684,0.0,-2.4704967620703853,-3.0968795734109835,0.0,0.0,0.0,-0.1527519537272059,0,0,0,0,0,0,-0.2237444621257847,-0.3534478146077847,0.9545521735882512,0.0,0.0,0.0
image_2387.png,surface,0.0,0.0,1.1733818663975009,10.363190553709892,22.86918042131412,0.0,0.6222368174739364,-4.883089148391339,0.0,0.0,0.0,-2.956852185679002,0,0,0,0,0,0,0.1058893010257744,-0.278832417101636,0.6731378724393889,0.0,0.0,0.0
image_2389.png,surface,0.0,0.0,2.274821463408312,-7.248946974701907,-12.418999104577871,0.0,-0.9904248102886098,0.7093646260715656,0.0,0.0,0.0,4.989845431925998,0,0,0,0,0,0,-0.1894638900212167,0.2867120874952162,1.36399574636076,0.0,0.0,0.0
image_2390.png,surface,0.0,0.0,1.802102580760829,-18.902589827216048,8.050177761944104,0.0,1.596018205009212,3.9200553917247545,0.0,0.0,0.0,3.2470614794005552,0,0,0,0,0,0,0.085389442812743,0.333541775645843,0.7974536587798735,0.0,0.0,0.0
image_2391.png,surface,0.0,0.0,2.648770967187544,11.817670902766771,-13.935487995226415,0.0,1.263233775954961,-1.8499150096464343,0.0,0.0,0.0,3.282150785491636,0,0,0,0,0,0,1.177497702179573,-0.2544367436211726,3.650292392741091,0.0,0.0,0.0
image_2392.png,surface,0.0,0.0,2.1519919679131254,8.123327868718244,8.95082033490365,0.0,-3.414149594892806,-1.0588389947578778,0.0,0.0,0.0,-0.296166388864477,0,0,0,0,0,0,-0.551186703686641,-0.0403689562068388,1.4443838823763069,0.0,0.0,0.0
image_2393.png,surface,0.0,0.0,1.7337387723556188,-16.234971672368353,10.57839036522065,0.0,4.707286508258589,-0.6928292487677066,0.0,0.0,0.0,-0.4185432509378595,0,0,0,0,0,0,0.3127887237580226,-0.1304133429763601,0.8544131191544431,0.0,0.0,0.0
image_2394.png,surface,0.0,0.0,2.605283152466049,9.915453628891624,16.99194635970309,0.0,-2.029532542432652,3.5802622327475992,0.0,0.0,0.0,-4.018073656215777,0,0,0,0,0,0,-0.8847515086915226,1.2777336237054937,3.888786128268989,0.0,0.0,0.0
image_2395.png,surface,0.0,0.0,1.960801367129888,9.035202346522071,-0.0864571714844538,0.0,3.562565237810653,-2.8790846985227647,0.0,0.0,0.0,0.3952989042946804,0,0,0,0,0,0,0.3621603570385681,-0.2599331637359994,1.0818579519877587,0.0,0.0,0.0
image_2396.png,surface,0.0,0.0,0.6900060827682388,0.7833998171889139,-2.425450703088867,0.0,-2.94764114775726,2.727888123211541,0.0,0.0,0.0,4.293193983991232,0,0,0,0,0,0,-0.065209181498356,0.047331507846285,0.1656185407241373,0.0,0.0,0.0
image_2397.png,surface,0.0,0.0,2.5065202669112017,5.923340163966179,-23.16214473778248,0.0,-1.017253758477729,-2.6853750718480094,0.0,0.0,0.0,-2.0904161403982,0,0,0,0,0,0,0.3505544239478049,-0.982262501522424,2.9733260353239634,0.0,0.0,0.0
image_2398.png,surface,0.0,0.0,2.6139758470453063,19.310541377309416,5.450813947543226,0.0,-0.7195344097540257,1.5484731917881769,0.0,0.0,0.0,-3.0027169489277608,0,0,0,0,0,0,-0.2458499142820043,1.3696893300054995,4.768922334446518,0.0,0.0,0.0
image_2399.png,surface,0.0,0.0,0.6201902403860435,19.145542278256062,-13.858636270946445,0.0,1.2578566987080249,-2.042488472565648,0.0,0.0,0.0,3.9612527539066384,0,0,0,0,0,0,0.16501472727494,-0.1835354411038926,0.5527901338127834,0.0,0.0,0.0
image_2400.png,surface,0.0,0.0,2.426039679868896,-14.52608526700904,18.508544004492705,0.0,4.3051137781064845,1.2058382673281252,0.0,0.0,0.0,-2.3931654731499643,0,0,0,0,0,0,0.644638358740181,0.0343140847065612,1.5403941128242051,0.0,0.0,0.0
image_2402.png,surface,0.0,0.0,2.4768327693073786,11.416138791731248,12.157953063017064,0.0,0.5586825605465928,1.9883754465773773,0.0,0.0,0.0,-1.029739702987107,0,0,0,0,0,0,0.109914700058697,1.050074230741043,2.577447960504076,0.0,0.0,0.0
image_2403.png,surface,0.0,0.0,1.494698640649947,1.8683040918990488,21.335238341085194,0.0,1.418390667687644,1.126760343568004,0.0,0.0,0.0,-1.965525285041542,0,0,0,0,0,0,0.2588849020767048,0.1978286503664341,0.6777467922376145,0.0,0.0,0.0
image_2405.png,surface,0.0,0.0,1.2304355509384677,7.0753440078795045,14.249068048814545,0.0,1.4855072162014933,-3.4780274771771142,0.0,0.0,0.0,0.805702658610854,0,0,0,0,0,0,0.1530526719256881,-0.1727298000710513,0.5016833763409012,0.0,0.0,0.0
image_2406.png,surface,0.0,0.0,2.144366461002443,8.468440025425382,-14.769393724319189,0.0,-1.4788137297969404,-0.0807230378468718,0.0,0.0,0.0,3.912380956098888,0,0,0,0,0,0,-0.3935858635152482,0.1557151234934982,1.559673867445267,0.0,0.0,0.0
image_2409.png,surface,0.0,0.0,1.5345894749395703,1.123845535511723,19.301357580096468,0.0,2.71854424675065,3.292703173270182,0.0,0.0,0.0,-0.0791759932720772,0,0,0,0,0,0,0.193891068012435,0.1985223885663879,0.6844926966515851,0.0,0.0,0.0
image_2410.png,surface,0.0,0.0,0.8854188852161089,-18.009376597053024,4.736620434520011,0.0,-1.0963989354257149,4.372496948895213,0.0,0.0,0.0,2.7439743616418983,0,0,0,0,0,0,-0.0167080692941175,0.1303283954416718,0.3077090371391693,0.0,0.0,0.0
image_2411.png,surface,0.0,0.0,1.552607609765123,7.351515913948504,-13.985240387513803,0.0,2.440067764890945,-3.191075798728534,0.0,0.0,0.0,-0.9583100347305038,0,0,0,0,0,0,0.3060360978566698,-0.272511691279834,0.9714336821515168,0.0,0.0,0.0
image_2413.png,surface,0.0,0.0,2.1946543789735737,-15.678212348674403,2.275848047367318,0.0,-2.239027114024286,3.7848599098386777,0.0,0.0,0.0,-2.288692361062777,0,0,0,0,0,0,-0.2502557858133127,0.3425556529377604,1.0672072141989246,0.0,0.0,0.0
image_2414.png,surface,0.0,0.0,1.211284238921456,7.574587084103186,-21.644330654300628,0.0,-1.254756941146977,-2.910271380430928,0.0,0.0,0.0,1.663518107013724,0,0,0,0,0,0,-0.0492521649160522,-0.3689648976108341,0.859828153316602,0.0,0.0,0.0
image_2415.png,surface,0.0,0.0,2.114126941007415,-14.55116062480672,-6.342197255590159,0.0,-2.555669007786337,-1.027027434236044,0.0,0.0,0.0,1.451225702859146,0,0,0,0,0,0,-0.4840865738713072,-0.2175081625692068,1.3674792322547669,0.0,0.0,0.0
image_2416.png,surface,0.0,0.0,1.0845937370936174,14.09922571471022,-1.411737306769272,0.0,-1.842714835773256,-3.480634312886932,0.0,0.0,0.0,0.9004785680873306,0,0,0,0,0,0,-0.0398651474358757,-0.1834111660068487,0.4409389745622661,0.0,0.0,0.0
image_2417.png,surface,0.0,0.0,2.412271694197929,-19.175872867596627,-3.2667136915597745,0.0,0.8300185806384545,2.3262108556034096,0.0,0.0,0.0,0.0417347216176242,0,0,0,0,0,0,0.200718266523471,0.4958198827452539,1.6351717251865314,0.0,0.0,0.0
image_2418.png,surface,0.0,0.0,2.305278998636177,8.490269933397743,-3.326230241003961,0.0,-0.3256103464270058,-0.4007495651886443,0.0,0.0,0.0,1.3935020745148785,0,0,0,0,0,0,0.0253554482374318,-0.0508930118932137,1.5357918920373153,0.0,0.0,0.0
image_2419.png,surface,0.0,0.0,0.794370768107341,7.120407519013105,8.87356520584037,0.0,-1.470832891530856,2.219744698190158,0.0,0.0,0.0,0.0409710389941766,0,0,0,0,0,0,-0.0559089117478115,0.062886345309196,0.2733297109698548,0.0,0.0,0.0
image_2420.png,surface,0.0,0.0,1.981637259658357,3.6790210050936056,22.73232888473545,0.0,1.0616367736025374,-1.085397157191057,0.0,0.0,0.0,-3.0021562555509007,0,0,0,0,0,0,0.3578473207968655,-0.2718509882322592,1.2131496421313688,0.0,0.0,0.0
image_2421.png,surface,0.0,0.0,0.7201250673240085,-1.9809117353115289,18.687074349842813,0.0,-4.027003414627036,2.277352880058832,0.0,0.0,0.0,-1.3293744391602955,0,0,0,0,0,0,-0.0712465191027432,0.0314683422945056,0.2855219115988791,0.0,0.0,0.0
image_2422.png,surface,0.0,0.0,2.922810796377073,-12.350511471523076,-20.180374711519928,0.0,-2.655027440003318,-3.1557561686363966,0.0,0.0,0.0,-3.988036824085289,0,0,0,0,0,0,-0.0390555019593105,-1.7321934956725469,4.53225966201675,0.0,0.0,0.0
image_2423.png,surface,0.0,0.0,1.3480990706098688,-9.037146852043596,16.720323194087154,0.0,2.878887000415339,0.158360199396272,0.0,0.0,0.0,1.3599369967807542,0,0,0,0,0,0,0.2124520383736916,-0.0173576129212945,0.5119484947093302,0.0,0.0,0.0
image_2424.png,surface,0.0,0.0,0.5506528741197032,-4.582175500168093,0.4255098911740508,0.0,0.8008059622325268,-3.7511149195719633,0.0,0.0,0.0,0.9596340432948304,0,0,0,0,0,0,0.0248943155693881,-0.0329124503842055,0.1162847882521531,0.0,0.0,0.0
image_2425.png,surface,0.0,0.0,1.759037621830053,0.1425520914141527,-14.256222857329853,0.0,3.347689146365124,-2.147241942762066,0.0,0.0,0.0,-0.6662774740397248,0,0,0,0,0,0,0.4618776331955263,-0.2819974993200196,1.2872652705339225,0.0,0.0,0.0
image_2427.png,surface,0.0,0.0,2.1273570303167784,19.010351061407672,2.520861254480674,0.0,-1.8659079014616464,-1.5623615431410396,0.0,0.0,0.0,0.4678761707536125,0,0,0,0,0,0,-0.648423299154124,-0.2448235142789548,1.885949214498359,0.0,0.0,0.0
image_2428.png,surface,0.0,0.0,2.3275152148484404,12.412384319084008,0.6566291655400631,0.0,-3.6420299218949097,-3.4252383714205195,0.0,0.0,0.0,0.4785486965477412,0,0,0,0,0,0,-0.4819133149605271,-0.3392426990849196,1.6156374081347558,0.0,0.0,0.0
image_2429.png,surface,0.0,0.0,2.648164933282096,6.7662201391208,16.766603259950532,0.0,-4.8444290141762245,-0.5431027826648338,0.0,0.0,0.0,-0.9846185733633828,0,0,0,0,0,0,-1.4635688861559428,0.0453619835235135,3.885150798118063,0.0,0.0,0.0
image_2430.png,surface,0.0,0.0,2.7216087548244423,10.406453817095034,1.6610518842109916,0.0,0.0286637115029396,-3.063808141924238,0.0,0.0,0.0,-0.1328942571009008,0,0,0,0,0,0,0.1858311386066285,-0.8343924401676333,1.9104341009264283,0.0,0.0,0.0
image_2432.png,surface,0.0,0.0,1.394399356252393,24.52769781337581,1.6622160364624423,0.0,-0.0026296436716182,-2.8295559241141586,0.0,0.0,0.0,0.3069725793362554,0,0,0,0,0,0,0.1313322579378349,-0.4435393944521326,1.0005743814571515,0.0,0.0,0.0
image_2433.png,surface,0.0,0.0,2.9361822383515865,-4.1374939293808985,-13.22104943349226,0.0,-1.0698669430381946,0.1933541706622051,0.0,0.0,0.0,0.9478367954255996,0,0,0,0,0,0,-0.0621273542614303,-0.0739546944585733,2.981076791438127,0.0,0.0,0.0
image_2434.png,surface,0.0,0.0,1.5848045557964523,-4.638792574078191,7.89434007885399,0.0,-0.3883076791211313,2.592450468491408,0.0,0.0,0.0,2.768408985615862,0,0,0,0,0,0,-0.0542287451949394,0.2227513131824634,0.5144003328578051,0.0,0.0,0.0
image_2435.png,surface,0.0,0.0,1.511764665708691,2.2732083346268896,5.496236084294174,0.0,2.015587699823412,1.7954269819264872,0.0,0.0,0.0,-2.5104015453319906,0,0,0,0,0,0,0.1965543755011359,0.1191908297825486,0.4575525226721452,0.0,0.0,0.0
image_2436.png,surface,0.0,0.0,2.8134015797851504,-16.15089130760252,-10.641612346797272,0.0,-0.9326262746644404,1.7185101319400466,0.0,0.0,0.0,1.233116655126576,0,0,0,0,0,0,-0.1785062820677033,0.6713435128460515,2.335821320675352,0.0,0.0,0.0
image_2437.png,surface,0.0,0.0,0.9682558245552932,-17.288308551425303,-2.075240030132075,0.0,-0.5296263687492306,-1.0856620354702573,0.0,0.0,0.0,0.2632092091822677,0,0,0,0,0,0,-0.0171372422722967,-0.1272042138881381,0.3762644861339818,0.0,0.0,0.0
image_2439.png,surface,0.0,0.0,1.713564935135406,-6.212220145997165,-9.50347193831966,0.0,-0.1556868308772493,2.236858408062464,0.0,0.0,0.0,-1.1530151831954472,0,0,0,0,0,0,-0.0488869113176017,0.2666754810262542,0.7138566963350412,0.0,0.0,0.0
image_2441.png,surface,0.0,0.0,1.5885337561670982,-9.965706471715391,-17.02416505563288,0.0,-3.5071747595682305,-1.712469476654671,0.0,0.0,0.0,-1.483587189868112,0,0,0,0,0,0,-0.3426010268415466,-0.1195117426913709,0.9798744364331488,0.0,0.0,0.0
image_2442.png,surface,0.0,0.0,2.658055280137253,-16.432736880252925,-8.779797795728587,0.0,2.868644064219624,-1.430844742215036,0.0,0.0,0.0,3.592079042791396,0,0,0,0,0,0,1.1974496799949292,-0.8885606514538268,3.530616788251728,0.0,0.0,0.0
image_2443.png,surface,0.0,0.0,2.175617453305562,15.290672284241491,19.834381093499463,0.0,-0.7912183242936892,-3.634865763493793,0.0,0.0,0.0,-1.8855760100686805,0,0,0,0,0,0,-0.1287861359786366,-0.697648932754506,1.9083886694655867,0.0,0.0,0.0
image_2445.png,surface,0.0,0.0,1.1550529711070214,4.6932101072834005,16.754716228308897,0.0,-0.7199840385576343,4.443878558269445,0.0,0.0,0.0,-1.9726466331955888,0,0,0,0,0,0,-0.0364226322704803,0.1445901426543287,0.4735051016636745,0.0,0.0,0.0
image_2446.png,surface,0.0,0.0,2.531006270396178,-8.268806322041112,-20.116513703761587,0.0,0.2805406279177663,-0.1052280767595102,0.0,0.0,0.0,4.509670856880753,0,0,0,0,0,0,0.9167401144658142,-0.2921912034826068,3.563147187292685,0.0,0.0,0.0
image_2447.png,surface,0.0,0.0,0.7919330223976688,16.901894684531783,15.956350739363538,0.0,3.223220854324645,2.013831728227616,0.0,0.0,0.0,2.533704208043165,0,0,0,0,0,0,0.2032506914727277,0.0232473086596782,0.5011496884379089,0.0,0.0,0.0
image_2448.png,surface,0.0,0.0,2.504825246065108,-19.24260733955947,10.512735467434528,0.0,4.525797326325352,-0.9635423984092976,0.0,0.0,0.0,1.0269449565985465,0,0,0,0,0,0,0.7485530074993326,-0.3357976046225637,1.998995030770219,0.0,0.0,0.0
image_2449.png,surface,0.0,0.0,2.621823098867441,-7.009957647522378,12.219238476868233,0.0,0.1251844937460188,4.814130112317692,0.0,0.0,0.0,-1.041911500945012,0,0,0,0,0,0,-0.0865993453576101,0.5798172635269684,1.6540763351728545,0.0,0.0,0.0
image_2450.png,surface,0.0,0.0,1.5164912076635093,-0.4492329046076571,-21.29433692889388,0.0,-4.065934742517218,0.1403330445246176,0.0,0.0,0.0,4.332282070197145,0,0,0,0,0,0,-0.3973662382592103,0.0835600582883199,0.9237635174942986,0.0,0.0,0.0
image_2451.png,surface,0.0,0.0,2.250034591104748,6.747770070671895,-13.528760539403804,0.0,-4.006262082326231,1.1251333227155045,0.0,0.0,0.0,0.4630559990780378,0,0,0,0,0,0,-0.5650359026278869,0.2302518658749352,1.597657261712612,0.0,0.0,0.0
image_2453.png,surface,0.0,0.0,0.9623347562899864,-5.788014531923206,-22.325075547343005,0.0,0.5654245667802444,-1.831185212847512,0.0,0.0,0.0,3.1405934129106434,0,0,0,0,0,0,0.2140500228669122,-0.2821862716193268,0.7946512390382199,0.0,0.0,0.0
image_2454.png,surface,0.0,0.0,2.0453523956771886,21.940674180930444,-10.782819695979803,0.0,0.7951443004687564,3.69924729902631,0.0,0.0,0.0,-4.025386080663587,0,0,0,0,0,0,0.4509093720120586,1.3128216748392136,4.221124080579923,0.0,0.0,0.0
image_2455.png,surface,0.0,0.0,0.6185763268946354,-4.359600335460138,17.023191901571565,0.0,3.457500814382742,2.993072220231699,0.0,0.0,0.0,-3.735921506304885,0,0,0,0,0,0,0.1126738866169914,0.0253741432318724,0.1990376752688219,0.0,0.0,0.0
image_2456.png,surface,0.0,0.0,1.346509187565573,-23.659399227204872,3.869615806350425,0.0,-3.90003783558113,1.643311747286116,0.0,0.0,0.0,-4.346044515129641,0,0,0,0,0,0,-0.2296417858507657,0.115462576871232,0.6593892681769532,0.0,0.0,0.0
image_2457.png,surface,0.0,0.0,0.8529669603156813,4.103935280777572,13.558657886890549,0.0,-0.2929881484667357,-1.4130809812620886,0.0,0.0,0.0,1.2050913627186055,0,0,0,0,0,0,0.0054445614519019,-0.1311684321735887,0.2898092788530413,0.0,0.0,0.0
image_2460.png,surface,0.0,0.0,2.9735144200753107,-2.0260749060241574,0.2954078298788984,0.0,1.1747660823166897,-1.920755955106475,0.0,0.0,0.0,-0.3976039591714926,0,0,0,0,0,0,0.6939749885508747,-0.873699552190869,2.9645458644680414,0.0,0.0,0.0
image_2461.png,surface,0.0,0.0,2.9170062125471583,7.814939303031423,18.715207861037364,0.0,1.477115911989655,4.427430236321681,0.0,0.0,0.0,4.069119068656535,0,0,0,0,0,0,0.019643795091663,1.3171870342606915,3.573798615314744,0.0,0.0,0.0
image_2462.png,surface,0.0,0.0,2.706653351730646,-6.539333056295816,-1.3621412660183672,0.0,-3.267415413002767,2.882340369628612,0.0,0.0,0.0,-0.784135975420508,0,0,0,0,0,0,-0.4267874156143935,0.3968591510384571,1.681622669780848,0.0,0.0,0.0
image_2463.png,surface,0.0,0.0,1.918703211641278,-1.418181969612764,11.889907634169877,0.0,-1.1409063541484392,-0.5271303375087528,0.0,0.0,0.0,-1.0960936882772754,0,0,0,0,0,0,-0.3800806117125431,-0.1437501059224118,1.0502363854845316,0.0,0.0,0.0
image_2464.png,surface,0.0,0.0,2.715157128368363,-18.52382402906033,15.388171366566796,0.0,-1.1059725133728324,3.490419513802427,0.0,0.0,0.0,3.886467155988228,0,0,0,0,0,0,-0.3395070244846724,0.771068772365042,2.0839384944933106,0.0,0.0,0.0
image_2465.png,surface,0.0,0.0,1.3872945428934096,-3.580484018369808,4.525956378988129,0.0,-4.103825190363335,-1.5148705649797949,0.0,0.0,0.0,-3.69956375849022,0,0,0,0,0,0,-0.1335572611083955,-0.0426342237985248,0.3835954375378439,0.0,0.0,0.0
image_2466.png,surface,0.0,0.0,1.0023281295756257,15.249005832150642,3.1018963916242166,0.0,4.577542849621251,1.1864228945265232,0.0,0.0,0.0,4.34893111591362,0,0,0,0,0,0,0.230597532766711,0.0021048111372749,0.4932582530857167,0.0,0.0,0.0
image_2467.png,surface,0.0,0.0,1.815113467576725,-6.669560661945155,-8.45808095470068,0.0,-0.0015663034483828,-1.1548240656275803,0.0,0.0,0.0,-1.7124298195253598,0,0,0,0,0,0,0.2039598922097188,-0.3785623959281095,1.0212743264811548,0.0,0.0,0.0
image_2470.png,surface,0.0,0.0,0.5143406188052044,-9.353081393963604,4.672739975563748,0.0,2.0210461430091726,-4.398839643969843,0.0,0.0,0.0,-2.49534954734681,0,0,0,0,0,0,0.0657570618960317,-0.0336439430440208,0.1279433009781853,0.0,0.0,0.0
image_2471.png,surface,0.0,0.0,2.63887863190468,6.715115508171657,18.93535577224547,0.0,4.78510556364624,1.1169089945252826,0.0,0.0,0.0,4.32966434710991,0,0,0,0,0,0,0.7898266641242332,0.0601051000994037,1.9215365957116848,0.0,0.0,0.0
image_2472.png,surface,0.0,0.0,2.020588742171717,10.182758122727453,18.39454037094196,0.0,0.947014103235618,4.301628431818044,0.0,0.0,0.0,0.4164416438297502,0,0,0,0,0,0,0.0431113387921041,0.5674259351799474,1.68110907891186,0.0,0.0,0.0
image_2473.png,surface,0.0,0.0,2.849111242008251,-2.3617287733088435,5.861560793971966,0.0,-1.0686259196492884,4.412282725421984,0.0,0.0,0.0,-1.5711950855724153,0,0,0,0,0,0,-0.2586337902277699,0.709225394009518,2.0223075902147283,0.0,0.0,0.0
image_2474.png,surface,0.0,0.0,2.363039830232167,8.325306397419052,-17.914460061224023,0.0,-2.5730996310508805,-3.488673274174668,0.0,0.0,0.0,3.941546887193837,0,0,0,0,0,0,-0.3480843964882839,-0.6203246527533001,1.804460207620157,0.0,0.0,0.0
image_2475.png,surface,0.0,0.0,1.415648627712864,-13.223250647391444,-12.039646192898438,0.0,-0.3913088326351537,-4.152949465114221,0.0,0.0,0.0,1.5437044384847065,0,0,0,0,0,0,0.1338038072873497,-0.3043103850981273,0.8483058538210397,0.0,0.0,0.0
image_2476.png,surface,0.0,0.0,2.0869978919183807,-10.487456033760662,-8.208659687925373,0.0,-3.572504739237847,0.3921092730941567,0.0,0.0,0.0,-3.6408194659706927,0,0,0,0,0,0,-0.4236371033277582,0.0827042905314607,1.0679150763966174,0.0,0.0,0.0
image_2477.png,surface,0.0,0.0,1.4242991603243458,-5.594578615538273,13.621152450153843,0.0,2.9902297383148664,-0.1028037587738342,0.0,0.0,0.0,4.9244732599022765,0,0,0,0,0,0,0.2537256949985921,-0.0471175659070702,0.4518516640263759,0.0,0.0,0.0
image_2478.png,surface,0.0,0.0,2.8039137077378,-12.670823178615391,9.701730755560384,0.0,4.014869469897706,-0.3176541780205657,0.0,0.0,0.0,1.6638795127801354,0,0,0,0,0,0,0.8489733968333076,-0.2889820743943849,2.070044744985292,0.0,0.0,0.0
image_2479.png,surface,0.0,0.0,0.5492118955410348,-5.634878902048297,16.743083691891677,0.0,-0.0230053714014131,-1.3966810039443085,0.0,0.0,0.0,-2.266279229480816,0,0,0,0,0,0,0.0551129632811883,-0.0697230487491041,0.1944153574479283,0.0,0.0,0.0
image_2480.png,surface,0.0,0.0,1.8869753444074413,18.587113645271305,12.839167352655805,0.0,4.547930931144563,0.6753275272604226,0.0,0.0,0.0,-2.7864063690763774,0,0,0,0,0,0,0.5895489847538922,-0.0326764850100715,1.444651842829692,0.0,0.0,0.0
image_2481.png,surface,0.0,0.0,1.7683284778833377,10.82072173048744,-4.617132164514554,0.0,1.762291572983798,-2.865601212165344,0.0,0.0,0.0,1.0965622474676897,0,0,0,0,0,0,0.3050088221110282,-0.325037583562055,0.9802451150603312,0.0,0.0,0.0
image_2482.png,surface,0.0,0.0,0.9753489078114106,-11.946532527877734,-20.50050623874464,0.0,-3.9115577436922737,2.09842201607114,0.0,0.0,0.0,3.086784402230734,0,0,0,0,0,0,-0.2195562208635529,0.1345411639212103,0.6164754015673211,0.0,0.0,0.0
image_2483.png,surface,0.0,0.0,1.5703666547236868,2.7479587466790507,-7.888122802261497,0.0,-1.0077572536180128,-0.2504126243841288,0.0,0.0,0.0,-2.012812130061139,0,0,0,0,0,0,-0.220145192291054,-0.0488825869055923,0.6459555174472439,0.0,0.0,0.0
image_2484.png,surface,0.0,0.0,1.2422300634423236,7.460318308607147,-4.810659845723576,0.0,-0.125565782296778,-0.0986058529305919,0.0,0.0,0.0,-2.005242910688796,0,0,0,0,0,0,0.0553564656801553,-0.0575000423689647,0.4671142448504388,0.0,0.0,0.0
image_2485.png,surface,0.0,0.0,2.176024604159811,-10.549418492655096,2.525988265113722,0.0,-3.230524419622047,2.611606168682081,0.0,0.0,0.0,2.703560977799947,0,0,0,0,0,0,-0.3142893072916564,0.2465932545849593,0.9938798361300792,0.0,0.0,0.0
image_2486.png,surface,0.0,0.0,2.3828218206442324,9.965331499332324,-0.5685214042306538,0.0,3.194485309390932,-3.512869571445805,0.0,0.0,0.0,0.1850141458190748,0,0,0,0,0,0,0.5458357384693417,-0.4853430201337056,1.6669920290260192,0.0,0.0,0.0
image_2487.png,surface,0.0,0.0,2.4284892200680392,-18.45479925145401,-11.57658142249777,0.0,2.278811844413305,-2.990770568274959,0.0,0.0,0.0,3.2503437815360456,0,0,0,0,0,0,0.946794398058312,-1.142051960475968,3.5870492597346404,0.0,0.0,0.0
image_2488.png,surface,0.0,0.0,1.4858798123054946,8.870370123184475,-11.203715125017768,0.0,-0.7870274846709545,-0.7008347809289059,0.0,0.0,0.0,-1.7669343639446675,0,0,0,0,0,0,-0.074180723010295,-0.1546233903625051,0.7585993930390263,0.0,0.0,0.0
image_2489.png,surface,0.0,0.0,0.9784733953721598,10.186403531499334,7.670063760124915,0.0,3.280821252955321,3.549270698530905,0.0,0.0,0.0,-1.744829840618625,0,0,0,0,0,0,0.1263435025389992,0.0878420432776043,0.3535258086604738,0.0,0.0,0.0
image_2490.png,surface,0.0,0.0,1.2351252741862262,12.556084583978706,-8.068221105767337,0.0,-0.1401035821093798,-2.168757067338777,0.0,0.0,0.0,3.745705283737341,0,0,0,0,0,0,0.0510190791985562,-0.2865280345033917,0.5516066418103326,0.0,0.0,0.0
image_2491.png,surface,0.0,0.0,1.8368352748667875,-5.00922307885588,9.879408550434851,0.0,1.822447879728908,-4.655952011647111,0.0,0.0,0.0,-1.0080710039826457,0,0,0,0,0,0,0.1918289070711835,-0.3340986539287993,0.7997715167016543,0.0,0.0,0.0
image_2492.png,surface,0.0,0.0,2.038256525252089,19.22758804970256,-12.03368699720028,0.0,-1.0074344670669182,2.8231164149176595,0.0,0.0,0.0,-2.25212302497539,0,0,0,0,0,0,-0.0641316833829272,1.1846594415320917,3.460484838589499,0.0,0.0,0.0
image_2493.png,surface,0.0,0.0,2.487182444343432,-0.5411092358867954,19.10827672836306,0.0,-4.455625148030918,-0.1552316652126399,0.0,0.0,0.0,-4.6287371504622925,0,0,0,0,0,0,-1.1941852259587789,-0.0312795699951984,2.985893380587726,0.0,0.0,0.0
image_2494.png,surface,0.0,0.0,2.2993409787796053,13.143556091946696,-0.1905434472991899,0.0,1.1201609918076216,-3.3439229602706764,0.0,0.0,0.0,-0.6991778875627643,0,0,0,0,0,0,0.3795099029649639,-0.5555081106836877,1.5294233652618614,0.0,0.0,0.0
image_2496.png,surface,0.0,0.0,2.359977471932133,-23.5075239611906,-4.735156356444877,0.0,-3.315125410492068,1.7823292753390647,0.0,0.0,0.0,0.0833489994681979,0,0,0,0,0,0,-0.5816092846575759,0.2362768484278224,1.7793344491077432,0.0,0.0,0.0
image_2497.png,surface,0.0,0.0,0.7877767613719315,11.248804159522482,17.53700603631821,0.0,-1.9392728647001864,-4.463676359586392,0.0,0.0,0.0,-3.398540683510256,0,0,0,0,0,0,0.0070425459451226,-0.2021059160482357,0.4116642950299385,0.0,0.0,0.0
image_2498.png,surface,0.0,0.0,2.794386182018596,10.065440293486226,9.007870955294528,0.0,0.6986660388170465,3.319719264484195,0.0,0.0,0.0,4.493374192626972,0,0,0,0,0,0,0.0463301361284487,1.3376216356606938,3.3341079897617294,0.0,0.0,0.0
image_2499.png,surface,0.0,0.0,2.2244251486165743,-2.889583789730518,-3.619325097618185,0.0,-3.0284085792688566,0.7649593588374235,0.0,0.0,0.0,3.5624726411347503,0,0,0,0,0,0,-0.4397082616595782,0.1408524511280467,1.0278259595664203,0.0,0.0,0.0
image_2500.png,surface,0.0,0.0,0.779783416224848,-17.968849947926383,-0.992286893116174,0.0,-3.458012448525324,1.9792760306187325,0.0,0.0,0.0,2.710331506999956,0,0,0,0,0,0,-0.0749020988672347,0.0359422457880856,0.2755671807556209,0.0,0.0,0.0
image_2502.png,surface,0.0,0.0,2.196047286508513,-13.947208649803963,2.739307474907392,0.0,1.6123032083368198,-0.7866520260877995,0.0,0.0,0.0,4.299227688031275,0,0,0,0,0,0,0.5413355097584336,-0.3417911251255667,1.3205057647763507,0.0,0.0,0.0
image_2503.png,surface,0.0,0.0,2.279742816886878,21.12840880502329,10.099434532270456,0.0,0.1713265298317491,1.510505560662838,0.0,0.0,0.0,-2.670946964471118,0,0,0,0,0,0,0.0258044057855271,1.2357632491595314,3.8712347185722575,0.0,0.0,0.0
image_2504.png,surface,0.0,0.0,1.7185721896392046,3.081286727067882,21.817610978698266,0.0,2.836228152918684,-0.9930814397980016,0.0,0.0,0.0,-0.4529518399242871,0,0,0,0,0,0,0.3591241865014485,-0.1539626873149298,0.8944620419166325,0.0,0.0,0.0
image_2505.png,surface,0.0,0.0,2.011763037024724,19.08701300920244,-14.00810824443283,0.0,-2.3538080036293003,-1.8666446959081693,0.0,0.0,0.0,3.6258386576971553,0,0,0,0,0,0,-0.6257654009302474,-0.2869999652516597,1.7081373566433091,0.0,0.0,0.0
image_2506.png,surface,0.0,0.0,1.570284055781909,12.441915152224864,13.559814888437607,0.0,1.5500341089863827,2.0950453467211143,0.0,0.0,0.0,-2.13795737170438,0,0,0,0,0,0,0.212817291972142,0.279416038126994,0.918183241052552,0.0,0.0,0.0
image_2507.png,surface,0.0,0.0,1.9187738937199512,6.6693214672093015,18.330120890597435,0.0,-2.842646083367665,-1.1309167789913177,0.0,0.0,0.0,2.188576748662693,0,0,0,0,0,0,-0.5352403403342919,-0.1179763946570058,1.601690066536058,0.0,0.0,0.0
image_2508.png,surface,0.0,0.0,2.474477906426136,-13.263726609178454,4.0180256546805575,0.0,-3.8773075039026734,-0.6684806283154898,0.0,0.0,0.0,-3.5611367577415978,0,0,0,0,0,0,-0.6180615937829299,-0.085721501115387,1.6604202989067478,0.0,0.0,0.0
image_2509.png,surface,0.0,0.0,0.9994110283223446,-19.555500188412363,-6.333743234011792,0.0,-1.7760011537370584,-3.241858442712718,0.0,0.0,0.0,-1.399498815161222,0,0,0,0,0,0,-0.028982112092046,-0.2096033225357188,0.5418930753751212,0.0,0.0,0.0
image_2510.png,surface,0.0,0.0,2.689740100025344,-2.642167210027882,-4.036159202136583,0.0,4.500740616107018,1.8187015241951208,0.0,0.0,0.0,-0.9441604120043304,0,0,0,0,0,0,0.835900361788769,0.0888456826689207,2.1844459945505244,0.0,0.0,0.0
image_2511.png,surface,0.0,0.0,1.265022595130738,9.979870746208544,-3.0758155444880293,0.0,1.1821929290161777,-0.6271890474934471,0.0,0.0,0.0,0.1899093916886585,0,0,0,0,0,0,0.2356486856552818,-0.0866748012268883,0.5713017351341416,0.0,0.0,0.0
image_2512.png,surface,0.0,0.0,0.8689162716064296,-12.122160457903862,11.759427801985842,0.0,-2.008492797893905,-0.5703447738657718,0.0,0.0,0.0,2.479555565629137,0,0,0,0,0,0,-0.0816532028785937,-0.029372969772196,0.2795106654279388,0.0,0.0,0.0
image_2514.png,surface,0.0,0.0,1.811024373249244,7.676219570840845,-17.15847822912609,0.0,3.1761680963695187,-1.4017165480703704,0.0,0.0,0.0,-0.3356288738754811,0,0,0,0,0,0,0.7401308682750619,-0.2260768518552582,1.8687662504250373,0.0,0.0,0.0
image_2515.png,surface,0.0,0.0,1.2288337232634463,-20.69292316164264,-6.261183789745459,0.0,1.15225033734939,-2.5609417302309097,0.0,0.0,0.0,-1.4901366463379229,0,0,0,0,0,0,0.1764654275863617,-0.3134280871546639,0.7780466229434543,0.0,0.0,0.0
image_2516.png,surface,0.0,0.0,2.070426804308349,15.52941856711405,14.21875679692231,0.0,-3.086813885814056,-3.630759343763676,0.0,0.0,0.0,-0.9564779751536614,0,0,0,0,0,0,-0.4830486448957107,-0.4839366665038672,1.8400944819128264,0.0,0.0,0.0
image_2517.png,surface,0.0,0.0,2.285879685110257,-5.754908006553162,5.3917692394456616,0.0,2.983829274148684,-2.8193295454117395,0.0,0.0,0.0,-0.4744794887428005,0,0,0,0,0,0,0.4575235059239982,-0.3945529827819212,1.3130162701042354,0.0,0.0,0.0
image_2518.png,surface,0.0,0.0,1.1814700194224543,-0.1591900895801394,-6.882249628961831,0.0,1.7908377264278346,-3.8464452551244905,0.0,0.0,0.0,-3.853347577891151,0,0,0,0,0,0,0.1211386387610805,-0.1434166081936358,0.3974199639287398,0.0,0.0,0.0
image_2519.png,surface,0.0,0.0,0.7916021011560224,17.7144607061235,7.997111030129714,0.0,2.1790609156179053,3.465126092816354,0.0,0.0,0.0,-1.2413572019042798,0,0,0,0,0,0,0.0968036177643196,0.1415918093003332,0.4917844705920978,0.0,0.0,0.0
image_2520.png,surface,0.0,0.0,1.7757627928691473,-8.647187972533489,-22.18175965139608,0.0,-3.046555349849402,1.7342256162010117,0.0,0.0,0.0,-1.7501459648467623,0,0,0,0,0,0,-0.4491531109595089,0.2661075910258385,1.306183278542914,0.0,0.0,0.0
image_2521.png,surface,0.0,0.0,1.2074482927615735,17.594987028665667,9.966759291619448,0.0,2.2330637929148747,0.4640707007124406,0.0,0.0,0.0,4.998337916654954,0,0,0,0,0,0,0.328420055881708,0.0229641502107175,0.7239521064163267,0.0,0.0,0.0
image_2522.png,surface,0.0,0.0,1.3130628524761083,-3.063526448399119,11.081574350510808,0.0,-4.142056764427362,2.4488439873964523,0.0,0.0,0.0,1.735064045476595,0,0,0,0,0,0,-0.1053642489780018,0.0701383478075799,0.4232803806841848,0.0,0.0,0.0
image_2524.png,surface,0.0,0.0,2.328001164106296,15.204453545259106,13.903255707451338,0.0,0.7106615752361645,2.252839079836323,0.0,0.0,0.0,4.331482999926251,0,0,0,0,0,0,-0.028998852881975,1.2537123486186557,3.109423149598281,0.0,0.0,0.0
image_2525.png,surface,0.0,0.0,0.5373999504418236,17.83105785673462,15.706770226256674,0.0,1.8717870053004213,-0.6034039438314863,0.0,0.0,0.0,1.5153790714100044,0,0,0,0,0,0,0.1903907210272848,-0.0620746244221752,0.3985342328140662,0.0,0.0,0.0
image_2527.png,surface,0.0,0.0,0.8087253542031276,15.27313063858179,-15.881456318775802,0.0,3.0744272460496047,2.3802954257870947,0.0,0.0,0.0,3.670710658213349,0,0,0,0,0,0,0.2856549470631349,0.133726296829201,0.8641869766916669,0.0,0.0,0.0
image_2528.png,surface,0.0,0.0,2.633069558528721,11.142391248597413,-13.440351970756083,0.0,-0.9515065468005592,-2.4281801385942314,0.0,0.0,0.0,0.9392834924537308,0,0,0,0,0,0,0.0491578077364525,-0.6558217105355193,2.4938509980592447,0.0,0.0,0.0
image_2529.png,surface,0.0,0.0,1.1494418720448667,21.85092109937856,-3.2181570919485987,0.0,-4.090986132418424,-2.2530315755880017,0.0,0.0,0.0,0.7879633362540872,0,0,0,0,0,0,-0.2762116196531974,-0.1069772620173746,0.8880756511109523,0.0,0.0,0.0
image_2530.png,surface,0.0,0.0,1.5100085861524395,2.321522034996054,-10.84748079211119,0.0,0.3300837327653212,1.1342951331830184,0.0,0.0,0.0,1.3498915250558063,0,0,0,0,0,0,0.1126008358973012,0.2956960758397436,0.7535952315720588,0.0,0.0,0.0
image_2531.png,surface,0.0,0.0,0.6185586218736743,21.10793937539257,10.158385650388862,0.0,-1.5122373665337705,4.599140591568257,0.0,0.0,0.0,4.9904894954780055,0,0,0,0,0,0,-0.0903431947417272,0.1820834675017216,0.5819486971486448,0.0,0.0,0.0
image_2532.png,surface,0.0,0.0,0.8728569645167199,19.012085480950827,-4.08079814708621,0.0,3.4406043709503904,-0.2053649922404943,0.0,0.0,0.0,4.7391960931857735,0,0,0,0,0,0,0.2809827447829567,-0.0802486775379732,0.6278011967304005,0.0,0.0,0.0
image_2533.png,surface,0.0,0.0,0.5044744758055513,-14.58020115222437,3.5109391749069365,0.0,4.478738996065161,1.748420922489586,0.0,0.0,0.0,-4.288073392525447,0,0,0,0,0,0,0.0942042296553471,0.0168762435580612,0.1526403227651834,0.0,0.0,0.0
image_2534.png,surface,0.0,0.0,1.4000882732255555,-6.864813274442326,-19.823381391844187,0.0,3.232988774632449,0.3836536284447894,0.0,0.0,0.0,1.1401979370002753,0,0,0,0,0,0,0.4807764631353498,-0.0843623405603754,1.269374444262908,0.0,0.0,0.0
image_2538.png,surface,0.0,0.0,0.9386457518584024,-2.9379497863476374,4.720805993058618,0.0,0.0367917140504105,-3.344097987729033,0.0,0.0,0.0,-0.4815810050893798,0,0,0,0,0,0,0.0499552780930693,-0.1111585684470285,0.2309249692216548,0.0,0.0,0.0
image_2539.png,surface,0.0,0.0,2.1933538825025973,-19.36216450940999,15.30520677221487,0.0,2.1190124128433783,2.3160370737600977,0.0,0.0,0.0,-0.1472257974088977,0,0,0,0,0,0,0.3511570923852483,0.3157200974887519,1.2657212500817565,0.0,0.0,0.0
image_2540.png,surface,0.0,0.0,2.364643909733473,-6.803103846261877,-16.676418564743216,0.0,1.8704486795925523,-1.036165555930383,0.0,0.0,0.0,-2.135959617359425,0,0,0,0,0,0,1.3188584542298645,-0.8065957190946521,3.58485198401688,0.0,0.0,0.0
image_2541.png,surface,0.0,0.0,1.3600022149764226,3.943198778476477,-16.043164903759365,0.0,-4.359695588143593,0.3537916905372766,0.0,0.0,0.0,3.5685625361311875,0,0,0,0,0,0,-0.2796358721386704,0.0879018211723849,0.7086180694713612,0.0,0.0,0.0
image_2543.png,surface,0.0,0.0,2.355506891568739,14.828785338784195,18.26957231359114,0.0,-3.4602307612195986,-0.0934206371072648,0.0,0.0,0.0,-3.469606306334374,0,0,0,0,0,0,-1.7321124630766724,0.4194740724954565,4.436140014383722,0.0,0.0,0.0
image_2544.png,surface,0.0,0.0,1.803676314957936,10.370838959882397,-17.681014498518444,0.0,2.031124589859341,2.575117666606053,0.0,0.0,0.0,-0.3026334349788895,0,0,0,0,0,0,0.6187510099500054,0.5289635791961109,2.3288990089629045,0.0,0.0,0.0
image_2545.png,surface,0.0,0.0,1.6743283092595416,18.587879041400097,-14.923589518202917,0.0,3.0540705879935155,3.0898412689347112,0.0,0.0,0.0,3.909202047032755,0,0,0,0,0,0,0.7570055845234729,0.6889528221664221,2.938531370451899,0.0,0.0,0.0
image_2547.png,surface,0.0,0.0,1.732265318242448,2.538382491694585,19.83145990594032,0.0,-2.9479438475135806,-0.3261959144266216,0.0,0.0,0.0,4.198588862413253,0,0,0,0,0,0,-0.4597515528745461,-0.0190376863851283,1.230028917690855,0.0,0.0,0.0
image_2548.png,surface,0.0,0.0,1.2374386484604232,-18.28085140172314,-15.437789192059784,0.0,4.395864976445536,-1.4795666617301668,0.0,0.0,0.0,4.4678568040694735,0,0,0,0,0,0,0.4093115528185334,-0.1794500939263867,1.0745180685687836,0.0,0.0,0.0
image_2549.png,surface,0.0,0.0,2.371079320105375,4.603726023397847,-17.98578350121183,0.0,2.4006849321826422,3.675374653998922,0.0,0.0,0.0,-0.4505145876009155,0,0,0,0,0,0,0.8609598024224567,0.8475372846093892,3.476957707461353,0.0,0.0,0.0
image_2550.png,surface,0.0,0.0,1.174617969040065,6.473022635310174,-10.606208759223248,0.0,0.0664758560555562,4.92552970670538,0.0,0.0,0.0,-0.0768023271364484,0,0,0,0,0,0,-0.0146215581129693,0.1716223359151158,0.5445726799089724,0.0,0.0,0.0
image_2552.png,surface,0.0,0.0,1.0218369736541093,-14.228266423726424,4.628271354688765,0.0,0.3737319532501418,4.880003766855171,0.0,0.0,0.0,2.9060457344329835,0,0,0,0,0,0,0.0215157197837215,0.1180660614991767,0.2864128801063846,0.0,0.0,0.0
image_2553.png,surface,0.0,0.0,0.7584683096199116,12.640884513864666,-19.109688960476845,0.0,0.9750211301107652,-3.717325319837141,0.0,0.0,0.0,-4.523402504638941,0,0,0,0,0,0,0.1683020096609943,-0.2597192217967849,0.620095100691799,0.0,0.0,0.0
image_2554.png,surface,0.0,0.0,2.5039389901710343,-20.84339826470981,-5.950996768303201,0.0,-1.4446324109063506,0.9103415812893038,0.0,0.0,0.0,-0.3314584758727203,0,0,0,0,0,0,-0.4914373025401222,0.1091481434594071,2.139093687815089,0.0,0.0,0.0
image_2555.png,surface,0.0,0.0,2.251712335514002,-0.585001195584907,-20.409633902651272,0.0,-0.3655902396326066,-0.933494626085682,0.0,0.0,0.0,-3.732777970308612,0,0,0,0,0,0,0.6496940772987326,-0.3972429880470484,2.5953544178015404,0.0,0.0,0.0
image_2556.png,surface,0.0,0.0,1.458032963496124,-3.1376118969065434,18.728724337026826,0.0,-2.3733803282622863,-0.4517523637022493,0.0,0.0,0.0,-2.6956018267991952,0,0,0,0,0,0,-0.2503060081830998,-0.0267773506567224,0.7665109254252229,0.0,0.0,0.0
image_2557.png,surface,0.0,0.0,2.312461172111708,22.32162157029668,-9.209933700525488,0.0,1.5331269693782958,-4.433622878068268,0.0,0.0,0.0,0.5175586727546175,0,0,0,0,0,0,0.6155246031636937,-0.6573712164923325,2.3373620932823167,0.0,0.0,0.0
image_2558.png,surface,0.0,0.0,2.90311444200932,-1.0098852287264404,-11.77123572768743,0.0,1.3837077897743877,-0.891628283911402,0.0,0.0,0.0,-4.213239095035794,0,0,0,0,0,0,1.2283683971037591,-0.6181065782364404,4.130285486882356,0.0,0.0,0.0
image_2560.png,surface,0.0,0.0,1.720713391347508,11.559934178906651,18.64907555794138,0.0,-2.622597429720777,-0.6990353674854826,0.0,0.0,0.0,-2.360820152023997,0,0,0,0,0,0,-0.6088435060920375,-0.0350361387514112,1.6240513663710483,0.0,0.0,0.0
image_2562.png,surface,0.0,0.0,1.1664004511390278,-21.84166807247346,5.257661630924761,0.0,3.3736941672541856,3.360758053319602,0.0,0.0,0.0,-0.4931283051982129,0,0,0,0,0,0,0.2108997105802774,0.1231361708380687,0.5000912446470375,0.0,0.0,0.0
image_2563.png,surface,0.0,0.0,1.1200101496256438,11.646495712812822,-6.879692498299171,0.0,2.103262799443973,-2.5464195493314663,0.0,0.0,0.0,-2.218308136486714,0,0,0,0,0,0,0.2077037415938359,-0.182759901574239,0.5549561474776469,0.0,0.0,0.0
image_2564.png,surface,0.0,0.0,1.720961805624565,20.09723890611202,14.533662628800668,0.0,-1.3323118577327342,0.4914113154058114,0.0,0.0,0.0,4.224640178147768,0,0,0,0,0,0,-0.7316372002210964,0.4760113761379545,2.387287591755528,0.0,0.0,0.0
image_2566.png,surface,0.0,0.0,1.2232049337379218,-11.474137622459184,-9.467852900565871,0.0,2.2190169724697024,-1.1036280887544767,0.0,0.0,0.0,-1.1285872578942104,0,0,0,0,0,0,0.2488799972591495,-0.1330215469117876,0.6360811747400014,0.0,0.0,0.0
image_2567.png,surface,0.0,0.0,1.9557823337106748,0.6679874498331785,8.314464313825143,0.0,0.2049387900298712,-1.3132855551290274,0.0,0.0,0.0,-1.6739424381460646,0,0,0,0,0,0,0.1273022932349317,-0.3839046519985025,0.8850476979877003,0.0,0.0,0.0
image_2568.png,surface,0.0,0.0,2.42697838713291,13.771845277701336,9.703130619568444,0.0,3.554178497553317,1.897444145826396,0.0,0.0,0.0,3.700493514790956,0,0,0,0,0,0,0.7798674160064841,0.4105608737631693,2.1747100980775325,0.0,0.0,0.0
image_2569.png,surface,0.0,0.0,2.223946590433016,-7.844570035544137,-17.72500745857239,0.0,-3.1363148573272053,-0.5771428116092274,0.0,0.0,0.0,-0.961136477177364,0,0,0,0,0,0,-0.5624152080590048,-0.1266378969902167,1.6373868649345171,0.0,0.0,0.0
image_2570.png,surface,0.0,0.0,0.867771178641762,-21.26274240911004,-5.189505699813981,0.0,2.2301711743702524,-1.3223069794915912,0.0,0.0,0.0,-1.6098703190128472,0,0,0,0,0,0,0.1931849110554307,-0.1285256199832885,0.5088781145142923,0.0,0.0,0.0
image_2571.png,surface,0.0,0.0,2.105979424872855,-22.43908343163661,4.772609613834596,0.0,-0.7987242353992198,0.5408446800519238,0.0,0.0,0.0,2.3742768674369827,0,0,0,0,0,0,-0.2713720094737289,0.0030203567889147,1.471885556908734,0.0,0.0,0.0
image_2572.png,surface,0.0,0.0,0.5085457237257711,4.033326317893507,17.5929027191323,0.0,0.5210650853777026,0.8203681876440331,0.0,0.0,0.0,1.3914367296805787,0,0,0,0,0,0,0.0661238373844757,0.0364613696111804,0.2203516963318325,0.0,0.0,0.0
image_2573.png,surface,0.0,0.0,1.4817419171852664,10.477064466678309,-19.5441199726611,0.0,-2.584472781528944,-2.0187988429445687,0.0,0.0,0.0,-4.2821083015838095,0,0,0,0,0,0,-0.297451116403091,-0.2621292148179399,0.9568298374420257,0.0,0.0,0.0
image_2575.png,surface,0.0,0.0,2.4888919673049714,-0.4152120053202315,-8.060977423312744,0.0,2.012871290616725,0.535378408566906,0.0,0.0,0.0,2.292158627482811,0,0,0,0,0,0,0.8972340504185662,0.0850230436079505,2.195008102421456,0.0,0.0,0.0
image_2576.png,surface,0.0,0.0,2.7002347324548635,14.574429646957045,-1.844607280497488,0.0,-4.699326506350329,-1.665017326938689,0.0,0.0,0.0,-4.622743703195077,0,0,0,0,0,0,-1.039664691134318,-0.1319282406783001,2.443407442709491,0.0,0.0,0.0
image_2577.png,surface,0.0,0.0,2.295494309070013,-7.5239914718110255,-23.81252743554381,0.0,2.489530734618452,-1.8661416325530653,0.0,0.0,0.0,-4.638149305146681,0,0,0,0,0,0,1.4668242088521315,-0.9465845369533684,4.390336640885084,0.0,0.0,0.0
image_2578.png,surface,0.0,0.0,2.438130624823867,18.40155534898204,-15.129633237773051,0.0,-1.0012472113746531,1.3266055936197791,0.0,0.0,0.0,-1.7752699191808388,0,0,0,0,0,0,0.4374330361192304,1.2575349876796265,4.956260186419411,0.0,0.0,0.0
image_2579.png,surface,0.0,0.0,2.829034481015776,-7.927354934645632,15.773264765870154,0.0,-3.7380352577068057,0.1072451432484666,0.0,0.0,0.0,0.6565395963157581,0,0,0,0,0,0,-1.155911214511153,-0.1898766172581194,3.531058922999814,0.0,0.0,0.0
image_2580.png,surface,0.0,0.0,1.711367869876612,7.842917589515128,-11.586204424483425,0.0,2.730905913474203,-2.529407733526189,0.0,0.0,0.0,2.1084019532055853,0,0,0,0,0,0,0.4241712867154921,-0.300355605427642,1.099907321527026,0.0,0.0,0.0
image_2581.png,surface,0.0,0.0,1.199300537878074,11.80446597863134,21.54804645488188,0.0,1.4607105654246948,2.3283415847943147,0.0,0.0,0.0,-1.3211543194666833,0,0,0,0,0,0,0.1628688623840437,0.262846549555307,0.8336350189982029,0.0,0.0,0.0
image_2582.png,surface,0.0,0.0,1.425352213816518,-8.009932520493427,6.450584040668364,0.0,2.7592141357958435,3.937192042908972,0.0,0.0,0.0,-1.8540260914464444,0,0,0,0,0,0,0.1284528420700507,0.1289126031968681,0.4125485645261091,0.0,0.0,0.0
image_2583.png,surface,0.0,0.0,1.5715596052426697,7.823864122851434,7.894612985810532,0.0,3.911608071216429,-2.6401794174462654,0.0,0.0,0.0,-0.5138349378302394,0,0,0,0,0,0,0.2524016507042093,-0.1812497231797817,0.6691698247255112,0.0,0.0,0.0
image_2584.png,surface,0.0,0.0,1.2903831207145189,-4.989615298303436,-8.20586991898907,0.0,-1.5216868265850807,-3.186211731669656,0.0,0.0,0.0,-3.717455811398436,0,0,0,0,0,0,-0.0022714208153636,-0.2247208375052349,0.4632645463368051,0.0,0.0,0.0
image_2585.png,surface,0.0,0.0,1.2592853469657257,-0.2487486972855182,-11.105905534718476,0.0,-1.631598115470639,-4.061642073163684,0.0,0.0,0.0,-3.2746747881680784,0,0,0,0,0,0,0.0123387231226541,-0.2371404816971527,0.5193308052000913,0.0,0.0,0.0
image_2588.png,surface,0.0,0.0,2.107320228894085,-7.904057772616786,18.032353112624705,0.0,-1.962678949161304,-3.41279001099072,0.0,0.0,0.0,0.0641713503201657,0,0,0,0,0,0,-0.2179232329004806,-0.6731871889692849,1.8934856022498177,0.0,0.0,0.0
image_2589.png,surface,0.0,0.0,2.5244845895154,15.678496592177028,-9.08839997623874,0.0,-2.357584787128522,-3.427183403205359,0.0,0.0,0.0,-2.277268453432024,0,0,0,0,0,0,-0.2928671837425375,-0.6764372187223561,2.0059262744977806,0.0,0.0,0.0
image_2590.png,surface,0.0,0.0,2.302862133368134,-2.4409994088856948,0.6820301938089163,0.0,-3.524824335525468,0.4038651166628334,0.0,0.0,0.0,-0.9477918117460912,0,0,0,0,0,0,-0.4357817854762356,0.070833659110028,1.209739845362043,0.0,0.0,0.0
image_2591.png,surface,0.0,0.0,2.205279316763131,21.103340348138207,7.233536224546406,0.0,-0.8348050555023202,-1.467807963393122,0.0,0.0,0.0,-4.208737850202436,0,0,0,0,0,0,-0.0817460381681999,-0.1471196914650449,2.036978425037565,0.0,0.0,0.0
image_2592.png,surface,0.0,0.0,0.8662704782543067,-3.79669379926856,-7.4549769086729984,0.0,0.006736569688236,-0.1678701874526862,0.0,0.0,0.0,3.1591671640033567,0,0,0,0,0,0,0.0334777751329735,-0.0385473035185246,0.258819652419049,0.0,0.0,0.0
image_2593.png,surface,0.0,0.0,0.8418045181347118,0.5362075869220622,-1.4352948109821673,0.0,2.446515682390768,-0.640617859148177,0.0,0.0,0.0,2.131286143297279,0,0,0,0,0,0,0.1297677550244723,-0.0512469599544146,0.2426348410345858,0.0,0.0,0.0
image_2594.png,surface,0.0,0.0,2.714599656633508,19.21060187779549,-10.96713472779593,0.0,3.919803552272697,-2.2553668896444634,0.0,0.0,0.0,-3.578019485794905,0,0,0,0,0,0,1.6250338050209443,-0.3087087796719848,4.11106825636708,0.0,0.0,0.0
image_2596.png,surface,0.0,0.0,2.1994096976203417,-14.522516381539052,-5.654592194550626,0.0,-2.3955672094502365,3.239639307318848,0.0,0.0,0.0,-4.234709194890866,0,0,0,0,0,0,-0.3101802043090888,0.3704845146202566,1.1211878475333634,0.0,0.0,0.0
image_2597.png,surface,0.0,0.0,2.511963346371359,-1.984771418831976,-18.835239327803635,0.0,-2.121025273475303,3.871234744106869,0.0,0.0,0.0,-0.6820725386623909,0,0,0,0,0,0,-0.3163179866530499,0.6777916599698858,2.2035828369297827,0.0,0.0,0.0
image_2598.png,surface,0.0,0.0,2.294782595522611,2.3307076460851244,-21.03806723373854,0.0,-0.9909526375462284,-2.413253472085012,0.0,0.0,0.0,4.224163029553317,0,0,0,0,0,0,0.1070246309609579,-0.6146614837740844,2.2684828587396657,0.0,0.0,0.0
image_2599.png,surface,0.0,0.0,0.8610231564637212,8.333867696202187,-8.343256424422734,0.0,3.867785535183647,-2.204449389938876,0.0,0.0,0.0,-2.5530123205917707,0,0,0,0,0,0,0.1472938401901194,-0.0963871360262423,0.3602091889686551,0.0,0.0,0.0
image_2600.png,surface,0.0,0.0,2.1012599894414885,-7.534319278169242,-0.0640132213074902,0.0,4.839579661490102,0.3664397921307626,0.0,0.0,0.0,-2.961780138762103,0,0,0,0,0,0,0.4510996082612509,-0.0717429123516909,1.005254757376279,0.0,0.0,0.0
image_2601.png,surface,0.0,0.0,0.8087169303304647,9.082223801779042,10.219951994476286,0.0,-2.097566345333473,2.172430581839329,0.0,0.0,0.0,-3.878125560523829,0,0,0,0,0,0,-0.0661908005441915,0.0749426028249475,0.3279266533470791,0.0,0.0,0.0
image_2602.png,surface,0.0,0.0,1.6556181960051135,18.27734028708061,-12.828455872340374,0.0,3.2608324571732474,-0.5159394538943136,0.0,0.0,0.0,1.0534618643956506,0,0,0,0,0,0,0.7450070038143761,-0.0800583321361719,2.017149351487064,0.0,0.0,0.0
image_2603.png,surface,0.0,0.0,2.1370813077662056,13.75518659223809,-4.852355641500147,0.0,-2.71617458543604,-1.1708319548733737,0.0,0.0,0.0,-2.873820921076523,0,0,0,0,0,0,-0.6292292225555528,-0.120818990864073,1.4485372694037746,0.0,0.0,0.0
image_2604.png,surface,0.0,0.0,1.4296751179690668,-10.572581975464525,-0.6625754678171148,0.0,4.382563519804202,-1.2759972682226683,0.0,0.0,0.0,-1.4483526746070703,0,0,0,0,0,0,0.2368327160702589,-0.0978501213458728,0.5192325530338505,0.0,0.0,0.0
image_2605.png,surface,0.0,0.0,1.7931145910284396,4.877018928690813,23.24654000718824,0.0,4.104411293305913,1.5089546494062502,0.0,0.0,0.0,-1.6070690980491589,0,0,0,0,0,0,0.4305997500482203,0.0315060967543671,1.0573150074614572,0.0,0.0,0.0
image_2606.png,surface,0.0,0.0,2.86738637596241,10.03167129865398,13.84535400411447,0.0,1.7785359940324592,0.6879661527521005,0.0,0.0,0.0,-3.798595858705928,0,0,0,0,0,0,0.701480949999031,0.4711379046108411,2.763834552867451,0.0,0.0,0.0
image_2608.png,surface,0.0,0.0,0.9375247599203672,-17.147834517736086,-15.825471778662411,0.0,1.833337199002827,-2.9149885134307545,0.0,0.0,0.0,-0.0913360844133581,0,0,0,0,0,0,0.187633056358984,-0.2545311297708261,0.7455162239024963,0.0,0.0,0.0
image_2609.png,surface,0.0,0.0,2.768912789542484,-17.387385167350576,-14.180163466027038,0.0,-2.613709048669293,-1.2342263664372268,0.0,0.0,0.0,4.476315863262769,0,0,0,0,0,0,-0.446352833371389,-0.933771617137894,3.313850179485811,0.0,0.0,0.0
image_2610.png,surface,0.0,0.0,1.708134261298068,0.1364891712483732,-17.643219794820098,0.0,2.4957210331523485,1.6252607216760138,0.0,0.0,0.0,0.7176822132385059,0,0,0,0,0,0,0.5528227354297002,0.1169601704457357,1.544400121602313,0.0,0.0,0.0
image_2611.png,surface,0.0,0.0,1.7408914978337882,18.86946450914504,4.813736199872293,0.0,0.6115127199247704,-2.1365494866294177,0.0,0.0,0.0,-4.399054015040568,0,0,0,0,0,0,0.3110705099553119,-0.4217078780372577,1.0653940151310188,0.0,0.0,0.0
image_2612.png,surface,0.0,0.0,2.883906483090591,13.25124774639774,0.0245110537550477,0.0,-3.287591187732628,0.5838537451615917,0.0,0.0,0.0,2.390913231395788,0,0,0,0,0,0,-1.239339702067215,0.5131963728964791,3.659148485725472,0.0,0.0,0.0
image_2613.png,surface,0.0,0.0,1.1695191655458026,-10.57106246631852,-6.628850571839621,0.0,2.9002372291585887,3.4913655845034923,0.0,0.0,0.0,2.034811462203299,0,0,0,0,0,0,0.1190384305699905,0.1178253768175602,0.398766465207,0.0,0.0,0.0
image_2614.png,surface,0.0,0.0,2.4911941912313016,-0.1503662729576246,-11.315386789872228,0.0,-3.238817065609277,-1.116164915551598,0.0,0.0,0.0,-2.762490987308295,0,0,0,0,0,0,-0.6405459965475422,-0.1613720000627365,1.626262040111477,0.0,0.0,0.0
image_2615.png,surface,0.0,0.0,1.9003898421452727,13.230202158119246,12.113471695400644,0.0,-2.7625684870122336,-0.9280082635236068,0.0,0.0,0.0,-3.492752777549949,0,0,0,0,0,0,-0.5533021307776664,-0.0300556962546902,1.5231977507282128,0.0,0.0,0.0
image_2616.png,surface,0.0,0.0,2.225044409001009,-3.5613182036657225,-23.652328095103133,0.0,0.2534712390023895,1.048101838616014,0.0,0.0,0.0,-3.8059265798989896,0,0,0,0,0,0,0.904014070339802,0.1358971782712333,3.109215480246908,0.0,0.0,0.0
image_2617.png,surface,0.0,0.0,1.676609045025511,4.263569105134285,-4.892954906811502,0.0,2.350230121707805,-0.6645796668424935,0.0,0.0,0.0,2.7984116249441184,0,0,0,0,0,0,0.3346750237551721,-0.1345757721760832,0.7447837986632443,0.0,0.0,0.0
image_2618.png,surface,0.0,0.0,1.4596470889654365,9.844799500669724,22.43569826046823,0.0,-3.4975616557009985,-2.4945527118589244,0.0,0.0,0.0,0.4958386885418786,0,0,0,0,0,0,-0.3567043814117142,-0.1813755713793197,1.3382715428357863,0.0,0.0,0.0
image_2619.png,surface,0.0,0.0,0.8601504757719737,-11.16737145117695,-18.864757287636497,0.0,-1.2125311557328444,0.3811718813273146,0.0,0.0,0.0,-3.26157597186826,0,0,0,0,0,0,-0.2467234791382982,0.0797940509171418,0.5088669494954012,0.0,0.0,0.0
image_2620.png,surface,0.0,0.0,2.9687505029333523,-21.23738414645296,6.383110074723613,0.0,-0.0652214302818993,3.088572748795446,0.0,0.0,0.0,-1.3657146865883285,0,0,0,0,0,0,-0.1258884574309296,0.807029895383059,2.3780250920835133,0.0,0.0,0.0
image_2621.png,surface,0.0,0.0,2.318002743476491,-9.701547472009132,-18.22052896322214,0.0,-3.8983679156326,2.431327543000535,0.0,0.0,0.0,-1.991072612856488,0,0,0,0,0,0,-0.5097091138026059,0.361621655167785,1.6973966084701206,0.0,0.0,0.0
image_2622.png,surface,0.0,0.0,1.6376737304968554,10.36690380035222,1.829736509135103,0.0,-0.060237611888634,-3.872018875358541,0.0,0.0,0.0,-1.6136023448968673,0,0,0,0,0,0,0.0973058414621888,-0.284133772507179,0.7190484301193785,0.0,0.0,0.0
image_2624.png,surface,0.0,0.0,0.5006346067800593,5.722329807059871,13.396656144481796,0.0,1.163652401673928,-2.7115651174387434,0.0,0.0,0.0,-0.785730860915141,0,0,0,0,0,0,0.082642431374397,-0.0618905714303507,0.2112968660111925,0.0,0.0,0.0
image_2626.png,surface,0.0,0.0,2.518941608683785,4.575686089939844,21.11094884383177,0.0,-3.0402109258161003,-1.245859481948557,0.0,0.0,0.0,3.8952975497707527,0,0,0,0,0,0,-1.3804645611685062,-0.3425210446828877,3.939359197837877,0.0,0.0,0.0
image_2627.png,surface,0.0,0.0,0.6154242386311162,-2.252533593923512,-24.043200479000507,0.0,-3.878222504542926,-2.2791831865447807,0.0,0.0,0.0,3.402260849391979,0,0,0,0,0,0,-0.1680052411122531,-0.0960095914276279,0.4802621710965363,0.0,0.0,0.0
image_2629.png,surface,0.0,0.0,2.2834101486399287,-14.30618775475154,-2.232752965958854,0.0,-1.2853837332832423,4.309992228810204,0.0,0.0,0.0,2.4933126912981294,0,0,0,0,0,0,-0.1668181669172891,0.4098797203831695,1.1621880299050702,0.0,0.0,0.0
image_2630.png,surface,0.0,0.0,2.198309831978123,1.138205343101731,-3.408323461129235,0.0,0.8743216182556222,0.0258393915744524,0.0,0.0,0.0,-3.591367828500407,0,0,0,0,0,0,0.4208566103095545,-0.0384812332137671,1.230082509781532,0.0,0.0,0.0
image_2631.png,surface,0.0,0.0,1.8612644221055352,-10.097918427074765,-6.526994518386461,0.0,2.677965840460614,3.620615988185042,0.0,0.0,0.0,-1.0140868170801776,0,0,0,0,0,0,0.2181591258494799,0.2613521021857921,0.8670608525542225,0.0,0.0,0.0
image_2632.png,surface,0.0,0.0,1.3683204703102476,-14.63720924296556,14.162530133251858,0.0,-3.3317744712291093,-0.2627511532957408,0.0,0.0,0.0,0.6808974948625757,0,0,0,0,0,0,-0.1782779985686718,0.0104454005616635,0.6589560654439801,0.0,0.0,0.0
image_2633.png,surface,0.0,0.0,2.9314952988210066,-6.930729087159391,8.87383085400419,0.0,3.573217055305409,0.8545444701091435,0.0,0.0,0.0,1.8555012291149195,0,0,0,0,0,0,0.857033326239115,-0.0009092532416628,2.1807749363391484,0.0,0.0,0.0
image_2634.png,surface,0.0,0.0,2.7768439025130984,-5.473792158746706,-17.337009650483214,0.0,2.419717567868517,0.854678411724493,0.0,0.0,0.0,-1.570527902979022,0,0,0,0,0,0,1.9323855767770304,-0.1360765119555753,5.211264751883388,0.0,0.0,0.0
image_2635.png,surface,0.0,0.0,1.6857873289774978,-16.61128840794404,-12.967101100053457,0.0,3.023901050469792,-0.9840892294100952,0.0,0.0,0.0,4.916123997813326,0,0,0,0,0,0,0.5373801176652139,-0.2323975776770599,1.391662663172778,0.0,0.0,0.0
image_2636.png,surface,0.0,0.0,0.9385499149241388,2.8474214328618834,-10.842757175202138,0.0,1.201424133953032,1.321603700122748,0.0,0.0,0.0,3.1526492627898257,0,0,0,0,0,0,0.1223591945359024,0.1060868860056425,0.3695945038484698,0.0,0.0,0.0
image_2638.png,surface,0.0,0.0,0.5350404323862776,1.7127329006339436,-19.07105338915064,0.0,0.4299842568164992,-2.776555302732324,0.0,0.0,0.0,1.171999952531312,0,0,0,0,0,0,0.114442322789489,-0.1709521942525755,0.3871459135451972,0.0,0.0,0.0
image_2639.png,surface,0.0,0.0,2.6806881304006525,-24.562094060196788,2.415714668773551,0.0,-4.264784904293636,1.0494026479846774,0.0,0.0,0.0,4.264480466683819,0,0,0,0,0,0,-0.8597498998775894,0.2211845030982141,2.387582348254251,0.0,0.0,0.0
image_2640.png,surface,0.0,0.0,1.4085346884964882,-9.981727707647696,-1.5188903010131738,0.0,3.345713865218685,-1.2213195033944348,0.0,0.0,0.0,2.123576227802248,0,0,0,0,0,0,0.2176112454518043,-0.1076002106050883,0.5110084001187046,0.0,0.0,0.0
image_2644.png,surface,0.0,0.0,2.037824274685246,7.020168935637615,-8.749246601625538,0.0,2.48676031039753,-2.1812516524367043,0.0,0.0,0.0,-4.089569841193845,0,0,0,0,0,0,0.5655974800355048,-0.3673194324018733,1.43960078828338,0.0,0.0,0.0
image_2645.png,surface,0.0,0.0,0.6732024118446216,-14.022925343016436,14.613034242422785,0.0,-0.7022707760101782,3.453296022639354,0.0,0.0,0.0,2.6645180694067125,0,0,0,0,0,0,0.0062207253486091,0.1045216490238872,0.2508880229988485,0.0,0.0,0.0
image_2647.png,surface,0.0,0.0,1.6406713331379552,-4.3320151533343,-18.546662495126007,0.0,0.7581734462773032,-3.6745966030074535,0.0,0.0,0.0,-0.7720709685096594,0,0,0,0,0,0,0.3701791954145487,-0.4707697986271922,1.46414596581346,0.0,0.0,0.0
image_2648.png,surface,0.0,0.0,2.295590014326957,4.8383353862900575,-22.233804113101023,0.0,-3.0863686837019886,-0.4775814555534843,0.0,0.0,0.0,4.57982874294677,0,0,0,0,0,0,-0.7770199598285642,0.0386605668981089,1.8395853570513927,0.0,0.0,0.0
image_2649.png,surface,0.0,0.0,2.4601064625084685,5.002487506143569,14.579889181853522,0.0,0.8837925679142745,-3.863704356805557,0.0,0.0,0.0,1.7617546459526323,0,0,0,0,0,0,0.2201573674110026,-0.6621849101246652,1.731771468631878,0.0,0.0,0.0
image_2650.png,surface,0.0,0.0,0.5129068651020945,14.219752433381387,-13.488566486349912,0.0,-1.7692203110227989,-0.9652098089374684,0.0,0.0,0.0,-4.606748292435112,0,0,0,0,0,0,-0.104953338679745,-0.0935240894867501,0.3474341743535179,0.0,0.0,0.0
image_2651.png,surface,0.0,0.0,1.9966612488288165,10.22257836032244,9.608160235610455,0.0,-2.954489704900285,1.978123839047356,0.0,0.0,0.0,4.212992219403052,0,0,0,0,0,0,-0.5249493201979508,0.3692040091899566,1.5296488986434602,0.0,0.0,0.0
image_2652.png,surface,0.0,0.0,0.5743626266913222,4.090759957075434,-4.785692993792015,0.0,3.036593132552884,2.149981453524188,0.0,0.0,0.0,2.0500565173070138,0,0,0,0,0,0,0.1121807942590834,0.019424669598708,0.1868410086322414,0.0,0.0,0.0
image_2653.png,surface,0.0,0.0,2.5886379638386705,13.52885110629046,11.1108370393664,0.0,4.834807228140149,-1.1003952400365251,0.0,0.0,0.0,0.7407614500242641,0,0,0,0,0,0,0.790876768219778,-0.2236007885293459,2.215641057332113,0.0,0.0,0.0
image_2655.png,surface,0.0,0.0,1.3328280625778308,-6.307285331376382,17.000930145074612,0.0,3.063951104977184,-2.332073235857928,0.0,0.0,0.0,0.3729754025331901,0,0,0,0,0,0,0.1887562111742191,-0.1587166030524822,0.5408971556900396,0.0,0.0,0.0
image_2656.png,surface,0.0,0.0,1.0823535430888112,-15.206904284918286,8.487774776417098,0.0,0.2704971411131214,0.3681283022000493,0.0,0.0,0.0,-4.262318731450407,0,0,0,0,0,0,0.0693639411807298,0.0913925356070733,0.3454780630438064,0.0,0.0,0.0
image_2657.png,surface,0.0,0.0,2.6694323170644085,16.485698181573966,-2.9442028810387533,0.0,0.4476653104255335,3.479964759160968,0.0,0.0,0.0,2.5688741091565523,0,0,0,0,0,0,0.4255135936897975,1.9525945937286344,5.496254092081167,0.0,0.0,0.0
image_2658.png,surface,0.0,0.0,1.2517112398260553,-19.16938245070933,-7.354816970024466,0.0,0.1825498314791331,0.1365174313806905,0.0,0.0,0.0,-2.1449471938813405,0,0,0,0,0,0,0.1122355822988509,-0.0546967737242532,0.6787538769415861,0.0,0.0,0.0
image_2659.png,surface,0.0,0.0,2.3553033046322787,5.623344037401796,-14.879047519165717,0.0,3.238114368418509,0.2407424448889554,0.0,0.0,0.0,3.345978045718807,0,0,0,0,0,0,1.236851411927771,-0.0627778012370944,3.1670837731592103,0.0,0.0,0.0
image_2660.png,surface,0.0,0.0,2.0324216892977915,5.676921936902252,-23.2987166857096,0.0,2.568277926489838,-1.2328217131134127,0.0,0.0,0.0,1.6700190602432825,0,0,0,0,0,0,1.1446979290387234,-0.2871887375509667,3.089326115594393,0.0,0.0,0.0
image_2661.png,surface,0.0,0.0,2.65680371064573,3.173902401483724,-9.8083677843358,0.0,1.2703473299382129,0.2265409143085586,0.0,0.0,0.0,4.923044103198437,0,0,0,0,0,0,0.7971089077433383,0.0955470992943254,2.885207240228255,0.0,0.0,0.0
image_2662.png,surface,0.0,0.0,0.9944028518424498,-13.012828199556465,6.413545688374363,0.0,-1.7220136739704703,-3.3171802704418485,0.0,0.0,0.0,-0.213838736183173,0,0,0,0,0,0,0.0139823643156811,-0.1181274124964516,0.3399446796814028,0.0,0.0,0.0
image_2663.png,surface,0.0,0.0,1.793053947483277,-2.2925183855588207,-3.9189223600154017,0.0,-4.160926390453114,0.9471619181759032,0.0,0.0,0.0,3.93278486666348,0,0,0,0,0,0,-0.2602165558210551,0.0956414854439789,0.676677183427851,0.0,0.0,0.0
image_2664.png,surface,0.0,0.0,2.584175515761754,-14.301168450049834,-18.656055620036422,0.0,0.1874856877036824,1.1902586948437337,0.0,0.0,0.0,-4.393457301031956,0,0,0,0,0,0,0.6579244583838157,-0.0915734423939094,3.294074698025989,0.0,0.0,0.0
image_2666.png,surface,0.0,0.0,0.5306370071241091,-7.014274797076142,3.2406128477609726,0.0,2.967450317290028,-3.566697125336709,0.0,0.0,0.0,0.8883200107593403,0,0,0,0,0,0,0.0689986875822794,-0.0580663592668862,0.1354104656125181,0.0,0.0,0.0
image_2668.png,surface,0.0,0.0,2.210869130743215,-19.59606955192055,0.3438814989321362,0.0,-2.401402856117504,3.602186040407722,0.0,0.0,0.0,-3.80706385664869,0,0,0,0,0,0,-0.3036969529365934,0.3786583551802571,1.232596872035796,0.0,0.0,0.0
image_2670.png,surface,0.0,0.0,2.741206563046324,-3.754334805723083,6.946644482768443,0.0,0.6706614361305344,-2.6854819411794764,0.0,0.0,0.0,-4.39161526476318,0,0,0,0,0,0,0.3211682500624733,-0.9805021998313848,2.284841844418828,0.0,0.0,0.0
image_2671.png,surface,0.0,0.0,2.813795137974492,-14.886938922961123,-10.788879058863415,0.0,-1.0790938830646415,-4.707468758485634,0.0,0.0,0.0,-3.232327268279721,0,0,0,0,0,0,0.4718734066731204,-1.8903359163146345,4.932994520054243,0.0,0.0,0.0
image_2672.png,surface,0.0,0.0,2.500788918327533,11.13356349700782,3.0832312570253246,0.0,0.420511711872943,-1.0958603348311051,0.0,0.0,0.0,2.6143755425472603,0,0,0,0,0,0,0.1857002560671837,-0.1797772992451856,1.928963566278012,0.0,0.0,0.0
image_2673.png,surface,0.0,0.0,0.959097493728546,14.878378478808983,-15.937995101207106,0.0,4.560281929836779,-1.153877693308553,0.0,0.0,0.0,1.6626463987414963,0,0,0,0,0,0,0.3421109782636254,-0.1412803350064764,0.8787863553936007,0.0,0.0,0.0
image_2674.png,surface,0.0,0.0,1.4299902218902951,5.58911132885712,-7.994300925122552,0.0,-1.174211021642524,-3.716682185786616,0.0,0.0,0.0,0.9955602225565484,0,0,0,0,0,0,0.0175618495804955,-0.2740690627491185,0.5808723893275479,0.0,0.0,0.0
image_2675.png,surface,0.0,0.0,2.911714026766981,-4.079374478316106,1.513925320430223,0.0,1.865516857363824,3.988284803804066,0.0,0.0,0.0,1.3126680870519485,0,0,0,0,0,0,0.2707449907963892,0.7229790291165404,2.221469197193242,0.0,0.0,0.0
image_2676.png,surface,0.0,0.0,1.7095647563269507,-14.61504249616402,17.802344404494676,0.0,0.2613141094292487,-3.836819268471221,0.0,0.0,0.0,3.0393994431431377,0,0,0,0,0,0,0.1604947139941158,-0.4291926997047871,1.0606645131287709,0.0,0.0,0.0
image_2677.png,surface,0.0,0.0,1.3349968069300575,1.2256756599030922,14.407667280555522,0.0,0.1305743835763672,4.99468451273821,0.0,0.0,0.0,4.739625737675093,0,0,0,0,0,0,-0.0024540476145888,0.1795822345359016,0.4877806948177682,0.0,0.0,0.0
image_2678.png,surface,0.0,0.0,2.9049936040163886,-16.151179884232736,-12.274521176745765,0.0,0.6174213377625006,3.02905585388021,0.0,0.0,0.0,4.093323779143423,0,0,0,0,0,0,0.4642426502454934,0.9359141827350302,2.749313329297757,0.0,0.0,0.0
image_2679.png,surface,0.0,0.0,2.248798056572012,-1.5775508087645025,-16.675280592611895,0.0,-3.895847099154784,-0.0744909795342206,0.0,0.0,0.0,-3.604375476768312,0,0,0,0,0,0,-0.6043432773811285,0.0432099793114117,1.4299140178935084,0.0,0.0,0.0
image_2680.png,surface,0.0,0.0,2.2411063336397445,-3.14592813786354,-2.9802675327597967,0.0,-0.7989059616165006,1.231954267025244,0.0,0.0,0.0,4.198752346563744,0,0,0,0,0,0,-0.2357141269250044,0.4172559979785974,1.0446628080541218,0.0,0.0,0.0
image_2682.png,surface,0.0,0.0,0.7337814927705153,-10.974645356472305,-2.8033635632553406,0.0,3.4552202714883444,0.0898698067827945,0.0,0.0,0.0,-4.463528737928,0,0,0,0,0,0,0.1338540296571366,-0.0419735207509498,0.2268385723075312,0.0,0.0,0.0
image_2683.png,surface,0.0,0.0,2.958738780946444,-0.5064550074951804,-9.821161961146537,0.0,2.0907374844525446,3.3651824366813514,0.0,0.0,0.0,-3.58889747337657,0,0,0,0,0,0,0.9146977380944784,0.9218726698715652,3.492740578165737,0.0,0.0,0.0
image_2684.png,surface,0.0,0.0,0.712002199115503,-6.295032043970002,-15.355931040397785,0.0,-1.7437862744195454,-1.4716488723377024,0.0,0.0,0.0,3.110000770498111,0,0,0,0,0,0,-0.0873663779143561,-0.09553766067936,0.3028008948346647,0.0,0.0,0.0
image_2686.png,surface,0.0,0.0,0.6277731973392937,-8.28585775940199,-6.623656272536168,0.0,-0.4079568047853037,-4.843949763185148,0.0,0.0,0.0,-2.182834414480135,0,0,0,0,0,0,0.0415955363585348,-0.0994546858899837,0.1952371028383092,0.0,0.0,0.0
image_2687.png,surface,0.0,0.0,0.535807368537462,-0.8890731433502066,15.491855201202984,0.0,-2.178723507804564,-2.973237758853667,0.0,0.0,0.0,2.2452532281845574,0,0,0,0,0,0,-0.002370343664944,-0.084651791419313,0.2062614424913298,0.0,0.0,0.0
image_2689.png,surface,0.0,0.0,2.856086236917819,4.413535927953159,9.240494111985273,0.0,1.466691923299086,3.224522514031366,0.0,0.0,0.0,-4.580165381813078,0,0,0,0,0,0,0.3125436994690621,0.8633312336514224,2.445497534245895,0.0,0.0,0.0
image_2690.png,surface,0.0,0.0,1.655405030168013,7.265456324193268,11.62584877737448,0.0,-2.308200135653964,-1.2794230455052873,0.0,0.0,0.0,3.047061471821559,0,0,0,0,0,0,-0.3189462906718996,-0.155089028700796,0.9027286219035632,0.0,0.0,0.0
image_2691.png,surface,0.0,0.0,2.005074306303718,-6.161058122952447,16.38129883014741,0.0,-2.478298708884745,-2.612036584566853,0.0,0.0,0.0,-0.4830476825796248,0,0,0,0,0,0,-0.3470708177525841,-0.4606956502541661,1.5429397371313631,0.0,0.0,0.0
image_2692.png,surface,0.0,0.0,0.8533018430235557,2.127469450269068,14.74658600801014,0.0,3.238227742421444,-2.8938349146081874,0.0,0.0,0.0,-1.956169906179212,0,0,0,0,0,0,0.1385749324171087,-0.1050706617943722,0.2727044699119562,0.0,0.0,0.0
image_2693.png,surface,0.0,0.0,1.7193321742355625,4.376919089761277,18.33669255985552,0.0,-1.8930780306074764,2.47898793367106,0.0,0.0,0.0,1.8269948319600395,0,0,0,0,0,0,-0.2614827682956832,0.2873869484652395,1.1158643665261117,0.0,0.0,0.0
image_2695.png,surface,0.0,0.0,0.8816086074207423,0.8601579345451956,6.708292346709892,0.0,-4.694734888926587,0.3479555032406153,0.0,0.0,0.0,-0.0184782381925572,0,0,0,0,0,0,-0.0421829858960425,-0.0216820716779229,0.2195098539074475,0.0,0.0,0.0
image_2697.png,surface,0.0,0.0,2.7162952432436605,4.582186839334835,-2.487682496736465,0.0,0.2811625025898189,-1.2249683839611587,0.0,0.0,0.0,4.759080033993861,0,0,0,0,0,0,0.250255785813313,-0.3056726918581275,2.192596458340992,0.0,0.0,0.0
image_2699.png,surface,0.0,0.0,0.9648833688846296,-6.59402288350421,-10.145831387245318,0.0,3.7683402630737897,3.250871266193297,0.0,0.0,0.0,4.976618038902231,0,0,0,0,0,0,0.1540251596315625,0.0619692265550621,0.3222414257277575,0.0,0.0,0.0
image_2700.png,surface,0.0,0.0,2.8883034891326167,15.150174250343998,7.947219551118675,0.0,2.87999991816228,2.000913799400428,0.0,0.0,0.0,-2.790432131596605,0,0,0,0,0,0,1.091723982143461,0.9830600644869965,4.002910485365725,0.0,0.0,0.0
image_2701.png,surface,0.0,0.0,2.732118359370227,-6.972887546276264,12.30892009945767,0.0,0.2090523714158705,-0.6714455310975374,0.0,0.0,0.0,-3.614142685852252,0,0,0,0,0,0,-0.0428602269431694,-0.5106951399306591,2.2071690409975866,0.0,0.0,0.0
image_2703.png,surface,0.0,0.0,2.452292849052018,-9.13017651257149,5.903549231936627,0.0,-3.3318943445648856,-3.304727222067108,0.0,0.0,0.0,-3.675312276954772,0,0,0,0,0,0,-0.5107805243580601,-0.6996090184623117,2.0055600618781564,0.0,0.0,0.0
image_2704.png,surface,0.0,0.0,1.903399153443749,6.295746317104745,8.589847037668175,0.0,1.7946620824400468,-1.1921474448394855,0.0,0.0,0.0,2.0812290133695823,0,0,0,0,0,0,0.3694684727875639,-0.2138003599903152,0.8397579153580533,0.0,0.0,0.0
image_2706.png,surface,0.0,0.0,2.0485340812721584,19.52500104770685,-0.4424864382077375,0.0,1.2164775167333577,0.9227932045954916,0.0,0.0,0.0,-0.2820230583386287,0,0,0,0,0,0,0.6435882546446359,0.7331837449965873,2.8511427675916696,0.0,0.0,0.0
image_2709.png,surface,0.0,0.0,0.7738641134391187,-24.122836587022555,2.3008693582562283,0.0,-3.7887591982118254,-1.1000186845091784,0.0,0.0,0.0,-2.3034534662164763,0,0,0,0,0,0,-0.1006616088979523,-0.0250123296582003,0.3994631623858011,0.0,0.0,0.0
image_2710.png,surface,0.0,0.0,1.8846579536644488,-5.692049566460362,3.4855582656285344,0.0,0.0628954716841136,3.297256536890089,0.0,0.0,0.0,-0.8119781027424118,0,0,0,0,0,0,-0.0126628856912788,0.2384430105623721,0.7032722584263276,0.0,0.0,0.0
image_2711.png,surface,0.0,0.0,2.239337570434135,13.572360707681328,-3.509354123301583,0.0,4.016842301178132,0.8218545819086742,0.0,0.0,0.0,-0.3085808437068449,0,0,0,0,0,0,0.8118331934308716,0.0606478204599118,2.2449581639362264,0.0,0.0,0.0
image_2712.png,surface,0.0,0.0,2.84838138206519,-15.33064867327994,3.955696750419341,0.0,-1.2018273466794245,3.445230017096688,0.0,0.0,0.0,1.1219584126395563,0,0,0,0,0,0,-0.3027107682207771,0.6328874492721918,1.9932763080942248,0.0,0.0,0.0
image_2713.png,surface,0.0,0.0,2.753069059712962,-5.962899588850754,-19.03760640359061,0.0,1.3949619802461903,-4.560935772882722,0.0,0.0,0.0,-0.6911966680854666,0,0,0,0,0,0,1.3956651984240185,-1.4776340500568237,5.016680802650203,0.0,0.0,0.0
image_2715.png,surface,0.0,0.0,1.928034008404788,3.96566268648652,-1.183949603155041,0.0,-2.295148537893006,3.956750571216272,0.0,0.0,0.0,2.234827681901553,0,0,0,0,0,0,-0.1809108682575022,0.2780427196495345,0.8934214621559865,0.0,0.0,0.0
image_2716.png,surface,0.0,0.0,0.6707867187787531,-7.444145626259779,5.73586363315743,0.0,2.43488515150712,-0.7430943825487019,0.0,0.0,0.0,3.891564281382644,0,0,0,0,0,0,0.1097549016093748,-0.052875121035939,0.1631175764925427,0.0,0.0,0.0
image_2717.png,surface,0.0,0.0,2.428028897957004,12.86016200618094,20.708167044875022,0.0,-3.855410733145144,-0.5658774358254592,0.0,0.0,0.0,-3.379740226755044,0,0,0,0,0,0,-1.928185160394852,0.1675684507874944,4.91219408986022,0.0,0.0,0.0
image_2718.png,surface,0.0,0.0,1.1648974728681285,-14.559855084727506,6.468374070546227,0.0,-1.6830981417723387,1.2662359169689477,0.0,0.0,0.0,-4.843043445648122,0,0,0,0,0,0,-0.1140390219411999,0.1041881512951112,0.3800784565871641,0.0,0.0,0.0
image_2719.png,surface,0.0,0.0,2.7947908962161803,8.073229666554239,12.971280768312274,0.0,-2.764321097290088,2.904061901357497,0.0,0.0,0.0,0.470825693338921,0,0,0,0,0,0,-1.3324337129722723,1.3429544531161213,4.484395226030828,0.0,0.0,0.0
image_2720.png,surface,0.0,0.0,1.05301390808404,1.340231674917114,2.80361287112318,0.0,-0.5439443056582743,-3.1975622749457835,0.0,0.0,0.0,-1.590600915967875,0,0,0,0,0,0,0.0355323266242573,-0.1485323375048602,0.2827239578647824,0.0,0.0,0.0
image_2721.png,surface,0.0,0.0,2.2408060216422823,3.4503817673953727,3.895118583004221,0.0,2.010859244946234,-0.5338524866740821,0.0,0.0,0.0,3.925744227736038,0,0,0,0,0,0,0.5435087686692135,-0.1519805781722046,1.1312051024824117,0.0,0.0,0.0
image_2722.png,surface,0.0,0.0,0.780733840541687,7.1597305774338205,0.2566200753002412,0.0,2.1712785792560267,3.496673481416123,0.0,0.0,0.0,-2.82831348606884,0,0,0,0,0,0,0.0806411460328873,0.0725829490836078,0.2266599320052747,0.0,0.0,0.0
image_2724.png,surface,0.0,0.0,0.872452241919376,-10.701487390214076,-8.980654831661512,0.0,0.8392171219879152,4.923852816559507,0.0,0.0,0.0,2.7089836954829,0,0,0,0,0,0,0.0351670730258069,0.1251245723907708,0.2907672374738935,0.0,0.0,0.0
image_2725.png,surface,0.0,0.0,2.606713576393478,-0.3395671770718823,-0.6635080264555236,0.0,-3.427717423506412,2.041146760121709,0.0,0.0,0.0,-3.26026231041195,0,0,0,0,0,0,-0.5411574486291891,0.3316918071126328,1.588948546977593,0.0,0.0,0.0
image_2727.png,surface,0.0,0.0,2.943100837250359,-12.91923042878097,18.245084407192355,0.0,1.0698154430582187,2.7032566915004983,0.0,0.0,0.0,-2.1029614599077417,0,0,0,0,0,0,0.1434008455866349,0.7751273768001462,2.3256388234467176,0.0,0.0,0.0
image_2728.png,surface,0.0,0.0,0.8525613189176882,7.756135633071103,-10.452135847052125,0.0,-1.3863914279575806,-0.0620833370489454,0.0,0.0,0.0,3.259549830533455,0,0,0,0,0,0,-0.1395611171329247,0.0175086307607402,0.3377183749145281,0.0,0.0,0.0
image_2730.png,surface,0.0,0.0,2.335775374336773,-13.131712475984411,1.5834672787646566,0.0,2.6962364017685045,3.756834824489567,0.0,0.0,0.0,3.8541892935409656,0,0,0,0,0,0,0.2772312859488716,0.3868384881502349,1.1633603568886306,0.0,0.0,0.0
image_2732.png,surface,0.0,0.0,0.5447555454835773,9.974441523904574,2.6570437779366656,0.0,-2.6694333570760085,-3.73188672377931,0.0,0.0,0.0,1.8483118764243096,0,0,0,0,0,0,0.0040748604577127,-0.0869548134708605,0.199506606062246,0.0,0.0,0.0
image_2733.png,surface,0.0,0.0,2.3399211774433057,4.994185830585746,15.097295948445408,0.0,-2.443133545384524,-1.0806785343216134,0.0,0.0,0.0,-0.2292039790694113,0,0,0,0,0,0,-0.7786636010215913,-0.1691116643343305,2.3563202953593168,0.0,0.0,0.0
image_2734.png,surface,0.0,0.0,0.7453698354735436,-2.571801793257224,-12.213435416680383,0.0,-1.3056414969033072,1.4215969532841453,0.0,0.0,0.0,1.138025576186969,0,0,0,0,0,0,-0.0597455964215347,0.0595073211515976,0.2686404030356144,0.0,0.0,0.0
image_2735.png,surface,0.0,0.0,2.522358434878035,9.10409864058068,-14.64576096360837,0.0,-0.0744058150320304,-0.2114649347875765,0.0,0.0,0.0,-0.8390744635092169,0,0,0,0,0,0,0.7382345933431073,0.0894749236666112,3.41611728652025,0.0,0.0,0.0
image_2736.png,surface,0.0,0.0,2.496235084707581,9.371450884684585,14.571760964957829,0.0,-2.572959607113611,-4.235833030975867,0.0,0.0,0.0,-0.506188524080871,0,0,0,0,0,0,-0.4030185376952308,-0.7974402625782547,2.201573133529393,0.0,0.0,0.0
image_2737.png,surface,0.0,0.0,1.039318008831592,-19.394029036273743,-0.6491428186223215,0.0,-4.637784039859275,1.337801157284234,0.0,0.0,0.0,-0.8438232187221164,0,0,0,0,0,0,-0.1298362400741815,0.0355363853445752,0.421036211887084,0.0,0.0,0.0
image_2738.png,surface,0.0,0.0,2.914771600574917,23.77249155866307,1.1150335664674478,0.0,-2.295963239512246,3.1606097211897715,0.0,0.0,0.0,3.3966553913862487,0,0,0,0,0,0,-0.8366476097755996,2.760958480026797,9.17116646797891,0.0,0.0,0.0
image_2740.png,surface,0.0,0.0,2.011474919376637,-9.001303699139552,18.85660035571388,0.0,2.6065533331155994,0.9904814143518074,0.0,0.0,0.0,3.2007662244210646,0,0,0,0,0,0,0.4599691831436231,0.083748830587627,0.9942170197005888,0.0,0.0,0.0
image_2741.png,surface,0.0,0.0,2.337378348952055,9.694963761997483,-15.23647919027593,0.0,-3.256112507807193,-3.0616624614731536,0.0,0.0,0.0,-0.1913051740147766,0,0,0,0,0,0,-0.4671935949429737,-0.4578624926620644,1.7984534274567727,0.0,0.0,0.0
image_2742.png,surface,0.0,0.0,1.670784311420391,8.992019516825408,-9.465485356368484,0.0,4.003632148236592,0.0098182437541535,0.0,0.0,0.0,2.276536652862392,0,0,0,0,0,0,0.4651390434516903,-0.077878012079174,1.1200311515762518,0.0,0.0,0.0
image_2743.png,surface,0.0,0.0,0.7321175877688404,-6.123950343952414,19.169503743325432,0.0,3.348632638778375,-0.9882904308841336,0.0,0.0,0.0,4.17634650854419,0,0,0,0,0,0,0.1520482245299494,-0.0619786651700273,0.2856826878709101,0.0,0.0,0.0
image_2745.png,surface,0.0,0.0,1.5405713287179004,12.342571095069468,-20.73888977302032,0.0,0.6739738322098439,2.79032183232181,0.0,0.0,0.0,2.275322689032392,0,0,0,0,0,0,0.1543158406203291,0.6549329076262809,1.9859319586676936,0.0,0.0,0.0
image_2746.png,surface,0.0,0.0,2.947144764614546,15.775687162721342,-6.3977546531180645,0.0,1.2308232947836837,-1.1733025025833277,0.0,0.0,0.0,-0.8193793325005654,0,0,0,0,0,0,1.2048825907233964,0.1682244345275867,4.866564890656288,0.0,0.0,0.0
image_2747.png,surface,0.0,0.0,0.6583625628223408,-1.2977336207978851,-15.32401230517227,0.0,-1.3379738585167948,1.7413377537690085,0.0,0.0,0.0,3.9808833573995095,0,0,0,0,0,0,-0.0614881604641421,0.0751124978943239,0.2658357502901832,0.0,0.0,0.0
image_2748.png,surface,0.0,0.0,0.9012799484942976,6.726356356989659,3.82648529729591,0.0,-3.0835733468862765,1.6594810624481038,0.0,0.0,0.0,-1.005479272362002,0,0,0,0,0,0,-0.074180723010295,0.0347309568675312,0.2873552077007891,0.0,0.0,0.0
image_2749.png,surface,0.0,0.0,2.7508742330809675,9.064834815710164,5.145614034147475,0.0,-2.3706788280477022,3.0078964752471924,0.0,0.0,0.0,2.370323385250193,0,0,0,0,0,0,-0.8397979220622339,1.077257441841276,3.2255840061407404,0.0,0.0,0.0
image_2750.png,surface,0.0,0.0,1.717481421469585,8.588136962851236,2.6134637021732554,0.0,2.775217356237853,-3.166168678212791,0.0,0.0,0.0,-3.381113044189588,0,0,0,0,0,0,0.2840417436699791,-0.2619310039036671,0.7773320617344268,0.0,0.0,0.0
image_2751.png,surface,0.0,0.0,0.9828386272912992,-9.584215293668958,-11.07873090768933,0.0,3.757264198355165,-2.9317642898837044,0.0,0.0,0.0,2.882930511246692,0,0,0,0,0,0,0.1833048012173463,-0.1447600377237052,0.4377681091972082,0.0,0.0,0.0
image_2753.png,surface,0.0,0.0,0.690749865801279,22.06096172512468,8.271371203781705,0.0,3.4651138250358944,2.464780598980955,0.0,0.0,0.0,4.44481387476851,0,0,0,0,0,0,0.2332638840353993,0.0928020354419002,0.6001744739863909,0.0,0.0,0.0
image_2754.png,surface,0.0,0.0,2.084777802029294,1.561450633351842,-22.29641158848556,0.0,2.614635447424135,2.264121739984084,0.0,0.0,0.0,2.836623047349315,0,0,0,0,0,0,1.0024818748120627,0.424765989286034,3.130257074848975,0.0,0.0,0.0
image_2757.png,surface,0.0,0.0,2.1049546501020773,-20.030834041664352,8.058859238989454,0.0,-3.544033440958444,-2.81143977398386,0.0,0.0,0.0,-4.35743938433688,0,0,0,0,0,0,-0.4551128321742252,-0.487004216367609,1.7604432371440897,0.0,0.0,0.0
image_2758.png,surface,0.0,0.0,1.232010921816766,-22.49055234257811,6.906960964345299,0.0,-0.2179264144870367,2.030517222586563,0.0,0.0,0.0,-0.7413503644118702,0,0,0,0,0,0,-0.0349616178766785,0.1859926271998744,0.5470915081707927,0.0,0.0,0.0
image_2759.png,surface,0.0,0.0,2.2710474987292164,-3.636438513812586,-12.876996158224925,0.0,-3.324619419915627,-1.503415339544726,0.0,0.0,0.0,-0.1109570638463477,0,0,0,0,0,0,-0.4759870753256686,-0.1492370874222737,1.4348712862811324,0.0,0.0,0.0
image_2760.png,surface,0.0,0.0,2.787923808075126,5.992574867848088,-0.6729512428422886,0.0,-3.678068620576714,3.279287082073952,0.0,0.0,0.0,2.0278518279647963,0,0,0,0,0,0,-0.7301305291274882,0.7407550873012986,2.490836442958662,0.0,0.0,0.0
image_2762.png,surface,0.0,0.0,1.0432020996719449,-15.864145140979709,1.3695537780700715,0.0,-4.198757748294034,-1.4339987669696466,0.0,0.0,0.0,1.490938494663662,0,0,0,0,0,0,-0.1111169931535962,-0.0514435977661929,0.3787989454222495,0.0,0.0,0.0
image_2763.png,surface,0.0,0.0,2.841572186923988,-8.723473516106163,-22.859740239446587,0.0,0.0706659307201496,2.897526887717051,0.0,0.0,0.0,-4.883822567981734,0,0,0,0,0,0,0.7916985888162916,0.9992944822274142,4.085156480524741,0.0,0.0,0.0
image_2764.png,surface,0.0,0.0,2.512432985008988,-21.18158878086349,-2.600308480760731,0.0,-1.699444510620376,-3.919937702188273,0.0,0.0,0.0,-1.332707593337422,0,0,0,0,0,0,0.0040292037579064,-1.2184182210581909,3.3532091040805314,0.0,0.0,0.0
image_2765.png,surface,0.0,0.0,0.6756431228485911,0.4513953314642143,2.370621504540665,0.0,-0.2363194023777687,4.446748976982415,0.0,0.0,0.0,-2.0897961203001403,0,0,0,0,0,0,0.0178479648992816,0.054111579596401,0.1806198601061493,0.0,0.0,0.0
image_2767.png,surface,0.0,0.0,1.4129849394680154,0.5609942894905349,9.615755051015585,0.0,-4.230377254921261,0.4594180795943455,0.0,0.0,0.0,0.9715826347159188,0,0,0,0,0,0,-0.136182521347258,0.003237444933118,0.4937606789358135,0.0,0.0,0.0
image_2768.png,surface,0.0,0.0,1.2982270775367888,11.509719262503552,-1.8862505955123456,0.0,3.861982195101096,1.4902902492143049,0.0,0.0,0.0,3.9705567164586704,0,0,0,0,0,0,0.2806585822143317,0.0293824083871614,0.5980508873933138,0.0,0.0,0.0
image_2769.png,surface,0.0,0.0,0.6281695472224822,2.5867056304390257,-18.005694178207623,0.0,4.616814438681735,0.4231012901496866,0.0,0.0,0.0,4.562001314103988,0,0,0,0,0,0,0.2100931088836993,-0.0495244127232367,0.4430156680760007,0.0,0.0,0.0
image_2770.png,surface,0.0,0.0,0.9267916197780104,-8.042549800892166,-2.5720205414578845,0.0,2.7859592446805785,1.119125406386504,0.0,0.0,0.0,-2.917665527403309,0,0,0,0,0,0,0.1597687724671956,0.004134113354827,0.2606015894340601,0.0,0.0,0.0
image_2771.png,surface,0.0,0.0,1.205924750923497,-16.57704112313682,-11.134657930025131,0.0,-2.5749945091704447,3.35254140856071,0.0,0.0,0.0,2.6524881647925858,0,0,0,0,0,0,-0.1129463049258356,0.1640462743029214,0.5545765368353519,0.0,0.0,0.0
image_2772.png,surface,0.0,0.0,0.8828341211024755,1.2740238274685731,-0.6614194351269114,0.0,-4.026035916055886,1.2199897656328884,0.0,0.0,0.0,-3.854041998530805,0,0,0,0,0,0,-0.0708356088044864,0.0379243549308109,0.2476992936035653,0.0,0.0,0.0
image_2773.png,surface,0.0,0.0,2.568629256081873,2.6884721547400368,-20.676684199944543,0.0,3.0737151677199326,2.0652700523577816,0.0,0.0,0.0,-4.422989177446776,0,0,0,0,0,0,1.7634557874936996,0.34352311097171,5.17372349236413,0.0,0.0,0.0
image_2774.png,surface,0.0,0.0,1.801031077671402,13.894388173127965,17.158367968196508,0.0,-2.069391246773304,-3.3976609871474794,0.0,0.0,0.0,3.0752949271417283,0,0,0,0,0,0,-0.2223367138817567,-0.4633541934694088,1.413702410463706,0.0,0.0,0.0
image_2775.png,surface,0.0,0.0,1.0536183070223568,11.72117997811622,18.05277841691096,0.0,1.1722395325081711,-4.101855747885484,0.0,0.0,0.0,3.3561305983287166,0,0,0,0,0,0,0.1248733568052362,-0.207338054944033,0.5349930937004536,0.0,0.0,0.0
image_2776.png,surface,0.0,0.0,2.6193117771091967,0.2041594054564359,-2.518116014170437,0.0,-4.640268876855349,0.736867491548121,0.0,0.0,0.0,2.2159699035885723,0,0,0,0,0,0,-0.6235586604396092,0.1307956068824571,1.6786483087482724,0.0,0.0,0.0
image_2777.png,surface,0.0,0.0,2.401666651096728,24.130630636174544,3.744687750635212,0.0,4.2090719925456215,2.394395339231985,0.0,0.0,0.0,-4.0540416814761695,0,0,0,0,0,0,1.1751722542694398,0.8112772721174697,3.918409156390717,0.0,0.0,0.0
image_2778.png,surface,0.0,0.0,1.4656934230450476,14.962421087021417,20.12836241112158,0.0,-2.2114547758883987,-2.9296022631601626,0.0,0.0,0.0,4.512083217037388,0,0,0,0,0,0,-0.222435636731337,-0.351394915852819,1.1332148058828009,0.0,0.0,0.0
image_2779.png,surface,0.0,0.0,2.603023010747425,-21.78780117123113,-10.023875605020171,0.0,2.831804812819067,2.9950341123551043,0.0,0.0,0.0,-3.854228985621045,0,0,0,0,0,0,0.8606402055238125,0.4599075259045583,2.622867257352861,0.0,0.0,0.0
image_2780.png,surface,0.0,0.0,2.0936214292390405,-21.17987060864552,-11.46972320971626,0.0,3.2931959498609915,-1.470370370588288,0.0,0.0,0.0,3.755934919872864,0,0,0,0,0,0,0.9049043759860264,-0.5349995734664575,2.50329660404107,0.0,0.0,0.0
image_2781.png,surface,0.0,0.0,2.0586485457408763,19.827549229077206,14.87193557462732,0.0,1.034757939193444,4.018872610212055,0.0,0.0,0.0,-0.3738794000500967,0,0,0,0,0,0,0.0363998039205771,1.0502032251455693,3.2081531786480384,0.0,0.0,0.0
image_2782.png,surface,0.0,0.0,0.7597953138022226,20.559868669635183,3.756235292474028,0.0,0.0805269104116061,-2.877962163263136,0.0,0.0,0.0,4.792529904099677,0,0,0,0,0,0,0.0866906587572228,-0.2248466857047732,0.4459632330632374,0.0,0.0,0.0
image_2783.png,surface,0.0,0.0,1.5205119262615392,-8.097142963532654,-9.62598009750104,0.0,2.425225181011008,0.9263692206834137,0.0,0.0,0.0,-1.2119691428540271,0,0,0,0,0,0,0.3498634858907363,0.0133367629460517,0.7234697776002331,0.0,0.0,0.0
image_2784.png,surface,0.0,0.0,0.6785359241609679,-2.846923650925688,-12.510224016762532,0.0,1.153293473608127,2.693905841626862,0.0,0.0,0.0,4.938766129878733,0,0,0,0,0,0,0.0714154488920265,0.0914413017843944,0.2520268549257353,0.0,0.0,0.0
image_2787.png,surface,0.0,0.0,0.9821922404463388,3.1990166674930105,5.0273707510558925,0.0,-0.0536175789311248,2.832400845003845,0.0,0.0,0.0,1.7194560648030048,0,0,0,0,0,0,0.0296882690490502,0.0950625837261037,0.2949563525618145,0.0,0.0,0.0
image_2788.png,surface,0.0,0.0,1.64095253128255,-8.824315989508216,11.263974504087916,0.0,4.590036137228475,0.3122659163892219,0.0,0.0,0.0,4.182360823087901,0,0,0,0,0,0,0.303491497787465,-0.0414355196979243,0.57704055484414,0.0,0.0,0.0
image_2789.png,surface,0.0,0.0,2.045205296110808,-18.85928154470487,3.835090663125232,0.0,-3.8718599432152216,-1.0345220184611168,0.0,0.0,0.0,-0.9600806820358478,0,0,0,0,0,0,-0.4229979095304698,-0.1113961069236567,1.336118927193592,0.0,0.0,0.0
image_2791.png,surface,0.0,0.0,0.7059838270687679,-4.5818034740753175,3.198150588385172,0.0,-2.7834400138489506,2.777406157881396,0.0,0.0,0.0,0.7079065262608868,0,0,0,0,0,0,0.0130190079497681,0.0283441607409719,0.173349199804299,0.0,0.0,0.0
image_2792.png,surface,0.0,0.0,2.6843016653251595,-10.680484296651624,-6.375864466774779,0.0,-4.57127391557206,0.2390992269921376,0.0,0.0,0.0,4.814565900296394,0,0,0,0,0,0,-0.6808182495566907,0.0928036085443945,1.7723674773197282,0.0,0.0,0.0
image_2793.png,surface,0.0,0.0,0.7086358354646787,-15.600860282687767,3.5650985265037,0.0,0.727598630178128,-0.3425750604578396,0.0,0.0,0.0,3.5624192206175955,0,0,0,0,0,0,0.1488522555435079,-0.0642014589943693,0.2331133129243002,0.0,0.0,0.0
image_2794.png,surface,0.0,0.0,1.9218009975985944,-15.44972065984456,-11.861851556338516,0.0,-3.433349681998361,-0.18335643399173,0.0,0.0,0.0,0.0380059356027704,0,0,0,0,0,0,-0.3996779891594029,-0.0205006717047589,1.1654370504023643,0.0,0.0,0.0
image_2795.png,surface,0.0,0.0,2.478131018043212,0.164493791975296,-3.315606646516259,0.0,-2.399697138002789,2.343712692802595,0.0,0.0,0.0,0.6456911011124618,0,0,0,0,0,0,-0.3741908974375292,0.3948849074082031,1.5145002010120865,0.0,0.0,0.0
image_2796.png,surface,0.0,0.0,0.9188516230711032,19.8328033861223,-9.8115097226006,0.0,-3.781938397287439,3.2319728055578603,0.0,0.0,0.0,3.6302441963896186,0,0,0,0,0,0,-0.2431257311935612,0.1923164992266646,0.8568135982160181,0.0,0.0,0.0
image_2797.png,surface,0.0,0.0,2.1157918744530084,1.5930680472798429,-22.675050396886324,0.0,0.1349930718820966,-4.542461345934552,0.0,0.0,0.0,-2.256338812175726,0,0,0,0,0,0,0.5324598473160882,-0.9062958089737346,2.4602152621480737,0.0,0.0,0.0
image_2798.png,surface,0.0,0.0,2.326555010654168,1.2639487086003842,22.8502749648809,0.0,-2.5614734149801826,0.7054788236808645,0.0,0.0,0.0,3.413851661491327,0,0,0,0,0,0,-1.1791185150226977,0.1534954758741447,3.28969354461314,0.0,0.0,0.0
image_2800.png,surface,0.0,0.0,0.6292743118426309,-12.433620199435948,6.10861351407115,0.0,-0.6277385216258785,-2.925389293863799,0.0,0.0,0.0,4.637549180739223,0,0,0,0,0,0,0.0421890734560167,-0.0791144706396359,0.1736662863408048,0.0,0.0,0.0
image_2801.png,surface,0.0,0.0,2.1039716636948005,-18.890027917994672,9.731363261286113,0.0,-0.1865592915729828,1.2605525535502744,0.0,0.0,0.0,-4.456427996066697,0,0,0,0,0,0,-0.1381594564488711,0.3662465765008106,1.133808784887805,0.0,0.0,0.0
image_2802.png,surface,0.0,0.0,0.8927903305967326,-2.446449888676544,23.398321878068938,0.0,0.3565816799946978,-3.8366800097671128,0.0,0.0,0.0,2.3159511744104435,0,0,0,0,0,0,0.0800932656352117,-0.1950961713339629,0.4712586998627954,0.0,0.0,0.0
image_2804.png,surface,0.0,0.0,2.822034278958716,6.398201007943665,8.608443036930758,0.0,-1.3074079649158377,-2.013176420664299,0.0,0.0,0.0,-1.436455681734594,0,0,0,0,0,0,-0.5243557831004684,-0.620985355800875,2.7560056416210488,0.0,0.0,0.0
image_2805.png,surface,0.0,0.0,0.6305788607202685,-14.961153387798117,-19.88650206625966,0.0,1.877877147285825,-0.8446172133444976,0.0,0.0,0.0,3.2953594903490817,0,0,0,0,0,0,0.2441834447390742,-0.1150913246825946,0.6176365635319905,0.0,0.0,0.0
image_2806.png,surface,0.0,0.0,2.654321633414624,-24.1389061024232,1.2023322737799802,0.0,-2.767804715079207,0.8295412363712896,0.0,0.0,0.0,-0.8550222660232869,0,0,0,0,0,0,-0.9832482290736596,-0.0030235029939032,2.5146313312192623,0.0,0.0,0.0
image_2807.png,surface,0.0,0.0,1.878068890254445,4.781170062578428,4.2965484152438425,0.0,-0.0405475080185733,1.220901150147044,0.0,0.0,0.0,-0.1220233214922821,0,0,0,0,0,0,-0.0092112391859221,0.2994416328784968,0.9258804050760406,0.0,0.0,0.0
image_2808.png,surface,0.0,0.0,0.578307979932871,2.739829959249404,7.235277343374628,0.0,-4.180738923870442,-1.4837400031225856,0.0,0.0,0.0,-0.0393513002864986,0,0,0,0,0,0,-0.0182543095275577,-0.0471175659070702,0.1530824575132688,0.0,0.0,0.0
image_2810.png,surface,0.0,0.0,2.6437551833969097,-21.093498249223224,4.6924819545502325,0.0,2.5194759812081977,-2.8926787096496533,0.0,0.0,0.0,-0.4729204019142408,0,0,0,0,0,0,0.6998525277059394,-1.0721511511450177,3.128749797298683,0.0,0.0,0.0
image_2811.png,surface,0.0,0.0,1.6438789220991028,3.3752323930847585,-21.929363114733817,0.0,-1.1715017348697885,0.3621834441876713,0.0,0.0,0.0,3.566943706392003,0,0,0,0,0,0,-0.2411472742019549,0.2164085639257426,1.2888060431408876,0.0,0.0,0.0
image_2812.png,surface,0.0,0.0,2.4795979802334243,5.8710438868751,-20.28908276190884,0.0,-3.9671504757201377,-1.1775221079483498,0.0,0.0,0.0,1.4021013004232676,0,0,0,0,0,0,-0.7204513087685515,-0.1066437642885986,2.141784457367832,0.0,0.0,0.0
image_2813.png,surface,0.0,0.0,2.776177075511643,-8.163816429443155,-1.1859059290358438,0.0,3.393703524409136,2.8010104837107974,0.0,0.0,0.0,2.987205159412256,0,0,0,0,0,0,0.732984072865382,0.3530325155493087,1.9559873780019024,0.0,0.0,0.0
image_2814.png,surface,0.0,0.0,1.9205742699689488,4.396740051101274,22.5686797745304,0.0,-0.3427470963874233,-2.538721274959309,0.0,0.0,0.0,1.9420974868553067,0,0,0,0,0,0,-0.0772275467773691,-0.5913481048096487,1.4928579283936796,0.0,0.0,0.0
image_2815.png,surface,0.0,0.0,2.7917277805477223,14.616634760364386,15.160892595814255,0.0,-2.889902469276452,0.584298177438967,0.0,0.0,0.0,-2.5774375416252413,0,0,0,0,0,0,-1.643355838653214,0.7327605804256404,5.852817902381887,0.0,0.0,0.0
image_2816.png,surface,0.0,0.0,1.5424374067446678,6.57376410781965,-9.97752443830283,0.0,-1.5814772238079762,0.9186822283547632,0.0,0.0,0.0,3.55303314462099,0,0,0,0,0,0,-0.2426630766355241,0.1759640987991808,0.7448284587388085,0.0,0.0,0.0
image_2817.png,surface,0.0,0.0,2.5296628649794752,14.732101559440949,-18.71219659873024,0.0,3.720263300539963,1.736036565437678,0.0,0.0,0.0,1.8406590125686024,0,0,0,0,0,0,1.9528108623803788,0.5770108486772686,6.001723526328018,0.0,0.0,0.0
image_2819.png,surface,0.0,0.0,2.2973246810282264,1.148011015580885,-6.933789678812255,0.0,2.3054596900039384,-0.4953199461694509,0.0,0.0,0.0,1.7199041369879042,0,0,0,0,0,0,0.7069064878260138,-0.2208824674193224,1.6786617067709428,0.0,0.0,0.0
image_2820.png,surface,0.0,0.0,1.5286151100084124,-1.5552738915204796,-10.241159080207856,0.0,3.622716473202246,-2.363120228163847,0.0,0.0,0.0,1.770290568713503,0,0,0,0,0,0,0.292769782782951,-0.2088214905960884,0.7519070807157321,0.0,0.0,0.0
image_2823.png,surface,0.0,0.0,1.1952158519424274,-15.55804020048239,8.749001853777889,0.0,-3.230451452779646,-3.328143487409416,0.0,0.0,0.0,-4.448951974044912,0,0,0,0,0,0,-0.0911041397384989,-0.1547649695869854,0.4745010213487558,0.0,0.0,0.0
image_2824.png,surface,0.0,0.0,2.205650386267486,1.346774078295463,19.77400496874118,0.0,-0.7237521057831062,-1.7457691033440714,0.0,0.0,0.0,-4.402774515812872,0,0,0,0,0,0,-0.3710405851508943,-0.4901803103034521,1.929526283230118,0.0,0.0,0.0
image_2825.png,surface,0.0,0.0,1.313596817827504,-13.165996398501267,-0.6791782356623551,0.0,4.787471454418849,-0.3128769348746073,0.0,0.0,0.0,0.3003984814611904,0,0,0,0,0,0,0.1983212897836402,-0.0930836207883668,0.4585931024327907,0.0,0.0,0.0
image_2828.png,surface,0.0,0.0,1.3911590326109684,0.1290634724410846,-17.139892772416125,0.0,1.2825972990455867,0.4830245855262569,0.0,0.0,0.0,0.8841596453661644,0,0,0,0,0,0,0.4126110103245354,0.0097028961843886,1.061419268405806,0.0,0.0,0.0
image_2829.png,surface,0.0,0.0,0.9190457404900384,24.805014957217765,2.429035338624973,0.0,-1.2986397313307825,-1.8040236214583545,0.0,0.0,0.0,1.9164895316241648,0,0,0,0,0,0,-0.1900391644387762,-0.244054267159278,0.7583113355516375,0.0,0.0,0.0
image_2830.png,surface,0.0,0.0,1.299382714004163,6.987706974162435,-3.893361627764802,0.0,-2.854665033126312,1.6667225160120285,0.0,0.0,0.0,-1.9702156887499715,0,0,0,0,0,0,-0.1587825877513794,0.0889636653559877,0.4862376892070258,0.0,0.0,0.0
image_2831.png,surface,0.0,0.0,1.4130743952212028,6.687022676912742,-10.92819915712195,0.0,0.3389386138894621,-4.624182322623129,0.0,0.0,0.0,0.4666008092833635,0,0,0,0,0,0,0.1285121957797987,-0.2801742735292112,0.69637227675166,0.0,0.0,0.0
image_2832.png,surface,0.0,0.0,2.1144554519276446,4.829730381781181,20.4133351275415,0.0,0.0341840575420066,-3.601284799898473,0.0,0.0,0.0,-0.8276428286544579,0,0,0,0,0,0,0.1029490095582482,-0.648187444131038,1.566681033301289,0.0,0.0,0.0
image_2833.png,surface,0.0,0.0,0.6545553271577516,4.176232124839587,-15.603271234517072,0.0,-2.7656671110579047,-0.1042899131274934,0.0,0.0,0.0,1.234767822847762,0,0,0,0,0,0,-0.1077383973679297,-0.0069767095618942,0.3281946138004644,0.0,0.0,0.0
image_2834.png,surface,0.0,0.0,2.6652875195585617,12.746558572552791,12.793850269497051,0.0,-1.1711354570361698,4.360255316835137,0.0,0.0,0.0,3.330554156558064,0,0,0,0,0,0,-0.651715147210158,1.5002017784389967,4.299837463761805,0.0,0.0,0.0
image_2835.png,surface,0.0,0.0,2.0632505119673468,14.17124797335297,-10.015925152209403,0.0,-0.4815471643204993,-4.070732451229175,0.0,0.0,0.0,2.608641007115563,0,0,0,0,0,0,0.1064280500834888,-0.650836548731316,1.3491239411978857,0.0,0.0,0.0
image_2836.png,surface,0.0,0.0,0.6329439496189075,22.63611940275772,-7.268154697045111,0.0,3.9122526043589976,3.091783265227348,0.0,0.0,0.0,4.885168607786753,0,0,0,0,0,0,0.2523559940044028,0.1417679967796865,0.8114478934579129,0.0,0.0,0.0
image_2837.png,surface,0.0,0.0,1.128639655197829,-19.48527471450995,-5.096921062186941,0.0,1.219304382304499,-3.867446876261918,0.0,0.0,0.0,-1.934749887042413,0,0,0,0,0,0,0.1477564947481565,-0.2416757361880075,0.6355184577878923,0.0,0.0,0.0
image_2838.png,surface,0.0,0.0,0.8765157234317501,16.981632890899714,-4.305207024274171,0.0,3.2394158605141694,3.3600499516019,0.0,0.0,0.0,4.328982648299011,0,0,0,0,0,0,0.1784377970179941,0.1331127868564526,0.6053260137027207,0.0,0.0,0.0
image_2840.png,surface,0.0,0.0,1.922541191267892,-23.867123968769373,-0.6559488433596398,0.0,3.5585512329509847,-2.3240778085663463,0.0,0.0,0.0,-2.156506752984617,0,0,0,0,0,0,0.5517726313341549,-0.4382757935064509,1.6184353618688518,0.0,0.0,0.0
image_2841.png,surface,0.0,0.0,1.410517428189351,13.347227053946892,-9.81655647149605,0.0,-3.444269705419833,2.640107417196949,0.0,0.0,0.0,-1.9202922726453384,0,0,0,0,0,0,-0.2794989020392515,0.2154835796591373,0.909606273540449,0.0,0.0,0.0
image_2842.png,surface,0.0,0.0,2.3994423968281224,-3.856536726908831,16.63491934787482,0.0,-1.0834931906297374,1.341312078310556,0.0,0.0,0.0,0.0219088001876226,0,0,0,0,0,0,-0.6030679335665391,0.5110097604295046,2.040115795345948,0.0,0.0,0.0
image_2843.png,surface,0.0,0.0,0.6544304052486689,4.198457295638998,-19.894707829243472,0.0,-0.6140030084311601,-1.9289582310763569,0.0,0.0,0.0,-0.2683574272518481,0,0,0,0,0,0,0.0327244395861695,-0.1834221777243083,0.4992203731735359,0.0,0.0,0.0
image_2844.png,surface,0.0,0.0,2.5684244423964926,-1.5315374579605556,3.30398219793329,0.0,3.634033688677047,0.1176762667682485,0.0,0.0,0.0,-1.7108750882567856,0,0,0,0,0,0,0.6920208817991645,-0.1335752789897552,1.583656328023238,0.0,0.0,0.0
image_2847.png,surface,0.0,0.0,2.851110858062852,-2.04149189510006,-14.932684481190789,0.0,-4.642870255884771,-0.7105919745537368,0.0,0.0,0.0,2.913522889316158,0,0,0,0,0,0,-0.831214462498649,-0.0702563304946469,2.1596239245519464,0.0,0.0,0.0
image_2849.png,surface,0.0,0.0,2.7336144703539897,5.579236762736685,-15.830476130219656,0.0,-0.5882883835123693,-3.3592409021554595,0.0,0.0,0.0,-0.9709153080473644,0,0,0,0,0,0,0.4499673221060548,-1.1541097910942144,2.9432206783861408,0.0,0.0,0.0
image_2850.png,surface,0.0,0.0,2.47870463707408,-16.36958382460213,-7.750474632183569,0.0,-3.206215161441804,0.6377979582171327,0.0,0.0,0.0,3.920035993772986,0,0,0,0,0,0,-0.6195408708566543,0.1379736735636124,1.605874715616422,0.0,0.0,0.0
image_2851.png,surface,0.0,0.0,0.6697800976365891,16.162397155200704,-16.798242712834305,0.0,-0.5484882595968624,-0.8843649068192324,0.0,0.0,0.0,-4.217425235126997,0,0,0,0,0,0,0.0553382030002327,-0.1161610343786686,0.5686221306002894,0.0,0.0,0.0
image_2853.png,surface,0.0,0.0,2.627216485378462,6.231498638228253,-21.885316486461587,0.0,-1.5066569524935922,4.709737374837416,0.0,0.0,0.0,4.642857796719195,0,0,0,0,0,0,-0.3743735242367544,1.1297172638187394,3.0757472196191005,0.0,0.0,0.0
image_2854.png,surface,0.0,0.0,0.6202158119552563,-2.676597719109263,-9.346505723529884,0.0,2.4869261598818846,0.1260120244615868,0.0,0.0,0.0,4.012044148320101,0,0,0,0,0,0,0.1213212655603057,-0.0140100508135806,0.2041289238831397,0.0,0.0,0.0
image_2855.png,surface,0.0,0.0,2.273022193640621,-4.810855258594808,-19.289047808049563,0.0,2.1452986585979583,-1.6231889205732968,0.0,0.0,0.0,-2.710752650795858,0,0,0,0,0,0,1.1818350886611733,-0.696456521063882,3.3354343940059845,0.0,0.0,0.0
image_2856.png,surface,0.0,0.0,2.20336361807224,9.19420034174838,2.786142438829803,0.0,-1.727746469288212,4.156535626881765,0.0,0.0,0.0,-2.347088869392162,0,0,0,0,0,0,-0.2567009899359694,0.5260077196094592,1.577828188162109,0.0,0.0,0.0
image_2857.png,surface,0.0,0.0,1.6100289235047691,-11.212461346071482,-4.86531922249438,0.0,1.1284060413681465,-3.983396722740125,0.0,0.0,0.0,4.911045065106634,0,0,0,0,0,0,0.1931712140454889,-0.3082368489237163,0.7697264508658451,0.0,0.0,0.0
image_2860.png,surface,0.0,0.0,1.976647777959275,24.1531839267248,4.996072323656535,0.0,-1.783317557274669,-3.004660526566622,0.0,0.0,0.0,3.646144408076882,0,0,0,0,0,0,-0.3976127844381642,-0.5252746538471501,1.789181995769646,0.0,0.0,0.0
image_2861.png,surface,0.0,0.0,2.2202052799886665,16.642001411253766,8.549322432321178,0.0,-3.168429118995056,-1.3474341062503796,0.0,0.0,0.0,-0.0823119300844812,0,0,0,0,0,0,-0.828840314108721,-0.0436724714447143,2.2358720715626905,0.0,0.0,0.0
image_2864.png,surface,0.0,0.0,2.862385921667288,1.3744451643856197,-3.8578941061852654,0.0,-2.2079725766211378,0.5064536922896767,0.0,0.0,0.0,-4.531380239426558,0,0,0,0,0,0,-0.6039810675626656,0.128794620509801,2.232949069617016,0.0,0.0,0.0
image_2865.png,surface,0.0,0.0,2.97375951033217,15.93876590819248,8.57890692960457,0.0,-3.9794144861208247,-2.532947981477781,0.0,0.0,0.0,2.255727074085605,0,0,0,0,0,0,-1.5686310399702277,-0.4029533501010902,4.061553630589065,0.0,0.0,0.0
image_2867.png,surface,0.0,0.0,0.6391312738585346,1.7459754211805794,-2.51963185120373,0.0,3.735212591299149,-2.2127396280580163,0.0,0.0,0.0,0.0881582489714709,0,0,0,0,0,0,0.1133313430942021,-0.0457772825819893,0.2096757052682123,0.0,0.0,0.0
image_2868.png,surface,0.0,0.0,1.4066937334840497,-13.571925331483117,-8.510305451001354,0.0,0.3032488998915557,4.169181231762631,0.0,0.0,0.0,-0.977931489979614,0,0,0,0,0,0,0.0121743590033514,0.1922929026892514,0.5758570628416886,0.0,0.0,0.0
image_2869.png,surface,0.0,0.0,2.848673099335191,14.786931241326627,-5.799769554517603,0.0,2.7463987411937008,3.177452449147049,0.0,0.0,0.0,0.7175138123831655,0,0,0,0,0,0,1.3731823175493998,1.547174618916597,6.088736984553512,0.0,0.0,0.0
image_2870.png,surface,0.0,0.0,1.449919118855248,-2.136861859101075,-14.852368051004872,0.0,4.7012487969634735,0.231714029254921,0.0,0.0,0.0,-0.7151214065550846,0,0,0,0,0,0,0.3869519450333918,-0.0730973535992199,0.9311078669208294,0.0,0.0,0.0
image_2871.png,surface,0.0,0.0,1.072032116821653,21.649408045876363,-12.388492638710662,0.0,2.2252903098741834,-0.3748944318656761,0.0,0.0,0.0,2.135175934275554,0,0,0,0,0,0,0.500043590453611,0.0040916395874829,1.2705177421973517,0.0,0.0,0.0
image_2872.png,surface,0.0,0.0,2.940547398024408,18.100091430913363,-4.631841751083122,0.0,0.2142569071139823,3.874673625180486,0.0,0.0,0.0,2.5642994463878708,0,0,0,0,0,0,0.6256908283205643,2.517596377964979,7.934573635682003,0.0,0.0,0.0
image_2873.png,surface,0.0,0.0,1.0838889452164733,5.166123910283792,-17.42784312968559,0.0,-0.7977056780526197,1.3772477536758767,0.0,0.0,0.0,-3.5755172411724825,0,0,0,0,0,0,-0.0846817639657454,0.230667164933411,0.6428516421955327,0.0,0.0,0.0
image_2874.png,surface,0.0,0.0,2.2117021282432434,-8.353702340417032,-20.43402877772143,0.0,4.110476347407838,-0.0613264433133781,0.0,0.0,0.0,2.87453266211367,0,0,0,0,0,0,1.2356338999329362,-0.3126258048826084,3.3278109191071783,0.0,0.0,0.0
image_2875.png,surface,0.0,0.0,0.779273843524353,-7.435298834434608,-11.142834924609708,0.0,3.2747728770530173,2.2413258106988314,0.0,0.0,0.0,0.3516030882974252,0,0,0,0,0,0,0.1207094657829011,0.0147777248307631,0.2770923223361379,0.0,0.0,0.0
image_2876.png,surface,0.0,0.0,2.080352422969774,-23.156741751959363,6.620782434035452,0.0,2.380154765231905,1.5089617842449712,0.0,0.0,0.0,0.4794453711908506,0,0,0,0,0,0,0.5137497317354642,0.0948392031719235,1.3497268522180008,0.0,0.0,0.0
image_2877.png,surface,0.0,0.0,0.8623809405267503,2.638130876880483,-14.09878602701666,0.0,-0.6347304609987179,2.1271763877050933,0.0,0.0,0.0,-0.5556075174193769,0,0,0,0,0,0,-0.0394359744576964,0.1012920696032403,0.4089087683676278,0.0,0.0,0.0
image_2879.png,surface,0.0,0.0,1.5912482309470548,7.42284064258018,14.43627645442071,0.0,-1.2216881459683284,-2.4637343262393334,0.0,0.0,0.0,1.1316744490252608,0,0,0,0,0,0,-0.0966894760148037,-0.3141359832770656,0.8462581893564224,0.0,0.0,0.0
image_2880.png,surface,0.0,0.0,2.412542172928779,-4.412903609752842,21.126156098135908,0.0,-1.5336593118364366,-3.3761442019771275,0.0,0.0,0.0,4.930511065897017,0,0,0,0,0,0,-0.4047032699180836,-0.9179666563784008,2.702458211019584,0.0,0.0,0.0
image_2882.png,surface,0.0,0.0,0.9501891673319538,-5.85820012883106,-18.592921772376343,0.0,2.197980932145138,1.420117531500552,0.0,0.0,0.0,-2.4721618654092667,0,0,0,0,0,0,0.2575912955821924,0.060482644698018,0.6125006548421082,0.0,0.0,0.0
image_2883.png,surface,0.0,0.0,2.3872446023196487,-9.375990187372588,-5.6507185432153095,0.0,-2.6959023755379232,-0.7002103541294029,0.0,0.0,0.0,3.4588716344559582,0,0,0,0,0,0,-0.5370970461264151,-0.1619383169606578,1.43654603911479,0.0,0.0,0.0
image_2884.png,surface,0.0,0.0,2.094310282084108,-16.756339094905403,7.888591836262152,0.0,0.0785425255463161,-3.126817738214438,0.0,0.0,0.0,-0.4400127625229739,0,0,0,0,0,0,0.1243346077475218,-0.6677458274417553,1.7196462581162,0.0,0.0,0.0
image_2885.png,surface,0.0,0.0,0.5480656408626048,13.246262766376669,6.583962536143991,0.0,-0.1820465101666596,2.289315971098555,0.0,0.0,0.0,4.28869992273478,0,0,0,0,0,0,-0.0030019280122645,0.094807741122039,0.284624244080039,0.0,0.0,0.0
image_2886.png,surface,0.0,0.0,0.663997306798052,23.56315706882896,-6.289618954989674,0.0,-1.0178441965634586,0.7870615333740946,0.0,0.0,0.0,-0.7662781578035025,0,0,0,0,0,0,-0.1904226807171492,0.2500100332024191,0.8871489545429951,0.0,0.0,0.0
image_2887.png,surface,0.0,0.0,0.7302924850059054,15.259992632801833,18.46226640533071,0.0,-2.758748995260625,-2.639527370572175,0.0,0.0,0.0,-2.2662014497542096,0,0,0,0,0,0,-0.1124866941477855,-0.1566621311950224,0.5370742532217446,0.0,0.0,0.0
image_2889.png,surface,0.0,0.0,1.1917995725344326,22.10867325827638,11.44890219820899,0.0,-2.6550940462363246,0.9199411709266764,0.0,0.0,0.0,-3.590066763499677,0,0,0,0,0,0,-0.4134860970708232,0.2384241333324414,1.3539472293588168,0.0,0.0,0.0
image_2890.png,surface,0.0,0.0,2.193720502140365,10.864779609366202,3.470890224554379,0.0,-0.8589144106488059,1.6253933475011308,0.0,0.0,0.0,-2.379706179849478,0,0,0,0,0,0,-0.2778826548661082,0.763659459617236,1.82690636159872,0.0,0.0,0.0
image_2891.png,surface,0.0,0.0,2.125821616796358,9.203559919360057,-16.339873764565688,0.0,0.4426925019343049,-0.9176712840918468,0.0,0.0,0.0,-3.2381951399969946,0,0,0,0,0,0,0.7886213272493462,-0.1283557249139118,2.3916508811381503,0.0,0.0,0.0
image_2892.png,surface,0.0,0.0,2.680007946790309,-11.186077658812152,0.2223983576289832,0.0,4.951172460676392,0.5568990858781517,0.0,0.0,0.0,3.11335009063942,0,0,0,0,0,0,0.8146699963788374,-0.1360293188807485,1.9835203145872264,0.0,0.0,0.0
image_2893.png,surface,0.0,0.0,2.5382862885446857,16.09717877546562,7.617252786383644,0.0,-4.718781308280027,-0.0015741651326205,0.0,0.0,0.0,3.981734710019545,0,0,0,0,0,0,-1.2392940453674086,0.3023455800828387,3.395899670312345,0.0,0.0,0.0
image_2894.png,surface,0.0,0.0,2.4713772311810933,0.9867853958040032,-11.381620770440742,0.0,-3.4191087810531275,-0.2891280261945804,0.0,0.0,0.0,0.3086970595460929,0,0,0,0,0,0,-0.5842573732463415,-8.33744321940016e-05,1.6447848064517252,0.0,0.0,0.0
image_2895.png,surface,0.0,0.0,1.9722663270716296,-7.759484070211646,22.641755132046928,0.0,2.50554860043221,3.6221878668213847,0.0,0.0,0.0,-0.0730699347708894,0,0,0,0,0,0,0.2210811546370834,0.3690152368906493,1.2206369037997056,0.0,0.0,0.0
image_2896.png,surface,0.0,0.0,0.7665816706996244,18.134234145468923,-1.283308491652841,0.0,-0.5508956062183887,-2.2934218733340934,0.0,0.0,0.0,-2.6517399789116523,0,0,0,0,0,0,0.0494454449452322,-0.210660447411839,0.4277017281650395,0.0,0.0,0.0
image_2897.png,surface,0.0,0.0,2.219371350766468,-14.463434671656076,-16.609868587379577,0.0,4.193331993748728,-1.5699536164009176,0.0,0.0,0.0,-1.89850041365728,0,0,0,0,0,0,1.0930602015577926,-0.6573869475172744,3.106609564837736,0.0,0.0,0.0
image_2898.png,surface,0.0,0.0,1.255803738738373,7.969169027427676,4.303288655222276,0.0,2.373262565906936,0.7166591553637257,0.0,0.0,0.0,-4.791108730775237,0,0,0,0,0,0,0.2196657969430881,-0.001868845763141,0.4290147343866267,0.0,0.0,0.0
image_2899.png,surface,0.0,0.0,2.458486876013028,-5.198230921621908,-4.8347995641754204,0.0,-2.8899473573664003,1.958307945592427,0.0,0.0,0.0,4.824423623106885,0,0,0,0,0,0,-0.4752687432487159,0.3629462074679236,1.291432055584062,0.0,0.0,0.0
image_2900.png,surface,0.0,0.0,1.416716959533417,20.7949615025055,1.0603048606589,0.0,1.9792046172073263,0.1461839455180148,0.0,0.0,0.0,1.720536935704848,0,0,0,0,0,0,0.4689057211857102,0.0799261915266568,1.2604089340933955,0.0,0.0,0.0
image_2901.png,surface,0.0,0.0,0.8360150873496228,-0.0845378606301951,15.41294835550601,0.0,0.5942383624806499,-2.494574998467048,0.0,0.0,0.0,0.4391405928014809,0,0,0,0,0,0,0.0781224180935728,-0.1202731242985764,0.3022024498221045,0.0,0.0,0.0
image_2903.png,surface,0.0,0.0,2.707013543344988,5.8970323278591605,-6.437880882904543,0.0,-0.382092672032338,-1.0351837180654593,0.0,0.0,0.0,4.375793465676228,0,0,0,0,0,0,0.1001198160602509,-0.2437396466604328,2.31458545474458,0.0,0.0,0.0
image_2904.png,surface,0.0,0.0,0.93964529371066,16.670633186063743,16.97782581264904,0.0,-0.5112030015194001,1.936661999452144,0.0,0.0,0.0,4.352199851272333,0,0,0,0,0,0,-0.121966546917568,0.2344363185095775,0.7897832908017232,0.0,0.0,0.0
image_2905.png,surface,0.0,0.0,1.2360647913148144,-10.131759921113929,17.049415416762937,0.0,-0.092705543244202,-3.683085775444325,0.0,0.0,0.0,-4.624593031413849,0,0,0,0,0,0,0.0674554911288262,-0.1896123360390895,0.479592269963074,0.0,0.0,0.0
image_2906.png,surface,0.0,0.0,1.1610849571575927,-6.941867456217661,18.464992778684792,0.0,-2.3156251081614694,-3.2557731121611595,0.0,0.0,0.0,1.2431700865324435,0,0,0,0,0,0,-0.0248714872194849,-0.1958575529411683,0.5508697505635234,0.0,0.0,0.0
image_2907.png,surface,0.0,0.0,2.4556929109333487,2.360913681055712,8.720011978927673,0.0,1.2269167552770197,-3.9642950181582175,0.0,0.0,0.0,-1.9775003802370128,0,0,0,0,0,0,0.3108422264562803,-0.6108860377879409,1.5261788107721228,0.0,0.0,0.0
image_2908.png,surface,0.0,0.0,0.8804482865690434,19.80771530261952,12.4320880589706,0.0,-3.6626728456912376,-1.7897514136670505,0.0,0.0,0.0,0.596872303024016,0,0,0,0,0,0,-0.2026130195654329,-0.0554990559963086,0.6643510025721348,0.0,0.0,0.0
image_2909.png,surface,0.0,0.0,1.6009741041661003,-10.208794664461855,-20.0148111115882,0.0,3.309389953925918,2.7712537604544147,0.0,0.0,0.0,4.411494073882199,0,0,0,0,0,0,0.5089466469158404,0.2591182966439904,1.5466800184598644,0.0,0.0,0.0
image_2910.png,surface,0.0,0.0,1.4415070791175548,17.696069232263035,5.696414227832332,0.0,-1.7619517597324652,0.7039301426924552,0.0,0.0,0.0,2.3006890470387207,0,0,0,0,0,0,-0.3555934017164275,0.2302251231325333,1.1465458384387115,0.0,0.0,0.0
image_2911.png,surface,0.0,0.0,2.42332723767131,-5.898176728134231,21.31091498877023,0.0,-0.7578206504939372,-3.248876005972664,0.0,0.0,0.0,3.27869662770809,0,0,0,0,0,0,-0.2710980692748911,-0.9602721017556328,2.6175817374098385,0.0,0.0,0.0
image_2912.png,surface,0.0,0.0,1.598531268898601,-5.44649589773467,-12.589272946590516,0.0,-3.631779757803428,0.5465416733575384,0.0,0.0,0.0,4.619141958251159,0,0,0,0,0,0,-0.2823752741270489,0.0736337815497511,0.6828268758330406,0.0,0.0,0.0
image_2913.png,surface,0.0,0.0,1.1222635238396637,-12.788528537520932,17.75555370126454,0.0,4.664812033133819,1.6328075833474676,0.0,0.0,0.0,0.5237227963254663,0,0,0,0,0,0,0.2293450173020248,-0.0095424397299775,0.4570835918787209,0.0,0.0,0.0
image_2915.png,surface,0.0,0.0,1.714548501045816,-15.350586457240984,-12.87923917961397,0.0,0.1218771847235345,4.408812041180735,0.0,0.0,0.0,-0.4999364718873842,0,0,0,0,0,0,-0.0307307636946275,0.3131685252431165,1.0043079637743175,0.0,0.0,0.0
image_2916.png,surface,0.0,0.0,1.1225422516912484,-16.576287958824924,-16.1521646632118,0.0,-2.2362222616384715,-2.696479110416498,0.0,0.0,0.0,-1.744125398925569,0,0,0,0,0,0,-0.1009812057965965,-0.3239678738659809,0.869340749411774,0.0,0.0,0.0
image_2917.png,surface,0.0,0.0,2.213767014710122,-5.35122919807394,8.948016862496868,0.0,-3.1515465713653823,-3.1698531655760647,0.0,0.0,0.0,1.4891823579590922,0,0,0,0,0,0,-0.3880583590586982,-0.4822849088849298,1.558802995971765,0.0,0.0,0.0
image_2919.png,surface,0.0,0.0,1.8424780262562084,21.76194241374919,1.4005182739134283,0.0,-2.798133871997965,3.8532447044882256,0.0,0.0,0.0,-3.2593985424123217,0,0,0,0,0,0,-0.5450154397628223,0.8940256095187689,2.7291202761314066,0.0,0.0,0.0
image_2920.png,surface,0.0,0.0,2.091424123802039,-14.196003080145909,-15.133060145395998,0.0,-1.3760246166708283,0.4096747101884913,0.0,0.0,0.0,-1.764252111875254,0,0,0,0,0,0,-0.3542663136420573,-0.0117227597869754,1.4837740690239227,0.0,0.0,0.0
image_2921.png,surface,0.0,0.0,2.751694352973152,24.28800271398353,5.150914811136947,0.0,0.4539758661233271,-2.308373573142698,0.0,0.0,0.0,-2.125666011892556,0,0,0,0,0,0,0.4453925207854632,-0.2426384749144743,3.2097743393910183,0.0,0.0,0.0
image_2922.png,surface,0.0,0.0,2.7634622727333493,2.993123918697333,10.584392340689137,0.0,-0.2869673990333939,-1.9493303801415995,0.0,0.0,0.0,3.231375022635984,0,0,0,0,0,0,-0.1692379720070232,-0.6560970034720087,2.449932279749419,0.0,0.0,0.0
image_2923.png,surface,0.0,0.0,2.171246191384363,17.64744844859371,-3.489808612272693,0.0,-0.9699611495139784,0.0519057319642758,0.0,0.0,0.0,1.99872864964788,0,0,0,0,0,0,-0.2896803460960575,0.3487851388148972,2.405852785167564,0.0,0.0,0.0
image_2924.png,surface,0.0,0.0,1.0335649090697625,13.158882079355804,-14.320669037994556,0.0,2.6430005052534224,-1.772825272682525,0.0,0.0,0.0,4.507617160887902,0,0,0,0,0,0,0.2897260027958639,-0.1816650222382574,0.7279067561075351,0.0,0.0,0.0
image_2925.png,surface,0.0,0.0,0.6505624029272357,3.0876562620815173,19.678532898113133,0.0,-0.8583151061943413,4.291049744838768,0.0,0.0,0.0,1.4593457834398542,0,0,0,0,0,0,-0.0069679733354389,0.0832297067645324,0.3318790700345099,0.0,0.0,0.0
image_2927.png,surface,0.0,0.0,1.3999494256177023,-2.51912680869094,-7.444539501751172,0.0,-2.2688109843217013,2.568296975967068,0.0,0.0,0.0,-2.9039298404828493,0,0,0,0,0,0,-0.1228477212238298,0.1456189516855529,0.4754388829356041,0.0,0.0,0.0
image_2928.png,surface,0.0,0.0,0.8016935884722044,2.062784902791439,-14.378515172559906,0.0,1.9691147804825824,-4.212560394462279,0.0,0.0,0.0,0.3876463941222274,0,0,0,0,0,0,0.1346986786035531,-0.1470253053153912,0.4076337232102697,0.0,0.0,0.0
image_2929.png,surface,0.0,0.0,2.5880797637233712,16.79919953426868,-7.68713856122418,0.0,-2.6649483820630087,1.5177125420742008,0.0,0.0,0.0,-3.0594292004232515,0,0,0,0,0,0,-0.7054302545322774,1.10834194712719,3.8420940192666255,0.0,0.0,0.0
image_2930.png,surface,0.0,0.0,1.8426625826293368,0.6542695451795427,-24.885652061779314,0.0,0.1008054573912026,2.841956049333992,0.0,0.0,0.0,0.7222742171992671,0,0,0,0,0,0,0.1305697910510696,0.6391090696368577,2.052520131333905,0.0,0.0,0.0
image_2931.png,surface,0.0,0.0,2.872530760732632,5.726935081530812,-4.398115457031578,0.0,0.1834616074913282,-0.3590734571491509,0.0,0.0,0.0,-2.1595192356138657,0,0,0,0,0,0,0.4446620135885623,-0.1660535530855543,2.9423989329957587,0.0,0.0,0.0
image_2932.png,surface,0.0,0.0,1.9471859314966908,-13.20683612969407,-15.81458560563064,0.0,-0.6778149995154132,3.740321955146383,0.0,0.0,0.0,-0.3105644504095597,0,0,0,0,0,0,-0.0934935070283624,0.4315775230860349,1.2926133145827352,0.0,0.0,0.0
image_2933.png,surface,0.0,0.0,2.8782006948508654,11.704891059863684,-19.91032578090873,0.0,-2.502687421186104,-1.9313618319544883,0.0,0.0,0.0,3.001776544754028,0,0,0,0,0,0,-0.6702289389816155,-0.3881111280680641,2.904864372487833,0.0,0.0,0.0
image_2934.png,surface,0.0,0.0,1.8713269349380173,-16.092242386035302,-15.33360381417544,0.0,0.987879039265454,3.035198327844012,0.0,0.0,0.0,3.012583983705815,0,0,0,0,0,0,0.1432273501273711,0.4509581458149046,1.294786027258933,0.0,0.0,0.0
image_2935.png,surface,0.0,0.0,0.9299700185473724,-13.021885063275615,10.69138358754387,0.0,-3.737588914706993,-3.104239370805833,0.0,0.0,0.0,0.2603951165673965,0,0,0,0,0,0,-0.0615794738637547,-0.0741906598327072,0.3352955658151706,0.0,0.0,0.0
image_2937.png,surface,0.0,0.0,0.7245010919359183,-2.6505863698679786,-21.505206454738328,0.0,-3.1727463541462377,-1.6009440919872442,0.0,0.0,0.0,-2.515374719775972,0,0,0,0,0,0,-0.1636221979308478,-0.07915694440698,0.4699858877092164,0.0,0.0,0.0
image_2938.png,surface,0.0,0.0,0.9566354334570684,-11.56266840644274,-13.661515710356367,0.0,4.236565519664595,-1.1034111756075202,0.0,0.0,0.0,2.997335285741091,0,0,0,0,0,0,0.2252724396793022,-0.0790751430772803,0.5415581248083896,0.0,0.0,0.0
image_2940.png,surface,0.0,0.0,2.446492057997124,11.386303613064136,-19.00294712643051,0.0,-1.8066177329983504,3.2315304599161285,0.0,0.0,0.0,-1.5421836954620058,0,0,0,0,0,0,-0.2241477629740735,1.1482688615331516,3.3297134383262144,0.0,0.0,0.0
image_2941.png,surface,0.0,0.0,2.602067042228198,12.051343020465632,-10.498410199353357,0.0,-1.0586786960499812,3.810592228842684,0.0,0.0,0.0,0.6537831159003806,0,0,0,0,0,0,-0.1237912930198268,1.2330889749193472,3.4923341714781,0.0,0.0,0.0
image_2942.png,surface,0.0,0.0,1.67871470227255,-10.852156460180842,-8.632103406663406,0.0,-0.3914308502680447,-2.216480988482372,0.0,0.0,0.0,0.9269873502074076,0,0,0,0,0,0,0.1290615980674679,-0.3424990212479686,0.944168706019578,0.0,0.0,0.0
image_2943.png,surface,0.0,0.0,1.4466991264789515,-11.086434524070992,4.339331887506153,0.0,4.006063604959516,1.14307993080963,0.0,0.0,0.0,-2.3273884166075254,0,0,0,0,0,0,0.2379741335654167,0.0090264621118713,0.445679641583405,0.0,0.0,0.0
image_2944.png,surface,0.0,0.0,1.1787930123142216,-9.950779978623114,0.935966975876237,0.0,-4.091946301447624,1.9370538099681207,0.0,0.0,0.0,-0.7771206521162233,0,0,0,0,0,0,-0.0911650153382407,0.0484562761296569,0.3366576981198783,0.0,0.0,0.0
image_2945.png,surface,0.0,0.0,0.6345850347873789,11.915279732479371,9.05042259420476,0.0,2.2447051104505,0.5378154482122093,0.0,0.0,0.0,-3.964118668866061,0,0,0,0,0,0,0.1499480163388593,-0.0062955561818941,0.2797518298359854,0.0,0.0,0.0
image_2946.png,surface,0.0,0.0,0.6182934390098398,17.162429815859,-11.020029641130115,0.0,-3.427905807969566,0.8403726633354858,0.0,0.0,0.0,-3.3905145387085325,0,0,0,0,0,0,-0.1840155238443309,0.066957534564254,0.51322130686291,0.0,0.0,0.0
image_2947.png,surface,0.0,0.0,1.3199702156684223,7.587523971728387,-18.00748436262244,0.0,-2.99266682085041,0.3510679007317827,0.0,0.0,0.0,4.124900383309033,0,0,0,0,0,0,-0.3184410231940432,0.0880056459370038,0.8018817052720628,0.0,0.0,0.0
image_2948.png,surface,0.0,0.0,1.059692726015076,-10.6162687487907,6.622852397815847,0.0,-1.612189964337808,2.6462664548609234,0.0,0.0,0.0,2.944251091709936,0,0,0,0,0,0,-0.045051748533872,0.1032238394661504,0.2910485959499477,0.0,0.0,0.0
image_2949.png,surface,0.0,0.0,2.166972509633726,-13.057896226693613,11.866780725442316,0.0,-0.6518393728577769,1.85654244473134,0.0,0.0,0.0,-1.6927747867224072,0,0,0,0,0,0,-0.1968602753898381,0.3952073934195194,1.1438394378595207,0.0,0.0,0.0
image_2951.png,surface,0.0,0.0,2.7726265190196866,-2.124174382661874,16.619341455484253,0.0,1.7883544042781352,-1.2741994830911516,0.0,0.0,0.0,-1.4576223547976808,0,0,0,0,0,0,0.640894509356064,-0.5272599091948638,2.04292268109516,0.0,0.0,0.0
image_2952.png,surface,0.0,0.0,2.919316358753704,13.461374741514764,-14.10476927535359,0.0,-2.1617203048315377,-3.000286983986232,0.0,0.0,0.0,-0.8415893158808618,0,0,0,0,0,0,-0.4295131205928297,-0.8910241299597851,2.705204805666782,0.0,0.0,0.0
image_2953.png,surface,0.0,0.0,1.687230561787135,-2.315690686175252,4.946136746513267,0.0,-2.445829671899866,-0.2547030555528486,0.0,0.0,0.0,-3.729891964366959,0,0,0,0,0,0,-0.2382709021141574,-0.0077585415015247,0.6102363890110034,0.0,0.0,0.0
image_2954.png,surface,0.0,0.0,0.6277906197591543,1.805370455400794,-12.89997047463642,0.0,0.4419939764336029,1.7901854541048012,0.0,0.0,0.0,-2.9036884318332867,0,0,0,0,0,0,0.0407082744922989,0.0868635735261955,0.2786219299242116,0.0,0.0,0.0
image_2955.png,surface,0.0,0.0,0.9265860785677488,4.177695968146863,19.1271343039748,0.0,1.158165068774648,-2.3306709967502703,0.0,0.0,0.0,-4.078838074223886,0,0,0,0,0,0,0.1283493535504898,-0.1422588047578852,0.3956402599175064,0.0,0.0,0.0
image_2956.png,surface,0.0,0.0,1.167937661217518,12.728721165420614,3.314502658804792,0.0,1.2518467282935202,-2.9650543500972195,0.0,0.0,0.0,-1.6260568958281487,0,0,0,0,0,0,0.1532505176248487,-0.1884608250133156,0.491954178879242,0.0,0.0,0.0
image_2957.png,surface,0.0,0.0,2.6899449703224123,-12.283095553117322,12.571832106827728,0.0,1.9490063744507409,0.4671242325692901,0.0,0.0,0.0,-1.5580989369829124,0,0,0,0,0,0,0.7537609150572383,-0.0050685362363975,1.724938477070557,0.0,0.0,0.0
image_2958.png,surface,0.0,0.0,2.7206724035616983,2.56218315536848,6.068335380986577,0.0,2.1388760454093387,4.475963902535943,0.0,0.0,0.0,-0.9030668429967372,0,0,0,0,0,0,0.2128720800119097,0.6633741756103005,2.135721852109993,0.0,0.0,0.0
image_2959.png,surface,0.0,0.0,2.915742732732458,3.944951438447257,-9.970186045044205,0.0,2.468820896070861,-4.324484112655197,0.0,0.0,0.0,-1.516630382743692,0,0,0,0,0,0,1.0907499725475924,-1.0060950043099544,3.651172196229708,0.0,0.0,0.0
image_2960.png,surface,0.0,0.0,1.156614128980131,-19.851248450416257,-13.61671126800596,0.0,-1.1458825517968592,3.0091852525379457,0.0,0.0,0.0,-4.645194269010959,0,0,0,0,0,0,-0.1231520992225384,0.2362799946328109,0.6689063302796824,0.0,0.0,0.0
image_2961.png,surface,0.0,0.0,0.939553999253362,1.1199728799076305,-7.878870741048567,0.0,1.7677227852132371,-2.737547394508478,0.0,0.0,0.0,3.2537693721458982,0,0,0,0,0,0,0.1178696190549489,-0.1485354837098488,0.3131888284108957,0.0,0.0,0.0
image_2962.png,surface,0.0,0.0,1.812069547594316,3.420295357343117,8.838895988817587,0.0,1.2763503239858822,-3.7279184591299206,0.0,0.0,0.0,0.3857677598554856,0,0,0,0,0,0,0.2053630747837659,-0.315882127045657,0.7744827489134315,0.0,0.0,0.0
image_2963.png,surface,0.0,0.0,1.3608963668274583,3.897222628031405,-2.7526582622453977,0.0,-3.8304354249358266,-2.435384715829332,0.0,0.0,0.0,1.5100292185440924,0,0,0,0,0,0,-0.1448496848604884,-0.1150944708875831,0.4628715376718403,0.0,0.0,0.0
image_2964.png,surface,0.0,0.0,1.495328420257562,6.487714848666324,14.705649085348728,0.0,4.632932793723905,0.4877608966117118,0.0,0.0,0.0,1.8116012612521053,0,0,0,0,0,0,0.3134948807150268,-0.0444747537167698,0.6458349352432206,0.0,0.0,0.0
image_2965.png,surface,0.0,0.0,1.6309773859186134,5.138352568165536,17.441979700593915,0.0,2.817445529078794,3.337704045031816,0.0,0.0,0.0,2.0329549223925927,0,0,0,0,0,0,0.2316278522923402,0.2430113002056059,0.8281172666622469,0.0,0.0,0.0
image_2966.png,surface,0.0,0.0,0.652252128428144,11.48129353728079,-21.369605519518203,0.0,-3.0360366904261284,-3.5735596967275627,0.0,0.0,0.0,2.992322875550892,0,0,0,0,0,0,-0.102853130488655,-0.2024708758268964,0.544907630475704,0.0,0.0,0.0
image_2967.png,surface,0.0,0.0,1.3114991570796637,-13.179204867157043,12.37593754054738,0.0,-2.403991415651697,2.362111815443002,0.0,0.0,0.0,-0.3444882261087132,0,0,0,0,0,0,-0.106977452371158,0.0995364872196835,0.4870951626578583,0.0,0.0,0.0
image_2969.png,surface,0.0,0.0,1.696645309763131,16.538993865382544,-18.33588307115173,0.0,1.5774068929744276,-3.652486935968125,0.0,0.0,0.0,-3.697792699779059,0,0,0,0,0,0,0.5151376954095759,-0.5074765722274717,1.709570945068919,0.0,0.0,0.0
image_2970.png,surface,0.0,0.0,2.41372702629658,10.780544366504706,-5.839194895121419,0.0,-1.2858708661008786,-1.7321382222105892,0.0,0.0,0.0,0.6130750686920923,0,0,0,0,0,0,-0.2819461011488695,-0.4069647614613677,1.813441348816116,0.0,0.0,0.0
image_2971.png,surface,0.0,0.0,2.1808485733272445,-17.947525543017246,10.32477353316686,0.0,-0.1342292089994598,-1.7086783266838823,0.0,0.0,0.0,0.3661702933986168,0,0,0,0,0,0,0.0105946371900532,-0.7963548218572382,1.959095719261169,0.0,0.0,0.0
image_2974.png,surface,0.0,0.0,1.8988732590899668,6.160577777478132,15.927884192625942,0.0,1.8896376148972849,0.9900854700090423,0.0,0.0,0.0,-3.3378502355150763,0,0,0,0,0,0,0.4045876062785739,0.1489224669234285,0.9888511116215508,0.0,0.0,0.0
image_2975.png,surface,0.0,0.0,0.892928691077624,0.3027601405688886,16.507993871471832,0.0,2.896279919117425,2.015232404435098,0.0,0.0,0.0,-1.736325848918463,0,0,0,0,0,0,0.1377120207907695,0.0348568050670694,0.285629095780233,0.0,0.0,0.0
image_2976.png,surface,0.0,0.0,2.8027642541361284,0.5034383953488553,4.51402092956406,0.0,-3.347992487077052,-1.853117791920568,0.0,0.0,0.0,0.648182206548146,0,0,0,0,0,0,-0.8497510826200091,-0.3859402466260312,2.6083839948473906,0.0,0.0,0.0
image_2977.png,surface,0.0,0.0,2.991800365177865,11.18228732133394,-4.756873849373203,0.0,-0.4186993326825434,1.5020687056400923,0.0,0.0,0.0,4.235382171258465,0,0,0,0,0,0,0.0895533338350781,1.0184894788619645,4.409120668667384,0.0,0.0,0.0
image_2978.png,surface,0.0,0.0,2.606194277255757,14.037711408884142,-1.9465864709793064,0.0,1.1149248570859145,4.51965255213934,0.0,0.0,0.0,-0.7845492604056421,0,0,0,0,0,0,0.2241553724240414,1.230776514252834,3.817973112454408,0.0,0.0,0.0
image_2979.png,surface,0.0,0.0,0.7336976750142983,5.640200375197784,11.88150845135289,0.0,-1.8551312934539004,0.6163182930295947,0.0,0.0,0.0,-2.966907107472796,0,0,0,0,0,0,-0.071837012420238,0.0214539718162601,0.2717219482495439,0.0,0.0,0.0
image_2980.png,surface,0.0,0.0,0.7785560167655452,-6.235224982388243,-7.942109533119692,0.0,-1.560896040589976,-3.5208617069704022,0.0,0.0,0.0,1.1134953981759423,0,0,0,0,0,0,-0.0036867785093591,-0.0992281591308151,0.2551753902530108,0.0,0.0,0.0
image_2981.png,surface,0.0,0.0,1.4122886308225098,-12.370515541010878,21.07336430546982,0.0,3.550381621297216,0.3021777934281618,0.0,0.0,0.0,2.524174889191314,0,0,0,0,0,0,0.3265481311896495,-0.0475061222231441,0.6904905447998556,0.0,0.0,0.0
image_2982.png,surface,0.0,0.0,2.2400582856350386,6.6648089719346775,17.215478155030237,0.0,0.7230347433719244,0.1338624156043767,0.0,0.0,0.0,1.0586734059772611,0,0,0,0,0,0,0.1983273773436144,0.0981427184097989,1.5896854382244026,0.0,0.0,0.0
image_2983.png,surface,0.0,0.0,2.567261180012022,0.6007798298409134,20.255740518546425,0.0,-1.6676794751838273,0.734809990808556,0.0,0.0,0.0,0.71285520180448,0,0,0,0,0,0,-1.2099078714820772,0.1690267167996423,3.410012254190629,0.0,0.0,0.0
image_2984.png,surface,0.0,0.0,0.952038090431084,11.042341201238647,-16.574466038246065,0.0,4.32015815798813,-0.3737032690268522,0.0,0.0,0.0,-3.42866102782338,0,0,0,0,0,0,0.3357251278507168,-0.0965287152507226,0.8245154315679953,0.0,0.0,0.0
image_2985.png,surface,0.0,0.0,2.063100944383033,20.23026476010968,-13.751834681768337,0.0,-0.534012872587466,-1.8162372156544089,0.0,0.0,0.0,-3.702638337333889,0,0,0,0,0,0,0.2853749193043232,-0.2932294511287965,2.2148371759719576,0.0,0.0,0.0
image_2986.png,surface,0.0,0.0,0.8989162064923057,-14.793043932112129,-19.9512237169904,0.0,4.238742629060617,-1.4961702791588618,0.0,0.0,0.0,4.820521433702721,0,0,0,0,0,0,0.3187408355227711,-0.1434795322934049,0.8454587740038229,0.0,0.0,0.0
image_2987.png,surface,0.0,0.0,0.7802601165337582,1.3458050606914134,-12.44919344998582,0.0,1.7897802892660943,0.994878645226496,0.0,0.0,0.0,-4.723305620235162,0,0,0,0,0,0,0.1587262778216183,0.0021048111372749,0.3364343977420576,0.0,0.0,0.0
image_2990.png,surface,0.0,0.0,2.0692641590434224,-8.82361745857435,14.20657359485063,0.0,0.4178156250790716,-2.063950287506528,0.0,0.0,0.0,3.8684937356236695,0,0,0,0,0,0,0.1293568447262155,-0.5948152227069239,1.3391558123319582,0.0,0.0,0.0
image_2992.png,surface,0.0,0.0,1.4829153760240403,23.410720881356173,6.770188158763309,0.0,0.6246045894071064,1.763449383888372,0.0,0.0,0.0,4.18487279035752,0,0,0,0,0,0,0.038980929349627,0.7265185097285495,2.0462900507926984,0.0,0.0,0.0
image_2993.png,surface,0.0,0.0,1.1672009151804992,-4.251036039945515,22.338206728012537,0.0,-0.5446238655089207,-3.222563238216791,0.0,0.0,0.0,-4.782484819993806,0,0,0,0,0,0,0.051763283405399,-0.1864787158705904,0.5403121087001488,0.0,0.0,0.0
image_2994.png,surface,0.0,0.0,2.8302411994516308,9.385472647628369,2.277380498402225,0.0,0.816395267524884,1.235855076654924,0.0,0.0,0.0,0.4020270465703648,0,0,0,0,0,0,0.4641117677060485,0.7852833265028717,3.335005657280568,0.0,0.0,0.0
image_2997.png,surface,0.0,0.0,0.6805550330773651,20.961064376463582,-2.357397590576665,0.0,-2.8831639311149373,3.882232032598928,0.0,0.0,0.0,-4.097195799702652,0,0,0,0,0,0,-0.1304982622213731,0.1644033685691108,0.6370458323721878,0.0,0.0,0.0
image_2998.png,surface,0.0,0.0,0.6728784751785575,-15.36363259543446,3.751902966034771,0.0,1.5798010646929936,3.494799214738607,0.0,0.0,0.0,4.462496696462681,0,0,0,0,0,0,0.0624515168300552,0.0806812807238855,0.2066388201298475,0.0,0.0,0.0
image_2999.png,surface,0.0,0.0,2.395159945887485,11.642565325776824,-12.334476305388169,0.0,-1.3793556519233607,-3.5766362676886057,0.0,0.0,0.0,4.700430153575793,0,0,0,0,0,0,-0.122576824804979,-0.7195874201389877,1.789039083527841,0.0,0.0,0.0
image_3000.png,surface,0.0,0.0,2.830015004110636,2.402548878552017,-0.8239332466845604,0.0,2.7300998936699687,2.318540643179773,0.0,0.0,0.0,-1.161054035575103,0,0,0,0,0,0,0.822425547785935,0.4984815721654848,2.4199743010609582,0.0,0.0,0.0
