sensor_image,object_label,pose_x,pose_y,pose_z,pose_Rx,pose_Ry,pose_Rz,shear_x,shear_y,shear_z,shear_Rx,shear_Ry,shear_Rz,object_x,object_y,object_z,object_Rx,object_Ry,object_Rz
image_1.png,surface,0.0,0.0,1.624380593247925,18.67897347150388,-8.270680217208728,0.0,2.0718503774730004,0.4903033717456161,0.0,0.0,0.0,2.5057929389871285,0,0,0,0,0,0
image_2.png,surface,0.0,0.0,1.7860579424388483,7.889426140533854,-5.88137599705744,0.0,0.0710591849282281,0.0035090144446155,0.0,0.0,0.0,-1.4269528664925804,0,0,0,0,0,0
image_3.png,surface,0.0,0.0,2.5491698566880494,-10.144135530001732,22.79191511882138,0.0,2.672247877884608,0.7094989176597983,0.0,0.0,0.0,-0.6835300026182569,0,0,0,0,0,0
image_4.png,surface,0.0,0.0,2.3028433685744405,-21.40301643933964,7.864672527195789,0.0,0.4619666853118503,-2.3562313848010925,0.0,0.0,0.0,-1.785784741634091,0,0,0,0,0,0
image_5.png,surface,0.0,0.0,0.7114489384934362,-2.542309739597577,17.492365909124658,0.0,-0.3289644945293994,-0.5829454580789893,0.0,0.0,0.0,-1.911996836645604,0,0,0,0,0,0
image_6.png,surface,0.0,0.0,0.9724335772322208,12.697059661932997,-21.182518315484195,0.0,-2.410552749034138,-1.3104601859860374,0.0,0.0,0.0,-1.6121537308343994,0,0,0,0,0,0
image_7.png,surface,0.0,0.0,0.7116670607670383,-5.193923477097322,-13.2572409410117,0.0,1.4660365561573472,1.1031064419712644,0.0,0.0,0.0,-1.833881420584756,0,0,0,0,0,0
image_8.png,surface,0.0,0.0,0.6037703772628005,13.081229626773547,19.4968827225617,0.0,1.9622911524745423,0.7364419031727547,0.0,0.0,0.0,0.0977458566408451,0,0,0,0,0,0
image_9.png,surface,0.0,0.0,2.828014753835121,-13.044144508387909,8.16324769205548,0.0,1.207044709464868,2.0433064955140265,0.0,0.0,0.0,2.716430078095332,0,0,0,0,0,0
image_10.png,surface,0.0,0.0,3.052876722988957,-18.78201349824196,3.952440078189629,0.0,-0.7174958815741804,1.3307044842627171,0.0,0.0,0.0,-2.142853180990341,0,0,0,0,0,0
image_11.png,surface,0.0,0.0,1.7485334966783492,4.74645452247712,5.237527451985835,0.0,2.0431878903829253,1.6096215360757034,0.0,0.0,0.0,0.6676464059804554,0,0,0,0,0,0
image_12.png,surface,0.0,0.0,3.4065223535671625,-6.77767055825565,9.952259414348564,0.0,-2.061630498877263,0.045805940315847,0.0,0.0,0.0,1.0615973942971273,0,0,0,0,0,0
image_13.png,surface,0.0,0.0,3.0907931067089933,-12.160925897746784,4.721691133236552,0.0,-1.1584966342821807,-1.74810002709164,0.0,0.0,0.0,-1.528073800430276,0,0,0,0,0,0
image_15.png,surface,0.0,0.0,1.6015531997988104,22.52646082574292,4.219411523918802,0.0,1.0223373369075217,-1.6078379588479943,0.0,0.0,0.0,1.41244782111374,0,0,0,0,0,0
image_16.png,surface,0.0,0.0,3.3630414893130487,-8.321892309912439,22.88417708861751,0.0,0.6515854288370382,-2.2394884405500832,0.0,0.0,0.0,2.132819768149698,0,0,0,0,0,0
image_17.png,surface,0.0,0.0,2.746789536901592,-5.464727144235859,-18.4195072179686,0.0,-1.3831745599841136,0.8406241834624533,0.0,0.0,0.0,0.9532779097034064,0,0,0,0,0,0
image_18.png,surface,0.0,0.0,1.5610772873231733,-0.6751976938150156,22.82390077845405,0.0,1.33547852090674,0.4561831865446047,0.0,0.0,0.0,-0.6332530541936601,0,0,0,0,0,0
image_19.png,surface,0.0,0.0,3.166498681834882,14.195425240849303,-16.1143219351123,0.0,0.8263086073981547,0.7026092977554861,0.0,0.0,0.0,1.0651497622493045,0,0,0,0,0,0
image_20.png,surface,0.0,0.0,0.5123368998953866,15.472784938845551,13.925683461375431,0.0,-2.285980484568646,-1.481948812533421,0.0,0.0,0.0,-0.0963593192826999,0,0,0,0,0,0
image_23.png,surface,0.0,0.0,0.7453698215907858,-5.231943675443229,-2.559271277788554,0.0,1.4076795738987564,0.0209565418863455,0.0,0.0,0.0,1.9118738589709745,0,0,0,0,0,0
image_24.png,surface,0.0,0.0,3.0870694685080604,6.618076139443067,-16.71575916805023,0.0,1.3218952960302928,-2.5758240816698783,0.0,0.0,0.0,1.170456036323408,0,0,0,0,0,0
image_27.png,surface,0.0,0.0,1.925460243288227,-18.33059410705256,9.69012342541028,0.0,-2.9229777493717,-0.3435306764132974,0.0,0.0,0.0,2.968982855283522,0,0,0,0,0,0
image_28.png,surface,0.0,0.0,2.9508044914171965,-3.733433977107376,-11.747990566624845,0.0,-1.9493445926795832,0.2460198865155274,0.0,0.0,0.0,0.7501553256115283,0,0,0,0,0,0
image_29.png,surface,0.0,0.0,2.284814092318877,7.066505141999691,0.1378499435137913,0.0,1.700586900356412,0.3592372578341525,0.0,0.0,0.0,-2.5879504536583067,0,0,0,0,0,0
image_31.png,surface,0.0,0.0,1.5871327277767675,6.225240199046477,-21.70320869046308,0.0,2.118095204114299,-1.6117247312834304,0.0,0.0,0.0,2.4940851780511952,0,0,0,0,0,0
image_32.png,surface,0.0,0.0,1.339054015375159,12.945888436427431,20.692207951756497,0.0,0.777195146632317,0.2726545769016406,0.0,0.0,0.0,1.77042040368738,0,0,0,0,0,0
image_34.png,surface,0.0,0.0,1.2672005960947574,13.0436462055499,-3.803629049039815,0.0,2.506018799060297,1.049836315770505,0.0,0.0,0.0,2.601638016995648,0,0,0,0,0,0
image_35.png,surface,0.0,0.0,1.5185343146128465,-9.192367983304576,12.024337239672285,0.0,1.329170916594715,1.1149100880509355,0.0,0.0,0.0,-1.5306554260605485,0,0,0,0,0,0
image_36.png,surface,0.0,0.0,1.82112900484048,-13.110632787366065,20.308601804365097,0.0,-2.034595110744316,-1.1290844971889151,0.0,0.0,0.0,0.997355868237744,0,0,0,0,0,0
image_37.png,surface,0.0,0.0,3.030502593180892,-2.934162550414708,-20.52340980547157,0.0,1.4566642740769793,-1.6945737290319198,0.0,0.0,0.0,1.6213547860046198,0,0,0,0,0,0
image_39.png,surface,0.0,0.0,2.9892241086679547,-17.27109289441178,17.677803831139826,0.0,-2.3395264871499823,-0.3274027883866366,0.0,0.0,0.0,2.320499990356333,0,0,0,0,0,0
image_40.png,surface,0.0,0.0,2.07709914467932,11.49703270095433,-6.528711260109812,0.0,0.8109255556030585,2.710819363884583,0.0,0.0,0.0,-1.5997785186460207,0,0,0,0,0,0
image_42.png,surface,0.0,0.0,1.5056258276320602,3.117872902527162,-24.6090001513326,0.0,-1.3146890209259596,-0.3993271186126116,0.0,0.0,0.0,1.4575537231041729,0,0,0,0,0,0
image_43.png,surface,0.0,0.0,1.8775907676628465,4.662220551194678,15.578424180172965,0.0,-1.6375733172612432,-1.826198443592427,0.0,0.0,0.0,-0.5047691724128467,0,0,0,0,0,0
image_44.png,surface,0.0,0.0,3.321468969041614,8.786911447586386,18.418619734701984,0.0,-1.0223322262738477,1.0298145637514338,0.0,0.0,0.0,-0.4007399601088126,0,0,0,0,0,0
image_45.png,surface,0.0,0.0,1.5648424399847465,-21.455828584907085,-2.10656833515657,0.0,0.8393650381631589,-0.053709985915523,0.0,0.0,0.0,-0.0152757928671247,0,0,0,0,0,0
image_46.png,surface,0.0,0.0,1.018957031772137,-20.05034452487638,12.178346442888524,0.0,1.8690554264373207,1.0915364176991464,0.0,0.0,0.0,-1.48380711101648,0,0,0,0,0,0
image_48.png,surface,0.0,0.0,2.457774856374765,-4.776580154075784,-5.9823972383622985,0.0,-0.6407771144470453,2.0509118226141747,0.0,0.0,0.0,-0.1633007884786241,0,0,0,0,0,0
image_49.png,surface,0.0,0.0,0.8795427794254875,-0.7042642475807697,-14.856385376408957,0.0,0.1136971556950376,1.2718111748491905,0.0,0.0,0.0,2.545859368351333,0,0,0,0,0,0
image_50.png,surface,0.0,0.0,0.8663042560178318,-13.144686367467836,-13.66765256339691,0.0,-0.0690609359124553,1.3933009309022342,0.0,0.0,0.0,2.480107283416551,0,0,0,0,0,0
image_51.png,surface,0.0,0.0,1.4110846728182,2.782889830064218,-21.3044302638112,0.0,0.3220666472091164,-0.2996668529294072,0.0,0.0,0.0,-1.9055731744501885,0,0,0,0,0,0
image_52.png,surface,0.0,0.0,3.222947304195001,14.79280512831854,14.200844819356542,0.0,-1.946838199986412,0.1999908202675067,0.0,0.0,0.0,2.0105512059352684,0,0,0,0,0,0
image_53.png,surface,0.0,0.0,2.5238115529788883,14.51358835030416,-12.33207159630155,0.0,-0.4452699927649776,0.9710428768505824,0.0,0.0,0.0,2.3529530239413683,0,0,0,0,0,0
image_54.png,surface,0.0,0.0,1.16580246914033,-2.475765126369017,-14.012615480952745,0.0,-1.8849577196835088,-2.319459153734143,0.0,0.0,0.0,-2.6134815620362755,0,0,0,0,0,0
image_55.png,surface,0.0,0.0,2.310462681865756,-12.57468802001927,-7.52421884308249,0.0,-0.2320126863021022,1.1385859016430042,0.0,0.0,0.0,-0.5130870393446276,0,0,0,0,0,0
image_56.png,surface,0.0,0.0,2.480719501435736,-15.661916715484535,15.745312285473,0.0,1.055983005955662,-2.2805619701834066,0.0,0.0,0.0,-1.6365370762789406,0,0,0,0,0,0
image_57.png,surface,0.0,0.0,2.069164039723535,-1.2645063147059084,-19.20791887344206,0.0,2.629394723028088,0.4273776150918467,0.0,0.0,0.0,-2.649068147733688,0,0,0,0,0,0
image_58.png,surface,0.0,0.0,2.778147381611986,8.413166587733473,16.941983860408268,0.0,-0.1460972920580953,-0.3617883364543223,0.0,0.0,0.0,0.2400580348710677,0,0,0,0,0,0
image_59.png,surface,0.0,0.0,0.5742169659774707,-10.278880618728008,-16.341247181002778,0.0,-0.4459597786817412,2.4153391208962063,0.0,0.0,0.0,-0.6308020888266013,0,0,0,0,0,0
image_60.png,surface,0.0,0.0,1.0733516813118604,21.6206202825278,2.2293552163603425,0.0,-1.088867840647812,0.9320612947643228,0.0,0.0,0.0,0.774305232617067,0,0,0,0,0,0
image_61.png,surface,0.0,0.0,3.399115233275358,-0.9195067675173406,24.3503316034138,0.0,1.1732655535408956,-0.3283566605371418,0.0,0.0,0.0,-1.3091187774302384,0,0,0,0,0,0
image_62.png,surface,0.0,0.0,1.9932200052704965,5.085479015086338,12.711742269310404,0.0,1.1219738561019683,-2.533423093608049,0.0,0.0,0.0,-1.4633970657423332,0,0,0,0,0,0
image_63.png,surface,0.0,0.0,0.7295443951805876,23.772364821900787,-7.204086165093045,0.0,-0.9702444941857492,-2.472880956299803,0.0,0.0,0.0,0.376923712233308,0,0,0,0,0,0
image_64.png,surface,0.0,0.0,1.4245390706539842,-2.2535656341465984,15.878505882630096,0.0,-0.0543666354844881,0.2708782732547236,0.0,0.0,0.0,-0.9857817041831218,0,0,0,0,0,0
image_65.png,surface,0.0,0.0,0.5053171585202201,24.818667217563032,-1.4468238589518434,0.0,-2.434087614616826,-0.417525424448536,0.0,0.0,0.0,-2.0279264350778696,0,0,0,0,0,0
image_66.png,surface,0.0,0.0,2.2382427256568427,-2.779195167793827,-9.786606382578563,0.0,1.1102099233750349,0.7433336399961279,0.0,0.0,0.0,0.1254887342536896,0,0,0,0,0,0
image_67.png,surface,0.0,0.0,3.4984347502987045,23.4237109794651,1.4783522690557624,0.0,-2.0147684642402046,-1.2741318452236816,0.0,0.0,0.0,2.068277243532481,0,0,0,0,0,0
image_68.png,surface,0.0,0.0,2.2702984925632137,-0.5034454593082099,-13.769793687848368,0.0,-2.0895342333371367,-1.7862957252199907,0.0,0.0,0.0,1.975950551112465,0,0,0,0,0,0
image_70.png,surface,0.0,0.0,1.4831798381842367,1.4756392909981106,22.655217404446013,0.0,0.2673059107884557,-2.9351675034173863,0.0,0.0,0.0,-0.0990956809903638,0,0,0,0,0,0
image_72.png,surface,0.0,0.0,2.024469716120358,-8.100208136549034,-4.770771120749975,0.0,2.552411214441872,0.1904715947198965,0.0,0.0,0.0,0.4838172817084327,0,0,0,0,0,0
image_73.png,surface,0.0,0.0,3.1993585009321714,4.474563027180861,10.393267871347504,0.0,1.4800235581844203,-0.259340463442365,0.0,0.0,0.0,-0.2474354972680919,0,0,0,0,0,0
image_75.png,surface,0.0,0.0,2.2089525267255423,-22.403078906207064,10.70953676415969,0.0,-2.0425798496939347,0.8021497665905635,0.0,0.0,0.0,-1.6948070241428692,0,0,0,0,0,0
image_76.png,surface,0.0,0.0,1.7855332138109556,-3.767010976026536,15.505052008518769,0.0,-1.5189041513363886,0.5858100288141352,0.0,0.0,0.0,-2.92734728879475,0,0,0,0,0,0
image_78.png,surface,0.0,0.0,3.019874078624045,17.15513961449249,3.489383800506692,0.0,0.3370838399389004,-0.1854615949796849,0.0,0.0,0.0,2.965393305081103,0,0,0,0,0,0
image_79.png,surface,0.0,0.0,1.8471317378798544,6.649084543401437,-5.063106650648898,0.0,2.1610465054986085,1.6464953045935349,0.0,0.0,0.0,-0.0202376714303511,0,0,0,0,0,0
image_80.png,surface,0.0,0.0,1.153048344862117,-10.160903712118412,-4.0341274807497145,0.0,-0.0456877186728743,1.2920379657588563,0.0,0.0,0.0,2.967833239171079,0,0,0,0,0,0
image_82.png,surface,0.0,0.0,0.9516541149525306,-4.658284756436842,-12.621864348863232,0.0,-1.3720742333625493,0.7487269652792946,0.0,0.0,0.0,1.9167188333245475,0,0,0,0,0,0
image_83.png,surface,0.0,0.0,0.7546976426325167,-16.714353397411134,-15.568001901307438,0.0,2.270574712087236,-1.842930183040137,0.0,0.0,0.0,0.5272771028757282,0,0,0,0,0,0
image_84.png,surface,0.0,0.0,1.6276290482094904,-12.918099365684446,19.987883626667585,0.0,-0.9631052358615486,-1.7059361350962552,0.0,0.0,0.0,1.4023394064098549,0,0,0,0,0,0
image_85.png,surface,0.0,0.0,2.377095648834405,22.17161181751587,-7.881800305796609,0.0,-2.1316462374284653,1.841749407338978,0.0,0.0,0.0,1.1965394878744728,0,0,0,0,0,0
image_87.png,surface,0.0,0.0,3.247052478407583,-10.390812418848828,-4.600150847925725,0.0,-1.7052855219223972,1.8004623374340667,0.0,0.0,0.0,-0.1991330657617074,0,0,0,0,0,0
image_89.png,surface,0.0,0.0,2.558940359305698,12.542554245210402,16.850991575603768,0.0,-2.873598965903284,0.2768796278699711,0.0,0.0,0.0,-2.3012614910648725,0,0,0,0,0,0
image_90.png,surface,0.0,0.0,2.575132055769914,-5.6435917074378255,-11.520872448448712,0.0,-0.9971294110290064,-0.6321160356586628,0.0,0.0,0.0,-1.2038566417630752,0,0,0,0,0,0
image_91.png,surface,0.0,0.0,0.5050534946853276,12.027022673560092,3.483628562386952,0.0,2.4406724107205258,0.1006996903855657,0.0,0.0,0.0,-0.8248950936360471,0,0,0,0,0,0
image_93.png,surface,0.0,0.0,3.2528258838301403,-19.49944238912084,1.9792722375065583,0.0,0.370958460047896,2.0629528936078,0.0,0.0,0.0,-0.2137023224059637,0,0,0,0,0,0
image_94.png,surface,0.0,0.0,0.5581939512082652,-15.849766414222854,5.677591202889655,0.0,1.5332795531163237,1.4368073880391958,0.0,0.0,0.0,0.7377131133821262,0,0,0,0,0,0
image_95.png,surface,0.0,0.0,2.2948819711557125,-21.91112891933399,5.313995695528319,0.0,-0.9110311217542678,0.2176903555092561,0.0,0.0,0.0,0.9416192917477346,0,0,0,0,0,0
image_96.png,surface,0.0,0.0,2.529727310382436,21.425760231334376,-0.6513140277263145,0.0,-0.1987705644910175,-2.415409756449805,0.0,0.0,0.0,-2.434804070952149,0,0,0,0,0,0
image_98.png,surface,0.0,0.0,3.0146337889978723,-3.647735776499767,-14.529902618326505,0.0,1.319923575023366,1.8448981609593469,0.0,0.0,0.0,0.8587891862083805,0,0,0,0,0,0
image_99.png,surface,0.0,0.0,2.377494242867265,-12.710929170665574,-16.189142151164102,0.0,0.0236686029591068,1.9860618649386408,0.0,0.0,0.0,-1.4441518268140665,0,0,0,0,0,0
image_100.png,surface,0.0,0.0,1.1751652199885128,-11.94232642309911,-8.404664539553567,0.0,-1.9926125969806032,0.9276485238968084,0.0,0.0,0.0,0.4103867007167667,0,0,0,0,0,0
image_101.png,surface,0.0,0.0,3.40157035015266,-14.787442632581884,13.950061017978758,0.0,-0.8377144266779433,1.492034995253494,0.0,0.0,0.0,0.0815440577068598,0,0,0,0,0,0
image_102.png,surface,0.0,0.0,1.1475968740220606,-23.843311600815728,5.411253402393431,0.0,1.063857147937051,-0.0778085051327605,0.0,0.0,0.0,0.2170440797431059,0,0,0,0,0,0
image_104.png,surface,0.0,0.0,1.92166933657977,-12.640412432547045,-17.476984286080842,0.0,-0.9793572437182304,-1.2564750055007743,0.0,0.0,0.0,1.819077104391484,0,0,0,0,0,0
image_106.png,surface,0.0,0.0,0.793277371761604,16.1112519242871,12.782550106386594,0.0,1.8439002602465824,1.3069059982507352,0.0,0.0,0.0,-2.546240270770092,0,0,0,0,0,0
image_107.png,surface,0.0,0.0,3.3576357666000627,3.0677157673710647,-22.193882730690465,0.0,-0.1315639926958619,-2.970093900433287,0.0,0.0,0.0,-1.930881436382442,0,0,0,0,0,0
image_109.png,surface,0.0,0.0,1.161151817710258,-5.522070808445101,-7.08510265173551,0.0,0.5997075079276893,-2.4463759864417804,0.0,0.0,0.0,-0.0533507717894754,0,0,0,0,0,0
image_111.png,surface,0.0,0.0,1.549199790262613,-16.31145509312099,12.179191298690323,0.0,-1.94397471033446,-0.7432808014266775,0.0,0.0,0.0,-1.5057823993220485,0,0,0,0,0,0
image_112.png,surface,0.0,0.0,1.8263890569536587,-21.146420554276336,2.5208042601523286,0.0,-0.1592502254476795,-0.5544961029369286,0.0,0.0,0.0,2.1293643586301725,0,0,0,0,0,0
image_114.png,surface,0.0,0.0,1.2046533356018825,-2.9099116138436494,-24.348208598430222,0.0,1.3815886192236213,-0.5518324346198366,0.0,0.0,0.0,-0.4911882685440392,0,0,0,0,0,0
image_115.png,surface,0.0,0.0,2.820599350225661,-12.877798903960754,17.650306725764423,0.0,-0.099323696468632,-1.7948097732907324,0.0,0.0,0.0,-1.35519276122911,0,0,0,0,0,0
image_116.png,surface,0.0,0.0,3.206645462076399,-16.985960071862877,-5.475215224081374,0.0,0.5103925897626823,-1.800580352458422,0.0,0.0,0.0,1.3061668091413514,0,0,0,0,0,0
image_117.png,surface,0.0,0.0,1.2004323288150855,6.776890236949948,3.7245160782973135,0.0,2.2850279949671326,-1.4782223052981482,0.0,0.0,0.0,0.5362505670381745,0,0,0,0,0,0
image_119.png,surface,0.0,0.0,0.5868400792382484,7.053742872878113,4.949235710906339,0.0,0.0804022531795049,0.507550049284632,0.0,0.0,0.0,-1.28929358187458,0,0,0,0,0,0
image_120.png,surface,0.0,0.0,0.6341728401710611,-16.488834069411684,-12.65048164558403,0.0,2.055666620606765,0.336185347202172,0.0,0.0,0.0,2.6860435076233617,0,0,0,0,0,0
image_121.png,surface,0.0,0.0,1.6790276551596277,5.539362152417422,15.220671230084196,0.0,-0.8538735056114033,-1.9953155161160936,0.0,0.0,0.0,1.5022464167320262,0,0,0,0,0,0
image_122.png,surface,0.0,0.0,0.943733437203952,-15.095069577077895,-12.6635659671096,0.0,2.384539145651364,1.5179880011214968,0.0,0.0,0.0,0.0931222969614342,0,0,0,0,0,0
image_123.png,surface,0.0,0.0,0.9984157059310664,-21.57345254815265,12.749264020900291,0.0,0.8771074318814236,1.4323931184395071,0.0,0.0,0.0,1.8946214396942145,0,0,0,0,0,0
image_124.png,surface,0.0,0.0,2.3821910744504047,-6.877228716477524,-12.122188355950136,0.0,-0.5771598085293429,0.6899726927053396,0.0,0.0,0.0,-1.8826724822123155,0,0,0,0,0,0
image_126.png,surface,0.0,0.0,2.836901725319154,19.56246290750374,0.3191130869701696,0.0,-2.616612220601365,-0.5606162112846172,0.0,0.0,0.0,0.3822636543735305,0,0,0,0,0,0
image_127.png,surface,0.0,0.0,1.5094814250722712,0.728243646659492,-23.0948052846506,0.0,-0.4746298159736432,1.7359587335023905,0.0,0.0,0.0,2.535764115466863,0,0,0,0,0,0
image_129.png,surface,0.0,0.0,3.024037761098259,23.048454009311147,-5.892857537068403,0.0,2.3262838839938427,0.2170021064676847,0.0,0.0,0.0,-2.326951277140771,0,0,0,0,0,0
image_130.png,surface,0.0,0.0,2.072635090471486,3.70515311707742,6.268852536745752,0.0,0.027440886803685,-1.0121197178753147,0.0,0.0,0.0,-2.2070917990239733,0,0,0,0,0,0
image_131.png,surface,0.0,0.0,1.927628187995084,-5.791056471743533,-18.601717610451228,0.0,1.924814584664151,0.0024199461889937,0.0,0.0,0.0,1.6210933494323465,0,0,0,0,0,0
image_133.png,surface,0.0,0.0,0.9515752089692856,-14.833526528709108,19.30592442854486,0.0,0.9513135219085228,0.8059353131025158,0.0,0.0,0.0,-0.3991036751061987,0,0,0,0,0,0
image_134.png,surface,0.0,0.0,0.7562395985847408,-9.351682237327084,-11.873207779920564,0.0,-0.2577802423338452,1.5761416101069698,0.0,0.0,0.0,0.5121196911798078,0,0,0,0,0,0
image_136.png,surface,0.0,0.0,2.5299154886967763,8.35986116152568,10.820438196429194,0.0,2.351677185298691,-1.7974818160037314,0.0,0.0,0.0,0.4069695660357579,0,0,0,0,0,0
image_138.png,surface,0.0,0.0,3.118655730892406,18.100056351257496,-11.524905639773625,0.0,0.3330560270685622,-1.6994520198101504,0.0,0.0,0.0,0.6896817772516499,0,0,0,0,0,0
image_140.png,surface,0.0,0.0,2.989123073046714,-0.4443971836036176,-24.236460581033665,0.0,-0.0102122507354236,-1.5070609037121203,0.0,0.0,0.0,2.3952597950695207,0,0,0,0,0,0
image_141.png,surface,0.0,0.0,0.921275553721081,13.901485103454473,15.533503697603676,0.0,-0.0987353260163172,-1.5178402374195432,0.0,0.0,0.0,-2.651658492905061,0,0,0,0,0,0
image_142.png,surface,0.0,0.0,1.0149442238366555,2.528784127955125,-4.984923929980782,0.0,0.4719050165101329,2.5673842834840115,0.0,0.0,0.0,1.2561498828493391,0,0,0,0,0,0
image_143.png,surface,0.0,0.0,3.2552368331541897,8.212674264458798,-1.423554855879087,0.0,1.0273818747960075,-0.5037467681644989,0.0,0.0,0.0,-2.10380281286966,0,0,0,0,0,0
image_144.png,surface,0.0,0.0,1.5641140459379494,14.617472735580842,19.339162273212303,0.0,0.6793629419620849,-2.2686358407788467,0.0,0.0,0.0,-1.654622598711188,0,0,0,0,0,0
image_145.png,surface,0.0,0.0,1.1509963002372323,-15.67119037619547,3.2959223222438028,0.0,1.1860254488924196,1.3806872538695103,0.0,0.0,0.0,0.5685572739012787,0,0,0,0,0,0
image_146.png,surface,0.0,0.0,3.236207705874274,-18.95666308541297,4.398755722584698,0.0,2.093459130804701,0.424711308067481,0.0,0.0,0.0,-1.8176051852837027,0,0,0,0,0,0
image_147.png,surface,0.0,0.0,3.410313573166496,23.05961583478793,-2.0270805112039487,0.0,2.509099144361489,0.9383278876404164,0.0,0.0,0.0,-1.768365994420592,0,0,0,0,0,0
image_148.png,surface,0.0,0.0,2.413308937595262,10.487147315289407,20.896184772447228,0.0,-0.931520307191488,0.9363269129804362,0.0,0.0,0.0,-1.3171261058333186,0,0,0,0,0,0
image_149.png,surface,0.0,0.0,1.6650158033342026,-9.820586834221684,-12.00754521046708,0.0,-0.8083437460578446,2.166835499135168,0.0,0.0,0.0,-2.600602858213515,0,0,0,0,0,0
image_150.png,surface,0.0,0.0,2.565157266195865,13.06375617328406,14.036064127495091,0.0,0.0938758239035618,0.9738701519842184,0.0,0.0,0.0,-2.595474878296839,0,0,0,0,0,0
image_151.png,surface,0.0,0.0,0.5466736307084306,-5.236204086539658,20.046318897781177,0.0,0.2324543527871778,2.0143013348237013,0.0,0.0,0.0,-1.9200876560929672,0,0,0,0,0,0
image_153.png,surface,0.0,0.0,1.606143332352072,-17.292366417019476,7.154643173509148,0.0,0.673704906724143,-2.6516874759905305,0.0,0.0,0.0,2.066181381872786,0,0,0,0,0,0
image_154.png,surface,0.0,0.0,2.9966735042398334,1.2889289698330395,18.280843487547333,0.0,-0.0724937087517768,1.7423543377615365,0.0,0.0,0.0,2.684228949341084,0,0,0,0,0,0
image_155.png,surface,0.0,0.0,1.4129477191147264,9.09239749982667,-20.27019128898126,0.0,1.1902377954763443,-0.4619449427102793,0.0,0.0,0.0,0.7668891362405992,0,0,0,0,0,0
image_156.png,surface,0.0,0.0,0.6736156752466274,10.245988848552043,19.99760078197414,0.0,-1.6732693144217303,2.3155609484012984,0.0,0.0,0.0,-0.934191332235386,0,0,0,0,0,0
image_157.png,surface,0.0,0.0,1.6362058200016518,14.151955104443664,-19.74056104382692,0.0,-2.077319078185099,-0.888382946111118,0.0,0.0,0.0,-1.428585498712918,0,0,0,0,0,0
image_158.png,surface,0.0,0.0,1.223762457445456,2.231953934190376,24.15362879156261,0.0,1.6401599480241418,-2.1186293902317384,0.0,0.0,0.0,-1.100023620617532,0,0,0,0,0,0
image_161.png,surface,0.0,0.0,1.5542641758203048,-11.018311449564724,1.6503707202252478,0.0,-0.6041865827103143,-0.9974164393199452,0.0,0.0,0.0,0.2193510961925007,0,0,0,0,0,0
image_162.png,surface,0.0,0.0,2.701519942817632,-17.401842574871758,2.762155295186795,0.0,2.636588526222246,1.066114646325068,0.0,0.0,0.0,-2.436434778059072,0,0,0,0,0,0
image_163.png,surface,0.0,0.0,0.6896144636507477,6.833483769534665,0.0756773862115138,0.0,1.3607577824514117,-1.3507880524530689,0.0,0.0,0.0,-0.793783492749812,0,0,0,0,0,0
image_165.png,surface,0.0,0.0,1.52730056844394,8.388534463423486,21.759129913039228,0.0,1.1892196115027045,-1.16861517454654,0.0,0.0,0.0,-0.0384142026692906,0,0,0,0,0,0
image_166.png,surface,0.0,0.0,2.44046457480304,-1.7244680251520716,-5.165452858326124,0.0,-1.228745633266933,2.5345722945131226,0.0,0.0,0.0,-1.923184623150974,0,0,0,0,0,0
image_167.png,surface,0.0,0.0,3.163762313129845,18.617267754445788,14.660828368684175,0.0,-0.9172598664628132,1.6910207035843112,0.0,0.0,0.0,1.830607476746524,0,0,0,0,0,0
image_168.png,surface,0.0,0.0,0.9289693703829838,-14.01681947631946,1.9094567573008183,0.0,-1.7295150224497535,0.8991079187378049,0.0,0.0,0.0,1.5356684990895912,0,0,0,0,0,0
image_169.png,surface,0.0,0.0,2.9487612541994705,14.101668961840982,20.333615302916847,0.0,2.079593042810926,2.019346645378397,0.0,0.0,0.0,1.201728534535908,0,0,0,0,0,0
image_170.png,surface,0.0,0.0,2.3291702082537986,-9.66594800522526,-10.635851396795518,0.0,2.149129430822274,0.2106346630036565,0.0,0.0,0.0,-0.311254634094237,0,0,0,0,0,0
image_171.png,surface,0.0,0.0,0.5877280820419288,-7.043117212168978,-9.495663772061134,0.0,1.1940026454084098,1.7261918960822762,0.0,0.0,0.0,-0.5822891222110407,0,0,0,0,0,0
image_173.png,surface,0.0,0.0,2.113064099101777,-16.752225607284668,9.259438237869931,0.0,-0.2353062812139958,0.9147037729429508,0.0,0.0,0.0,-2.1010306115462294,0,0,0,0,0,0
image_174.png,surface,0.0,0.0,2.8997864737403742,9.18482862612983,16.259613228375866,0.0,-0.4490480067378723,0.2366399955635033,0.0,0.0,0.0,1.9195648597867168,0,0,0,0,0,0
image_175.png,surface,0.0,0.0,1.7266040986083393,-17.192207181433965,6.001445179093045,0.0,-0.342878460435445,2.925020441327682,0.0,0.0,0.0,-0.1492086664831911,0,0,0,0,0,0
image_176.png,surface,0.0,0.0,2.496508381364155,6.033673537148504,2.339336661325356,0.0,1.4229721024843256,0.1372889403863846,0.0,0.0,0.0,1.8378551330513533,0,0,0,0,0,0
image_177.png,surface,0.0,0.0,1.0964126161566157,5.441130940929871,20.37427426171927,0.0,-0.7591351239212006,-1.943165265578817,0.0,0.0,0.0,-2.5724457497112283,0,0,0,0,0,0
image_178.png,surface,0.0,0.0,1.0755337242439662,8.012516589800098,11.475892780717492,0.0,-1.1228627337280532,-0.4938461025109567,0.0,0.0,0.0,-0.3888387360245575,0,0,0,0,0,0
image_179.png,surface,0.0,0.0,1.5207872243768454,-18.161012544716417,-0.4669640023802708,0.0,1.3737012457843567,-1.413047785179414,0.0,0.0,0.0,1.0197222343840977,0,0,0,0,0,0
image_180.png,surface,0.0,0.0,2.0583215189831443,20.12680436636706,-2.3599649290254967,0.0,1.2240967343005262,0.3261189806105621,0.0,0.0,0.0,2.712729395741385,0,0,0,0,0,0
image_181.png,surface,0.0,0.0,2.6495803717379816,-20.58301180136723,-10.197608027673942,0.0,0.1065425321023874,1.7224333651159962,0.0,0.0,0.0,-1.3998412507965976,0,0,0,0,0,0
image_182.png,surface,0.0,0.0,2.500414468316983,13.49611572197575,-3.0070624233389225,0.0,-1.7731344323173677,0.7280715966577403,0.0,0.0,0.0,-1.074916509344107,0,0,0,0,0,0
image_183.png,surface,0.0,0.0,2.964033689505055,17.01605596643582,2.496037891852514,0.0,1.410649553894303,2.342279419898628,0.0,0.0,0.0,1.5466165150406077,0,0,0,0,0,0
image_184.png,surface,0.0,0.0,1.7791907473492383,-6.21100269564335,-19.105073714298207,0.0,-0.1067358374983166,-2.347461908364514,0.0,0.0,0.0,-1.3328717033681048,0,0,0,0,0,0
image_185.png,surface,0.0,0.0,3.2375877633375043,16.92466936645901,-9.790935402074304,0.0,1.3910362724631604,-0.8753134105604659,0.0,0.0,0.0,1.5759563836561483,0,0,0,0,0,0
image_187.png,surface,0.0,0.0,1.0616099264132206,11.86933179753956,5.559035777885612,0.0,-1.3132497334545663,-2.535637541900508,0.0,0.0,0.0,0.0192132646412019,0,0,0,0,0,0
image_188.png,surface,0.0,0.0,2.551152725869845,-5.804396645822576,-2.430133139885098,0.0,2.2950373707264107,-1.711011590032543,0.0,0.0,0.0,0.7197475253683128,0,0,0,0,0,0
image_189.png,surface,0.0,0.0,1.261318040186521,0.0956717782227802,12.91412973875284,0.0,2.07594597115022,1.4863541174287735,0.0,0.0,0.0,1.2947314679501654,0,0,0,0,0,0
image_191.png,surface,0.0,0.0,3.1594812347985712,-15.735188075496197,-8.58161952069499,0.0,1.6450326646632425,2.1983006771710625,0.0,0.0,0.0,1.4789668463833443,0,0,0,0,0,0
image_192.png,surface,0.0,0.0,0.7052025394464838,1.3914450699908316,-8.939210233434826,0.0,-1.6535472368647333,0.9757429615934944,0.0,0.0,0.0,-2.786469929593217,0,0,0,0,0,0
image_193.png,surface,0.0,0.0,3.4744133223071363,17.472056865322426,-16.999859142259094,0.0,-1.395073760282037,2.476665613873496,0.0,0.0,0.0,0.4103360339571473,0,0,0,0,0,0
image_194.png,surface,0.0,0.0,3.087767934110321,3.324578539619353,0.3476927203698928,0.0,-1.801678486720017,-1.1073349225387896,0.0,0.0,0.0,2.6746676281087964,0,0,0,0,0,0
image_197.png,surface,0.0,0.0,1.174567039504832,-8.696532729621222,-21.292417127218844,0.0,0.8067943164571872,1.0385840499077268,0.0,0.0,0.0,0.3226603818324109,0,0,0,0,0,0
image_198.png,surface,0.0,0.0,2.894274664181658,13.20267420279714,5.55839294581718,0.0,0.9996008151324552,-2.1889790605514974,0.0,0.0,0.0,0.1462329927647525,0,0,0,0,0,0
image_199.png,surface,0.0,0.0,0.6614016955229196,18.38449640490148,-6.2129982910782005,0.0,-0.0965384596622312,-2.1605518508234955,0.0,0.0,0.0,-2.3469860672014784,0,0,0,0,0,0
image_202.png,surface,0.0,0.0,2.7512204959392883,19.28966255006126,16.108158128332807,0.0,2.5396717759180305,1.5589109779984611,0.0,0.0,0.0,-0.3235295045304367,0,0,0,0,0,0
image_204.png,surface,0.0,0.0,1.6603565112402188,2.105015959155108,14.966932506011082,0.0,-0.3035531031383613,2.745459785769342,0.0,0.0,0.0,0.1695442091227592,0,0,0,0,0,0
image_205.png,surface,0.0,0.0,1.931283204582482,8.662676596773192,-17.632073976949926,0.0,2.7231982479980843,-1.0635009042836543,0.0,0.0,0.0,-2.4606701100165944,0,0,0,0,0,0
image_206.png,surface,0.0,0.0,0.9570776764326664,11.194278070304671,8.389543179407006,0.0,2.631312635729069,-1.0184663918092682,0.0,0.0,0.0,-2.8826530682701152,0,0,0,0,0,0
image_207.png,surface,0.0,0.0,1.7441605603503454,17.704926809119463,0.3268090982016293,0.0,-1.7111866208413518,-0.6874011052042559,0.0,0.0,0.0,0.8722999236330455,0,0,0,0,0,0
image_208.png,surface,0.0,0.0,3.2314330581839696,-17.041990957263483,-0.3013211808596077,0.0,-1.8427017981021008,0.466586226617834,0.0,0.0,0.0,-1.703579155753568,0,0,0,0,0,0
image_211.png,surface,0.0,0.0,2.0970051830950283,-11.29809552661804,-6.092839945712069,0.0,1.9939568937990657,1.1792270123480684,0.0,0.0,0.0,1.9410321991214188,0,0,0,0,0,0
image_213.png,surface,0.0,0.0,1.382805628291023,-12.08542986041328,-3.1679109235972533,0.0,0.6097993779851568,1.8894390501327936,0.0,0.0,0.0,-2.9670821342945493,0,0,0,0,0,0
image_214.png,surface,0.0,0.0,2.850910225071015,19.76597980150827,8.356530742304816,0.0,-0.6415605849264023,-0.9881376561246714,0.0,0.0,0.0,-0.2506845021906594,0,0,0,0,0,0
image_215.png,surface,0.0,0.0,2.425742750738758,-7.397771110652961,-1.7743410427361206,0.0,-0.4579496205377045,2.107691619115889,0.0,0.0,0.0,2.378581135799749,0,0,0,0,0,0
image_216.png,surface,0.0,0.0,0.5719545547631308,-15.783637540566112,6.597424119047232,0.0,0.3432232662739728,2.2368792986087103,0.0,0.0,0.0,2.714727421840516,0,0,0,0,0,0
image_217.png,surface,0.0,0.0,2.2096279961155427,18.820262681124504,-0.2956580185129125,0.0,-2.566897332788536,-0.4531449783443528,0.0,0.0,0.0,-0.3867171472848998,0,0,0,0,0,0
image_220.png,surface,0.0,0.0,2.85106098708036,19.87695922244144,-6.934843598603534,0.0,-2.7149818503740786,-0.168562527494931,0.0,0.0,0.0,1.9889799888245945,0,0,0,0,0,0
image_221.png,surface,0.0,0.0,0.8837242976831139,-16.77186259001878,-16.43842447331592,0.0,1.373449099045672,1.96485264750284,0.0,0.0,0.0,-2.2144546824034426,0,0,0,0,0,0
image_222.png,surface,0.0,0.0,1.656637033042984,19.388630829997272,-10.509918641306768,0.0,-0.9794534380768076,0.9293891909822064,0.0,0.0,0.0,2.3784332404864443,0,0,0,0,0,0
image_223.png,surface,0.0,0.0,1.9699088945140115,-8.14516190095816,-6.427039022071788,0.0,-2.402913301121954,1.0551692194384568,0.0,0.0,0.0,1.526066252688313,0,0,0,0,0,0
image_225.png,surface,0.0,0.0,2.6128515603914693,14.8420178597351,-4.15556411532375,0.0,0.8383329870850134,-2.230399627216284,0.0,0.0,0.0,1.5098409471090442,0,0,0,0,0,0
image_227.png,surface,0.0,0.0,0.5133937861686921,8.564942733237185,-2.701265244288834,0.0,0.4130499300029515,-1.461689403761157,0.0,0.0,0.0,-0.2619780716684037,0,0,0,0,0,0
image_231.png,surface,0.0,0.0,1.7135836355004967,10.245207877403576,4.120516793024423,0.0,-1.0219265474149124,-0.6275644785059964,0.0,0.0,0.0,-2.020024278012669,0,0,0,0,0,0
image_232.png,surface,0.0,0.0,1.0107558889287591,2.135917465714457,-19.817936887050426,0.0,0.2042716979462181,1.7940322944900622,0.0,0.0,0.0,-2.7399505833679845,0,0,0,0,0,0
image_233.png,surface,0.0,0.0,0.8627813539161584,2.66053094552446,-11.776756644303092,0.0,2.181435195960974,0.1004852642367927,0.0,0.0,0.0,-0.950404810856381,0,0,0,0,0,0
image_234.png,surface,0.0,0.0,3.2040684910572708,-10.648917903247664,-7.118947220925903,0.0,-0.3521846864827987,-1.6298585745723917,0.0,0.0,0.0,1.4906852249259115,0,0,0,0,0,0
image_235.png,surface,0.0,0.0,2.930732253327453,24.71244298393556,1.527800920262521,0.0,2.6738004883292272,0.0762969769465211,0.0,0.0,0.0,0.0057587288128599,0,0,0,0,0,0
image_236.png,surface,0.0,0.0,2.357901821918991,8.77856963006598,-11.098609063858142,0.0,0.0300530578963689,-2.422218885171404,0.0,0.0,0.0,0.5876875897439566,0,0,0,0,0,0
image_237.png,surface,0.0,0.0,2.1190869712080764,8.870893466507765,-21.70837392896093,0.0,1.08943340738159,-1.7723700990148687,0.0,0.0,0.0,1.3790763450992278,0,0,0,0,0,0
image_238.png,surface,0.0,0.0,2.831461284591099,4.5396667727725575,-23.65866892697617,0.0,2.278182216474905,-0.3842874466201029,0.0,0.0,0.0,-2.120954421484272,0,0,0,0,0,0
image_239.png,surface,0.0,0.0,1.454451614911002,3.1145238605538315,-0.403268238213764,0.0,2.5820833758976365,-0.264393796771141,0.0,0.0,0.0,-1.2300149904384277,0,0,0,0,0,0
image_241.png,surface,0.0,0.0,2.7105363241759024,18.75753157361165,6.690029477167565,0.0,0.5002788444848872,0.3013810810018776,0.0,0.0,0.0,1.2107584864062133,0,0,0,0,0,0
image_243.png,surface,0.0,0.0,1.006195860456422,-16.683730968786676,14.205102401643744,0.0,0.8817399518048336,1.4712417287430166,0.0,0.0,0.0,-2.731794040392619,0,0,0,0,0,0
image_244.png,surface,0.0,0.0,3.457714389203244,10.758315074215597,7.192423027306991,0.0,-2.633872592429124,-1.169512154655107,0.0,0.0,0.0,0.098450925875114,0,0,0,0,0,0
image_245.png,surface,0.0,0.0,2.9335866851465915,1.7958106120504298,0.4426319369557771,0.0,-1.8634901452923271,-0.4152083331511556,0.0,0.0,0.0,2.444623036325225,0,0,0,0,0,0
image_246.png,surface,0.0,0.0,1.9718808297203,-21.233325993704167,-6.492686242991148,0.0,-2.745701597649405,0.3248257235295438,0.0,0.0,0.0,0.990616545149539,0,0,0,0,0,0
image_247.png,surface,0.0,0.0,2.3599105267447587,5.355816879938359,19.13946473204525,0.0,2.25402473881141,0.5078358818570579,0.0,0.0,0.0,2.677035951304889,0,0,0,0,0,0
image_248.png,surface,0.0,0.0,2.780227971994952,5.637695010749328,-4.0032855915009415,0.0,0.9992050534690968,-0.6130669207225783,0.0,0.0,0.0,1.926893131864582,0,0,0,0,0,0
image_249.png,surface,0.0,0.0,1.875755550978822,4.238510908643884,2.5009159758898925,0.0,2.410860036299851,1.0458525636263074,0.0,0.0,0.0,2.2527457622693445,0,0,0,0,0,0
image_251.png,surface,0.0,0.0,2.818783693500344,4.199688104180319,-7.262174483679001,0.0,2.215375109137326,0.087568187105326,0.0,0.0,0.0,-1.0715659618210944,0,0,0,0,0,0
image_253.png,surface,0.0,0.0,1.0633043834655465,-24.07742911693217,-3.2736176207953727,0.0,2.8516973159080683,0.0447684308759352,0.0,0.0,0.0,-1.1546222722506292,0,0,0,0,0,0
image_255.png,surface,0.0,0.0,2.1628665178654103,24.49261581773741,-1.8071216189450017,0.0,0.4535367413527182,-0.8953195227231897,0.0,0.0,0.0,1.0922528530883735,0,0,0,0,0,0
image_257.png,surface,0.0,0.0,0.67574606952108,3.5595396479719543,10.183026231659673,0.0,1.542242890651262,-2.364615147988943,0.0,0.0,0.0,0.9281880489118453,0,0,0,0,0,0
image_258.png,surface,0.0,0.0,2.832689582991617,-4.103575107641294,-2.7500567319808304,0.0,-1.3192281265302457,-1.308683905019257,0.0,0.0,0.0,-1.72277657748894,0,0,0,0,0,0
image_259.png,surface,0.0,0.0,2.116124760695352,-20.75749890400092,7.27465858977848,0.0,0.7578187023939215,0.474457353462146,0.0,0.0,0.0,-0.3401326829484183,0,0,0,0,0,0
image_260.png,surface,0.0,0.0,1.791954356805158,-5.691847579208496,9.808045587148614,0.0,-0.4495196157888729,0.3239583931084375,0.0,0.0,0.0,0.1355369362940024,0,0,0,0,0,0
image_261.png,surface,0.0,0.0,2.9446766616411773,11.761657454795232,-12.84001716179305,0.0,1.7059108018875566,0.2701811298169314,0.0,0.0,0.0,-0.7712579846314127,0,0,0,0,0,0
image_263.png,surface,0.0,0.0,1.3150440743952343,9.518434678833952,11.661420358886245,0.0,-2.405520290309895,-1.4889536131400551,0.0,0.0,0.0,2.474659834240933,0,0,0,0,0,0
image_264.png,surface,0.0,0.0,2.419181131194837,-2.409042786089881,-1.4054200106422108,0.0,2.141270555471168,-0.6439326970206417,0.0,0.0,0.0,2.6178274042282608,0,0,0,0,0,0
image_266.png,surface,0.0,0.0,1.4092078676173208,-14.698410856696322,5.744827909163833,0.0,0.639895387750494,-2.8408524515742566,0.0,0.0,0.0,2.243357517163377,0,0,0,0,0,0
image_267.png,surface,0.0,0.0,1.2638478053045594,19.20085401109042,-5.0010915837784005,0.0,-1.392303800115296,0.5501674807668523,0.0,0.0,0.0,0.3063741705069938,0,0,0,0,0,0
image_268.png,surface,0.0,0.0,1.9571923599886325,-15.738772250694709,1.7340142121897282,0.0,-1.6447916859617873,-1.0791046458558011,0.0,0.0,0.0,-1.6912990620796902,0,0,0,0,0,0
image_269.png,surface,0.0,0.0,2.826610616902906,21.17641499665225,-5.544367052295488,0.0,-2.3503372490413814,-0.0745689860674623,0.0,0.0,0.0,-1.52400226289762,0,0,0,0,0,0
image_270.png,surface,0.0,0.0,2.9159778740527065,13.3068967825639,13.094042087210529,0.0,-1.191402418209577,-1.831093261211305,0.0,0.0,0.0,2.3725945706600147,0,0,0,0,0,0
image_271.png,surface,0.0,0.0,2.8717091020564025,-8.80962249370463,0.3132608399967208,0.0,1.43442439376801,0.4893531923853353,0.0,0.0,0.0,2.9777677386086534,0,0,0,0,0,0
image_272.png,surface,0.0,0.0,3.1569357520220755,13.717348897055803,-15.449069698619304,0.0,-2.0641653836677563,-1.0338292373560365,0.0,0.0,0.0,0.5864081304343793,0,0,0,0,0,0
image_273.png,surface,0.0,0.0,0.6522254919182644,9.828570196839678,21.038163393061467,0.0,0.3376430668653898,-0.9007296624661868,0.0,0.0,0.0,1.2300988819621557,0,0,0,0,0,0
image_274.png,surface,0.0,0.0,3.446650579730034,6.450781846244607,2.0789340043419453,0.0,-0.9050810074695116,-0.0834774301379048,0.0,0.0,0.0,-2.178557409186258,0,0,0,0,0,0
image_276.png,surface,0.0,0.0,1.0789463238373385,0.7824883202595295,-24.986698747970173,0.0,0.9536509383799358,-1.693418232374613,0.0,0.0,0.0,-0.2038032994078094,0,0,0,0,0,0
image_277.png,surface,0.0,0.0,3.4100683501028946,10.175131372444708,3.822136817223933,0.0,-1.2221626055893346,2.399998449978568,0.0,0.0,0.0,-0.5546064798890415,0,0,0,0,0,0
image_278.png,surface,0.0,0.0,2.975546968628395,-9.387427474910083,3.4298461256649286,0.0,2.233124060207249,0.3025777896204537,0.0,0.0,0.0,0.9015213661034958,0,0,0,0,0,0
image_279.png,surface,0.0,0.0,3.2891706571514545,-7.868964565686696,-4.118928498520807,0.0,0.958373979503244,0.3000328317966076,0.0,0.0,0.0,2.8076593650433246,0,0,0,0,0,0
image_280.png,surface,0.0,0.0,2.0694611772612896,-0.6765358754271213,-8.462242432222075,0.0,-1.1929325632728771,-1.303915773704264,0.0,0.0,0.0,-1.2723386451001144,0,0,0,0,0,0
image_283.png,surface,0.0,0.0,2.1183503414343665,-7.923734020145542,-1.8461178651424763,0.0,-0.4304389008898014,-1.102461733762214,0.0,0.0,0.0,1.4697849237291791,0,0,0,0,0,0
image_284.png,surface,0.0,0.0,3.3545028932211083,6.519410286216859,-7.626036928192645,0.0,-1.190126915556592,1.1121527543626906,0.0,0.0,0.0,-0.5433733633694615,0,0,0,0,0,0
image_285.png,surface,0.0,0.0,2.715070950926293,5.0640377494483895,6.640135337999979,0.0,-2.295354328027144,1.571530939761806,0.0,0.0,0.0,-2.174633941986797,0,0,0,0,0,0
image_287.png,surface,0.0,0.0,1.6782057932964198,-14.509483940042472,13.440861527493098,0.0,0.9080110006827908,-0.3874183447482369,0.0,0.0,0.0,1.3495877778357643,0,0,0,0,0,0
image_289.png,surface,0.0,0.0,0.8471911237262515,1.64717348009318,24.53235307175244,0.0,2.621726955746696,1.389906241209907,0.0,0.0,0.0,-0.9486099096705622,0,0,0,0,0,0
image_290.png,surface,0.0,0.0,1.3989984366098658,-20.619184124190063,-7.560983499981142,0.0,1.2578411366700732,-0.4957021469058936,0.0,0.0,0.0,1.9721082210317944,0,0,0,0,0,0
image_291.png,surface,0.0,0.0,2.578413035591973,2.2419823440352107,-15.30676745160898,0.0,0.2832211209002996,0.762262420948481,0.0,0.0,0.0,-0.0835388269462287,0,0,0,0,0,0
image_292.png,surface,0.0,0.0,1.074657856297129,0.1493697550133623,23.81840142357052,0.0,-2.3165083965831905,0.1395132451424735,0.0,0.0,0.0,-0.46743745907205,0,0,0,0,0,0
image_293.png,surface,0.0,0.0,0.8943864097721184,-7.845877384350639,2.3569776831119293,0.0,-2.78365707216101,1.0170476767966894,0.0,0.0,0.0,1.0329902925783916,0,0,0,0,0,0
image_294.png,surface,0.0,0.0,0.7332721309194197,16.55442842047282,1.221854782165514,0.0,0.211676692971752,0.1555312041665568,0.0,0.0,0.0,2.6814940577038024,0,0,0,0,0,0
image_295.png,surface,0.0,0.0,3.03874814012048,-13.170730370555972,-15.17394397530465,0.0,-2.491071534596108,-0.6157904914111973,0.0,0.0,0.0,0.3207382996642867,0,0,0,0,0,0
image_296.png,surface,0.0,0.0,1.2235694652814126,13.55777975612492,-5.038240406412812,0.0,1.9960518800488471,-1.480233252908139,0.0,0.0,0.0,1.9986045897654168,0,0,0,0,0,0
image_297.png,surface,0.0,0.0,1.1025513922578596,-17.99819676759638,-0.8217574386122076,0.0,0.5898230490897499,-2.5468838142466885,0.0,0.0,0.0,1.4985580859965726,0,0,0,0,0,0
image_298.png,surface,0.0,0.0,1.6725616036777151,-18.659252483088128,-15.914738170103233,0.0,-0.3908134579356279,2.251128043093928,0.0,0.0,0.0,0.8739948519941416,0,0,0,0,0,0
image_300.png,surface,0.0,0.0,2.2587792717044084,9.761697785127684,17.451412740985404,0.0,2.8370305425626947,0.4248445682442963,0.0,0.0,0.0,1.7119789578025753,0,0,0,0,0,0
image_303.png,surface,0.0,0.0,2.185914650292784,-4.245183373317512,24.42984122804257,0.0,-1.6204868281804798,-1.6296188068200437,0.0,0.0,0.0,-0.0349343023798907,0,0,0,0,0,0
image_304.png,surface,0.0,0.0,2.6347945016747967,-19.49129557997904,3.713754882507484,0.0,-2.1050165303110493,-0.1847870062065413,0.0,0.0,0.0,-0.1690257345551642,0,0,0,0,0,0
image_305.png,surface,0.0,0.0,2.49117046427036,-20.28657602364117,8.390635661368796,0.0,-0.2685994816793455,0.6651019069433874,0.0,0.0,0.0,-1.473771357721877,0,0,0,0,0,0
image_306.png,surface,0.0,0.0,2.802434957683886,0.605055961140161,-15.030042811759408,0.0,2.974465851256647,0.0461580097275938,0.0,0.0,0.0,-1.1727710425729698,0,0,0,0,0,0
image_307.png,surface,0.0,0.0,2.2172789385449234,-22.93849283547328,4.28640135692823,0.0,0.1767567807118593,-1.982748623570924,0.0,0.0,0.0,0.7199595710941948,0,0,0,0,0,0
image_308.png,surface,0.0,0.0,2.921872385164649,6.675901701620536,-16.38728764217773,0.0,1.839636400259809,-2.2311113681873738,0.0,0.0,0.0,2.080104670950015,0,0,0,0,0,0
image_309.png,surface,0.0,0.0,3.200171914806033,-18.106231225641142,9.20780313591188,0.0,0.3932316607359586,0.0975606620583143,0.0,0.0,0.0,2.9535264953137386,0,0,0,0,0,0
image_310.png,surface,0.0,0.0,2.5894304882437,21.288989118003165,3.651914830584912,0.0,1.5331700258537715,-0.2535685931918094,0.0,0.0,0.0,2.1804018369193674,0,0,0,0,0,0
image_313.png,surface,0.0,0.0,2.41155699563572,10.651019683376138,-22.23391585192211,0.0,-2.012607420566333,-0.0915735488083349,0.0,0.0,0.0,2.8380018941412297,0,0,0,0,0,0
image_314.png,surface,0.0,0.0,2.3942874148233866,22.974557426116498,-7.512190283891986,0.0,1.4801601243912474,-1.5297036172905312,0.0,0.0,0.0,-0.1800294563300069,0,0,0,0,0,0
image_315.png,surface,0.0,0.0,0.5717316915548873,16.249342899149692,-17.117756025913426,0.0,-2.9215402802915107,0.3086429646053136,0.0,0.0,0.0,-2.1934079830185045,0,0,0,0,0,0
image_316.png,surface,0.0,0.0,2.7413281688833884,10.071215031051905,10.214542997156956,0.0,0.8220994676556208,-0.9060904381194096,0.0,0.0,0.0,-2.4199425914082315,0,0,0,0,0,0
image_317.png,surface,0.0,0.0,1.1656234604832514,-8.867746226768555,14.783319129757942,0.0,-0.7017562888772939,-2.806970757720312,0.0,0.0,0.0,0.3801014180055819,0,0,0,0,0,0
image_318.png,surface,0.0,0.0,0.663470486421309,9.668164678231882,-5.460765889148044,0.0,-2.607160926842663,1.163610543300722,0.0,0.0,0.0,0.4443451137935135,0,0,0,0,0,0
image_319.png,surface,0.0,0.0,0.9595976226872334,-2.093353792965986,-5.061557062890953,0.0,-1.9366654743396623,-1.2381844743459711,0.0,0.0,0.0,0.816099890753323,0,0,0,0,0,0
image_321.png,surface,0.0,0.0,2.0691640642962783,17.422754992640254,6.782706243179542,0.0,-1.4432178351942255,-0.7967132156011179,0.0,0.0,0.0,0.5742910950132583,0,0,0,0,0,0
image_322.png,surface,0.0,0.0,3.040813224889662,-11.955489373639614,-19.312401344216106,0.0,1.3959457743922803,0.3585318916195721,0.0,0.0,0.0,-0.5335384442416835,0,0,0,0,0,0
image_323.png,surface,0.0,0.0,0.8187582499729713,-4.190145664884505,-21.28501526854317,0.0,-2.548149956747153,-0.7976222321139596,0.0,0.0,0.0,-0.4657925562854133,0,0,0,0,0,0
image_324.png,surface,0.0,0.0,2.988549921675323,20.53391052144104,-12.943494353447308,0.0,-1.803912934954777,2.2047600145690405,0.0,0.0,0.0,2.505788035208183,0,0,0,0,0,0
image_325.png,surface,0.0,0.0,2.452753699909648,-15.314776739288378,0.5366629793036052,0.0,-1.2279457563344185,2.573105173305802,0.0,0.0,0.0,-2.8730845313619664,0,0,0,0,0,0
image_326.png,surface,0.0,0.0,1.1447886317003435,15.21684883685982,17.852667364964827,0.0,1.9209165953898573,1.488968887383117,0.0,0.0,0.0,1.1992407901882096,0,0,0,0,0,0
image_327.png,surface,0.0,0.0,2.710716847016169,0.3402907070041275,-19.689473510255343,0.0,2.751639399214659,-0.2093511169843605,0.0,0.0,0.0,-2.4460531393620264,0,0,0,0,0,0
image_328.png,surface,0.0,0.0,2.723999863762666,-4.558850136239935,0.3568838668848319,0.0,2.3417530001024502,0.8308932494877519,0.0,0.0,0.0,2.461371969032437,0,0,0,0,0,0
image_329.png,surface,0.0,0.0,0.8240047534471475,9.481060685137322,-12.99979352592528,0.0,0.6312905898230333,1.99820120982004,0.0,0.0,0.0,-2.100543537569184,0,0,0,0,0,0
image_330.png,surface,0.0,0.0,1.2993404330630285,-11.2652363319808,20.961493002763504,0.0,1.4196373917531595,-1.62142558749416,0.0,0.0,0.0,-0.9624934692594436,0,0,0,0,0,0
image_331.png,surface,0.0,0.0,2.4165947117804967,15.859827043038935,-1.1637624093058605,0.0,1.9829128249032373,-1.392986676832985,0.0,0.0,0.0,-2.3365378643291126,0,0,0,0,0,0
image_332.png,surface,0.0,0.0,1.641723989047494,13.468635384671364,-20.48947793647065,0.0,-1.1334095606995895,0.0951728005268496,0.0,0.0,0.0,-0.4348264609542829,0,0,0,0,0,0
image_333.png,surface,0.0,0.0,2.795734838074403,-16.580598144584297,-12.669466484300488,0.0,1.6982989425839146,0.7189862256663164,0.0,0.0,0.0,0.7136448491252616,0,0,0,0,0,0
image_334.png,surface,0.0,0.0,2.1081273224228765,9.39114714530457,-14.193591651137409,0.0,-1.054039663966366,0.0833069122577697,0.0,0.0,0.0,-2.119902401187616,0,0,0,0,0,0
image_335.png,surface,0.0,0.0,3.070991224492303,-3.966167732313875,7.099809798260921,0.0,1.0371881754007517,-2.516456265981144,0.0,0.0,0.0,-2.458188600301962,0,0,0,0,0,0
image_336.png,surface,0.0,0.0,0.8330780462237397,17.654339217632796,-12.127100411933348,0.0,-1.5495881118786254,1.1327492702770083,0.0,0.0,0.0,-0.3628524359796969,0,0,0,0,0,0
image_337.png,surface,0.0,0.0,2.7012403173872004,-9.666207416528596,7.967799430775617,0.0,-0.8983685835710898,1.763279588085341,0.0,0.0,0.0,2.843029226711588,0,0,0,0,0,0
image_340.png,surface,0.0,0.0,1.3521366863665238,12.535215985564475,-13.15197821603377,0.0,-1.831508044726869,-1.867226547238902,0.0,0.0,0.0,-1.7577532465564225,0,0,0,0,0,0
image_345.png,surface,0.0,0.0,1.0691842288959277,-21.349526481771,-3.494363221539788,0.0,-1.843477808148229,-0.436298864724028,0.0,0.0,0.0,0.9360512497427184,0,0,0,0,0,0
image_346.png,surface,0.0,0.0,3.385387737817974,-5.128701128594183,16.875967319714515,0.0,-1.6544463268943914,-0.2107490519589636,0.0,0.0,0.0,0.6977765776119114,0,0,0,0,0,0
image_347.png,surface,0.0,0.0,1.8422428474479768,11.407928207593432,-14.61838088145778,0.0,-1.560302024408312,-0.1520277756513073,0.0,0.0,0.0,-2.402673235709265,0,0,0,0,0,0
image_348.png,surface,0.0,0.0,2.5343669978393657,-7.619435442431008,5.503174402800474,0.0,1.838332557865988,0.912175107357302,0.0,0.0,0.0,-1.768638842451658,0,0,0,0,0,0
image_349.png,surface,0.0,0.0,1.6224444755230374,-21.395520835313253,-11.10696835170928,0.0,-0.0948602203009612,0.1149852323504318,0.0,0.0,0.0,-1.247499495888059,0,0,0,0,0,0
image_350.png,surface,0.0,0.0,2.209381231419162,-5.643421056625125,-20.72724436675278,0.0,2.036298999865705,1.2747076599354128,0.0,0.0,0.0,2.378557001104753,0,0,0,0,0,0
image_351.png,surface,0.0,0.0,1.9976063271008977,13.199957445595643,-16.36297659102837,0.0,-1.6589167383529286,0.9464185363714216,0.0,0.0,0.0,-0.3935228563928685,0,0,0,0,0,0
image_352.png,surface,0.0,0.0,2.338064445052372,3.097313515684793,-1.864693939342828,0.0,-0.5846451698644521,-2.530992270424095,0.0,0.0,0.0,-2.3953547222149694,0,0,0,0,0,0
image_353.png,surface,0.0,0.0,2.668186263346775,-21.61675442608685,-11.759298244993031,0.0,-2.0852442815997883,-0.924273932035736,0.0,0.0,0.0,-0.5129676962799086,0,0,0,0,0,0
image_354.png,surface,0.0,0.0,2.4917276172539418,22.14310636266487,8.129836041305225,0.0,2.2847645257392024,-1.4942062496829631,0.0,0.0,0.0,-1.1308973773145763,0,0,0,0,0,0
image_355.png,surface,0.0,0.0,2.7863101659491054,-21.91376493421764,-9.603864785016402,0.0,0.3738847339198839,-2.916246721477466,0.0,0.0,0.0,-1.7446785283095934,0,0,0,0,0,0
image_356.png,surface,0.0,0.0,0.9389132237367586,-17.600240979704257,-15.279044048601731,0.0,1.6803238907837026,-1.2180015178207293,0.0,0.0,0.0,2.5565765540673144,0,0,0,0,0,0
image_357.png,surface,0.0,0.0,0.7820934215106288,15.530967583893045,-18.84455335403155,0.0,-0.6738624092347154,-2.899448522911904,0.0,0.0,0.0,0.9448266941916356,0,0,0,0,0,0
image_358.png,surface,0.0,0.0,1.5166982992377702,11.275099960771495,7.501744824814462,0.0,-1.4550206230324578,-2.433608282270376,0.0,0.0,0.0,-0.2285388389223106,0,0,0,0,0,0
image_359.png,surface,0.0,0.0,1.945483582625272,4.764503633867613,-12.357941965874804,0.0,2.779802046214533,-0.7361537730133033,0.0,0.0,0.0,2.93879183524606,0,0,0,0,0,0
image_361.png,surface,0.0,0.0,2.819673589909844,6.449501887993616,-12.251710026861906,0.0,-0.7759409160004258,-1.6726767334887005,0.0,0.0,0.0,0.3436778679751153,0,0,0,0,0,0
image_362.png,surface,0.0,0.0,2.6586678326692748,14.853728713422658,-15.517962373237964,0.0,2.6919966929906125,0.6063198560853593,0.0,0.0,0.0,-2.0149561191644234,0,0,0,0,0,0
image_364.png,surface,0.0,0.0,2.6868805929359807,12.294580142479536,6.156057094593232,0.0,2.622737884753057,-0.573833076960066,0.0,0.0,0.0,-1.295819975675956,0,0,0,0,0,0
image_366.png,surface,0.0,0.0,2.494984471502187,22.78769410063096,-4.438136904278008,0.0,0.64102972613239,2.411273691751344,0.0,0.0,0.0,2.463926187641717,0,0,0,0,0,0
image_368.png,surface,0.0,0.0,1.2788443314099314,-13.582735190000376,10.892161900604568,0.0,-0.1543127011922195,-0.4509516788924005,0.0,0.0,0.0,0.7177281475249657,0,0,0,0,0,0
image_369.png,surface,0.0,0.0,2.305854267205991,10.500603487242406,-3.999849673804249,0.0,1.0563149585686331,-1.7162233749350495,0.0,0.0,0.0,0.6674537299993282,0,0,0,0,0,0
image_370.png,surface,0.0,0.0,1.406570502017981,11.725557930053045,21.886898385559373,0.0,0.8035796054100561,1.0060514993627985,0.0,0.0,0.0,2.8434392889432933,0,0,0,0,0,0
image_371.png,surface,0.0,0.0,2.0925689770426263,19.21319971895428,-14.091172370992233,0.0,-2.8171890374098782,-0.0941111355759332,0.0,0.0,0.0,1.1296458338760065,0,0,0,0,0,0
image_372.png,surface,0.0,0.0,2.227932156069228,-3.5091405049755333,17.294499798100876,0.0,2.9197875067935994,-0.1193424675557741,0.0,0.0,0.0,1.1364736250249825,0,0,0,0,0,0
image_373.png,surface,0.0,0.0,2.087200745952646,-14.826313023784577,4.94440354695416,0.0,2.074408836814768,0.2057182083119685,0.0,0.0,0.0,-0.5579777575508862,0,0,0,0,0,0
image_374.png,surface,0.0,0.0,0.5320595607605836,3.103615241171575,-13.502148602160087,0.0,1.1902199523814012,0.8093641524023629,0.0,0.0,0.0,-0.4537771831391985,0,0,0,0,0,0
image_375.png,surface,0.0,0.0,1.546216742500997,-14.242013451506049,-9.143461016804777,0.0,-0.832668751781236,0.1902452624953454,0.0,0.0,0.0,-1.472003868488364,0,0,0,0,0,0
image_376.png,surface,0.0,0.0,2.8713867928480115,-4.475786578261284,-18.50169057903556,0.0,2.014042688272633,-1.550183019752917,0.0,0.0,0.0,2.3273656262921225,0,0,0,0,0,0
image_378.png,surface,0.0,0.0,2.028138499319092,-6.037028531878296,-8.25966043533125,0.0,2.438768953385602,-1.1759996016894574,0.0,0.0,0.0,-1.0279059596487612,0,0,0,0,0,0
image_379.png,surface,0.0,0.0,1.5398962390737916,7.6520540063972415,-1.3882817372872536,0.0,-0.8958531569732929,-0.3533929746314895,0.0,0.0,0.0,-0.1207640703188031,0,0,0,0,0,0
image_380.png,surface,0.0,0.0,1.0977137224653557,-16.650709645531727,-7.253270326634736,0.0,-0.1753222271546421,2.0516372091967434,0.0,0.0,0.0,0.3802277091162018,0,0,0,0,0,0
image_381.png,surface,0.0,0.0,1.0992604119958604,5.279003724200137,23.16612690049035,0.0,0.398444335312959,-0.7115964125975744,0.0,0.0,0.0,2.5452981910612085,0,0,0,0,0,0
image_382.png,surface,0.0,0.0,2.746578753921206,-9.930025954182852,6.712938329989625,0.0,-1.6307928142405217,2.3271005520187784,0.0,0.0,0.0,-1.326695703500477,0,0,0,0,0,0
image_384.png,surface,0.0,0.0,3.2961711232668742,14.134426697784592,-12.826697790536572,0.0,-2.594885387731426,1.2814761200997218,0.0,0.0,0.0,1.616040948798794,0,0,0,0,0,0
image_385.png,surface,0.0,0.0,1.7630139798111115,-10.628822704809435,3.4777651632177173,0.0,0.6539583654854725,-1.2534612294974283,0.0,0.0,0.0,-0.6733214293252345,0,0,0,0,0,0
image_386.png,surface,0.0,0.0,2.409701778117572,0.1206446028911952,16.61022132685293,0.0,1.4531261649092515,2.294642734680619,0.0,0.0,0.0,-0.0708767749040317,0,0,0,0,0,0
image_387.png,surface,0.0,0.0,1.90561872751995,-13.693753632322172,19.19434106814661,0.0,2.5935684554429668,-0.9631570417585136,0.0,0.0,0.0,0.2862397265236822,0,0,0,0,0,0
image_388.png,surface,0.0,0.0,1.921813618607186,-20.150163844867905,11.61553184043714,0.0,-0.1585748960831203,1.4807460548891822,0.0,0.0,0.0,-1.9582713311521391,0,0,0,0,0,0
image_389.png,surface,0.0,0.0,3.0622621268026324,-22.372267701802706,-3.0874859712904787,0.0,1.968436684044216,1.211931849143675,0.0,0.0,0.0,0.6680213046751984,0,0,0,0,0,0
image_390.png,surface,0.0,0.0,1.8629082312455307,-12.199213860373638,-13.636409585522436,0.0,-2.5761718971317054,-0.8932062739402404,0.0,0.0,0.0,0.284720817894402,0,0,0,0,0,0
image_391.png,surface,0.0,0.0,3.284500401893851,-3.3085353847964987,-5.178968377687878,0.0,0.5300594304340223,-1.932752574052901,0.0,0.0,0.0,0.9603680349291666,0,0,0,0,0,0
image_392.png,surface,0.0,0.0,2.361521771442918,11.706015677532037,-21.48269192826956,0.0,-2.05662092705846,1.929992030264739,0.0,0.0,0.0,1.895046318242918,0,0,0,0,0,0
image_393.png,surface,0.0,0.0,0.756272878913431,-15.600628387299992,0.6625452198799431,0.0,-0.969214651308035,-0.4040310351999829,0.0,0.0,0.0,0.0659658893041101,0,0,0,0,0,0
image_394.png,surface,0.0,0.0,0.7039487481527134,-4.724230264495185,-6.015069972019157,0.0,-1.7645537840112504,-2.138564687255814,0.0,0.0,0.0,-2.854635742868556,0,0,0,0,0,0
image_395.png,surface,0.0,0.0,3.4469426370340424,-1.6236495848706665,-23.840232045962853,0.0,1.473797133496927,0.8782519085342431,0.0,0.0,0.0,-2.035874374882731,0,0,0,0,0,0
image_397.png,surface,0.0,0.0,2.262376495551715,17.65317272972135,0.8649140915843843,0.0,0.213078003610669,-1.0370568235262805,0.0,0.0,0.0,1.2881258267529263,0,0,0,0,0,0
image_398.png,surface,0.0,0.0,1.794758209010577,-11.774071509174888,15.500181315214007,0.0,-1.6341009397980577,-2.379800578784263,0.0,0.0,0.0,2.574268707950515,0,0,0,0,0,0
image_399.png,surface,0.0,0.0,0.976689315483821,1.1896984149683565,-3.439866479627095,0.0,-0.8464315053361522,-1.996426245519553,0.0,0.0,0.0,0.6311667309892792,0,0,0,0,0,0
image_400.png,surface,0.0,0.0,0.8766551091528014,0.0081619695164732,19.84401869919786,0.0,-2.1543017604278782,0.4065485494811833,0.0,0.0,0.0,1.4703369813179243,0,0,0,0,0,0
image_403.png,surface,0.0,0.0,2.139600762127276,-1.7279754358896766,-18.95458324380686,0.0,0.4172087274896918,2.9371561148393384,0.0,0.0,0.0,-2.6299826176266827,0,0,0,0,0,0
image_404.png,surface,0.0,0.0,1.4857652968595143,-21.68797193735908,-7.1720045832877375,0.0,0.9550430580662554,0.5036161683134436,0.0,0.0,0.0,2.104643121108309,0,0,0,0,0,0
image_405.png,surface,0.0,0.0,0.6325227191245044,22.51203825133113,4.9520924711434615,0.0,1.933547127067696,1.3479264517099443,0.0,0.0,0.0,1.7198975861412444,0,0,0,0,0,0
image_407.png,surface,0.0,0.0,1.6949099709572089,-2.9754299941685347,-10.922968861925082,0.0,2.7434939979988737,0.5179639628299545,0.0,0.0,0.0,0.8628543320482942,0,0,0,0,0,0
image_408.png,surface,0.0,0.0,2.7692713488022034,-17.345473349999796,2.124519912753814,0.0,1.802044473180612,1.9121874595869293,0.0,0.0,0.0,0.7166671241260212,0,0,0,0,0,0
image_409.png,surface,0.0,0.0,2.71245196848027,17.871040079464297,-0.6494436530641315,0.0,1.9177412992845384,1.5112030212931853,0.0,0.0,0.0,-2.6402248403779582,0,0,0,0,0,0
image_410.png,surface,0.0,0.0,1.1642242896080977,-3.2211115941169046,10.127477222810748,0.0,-1.217295967080323,0.5053350599944961,0.0,0.0,0.0,-0.6250532392017245,0,0,0,0,0,0
image_411.png,surface,0.0,0.0,1.183021855982746,-6.021039647963966,-10.49794198787416,0.0,0.6995277284973985,1.2231239832326553,0.0,0.0,0.0,-1.512451882081794,0,0,0,0,0,0
image_412.png,surface,0.0,0.0,2.383648482163309,-8.063870884930441,10.345553917388878,0.0,2.0575308846359217,-1.5196874366651587,0.0,0.0,0.0,0.9920923579986196,0,0,0,0,0,0
image_414.png,surface,0.0,0.0,2.1833083282115573,6.532883303890471,17.70869510087875,0.0,2.701646968669688,0.2306235690745716,0.0,0.0,0.0,-0.9347988411038672,0,0,0,0,0,0
image_415.png,surface,0.0,0.0,0.8359141409833812,-10.86273832829894,11.06971653849883,0.0,0.040267518697326,-2.653217261665524,0.0,0.0,0.0,2.620479975052387,0,0,0,0,0,0
image_416.png,surface,0.0,0.0,1.3571604451747712,-6.968471847004412,9.771897441728925,0.0,-0.5932672351758945,-0.3788479063449712,0.0,0.0,0.0,2.188791300187217,0,0,0,0,0,0
image_418.png,surface,0.0,0.0,2.7847824424179604,-9.559907779745696,-17.66623422216506,0.0,-0.3479476753447121,-0.5070095493087675,0.0,0.0,0.0,2.6266519931233434,0,0,0,0,0,0
image_420.png,surface,0.0,0.0,3.2614417982336743,1.4809948806055904,-4.44788716309653,0.0,-1.926437133799188,-0.6672192319572594,0.0,0.0,0.0,-0.3683312428603376,0,0,0,0,0,0
image_421.png,surface,0.0,0.0,0.7637467003521363,-21.14664772784966,-12.144994509113705,0.0,-0.6902152553156772,-0.7195745109225455,0.0,0.0,0.0,1.663143849422803,0,0,0,0,0,0
image_422.png,surface,0.0,0.0,3.2186388686736125,0.4085664631953652,1.0914745419435985,0.0,2.741778769930629,0.518383087458154,0.0,0.0,0.0,-1.9749472663255048,0,0,0,0,0,0
image_423.png,surface,0.0,0.0,3.2552756690815574,0.5680834505127713,23.86095199582213,0.0,1.832726365387339,0.945346673589876,0.0,0.0,0.0,0.9782117797883676,0,0,0,0,0,0
image_424.png,surface,0.0,0.0,3.4931179772965524,-18.24291262744304,-11.721941477210716,0.0,-0.6535117287426178,2.1773372953421632,0.0,0.0,0.0,2.4846106548870903,0,0,0,0,0,0
image_425.png,surface,0.0,0.0,2.833665704132909,-11.266967590580828,-0.139440700763477,0.0,-0.9533918668325896,1.2807901133838424,0.0,0.0,0.0,0.3939266494065192,0,0,0,0,0,0
image_426.png,surface,0.0,0.0,1.2879135069231582,-9.397705199173071,15.440345263591045,0.0,0.5047149324533345,-1.3414436046909886,0.0,0.0,0.0,-2.540268831055685,0,0,0,0,0,0
image_427.png,surface,0.0,0.0,1.2936766091568153,5.043863068897674,9.53089631678009,0.0,1.5460825280316082,-0.54098253913136,0.0,0.0,0.0,-0.3349177010067987,0,0,0,0,0,0
image_428.png,surface,0.0,0.0,2.564650633126983,14.196128384151423,7.425926157062638,0.0,0.9832176439714028,0.2759265846110573,0.0,0.0,0.0,-0.0096854002387818,0,0,0,0,0,0
image_429.png,surface,0.0,0.0,2.5391979849865125,10.971854028239443,3.1884894000178368,0.0,0.2816645294245835,-2.191706494166476,0.0,0.0,0.0,0.5316062537497039,0,0,0,0,0,0
image_430.png,surface,0.0,0.0,2.480987601786413,-7.944567194204282,-23.171576644670125,0.0,0.4240373883496733,-1.322915369777511,0.0,0.0,0.0,-2.9497392583057684,0,0,0,0,0,0
image_431.png,surface,0.0,0.0,1.559362604721486,-23.23102395757986,0.2999124900093844,0.0,0.2586941259850973,1.0756533179315433,0.0,0.0,0.0,-2.3415665086809847,0,0,0,0,0,0
image_432.png,surface,0.0,0.0,2.059391834841372,-9.502896143011313,3.646988476820909,0.0,2.606759895018635,-0.2028309016456393,0.0,0.0,0.0,-2.470516345903971,0,0,0,0,0,0
image_433.png,surface,0.0,0.0,1.4044924374013976,8.065720991326398,10.432878494078045,0.0,0.6163517334009879,0.7107082156256261,0.0,0.0,0.0,-2.992090965097177,0,0,0,0,0,0
image_434.png,surface,0.0,0.0,2.290372146248957,-21.854113729678403,0.91275729575277,0.0,0.5976534190208379,-0.9896549369039452,0.0,0.0,0.0,-0.2790770994260021,0,0,0,0,0,0
image_436.png,surface,0.0,0.0,2.596088839203934,18.38945772852594,-7.632969144421344,0.0,-2.0088774791508266,-0.6694715436069847,0.0,0.0,0.0,-2.524836029564109,0,0,0,0,0,0
image_438.png,surface,0.0,0.0,2.0741852031689034,-13.669226948689005,-7.981394519066703,0.0,-0.5171116937136612,-0.0502083189061193,0.0,0.0,0.0,-1.7899216163768763,0,0,0,0,0,0
image_439.png,surface,0.0,0.0,2.817255489978076,-20.590921008811293,-8.161342250637334,0.0,2.103380401103543,-0.3046460132339441,0.0,0.0,0.0,-1.421265326826591,0,0,0,0,0,0
image_440.png,surface,0.0,0.0,1.1985587274600844,-6.188721509393117,-23.91555969009905,0.0,-1.9889247977807496,-0.1263786963406847,0.0,0.0,0.0,1.1468840446642856,0,0,0,0,0,0
image_441.png,surface,0.0,0.0,1.163895797004643,19.051016458149288,-0.4165532136533461,0.0,-2.9263530519450205,-0.5647465183737777,0.0,0.0,0.0,2.2143186210269867,0,0,0,0,0,0
image_442.png,surface,0.0,0.0,1.9549604394081124,-9.210088466345232,10.154161145100328,0.0,-2.1460286482994,-1.4823777900366717,0.0,0.0,0.0,-2.7436702751471365,0,0,0,0,0,0
image_443.png,surface,0.0,0.0,1.9824094348420025,12.964636586971473,16.75740097053049,0.0,0.341992240547714,-0.8585186232862106,0.0,0.0,0.0,-1.7666591238054608,0,0,0,0,0,0
image_444.png,surface,0.0,0.0,0.5704182437960506,1.461416400122775,13.596418583964812,0.0,2.752935972526404,-0.8819770712721055,0.0,0.0,0.0,-2.2381583547231045,0,0,0,0,0,0
image_447.png,surface,0.0,0.0,2.2291391149569093,7.219267366555854,-9.56063055377408,0.0,-0.5288738751543024,0.5523447851821388,0.0,0.0,0.0,1.195980229735044,0,0,0,0,0,0
image_449.png,surface,0.0,0.0,1.4993542491177356,13.511434085038836,-9.384584708930367,0.0,1.5730835402526162,-1.081026476967754,0.0,0.0,0.0,-0.9779755162089384,0,0,0,0,0,0
image_450.png,surface,0.0,0.0,0.8235075327438457,16.883602411964514,-1.4006779344562,0.0,-0.2816362090524331,-2.125805475141516,0.0,0.0,0.0,-0.0118169157849576,0,0,0,0,0,0
image_451.png,surface,0.0,0.0,1.1195560663687294,13.326356363661825,-13.876051994339145,0.0,-0.6990987274430271,-2.3208295504000693,0.0,0.0,0.0,0.2362695867922148,0,0,0,0,0,0
image_452.png,surface,0.0,0.0,1.4196111737366546,3.5701680269313134,-6.815801607304964,0.0,-0.2192370268133589,-0.8127731031395992,0.0,0.0,0.0,2.4939703056514144,0,0,0,0,0,0
image_455.png,surface,0.0,0.0,3.485246199503522,-5.654337082598923,4.973230333904414,0.0,0.7074787687919549,-0.6267665261099129,0.0,0.0,0.0,2.277783253725749,0,0,0,0,0,0
image_456.png,surface,0.0,0.0,1.3550960478215175,4.011364240992546,1.091239656381928,0.0,1.1952872317698344,-2.420835777589049,0.0,0.0,0.0,-1.1557585301130555,0,0,0,0,0,0
image_458.png,surface,0.0,0.0,1.403564408855865,5.757161434096065,-9.812565449556118,0.0,0.805086547898408,-1.518755765839228,0.0,0.0,0.0,1.1189071895348643,0,0,0,0,0,0
image_459.png,surface,0.0,0.0,3.4777847973439324,-16.470045123639213,3.912696333037157,0.0,2.5989822449815816,-0.4033417460148816,0.0,0.0,0.0,-1.8954183372358864,0,0,0,0,0,0
image_460.png,surface,0.0,0.0,2.7292974942143933,-13.28026217532458,-0.6364928033283817,0.0,1.2510450407723686,1.3568197444472163,0.0,0.0,0.0,-2.503276989251791,0,0,0,0,0,0
image_461.png,surface,0.0,0.0,3.2451840489493566,4.0109025045195,-9.22962568805106,0.0,-0.4203011215043574,-2.0475251732301336,0.0,0.0,0.0,-0.7941960655161431,0,0,0,0,0,0
image_463.png,surface,0.0,0.0,1.3260903511394704,-14.83601819488931,3.5226006491186257,0.0,0.4680014479540056,-0.8316746545938358,0.0,0.0,0.0,2.763892383464212,0,0,0,0,0,0
image_464.png,surface,0.0,0.0,3.3632941368721423,-8.208361866389755,5.180101084814265,0.0,0.0697035606088474,-1.1608475009015573,0.0,0.0,0.0,1.4299537102591104,0,0,0,0,0,0
image_466.png,surface,0.0,0.0,1.6913421020984436,-10.998747707172637,-9.83151461927285,0.0,-2.646922928246764,0.920094215017071,0.0,0.0,0.0,-2.818851928925836,0,0,0,0,0,0
image_468.png,surface,0.0,0.0,2.4303771477299576,-20.29024060596728,9.37945111193917,0.0,-1.2777205011858357,-0.1866590520901447,0.0,0.0,0.0,0.1383082366367896,0,0,0,0,0,0
image_469.png,surface,0.0,0.0,1.7540291778730277,-14.590573194256502,-13.001329079525952,0.0,1.6974976251141594,0.1692976045228101,0.0,0.0,0.0,0.9779142402109358,0,0,0,0,0,0
image_470.png,surface,0.0,0.0,3.371324625033568,-6.071820063969153,9.10154921007771,0.0,-1.45610949666709,-1.2586968209245966,0.0,0.0,0.0,-1.5829367226457651,0,0,0,0,0,0
image_472.png,surface,0.0,0.0,0.7907420540430956,-4.639353754913464,18.609643728208194,0.0,0.883540248504668,2.577141786419925,0.0,0.0,0.0,1.9858982255119564,0,0,0,0,0,0
image_473.png,surface,0.0,0.0,3.284999277616065,-2.6784370555326245,0.9585988376170608,0.0,1.7148094536064271,0.3488843228331527,0.0,0.0,0.0,-2.397131666979374,0,0,0,0,0,0
image_474.png,surface,0.0,0.0,2.89398804551464,10.919519434278262,-12.981624441950826,0.0,-1.8341060252200945,-0.2193810311617874,0.0,0.0,0.0,-2.278697951097454,0,0,0,0,0,0
image_476.png,surface,0.0,0.0,1.5883579440601676,-2.533518788486038,-22.47912812336472,0.0,0.1742315201617632,-2.7482725441073983,0.0,0.0,0.0,-0.7470041296129537,0,0,0,0,0,0
image_477.png,surface,0.0,0.0,2.5386717195949786,5.782545902790751,14.430729312813948,0.0,1.3861558793306643,1.799238573971532,0.0,0.0,0.0,-2.944836165834426,0,0,0,0,0,0
image_479.png,surface,0.0,0.0,2.991274237871901,21.69505903988789,-10.610091545598578,0.0,-1.5511102400868082,-0.038951594407875,0.0,0.0,0.0,-1.9660608849793344,0,0,0,0,0,0
image_480.png,surface,0.0,0.0,2.917326855509161,-2.854816673257309,9.200281441259987,0.0,-0.106034223693062,-1.2834900919127843,0.0,0.0,0.0,-1.0571972554933435,0,0,0,0,0,0
image_481.png,surface,0.0,0.0,1.4600707701792477,-4.514297204281945,-8.901127162835827,0.0,-0.4011686312766342,-0.2858096681267239,0.0,0.0,0.0,2.882611748714707,0,0,0,0,0,0
image_483.png,surface,0.0,0.0,2.131326051868727,-4.504261158651407,10.13219008729661,0.0,2.015935346091002,0.6752581779555935,0.0,0.0,0.0,-0.5596285453795518,0,0,0,0,0,0
image_484.png,surface,0.0,0.0,1.262678062713266,-9.771790198342144,18.363171284930107,0.0,-1.0390468962127215,1.345848225923381,0.0,0.0,0.0,2.029392885758859,0,0,0,0,0,0
image_485.png,surface,0.0,0.0,2.854955546994173,17.957625740798946,10.79642246073978,0.0,0.2358666294176498,-0.7221479835021498,0.0,0.0,0.0,-1.7175840515422942,0,0,0,0,0,0
image_486.png,surface,0.0,0.0,0.634009959571169,6.916687441174857,-10.309745158049532,0.0,2.5250054087087483,-0.6562491606678886,0.0,0.0,0.0,2.687496058163304,0,0,0,0,0,0
image_487.png,surface,0.0,0.0,1.776225642963584,5.163120101092598,2.508586906414588,0.0,0.3506858667235121,1.821133765160897,0.0,0.0,0.0,-2.919772642528173,0,0,0,0,0,0
image_488.png,surface,0.0,0.0,2.835764087068063,-21.307993185403504,-3.284113306750824,0.0,0.0204486429643001,-1.895835609613555,0.0,0.0,0.0,2.137810040175684,0,0,0,0,0,0
image_489.png,surface,0.0,0.0,0.7416773122629428,-10.775455558051926,-5.929589569970696,0.0,-0.7036898757210929,0.9206253464614996,0.0,0.0,0.0,1.825286369992754,0,0,0,0,0,0
image_490.png,surface,0.0,0.0,2.560937435857561,-21.5989542066751,-7.344727662661774,0.0,2.734726238455413,0.6858699074005024,0.0,0.0,0.0,-1.2058001062047574,0,0,0,0,0,0
image_491.png,surface,0.0,0.0,1.1931897694919142,0.5018619632172847,5.421258414851667,0.0,-1.3997449458875506,-0.1830562883702515,0.0,0.0,0.0,-0.8266114927518857,0,0,0,0,0,0
image_493.png,surface,0.0,0.0,1.4236605637515174,-17.507143373343016,-14.776068704898703,0.0,-2.029549506396289,-1.989007436188145,0.0,0.0,0.0,0.9886857521176716,0,0,0,0,0,0
image_494.png,surface,0.0,0.0,0.5580087439825323,-2.332747027705788,10.529958322001542,0.0,-1.5019231841503675,-1.0997165488272995,0.0,0.0,0.0,-0.47379518199687,0,0,0,0,0,0
image_495.png,surface,0.0,0.0,2.3900674918604703,-0.071752320412362,-4.042677677284064,0.0,-1.534064240268042,1.2255816371286858,0.0,0.0,0.0,0.8666808345575228,0,0,0,0,0,0
image_500.png,surface,0.0,0.0,1.9938732460673847,-8.737098311231547,23.37769010518954,0.0,0.6150419969847232,-0.3624404864364411,0.0,0.0,0.0,0.7512544933991618,0,0,0,0,0,0
image_501.png,surface,0.0,0.0,0.8531021572790338,-2.0035451293922573,-17.298142869770125,0.0,0.0143349658190673,-1.666371168672927,0.0,0.0,0.0,0.7328845335659606,0,0,0,0,0,0
image_502.png,surface,0.0,0.0,3.0683520234460904,-9.913257536727752,-5.3969364241567295,0.0,-2.5944867084448924,1.0686320910319145,0.0,0.0,0.0,-2.6682930324625627,0,0,0,0,0,0
image_503.png,surface,0.0,0.0,0.8331366909555569,4.781496769314409,-22.71223158351524,0.0,-1.8334965669108,-0.5898489968113253,0.0,0.0,0.0,-1.865618201571844,0,0,0,0,0,0
image_504.png,surface,0.0,0.0,2.437577842288916,2.123721856613902,-20.201064634023545,0.0,-0.9491374570100616,2.2461856857394604,0.0,0.0,0.0,1.793410114508406,0,0,0,0,0,0
image_505.png,surface,0.0,0.0,1.2356526878291412,-1.2608210412734573,-12.170356354367753,0.0,-0.7457187875327481,-1.687998679568505,0.0,0.0,0.0,2.4266587427361817,0,0,0,0,0,0
image_506.png,surface,0.0,0.0,1.8473526326189915,20.4066323898264,-8.145092727163643,0.0,0.3310960272010227,1.6478423962990263,0.0,0.0,0.0,-2.426377859409004,0,0,0,0,0,0
image_508.png,surface,0.0,0.0,3.25902637876295,3.9686476200725966,-1.4251295525881245,0.0,-2.6239914014653265,1.1674033798147687,0.0,0.0,0.0,-1.758372766977298,0,0,0,0,0,0
image_509.png,surface,0.0,0.0,1.353541281462836,-2.810758880071006,23.26816456312142,0.0,-0.4897542027091643,1.1264680166813734,0.0,0.0,0.0,-1.987152301516501,0,0,0,0,0,0
image_510.png,surface,0.0,0.0,1.6630845395848746,8.037246629729479,-17.158931466989095,0.0,0.3948771818197731,2.209371017379897,0.0,0.0,0.0,2.147952818274348,0,0,0,0,0,0
image_511.png,surface,0.0,0.0,1.0987873123736531,-13.146013492645633,-8.27502044475754,0.0,-2.6004964300564035,-1.1467090539272955,0.0,0.0,0.0,0.206090981540195,0,0,0,0,0,0
image_512.png,surface,0.0,0.0,1.530864905982513,-16.591843659535982,-0.5452132730820474,0.0,-0.405654410055475,1.2930458046412416,0.0,0.0,0.0,-1.101937707139883,0,0,0,0,0,0
image_513.png,surface,0.0,0.0,0.877435483765729,-23.357778242549355,4.103200409055224,0.0,-0.4506460804295985,1.81029080414552,0.0,0.0,0.0,1.927934931240305,0,0,0,0,0,0
image_514.png,surface,0.0,0.0,2.144250188436234,10.23028426103169,-16.91595400392055,0.0,-0.8174351530049518,-2.3905133502845834,0.0,0.0,0.0,2.400667506605391,0,0,0,0,0,0
image_515.png,surface,0.0,0.0,2.177694841367153,-19.48791985432849,11.005309492810651,0.0,-1.283725707864679,-1.74432374870392,0.0,0.0,0.0,2.7490928845689755,0,0,0,0,0,0
image_516.png,surface,0.0,0.0,2.3701194086463704,6.910551711308172,-23.69722406175844,0.0,2.1309655067634674,-1.3875485511872916,0.0,0.0,0.0,-2.733928897085933,0,0,0,0,0,0
image_517.png,surface,0.0,0.0,1.1910571389137052,17.654245286763473,17.160118612310487,0.0,0.7210236823162338,-0.4654558467516212,0.0,0.0,0.0,-1.0378056318322777,0,0,0,0,0,0
image_518.png,surface,0.0,0.0,1.797066958562452,12.953849026525289,-11.814583174350886,0.0,-0.0397799038106113,-2.6388599998990414,0.0,0.0,0.0,-1.977522635085828,0,0,0,0,0,0
image_519.png,surface,0.0,0.0,0.6242872624068663,11.629810605923602,-8.341494463181638,0.0,2.222757658134281,0.3888117429249517,0.0,0.0,0.0,-0.3747692482717615,0,0,0,0,0,0
image_522.png,surface,0.0,0.0,1.967428853523656,7.048474833281985,-21.602015316415272,0.0,0.2058047486009183,-1.0011523121462813,0.0,0.0,0.0,-0.0794847180457045,0,0,0,0,0,0
image_525.png,surface,0.0,0.0,1.7053429401377596,5.315907597443509,-6.9551047563678425,0.0,1.256675332708967,-0.9760756430571628,0.0,0.0,0.0,-1.092040594723393,0,0,0,0,0,0
image_526.png,surface,0.0,0.0,2.766819264786005,4.011073922931241,23.656097839294304,0.0,0.3429101011374353,-1.347165276377263,0.0,0.0,0.0,-0.4323172032194904,0,0,0,0,0,0
image_527.png,surface,0.0,0.0,2.6828120319719844,-8.299372597414283,7.492094638046954,0.0,1.3471681526864887,-1.6695783321091724,0.0,0.0,0.0,2.1605617560022523,0,0,0,0,0,0
image_528.png,surface,0.0,0.0,2.397422511615421,-9.494837701693667,12.047074951242363,0.0,0.4153691318925773,0.9241970836173706,0.0,0.0,0.0,0.9074705547315278,0,0,0,0,0,0
image_529.png,surface,0.0,0.0,0.9248892834461104,-15.003912797611513,-0.1394587466528451,0.0,2.9420146556637032,0.2410882631000766,0.0,0.0,0.0,0.4347177971715958,0,0,0,0,0,0
image_530.png,surface,0.0,0.0,1.361731965730778,5.169062871783866,-22.777445200797168,0.0,1.176606528693699,1.6919213614901278,0.0,0.0,0.0,-1.434373569301552,0,0,0,0,0,0
image_532.png,surface,0.0,0.0,2.9417958012444085,-4.349140891790133,-22.20959085136901,0.0,2.853177501936644,0.1603495631070538,0.0,0.0,0.0,2.8367685493597428,0,0,0,0,0,0
image_534.png,surface,0.0,0.0,3.401198739313026,-10.118120755942424,-8.87205016853129,0.0,0.8389044540360271,0.0637060287088741,0.0,0.0,0.0,1.8719394212221552,0,0,0,0,0,0
image_536.png,surface,0.0,0.0,1.439166911314079,-9.179310018788575,-5.020062801718439,0.0,0.1307123207562395,2.2775838725260025,0.0,0.0,0.0,0.9068966275088952,0,0,0,0,0,0
image_537.png,surface,0.0,0.0,2.184302240497014,-17.43091843234934,17.77530108638957,0.0,1.9774859113019243,1.5380242226247034,0.0,0.0,0.0,-2.2172754153393583,0,0,0,0,0,0
image_538.png,surface,0.0,0.0,1.625221044415206,-1.2152148370857538,-0.0723740688186437,0.0,-0.4503604364832759,-1.522152973373957,0.0,0.0,0.0,2.3240528027107006,0,0,0,0,0,0
image_539.png,surface,0.0,0.0,3.235943433166565,13.381009063447957,-0.8929781673089985,0.0,0.5906982310985871,-1.5885901967886855,0.0,0.0,0.0,1.5208687204201086,0,0,0,0,0,0
image_540.png,surface,0.0,0.0,0.6450415820041033,7.996686497335174,-10.551667752073165,0.0,-0.3441802865670205,-0.5211873363820139,0.0,0.0,0.0,-2.1796925639966176,0,0,0,0,0,0
image_541.png,surface,0.0,0.0,1.1867466050844555,-15.007610604886857,-4.329969630234498,0.0,1.4311692477984956,-2.359604544818114,0.0,0.0,0.0,-2.3657480701434337,0,0,0,0,0,0
image_542.png,surface,0.0,0.0,0.7896995928528798,7.861978274806209,5.065848851250943,0.0,-1.8646939529154205,1.5427843187857346,0.0,0.0,0.0,-2.370723240559678,0,0,0,0,0,0
image_543.png,surface,0.0,0.0,2.916859075844996,12.124158816326815,20.114115040490027,0.0,-0.8477765695118836,-2.459968637949917,0.0,0.0,0.0,0.6027684461140419,0,0,0,0,0,0
image_544.png,surface,0.0,0.0,1.0732382073489994,9.93116180488135,11.705352662293764,0.0,-1.7038073629155934,-1.0600525618716967,0.0,0.0,0.0,1.173375814886925,0,0,0,0,0,0
image_545.png,surface,0.0,0.0,2.72854214294624,-4.386581752174672,-19.77045136470566,0.0,-0.538055788076773,-2.9093587836689374,0.0,0.0,0.0,-2.08105126693424,0,0,0,0,0,0
image_546.png,surface,0.0,0.0,2.184789482349053,-15.00545934969671,-3.090289277201439,0.0,-0.4252485113843795,-2.1445543850636426,0.0,0.0,0.0,-1.6429452010214771,0,0,0,0,0,0
image_547.png,surface,0.0,0.0,2.9906479557106787,-21.960418130691146,6.450900871095517,0.0,1.0165688097823786,-1.4691086019413286,0.0,0.0,0.0,2.3855595452332023,0,0,0,0,0,0
image_548.png,surface,0.0,0.0,3.484846378073643,-10.403906382987598,-17.432283738362372,0.0,-0.6380430751998789,2.2229499814948785,0.0,0.0,0.0,-2.6991891866742,0,0,0,0,0,0
image_550.png,surface,0.0,0.0,0.951251994404866,7.586439063898339,-0.3237152511535608,0.0,1.4310429684134285,0.8569732337091898,0.0,0.0,0.0,-2.9875078230430234,0,0,0,0,0,0
image_551.png,surface,0.0,0.0,2.4086466001632165,-17.747617564993025,-12.478945707536733,0.0,-0.545080407826393,1.5913976414265507,0.0,0.0,0.0,-2.883790106691849,0,0,0,0,0,0
image_552.png,surface,0.0,0.0,0.6089131190133852,-13.167773894254983,-15.291333361971066,0.0,-2.982451076837485,-0.2639363613017039,0.0,0.0,0.0,-1.6270622191464923,0,0,0,0,0,0
image_553.png,surface,0.0,0.0,2.952253850596512,11.37541889626542,-3.93247389114288,0.0,-0.5541486766621997,2.507372226908916,0.0,0.0,0.0,0.4389900205821471,0,0,0,0,0,0
image_554.png,surface,0.0,0.0,1.6299178755488728,2.5303054703288272,16.14118532493258,0.0,2.84268493703035,0.3316069090997812,0.0,0.0,0.0,0.5513628340886916,0,0,0,0,0,0
image_555.png,surface,0.0,0.0,1.6968041687786592,-7.396441081372653,-13.63000642571163,0.0,0.2521328246208322,-0.05323755674482,0.0,0.0,0.0,-2.0743721779743884,0,0,0,0,0,0
image_556.png,surface,0.0,0.0,2.2161374384974053,-12.81677357038036,1.9612888066554053,0.0,1.979602449722339,-1.815026881400308,0.0,0.0,0.0,-1.502444368743816,0,0,0,0,0,0
image_557.png,surface,0.0,0.0,1.5262861723012269,-16.565825378820943,-17.105254717533555,0.0,-1.3112753192663729,2.1437454442105883,0.0,0.0,0.0,1.392281642483434,0,0,0,0,0,0
image_558.png,surface,0.0,0.0,1.4007057197539152,2.4515153010479818,15.047537354015995,0.0,1.0262560431979415,0.6691090673902578,0.0,0.0,0.0,-0.1592381047074846,0,0,0,0,0,0
image_559.png,surface,0.0,0.0,1.1149076565373228,3.882965256655989,21.32958065341505,0.0,-2.18305076059891,1.549866768394301,0.0,0.0,0.0,1.2229699875001758,0,0,0,0,0,0
image_560.png,surface,0.0,0.0,2.6564644109307043,1.3263973099922717,-22.248117605916764,0.0,2.21578183563738,1.3863626159493536,0.0,0.0,0.0,2.117857748221053,0,0,0,0,0,0
image_561.png,surface,0.0,0.0,2.8058376825138374,-10.250659660347266,-21.632084980702803,0.0,-1.2221705863112813,2.287804479722032,0.0,0.0,0.0,1.0417015720319114,0,0,0,0,0,0
image_562.png,surface,0.0,0.0,2.324307992161146,1.6937529183194169,-5.276075632354642,0.0,-0.0106322259458515,-2.2155521227191874,0.0,0.0,0.0,-1.7902120878665984,0,0,0,0,0,0
image_564.png,surface,0.0,0.0,2.5842768297051126,-6.699328233345766,-5.000640900274404,0.0,-1.0487460700180955,-1.8684619939536904,0.0,0.0,0.0,0.6129221428309943,0,0,0,0,0,0
image_565.png,surface,0.0,0.0,0.9735767184338172,-1.458486530624447,11.877540961046355,0.0,-0.6462244639984632,-2.093393537546343,0.0,0.0,0.0,-2.927443633929235,0,0,0,0,0,0
image_566.png,surface,0.0,0.0,3.13484738515817,-16.219194816262075,-14.689534774913776,0.0,1.3443462850505814,1.715290893009357,0.0,0.0,0.0,-0.0204399245487993,0,0,0,0,0,0
image_567.png,surface,0.0,0.0,1.838978175329726,16.619190849275615,-13.953485581689357,0.0,-0.7535929782552458,2.556628187930952,0.0,0.0,0.0,-1.8253753304080889,0,0,0,0,0,0
image_569.png,surface,0.0,0.0,1.1124445713501592,6.643561666455467,-11.343525742291776,0.0,0.4608608748217175,1.811474055187504,0.0,0.0,0.0,0.3952402485197366,0,0,0,0,0,0
image_570.png,surface,0.0,0.0,2.3465333633987107,4.507856595560294,-12.141112704853352,0.0,2.4441668980783984,1.672290017049437,0.0,0.0,0.0,-0.0340166586910095,0,0,0,0,0,0
image_571.png,surface,0.0,0.0,3.4551466545273435,-18.54289950977068,-16.766260140159247,0.0,-0.6140276500950167,0.1561812376879434,0.0,0.0,0.0,-0.8188355226336017,0,0,0,0,0,0
image_574.png,surface,0.0,0.0,1.3654674978066383,0.7994991199070265,-12.284856886012877,0.0,-2.1461131119155685,0.3780309593362668,0.0,0.0,0.0,2.6541140051791468,0,0,0,0,0,0
image_575.png,surface,0.0,0.0,1.4775542241269952,-15.281307289148977,-3.811057466697686,0.0,-0.5037849762301697,-1.1471792480970548,0.0,0.0,0.0,2.4265423004178555,0,0,0,0,0,0
image_576.png,surface,0.0,0.0,1.089066770211601,-10.106480741948726,8.885290778533879,0.0,-1.0450630613886374,-2.1794715658048367,0.0,0.0,0.0,-1.1494051123775653,0,0,0,0,0,0
image_577.png,surface,0.0,0.0,2.0438050159025707,-23.585023868443223,7.083886713479184,0.0,-1.694378654149972,-0.9189142466328404,0.0,0.0,0.0,2.892784235089536,0,0,0,0,0,0
image_578.png,surface,0.0,0.0,0.9439237299847982,17.685522607965694,6.169861945133611,0.0,0.2545268929214503,2.5271432232232645,0.0,0.0,0.0,-1.862549987859868,0,0,0,0,0,0
image_579.png,surface,0.0,0.0,2.355443828681949,-16.599279707525195,7.19521096521613,0.0,0.0701985489965023,2.791489688003983,0.0,0.0,0.0,-2.056707576399165,0,0,0,0,0,0
image_580.png,surface,0.0,0.0,1.8959306726414864,-22.002043613183595,-3.608009363839874,0.0,1.477820505434843,0.9584735546810798,0.0,0.0,0.0,-2.2780734483760057,0,0,0,0,0,0
image_582.png,surface,0.0,0.0,0.7121625488397823,-16.066175269184505,-15.333625579253916,0.0,1.9468267772043248,-0.2998350065029452,0.0,0.0,0.0,-0.0358723691826687,0,0,0,0,0,0
image_583.png,surface,0.0,0.0,3.15217121635977,5.067110591682312,-21.41004710924995,0.0,0.4672106645663583,2.072242622071076,0.0,0.0,0.0,-1.039148200631311,0,0,0,0,0,0
image_584.png,surface,0.0,0.0,1.6357441345512485,10.627281024583077,-15.985056175199473,0.0,1.1517895433941336,1.2906058948452808,0.0,0.0,0.0,-1.206048489266914,0,0,0,0,0,0
image_585.png,surface,0.0,0.0,1.1207940760459991,8.677813146091697,4.775308106587063,0.0,0.1503265169417583,2.485054926898293,0.0,0.0,0.0,0.4257043920320837,0,0,0,0,0,0
image_586.png,surface,0.0,0.0,2.002351143518521,7.7306904770731535,-8.040649877086276,0.0,1.184029149321205,1.6831425233593502,0.0,0.0,0.0,0.5342596113175047,0,0,0,0,0,0
image_588.png,surface,0.0,0.0,2.5828584402267727,-18.388458594929865,15.967268195841656,0.0,-0.7042951322818258,1.4834362039619036,0.0,0.0,0.0,0.846824395812928,0,0,0,0,0,0
image_589.png,surface,0.0,0.0,1.5202601607010977,11.662632106739355,-2.1440046572043445,0.0,-0.9516700051618442,2.084487214384809,0.0,0.0,0.0,1.014178659357624,0,0,0,0,0,0
image_590.png,surface,0.0,0.0,1.411530642065571,12.56428652144205,18.91559152683488,0.0,-0.8568170560405782,0.6479406724395187,0.0,0.0,0.0,2.4763653990441794,0,0,0,0,0,0
image_591.png,surface,0.0,0.0,2.483859671079077,-4.209189854076,-4.814453923182209,0.0,1.641873559431036,-1.3785377073465503,0.0,0.0,0.0,1.7845815612407616,0,0,0,0,0,0
image_592.png,surface,0.0,0.0,0.7664139695206622,-13.543092297901302,6.26480984163966,0.0,0.7499021006979171,-0.0397479737555899,0.0,0.0,0.0,2.223335347534084,0,0,0,0,0,0
image_593.png,surface,0.0,0.0,1.5962305474225449,-2.3785833131971046,-17.20927828066596,0.0,-1.8513206552451376,-1.6760357122347052,0.0,0.0,0.0,-1.6217736348740122,0,0,0,0,0,0
image_594.png,surface,0.0,0.0,1.9360333508246432,2.614576989229112,-13.20979133499818,0.0,0.3192368461118556,-2.494986860340018,0.0,0.0,0.0,0.9856325456362836,0,0,0,0,0,0
image_595.png,surface,0.0,0.0,2.7815524316567606,-3.718955689982818,3.1987501815456123,0.0,0.6657205317611182,0.135452676054325,0.0,0.0,0.0,1.9378826359688377,0,0,0,0,0,0
image_596.png,surface,0.0,0.0,1.4765519407911922,12.687036523390145,5.866383903370341,0.0,0.715039200397562,-2.019476096602183,0.0,0.0,0.0,-2.5361167313776365,0,0,0,0,0,0
image_597.png,surface,0.0,0.0,2.8764554856747564,4.347840568521502,-18.53518035270976,0.0,0.3101504483824083,2.663604171439077,0.0,0.0,0.0,0.0399090838446616,0,0,0,0,0,0
image_598.png,surface,0.0,0.0,2.848062471884308,1.8525469071656788,-19.29047957237892,0.0,-1.028748184434947,2.365188211910239,0.0,0.0,0.0,0.1852859346079007,0,0,0,0,0,0
image_599.png,surface,0.0,0.0,0.5583896312566172,-4.638562128789555,16.581305286664257,0.0,0.7194421189569341,-2.349517494696681,0.0,0.0,0.0,0.3987255915682235,0,0,0,0,0,0
image_600.png,surface,0.0,0.0,1.0712393717908406,-6.28816082821202,-23.90716093610277,0.0,1.8614781302144177,0.3146932962320751,0.0,0.0,0.0,2.883718251845,0,0,0,0,0,0
image_601.png,surface,0.0,0.0,2.460182836013882,5.654623855283772,-23.640511067083104,0.0,-1.200774128209562,-1.1747464853369731,0.0,0.0,0.0,2.3266174729224094,0,0,0,0,0,0
image_602.png,surface,0.0,0.0,1.988126180912891,-6.219580545128371,-22.17495534624614,0.0,-0.7086640830953268,2.8385444926140058,0.0,0.0,0.0,0.0550143005137124,0,0,0,0,0,0
image_603.png,surface,0.0,0.0,0.5829089646625778,15.566826574439013,-3.8611078469629407,0.0,1.506505845550442,-0.9284750927036612,0.0,0.0,0.0,-2.069739485082135,0,0,0,0,0,0
image_604.png,surface,0.0,0.0,1.5789466430552943,-1.561327038424327,-23.93322185865465,0.0,-0.3395206603969006,0.8655818345456001,0.0,0.0,0.0,2.431534973360197,0,0,0,0,0,0
image_605.png,surface,0.0,0.0,2.377320799182084,10.184849023307033,-3.93792169505856,0.0,0.7034775592932273,2.5752392245277766,0.0,0.0,0.0,-0.982064628482898,0,0,0,0,0,0
image_607.png,surface,0.0,0.0,1.1206234855390205,0.0043375633060706,22.06150966957562,0.0,-1.6528486286048814,-0.7451429270481941,0.0,0.0,0.0,2.7536378681781013,0,0,0,0,0,0
image_608.png,surface,0.0,0.0,0.958157019950153,-3.3662391216925536,-14.847778433743484,0.0,-0.2480435475380868,-0.2852537317210908,0.0,0.0,0.0,-1.6112626547919104,0,0,0,0,0,0
image_609.png,surface,0.0,0.0,1.5931053859376354,-6.674435918612672,-13.102704819023872,0.0,2.049328366494805,1.587403769214094,0.0,0.0,0.0,2.566797400535324,0,0,0,0,0,0
image_611.png,surface,0.0,0.0,2.4934979541014286,1.5133218837745797,20.59079321755066,0.0,-1.2093381862128647,0.355298118512604,0.0,0.0,0.0,-0.7852552849679819,0,0,0,0,0,0
image_613.png,surface,0.0,0.0,1.185324914879681,-3.5314059042778703,-14.612305866796008,0.0,-2.077287121763593,-0.1776367433268152,0.0,0.0,0.0,2.149136709479724,0,0,0,0,0,0
image_614.png,surface,0.0,0.0,0.5156732912241626,13.4440687563051,-18.6038717085786,0.0,-1.779780698410509,-0.5286348461984945,0.0,0.0,0.0,-1.8389581249939315,0,0,0,0,0,0
image_615.png,surface,0.0,0.0,1.0503409971314497,-21.81413228421951,-12.443953217342155,0.0,-1.0821131751703923,-1.6801982645346936,0.0,0.0,0.0,2.0856734492772,0,0,0,0,0,0
image_617.png,surface,0.0,0.0,1.22632959635791,8.685620761824278,3.454143380038727,0.0,-2.480597331422864,0.6619363511304953,0.0,0.0,0.0,-0.8708990931828069,0,0,0,0,0,0
image_618.png,surface,0.0,0.0,1.4677234178584522,5.384341197224599,-11.180689323632178,0.0,-0.1469977813050976,1.919817019895998,0.0,0.0,0.0,-2.4740532591979543,0,0,0,0,0,0
image_619.png,surface,0.0,0.0,0.7362152042283969,-21.7791349900818,-2.144159803946595,0.0,-0.2649465701815982,2.2418893536376485,0.0,0.0,0.0,1.498213023212461,0,0,0,0,0,0
image_620.png,surface,0.0,0.0,1.717537876613341,-11.886128587940776,17.17527712512639,0.0,2.0276514860537245,2.136501515776778,0.0,0.0,0.0,0.116399437192304,0,0,0,0,0,0
image_621.png,surface,0.0,0.0,1.0028782392299207,-16.940001010834756,3.25218422228626,0.0,2.195845722853076,-2.0070592532403944,0.0,0.0,0.0,2.4385234178206403,0,0,0,0,0,0
image_622.png,surface,0.0,0.0,2.2441026550698826,19.46883050126917,12.3783735486436,0.0,1.3423399638771192,-1.805917444668879,0.0,0.0,0.0,2.5702851997026706,0,0,0,0,0,0
image_623.png,surface,0.0,0.0,1.6336322449216223,14.96003814880736,-4.809275491846159,0.0,-2.133339433342208,-0.0287199500964032,0.0,0.0,0.0,0.8416825006910087,0,0,0,0,0,0
image_624.png,surface,0.0,0.0,2.418956197181778,3.6270995608587455,7.799980197891091,0.0,1.1046203156317098,2.58723832094702,0.0,0.0,0.0,0.7462872874047579,0,0,0,0,0,0
image_625.png,surface,0.0,0.0,2.8284631620202902,-4.477865908531336,-0.2270286197392175,0.0,-0.4487418059501508,-1.3556486111555026,0.0,0.0,0.0,-2.589809009994697,0,0,0,0,0,0
image_626.png,surface,0.0,0.0,0.7541089844598261,-12.63786589834866,-6.823101060038332,0.0,1.9153152614324167,1.267300684195789,0.0,0.0,0.0,-2.569247352708831,0,0,0,0,0,0
image_627.png,surface,0.0,0.0,1.6474360300183175,-14.144305003821286,-16.074043007928754,0.0,2.2391134796718326,-0.6009254837085803,0.0,0.0,0.0,-1.4680772419811314,0,0,0,0,0,0
image_628.png,surface,0.0,0.0,3.4333255404775773,17.92608554569922,-8.114985665590817,0.0,2.814760897490528,0.5374132363896506,0.0,0.0,0.0,2.759926191880697,0,0,0,0,0,0
image_629.png,surface,0.0,0.0,0.5069287881689708,-10.221085328162866,-22.81038011038188,0.0,1.363009538090167,-2.106039255757332,0.0,0.0,0.0,0.2751981786856428,0,0,0,0,0,0
image_630.png,surface,0.0,0.0,1.876733020314416,11.541434311846736,-20.47158892247556,0.0,-1.605333453751898,0.93251620574295,0.0,0.0,0.0,-0.9266432120587532,0,0,0,0,0,0
image_631.png,surface,0.0,0.0,1.906728667560858,-10.45924247612678,6.1257864623236085,0.0,-1.06602934732732,-2.079100536292585,0.0,0.0,0.0,-1.055188473503054,0,0,0,0,0,0
image_632.png,surface,0.0,0.0,2.971164672812637,12.515119862726385,14.186314474233145,0.0,-0.9155487472216688,-1.8327317457855488,0.0,0.0,0.0,-0.7836852555196785,0,0,0,0,0,0
image_634.png,surface,0.0,0.0,2.8280919490889223,15.97092709365136,11.27687946937757,0.0,1.4868397209777635,2.095737752318536,0.0,0.0,0.0,-0.2588615035134003,0,0,0,0,0,0
image_635.png,surface,0.0,0.0,0.5066006676900878,-14.036360862564772,1.877447134002504,0.0,-2.0937019713763223,0.64132080191884,0.0,0.0,0.0,2.191517549448669,0,0,0,0,0,0
image_636.png,surface,0.0,0.0,1.972250053294399,9.655608698576572,-2.525683281957768,0.0,-0.4905642736772081,-2.7001903607642888,0.0,0.0,0.0,1.551600934033628,0,0,0,0,0,0
image_638.png,surface,0.0,0.0,2.9244665890726336,-18.57161552075775,-1.103989184334328,0.0,2.1813043746552605,-0.8554555026742979,0.0,0.0,0.0,-0.9374680410995664,0,0,0,0,0,0
image_639.png,surface,0.0,0.0,1.708841836377014,-16.967355405940896,13.103187275219568,0.0,1.0714960755789862,1.2393276168119098,0.0,0.0,0.0,2.75482972068502,0,0,0,0,0,0
image_640.png,surface,0.0,0.0,0.7096352588370676,12.93045385033953,12.210873614872586,0.0,2.193517258542278,-1.118595849334174,0.0,0.0,0.0,-2.4245700695308936,0,0,0,0,0,0
image_641.png,surface,0.0,0.0,2.625160894892355,15.047888711554943,17.185238539460787,0.0,-1.4051567678426222,-0.0903537602114944,0.0,0.0,0.0,0.3607633277664446,0,0,0,0,0,0
image_643.png,surface,0.0,0.0,1.5032496187417983,-10.87471049193682,-3.48507959041281,0.0,0.8819921318740229,-0.4480820551575547,0.0,0.0,0.0,-1.9014048765901448,0,0,0,0,0,0
image_644.png,surface,0.0,0.0,1.994989993264417,17.444241498270095,-4.159024008012139,0.0,2.833172284452288,0.1859536774301104,0.0,0.0,0.0,0.5506692337158707,0,0,0,0,0,0
image_645.png,surface,0.0,0.0,2.7252272333287366,-11.687465015138455,-15.083175678293124,0.0,-2.366181308940763,1.7466357144342806,0.0,0.0,0.0,0.235643971562665,0,0,0,0,0,0
image_646.png,surface,0.0,0.0,1.4391917387628617,3.718810324815061,5.952179337492697,0.0,1.6594795038066044,1.554107047824607,0.0,0.0,0.0,-2.443904403947399,0,0,0,0,0,0
image_647.png,surface,0.0,0.0,0.8122923634165784,2.942136496621498,-12.08480021355149,0.0,0.4449842376291437,-2.342158022589228,0.0,0.0,0.0,-0.9411224072698277,0,0,0,0,0,0
image_648.png,surface,0.0,0.0,2.97576961033243,0.1925775013334087,-19.09975779302164,0.0,0.9675877069746164,2.468298492280126,0.0,0.0,0.0,2.9758766228378235,0,0,0,0,0,0
image_649.png,surface,0.0,0.0,0.5294679864780045,-11.08085238017876,-10.383813514768969,0.0,-1.0229983920798942,0.7957277902453184,0.0,0.0,0.0,-0.8927836878906197,0,0,0,0,0,0
image_650.png,surface,0.0,0.0,3.119393397353381,-5.930370477806847,-18.66789790922536,0.0,2.3955420823467444,0.5194957912024597,0.0,0.0,0.0,1.6745415030676956,0,0,0,0,0,0
image_651.png,surface,0.0,0.0,0.8194926174440504,-2.756765598254268,16.012967587112648,0.0,-1.771733110838351,1.9554082021040435,0.0,0.0,0.0,-1.8188544433558305,0,0,0,0,0,0
image_652.png,surface,0.0,0.0,0.8771028636457556,-11.128629403516156,11.51850374714351,0.0,0.6692350320234283,1.398418059073891,0.0,0.0,0.0,2.780345502730351,0,0,0,0,0,0
image_653.png,surface,0.0,0.0,0.998686593025689,1.6132031521131038,2.578857874498433,0.0,1.55849897007211,-0.2553253727013834,0.0,0.0,0.0,-0.7904089890160249,0,0,0,0,0,0
image_654.png,surface,0.0,0.0,0.9450290284290306,0.42802257076391,-23.583592218387626,0.0,-0.6695199708885384,1.088585715681648,0.0,0.0,0.0,-2.539786176750866,0,0,0,0,0,0
image_656.png,surface,0.0,0.0,2.93294409338736,-14.310297733168005,-8.967021842167627,0.0,1.713319881714696,2.458604662426087,0.0,0.0,0.0,-0.5112850070101977,0,0,0,0,0,0
image_657.png,surface,0.0,0.0,1.0084039597012688,9.561667483115372,13.815209606556282,0.0,2.7178222909289524,0.241798061335331,0.0,0.0,0.0,-0.7837279796921255,0,0,0,0,0,0
image_658.png,surface,0.0,0.0,0.8375528619998696,18.727031989119865,12.22717193217404,0.0,-0.5584293195271505,-0.2905660377508579,0.0,0.0,0.0,2.808287981659153,0,0,0,0,0,0
image_659.png,surface,0.0,0.0,2.2174418902564312,-12.782066796250056,9.983542150803856,0.0,-2.564541373627651,1.0236007972840715,0.0,0.0,0.0,1.4986590114924798,0,0,0,0,0,0
image_660.png,surface,0.0,0.0,2.5991208720700048,15.41065238725258,15.056872667330484,0.0,-0.6426850510568142,0.2688438790390675,0.0,0.0,0.0,-0.8369882986164381,0,0,0,0,0,0
image_661.png,surface,0.0,0.0,2.1771195725127286,17.311980784493908,-14.997061724994005,0.0,0.6197598935046146,2.671350565343128,0.0,0.0,0.0,-2.7214032487145747,0,0,0,0,0,0
image_662.png,surface,0.0,0.0,0.5830695994432111,20.06655232626862,6.814682500144185,0.0,-1.0081638623476756,0.7887317383651448,0.0,0.0,0.0,-1.184245447405593,0,0,0,0,0,0
image_663.png,surface,0.0,0.0,2.7982647575036044,-1.2188567141058666,-19.0129252058259,0.0,-2.2097333548597624,-0.6571519067015491,0.0,0.0,0.0,1.2594190982734954,0,0,0,0,0,0
image_664.png,surface,0.0,0.0,2.6425706478037734,-8.872306360624954,9.160974545654568,0.0,0.4200861068946848,1.4380633967286,0.0,0.0,0.0,-1.3475289983865189,0,0,0,0,0,0
image_665.png,surface,0.0,0.0,2.65177872559976,-0.5298129340602391,-22.327389990953293,0.0,-1.740926424473686,1.7798983086042708,0.0,0.0,0.0,0.1135444085330794,0,0,0,0,0,0
image_666.png,surface,0.0,0.0,1.1216396869217178,-13.853379953089815,-12.80360254234847,0.0,-0.3186890702819871,0.1621389538089519,0.0,0.0,0.0,1.6319881811890706,0,0,0,0,0,0
image_667.png,surface,0.0,0.0,0.7108481230659922,7.788190071851863,13.128399848621696,0.0,-1.6160158535403455,-0.1575829260877303,0.0,0.0,0.0,0.6946561393759723,0,0,0,0,0,0
image_668.png,surface,0.0,0.0,3.4918532690912496,2.015008031603666,6.7560159304979175,0.0,-2.3094304516051185,0.985882365529962,0.0,0.0,0.0,2.5139012793436954,0,0,0,0,0,0
image_670.png,surface,0.0,0.0,2.6787282273817765,-5.060807523496187,-22.3317373238964,0.0,1.799745648335627,-1.7493277585911684,0.0,0.0,0.0,-2.270338035449122,0,0,0,0,0,0
image_672.png,surface,0.0,0.0,2.014796791677473,-15.312270119529575,-6.127257956299486,0.0,-1.2504283020262348,-0.3532693813222638,0.0,0.0,0.0,2.7489249158100417,0,0,0,0,0,0
image_673.png,surface,0.0,0.0,2.0122899755300696,11.021017319099716,-13.684030731468074,0.0,2.05107304342324,-1.100534381120389,0.0,0.0,0.0,-0.6590439218531614,0,0,0,0,0,0
image_674.png,surface,0.0,0.0,0.8685740402456577,-13.93716976680684,-15.693938316870849,0.0,0.3296388727815273,1.5456699338330857,0.0,0.0,0.0,-0.5722600619688851,0,0,0,0,0,0
image_675.png,surface,0.0,0.0,1.5548229341979614,-12.640516074133474,-11.11302799217042,0.0,2.554399693360629,-0.3220745633735924,0.0,0.0,0.0,1.8185943943052152,0,0,0,0,0,0
image_677.png,surface,0.0,0.0,2.5706447786109217,-6.568405072171457,6.669670788521749,0.0,1.3404242114658989,2.1116358339170427,0.0,0.0,0.0,-2.0678765879534406,0,0,0,0,0,0
image_678.png,surface,0.0,0.0,2.695012399608668,5.73001459847366,-17.803698589951086,0.0,-1.1604975944115752,-0.478360093168521,0.0,0.0,0.0,-2.8573941001276086,0,0,0,0,0,0
image_681.png,surface,0.0,0.0,2.869834108003927,-20.45773724101945,8.611837959265033,0.0,-2.2324950141050035,-1.80256878572444,0.0,0.0,0.0,0.922046312851844,0,0,0,0,0,0
image_682.png,surface,0.0,0.0,0.7896161676117541,20.677976696599583,-4.660772158134754,0.0,1.7219902346360254,0.2910372994680072,0.0,0.0,0.0,0.5725362624088586,0,0,0,0,0,0
image_683.png,surface,0.0,0.0,2.23264619555996,-0.0563424640842867,-5.812846746530768,0.0,-2.374199930246559,0.5050259180913125,0.0,0.0,0.0,-2.843207471988216,0,0,0,0,0,0
image_684.png,surface,0.0,0.0,2.102444229027969,-16.48538422519425,12.005832252260058,0.0,-2.5764680030432414,-0.1998975222465952,0.0,0.0,0.0,2.1593635720962734,0,0,0,0,0,0
image_685.png,surface,0.0,0.0,1.793576600361185,-7.449632754380862,14.541672195087989,0.0,2.1162625088236933,1.4530387916015803,0.0,0.0,0.0,-1.1343626466117358,0,0,0,0,0,0
image_686.png,surface,0.0,0.0,1.1275074662706754,3.557859194708361,0.3087843162724182,0.0,1.7191423333866191,1.1974809387913066,0.0,0.0,0.0,0.5955614365171753,0,0,0,0,0,0
image_687.png,surface,0.0,0.0,1.7825795430492302,19.488534415153044,-7.779366031548423,0.0,2.749075612232436,0.9142082713636186,0.0,0.0,0.0,2.044471711846808,0,0,0,0,0,0
image_688.png,surface,0.0,0.0,3.032849418336913,12.493523415875222,15.985320012388904,0.0,0.0217863121138044,-2.091672544989599,0.0,0.0,0.0,-1.4217723499864998,0,0,0,0,0,0
image_689.png,surface,0.0,0.0,2.6921101222658548,1.9441400384450016,10.304235479241592,0.0,-1.2464768063599516,-2.6951047354718134,0.0,0.0,0.0,-1.7475921141802648,0,0,0,0,0,0
image_690.png,surface,0.0,0.0,1.8218096985287453,9.35003280786985,-22.37190066303973,0.0,-1.00547695541604,0.6084506239168386,0.0,0.0,0.0,-1.541162945673369,0,0,0,0,0,0
image_691.png,surface,0.0,0.0,3.4027660428710687,-5.618589195449476,10.055400363253488,0.0,-2.7080906432752507,0.2741781081598428,0.0,0.0,0.0,1.4945535854166332,0,0,0,0,0,0
image_692.png,surface,0.0,0.0,2.855875747116014,2.0171637959400788,-20.095789888295336,0.0,-2.230427763410486,0.3492833798040638,0.0,0.0,0.0,0.347157336231632,0,0,0,0,0,0
image_694.png,surface,0.0,0.0,2.7522095707249385,-4.182908497837156,-9.256468680296472,0.0,0.4400815010628907,1.1770658652142418,0.0,0.0,0.0,-2.4195517385257324,0,0,0,0,0,0
image_695.png,surface,0.0,0.0,2.655613339001502,-14.496135604729782,13.398921844691964,0.0,-0.8576976093847647,1.6781068973969853,0.0,0.0,0.0,2.954850184933965,0,0,0,0,0,0
image_696.png,surface,0.0,0.0,0.6476619655306495,20.73441022868213,-9.884497704044731,0.0,1.373733583997382,-1.341551661825074,0.0,0.0,0.0,-1.2355622962254666,0,0,0,0,0,0
image_697.png,surface,0.0,0.0,3.279671796887672,-8.381411373998876,21.622551394687022,0.0,-1.8728947307083752,0.2979672471467108,0.0,0.0,0.0,1.342284504230545,0,0,0,0,0,0
image_699.png,surface,0.0,0.0,1.217382493857707,-23.577829404688813,-3.1138997027771995,0.0,-0.3948854779709655,-0.7564422482262976,0.0,0.0,0.0,2.5401035752377688,0,0,0,0,0,0
image_700.png,surface,0.0,0.0,1.8446773729919024,5.083718268940352,-16.688347925889563,0.0,2.383735972211245,0.0699339545321782,0.0,0.0,0.0,-1.5724171770465971,0,0,0,0,0,0
image_701.png,surface,0.0,0.0,3.0013414003700314,8.000631008530837,6.296995080730988,0.0,1.428502407125514,-1.6467469675949828,0.0,0.0,0.0,1.5939738318474346,0,0,0,0,0,0
image_702.png,surface,0.0,0.0,1.251517458717922,7.695814703085885,-10.759036678273237,0.0,-0.7573683795346697,-1.1497196819030333,0.0,0.0,0.0,2.8848282036748465,0,0,0,0,0,0
image_703.png,surface,0.0,0.0,3.24227837947179,-10.071918857176485,-0.5057315567835055,0.0,1.2383390904412206,0.1253840739471634,0.0,0.0,0.0,-2.564803504768099,0,0,0,0,0,0
image_704.png,surface,0.0,0.0,0.6942194262435077,12.84799079510484,3.382437894098343,0.0,0.6328006853436094,0.7823088302717712,0.0,0.0,0.0,-1.2774011057070105,0,0,0,0,0,0
image_705.png,surface,0.0,0.0,0.7680712525399183,16.004249140336327,13.619608114100766,0.0,-0.6401746954842296,-1.3140170216091815,0.0,0.0,0.0,2.7610265208858733,0,0,0,0,0,0
image_706.png,surface,0.0,0.0,2.297972175334253,-16.681200510415994,15.191116678518672,0.0,-1.3799853577551464,-0.0880478662528145,0.0,0.0,0.0,0.5939164293558541,0,0,0,0,0,0
image_708.png,surface,0.0,0.0,2.514515238657367,-4.252933274268098,-14.16305151765056,0.0,0.0440422313913005,-0.5777517577977587,0.0,0.0,0.0,1.9412924083458407,0,0,0,0,0,0
image_709.png,surface,0.0,0.0,0.6303377850607939,-11.547202071295173,-2.245426102884193,0.0,0.3839401337236669,-2.3834194915416043,0.0,0.0,0.0,1.3867256559055177,0,0,0,0,0,0
image_710.png,surface,0.0,0.0,1.2807271067192758,8.779692757428998,-13.40261346163228,0.0,-2.6537816586249336,1.3939352563255296,0.0,0.0,0.0,-2.741779132552012,0,0,0,0,0,0
image_711.png,surface,0.0,0.0,2.609434044136905,-17.66698751472314,14.36620511286332,0.0,0.2567179489051323,-2.0992333092471496,0.0,0.0,0.0,0.1435938651283912,0,0,0,0,0,0
image_712.png,surface,0.0,0.0,1.5332047049777968,15.164933399077649,13.466408019120031,0.0,1.94653436894814,0.2313190235344938,0.0,0.0,0.0,-1.5961869588510254,0,0,0,0,0,0
image_713.png,surface,0.0,0.0,1.4139640190544518,-12.164172367369355,17.671733770118777,0.0,0.6424964136073649,-1.473076772888639,0.0,0.0,0.0,2.181416781629883,0,0,0,0,0,0
image_714.png,surface,0.0,0.0,2.9593308887247383,10.439022652152495,12.628192873742616,0.0,-1.845209198746216,0.6076576834712106,0.0,0.0,0.0,0.4278955303278717,0,0,0,0,0,0
image_716.png,surface,0.0,0.0,2.7349728157873168,10.460784302928529,14.146747920090831,0.0,-0.5602320119141734,1.0917411276464124,0.0,0.0,0.0,-1.0604122603259916,0,0,0,0,0,0
image_717.png,surface,0.0,0.0,2.382876248022477,20.35034590078006,-6.512819733369058,0.0,-1.6062802791610375,-2.35028558220493,0.0,0.0,0.0,-2.10406299613191,0,0,0,0,0,0
image_718.png,surface,0.0,0.0,3.363215431651744,-7.846367228750894,-21.8178409116146,0.0,1.6615427834024257,-0.1782979280223287,0.0,0.0,0.0,-2.075513978659914,0,0,0,0,0,0
image_719.png,surface,0.0,0.0,0.5631709873679291,-22.811156851341824,9.30350092150146,0.0,0.5446380172906146,-0.2367796772703094,0.0,0.0,0.0,-1.7459405754646065,0,0,0,0,0,0
image_720.png,surface,0.0,0.0,0.957929298840334,1.118255832067064,-10.891483139955124,0.0,0.332704516562549,-0.7988093318694488,0.0,0.0,0.0,-0.8374214342609179,0,0,0,0,0,0
image_721.png,surface,0.0,0.0,1.879664835638177,13.675694257512124,19.345738137155006,0.0,1.4651044279087804,1.559271936180477,0.0,0.0,0.0,1.1458985246697964,0,0,0,0,0,0
image_723.png,surface,0.0,0.0,1.3800780302412907,23.67555445874873,-4.568561613008437,0.0,2.210551024111925,-1.1142207403061368,0.0,0.0,0.0,-1.6360221382912483,0,0,0,0,0,0
image_724.png,surface,0.0,0.0,3.4408887979060263,17.08303082330755,3.1245790564302416,0.0,0.6727074925612121,1.7351911431889702,0.0,0.0,0.0,-0.742932616217197,0,0,0,0,0,0
image_725.png,surface,0.0,0.0,0.632661454478123,6.885800206232458,-18.408647318914348,0.0,-2.334894570929076,-0.866077011093815,0.0,0.0,0.0,2.0240311764669388,0,0,0,0,0,0
image_726.png,surface,0.0,0.0,0.577693617618062,3.19041991055123,-11.399025594069103,0.0,2.729041440889111,0.838564845762855,0.0,0.0,0.0,-1.8554172309981327,0,0,0,0,0,0
image_728.png,surface,0.0,0.0,0.9802701229702476,-2.9495290413606337,-13.15091652492834,0.0,-0.197387562692751,0.1601159687385368,0.0,0.0,0.0,-0.262238966894281,0,0,0,0,0,0
image_729.png,surface,0.0,0.0,0.6289318468935683,-2.6084711480013083,-18.164047263342766,0.0,0.1613353636026616,1.0753719462101088,0.0,0.0,0.0,-0.9503349774997472,0,0,0,0,0,0
image_731.png,surface,0.0,0.0,3.14567171106748,15.121366681170668,-5.951019082205226,0.0,-1.0903425221252194,0.1602006328147291,0.0,0.0,0.0,1.7780243993863882,0,0,0,0,0,0
image_732.png,surface,0.0,0.0,1.418194212409261,0.1635572138335584,-11.454155828890675,0.0,2.87797296125351,0.2292687950911461,0.0,0.0,0.0,-2.1108035011982755,0,0,0,0,0,0
image_734.png,surface,0.0,0.0,3.0958284597674672,-6.212520540230054,-6.313543219331761,0.0,-2.52968360159831,-1.2131182111833776,0.0,0.0,0.0,0.3790654790309693,0,0,0,0,0,0
image_735.png,surface,0.0,0.0,1.341253648431922,-5.21170944189986,-20.674385960894096,0.0,1.754406817626502,1.7034180633627038,0.0,0.0,0.0,-0.364201889150662,0,0,0,0,0,0
image_736.png,surface,0.0,0.0,1.806317576871694,6.155980820486401,23.03618154250619,0.0,0.1336051944041874,-0.9222338740442816,0.0,0.0,0.0,-2.747721732504086,0,0,0,0,0,0
image_738.png,surface,0.0,0.0,0.8698603368370001,8.278871852557124,-17.001413430166235,0.0,-2.7592390497752413,1.1253201592805118,0.0,0.0,0.0,1.8405965699133693,0,0,0,0,0,0
image_740.png,surface,0.0,0.0,1.0661588046569763,17.109269699237608,1.3756583994858285,0.0,1.0649966109697733,2.6606805376530462,0.0,0.0,0.0,-0.9031886380324003,0,0,0,0,0,0
image_742.png,surface,0.0,0.0,1.0381670391139184,-20.540300572018094,-11.005117771830076,0.0,-2.5521098330444265,1.343076096223051,0.0,0.0,0.0,0.7253479004740289,0,0,0,0,0,0
image_743.png,surface,0.0,0.0,0.5951362009975814,21.895437757633147,11.512631989027394,0.0,0.5112608553930464,-2.7443109084171904,0.0,0.0,0.0,1.3311296080349333,0,0,0,0,0,0
image_745.png,surface,0.0,0.0,0.9858558388148836,-7.605838565893104,17.071574679949606,0.0,2.905449993483433,-0.2675611079329254,0.0,0.0,0.0,-1.9181685868771656,0,0,0,0,0,0
image_748.png,surface,0.0,0.0,1.5965543326315437,-7.741056246253691,-17.62174855203366,0.0,-1.3371412998469816,2.0259036798914014,0.0,0.0,0.0,0.0295810873957531,0,0,0,0,0,0
image_749.png,surface,0.0,0.0,1.6924028756463914,-0.9289256387801724,-7.978370002260807,0.0,-0.4417763267895787,-0.609747485101921,0.0,0.0,0.0,0.6884016782054783,0,0,0,0,0,0
image_751.png,surface,0.0,0.0,2.6159502666409384,10.828591379750431,1.6952082110170548,0.0,-1.6004954561315108,0.8027413247170648,0.0,0.0,0.0,-0.5866962013426322,0,0,0,0,0,0
image_752.png,surface,0.0,0.0,3.218426520739137,-13.029780107891716,-1.391718735705919,0.0,1.5955152560607415,-1.92629041427935,0.0,0.0,0.0,2.1620082742286924,0,0,0,0,0,0
image_755.png,surface,0.0,0.0,1.7288997311991003,7.171251398448649,-2.203059892013105,0.0,-0.1561729888981804,-2.656181282805327,0.0,0.0,0.0,-2.5423822072357662,0,0,0,0,0,0
image_757.png,surface,0.0,0.0,2.1237354942356275,13.44029362552355,-18.567265361999283,0.0,2.476654715550965,-0.0812000221122642,0.0,0.0,0.0,-0.9036985296977464,0,0,0,0,0,0
image_758.png,surface,0.0,0.0,3.1889164760174697,12.175921531722192,-17.666756925893022,0.0,-2.0317768981873017,1.0777916912476968,0.0,0.0,0.0,1.7696134803977666,0,0,0,0,0,0
image_759.png,surface,0.0,0.0,2.2771333886887737,18.696729599706213,1.9366807916414743,0.0,-0.8256033956232809,-1.4576521963623623,0.0,0.0,0.0,1.649080574137697,0,0,0,0,0,0
image_760.png,surface,0.0,0.0,1.2698924638776186,0.1046434388002715,10.130141446955438,0.0,-2.2734532302603223,-0.3141655016296554,0.0,0.0,0.0,-1.4898317145087845,0,0,0,0,0,0
image_761.png,surface,0.0,0.0,3.357758988506987,0.4052673625606068,-23.22324142927147,0.0,1.3655188499077957,-0.0279726861375111,0.0,0.0,0.0,0.4049398566741464,0,0,0,0,0,0
image_763.png,surface,0.0,0.0,1.9293147937037376,-9.02940112043159,19.49141097177304,0.0,-2.276134615427505,-1.900145747046201,0.0,0.0,0.0,-2.7078108845593505,0,0,0,0,0,0
image_764.png,surface,0.0,0.0,3.162951537049601,-8.520408133846788,-13.243122742240828,0.0,-1.226824227954458,-2.469146415136652,0.0,0.0,0.0,-0.7742992708215137,0,0,0,0,0,0
image_765.png,surface,0.0,0.0,2.6297655222404863,1.0519416893422262,20.864005625252982,0.0,-0.5496883991658701,-1.5057891719189094,0.0,0.0,0.0,2.37171213093558,0,0,0,0,0,0
image_766.png,surface,0.0,0.0,2.1061472817970524,8.28639875041913,12.84371700200002,0.0,2.810899378664732,0.3656767437514381,0.0,0.0,0.0,-2.596917069189021,0,0,0,0,0,0
image_767.png,surface,0.0,0.0,2.563484159227309,0.3319259033478456,-19.100799375771164,0.0,-0.86668788245646,-0.1768710144546114,0.0,0.0,0.0,1.422621930002074,0,0,0,0,0,0
image_768.png,surface,0.0,0.0,1.813380499072557,13.945487376313176,-5.551018480798538,0.0,-0.2601169188459469,1.415062330023788,0.0,0.0,0.0,-2.9036038357003373,0,0,0,0,0,0
image_769.png,surface,0.0,0.0,1.6904176471341672,-4.516384530007999,-2.8536067508111445,0.0,1.5312226414074208,-1.6261088160665074,0.0,0.0,0.0,-2.1919090846814333,0,0,0,0,0,0
image_770.png,surface,0.0,0.0,2.383514121132148,7.54639552219912,-20.97379384445735,0.0,-1.699896552373288,1.3559410227186195,0.0,0.0,0.0,2.203779462587832,0,0,0,0,0,0
image_771.png,surface,0.0,0.0,2.7110246962639097,-14.103433124703358,6.05305894304408,0.0,0.4060416353780832,0.8293788455178285,0.0,0.0,0.0,0.0525461990435003,0,0,0,0,0,0
image_772.png,surface,0.0,0.0,3.312380676271772,7.531751342596069,-15.291772209351729,0.0,-2.459562628038032,-0.3642425654827898,0.0,0.0,0.0,-1.7035886017180286,0,0,0,0,0,0
image_773.png,surface,0.0,0.0,3.0096366419704306,4.875103866213022,8.211952493455597,0.0,0.8687691717150071,-0.3674141871451269,0.0,0.0,0.0,2.49449913084801,0,0,0,0,0,0
image_774.png,surface,0.0,0.0,3.3820775190689867,11.752597912042123,15.537860920591523,0.0,-0.7235220245507951,-0.2096128759858221,0.0,0.0,0.0,-2.857201624271545,0,0,0,0,0,0
image_775.png,surface,0.0,0.0,0.8476583700945515,9.05324082231399,-8.18703119402012,0.0,0.6399003618233841,-2.85326844113198,0.0,0.0,0.0,1.5013399243685317,0,0,0,0,0,0
image_776.png,surface,0.0,0.0,3.468420397541113,21.81492336766124,-6.821305863233262,0.0,2.1837798161223545,1.9343628622258933,0.0,0.0,0.0,2.8848120560495545,0,0,0,0,0,0
image_777.png,surface,0.0,0.0,1.100905360010529,24.57469316929493,-2.0869183684832384,0.0,-2.7041776575504426,0.6598193084923495,0.0,0.0,0.0,-0.3584187321395919,0,0,0,0,0,0
image_778.png,surface,0.0,0.0,0.7427117694861376,11.77685155665156,0.1457449411673075,0.0,-1.3959400109841853,-1.1547069281403666,0.0,0.0,0.0,-0.9926819150571492,0,0,0,0,0,0
image_779.png,surface,0.0,0.0,2.470431508547041,6.383845177594775,17.558501889210625,0.0,-0.9852124602604092,1.4157087996327242,0.0,0.0,0.0,-0.3414026826110836,0,0,0,0,0,0
image_780.png,surface,0.0,0.0,2.520461863462704,-0.1628214061672103,-16.00413620252549,0.0,0.07881832627914,0.8253228553245118,0.0,0.0,0.0,-0.0051444152697381,0,0,0,0,0,0
image_781.png,surface,0.0,0.0,3.4214667750869103,15.572494827039316,17.04379514213626,0.0,-1.6830254099345368,0.0597636468370593,0.0,0.0,0.0,-0.8496967813301328,0,0,0,0,0,0
image_783.png,surface,0.0,0.0,1.6779749939777946,-10.397045488300687,-12.687795549853078,0.0,2.0246545751206715,-1.7420542487952069,0.0,0.0,0.0,-1.305633106383137,0,0,0,0,0,0
image_785.png,surface,0.0,0.0,2.328363041752828,-0.729036501081967,-23.698473314525536,0.0,0.0409265227853239,-0.026514205050926,0.0,0.0,0.0,0.0527701962424194,0,0,0,0,0,0
image_786.png,surface,0.0,0.0,2.796256206302389,-19.710061107534088,10.680484646992594,0.0,-1.924672149481217,1.4148697229558236,0.0,0.0,0.0,-2.5130980177490816,0,0,0,0,0,0
image_788.png,surface,0.0,0.0,1.6593220394749666,21.44949358005051,-1.7758512368498658,0.0,-1.0366283060342143,-0.2615570530537581,0.0,0.0,0.0,2.360022118306381,0,0,0,0,0,0
image_789.png,surface,0.0,0.0,2.5443743042141715,-11.316489491224504,2.8371758031649974,0.0,-0.4588882543999675,2.1527672858783937,0.0,0.0,0.0,-1.5616152445443487,0,0,0,0,0,0
image_790.png,surface,0.0,0.0,1.2203045169902933,-15.866181101873613,-11.3105133766905,0.0,2.80006545898265,0.9215492616023432,0.0,0.0,0.0,1.063368740854476,0,0,0,0,0,0
image_791.png,surface,0.0,0.0,1.548653727104396,-3.802161667012095,-19.62635473627927,0.0,0.035596431949137,2.854951029573131,0.0,0.0,0.0,1.008752040832496,0,0,0,0,0,0
image_792.png,surface,0.0,0.0,0.7148933684594074,7.393681296849388,18.788643768295024,0.0,0.7743208962751293,2.745158143646974,0.0,0.0,0.0,0.6820673403674804,0,0,0,0,0,0
image_793.png,surface,0.0,0.0,2.9486905041724407,-4.257996281409272,-8.494917436070923,0.0,0.3488710578615637,-2.6761513366762766,0.0,0.0,0.0,-2.516242915188676,0,0,0,0,0,0
image_794.png,surface,0.0,0.0,0.7129972767889818,1.5329974491789156,11.391132820155,0.0,-1.4092472133341831,0.5179853326131771,0.0,0.0,0.0,-1.3883362233396408,0,0,0,0,0,0
image_795.png,surface,0.0,0.0,1.3963904427363494,6.66079678585762,-12.341676730980604,0.0,0.4260694450666092,-0.5329590107806871,0.0,0.0,0.0,-2.0818513301570665,0,0,0,0,0,0
image_797.png,surface,0.0,0.0,2.178229053807516,8.099911801656548,15.8618602517518,0.0,1.0691261895331918,0.9456206058398672,0.0,0.0,0.0,0.6806462125801804,0,0,0,0,0,0
image_798.png,surface,0.0,0.0,1.1536397588786795,-0.3310880948128665,-8.97536541500769,0.0,1.162010975380282,0.9856823634263628,0.0,0.0,0.0,-2.020205401311067,0,0,0,0,0,0
image_799.png,surface,0.0,0.0,3.4786614963896807,16.314997632620287,-8.215284354356825,0.0,0.8612943966451557,1.5155150446071617,0.0,0.0,0.0,2.311046882511413,0,0,0,0,0,0
image_802.png,surface,0.0,0.0,1.190855187002671,9.185045446042196,-16.37195315951777,0.0,1.944007426868172,1.587134087523046,0.0,0.0,0.0,1.2499989375805312,0,0,0,0,0,0
image_803.png,surface,0.0,0.0,2.4267817799339566,-6.802150081136301,16.664484413816194,0.0,-0.0951801922440799,1.2064779340753995,0.0,0.0,0.0,-1.4512364792496264,0,0,0,0,0,0
image_805.png,surface,0.0,0.0,2.111533800136677,-2.279978318023817,-20.849822754147205,0.0,2.388207671104054,0.5401655138646821,0.0,0.0,0.0,-2.491707534057981,0,0,0,0,0,0
image_807.png,surface,0.0,0.0,2.518116526611907,10.786325110813774,16.0153783801071,0.0,2.2182988223470748,1.7414841901497538,0.0,0.0,0.0,-2.9619294163660825,0,0,0,0,0,0
image_808.png,surface,0.0,0.0,2.0937083509780305,6.237161818317854,-2.424717482831353,0.0,-0.6397794134936904,2.304021858180725,0.0,0.0,0.0,0.9394712166737148,0,0,0,0,0,0
image_809.png,surface,0.0,0.0,3.408296730800598,12.484734849551788,1.97554213243878,0.0,-0.0596224678903069,0.8432277013434797,0.0,0.0,0.0,0.9349938953603996,0,0,0,0,0,0
image_810.png,surface,0.0,0.0,0.9014398326491984,-16.105842145497885,2.0278475405080347,0.0,2.2077478491768185,-1.6543829830211982,0.0,0.0,0.0,1.3523249396295407,0,0,0,0,0,0
image_811.png,surface,0.0,0.0,2.0921637474743653,-23.079344569193324,-1.949654708535736,0.0,-1.829608478358962,0.9723492401335984,0.0,0.0,0.0,1.0755105024948657,0,0,0,0,0,0
image_812.png,surface,0.0,0.0,1.4351716689046865,-22.538076149683448,-9.141506419317132,0.0,-1.2612674398393613,1.494521629084225,0.0,0.0,0.0,0.5243411082148821,0,0,0,0,0,0
image_814.png,surface,0.0,0.0,1.1097666214706208,7.34236969061249,-14.620769512450549,0.0,0.1677001862442994,-1.4962710037954126,0.0,0.0,0.0,-1.2151584327730969,0,0,0,0,0,0
image_815.png,surface,0.0,0.0,3.2761773809925385,-18.28825926757863,-2.3470760098556425,0.0,-0.0154502454809029,0.0578351175586041,0.0,0.0,0.0,-0.3932429049355246,0,0,0,0,0,0
image_816.png,surface,0.0,0.0,1.813765451451386,-16.47297267799191,1.5690865889043415,0.0,-0.4760477479255521,-2.8187021888795027,0.0,0.0,0.0,-0.6015655409339775,0,0,0,0,0,0
image_817.png,surface,0.0,0.0,1.7953141425720731,-0.6662123270841307,-5.955727017058013,0.0,-2.1814830649655192,1.8738790151793048,0.0,0.0,0.0,1.661786721121799,0,0,0,0,0,0
image_818.png,surface,0.0,0.0,2.858975129470795,-20.605451779512386,11.517126581356136,0.0,-2.17701501558454,-1.3072531634663076,0.0,0.0,0.0,2.3103956324246298,0,0,0,0,0,0
image_819.png,surface,0.0,0.0,3.2225548091332423,4.386058288434927,-19.50260511653527,0.0,-1.208993795022011,-1.716017269810183,0.0,0.0,0.0,2.699920434734513,0,0,0,0,0,0
image_820.png,surface,0.0,0.0,1.981921286214206,-8.318653067844178,4.786704582259983,0.0,-1.414128672348128,-1.7416104228025808,0.0,0.0,0.0,1.7996826588017232,0,0,0,0,0,0
image_821.png,surface,0.0,0.0,2.8138676849403765,-3.6869271813735662,-10.835584666279262,0.0,1.8486827983052687,1.2981961863886802,0.0,0.0,0.0,-1.3631950102632526,0,0,0,0,0,0
image_822.png,surface,0.0,0.0,0.9318228904775964,-8.504563630815596,19.060822275597072,0.0,-1.9932146246542315,0.1431614746394373,0.0,0.0,0.0,2.831585521553785,0,0,0,0,0,0
image_823.png,surface,0.0,0.0,1.257227333836814,14.870630257046711,-11.62764229394345,0.0,0.8516672018665995,-0.2772451088019455,0.0,0.0,0.0,-0.6219659124338346,0,0,0,0,0,0
image_824.png,surface,0.0,0.0,2.5789709411011947,-6.973011282934306,-16.56497018977275,0.0,0.5426938376631201,1.2267491024527193,0.0,0.0,0.0,0.2750616535210159,0,0,0,0,0,0
image_825.png,surface,0.0,0.0,3.280241326536343,1.2731567762465237,21.793412928159057,0.0,1.3803540454540233,0.5199577059026304,0.0,0.0,0.0,-0.4416299811743149,0,0,0,0,0,0
image_826.png,surface,0.0,0.0,0.8516262331374216,5.022683345538781,-7.905260054518552,0.0,-1.5507894989513658,1.5005204121387816,0.0,0.0,0.0,-0.9945775827933864,0,0,0,0,0,0
image_827.png,surface,0.0,0.0,0.9031615810562166,-9.602693146386668,0.0312036992670691,0.0,2.374098749900304,1.5311085194556135,0.0,0.0,0.0,-2.6948331557738667,0,0,0,0,0,0
image_828.png,surface,0.0,0.0,3.425681711486136,-19.77607128031456,10.88232059354931,0.0,-0.7283996292924836,1.98360730445908,0.0,0.0,0.0,-1.187726999847437,0,0,0,0,0,0
image_829.png,surface,0.0,0.0,0.7737090775947684,4.015279636913565,18.440787943478632,0.0,0.4984302722166159,-1.6181360838207126,0.0,0.0,0.0,-1.3869355432235777,0,0,0,0,0,0
image_830.png,surface,0.0,0.0,0.6286876918520483,-15.509718368955406,14.52456909549739,0.0,1.4316548755637082,1.690986163105807,0.0,0.0,0.0,0.067402704293094,0,0,0,0,0,0
image_831.png,surface,0.0,0.0,2.0952630063281825,-8.557866082806026,-6.601381864212361,0.0,0.4228331227913343,-1.7987982582780373,0.0,0.0,0.0,2.54766652327328,0,0,0,0,0,0
image_832.png,surface,0.0,0.0,1.1732339628520358,-2.742532603326921,2.4387501578183297,0.0,0.7625134865545871,0.115452602643137,0.0,0.0,0.0,-1.579294282893537,0,0,0,0,0,0
image_833.png,surface,0.0,0.0,1.392879703050229,-18.16814416527089,3.4572875494125013,0.0,2.124921956277219,-0.4187496670516075,0.0,0.0,0.0,0.5428979127382352,0,0,0,0,0,0
image_834.png,surface,0.0,0.0,2.353681080143492,10.60163544385026,19.325952468749115,0.0,0.9986374227171412,2.481560043015634,0.0,0.0,0.0,-0.9285540878142472,0,0,0,0,0,0
image_835.png,surface,0.0,0.0,1.5537393099991064,-6.629907455541719,0.0820623994398863,0.0,0.365311848565691,-1.923336086715216,0.0,0.0,0.0,1.2668665756807798,0,0,0,0,0,0
image_837.png,surface,0.0,0.0,1.1846630945129322,-1.52638069497479,-14.467797117355929,0.0,-1.2000723848449484,-1.7751254574685995,0.0,0.0,0.0,-2.085252130741255,0,0,0,0,0,0
image_838.png,surface,0.0,0.0,3.0958262154674543,16.763443223012604,8.832907848319806,0.0,-1.1516570581999748,1.5121340036962378,0.0,0.0,0.0,1.0196520948141092,0,0,0,0,0,0
image_839.png,surface,0.0,0.0,3.125668307892859,-14.311120249462212,-4.088990470689344,0.0,-1.3171911458687569,1.5938368971530974,0.0,0.0,0.0,1.548777683104566,0,0,0,0,0,0
image_840.png,surface,0.0,0.0,1.812759197056507,-10.591965881581912,10.902891792218908,0.0,0.4386715805214808,0.1454214601608482,0.0,0.0,0.0,2.683211817885435,0,0,0,0,0,0
image_841.png,surface,0.0,0.0,3.492008931137247,-3.2898659561137085,8.08080616638249,0.0,1.1805691922076276,-2.7036273925522667,0.0,0.0,0.0,-2.0612364162149106,0,0,0,0,0,0
image_842.png,surface,0.0,0.0,1.3484008997225736,11.983814746346098,-4.915055290971925,0.0,-0.1869608003460285,-2.1978360342330583,0.0,0.0,0.0,2.649272691215633,0,0,0,0,0,0
image_843.png,surface,0.0,0.0,0.7731912116912392,11.07759211234155,-13.477806208654927,0.0,0.9916250380387254,1.7156317277895716,0.0,0.0,0.0,1.2486946713015952,0,0,0,0,0,0
image_846.png,surface,0.0,0.0,1.922491264664407,20.51109463855517,-9.06547680887166,0.0,1.166692566278015,-1.966616646040113,0.0,0.0,0.0,-1.26428277419597,0,0,0,0,0,0
image_847.png,surface,0.0,0.0,3.0104113740898355,1.819076099819094,1.3280454711426437,0.0,-0.1363311035699466,-1.3098700056871468,0.0,0.0,0.0,-2.3503227715489,0,0,0,0,0,0
image_848.png,surface,0.0,0.0,1.759121227478253,14.136132243848731,-11.622976291721908,0.0,1.6058452517878208,0.2624298391632153,0.0,0.0,0.0,1.5372818469003464,0,0,0,0,0,0
image_849.png,surface,0.0,0.0,1.1119771071013398,-15.262218583890736,-7.95240628131758,0.0,-1.7211482290116622,0.8364851587788651,0.0,0.0,0.0,2.0830438805149702,0,0,0,0,0,0
image_850.png,surface,0.0,0.0,1.266966651703755,1.6077436377203702,-20.58747694908005,0.0,-0.3719425511100899,0.0692696352106034,0.0,0.0,0.0,2.901359086795079,0,0,0,0,0,0
image_852.png,surface,0.0,0.0,2.4866381123903807,8.813111099119164,6.773226409046812,0.0,-0.8677611342773118,-1.8263719809678511,0.0,0.0,0.0,1.7677365029725642,0,0,0,0,0,0
image_853.png,surface,0.0,0.0,0.9839355988250744,-0.8217114951602119,-8.991199036575077,0.0,-2.533979604879041,-0.4628272729614872,0.0,0.0,0.0,-2.173059364393921,0,0,0,0,0,0
image_854.png,surface,0.0,0.0,1.889580382248491,2.392454164615759,-3.867482674402608,0.0,0.3120392030473859,2.5497702765426844,0.0,0.0,0.0,-1.838438293397073,0,0,0,0,0,0
image_855.png,surface,0.0,0.0,2.343781380036244,-11.52093052124103,-0.9190328392767692,0.0,-1.1456092267099165,1.2534338890087224,0.0,0.0,0.0,-1.138117462110663,0,0,0,0,0,0
image_858.png,surface,0.0,0.0,0.5188773581710582,-9.582618676577283,12.110998538135114,0.0,-1.1486952384196414,-2.74041050320696,0.0,0.0,0.0,-2.464676058996805,0,0,0,0,0,0
image_859.png,surface,0.0,0.0,1.3431930497676876,9.229195759755246,16.0087821554448,0.0,-1.9293008273721728,0.8643239633953461,0.0,0.0,0.0,-1.4255896423221128,0,0,0,0,0,0
image_860.png,surface,0.0,0.0,2.2237721362371805,-10.795400227205004,9.007343463557472,0.0,-0.795663713257251,2.01375292107412,0.0,0.0,0.0,0.7581985863491765,0,0,0,0,0,0
image_861.png,surface,0.0,0.0,2.116699261310314,19.622939957308272,-7.902287910251992,0.0,-1.708402110552402,-1.4622745548202722,0.0,0.0,0.0,1.881624026164313,0,0,0,0,0,0
image_862.png,surface,0.0,0.0,0.8122405908321388,-21.4039289428442,10.514035220870044,0.0,-1.6303925373915331,1.7003972684582571,0.0,0.0,0.0,2.720401986312625,0,0,0,0,0,0
image_863.png,surface,0.0,0.0,1.0256483303828143,14.834766912822142,9.768208584109413,0.0,-0.6465958003452098,-2.4633341504783965,0.0,0.0,0.0,-0.4204834137488178,0,0,0,0,0,0
image_864.png,surface,0.0,0.0,2.7588761691907018,10.299533096079497,16.872291744432594,0.0,2.831790097220842,0.6012588593957944,0.0,0.0,0.0,0.8219127197314311,0,0,0,0,0,0
image_866.png,surface,0.0,0.0,2.419902112923129,-6.852926669939167,-19.97849476337472,0.0,2.163143190519248,1.7388996433724886,0.0,0.0,0.0,-0.7622187572529762,0,0,0,0,0,0
image_867.png,surface,0.0,0.0,2.9502566626631146,7.260980189401454,-2.420601664136473,0.0,-2.585349980116813,0.8916015958142017,0.0,0.0,0.0,-2.1914346169595853,0,0,0,0,0,0
image_869.png,surface,0.0,0.0,1.441848249765817,9.8035679821786,8.72714313203004,0.0,-0.5847483104531015,0.2881492791707609,0.0,0.0,0.0,1.89163585569194,0,0,0,0,0,0
image_871.png,surface,0.0,0.0,0.8911750863588197,-1.966172872909849,-19.530473526672843,0.0,0.5941975113651047,-0.3860114318180419,0.0,0.0,0.0,0.8545239728627347,0,0,0,0,0,0
image_872.png,surface,0.0,0.0,1.3162316974984316,11.443834977471468,0.8077484768885015,0.0,-1.2478250067104113,0.1034922075153013,0.0,0.0,0.0,2.34136745866803,0,0,0,0,0,0
image_873.png,surface,0.0,0.0,2.465391207434914,-9.67942564234451,-21.649595552034057,0.0,-0.0369179488352311,1.615554386489846,0.0,0.0,0.0,1.888188109901499,0,0,0,0,0,0
image_874.png,surface,0.0,0.0,0.6233330034254183,4.579538360929499,8.280121713347452,0.0,-2.174336700580026,-1.2423981085347693,0.0,0.0,0.0,1.9269677311201123,0,0,0,0,0,0
image_875.png,surface,0.0,0.0,0.5025528022741628,0.6453320274345017,9.000835324921322,0.0,0.4903776410375695,-2.620670492319362,0.0,0.0,0.0,1.1048881963414834,0,0,0,0,0,0
image_876.png,surface,0.0,0.0,3.16121727061119,-6.418503677345014,-15.417275081189498,0.0,1.848424175415244,0.9998516105341888,0.0,0.0,0.0,-1.39845186307899,0,0,0,0,0,0
image_877.png,surface,0.0,0.0,3.3929864457901293,11.633072366177949,-4.331857247199136,0.0,-0.4071790274382362,2.8774922040537,0.0,0.0,0.0,-2.170471165566426,0,0,0,0,0,0
image_878.png,surface,0.0,0.0,3.2168379875933906,17.832331088425732,-3.698469088458038,0.0,1.1012265919754969,-1.7152934814355032,0.0,0.0,0.0,1.2730548866007538,0,0,0,0,0,0
image_879.png,surface,0.0,0.0,1.14638469060892,-9.33626347862974,13.791256997627656,0.0,-1.0083632034591767,-1.2510965967240812,0.0,0.0,0.0,-2.658792278823367,0,0,0,0,0,0
image_880.png,surface,0.0,0.0,2.7639734107620737,-5.751534455255961,23.484808934144155,0.0,-1.1707760232622026,1.0485411002657756,0.0,0.0,0.0,0.6205323112043284,0,0,0,0,0,0
image_881.png,surface,0.0,0.0,1.8694040018996287,-3.389005355046062,-6.823513588244123,0.0,-0.2017946133205345,-0.8728279221160011,0.0,0.0,0.0,2.368977696634424,0,0,0,0,0,0
image_882.png,surface,0.0,0.0,0.7128316031372948,-3.060329591457822,6.606238828494012,0.0,-0.3145611223225704,-0.7482312356067786,0.0,0.0,0.0,-0.0870254530127052,0,0,0,0,0,0
image_883.png,surface,0.0,0.0,2.8849584353097795,-4.423914879721891,14.042321415483592,0.0,2.166900718471898,1.925879043858536,0.0,0.0,0.0,1.752962651531358,0,0,0,0,0,0
image_884.png,surface,0.0,0.0,2.9245242700472103,20.855832160260224,5.587878086432199,0.0,0.5364878596796503,0.388556806362311,0.0,0.0,0.0,0.9218965698936056,0,0,0,0,0,0
image_885.png,surface,0.0,0.0,2.6659325214966683,9.726904886865263,-22.8872017136138,0.0,2.578137133964576,-0.7364825272765861,0.0,0.0,0.0,-2.171313893698758,0,0,0,0,0,0
image_886.png,surface,0.0,0.0,3.4896522497708355,8.99989748733196,-5.650900000628687,0.0,-1.6435695891778637,-1.3043734884264604,0.0,0.0,0.0,-0.914007692471781,0,0,0,0,0,0
image_887.png,surface,0.0,0.0,3.476351404857964,-7.360112761150736,4.888706526312224,0.0,0.8503098725746849,-0.7874473583339026,0.0,0.0,0.0,-1.4576585285955057,0,0,0,0,0,0
image_888.png,surface,0.0,0.0,1.038261207342241,3.885956106365082,-0.5356231848548986,0.0,-1.472168767392739,-1.7109773889915858,0.0,0.0,0.0,-2.359040825664709,0,0,0,0,0,0
image_889.png,surface,0.0,0.0,2.886237391198881,1.5513394717004076,-1.1108089546877922,0.0,-2.6136001849781905,-0.4367978919542903,0.0,0.0,0.0,-1.1243624772400722,0,0,0,0,0,0
image_890.png,surface,0.0,0.0,2.479472292748309,-5.915095826685554,-12.210591791628229,0.0,-0.5430892016277609,1.163361434638761,0.0,0.0,0.0,-2.9630313296334414,0,0,0,0,0,0
image_891.png,surface,0.0,0.0,2.679403810049934,-21.64736608027188,4.6409050292190575,0.0,-1.505165959402759,2.3583609378784707,0.0,0.0,0.0,-1.6885264381533704,0,0,0,0,0,0
image_892.png,surface,0.0,0.0,3.472701505857276,20.55750634379014,12.71329554591729,0.0,1.564569720436798,1.8682008900556784,0.0,0.0,0.0,1.222943476734554,0,0,0,0,0,0
image_893.png,surface,0.0,0.0,3.009857750781671,10.564978220900196,-22.68589778767937,0.0,0.3359937207467894,-2.540624599795477,0.0,0.0,0.0,-1.5055072401271985,0,0,0,0,0,0
image_894.png,surface,0.0,0.0,1.6745518788351597,23.969313827079908,-1.4549137039752404,0.0,1.1871171033894954,0.1164153590868074,0.0,0.0,0.0,-2.2282333373602494,0,0,0,0,0,0
image_896.png,surface,0.0,0.0,3.125496428423478,-17.651376646904215,12.08723445550306,0.0,-2.59244378635256,0.3676473891153389,0.0,0.0,0.0,-0.4073142803523644,0,0,0,0,0,0
image_897.png,surface,0.0,0.0,2.618700731453636,-8.394662928926065,7.838129305845864,0.0,2.6768539926733625,-1.3158028648315585,0.0,0.0,0.0,-0.594265587063664,0,0,0,0,0,0
image_898.png,surface,0.0,0.0,3.310877998841036,-1.627891915347043,11.923612718558598,0.0,1.677593347167776,-0.6676010656962273,0.0,0.0,0.0,2.381749210102507,0,0,0,0,0,0
image_900.png,surface,0.0,0.0,2.6397686957517337,-19.324096040069183,15.116212022651936,0.0,-2.567413063808301,-1.2987325781976693,0.0,0.0,0.0,1.155836475895086,0,0,0,0,0,0
image_901.png,surface,0.0,0.0,0.512261884169444,11.351221027876704,22.395627783995085,0.0,1.3941001225455558,-0.9762630629397936,0.0,0.0,0.0,0.8264725786490681,0,0,0,0,0,0
image_903.png,surface,0.0,0.0,2.6710671983087604,9.654615901921328,6.133588356971632,0.0,-0.8228804025886071,1.5926592284708034,0.0,0.0,0.0,-0.860285103462366,0,0,0,0,0,0
image_905.png,surface,0.0,0.0,3.103754822518979,23.164492282957067,6.48986009682954,0.0,-2.829539207746313,0.200027467605313,0.0,0.0,0.0,1.3438943481072654,0,0,0,0,0,0
image_906.png,surface,0.0,0.0,1.9552034219137853,8.20005729990396,14.268911603278667,0.0,2.100342225072725,0.9674650110669004,0.0,0.0,0.0,-2.5463348819194733,0,0,0,0,0,0
image_908.png,surface,0.0,0.0,2.148335077608988,14.974454176655648,-12.086002966773858,0.0,-0.730157106397387,-2.1743371734142154,0.0,0.0,0.0,1.9631804365830463,0,0,0,0,0,0
image_909.png,surface,0.0,0.0,3.21654730303507,-13.021567606464089,-3.5362780588660927,0.0,1.9108933952114355,1.952530167019032,0.0,0.0,0.0,2.439459183398234,0,0,0,0,0,0
image_910.png,surface,0.0,0.0,2.5473465967225226,-1.5094559727282728,6.475074205245053,0.0,1.4798942922804308,-0.3594917758465934,0.0,0.0,0.0,-0.427772019282175,0,0,0,0,0,0
image_911.png,surface,0.0,0.0,3.3502380506164253,-5.588466319231637,8.15008295607329,0.0,-1.7557492747330834,-2.3656524684161675,0.0,0.0,0.0,2.572211375031287,0,0,0,0,0,0
image_912.png,surface,0.0,0.0,1.8428578277024752,-5.036308875729106,20.4412042004066,0.0,0.8278261763851226,0.0888655717883224,0.0,0.0,0.0,1.5474656349318048,0,0,0,0,0,0
image_913.png,surface,0.0,0.0,2.475438476099364,-2.354318460199295,-8.222242509057292,0.0,0.0832988246568202,1.2782259920883334,0.0,0.0,0.0,1.941352551262983,0,0,0,0,0,0
image_916.png,surface,0.0,0.0,2.7337265032487896,12.567927472601593,-2.811115777890276,0.0,2.075471730574995,-1.652449613813778,0.0,0.0,0.0,-1.3113846753846667,0,0,0,0,0,0
image_917.png,surface,0.0,0.0,0.7039750505538158,7.280549446128822,-13.72799792786351,0.0,-1.5391122205302823,-2.5618768387577364,0.0,0.0,0.0,1.86949016593947,0,0,0,0,0,0
image_918.png,surface,0.0,0.0,2.225372535927782,22.45879804412524,3.1730393137431627,0.0,-1.7060033875108072,-2.0874522993336666,0.0,0.0,0.0,1.300284356722342,0,0,0,0,0,0
image_919.png,surface,0.0,0.0,1.03404487511762,16.632498113162157,12.109572728247713,0.0,0.5490971556341756,-1.0115464584569378,0.0,0.0,0.0,0.5443454722034158,0,0,0,0,0,0
image_920.png,surface,0.0,0.0,1.065030678184142,16.29653946090785,-6.016505273839687,0.0,2.6479355976243166,1.2478696711406154,0.0,0.0,0.0,-1.0052791554244982,0,0,0,0,0,0
image_921.png,surface,0.0,0.0,3.439494631886268,-0.8157944717818574,21.281169074266064,0.0,0.5257786281786652,0.43110375463225,0.0,0.0,0.0,-1.529407820200318,0,0,0,0,0,0
image_922.png,surface,0.0,0.0,1.6535620073402306,-16.051139944402504,13.36577480359018,0.0,-0.0711286384078609,-1.5209797478260785,0.0,0.0,0.0,1.4888343253937553,0,0,0,0,0,0
image_923.png,surface,0.0,0.0,2.0588343094417483,-5.012611223241444,-6.60562307715231,0.0,2.426669057052876,-1.3314402363944542,0.0,0.0,0.0,1.5515434469233806,0,0,0,0,0,0
image_924.png,surface,0.0,0.0,2.495341358980553,15.873760788919649,-4.36628395785734,0.0,-2.809178924018729,0.4992113898141809,0.0,0.0,0.0,-2.539436302692464,0,0,0,0,0,0
image_925.png,surface,0.0,0.0,1.994872759589969,16.00062151031267,-7.408632157009507,0.0,2.600406911244294,-0.8027619995756559,0.0,0.0,0.0,-0.1517024898368371,0,0,0,0,0,0
image_926.png,surface,0.0,0.0,2.6776293172150947,-6.420552874386018,9.701270358888396,0.0,-1.118087536626896,0.5002467780189995,0.0,0.0,0.0,-0.1900125845481763,0,0,0,0,0,0
image_928.png,surface,0.0,0.0,2.5301046397094167,-16.49138587487141,8.402318424951625,0.0,-0.6738485032960729,1.8851425243582345,0.0,0.0,0.0,0.6109304544958976,0,0,0,0,0,0
image_929.png,surface,0.0,0.0,1.4731804925577705,-13.27373777683238,-13.667469167817073,0.0,0.3942201753688357,-0.0422474514058821,0.0,0.0,0.0,-0.5672231592540187,0,0,0,0,0,0
image_930.png,surface,0.0,0.0,3.138092290888014,-14.330032146711613,5.851286557175016,0.0,-0.6432405735838751,2.624154956874945,0.0,0.0,0.0,0.8282110267528431,0,0,0,0,0,0
image_931.png,surface,0.0,0.0,0.9302237606862208,0.3901240014548576,-19.34834588759451,0.0,-0.7917444609187249,-1.0034960508418225,0.0,0.0,0.0,0.5672819745376758,0,0,0,0,0,0
image_932.png,surface,0.0,0.0,0.5919303920103929,-6.320300751401519,-7.275113501953665,0.0,0.4191569295375668,-1.3960551741430396,0.0,0.0,0.0,2.226861386025737,0,0,0,0,0,0
image_933.png,surface,0.0,0.0,0.682853283455447,10.836325221068876,-11.050641137290231,0.0,-2.0080490038363963,-1.4314559852009627,0.0,0.0,0.0,-1.6036225175192445,0,0,0,0,0,0
image_934.png,surface,0.0,0.0,2.0665554922978417,-0.1334904506819288,-12.483119946702349,0.0,-0.604183466494295,-2.523886795251461,0.0,0.0,0.0,-0.6222234593440676,0,0,0,0,0,0
image_935.png,surface,0.0,0.0,1.1457460137230526,24.122875223036534,2.887099845244941,0.0,1.4584011474479108,-2.446173794579965,0.0,0.0,0.0,-1.076230953392308,0,0,0,0,0,0
image_937.png,surface,0.0,0.0,0.6665780007445585,-5.502735048732016,-2.208431099140072,0.0,2.5625574696197053,-1.135421753199113,0.0,0.0,0.0,1.3911180537134085,0,0,0,0,0,0
image_938.png,surface,0.0,0.0,1.2044866945076609,-9.354661637108752,-2.532260404336543,0.0,1.8236435073228527,1.1706264738564311,0.0,0.0,0.0,-2.848706936664501,0,0,0,0,0,0
image_939.png,surface,0.0,0.0,2.990724864111505,18.830841097104653,-2.1297195858247044,0.0,-0.5033818270127635,1.554614449147508,0.0,0.0,0.0,2.239466111756609,0,0,0,0,0,0
image_940.png,surface,0.0,0.0,0.6369234767824699,-22.137118642601376,5.315750391387683,0.0,-0.0139951883609766,0.3564169102108175,0.0,0.0,0.0,-0.0502049053183171,0,0,0,0,0,0
image_941.png,surface,0.0,0.0,2.862838450517284,20.36375507352487,0.0593052989725632,0.0,1.6435643518518308,2.197569828072037,0.0,0.0,0.0,-1.18110826107245,0,0,0,0,0,0
image_942.png,surface,0.0,0.0,0.8352951777459316,22.10047889089087,-7.924365615131255,0.0,-1.8964301921379865,0.307889131159999,0.0,0.0,0.0,-0.4334467335629011,0,0,0,0,0,0
image_943.png,surface,0.0,0.0,3.0282770285854204,-17.535400918227126,-8.81452024041506,0.0,0.5196029011918806,-2.8025043896109207,0.0,0.0,0.0,2.32975275758338,0,0,0,0,0,0
image_944.png,surface,0.0,0.0,2.8521265339832493,12.947737822405216,10.218198529342075,0.0,0.2643190401230953,-2.062541027507105,0.0,0.0,0.0,-0.1246354801316149,0,0,0,0,0,0
image_945.png,surface,0.0,0.0,1.1562674347361397,1.3811908372315287,-20.497824249315908,0.0,2.156395566500313,-1.774754909357548,0.0,0.0,0.0,-2.117604539516684,0,0,0,0,0,0
image_946.png,surface,0.0,0.0,1.7059173665180087,-8.106023632298793,-21.079870552491204,0.0,-1.2833233448885828,-1.7841533921009842,0.0,0.0,0.0,0.8305917069629274,0,0,0,0,0,0
image_947.png,surface,0.0,0.0,1.874013681164324,1.4461924411855616,23.45983672012609,0.0,-0.4274888973594457,-1.1607812773028423,0.0,0.0,0.0,-2.789551424478484,0,0,0,0,0,0
image_948.png,surface,0.0,0.0,1.681329557144924,5.341911042802161,-6.336553962807676,0.0,-2.463763876437727,-1.5222852633363586,0.0,0.0,0.0,0.1591496586158829,0,0,0,0,0,0
image_949.png,surface,0.0,0.0,1.1330948667013092,16.99185598821503,14.265212415498118,0.0,0.6587660781079804,-0.0811464175394844,0.0,0.0,0.0,-2.0367295630196365,0,0,0,0,0,0
image_950.png,surface,0.0,0.0,1.1784736103097235,-22.288444655962035,4.006951407142857,0.0,1.3554260820768558,-1.8031185571075967,0.0,0.0,0.0,-0.6179604279924735,0,0,0,0,0,0
image_951.png,surface,0.0,0.0,2.572087597605832,-4.313585571776493,0.00513464801084,0.0,2.155455655089208,1.7426376952266258,0.0,0.0,0.0,2.816046002546216,0,0,0,0,0,0
image_952.png,surface,0.0,0.0,0.9546713757372708,-11.200044894628462,2.97678716994486,0.0,-0.8911806124593153,1.9810493816222663,0.0,0.0,0.0,0.1624691519604368,0,0,0,0,0,0
image_953.png,surface,0.0,0.0,1.3459597743320717,-5.50298069649438,-20.76827573183206,0.0,-1.7604510610014097,-1.2269275907048416,0.0,0.0,0.0,-1.850086132526859,0,0,0,0,0,0
image_954.png,surface,0.0,0.0,0.6890774738842813,-5.879348109879816,-9.576335423914603,0.0,-2.643287616211859,0.7586346239653119,0.0,0.0,0.0,-0.3103687959580377,0,0,0,0,0,0
image_955.png,surface,0.0,0.0,1.154325007505305,4.839191435290456,-15.652389458358575,0.0,-2.170847945016446,0.4521807177664115,0.0,0.0,0.0,1.084775406522022,0,0,0,0,0,0
image_956.png,surface,0.0,0.0,0.6134256509652496,2.116943599810769,13.914899937924588,0.0,-0.3151574759477508,-0.0064155157949288,0.0,0.0,0.0,2.6358269801232206,0,0,0,0,0,0
image_957.png,surface,0.0,0.0,2.595016201386772,-8.385278885388741,-15.496896422857311,0.0,-1.037415384905252,-2.614460912000299,0.0,0.0,0.0,0.3997862624810606,0,0,0,0,0,0
image_958.png,surface,0.0,0.0,1.7132872560560497,4.764700618518752,24.39044676731948,0.0,0.8203054905381398,2.404117705811246,0.0,0.0,0.0,2.5189683910867355,0,0,0,0,0,0
image_959.png,surface,0.0,0.0,1.633004861565723,-13.86648140810546,5.220940826763544,0.0,-2.6449923153534187,-1.1733138146830573,0.0,0.0,0.0,-1.801565503355444,0,0,0,0,0,0
image_960.png,surface,0.0,0.0,1.956914708246848,17.903450998118814,-5.34137905628426,0.0,-1.5870946748319987,0.8422663483322355,0.0,0.0,0.0,2.287811493419065,0,0,0,0,0,0
image_963.png,surface,0.0,0.0,2.2728970154446486,18.758209338950103,13.30516737124704,0.0,-1.6154146216934542,-2.181938550351466,0.0,0.0,0.0,0.7773747870207774,0,0,0,0,0,0
image_965.png,surface,0.0,0.0,1.8859038415361329,17.762287106106598,7.15610016803506,0.0,0.1888682610946289,1.24300775905752,0.0,0.0,0.0,0.5513357370147762,0,0,0,0,0,0
image_966.png,surface,0.0,0.0,2.224767953837648,1.4192131082767887,3.0153601181215195,0.0,0.1380570420128145,-0.123727619396497,0.0,0.0,0.0,-2.728552974620237,0,0,0,0,0,0
image_967.png,surface,0.0,0.0,0.9142819916110048,2.2985836274475617,6.414603505358164,0.0,-1.0100074276542796,-2.815488903906211,0.0,0.0,0.0,1.3474659318126625,0,0,0,0,0,0
image_968.png,surface,0.0,0.0,1.42090981165149,-16.39734068454876,-10.452758717969322,0.0,-0.915029436786986,0.4634085514949378,0.0,0.0,0.0,-2.8794327671566737,0,0,0,0,0,0
image_970.png,surface,0.0,0.0,1.7037794453788644,14.277618176085644,-1.4651211968118962,0.0,-1.5918539293307457,-1.0600450804830988,0.0,0.0,0.0,2.3050603585708656,0,0,0,0,0,0
image_971.png,surface,0.0,0.0,2.647983812835113,-5.706766967921666,-11.335094617007712,0.0,0.5982862161230976,-1.368717891168369,0.0,0.0,0.0,2.457049782891384,0,0,0,0,0,0
image_973.png,surface,0.0,0.0,1.912171132722149,-23.263508689284244,-1.341517185097884,0.0,0.9290525939027408,-2.138281312124739,0.0,0.0,0.0,-1.9799558180596508,0,0,0,0,0,0
image_975.png,surface,0.0,0.0,0.9283079500808956,-2.524545469402062,12.158291803556626,0.0,0.0324720985220705,2.2386869693460505,0.0,0.0,0.0,-2.689730017846212,0,0,0,0,0,0
image_976.png,surface,0.0,0.0,3.1847837409168527,-13.58133612572146,-3.819757654764605,0.0,-0.8184921179694912,0.6009199837705713,0.0,0.0,0.0,2.0172922278913257,0,0,0,0,0,0
image_977.png,surface,0.0,0.0,1.8417376550836693,11.858304499942646,-20.43910424088651,0.0,2.4009226757224966,1.421295625067583,0.0,0.0,0.0,-1.349018683681879,0,0,0,0,0,0
image_978.png,surface,0.0,0.0,1.939520882816804,16.350445122265164,6.863567443745651,0.0,0.8652454795828854,1.509276430078344,0.0,0.0,0.0,0.6120118900949763,0,0,0,0,0,0
image_979.png,surface,0.0,0.0,2.407725218706834,-0.184731254513694,-23.020925981278666,0.0,1.8391572060246653,-0.4057114652425765,0.0,0.0,0.0,2.3518807478881705,0,0,0,0,0,0
image_980.png,surface,0.0,0.0,2.125500713973108,17.71880493310606,-6.330381661477332,0.0,-0.5874461982334765,-0.8958931892065908,0.0,0.0,0.0,2.924329022919613,0,0,0,0,0,0
image_981.png,surface,0.0,0.0,2.969750399439394,-15.433242701352272,-6.002961012395641,0.0,-1.3355270012535132,1.0281612486733769,0.0,0.0,0.0,0.4428736094881946,0,0,0,0,0,0
image_982.png,surface,0.0,0.0,1.059920288820567,-6.538834013262642,10.530980737543937,0.0,-2.596565899295499,-0.0998879255256198,0.0,0.0,0.0,2.7822041270378053,0,0,0,0,0,0
image_984.png,surface,0.0,0.0,1.2904540076925923,8.62703667123782,-15.226605312487584,0.0,-0.5679618787479717,0.4567167395285061,0.0,0.0,0.0,1.2283361504104713,0,0,0,0,0,0
image_985.png,surface,0.0,0.0,3.4934400613082444,9.0961655800103,-18.24351626612661,0.0,-0.826702640718159,2.5788800122833124,0.0,0.0,0.0,0.4671906269168291,0,0,0,0,0,0
image_986.png,surface,0.0,0.0,0.7965932486978056,10.669235585566009,16.302833284316463,0.0,0.2631899896567049,-1.466203371665536,0.0,0.0,0.0,1.1420712432257512,0,0,0,0,0,0
image_987.png,surface,0.0,0.0,2.091355428006466,-1.9157191371372373,0.9252083807024116,0.0,-0.934074543697098,2.12430899861788,0.0,0.0,0.0,-1.6948888066052927,0,0,0,0,0,0
image_988.png,surface,0.0,0.0,2.8201422058288443,6.57255809361681,-4.33428293196009,0.0,-0.6419149275075582,0.609346784609726,0.0,0.0,0.0,2.170800481224969,0,0,0,0,0,0
image_992.png,surface,0.0,0.0,2.156768473063265,-18.00190716628916,-3.885397895978891,0.0,-0.8978943230251266,1.532924924900012,0.0,0.0,0.0,1.6223372753542948,0,0,0,0,0,0
image_993.png,surface,0.0,0.0,1.222360522946401,14.340216516950887,16.600205129702427,0.0,1.833618709505148,2.2188754446923897,0.0,0.0,0.0,2.426573356638386,0,0,0,0,0,0
image_994.png,surface,0.0,0.0,2.059689330599086,4.624754501135793,24.447585676021266,0.0,0.6021271613958,-0.2194866750411808,0.0,0.0,0.0,-1.0935508152460138,0,0,0,0,0,0
image_995.png,surface,0.0,0.0,2.708096547834658,6.026114667317931,0.1922279380413677,0.0,-2.4838592089758635,0.7878998326033508,0.0,0.0,0.0,0.2453710295440907,0,0,0,0,0,0
image_997.png,surface,0.0,0.0,1.3169305923796957,4.69545523782541,-19.31794852694688,0.0,2.0194452669602105,1.610041401514873,0.0,0.0,0.0,2.969468819451004,0,0,0,0,0,0
image_998.png,surface,0.0,0.0,2.9662790748205614,-19.769678595389543,11.420872429056264,0.0,1.3098228774326803,2.4687413767206534,0.0,0.0,0.0,0.5293432779161811,0,0,0,0,0,0
image_999.png,surface,0.0,0.0,2.987344665148348,-1.1622202873028926,-6.679945332424281,0.0,-2.490648113940773,0.3402692381645147,0.0,0.0,0.0,-0.4523105559738525,0,0,0,0,0,0
image_1000.png,surface,0.0,0.0,2.151943673955391,20.33345762589806,-4.0806617518292265,0.0,1.3642050074086576,0.5309349007248797,0.0,0.0,0.0,2.409796172896748,0,0,0,0,0,0
image_1001.png,surface,0.0,0.0,2.3046800089269346,-6.21050916989195,24.01277723476428,0.0,0.2080666508571066,-0.7243534079178526,0.0,0.0,0.0,-0.7844620574298271,0,0,0,0,0,0
image_1003.png,surface,0.0,0.0,2.8464119883155314,-13.523330126079644,-3.4525606189994864,0.0,-2.617258802079512,0.6669125441299583,0.0,0.0,0.0,-0.1385713883213317,0,0,0,0,0,0
image_1004.png,surface,0.0,0.0,3.161234592756621,-19.208830781594365,12.461264604360611,0.0,1.6302957248723278,-0.9035940150380024,0.0,0.0,0.0,-2.506593860635004,0,0,0,0,0,0
image_1005.png,surface,0.0,0.0,0.5060357614147644,-13.359139551297051,-16.156364736273048,0.0,2.0201802003988014,-0.9782064536890944,0.0,0.0,0.0,-1.574043807978101,0,0,0,0,0,0
image_1006.png,surface,0.0,0.0,3.4208809888518354,-3.4812181582742223,11.764627628009958,0.0,2.298588394846807,-1.4775472406451318,0.0,0.0,0.0,-2.49901334871498,0,0,0,0,0,0
image_1007.png,surface,0.0,0.0,1.5323622109187447,-4.059843842969763,-17.690533576313282,0.0,-0.4988023912895598,-1.8204976531053765,0.0,0.0,0.0,-0.7334882408083128,0,0,0,0,0,0
image_1008.png,surface,0.0,0.0,1.697382025016577,3.5917087670749424,2.6438729961704417,0.0,2.7008946572028054,-0.3736722912279411,0.0,0.0,0.0,-1.613073963123887,0,0,0,0,0,0
image_1009.png,surface,0.0,0.0,1.6030496013250477,7.926556274696378,14.344978337942374,0.0,2.7937151669730103,0.7596872058360277,0.0,0.0,0.0,2.39540430946923,0,0,0,0,0,0
image_1010.png,surface,0.0,0.0,3.033090149986662,5.66124204356913,11.195059636261238,0.0,1.790652885673064,0.8716667345622805,0.0,0.0,0.0,-1.965367234845416,0,0,0,0,0,0
image_1011.png,surface,0.0,0.0,2.710377916821509,-5.814231292211466,23.295465513121684,0.0,1.7677874764406698,2.35596460899205,0.0,0.0,0.0,0.5163637955789202,0,0,0,0,0,0
image_1012.png,surface,0.0,0.0,1.0367326777843406,4.502610047857188,0.4972849371393122,0.0,-1.239049545420666,-0.4462794866120387,0.0,0.0,0.0,-2.824082385264202,0,0,0,0,0,0
image_1013.png,surface,0.0,0.0,1.7242806672738218,-16.193015321050577,16.46441113644284,0.0,0.3785114398259737,0.7456898634804202,0.0,0.0,0.0,-1.6730165369695806,0,0,0,0,0,0
image_1014.png,surface,0.0,0.0,0.5081801946860551,23.428840804416165,7.392850434161893,0.0,2.463211343914797,-0.1348195093073691,0.0,0.0,0.0,1.562579950228514,0,0,0,0,0,0
image_1015.png,surface,0.0,0.0,2.9093399637093937,-11.790021840513546,-14.940410170284126,0.0,0.4474276063307003,-2.5065827208268106,0.0,0.0,0.0,-1.4512262985115398,0,0,0,0,0,0
image_1016.png,surface,0.0,0.0,1.2088414286582791,-5.477790428332986,-7.974766716641409,0.0,0.3867143440266132,2.193325511711412,0.0,0.0,0.0,-2.161118900091221,0,0,0,0,0,0
image_1017.png,surface,0.0,0.0,0.7490500708802672,-7.964128091328527,8.562654058841806,0.0,1.7378162505025816,-1.79019104245601,0.0,0.0,0.0,-2.2467427073570265,0,0,0,0,0,0
image_1018.png,surface,0.0,0.0,2.482306906053584,-11.526957773044115,8.813720432899347,0.0,-2.32278504173202,-0.0604425131735692,0.0,0.0,0.0,-0.173880466935949,0,0,0,0,0,0
image_1019.png,surface,0.0,0.0,1.1572868185147116,0.4345132348141102,-13.204641441135852,0.0,-2.107561259287131,0.971006955362783,0.0,0.0,0.0,-0.6261661948608523,0,0,0,0,0,0
image_1020.png,surface,0.0,0.0,2.1470230510394512,17.165802578940003,-17.327293689232622,0.0,1.8308324652115795,2.3461490355764814,0.0,0.0,0.0,0.9197293524337348,0,0,0,0,0,0
image_1021.png,surface,0.0,0.0,0.9836147128106084,-22.67761909363461,-7.117254822984265,0.0,0.7453618229703917,-0.6474202274170178,0.0,0.0,0.0,0.3611649681977669,0,0,0,0,0,0
image_1022.png,surface,0.0,0.0,2.8703250582937887,6.8528852936396,-17.497361360385668,0.0,0.2362172595953648,-0.7578106880019987,0.0,0.0,0.0,-2.530984584758939,0,0,0,0,0,0
image_1023.png,surface,0.0,0.0,3.445920575663564,18.591928351432184,10.13901777415916,0.0,-0.7516845686499152,1.5722452145219452,0.0,0.0,0.0,-2.837019262209468,0,0,0,0,0,0
image_1025.png,surface,0.0,0.0,3.024237832617042,18.99881895392484,2.6612250780196427,0.0,-0.6581520702263035,-0.0925726566606193,0.0,0.0,0.0,2.435739263943732,0,0,0,0,0,0
image_1026.png,surface,0.0,0.0,1.9693686562331547,-0.3327501612858803,-4.643992685631225,0.0,-0.8287081982962212,-2.4482789272220016,0.0,0.0,0.0,-1.1831110902227164,0,0,0,0,0,0
image_1028.png,surface,0.0,0.0,2.0639227851255817,12.443522751426404,-6.554372336426408,0.0,-1.0791786690689014,-0.8020624301601869,0.0,0.0,0.0,2.231583438982657,0,0,0,0,0,0
image_1031.png,surface,0.0,0.0,1.5211753616113484,4.332622316766728,-3.7264882969186175,0.0,1.1778700773686444,-0.6328552268903991,0.0,0.0,0.0,-1.6802545901388282,0,0,0,0,0,0
image_1032.png,surface,0.0,0.0,2.772476499729717,5.620844910166535,-12.260735350027074,0.0,-1.5709031706952743,-2.3601649881478384,0.0,0.0,0.0,-1.9932747703226097,0,0,0,0,0,0
image_1033.png,surface,0.0,0.0,0.8969180301340729,-20.417697529587013,-10.273160382114291,0.0,-0.0922869500312467,-0.5610975110927083,0.0,0.0,0.0,2.9770709107845112,0,0,0,0,0,0
image_1034.png,surface,0.0,0.0,1.6655097576736675,-11.20285032208526,-3.623112156578101,0.0,-1.2908154936624887,-2.0540270681244124,0.0,0.0,0.0,0.9478092801370536,0,0,0,0,0,0
image_1036.png,surface,0.0,0.0,1.044566915884014,17.645680975211842,-5.879742798057636,0.0,-2.5586323678795586,-0.4306967796761226,0.0,0.0,0.0,-0.1440073333494176,0,0,0,0,0,0
image_1037.png,surface,0.0,0.0,1.0933100893527783,19.37187845399036,3.280045305131845,0.0,-0.2690584899186172,2.562447805281668,0.0,0.0,0.0,-0.9986139787373424,0,0,0,0,0,0
image_1038.png,surface,0.0,0.0,1.2360226451467913,-2.517825758516819,23.997667866450755,0.0,-0.8413255678259107,-1.4012198813838548,0.0,0.0,0.0,-2.4602524975387223,0,0,0,0,0,0
image_1039.png,surface,0.0,0.0,2.7283893398659385,12.016027956598114,11.69004377777017,0.0,-1.712285120352116,1.8767164710160544,0.0,0.0,0.0,1.593039052170008,0,0,0,0,0,0
image_1041.png,surface,0.0,0.0,0.8814658845673962,8.115932668249481,-6.3496122080592965,0.0,2.45939159142348,-1.235783814655569,0.0,0.0,0.0,-0.0766554493107252,0,0,0,0,0,0
image_1042.png,surface,0.0,0.0,2.1438198205335417,17.062935230919305,-1.548450126675626,0.0,-2.890834412592167,0.0677642838239631,0.0,0.0,0.0,0.577926311032066,0,0,0,0,0,0
image_1043.png,surface,0.0,0.0,0.9413113246399883,-5.430502535985869,-15.1961977629104,0.0,-1.364367465672254,-0.4369946810830755,0.0,0.0,0.0,1.8212598803289808,0,0,0,0,0,0
image_1046.png,surface,0.0,0.0,1.7867194494487308,11.851751265041422,-10.820393976320895,0.0,2.3424889544264933,1.0705817229523902,0.0,0.0,0.0,-2.137519217815936,0,0,0,0,0,0
image_1048.png,surface,0.0,0.0,2.49257731114614,18.73035337956523,-15.64637199621366,0.0,-1.3570502615695967,-0.1765981154407449,0.0,0.0,0.0,-2.290285499052408,0,0,0,0,0,0
image_1050.png,surface,0.0,0.0,1.189149258868547,3.653921036410986,4.823214745683774,0.0,-2.5430187432306792,1.31824079960554,0.0,0.0,0.0,0.129910984706584,0,0,0,0,0,0
image_1051.png,surface,0.0,0.0,0.7889099165006686,-10.90497102931342,4.1918175151064965,0.0,-0.3059963989710257,-1.8441366567270845,0.0,0.0,0.0,0.145474493665386,0,0,0,0,0,0
image_1053.png,surface,0.0,0.0,1.152015590608609,3.971472074207096,-12.029186004149851,0.0,-1.3432246801343175,-1.835799606511328,0.0,0.0,0.0,-0.1510953667151082,0,0,0,0,0,0
image_1054.png,surface,0.0,0.0,1.6314515485734624,-0.1096223205852015,18.111443755669203,0.0,1.1450685877120756,-2.759704230970696,0.0,0.0,0.0,-2.075194641196247,0,0,0,0,0,0
image_1056.png,surface,0.0,0.0,1.247126176407795,-1.146762891724741,-15.362583665418878,0.0,1.0493415376650523,-0.3500166904225696,0.0,0.0,0.0,1.3743039345150727,0,0,0,0,0,0
image_1057.png,surface,0.0,0.0,2.453008430880933,-4.438570040512216,14.551563476716192,0.0,0.97390805646597,-0.3505012290739226,0.0,0.0,0.0,0.1113067705873471,0,0,0,0,0,0
image_1058.png,surface,0.0,0.0,0.8694134427766684,14.398232850999351,-10.483111167239976,0.0,2.70799907836804,-0.6139067091650154,0.0,0.0,0.0,-1.0400144397035636,0,0,0,0,0,0
image_1059.png,surface,0.0,0.0,2.4840661525976504,-7.546734050025553,-11.737788904219904,0.0,1.1437297795305714,1.7483985077015116,0.0,0.0,0.0,0.4488005954233678,0,0,0,0,0,0
image_1060.png,surface,0.0,0.0,3.0812624998777687,19.024241745934205,1.7686707546853897,0.0,2.119894704475268,1.8750837762838943,0.0,0.0,0.0,-0.7314962185644154,0,0,0,0,0,0
image_1062.png,surface,0.0,0.0,0.9721875473682612,-10.957931223787908,15.69959046755254,0.0,-1.8033047501077912,1.2459833527982027,0.0,0.0,0.0,0.3334291311134265,0,0,0,0,0,0
image_1063.png,surface,0.0,0.0,1.9019979572576853,19.59156628222205,-15.4203943237735,0.0,-0.0814451514464023,0.5926471016993203,0.0,0.0,0.0,-0.2635533141128805,0,0,0,0,0,0
image_1065.png,surface,0.0,0.0,2.6897786009345985,14.47232248004361,-3.652481925814482,0.0,0.3261123534792469,-2.4797196959484187,0.0,0.0,0.0,1.9186378978435883,0,0,0,0,0,0
image_1066.png,surface,0.0,0.0,3.09915913544099,13.100217237077176,-6.480942418746283,0.0,-0.2487316326707482,-2.210277307208869,0.0,0.0,0.0,2.8591958066071683,0,0,0,0,0,0
image_1067.png,surface,0.0,0.0,1.6606790369802336,19.64449966540855,11.65675667165442,0.0,-0.8692543226523242,0.3374830995809552,0.0,0.0,0.0,-2.0375163075652694,0,0,0,0,0,0
image_1068.png,surface,0.0,0.0,1.9970379930314328,7.308263364891148,-10.747263334236768,0.0,-2.585687206141471,-0.8200534571411159,0.0,0.0,0.0,-1.5156606881573975,0,0,0,0,0,0
image_1070.png,surface,0.0,0.0,1.787041132536639,19.588204316586346,-8.141867264727784,0.0,-1.996350592276556,1.7339254933226416,0.0,0.0,0.0,-2.20617495627202,0,0,0,0,0,0
image_1071.png,surface,0.0,0.0,2.510503111709199,-8.873202324352537,-6.1291592337026,0.0,-2.221387933889317,-0.0904273132549794,0.0,0.0,0.0,0.9669151738569276,0,0,0,0,0,0
image_1073.png,surface,0.0,0.0,2.624019440915829,16.247653765116798,16.84914848792716,0.0,0.8007228666089787,-0.2796319403850056,0.0,0.0,0.0,1.765750683137223,0,0,0,0,0,0
image_1076.png,surface,0.0,0.0,2.1470659940896915,-9.741573979803777,7.165756562661183,0.0,-2.635568860744086,1.1452342807518283,0.0,0.0,0.0,0.609231170347571,0,0,0,0,0,0
image_1077.png,surface,0.0,0.0,2.2944466812131696,-0.7223423554641678,-1.7361421772070549,0.0,1.5125826655250412,-0.0400193974954903,0.0,0.0,0.0,2.594457235246532,0,0,0,0,0,0
image_1078.png,surface,0.0,0.0,3.137174607814376,-3.218145897551048,-1.8221900507053104,0.0,-1.3861749629373985,2.178803727550696,0.0,0.0,0.0,-0.1746983336143279,0,0,0,0,0,0
image_1079.png,surface,0.0,0.0,2.530613566237681,-12.874862512495142,0.15306811916477,0.0,-2.5151605043916256,1.4610983865148952,0.0,0.0,0.0,-0.7385684442242288,0,0,0,0,0,0
image_1081.png,surface,0.0,0.0,3.409779775752181,15.677630701741492,4.436504256087509,0.0,-2.085009555140406,-0.2159360502504692,0.0,0.0,0.0,-0.6331549905348623,0,0,0,0,0,0
image_1083.png,surface,0.0,0.0,1.06284069025382,0.4474550155415708,-12.25254092710974,0.0,-1.3173679659723947,-0.8663813433256904,0.0,0.0,0.0,2.0395741363037887,0,0,0,0,0,0
image_1084.png,surface,0.0,0.0,1.4543668792490787,-21.976352851962865,-12.020807903191622,0.0,-0.2437616144434934,2.0515826480904127,0.0,0.0,0.0,2.069287141829183,0,0,0,0,0,0
image_1085.png,surface,0.0,0.0,3.338202030971261,-11.405129400829775,2.7312749251405286,0.0,1.5473022999741952,1.630695073478926,0.0,0.0,0.0,0.5096772273274617,0,0,0,0,0,0
image_1086.png,surface,0.0,0.0,1.1856650772810975,6.169319121774559,-6.9148044100764885,0.0,-1.296991764199632,2.0454308303011453,0.0,0.0,0.0,-2.314057627604717,0,0,0,0,0,0
image_1087.png,surface,0.0,0.0,2.1952837183351805,17.820766763425105,-2.5997721751300604,0.0,1.019028144469839,2.3749556274940486,0.0,0.0,0.0,1.242298333614956,0,0,0,0,0,0
image_1088.png,surface,0.0,0.0,0.8532833914141915,6.27800708946886,-12.645114671425128,0.0,-2.241539889355704,-0.6623774886589231,0.0,0.0,0.0,-0.786748235824704,0,0,0,0,0,0
image_1089.png,surface,0.0,0.0,1.312001611236508,13.659392137106188,-14.846242268223136,0.0,-0.0669115910684716,1.0155490590729122,0.0,0.0,0.0,2.063433006557255,0,0,0,0,0,0
image_1091.png,surface,0.0,0.0,2.6253987887810712,6.078699092064152,-20.6689759948793,0.0,-2.102701739119235,-1.887895194242152,0.0,0.0,0.0,0.91871940782368,0,0,0,0,0,0
image_1093.png,surface,0.0,0.0,2.770953482205904,11.307855141931826,-17.759256832507138,0.0,1.3205231539589066,-1.3307693123683475,0.0,0.0,0.0,0.3584958468618007,0,0,0,0,0,0
image_1094.png,surface,0.0,0.0,1.4106385574845532,8.98054500265707,19.946416146015142,0.0,1.4860683632574807,-1.301492329558659,0.0,0.0,0.0,2.002140283770541,0,0,0,0,0,0
image_1095.png,surface,0.0,0.0,2.7004112663830417,10.218474930412466,2.304250596021809,0.0,1.2474444972682324,-2.279138475401297,0.0,0.0,0.0,-0.9783142095060676,0,0,0,0,0,0
image_1096.png,surface,0.0,0.0,1.5996833462427549,9.414437798705055,-11.84003215962106,0.0,1.378050418492172,-1.4162995168614867,0.0,0.0,0.0,-2.5957811901774184,0,0,0,0,0,0
image_1097.png,surface,0.0,0.0,1.7792031761626512,2.9518065497620656,10.693301654482507,0.0,-2.2424810757055185,-0.2220221752731797,0.0,0.0,0.0,-2.5676303568681,0,0,0,0,0,0
image_1098.png,surface,0.0,0.0,0.877492279711376,-14.881899371961364,-13.403829435175451,0.0,-1.0528883095134232,2.031646895952918,0.0,0.0,0.0,-0.9728359184141252,0,0,0,0,0,0
image_1100.png,surface,0.0,0.0,2.125525521347931,1.5881846230946608,9.863225089356009,0.0,-0.0032871202218858,-0.2872009111507266,0.0,0.0,0.0,-1.9682134519109489,0,0,0,0,0,0
image_1101.png,surface,0.0,0.0,2.4112104603127733,-1.6450445014691182,-15.342340912335567,0.0,0.6086531297203552,-0.3903117422167567,0.0,0.0,0.0,-1.323692680682957,0,0,0,0,0,0
image_1102.png,surface,0.0,0.0,0.7763920109834939,2.856643638233077,-17.65329549042111,0.0,1.96641182422848,0.8798255114245328,0.0,0.0,0.0,2.9407987505509103,0,0,0,0,0,0
image_1103.png,surface,0.0,0.0,0.9182967313651924,-14.45116983386306,-14.22062162521866,0.0,-1.7556930167989249,1.9909785085531488,0.0,0.0,0.0,2.008911592763492,0,0,0,0,0,0
image_1104.png,surface,0.0,0.0,0.5973282530704025,3.037346342077172,-9.64889491760993,0.0,1.3661627082813264,-2.314911087527366,0.0,0.0,0.0,0.5556548863814146,0,0,0,0,0,0
image_1106.png,surface,0.0,0.0,1.1677325626214945,1.5913788122549335,9.826969823553878,0.0,-1.9478813656383016,1.4664890784435212,0.0,0.0,0.0,-2.3422487339754428,0,0,0,0,0,0
image_1108.png,surface,0.0,0.0,0.6956439416498772,-8.292955614002848,-12.13841362333735,0.0,0.1803943250368625,0.5572421760233564,0.0,0.0,0.0,2.007115360922599,0,0,0,0,0,0
image_1111.png,surface,0.0,0.0,0.9288611699714396,13.1519919049864,-17.14863939364613,0.0,0.3961796716110809,2.6743693856010102,0.0,0.0,0.0,2.5968167296104205,0,0,0,0,0,0
image_1112.png,surface,0.0,0.0,3.446987519844741,-16.706334278614708,18.672126602041228,0.0,0.4705620543664797,-2.8574429008149886,0.0,0.0,0.0,0.1373003729819517,0,0,0,0,0,0
image_1113.png,surface,0.0,0.0,2.0128070662488384,12.873600122322678,-3.994304938151322,0.0,0.3841731042420727,2.0144302530332645,0.0,0.0,0.0,1.6538766072485211,0,0,0,0,0,0
image_1114.png,surface,0.0,0.0,1.3825528325892829,-2.458394341126144,-14.247975165408894,0.0,-0.4979182154271522,0.8872504170602205,0.0,0.0,0.0,2.096497235778447,0,0,0,0,0,0
image_1115.png,surface,0.0,0.0,0.6665155143163122,1.9656729686647405,15.965803524671628,0.0,-1.100485138531267,-2.1210215584463348,0.0,0.0,0.0,2.7690557442179253,0,0,0,0,0,0
image_1116.png,surface,0.0,0.0,1.442964932279807,-14.41606256558639,-18.64386333395514,0.0,-1.3630980186319146,-1.4841887040388688,0.0,0.0,0.0,-1.0813581720278442,0,0,0,0,0,0
image_1117.png,surface,0.0,0.0,2.337368693876249,7.503264431966468,-10.614856023616737,0.0,-2.761832764207756,-1.0647942300872717,0.0,0.0,0.0,-0.551653728369927,0,0,0,0,0,0
image_1118.png,surface,0.0,0.0,1.2373187356626278,7.222582698098016,14.66704590016744,0.0,1.3959260415937524,0.0071949680404086,0.0,0.0,0.0,-1.602557984054765,0,0,0,0,0,0
image_1119.png,surface,0.0,0.0,2.2077243528797346,-9.17367366978092,-2.173848795052304,0.0,0.958979723148202,-0.7006217912246729,0.0,0.0,0.0,-1.6736822888302367,0,0,0,0,0,0
image_1120.png,surface,0.0,0.0,1.3348343791866562,4.258424634964148,14.426866213809395,0.0,-1.5105230447527545,-1.778931604572515,0.0,0.0,0.0,-1.7687642012085318,0,0,0,0,0,0
image_1121.png,surface,0.0,0.0,0.6333632822465813,19.7028881376976,10.96163653560929,0.0,1.5814519760784342,-0.8698642773741027,0.0,0.0,0.0,-2.6575396617438,0,0,0,0,0,0
image_1122.png,surface,0.0,0.0,1.7394987857067097,-18.163506188622165,4.808514953392811,0.0,0.3737724879565904,-1.5333202310709666,0.0,0.0,0.0,-1.5166565869423967,0,0,0,0,0,0
image_1124.png,surface,0.0,0.0,1.2376704787099206,-9.257763244595052,-21.075270849063948,0.0,2.656613254605104,-0.1127689261398651,0.0,0.0,0.0,0.948982010055087,0,0,0,0,0,0
image_1125.png,surface,0.0,0.0,2.086915494678116,7.567889860695495,-0.0941867005515277,0.0,0.085677464642987,1.054415292956253,0.0,0.0,0.0,-1.4330995199902137,0,0,0,0,0,0
image_1127.png,surface,0.0,0.0,3.349836403394063,0.2937666522547255,-4.683688129333924,0.0,1.4963030362662997,-2.322717030576129,0.0,0.0,0.0,-2.7739985271124645,0,0,0,0,0,0
image_1128.png,surface,0.0,0.0,2.3636873702457724,9.825205178990704,-21.587360033140744,0.0,0.036879651479525,0.5589716815605767,0.0,0.0,0.0,-2.2187733064140938,0,0,0,0,0,0
image_1129.png,surface,0.0,0.0,1.5744624287861122,10.554005390036297,3.931051516145833,0.0,1.9032871769329471,-0.5454169907082049,0.0,0.0,0.0,1.0401900011554082,0,0,0,0,0,0
image_1130.png,surface,0.0,0.0,1.1430100803367471,16.47189926347634,10.07161618522222,0.0,-1.068654833210777,-1.324828482094694,0.0,0.0,0.0,-0.3307086284050373,0,0,0,0,0,0
image_1131.png,surface,0.0,0.0,2.4953715759331008,-1.6027395599471723,8.164745673041581,0.0,2.712373368808479,-1.0819670274109503,0.0,0.0,0.0,0.5958687756610219,0,0,0,0,0,0
image_1132.png,surface,0.0,0.0,3.260386157445053,-18.439302113485887,-0.6609251121523014,0.0,0.1733980356071069,0.3524960242029989,0.0,0.0,0.0,0.8313469005505647,0,0,0,0,0,0
image_1133.png,surface,0.0,0.0,2.381339332171544,-1.4027244962197687,10.903916762934063,0.0,-0.9867619879592836,-1.1040914697366029,0.0,0.0,0.0,1.0526318885630186,0,0,0,0,0,0
image_1134.png,surface,0.0,0.0,2.98817672793142,-16.620025531904,-15.255824631348531,0.0,0.7038397048278656,0.5653017235708812,0.0,0.0,0.0,-2.490571229531053,0,0,0,0,0,0
image_1135.png,surface,0.0,0.0,2.552686013293913,10.231328512453162,-9.284987855651035,0.0,0.0956850680303459,1.403728329755702,0.0,0.0,0.0,-2.8854471614530537,0,0,0,0,0,0
image_1136.png,surface,0.0,0.0,3.341544513525444,13.169720258473594,-1.705290252578839,0.0,0.2255822902947991,-0.907988039736206,0.0,0.0,0.0,1.2633976284368966,0,0,0,0,0,0
image_1138.png,surface,0.0,0.0,2.818175744477442,5.059024817153194,10.612748926335716,0.0,1.210538083333897,1.1933417859771482,0.0,0.0,0.0,1.5987594069637092,0,0,0,0,0,0
image_1140.png,surface,0.0,0.0,0.6484744014668851,12.499340687210855,-19.91172830578881,0.0,2.835934177436698,0.7975643027472624,0.0,0.0,0.0,1.9355586450938764,0,0,0,0,0,0
image_1141.png,surface,0.0,0.0,0.5397867207607314,3.578398606308878,-21.10588254254269,0.0,-2.209741966332533,0.1920331040413099,0.0,0.0,0.0,-2.1722378506854563,0,0,0,0,0,0
image_1142.png,surface,0.0,0.0,1.7753703950744213,-16.50305447131906,-14.894459388254292,0.0,-1.00825497798544,2.518263683371268,0.0,0.0,0.0,1.147901583435349,0,0,0,0,0,0
image_1143.png,surface,0.0,0.0,2.479923171467844,-19.66764849161997,4.563482905280559,0.0,-1.0666860736300097,-1.826704815677537,0.0,0.0,0.0,0.3770391398329922,0,0,0,0,0,0
image_1144.png,surface,0.0,0.0,3.089817612159277,12.59214497521326,5.319769548312914,0.0,0.1949886886168204,1.9878047921470952,0.0,0.0,0.0,0.2095485605204885,0,0,0,0,0,0
image_1145.png,surface,0.0,0.0,0.5978694791779011,23.41793516665679,7.152739460318199,0.0,0.1049169358503982,-0.9775082131969915,0.0,0.0,0.0,2.0363737847633603,0,0,0,0,0,0
image_1146.png,surface,0.0,0.0,3.3255323039765865,-2.526864593081172,17.12263694717952,0.0,1.5181355449300742,-1.819122390775856,0.0,0.0,0.0,-2.8497617919533704,0,0,0,0,0,0
image_1147.png,surface,0.0,0.0,3.1542815359663328,-18.3482616037556,12.658625622403951,0.0,-2.586992310034941,0.1572454410433991,0.0,0.0,0.0,-2.4701752275588085,0,0,0,0,0,0
image_1148.png,surface,0.0,0.0,3.1208516137937856,11.544808845054968,0.259729133426972,0.0,0.6648477298435649,-0.3521717045118568,0.0,0.0,0.0,-1.283786821010468,0,0,0,0,0,0
image_1149.png,surface,0.0,0.0,2.428009342884357,-3.418897937076006,16.145568642766765,0.0,1.611645808091063,-1.40375973502583,0.0,0.0,0.0,2.987336584297428,0,0,0,0,0,0
image_1150.png,surface,0.0,0.0,1.8999741869927949,12.661212112965226,12.8567338918644,0.0,-0.935669390673762,-1.210461257977799,0.0,0.0,0.0,-2.715222528537307,0,0,0,0,0,0
image_1151.png,surface,0.0,0.0,2.9119818321054782,15.709357740431829,9.668257753782378,0.0,-1.4487751214508835,-2.505919894931798,0.0,0.0,0.0,-1.3330556022908386,0,0,0,0,0,0
image_1152.png,surface,0.0,0.0,1.1185225976444526,8.323910731609814,22.753713031334627,0.0,-0.2805336623287912,2.5853456141333617,0.0,0.0,0.0,-1.252486360359357,0,0,0,0,0,0
image_1154.png,surface,0.0,0.0,1.0180798998366103,-1.4527755826457796,21.21654907131921,0.0,1.5181289874052284,0.4251231929320331,0.0,0.0,0.0,-0.1159038065401771,0,0,0,0,0,0
image_1155.png,surface,0.0,0.0,3.4939454362838176,-17.554725238094573,8.22638159755913,0.0,1.5079665912348477,-0.996658000178364,0.0,0.0,0.0,-1.5665573198270508,0,0,0,0,0,0
image_1156.png,surface,0.0,0.0,1.0765438512928571,5.123773846239735,8.851737349895544,0.0,1.8114613990359785,-1.7450570975343485,0.0,0.0,0.0,-2.445887182474598,0,0,0,0,0,0
image_1157.png,surface,0.0,0.0,2.60225275587266,-8.52231913313038,-1.6787426931564051,0.0,1.2330524844514614,0.5452198915278197,0.0,0.0,0.0,2.1746657770040434,0,0,0,0,0,0
image_1159.png,surface,0.0,0.0,0.5998858547824271,-9.737136895723545,11.63441620652925,0.0,1.1427241924372364,-1.1602727766010956,0.0,0.0,0.0,1.4604676822284697,0,0,0,0,0,0
image_1160.png,surface,0.0,0.0,0.7437906099151541,-14.410951959790689,-19.60877478760636,0.0,-0.967463700929068,-0.5375052392183415,0.0,0.0,0.0,-2.0494769180037924,0,0,0,0,0,0
image_1161.png,surface,0.0,0.0,3.2882850933709245,21.751044762681992,6.3944954890965535,0.0,0.7195906857376564,-1.6386706157262707,0.0,0.0,0.0,1.056402431434195,0,0,0,0,0,0
image_1162.png,surface,0.0,0.0,2.7336280627544896,-1.4848125164173276,-8.055543680591603,0.0,-0.1716456154381781,-1.3870682893240776,0.0,0.0,0.0,-1.3714070935246043,0,0,0,0,0,0
image_1163.png,surface,0.0,0.0,2.1380293547199005,-11.323806917598516,-20.15588437047465,0.0,-2.589028822894363,-0.983461244298578,0.0,0.0,0.0,0.0260355635598603,0,0,0,0,0,0
image_1164.png,surface,0.0,0.0,1.128394407586292,0.1084470656019538,15.917622512852557,0.0,0.85803107331696,1.835691845908256,0.0,0.0,0.0,0.5343544617452558,0,0,0,0,0,0
image_1165.png,surface,0.0,0.0,0.519068418352538,0.3640421554559672,19.982818827808742,0.0,-2.3896967929051383,0.5932892043191216,0.0,0.0,0.0,1.3364551651221577,0,0,0,0,0,0
image_1167.png,surface,0.0,0.0,1.4368958512274426,1.7702743612191407,-9.895464018213024,0.0,0.569847826269493,1.1958603984685483,0.0,0.0,0.0,-1.046015241465304,0,0,0,0,0,0
image_1168.png,surface,0.0,0.0,1.1421217390102814,-11.963960724186784,-19.473960458872924,0.0,1.3175126496077258,-2.5730522850489685,0.0,0.0,0.0,0.4452549832854693,0,0,0,0,0,0
image_1169.png,surface,0.0,0.0,1.0169345813648878,13.533734364150776,9.855068264466174,0.0,0.0110648409561403,-2.3801894720673293,0.0,0.0,0.0,2.763267858464955,0,0,0,0,0,0
image_1170.png,surface,0.0,0.0,2.9263891543443004,13.90569916240301,17.224760422559253,0.0,-0.2539734046167282,-2.3847058729964234,0.0,0.0,0.0,2.2216837566725527,0,0,0,0,0,0
image_1171.png,surface,0.0,0.0,2.3618987185640163,4.74618495648757,-21.37108534140679,0.0,0.0454797915743756,-1.3869482584515087,0.0,0.0,0.0,0.1245802815517733,0,0,0,0,0,0
image_1172.png,surface,0.0,0.0,2.4239023341828854,23.500386923168136,6.346594380225647,0.0,1.6588533627209003,1.6012818585072972,0.0,0.0,0.0,-0.9998800774645308,0,0,0,0,0,0
image_1173.png,surface,0.0,0.0,3.2763117784628566,-21.488278828856707,10.731628326395056,0.0,0.8456397935223986,-2.427840097637802,0.0,0.0,0.0,1.485742421909371,0,0,0,0,0,0
image_1174.png,surface,0.0,0.0,3.1753971307383333,-0.928140471338351,-20.09708567441375,0.0,-1.259792641389726,-0.0643985726954723,0.0,0.0,0.0,0.6728978175400702,0,0,0,0,0,0
image_1175.png,surface,0.0,0.0,2.5413837045720022,-12.435446422350823,15.163754982106116,0.0,-0.6005014029112411,-2.642313960024075,0.0,0.0,0.0,1.7818233456884975,0,0,0,0,0,0
image_1176.png,surface,0.0,0.0,3.383080812078435,8.502608652948242,-21.49365264640308,0.0,-1.6356242051288894,-1.734295504822064,0.0,0.0,0.0,1.9348021369966693,0,0,0,0,0,0
image_1177.png,surface,0.0,0.0,1.1868830243489588,18.55593766516675,10.668885542750637,0.0,-1.96626959910466,1.7834874152675209,0.0,0.0,0.0,1.0593419046298669,0,0,0,0,0,0
image_1179.png,surface,0.0,0.0,3.265120333783255,-2.233250166838972,-12.677092210389493,0.0,-1.5310443465260608,1.1120186046183858,0.0,0.0,0.0,1.4247537779352897,0,0,0,0,0,0
image_1181.png,surface,0.0,0.0,3.4193089015173266,13.515588629842355,-0.8732875542377045,0.0,0.7687385775380111,2.680873106938356,0.0,0.0,0.0,-0.175682159957522,0,0,0,0,0,0
image_1182.png,surface,0.0,0.0,1.172117176562502,16.140763748648602,2.1764919748925937,0.0,-0.7328544438453007,0.5957594662232423,0.0,0.0,0.0,0.4106797863820159,0,0,0,0,0,0
image_1183.png,surface,0.0,0.0,1.3353787861710007,-23.370437310331592,-8.607773842945225,0.0,-0.1592064506009697,2.378323275884625,0.0,0.0,0.0,0.7191639824887623,0,0,0,0,0,0
image_1184.png,surface,0.0,0.0,3.228349468325116,-23.06343694152768,-6.102321885752137,0.0,-0.5423136944443491,-1.95752948521813,0.0,0.0,0.0,-1.9473874735284635,0,0,0,0,0,0
image_1186.png,surface,0.0,0.0,0.7921736775978494,4.514737495767871,-10.548767439902203,0.0,-0.5106309625497506,0.1787045317207085,0.0,0.0,0.0,-0.7092245855594257,0,0,0,0,0,0
image_1189.png,surface,0.0,0.0,0.7150147258237851,10.868822089452928,-15.700904149117074,0.0,-2.0288378560266467,0.4545647077594314,0.0,0.0,0.0,-2.3221817733823507,0,0,0,0,0,0
image_1190.png,surface,0.0,0.0,2.3371454864139585,2.8254600558031835,-24.40931903958028,0.0,-0.0054822497680825,-1.5165299856187398,0.0,0.0,0.0,-1.906093016747018,0,0,0,0,0,0
image_1192.png,surface,0.0,0.0,1.9156849575681216,3.783663811487876,8.590168871919309,0.0,1.4935372930435709,0.2105195500072764,0.0,0.0,0.0,-1.1368900966673914,0,0,0,0,0,0
image_1194.png,surface,0.0,0.0,3.3173080150879404,-7.584119743498505,-4.554378820648579,0.0,-0.5669252038746525,1.7384472621650118,0.0,0.0,0.0,1.608464289270824,0,0,0,0,0,0
image_1196.png,surface,0.0,0.0,2.322372363465229,-9.070514515524378,-0.7987554206046328,0.0,1.8703332341114187,1.2100104474113176,0.0,0.0,0.0,2.8895432290313563,0,0,0,0,0,0
image_1197.png,surface,0.0,0.0,2.00813755733158,16.92517306981404,13.451613150918387,0.0,1.9146485758929803,1.325868031222456,0.0,0.0,0.0,-1.9692692049476868,0,0,0,0,0,0
image_1198.png,surface,0.0,0.0,2.4511735467595583,8.875453979387736,-1.6866517578973013,0.0,1.133032281966231,-0.8249484544808972,0.0,0.0,0.0,2.171243387216731,0,0,0,0,0,0
image_1199.png,surface,0.0,0.0,3.274896478493029,7.96329036146056,17.117552683897948,0.0,1.8542622607795736,-2.2599672242398703,0.0,0.0,0.0,1.4662792116154808,0,0,0,0,0,0
image_1202.png,surface,0.0,0.0,3.4086562662909543,-8.940502433032078,-11.776133432481554,0.0,0.6659153365174003,-0.7781208182936348,0.0,0.0,0.0,2.7857221767960905,0,0,0,0,0,0
image_1204.png,surface,0.0,0.0,0.7250145194068285,8.004228039985872,-10.51341121273544,0.0,0.0687734995697897,-1.0384297200535295,0.0,0.0,0.0,2.3321902532150194,0,0,0,0,0,0
image_1205.png,surface,0.0,0.0,2.9005036352267366,-18.39865765964441,14.554205832024772,0.0,2.460294717211035,1.5406865858903844,0.0,0.0,0.0,2.490542965037747,0,0,0,0,0,0
image_1206.png,surface,0.0,0.0,2.4878987310310032,-10.185764024880209,-22.69020967387757,0.0,-0.9548490480579652,1.5959576344648678,0.0,0.0,0.0,-0.4417628628910215,0,0,0,0,0,0
image_1207.png,surface,0.0,0.0,3.2172138240727435,2.5447600848892664,17.71917957413547,0.0,-1.7954082354042389,-0.9149609641040936,0.0,0.0,0.0,0.8134257276929615,0,0,0,0,0,0
image_1209.png,surface,0.0,0.0,2.0100153889343035,16.27105708429275,-10.387825027249168,0.0,2.5306900414950904,0.7391657266256915,0.0,0.0,0.0,0.0523895141200925,0,0,0,0,0,0
image_1211.png,surface,0.0,0.0,1.9513633835578608,-2.789030633521078,-13.499990773312543,0.0,0.3170444226813434,-1.7500462664538357,0.0,0.0,0.0,-1.0228527336948154,0,0,0,0,0,0
image_1212.png,surface,0.0,0.0,2.0791037041409663,6.809443854894221,-20.61909284435432,0.0,-1.5295972388832892,1.9452541108357424,0.0,0.0,0.0,1.5639139398690869,0,0,0,0,0,0
image_1213.png,surface,0.0,0.0,1.2330766369878556,16.72042381201731,9.58724429855364,0.0,1.9885292284379577,0.5607329676281686,0.0,0.0,0.0,1.9554073312884217,0,0,0,0,0,0
image_1214.png,surface,0.0,0.0,1.491267536192391,-0.9265458735767782,-22.756519119065352,0.0,-1.7426402130440208,-1.897156102217596,0.0,0.0,0.0,2.6753294184382863,0,0,0,0,0,0
image_1215.png,surface,0.0,0.0,1.3629451261486727,10.36990383181776,-10.127399042567903,0.0,1.4006037298752925,-0.1232556498349156,0.0,0.0,0.0,-0.5738151886979344,0,0,0,0,0,0
image_1216.png,surface,0.0,0.0,0.6369896535999928,-2.8213739004198923,-14.047375697239056,0.0,2.850014408524195,0.360313653446231,0.0,0.0,0.0,0.3016023609966063,0,0,0,0,0,0
image_1217.png,surface,0.0,0.0,2.249101369280707,16.19252952515992,-5.071135319210827,0.0,2.146850069179755,2.0943576405721656,0.0,0.0,0.0,1.265684128534292,0,0,0,0,0,0
image_1220.png,surface,0.0,0.0,1.239756918697314,-13.716437266676724,-7.819662950002275,0.0,2.877038259679812,-0.2072788492627736,0.0,0.0,0.0,2.0770570945135,0,0,0,0,0,0
image_1221.png,surface,0.0,0.0,2.258929067049912,-6.633433073658013,-15.72972122875802,0.0,-0.8209531846888197,-2.743316602498381,0.0,0.0,0.0,-0.4968892827617335,0,0,0,0,0,0
image_1222.png,surface,0.0,0.0,1.9712919689558648,10.87739049763187,16.717443808589625,0.0,1.9058827960344693,-0.7570529695335896,0.0,0.0,0.0,1.92517569993408,0,0,0,0,0,0
image_1223.png,surface,0.0,0.0,2.949661768824768,-4.530599512130623,-14.40039864197164,0.0,0.4742741417404524,1.9415107729751664,0.0,0.0,0.0,2.977229358170109,0,0,0,0,0,0
image_1224.png,surface,0.0,0.0,1.560439769313292,7.080277436606155,-20.16906217004876,0.0,-1.6495528020201593,0.7668451830202172,0.0,0.0,0.0,-0.241624257089938,0,0,0,0,0,0
image_1225.png,surface,0.0,0.0,0.6097908532153509,-20.744598949148138,7.008851296404471,0.0,2.2322129816870784,1.096703064520047,0.0,0.0,0.0,1.8379799795065432,0,0,0,0,0,0
image_1226.png,surface,0.0,0.0,3.161827436060759,23.49626804226646,-4.26015703681677,0.0,0.973259454028816,2.026833677468248,0.0,0.0,0.0,-1.714883910403226,0,0,0,0,0,0
image_1227.png,surface,0.0,0.0,2.5108412842462977,-20.55158214012495,5.530779571064832,0.0,-1.0151101657507928,-1.6799223492990796,0.0,0.0,0.0,-0.4464431807562183,0,0,0,0,0,0
image_1229.png,surface,0.0,0.0,1.1171124735286686,3.6895194876220594,-6.4860029250674405,0.0,-1.1954746075068177,2.3370020225614176,0.0,0.0,0.0,-1.7826030837693907,0,0,0,0,0,0
image_1231.png,surface,0.0,0.0,1.929164701514294,6.307781052079142,11.026355809300048,0.0,-1.2908065612826658,-2.6782143443333326,0.0,0.0,0.0,2.2425454153279194,0,0,0,0,0,0
image_1232.png,surface,0.0,0.0,1.490900423568319,11.32975074982472,9.009674548473727,0.0,-2.47717509340258,0.2040677209626591,0.0,0.0,0.0,2.992064237497508,0,0,0,0,0,0
image_1233.png,surface,0.0,0.0,2.047011354492776,14.230916029139452,3.836283732434644,0.0,2.143658252458109,-0.7290133380527665,0.0,0.0,0.0,-1.0511170571639057,0,0,0,0,0,0
image_1235.png,surface,0.0,0.0,2.3898821224388755,-1.4974780312224552,10.119477882845644,0.0,-1.013191413174493,-1.2690809687900635,0.0,0.0,0.0,-1.2398592428872273,0,0,0,0,0,0
image_1236.png,surface,0.0,0.0,1.6085874503061517,-0.4318981093066997,5.673931273785378,0.0,-0.5840964980854823,1.4153467864806508,0.0,0.0,0.0,-0.537940866478035,0,0,0,0,0,0
image_1238.png,surface,0.0,0.0,2.5871691529255427,-15.090984437787096,0.1960851958117686,0.0,0.1482504257695354,2.414721387569568,0.0,0.0,0.0,-1.416736846714887,0,0,0,0,0,0
image_1239.png,surface,0.0,0.0,2.28117154483304,-5.795004758012742,19.97580309617383,0.0,0.7145323910991633,-0.0845380701820517,0.0,0.0,0.0,1.1426011788356565,0,0,0,0,0,0
image_1240.png,surface,0.0,0.0,2.04955449670499,-19.08679926800681,-1.1780254131298944,0.0,0.6485442968988857,-0.371872468539419,0.0,0.0,0.0,-0.7559835248410014,0,0,0,0,0,0
image_1241.png,surface,0.0,0.0,0.7635111494833824,12.728478280138788,-18.02899923710473,0.0,-1.9081652469578232,-1.8081727487868708,0.0,0.0,0.0,1.4232533006585673,0,0,0,0,0,0
image_1242.png,surface,0.0,0.0,2.278805412731344,-7.822911626956662,-21.21221889526576,0.0,0.8616288572305602,0.1433999669773116,0.0,0.0,0.0,-2.3385785014831164,0,0,0,0,0,0
image_1243.png,surface,0.0,0.0,1.694777834013669,-1.4730302357789873,-15.56889309382546,0.0,-2.615191548985809,-0.0750284643528498,0.0,0.0,0.0,1.0340408512270862,0,0,0,0,0,0
image_1246.png,surface,0.0,0.0,2.8585326690350765,4.021614780255244,-19.866328242780927,0.0,0.6577312496425732,0.2174811155905813,0.0,0.0,0.0,1.0084927262196857,0,0,0,0,0,0
image_1247.png,surface,0.0,0.0,2.035868139297512,-3.909027414310326,11.087409803637753,0.0,0.2112648200831051,2.5506854753011936,0.0,0.0,0.0,-0.3731859999885571,0,0,0,0,0,0
image_1249.png,surface,0.0,0.0,1.120436778859906,17.427655014745977,-5.0722984661992365,0.0,0.7205776634781661,1.6565473174330678,0.0,0.0,0.0,0.1407347433956376,0,0,0,0,0,0
image_1250.png,surface,0.0,0.0,3.314252482866216,16.052671398936464,3.8931739274244648,0.0,0.9222968117754592,-1.342550661526252,0.0,0.0,0.0,-1.6362666725777604,0,0,0,0,0,0
image_1251.png,surface,0.0,0.0,2.234554080041536,18.86631666021302,-3.9545910475504096,0.0,1.1833631918335026,1.591652156859006,0.0,0.0,0.0,1.1909898927914409,0,0,0,0,0,0
image_1253.png,surface,0.0,0.0,1.4411530115944584,5.667173854282037,20.90337386220716,0.0,-0.9414992638242532,-2.100957680816474,0.0,0.0,0.0,2.310127697651775,0,0,0,0,0,0
image_1254.png,surface,0.0,0.0,3.4480547226090827,5.529031271664589,22.79797444336485,0.0,-0.9618022721496078,1.5437142167329545,0.0,0.0,0.0,-1.584150506561932,0,0,0,0,0,0
image_1255.png,surface,0.0,0.0,2.3400023581594973,7.822853274334363,17.195774338786133,0.0,2.767883200123744,0.4122347160028294,0.0,0.0,0.0,1.9222026804806056,0,0,0,0,0,0
image_1257.png,surface,0.0,0.0,3.2470742460493383,-13.28277493163334,17.485095275796272,0.0,-1.5211650631848732,1.1325265355527818,0.0,0.0,0.0,2.319424425847413,0,0,0,0,0,0
image_1258.png,surface,0.0,0.0,1.5838538547738417,-19.909940577302148,-2.5595275586898363,0.0,1.6040451756268013,-1.163341937258625,0.0,0.0,0.0,2.109498434107411,0,0,0,0,0,0
image_1259.png,surface,0.0,0.0,2.7414372817492203,-0.8430478663398979,11.39843534190934,0.0,-1.6228849385563031,-2.099991482555387,0.0,0.0,0.0,1.1963440247245352,0,0,0,0,0,0
image_1260.png,surface,0.0,0.0,0.938795243814772,-11.459612241531705,-5.665701826301897,0.0,1.3544204421501116,2.33021066459658,0.0,0.0,0.0,-2.7672304359432047,0,0,0,0,0,0
image_1261.png,surface,0.0,0.0,2.5914790874820444,-0.5740588901301316,-12.770841307515049,0.0,-0.6879099992826108,1.547237907036155,0.0,0.0,0.0,1.0132435055590765,0,0,0,0,0,0
image_1263.png,surface,0.0,0.0,1.773887724493142,-6.133307112230883,9.399198781349224,0.0,-1.0943841634502196,0.6789717608487535,0.0,0.0,0.0,0.0831069813048372,0,0,0,0,0,0
image_1264.png,surface,0.0,0.0,1.1948275422978851,-9.09498957162187,19.34515420010004,0.0,1.1683405979088253,0.653381852824268,0.0,0.0,0.0,-1.7156128407150428,0,0,0,0,0,0
image_1265.png,surface,0.0,0.0,3.4623675543400005,-17.391251972075544,-3.865406384760986,0.0,1.2097209914870242,0.7411612092186384,0.0,0.0,0.0,-1.007585715630818,0,0,0,0,0,0
image_1266.png,surface,0.0,0.0,0.8708580559617558,7.69275103353234,11.321305802293695,0.0,-1.037146101614403,-2.6922459628423767,0.0,0.0,0.0,2.568880873613777,0,0,0,0,0,0
image_1267.png,surface,0.0,0.0,1.1104756990018734,-6.696526930091176,20.05021072607473,0.0,-0.9370246981204264,2.7688640114499843,0.0,0.0,0.0,2.522092043202724,0,0,0,0,0,0
image_1268.png,surface,0.0,0.0,1.632233979335917,-8.510063727945566,19.078025080056484,0.0,-1.7055726333307673,-0.4213785396008122,0.0,0.0,0.0,1.670324045799198,0,0,0,0,0,0
image_1269.png,surface,0.0,0.0,0.8933611224052522,1.2465569746800107,-19.954230948747533,0.0,1.335874312591801,1.2110227692462086,0.0,0.0,0.0,0.2356317406263954,0,0,0,0,0,0
image_1271.png,surface,0.0,0.0,3.2311441721765632,11.352063294303928,0.494837760080955,0.0,-0.7904782396137371,1.097292210933473,0.0,0.0,0.0,-2.830433711276376,0,0,0,0,0,0
image_1272.png,surface,0.0,0.0,1.814578340956412,-19.52117603295607,-5.040036626355643,0.0,1.7457302334819915,1.306034729003644,0.0,0.0,0.0,1.850180621603713,0,0,0,0,0,0
image_1273.png,surface,0.0,0.0,1.9772020861213435,14.525168360142708,-10.499372170567916,0.0,0.6263954679801117,0.1220775509309717,0.0,0.0,0.0,-0.9751963509487672,0,0,0,0,0,0
image_1274.png,surface,0.0,0.0,0.6862717924556176,15.453718436495343,19.092164047107463,0.0,0.0588975694874233,-0.4350496456024748,0.0,0.0,0.0,-2.758733603901438,0,0,0,0,0,0
image_1275.png,surface,0.0,0.0,3.018118598501941,13.219635327108938,-3.2729007840920143,0.0,2.620430160937947,-0.5972531876642944,0.0,0.0,0.0,-0.9263297459324108,0,0,0,0,0,0
image_1276.png,surface,0.0,0.0,2.841462613918374,2.2703601100298654,3.9511584116213903,0.0,-1.76185509751316,1.6802186832954773,0.0,0.0,0.0,2.675586207708994,0,0,0,0,0,0
image_1277.png,surface,0.0,0.0,1.6798668355937665,-5.535036948509867,12.33860735322547,0.0,-0.2558330416528248,0.9085923127101307,0.0,0.0,0.0,0.0656540867316071,0,0,0,0,0,0
image_1278.png,surface,0.0,0.0,1.93126179333476,-9.8086692549751,17.378127039638265,0.0,-0.3412717792356398,0.6531785135262217,0.0,0.0,0.0,-0.5211902455115478,0,0,0,0,0,0
image_1279.png,surface,0.0,0.0,2.4780853902911395,5.212007773985248,-22.729762387214,0.0,0.2655271937864889,-2.520923024786793,0.0,0.0,0.0,-1.4733746812483224,0,0,0,0,0,0
image_1280.png,surface,0.0,0.0,1.8967371104405355,4.394807560854737,-7.716344831558539,0.0,-1.9625639647381288,1.6389705071310758,0.0,0.0,0.0,-1.977487808981116,0,0,0,0,0,0
image_1281.png,surface,0.0,0.0,1.3195711821507805,0.1110150334598638,-13.633954754527164,0.0,2.478372189622598,-0.2063631257301249,0.0,0.0,0.0,1.698007377062285,0,0,0,0,0,0
image_1282.png,surface,0.0,0.0,1.3924563292048453,23.12611375373708,9.667747253444604,0.0,-1.4096263709173416,1.004780174304408,0.0,0.0,0.0,1.180339794689961,0,0,0,0,0,0
image_1283.png,surface,0.0,0.0,2.0519390240613578,22.34830289307117,8.02648903775332,0.0,-2.475993520518454,0.9741043720467544,0.0,0.0,0.0,-0.4151683199251197,0,0,0,0,0,0
image_1284.png,surface,0.0,0.0,3.483593092339551,3.5679731435903226,-8.839142713561216,0.0,-1.204845098192593,1.7750292350660275,0.0,0.0,0.0,2.866311403687294,0,0,0,0,0,0
image_1285.png,surface,0.0,0.0,1.96977703622812,-11.355757066032549,-0.4211684489886838,0.0,0.3753093391294967,2.861790713010089,0.0,0.0,0.0,1.9484121724072023,0,0,0,0,0,0
image_1286.png,surface,0.0,0.0,0.6673922598393192,-6.839539691183356,13.056519399238365,0.0,0.4194027060087918,-0.5600985342749804,0.0,0.0,0.0,1.073302547353851,0,0,0,0,0,0
image_1287.png,surface,0.0,0.0,3.316086248813882,-7.488610598697974,-6.281323515356306,0.0,-1.524572784890105,-1.165093178439511,0.0,0.0,0.0,2.373974440150314,0,0,0,0,0,0
image_1288.png,surface,0.0,0.0,1.417912688275457,-0.0849576422037354,-24.14135379074096,0.0,-0.4758882950285856,-2.492626812191859,0.0,0.0,0.0,-1.3010873114668524,0,0,0,0,0,0
image_1289.png,surface,0.0,0.0,0.6194761302023357,-15.450008452983658,-8.191713233094225,0.0,2.3447464200494124,1.3009841986451331,0.0,0.0,0.0,-0.282740895970357,0,0,0,0,0,0
image_1293.png,surface,0.0,0.0,1.6039582473710725,17.611930274668037,-16.164578196671023,0.0,-2.219170577750804,-0.7156768724054366,0.0,0.0,0.0,0.7253398806041034,0,0,0,0,0,0
image_1294.png,surface,0.0,0.0,3.2519001233706195,-5.6529183767638695,-6.650803730085518,0.0,0.3485972446188154,1.0675390209962163,0.0,0.0,0.0,-0.013591312843137,0,0,0,0,0,0
image_1295.png,surface,0.0,0.0,2.879820693037696,-14.759793763254198,-1.8784571708581133,0.0,2.051675539530641,0.4418736064326435,0.0,0.0,0.0,2.2753955188144523,0,0,0,0,0,0
image_1297.png,surface,0.0,0.0,3.458347406920917,20.512401464525883,9.91342251907314,0.0,1.8564566614175608,1.113445941347473,0.0,0.0,0.0,-2.228402899577465,0,0,0,0,0,0
image_1298.png,surface,0.0,0.0,2.499496394895246,-6.886888673504248,22.847257495809373,0.0,0.5802060063698155,2.5820949191202587,0.0,0.0,0.0,-0.9588491205434222,0,0,0,0,0,0
image_1299.png,surface,0.0,0.0,0.5523162783535489,-11.155990497578482,19.86890206451971,0.0,-2.082059282257958,2.0221458407666617,0.0,0.0,0.0,2.371210714090052,0,0,0,0,0,0
image_1300.png,surface,0.0,0.0,1.8892647475870183,15.8726711690344,-5.869216725863793,0.0,-2.8322933935790737,-0.3816959441336118,0.0,0.0,0.0,2.8746365883819767,0,0,0,0,0,0
image_1301.png,surface,0.0,0.0,3.2309716244635203,8.676293664299761,-7.769125480291674,0.0,0.3152260382582424,0.8565691668510493,0.0,0.0,0.0,-0.6902435167816412,0,0,0,0,0,0
image_1302.png,surface,0.0,0.0,1.3878810426398451,6.550344711386465,-8.69040610163344,0.0,-0.4288039374664486,0.498982862568126,0.0,0.0,0.0,0.416762244977015,0,0,0,0,0,0
image_1303.png,surface,0.0,0.0,3.280599169864506,18.547739993419416,-7.402707342608449,0.0,2.1075701925187933,0.8704569782953283,0.0,0.0,0.0,-2.291521842309991,0,0,0,0,0,0
image_1305.png,surface,0.0,0.0,2.249130924585735,-13.312092924498025,-13.13599794273923,0.0,1.5977706234207725,-1.7470090705478714,0.0,0.0,0.0,-0.9644673744384048,0,0,0,0,0,0
image_1306.png,surface,0.0,0.0,1.5974813098071974,0.269047854945119,-23.176581590351645,0.0,0.5517341610301568,2.8482416597358062,0.0,0.0,0.0,2.3958442671851925,0,0,0,0,0,0
image_1307.png,surface,0.0,0.0,3.3707708319975875,15.754619546171613,-18.842623248221425,0.0,-1.5692406058865256,0.8039486130336029,0.0,0.0,0.0,1.896833886724889,0,0,0,0,0,0
image_1308.png,surface,0.0,0.0,1.7918485106662825,21.62630760600184,10.09675296719997,0.0,1.805351955722193,-0.1046842224917059,0.0,0.0,0.0,-2.4785175762180525,0,0,0,0,0,0
image_1309.png,surface,0.0,0.0,2.40315871925853,12.103945152251882,1.1354121262513075,0.0,2.245206080089332,1.862664065882592,0.0,0.0,0.0,0.6654207078156689,0,0,0,0,0,0
image_1310.png,surface,0.0,0.0,2.411256107379816,-16.04107053998827,1.6183272319223565,0.0,1.668657959024423,1.2941714255844046,0.0,0.0,0.0,-2.0545371915327384,0,0,0,0,0,0
image_1311.png,surface,0.0,0.0,2.430180156074954,6.52328214864129,17.6332364798605,0.0,1.577341209079908,-1.4511611255328405,0.0,0.0,0.0,1.151249177680449,0,0,0,0,0,0
image_1312.png,surface,0.0,0.0,1.4181283346836953,-16.367287722495355,-6.010823497901613,0.0,0.6362572903434229,2.7259213426933817,0.0,0.0,0.0,-1.8984741232849287,0,0,0,0,0,0
image_1313.png,surface,0.0,0.0,3.0942244437024446,12.569904612335836,0.163006817925258,0.0,-0.8410192620064724,-2.0438322030120144,0.0,0.0,0.0,-2.4783535027453056,0,0,0,0,0,0
image_1314.png,surface,0.0,0.0,2.280810621513756,9.992239786932538,-7.406740490630418,0.0,-0.3460179512812925,0.7896179959887608,0.0,0.0,0.0,-2.849082937500934,0,0,0,0,0,0
image_1315.png,surface,0.0,0.0,1.665336745724363,-9.756690239166796,-8.853227638735467,0.0,-2.119233981612474,0.3541417516489518,0.0,0.0,0.0,0.9703477712715562,0,0,0,0,0,0
image_1317.png,surface,0.0,0.0,0.841054223007788,4.154856047451619,18.136725702271843,0.0,-0.4534166860008729,-2.957699637552528,0.0,0.0,0.0,-0.5645089666994645,0,0,0,0,0,0
image_1318.png,surface,0.0,0.0,2.3307274755459124,17.845982838194715,11.710581323967862,0.0,1.197898907306003,-1.3186889440442686,0.0,0.0,0.0,-1.7799626200412249,0,0,0,0,0,0
image_1319.png,surface,0.0,0.0,2.847822328808922,10.751922499381443,-5.733992302116945,0.0,1.6535773964870202,2.430888204682593,0.0,0.0,0.0,-0.0982594519560118,0,0,0,0,0,0
image_1320.png,surface,0.0,0.0,1.7673973827742062,15.648399574145287,18.57226555790125,0.0,1.058139745656737,0.7053202574522883,0.0,0.0,0.0,-2.4920102710927114,0,0,0,0,0,0
image_1321.png,surface,0.0,0.0,3.2469825469850218,11.394534167857914,-1.0618968497250172,0.0,0.0220259881435702,-2.343116704325939,0.0,0.0,0.0,0.3266055466289508,0,0,0,0,0,0
image_1324.png,surface,0.0,0.0,2.4272774212266968,7.059033235415952,-3.317369143968428,0.0,-0.2877940803910368,1.7740980241285509,0.0,0.0,0.0,-1.7797196621687077,0,0,0,0,0,0
image_1325.png,surface,0.0,0.0,2.208812334075926,9.459283311117344,5.452743069303266,0.0,-0.2476250206158238,-1.6233389390566793,0.0,0.0,0.0,-0.8913507717085851,0,0,0,0,0,0
image_1326.png,surface,0.0,0.0,3.168482930340548,-21.02303597462998,-8.411611256382665,0.0,-1.3645443815498128,-2.635369816691677,0.0,0.0,0.0,-2.784732955004515,0,0,0,0,0,0
image_1328.png,surface,0.0,0.0,2.9750993929802165,0.6240389074681546,-16.328689865042932,0.0,-0.8672279297585548,0.2543713828533001,0.0,0.0,0.0,-2.282106609317359,0,0,0,0,0,0
image_1329.png,surface,0.0,0.0,2.486377732167036,8.168219661962791,22.7485913445408,0.0,2.280050802065792,-0.3831008031021835,0.0,0.0,0.0,-2.327522355519603,0,0,0,0,0,0
image_1330.png,surface,0.0,0.0,1.5327304164936204,1.0096984189780025,-0.201365143978661,0.0,-2.233007594412317,-1.910157673605376,0.0,0.0,0.0,2.2807494673029005,0,0,0,0,0,0
image_1331.png,surface,0.0,0.0,1.317751389453174,5.378951532796612,-17.692800914983348,0.0,2.3862818693815138,0.2195999526907527,0.0,0.0,0.0,-0.6105141022649119,0,0,0,0,0,0
image_1332.png,surface,0.0,0.0,1.549884028737376,22.78488290448405,1.8806245608373504,0.0,0.9200283557574834,1.547541071627002,0.0,0.0,0.0,2.8975308242467337,0,0,0,0,0,0
image_1333.png,surface,0.0,0.0,1.7245344326477912,12.669354277946605,14.663675767952482,0.0,1.3974308723848856,-2.644805242673638,0.0,0.0,0.0,-1.163410559550629,0,0,0,0,0,0
image_1334.png,surface,0.0,0.0,2.98042242051452,-22.98703837614252,-2.16613863541068,0.0,1.029625848576214,-1.1353702786683657,0.0,0.0,0.0,0.9353119487239064,0,0,0,0,0,0
image_1335.png,surface,0.0,0.0,2.632808152311336,9.364017111313428,-5.193907109659247,0.0,1.0197526629687206,-1.3624665346110592,0.0,0.0,0.0,-2.767211058527467,0,0,0,0,0,0
image_1336.png,surface,0.0,0.0,2.980527093320134,-12.717835155692356,0.113498707918843,0.0,-1.8961775335211573,-0.921295435498433,0.0,0.0,0.0,2.625005338490798,0,0,0,0,0,0
image_1337.png,surface,0.0,0.0,3.275409188362427,1.0792559136642754,7.488065579607809,0.0,-1.5275133484137713,1.8784880676289173,0.0,0.0,0.0,-0.3605720455784418,0,0,0,0,0,0
image_1338.png,surface,0.0,0.0,2.944391476398857,1.6066272255125251,7.543014108659549,0.0,-0.8571753130382005,-0.9545636126668928,0.0,0.0,0.0,-2.446884165117287,0,0,0,0,0,0
image_1339.png,surface,0.0,0.0,3.3868327244871343,9.519725759098304,18.738391126815667,0.0,-0.9930449340930696,-1.3061332283094833,0.0,0.0,0.0,1.4621392810946956,0,0,0,0,0,0
image_1340.png,surface,0.0,0.0,3.349584318663489,7.126765657626492,-1.8478641287396207,0.0,1.894252424683376,-1.647667517094612,0.0,0.0,0.0,1.518150182904293,0,0,0,0,0,0
image_1341.png,surface,0.0,0.0,1.462885352769456,-20.13051833510401,7.527688894272138,0.0,2.9278965427557004,-0.6287731544717323,0.0,0.0,0.0,0.2969637721139029,0,0,0,0,0,0
image_1342.png,surface,0.0,0.0,1.6769211778440285,13.131678716119202,-17.29538573886097,0.0,2.092022225768464,1.1508339926917075,0.0,0.0,0.0,0.2650501828807563,0,0,0,0,0,0
image_1343.png,surface,0.0,0.0,2.225617383298193,5.9103650404173385,-1.649420636132526,0.0,1.9513864258682048,-0.4275268811693476,0.0,0.0,0.0,2.313538180767015,0,0,0,0,0,0
image_1344.png,surface,0.0,0.0,2.5716385889154525,-8.403781809136948,1.0679921559103045,0.0,-0.9456027259579114,-1.0285171398824984,0.0,0.0,0.0,-1.0264018116401548,0,0,0,0,0,0
image_1345.png,surface,0.0,0.0,1.894117012396125,12.622220681580258,-5.573612978158684,0.0,-0.9002889484764736,-2.680559001804257,0.0,0.0,0.0,-2.547821265116704,0,0,0,0,0,0
image_1347.png,surface,0.0,0.0,2.3960204385534425,22.29837307453217,-3.4689844688953304,0.0,2.0997464805549364,1.368002226240013,0.0,0.0,0.0,-2.3026532621302698,0,0,0,0,0,0
image_1349.png,surface,0.0,0.0,0.9361853569746176,-2.2860626416815863,-0.9779162805795408,0.0,0.1793220708710387,-2.6038941825688253,0.0,0.0,0.0,0.3162482043092707,0,0,0,0,0,0
image_1350.png,surface,0.0,0.0,1.0139432921898883,-10.617042466040546,19.153619596297546,0.0,-1.065820544220046,2.50327781405474,0.0,0.0,0.0,2.837765188714936,0,0,0,0,0,0
image_1351.png,surface,0.0,0.0,1.4398616871847776,1.6943440274302486,-15.953875825617311,0.0,0.3260159736475691,0.3764278633745238,0.0,0.0,0.0,2.236411777738448,0,0,0,0,0,0
image_1352.png,surface,0.0,0.0,3.387425012165169,-16.313181459195356,2.5063248227239647,0.0,-0.0959445559235836,-0.1435125380972917,0.0,0.0,0.0,1.3281246774670494,0,0,0,0,0,0
image_1353.png,surface,0.0,0.0,0.7286310440265944,-17.52591172718771,15.35251836457804,0.0,1.81002991819432,-0.9352002214092544,0.0,0.0,0.0,-0.6112710042775538,0,0,0,0,0,0
image_1354.png,surface,0.0,0.0,3.3807537131485645,-3.498984631634404,-16.396987352470173,0.0,1.2010103355226347,1.1780400415626189,0.0,0.0,0.0,-0.2527360825402587,0,0,0,0,0,0
image_1355.png,surface,0.0,0.0,1.9313216942480484,7.924402670196551,20.94460875132228,0.0,-1.310986596941452,-1.2069812963807438,0.0,0.0,0.0,-1.6326999124999308,0,0,0,0,0,0
image_1356.png,surface,0.0,0.0,1.8078837595844903,15.708273232385144,1.3496198142445253,0.0,0.5740916667374766,-0.5669115835696055,0.0,0.0,0.0,0.6248870696146795,0,0,0,0,0,0
image_1357.png,surface,0.0,0.0,3.0406395917117504,-0.4918539575652035,-6.9706009961898765,0.0,2.317083841866289,-1.1902451794889632,0.0,0.0,0.0,1.701093838911782,0,0,0,0,0,0
image_1358.png,surface,0.0,0.0,2.994428444033116,-14.674821856221907,-0.6937927910974828,0.0,-2.346174605589992,0.9903216526812606,0.0,0.0,0.0,1.344408663992052,0,0,0,0,0,0
image_1359.png,surface,0.0,0.0,0.9019520264958132,-6.337905753797205,-0.2608003655628711,0.0,0.5098980052213997,2.3391630643858186,0.0,0.0,0.0,-1.1387035135411891,0,0,0,0,0,0
image_1361.png,surface,0.0,0.0,2.03211008750527,-8.37962608197752,-20.14921293289209,0.0,1.627096490537272,-2.0952853721524125,0.0,0.0,0.0,0.7613011700824952,0,0,0,0,0,0
image_1363.png,surface,0.0,0.0,0.8251376874652627,-6.564612814440526,-4.317421487468294,0.0,-1.3828062069091744,1.258026297403298,0.0,0.0,0.0,-1.4055518130496232,0,0,0,0,0,0
image_1364.png,surface,0.0,0.0,2.2766832153487204,11.648694335884446,8.662452266029499,0.0,-1.3872968730835775,-0.8434877892437014,0.0,0.0,0.0,0.7212360074265032,0,0,0,0,0,0
image_1366.png,surface,0.0,0.0,3.157023546894922,1.4140191490437843,-12.474722532081069,0.0,-1.345629144736469,0.8307888565302008,0.0,0.0,0.0,-0.5956335122984964,0,0,0,0,0,0
image_1367.png,surface,0.0,0.0,3.414857308418755,11.94178457187762,-18.511013301585287,0.0,-1.1254997466859824,1.8665012529953977,0.0,0.0,0.0,0.328431220259862,0,0,0,0,0,0
image_1372.png,surface,0.0,0.0,3.1630088289330995,-21.753960257086263,-6.759903525214489,0.0,0.7513402428336791,1.4691930280659804,0.0,0.0,0.0,-2.912103999018276,0,0,0,0,0,0
image_1373.png,surface,0.0,0.0,2.56178920664393,-4.836662211101999,-3.2765559320104587,0.0,-1.893825699549868,-0.9663055957103656,0.0,0.0,0.0,-2.998301300853603,0,0,0,0,0,0
image_1374.png,surface,0.0,0.0,1.6661274079512294,5.943483979058547,23.176395431735383,0.0,0.893678435749338,-2.3617687194340244,0.0,0.0,0.0,-1.859759262385384,0,0,0,0,0,0
image_1375.png,surface,0.0,0.0,2.779771567966587,5.25147508852933,13.23003379559637,0.0,-2.048066732660707,-1.5815048352950123,0.0,0.0,0.0,-2.036598947319811,0,0,0,0,0,0
image_1377.png,surface,0.0,0.0,0.5033661181113986,-2.4779762519673283,7.673029410740877,0.0,-0.5097555348868449,-0.13690272734371,0.0,0.0,0.0,-1.1448357303708203,0,0,0,0,0,0
image_1379.png,surface,0.0,0.0,1.4788148506074237,-0.8071716497504574,-5.694904124242415,0.0,0.438706106667236,-1.9720666784856773,0.0,0.0,0.0,-0.4056428203570164,0,0,0,0,0,0
image_1380.png,surface,0.0,0.0,2.741199411199051,16.62987993362654,5.260597528582806,0.0,-2.24495890982142,-0.3568972656198937,0.0,0.0,0.0,1.853929003666284,0,0,0,0,0,0
image_1381.png,surface,0.0,0.0,1.2111225806132335,14.945250936528604,-17.04438247347878,0.0,0.6864709177674375,-2.773841163046539,0.0,0.0,0.0,-2.198258245210289,0,0,0,0,0,0
image_1382.png,surface,0.0,0.0,1.1054612139827356,21.61813301802845,2.2073491479891065,0.0,0.6492325718075965,-1.2722891031472623,0.0,0.0,0.0,0.4803205793042968,0,0,0,0,0,0
image_1383.png,surface,0.0,0.0,2.928794410089794,1.0929008619167435,7.745658551064558,0.0,-0.5158789761017156,0.7391164028327445,0.0,0.0,0.0,-1.3172866279575648,0,0,0,0,0,0
image_1385.png,surface,0.0,0.0,2.933661472605739,19.539934466593778,13.051044972318106,0.0,1.9467867977517703,2.254290887204256,0.0,0.0,0.0,-1.9477103595702765,0,0,0,0,0,0
image_1386.png,surface,0.0,0.0,2.772020409871806,-15.531924340226416,-14.06519218814362,0.0,0.4351233356645735,-1.813449659754756,0.0,0.0,0.0,-0.7509996353635615,0,0,0,0,0,0
image_1387.png,surface,0.0,0.0,0.7875861376663194,-0.3756012514306277,6.021233193342742,0.0,-1.3909642410498015,-2.0799691038126524,0.0,0.0,0.0,-1.2005748851202944,0,0,0,0,0,0
image_1388.png,surface,0.0,0.0,3.148635247583228,3.993163908439702,-10.160312118065688,0.0,1.8581842441841128,1.8413203035218608,0.0,0.0,0.0,0.7127047914284281,0,0,0,0,0,0
image_1389.png,surface,0.0,0.0,1.6328526469222826,-23.90180080135089,2.490522798748212,0.0,1.9438169839027784,0.072040734927732,0.0,0.0,0.0,0.5007812586128586,0,0,0,0,0,0
image_1391.png,surface,0.0,0.0,2.202700883597384,-20.68038282226972,-7.805481644515274,0.0,-0.2602986324696868,2.374933330011317,0.0,0.0,0.0,2.362056389045792,0,0,0,0,0,0
image_1392.png,surface,0.0,0.0,1.537594269002593,-5.829359111647769,17.552754254061988,0.0,-1.8710110448112816,1.0808291151670182,0.0,0.0,0.0,0.7646559636213972,0,0,0,0,0,0
image_1393.png,surface,0.0,0.0,2.629609323069116,0.6884638933594797,8.158709111055956,0.0,-0.5393516617803097,-1.0188543149160525,0.0,0.0,0.0,2.340551752822808,0,0,0,0,0,0
image_1394.png,surface,0.0,0.0,2.583855835936624,17.055434943554236,3.23910921178335,0.0,-0.2086532443573443,0.7743420703662025,0.0,0.0,0.0,-1.9913840987956328,0,0,0,0,0,0
image_1395.png,surface,0.0,0.0,3.050322359704253,-12.418426953716349,13.29840876712442,0.0,-0.5419209195968753,1.7937312456491088,0.0,0.0,0.0,-1.4285013287909518,0,0,0,0,0,0
image_1398.png,surface,0.0,0.0,0.9246469165321702,8.520339192901707,10.302141245295797,0.0,1.6316501872963272,1.1595440854246657,0.0,0.0,0.0,2.7056619531101846,0,0,0,0,0,0
image_1401.png,surface,0.0,0.0,2.189543722858246,17.88295264949144,-1.6251694747105871,0.0,-1.275486110948571,1.7060526226660775,0.0,0.0,0.0,-0.3157942823576136,0,0,0,0,0,0
image_1402.png,surface,0.0,0.0,1.511736936874561,-14.012830501096111,1.262651325182505,0.0,1.89407338959895,-0.3922324308592473,0.0,0.0,0.0,2.3855164623984884,0,0,0,0,0,0
image_1403.png,surface,0.0,0.0,0.98219894250136,-15.711342357876868,-19.52283541586424,0.0,-2.2546907012309534,0.1816740395509474,0.0,0.0,0.0,-1.1851984508345128,0,0,0,0,0,0
image_1404.png,surface,0.0,0.0,1.019155823541265,-8.145139009861449,2.214919236146609,0.0,0.2917710975286463,0.8027322697336096,0.0,0.0,0.0,-2.1941998560553806,0,0,0,0,0,0
image_1405.png,surface,0.0,0.0,0.6727985188190173,8.019663890873769,23.50546524043889,0.0,2.612303224878077,0.7801367616562818,0.0,0.0,0.0,0.7495833036919533,0,0,0,0,0,0
image_1407.png,surface,0.0,0.0,2.731845283952933,-23.29105143008172,-6.509809817554609,0.0,1.137002109472166,2.2515907441692105,0.0,0.0,0.0,2.194276403439039,0,0,0,0,0,0
image_1408.png,surface,0.0,0.0,3.070185823279132,-0.7769155881618148,-15.381395673931788,0.0,-1.0283500664278291,2.674119313312463,0.0,0.0,0.0,-0.0722701776113208,0,0,0,0,0,0
image_1409.png,surface,0.0,0.0,2.6124293901474283,15.584580779532605,11.721896371356744,0.0,2.8601097474755424,0.6932178309272118,0.0,0.0,0.0,-1.9936048240846824,0,0,0,0,0,0
image_1410.png,surface,0.0,0.0,1.0033580091760248,3.1432752485039246,18.750137860341667,0.0,-2.52619542933529,0.0645154433653598,0.0,0.0,0.0,2.896407549465966,0,0,0,0,0,0
image_1411.png,surface,0.0,0.0,2.707877059409585,-2.410417078873145,19.211445742072325,0.0,-1.5448315977863427,-2.187116808198079,0.0,0.0,0.0,2.9438855710551337,0,0,0,0,0,0
image_1412.png,surface,0.0,0.0,2.173555794608314,-5.900026092641463,-1.4115449121171786,0.0,-2.245806375289285,1.311411628255694,0.0,0.0,0.0,-1.2756011448475015,0,0,0,0,0,0
image_1415.png,surface,0.0,0.0,3.2069513079833305,-2.4395578794984862,-23.794164429392566,0.0,-0.3827923589033381,0.9567253888964238,0.0,0.0,0.0,-0.124324571668235,0,0,0,0,0,0
image_1419.png,surface,0.0,0.0,0.7928015770940577,3.1766916899730107,-2.615086961456744,0.0,1.4736494149682058,-0.2904616646184647,0.0,0.0,0.0,1.6492944144090549,0,0,0,0,0,0
image_1420.png,surface,0.0,0.0,2.9179984967509327,-5.1138651699551705,-9.58082030213167,0.0,0.4298799024213917,-0.1725132538123621,0.0,0.0,0.0,-2.6117562687901468,0,0,0,0,0,0
image_1421.png,surface,0.0,0.0,3.4002592335731032,16.50349012279875,-5.203652481017124,0.0,-0.3067924193364174,-1.1364402589895135,0.0,0.0,0.0,-0.8196786481159952,0,0,0,0,0,0
image_1422.png,surface,0.0,0.0,0.5421218963696712,-7.1317515144224775,17.9257573249381,0.0,0.8483819478190134,-1.5623002008683908,0.0,0.0,0.0,1.827032847636716,0,0,0,0,0,0
image_1423.png,surface,0.0,0.0,1.9380838609551327,3.254024420997632,-6.59640261154235,0.0,-2.764018105952101,0.7364445823048034,0.0,0.0,0.0,0.3857749525861669,0,0,0,0,0,0
image_1424.png,surface,0.0,0.0,0.8181073627941973,3.52484489829254,13.379755574950586,0.0,0.2614838921237783,-0.7218806331674293,0.0,0.0,0.0,-1.7517861401536436,0,0,0,0,0,0
image_1425.png,surface,0.0,0.0,1.755617125701065,16.379237699215064,8.341354264730896,0.0,1.4922744386377924,1.0271826813424991,0.0,0.0,0.0,-0.3788744466780747,0,0,0,0,0,0
image_1427.png,surface,0.0,0.0,1.7873019807977784,10.634831187405988,20.32040076678152,0.0,0.8244221698126023,0.3133349343220163,0.0,0.0,0.0,2.178338809995968,0,0,0,0,0,0
image_1428.png,surface,0.0,0.0,0.5516704492374747,21.756458459197887,-0.0114762366417487,0.0,-0.3582518972021785,2.786777915759367,0.0,0.0,0.0,1.191902323803955,0,0,0,0,0,0
image_1429.png,surface,0.0,0.0,3.463534302822426,22.064220542535697,-0.5308071082739796,0.0,1.970713254939621,1.4164161900682617,0.0,0.0,0.0,1.1702675737150612,0,0,0,0,0,0
image_1430.png,surface,0.0,0.0,3.2774127811752374,10.053710248251257,8.541613609672934,0.0,1.93926134242116,1.2934071996746943,0.0,0.0,0.0,1.7784378938924288,0,0,0,0,0,0
image_1431.png,surface,0.0,0.0,2.817119323211089,-12.613075854394944,6.412998288637097,0.0,-0.8967595902573552,0.7705623986389776,0.0,0.0,0.0,0.0849437624868754,0,0,0,0,0,0
image_1432.png,surface,0.0,0.0,1.702042696567568,-3.785674310502932,-19.41119512652651,0.0,-1.1552223916345128,1.9782658171635528,0.0,0.0,0.0,1.95844560669424,0,0,0,0,0,0
image_1436.png,surface,0.0,0.0,0.6190595418777187,0.7623457368143701,-5.92157120362996,0.0,1.4532975431568238,1.7621072583789676,0.0,0.0,0.0,-0.0025760763151208,0,0,0,0,0,0
image_1437.png,surface,0.0,0.0,2.3669435512880472,-21.61957631535233,-0.1303204620904351,0.0,2.0843205538413483,-1.1348400459625096,0.0,0.0,0.0,-0.4032644958555011,0,0,0,0,0,0
image_1438.png,surface,0.0,0.0,3.3442512358243404,5.602863818924369,-17.140893278021906,0.0,2.048121887574548,1.8764766534901167,0.0,0.0,0.0,-2.616178702455615,0,0,0,0,0,0
image_1439.png,surface,0.0,0.0,2.743361869596389,18.052070334762814,-16.41743450790045,0.0,-1.6745935908274938,1.662189717581866,0.0,0.0,0.0,-0.6238743952515944,0,0,0,0,0,0
image_1441.png,surface,0.0,0.0,2.1674309043242626,17.019503737170147,8.368402177238497,0.0,-0.2180901338892657,1.0272843219872434,0.0,0.0,0.0,0.0965522218522254,0,0,0,0,0,0
image_1445.png,surface,0.0,0.0,1.96015146382868,-12.38542962644802,-14.14479867500981,0.0,0.1695051979240754,2.461617319108645,0.0,0.0,0.0,2.6168041213677027,0,0,0,0,0,0
image_1447.png,surface,0.0,0.0,2.5763440637367614,-0.4786545281880482,-0.7572431834265783,0.0,-0.7509437007985487,-2.667885115235637,0.0,0.0,0.0,2.1206842102581893,0,0,0,0,0,0
image_1448.png,surface,0.0,0.0,1.5569565243353418,10.383805408140958,15.80881958799132,0.0,-0.8065636257062175,-2.5241053817309527,0.0,0.0,0.0,1.2516415579068294,0,0,0,0,0,0
image_1449.png,surface,0.0,0.0,2.33700147721782,-0.0085434685920515,10.69220209573258,0.0,-1.213142854705278,-1.897024219049391,0.0,0.0,0.0,2.475278437907797,0,0,0,0,0,0
image_1450.png,surface,0.0,0.0,1.866130165836024,-18.74322980892468,-3.159354516112157,0.0,-2.524640970989581,-0.3955515628957811,0.0,0.0,0.0,-2.788721734299505,0,0,0,0,0,0
image_1451.png,surface,0.0,0.0,2.876092516835443,22.08113700907589,11.719020981396923,0.0,-0.998571577754623,1.7433964955749668,0.0,0.0,0.0,0.6505101163528799,0,0,0,0,0,0
image_1452.png,surface,0.0,0.0,0.522348732890455,14.360711320854875,-2.7975208459254928,0.0,-2.413466965550172,-0.004952660287917,0.0,0.0,0.0,1.0195831338115466,0,0,0,0,0,0
image_1453.png,surface,0.0,0.0,2.256696535241805,7.840087356202471,19.84503715698414,0.0,0.2525340348008413,0.9830659729249492,0.0,0.0,0.0,-2.2636466275519,0,0,0,0,0,0
image_1454.png,surface,0.0,0.0,0.5704742034745789,-15.815311492700106,7.034201467499364,0.0,-0.3686141651845792,-1.9688132482087937,0.0,0.0,0.0,-2.7993873462077614,0,0,0,0,0,0
image_1455.png,surface,0.0,0.0,3.438003188201842,-16.095066336624043,13.107894669394252,0.0,-2.4348443943386853,-1.2672623446638147,0.0,0.0,0.0,-2.176349670594798,0,0,0,0,0,0
image_1456.png,surface,0.0,0.0,2.022597624567635,20.97546853154389,9.301011933753284,0.0,-1.1924490206678664,0.135526694781686,0.0,0.0,0.0,-0.5379803476766796,0,0,0,0,0,0
image_1458.png,surface,0.0,0.0,0.8320985423996845,11.46524115753932,6.585447154485867,0.0,1.8231515024999567,-1.3954437934961903,0.0,0.0,0.0,-1.547716856142264,0,0,0,0,0,0
image_1459.png,surface,0.0,0.0,1.5250856383338585,-19.61708260705323,12.395845420210703,0.0,-2.0860082933533386,2.129232554332222,0.0,0.0,0.0,-1.2824172927137163,0,0,0,0,0,0
image_1460.png,surface,0.0,0.0,2.4022376665432086,24.026781345839,-6.025818965227364,0.0,-1.193139167227211,-2.062306652739869,0.0,0.0,0.0,-1.578192735435069,0,0,0,0,0,0
image_1461.png,surface,0.0,0.0,3.418664963378076,-4.435656236837226,-23.453596219948363,0.0,-1.419615183033281,2.364134652769844,0.0,0.0,0.0,2.739950666942663,0,0,0,0,0,0
image_1464.png,surface,0.0,0.0,1.330830004353627,8.340071497116748,-5.284308817889311,0.0,-2.671030702389092,0.2178317112790982,0.0,0.0,0.0,-1.2583081256109874,0,0,0,0,0,0
image_1465.png,surface,0.0,0.0,2.7980123778678583,-8.233839065543751,7.335178278896674,0.0,2.2940257401510604,0.9676052490168354,0.0,0.0,0.0,-1.0055764109990886,0,0,0,0,0,0
image_1466.png,surface,0.0,0.0,0.7369202307421383,6.054377824372936,11.0767148657388,0.0,-0.1764708641244366,1.2455973182510425,0.0,0.0,0.0,2.6046571732029804,0,0,0,0,0,0
image_1467.png,surface,0.0,0.0,3.1831920235491555,19.247263783099203,10.69682723640746,0.0,1.7855278743673173,-0.5113168697620888,0.0,0.0,0.0,-1.039467106793375,0,0,0,0,0,0
image_1468.png,surface,0.0,0.0,1.156960991016722,-0.0175405083884085,-12.198781533528138,0.0,0.2948721836958183,-0.3468676285816257,0.0,0.0,0.0,-1.2837057322619645,0,0,0,0,0,0
image_1469.png,surface,0.0,0.0,2.654082790318836,4.378937841296333,20.73296298535679,0.0,2.926130341020982,0.3137938576553113,0.0,0.0,0.0,1.4144379701538767,0,0,0,0,0,0
image_1470.png,surface,0.0,0.0,2.781655293550066,20.47988570587111,10.337405951517889,0.0,-1.87896116744502,-0.5598448809460035,0.0,0.0,0.0,-1.402625845202791,0,0,0,0,0,0
image_1471.png,surface,0.0,0.0,3.179251127589329,10.916345475707436,2.334527804702845,0.0,-0.7649839875394102,-0.5704399942394736,0.0,0.0,0.0,-0.0721550206727617,0,0,0,0,0,0
image_1472.png,surface,0.0,0.0,1.1226167569497316,17.749402329801196,-5.161606900434245,0.0,-1.6371606970274462,2.018402039993734,0.0,0.0,0.0,-2.224982616112665,0,0,0,0,0,0
image_1473.png,surface,0.0,0.0,2.6698030325010915,-21.50594994281759,-7.927241147967432,0.0,-2.504868749410286,-0.3118020959012912,0.0,0.0,0.0,1.231278685430384,0,0,0,0,0,0
image_1474.png,surface,0.0,0.0,1.5592279250965984,-5.358462392239216,4.217149122136864,0.0,0.9501518440025788,0.99029769784995,0.0,0.0,0.0,-2.8925939838863863,0,0,0,0,0,0
image_1475.png,surface,0.0,0.0,1.6648612910083955,-19.090983421453583,2.0788507145241546,0.0,-0.106602160484234,-1.1950634553865762,0.0,0.0,0.0,0.776036870467427,0,0,0,0,0,0
image_1476.png,surface,0.0,0.0,2.0249361704806823,10.77437334992316,-1.94824911672704,0.0,1.0798696189645416,1.4833417900017123,0.0,0.0,0.0,-1.1745482014437063,0,0,0,0,0,0
image_1477.png,surface,0.0,0.0,0.8935211796564664,23.361947008829084,2.959247412018468,0.0,0.6575803894986177,1.152351755385589,0.0,0.0,0.0,2.3677990474487256,0,0,0,0,0,0
image_1478.png,surface,0.0,0.0,1.576173585867963,-15.109242782567929,-18.09158908185936,0.0,-1.7288568805773357,-2.001382175527951,0.0,0.0,0.0,2.508171728264725,0,0,0,0,0,0
image_1479.png,surface,0.0,0.0,3.321468053191696,19.35473901610132,1.2791809996762236,0.0,-1.536316397465155,-0.8270435527068253,0.0,0.0,0.0,2.9781036119229363,0,0,0,0,0,0
image_1480.png,surface,0.0,0.0,1.0418861846471863,6.501662259392328,-13.518189068132648,0.0,2.452055977378117,-0.9398444548445553,0.0,0.0,0.0,2.549317898818364,0,0,0,0,0,0
image_1481.png,surface,0.0,0.0,1.4454918560973822,14.338996806316995,-16.89166539210282,0.0,0.1889427863434174,-0.5553722798878885,0.0,0.0,0.0,1.5110894760879745,0,0,0,0,0,0
image_1482.png,surface,0.0,0.0,2.921835025124842,-2.748757259964226,-12.867900023368948,0.0,-0.3204337076952485,-1.7867326008895537,0.0,0.0,0.0,0.7251585024742973,0,0,0,0,0,0
image_1486.png,surface,0.0,0.0,3.457029244326585,7.250584903225493,19.42590226174568,0.0,0.2832825155996887,1.3872302900768485,0.0,0.0,0.0,-2.1272818064357537,0,0,0,0,0,0
image_1489.png,surface,0.0,0.0,2.771054050099865,-0.7006530266501027,12.077552890696325,0.0,2.646838261529138,-1.2380135348953103,0.0,0.0,0.0,1.5187855148781004,0,0,0,0,0,0
image_1490.png,surface,0.0,0.0,0.6882190301979614,6.471278014039147,23.2248766471684,0.0,-1.7325202861614817,1.893653217498993,0.0,0.0,0.0,-0.503526746394237,0,0,0,0,0,0
image_1491.png,surface,0.0,0.0,1.0086135487388836,-3.758888881790313,-4.407174200110361,0.0,-0.820709409841238,0.1647059458333652,0.0,0.0,0.0,-0.4579289868054568,0,0,0,0,0,0
image_1492.png,surface,0.0,0.0,2.659640304721238,-1.5652809792713678,-19.105212062146897,0.0,-2.48297170730735,-0.2184510681107535,0.0,0.0,0.0,-1.7828282765419254,0,0,0,0,0,0
image_1493.png,surface,0.0,0.0,1.4589538008161431,-19.512715621151045,-11.153331617453375,0.0,-1.154383198860862,-0.7930040483162429,0.0,0.0,0.0,0.7131466061867013,0,0,0,0,0,0
image_1494.png,surface,0.0,0.0,2.6050349317464736,-10.280202089352333,22.30740711111892,0.0,-1.8593194875039671,0.4882068488201727,0.0,0.0,0.0,-1.6973673943422865,0,0,0,0,0,0
image_1496.png,surface,0.0,0.0,2.271078856254114,-17.080238189162408,-14.807956956971177,0.0,-0.9958713571050058,1.1981584174071869,0.0,0.0,0.0,-0.0221532699025237,0,0,0,0,0,0
image_1498.png,surface,0.0,0.0,0.9345691259863024,11.725050456997309,11.81655840889839,0.0,0.760290150263726,-2.7457781968081623,0.0,0.0,0.0,1.5381718135862457,0,0,0,0,0,0
image_1499.png,surface,0.0,0.0,0.8562075882291125,-5.8609465469635,2.5981599335427243,0.0,0.9257870164784616,-1.6387301780649053,0.0,0.0,0.0,-1.1184495885398835,0,0,0,0,0,0
image_1501.png,surface,0.0,0.0,2.0150508149873945,-4.297283047851455,24.59259836818587,0.0,2.0642858068459407,2.1674605380897924,0.0,0.0,0.0,2.120877913459712,0,0,0,0,0,0
image_1502.png,surface,0.0,0.0,0.6497015878261094,-7.1139818717378045,8.09867380090685,0.0,-1.2268186058446136,-0.8102522100232834,0.0,0.0,0.0,0.768844004870612,0,0,0,0,0,0
image_1503.png,surface,0.0,0.0,0.9456735181773028,12.074461906849232,-2.158910337860761,0.0,2.777721949424239,-1.0667930653331616,0.0,0.0,0.0,0.8149235584300096,0,0,0,0,0,0
image_1504.png,surface,0.0,0.0,2.517658461810406,-0.368818233988901,-15.802265559521963,0.0,-1.8156935199525304,-0.567207081907046,0.0,0.0,0.0,2.3669960505262164,0,0,0,0,0,0
image_1505.png,surface,0.0,0.0,1.9302933283671968,-13.67962566791825,19.098705157726133,0.0,-1.3056075462948724,-0.9966768756910116,0.0,0.0,0.0,-1.535570523118938,0,0,0,0,0,0
image_1506.png,surface,0.0,0.0,2.292988358968329,5.216025810301423,-21.6529109497832,0.0,1.0818192123788395,0.1570961076730645,0.0,0.0,0.0,-1.1671270712588833,0,0,0,0,0,0
image_1507.png,surface,0.0,0.0,1.8748252526306504,-19.05340194711436,2.106009995112108,0.0,0.388816554660987,2.5581228958029096,0.0,0.0,0.0,-1.3322103190861827,0,0,0,0,0,0
image_1509.png,surface,0.0,0.0,2.975746183072392,0.3487840955239727,-20.68191610708215,0.0,0.700966994813595,2.0437996269773704,0.0,0.0,0.0,1.369171486048273,0,0,0,0,0,0
image_1510.png,surface,0.0,0.0,3.440433496918565,1.530690157234612,-10.150561142712748,0.0,0.7815804654468433,-0.5642978628877605,0.0,0.0,0.0,0.1969470568854774,0,0,0,0,0,0
image_1511.png,surface,0.0,0.0,3.317698825140655,13.27700683509712,13.843541930323354,0.0,0.2965879719423921,-0.3638434148920646,0.0,0.0,0.0,-0.435076379009605,0,0,0,0,0,0
image_1512.png,surface,0.0,0.0,2.686093696004724,17.597288009797353,0.8238531004157235,0.0,-0.7462554233965515,-0.498910751191905,0.0,0.0,0.0,2.114217140049336,0,0,0,0,0,0
image_1514.png,surface,0.0,0.0,3.49730532997092,5.605368307694079,-21.727299124652536,0.0,-0.5691339179260664,-0.0740764635470337,0.0,0.0,0.0,2.399096672255914,0,0,0,0,0,0
image_1516.png,surface,0.0,0.0,0.6829911069093004,-23.84429401140505,-1.775463185420887,0.0,-0.7363825007948765,1.729709427827654,0.0,0.0,0.0,-1.6392499439286947,0,0,0,0,0,0
image_1517.png,surface,0.0,0.0,3.474269931507928,15.32965059959266,11.919782920374775,0.0,2.5659719369440306,1.4802485519423951,0.0,0.0,0.0,-1.6688078806528464,0,0,0,0,0,0
image_1518.png,surface,0.0,0.0,2.21113015286433,8.874490001715722,-9.119572639697308,0.0,2.298831085025862,-1.3547416569556212,0.0,0.0,0.0,0.9962242005101256,0,0,0,0,0,0
image_1521.png,surface,0.0,0.0,1.785203508369526,-5.504439842123745,-20.122929325792114,0.0,0.2463810878184789,-2.9679151360286995,0.0,0.0,0.0,-2.5309961212759684,0,0,0,0,0,0
image_1524.png,surface,0.0,0.0,0.523600707570727,-11.586023809330603,21.2313316703652,0.0,0.8333392292593098,-1.673171928981789,0.0,0.0,0.0,2.266349746002517,0,0,0,0,0,0
image_1525.png,surface,0.0,0.0,2.0991070415198503,-4.017853533845871,3.536702606589272,0.0,0.5869770722022257,2.1469153093538567,0.0,0.0,0.0,-1.2305037170676314,0,0,0,0,0,0
image_1526.png,surface,0.0,0.0,0.6311486550952943,20.65975667113297,-11.10651307417685,0.0,-0.665508686956594,1.2013614655337377,0.0,0.0,0.0,2.698259457956105,0,0,0,0,0,0
image_1527.png,surface,0.0,0.0,2.644489987706821,3.35804454992472,15.509839066297303,0.0,1.3065467775187225,-1.2044036598479204,0.0,0.0,0.0,1.3022928155562656,0,0,0,0,0,0
image_1528.png,surface,0.0,0.0,3.3590584784280004,13.430412711801672,-20.54589813032795,0.0,1.2552498260026308,0.7292557735594932,0.0,0.0,0.0,1.454082269777231,0,0,0,0,0,0
image_1529.png,surface,0.0,0.0,0.6299616447435361,-20.59538129564392,-11.624935248558856,0.0,1.884887081790397,0.4861953680497032,0.0,0.0,0.0,1.1491427748500378,0,0,0,0,0,0
image_1530.png,surface,0.0,0.0,0.8092524835005217,12.557594985468922,-14.553355236174038,0.0,0.5559659735719593,1.7655319976365589,0.0,0.0,0.0,-1.6864302493738166,0,0,0,0,0,0
image_1531.png,surface,0.0,0.0,2.0467789212306045,-5.536277339929739,5.765287016420087,0.0,-0.9709448288429424,0.9274550212844448,0.0,0.0,0.0,-1.2260878367706405,0,0,0,0,0,0
image_1532.png,surface,0.0,0.0,3.4473863132335496,13.686356017783336,-16.304706064580348,0.0,-2.210715059607199,-1.6705680481743896,0.0,0.0,0.0,2.486441054717945,0,0,0,0,0,0
image_1533.png,surface,0.0,0.0,1.7343701924323998,-2.362798595434924,20.982307002623354,0.0,-2.124670326439127,1.860302109820122,0.0,0.0,0.0,2.078830877192273,0,0,0,0,0,0
image_1534.png,surface,0.0,0.0,2.346718863662797,16.69589580408965,-10.97135748240808,0.0,1.2558349245578642,-1.219156088556733,0.0,0.0,0.0,2.674524594475061,0,0,0,0,0,0
image_1535.png,surface,0.0,0.0,2.784959990960113,-8.118216023932005,9.767580592074887,0.0,-1.0230727285278618,2.690208487582917,0.0,0.0,0.0,-0.949458796028508,0,0,0,0,0,0
image_1536.png,surface,0.0,0.0,3.283760267649285,-19.158823121699463,-6.833499252384327,0.0,1.8684476086332449,-0.01534415697678,0.0,0.0,0.0,-0.7126260890226384,0,0,0,0,0,0
image_1537.png,surface,0.0,0.0,1.0310499532769557,10.703193550703404,-0.4466906609852719,0.0,1.3484828040313233,1.9372140923841537,0.0,0.0,0.0,2.843505953823792,0,0,0,0,0,0
image_1538.png,surface,0.0,0.0,3.2342780459615708,20.54063114091516,-6.070379457043902,0.0,1.996042604279324,-0.6626545023991246,0.0,0.0,0.0,2.115995992400353,0,0,0,0,0,0
image_1539.png,surface,0.0,0.0,2.379272741447395,-19.05444484344102,-0.8584514821261143,0.0,0.8863728495582297,-2.680419472844156,0.0,0.0,0.0,1.9983167331824951,0,0,0,0,0,0
image_1541.png,surface,0.0,0.0,1.3866656673083502,-15.349300663096882,10.27947021047936,0.0,-2.25591187170844,-1.5733762732282304,0.0,0.0,0.0,0.7434019678104837,0,0,0,0,0,0
image_1542.png,surface,0.0,0.0,2.0003028788880326,6.286344558948516,11.586863301531125,0.0,1.4057526005640029,2.1942314847286863,0.0,0.0,0.0,0.1697065169611402,0,0,0,0,0,0
image_1543.png,surface,0.0,0.0,1.1268775704025942,17.88510312373694,-4.564838222930515,0.0,2.6734026634749903,0.2129093538525187,0.0,0.0,0.0,0.7556630001428633,0,0,0,0,0,0
image_1544.png,surface,0.0,0.0,3.063812400670387,-17.858300683072844,8.260242185552972,0.0,1.1053119082124896,-1.3283384012573134,0.0,0.0,0.0,2.591204294740341,0,0,0,0,0,0
image_1545.png,surface,0.0,0.0,1.1137372775302476,-13.618215602822492,14.594301977342347,0.0,0.7769651312153067,0.776722382186218,0.0,0.0,0.0,-1.513905782413312,0,0,0,0,0,0
image_1548.png,surface,0.0,0.0,0.6487685396165646,16.97755039817589,14.644937070028435,0.0,-1.4807672349976009,1.217586578627024,0.0,0.0,0.0,0.2124898746601964,0,0,0,0,0,0
image_1549.png,surface,0.0,0.0,1.736442947668722,6.956232697090552,1.8195627282987408,0.0,-1.6749592327032017,-0.1650024735189524,0.0,0.0,0.0,1.202386310562952,0,0,0,0,0,0
image_1553.png,surface,0.0,0.0,1.8362399462931325,-15.281867826267234,8.176029750969132,0.0,-1.728064803954119,1.656262031205053,0.0,0.0,0.0,-2.273500733960346,0,0,0,0,0,0
image_1556.png,surface,0.0,0.0,0.8327097236724839,-17.36750325106424,2.5992142566308063,0.0,-1.8114552621978264,0.9989521267783694,0.0,0.0,0.0,0.4238895688566391,0,0,0,0,0,0
image_1557.png,surface,0.0,0.0,2.093739734582796,10.029984383394412,-7.317445597846009,0.0,-2.8949651974333914,0.7284323802133463,0.0,0.0,0.0,-1.6519513457852968,0,0,0,0,0,0
image_1558.png,surface,0.0,0.0,1.0960857169778513,-3.37448565406968,-23.99653818633812,0.0,-2.5439777372068746,0.7158977461228366,0.0,0.0,0.0,1.9119666532500768,0,0,0,0,0,0
image_1559.png,surface,0.0,0.0,3.435221927338418,-13.517295652856625,-5.150080781704944,0.0,0.4838798156240967,-2.579924925949583,0.0,0.0,0.0,-2.175518243940087,0,0,0,0,0,0
image_1560.png,surface,0.0,0.0,2.7158761190745286,-5.089949760356934,7.209356683294997,0.0,-1.381419271188977,0.1264539865677102,0.0,0.0,0.0,-0.5272928639913808,0,0,0,0,0,0
image_1561.png,surface,0.0,0.0,0.7430023848972627,-12.449504103886603,3.244330108751909,0.0,-1.5005687909300565,-0.9233656850330296,0.0,0.0,0.0,0.7144760352655277,0,0,0,0,0,0
image_1563.png,surface,0.0,0.0,0.7343770268367378,0.0375369255070693,-22.070113597096547,0.0,-2.1686761536468127,-0.8282422871883124,0.0,0.0,0.0,2.169336614213857,0,0,0,0,0,0
image_1565.png,surface,0.0,0.0,2.96805366346818,-10.496980906651476,-1.3174199778349165,0.0,2.385678572168655,0.3724338049961962,0.0,0.0,0.0,1.2748471529599046,0,0,0,0,0,0
image_1566.png,surface,0.0,0.0,0.700266645033262,8.153499325283905,-16.10139147100578,0.0,-0.8362939047306586,-0.7717595531614839,0.0,0.0,0.0,0.2604169971033743,0,0,0,0,0,0
image_1568.png,surface,0.0,0.0,1.3023357310467565,13.546674847060348,1.7306198675167588,0.0,2.829732341158353,0.4433226103754545,0.0,0.0,0.0,0.4604144622593411,0,0,0,0,0,0
image_1569.png,surface,0.0,0.0,2.372240904923901,8.422874649707895,4.65185176538693,0.0,-0.0944216666873277,-1.1767406454332403,0.0,0.0,0.0,-1.1762108276435987,0,0,0,0,0,0
image_1570.png,surface,0.0,0.0,3.4240503435751752,12.794141990417463,19.93060730646006,0.0,0.0921713364951397,0.6186166008547055,0.0,0.0,0.0,-2.311308037109174,0,0,0,0,0,0
image_1572.png,surface,0.0,0.0,1.1027795507181168,-0.8343914307257585,-18.83714946044844,0.0,0.273683013456125,1.1616001291872886,0.0,0.0,0.0,2.6421279783320992,0,0,0,0,0,0
image_1573.png,surface,0.0,0.0,2.630188420024216,1.775241837739056,11.335625579769893,0.0,1.9095257990746697,-0.0993568303098724,0.0,0.0,0.0,1.4321878588321422,0,0,0,0,0,0
image_1574.png,surface,0.0,0.0,2.169163256714137,-12.47054246274947,-3.725281666416429,0.0,2.3640504528955257,-0.7233234603105846,0.0,0.0,0.0,-0.1619717333825221,0,0,0,0,0,0
image_1575.png,surface,0.0,0.0,1.974883595592012,-16.32319038906952,5.865503309008767,0.0,-0.6737797751509991,1.6353933855156113,0.0,0.0,0.0,0.3385586355693966,0,0,0,0,0,0
image_1576.png,surface,0.0,0.0,3.225157421012991,-11.250804653063453,-10.747744466012922,0.0,-1.8824386708929943,-0.8498838222872123,0.0,0.0,0.0,2.4106568321129096,0,0,0,0,0,0
image_1577.png,surface,0.0,0.0,2.264389267847582,-14.560436662996404,-4.661940422316914,0.0,-0.5538565054028268,-1.432018937347342,0.0,0.0,0.0,-0.6973127049307499,0,0,0,0,0,0
image_1578.png,surface,0.0,0.0,0.9116290243789064,-16.878268346452614,8.124287603820287,0.0,1.2476920244344745,0.8971056315194934,0.0,0.0,0.0,2.0452173031678456,0,0,0,0,0,0
image_1579.png,surface,0.0,0.0,0.9949033716694352,-19.060005308673343,-8.976240217132931,0.0,-1.6667001941338926,-2.3354966539337583,0.0,0.0,0.0,1.0098182176197683,0,0,0,0,0,0
image_1580.png,surface,0.0,0.0,3.2659202416565694,2.435550076188642,3.134848251095633,0.0,2.455976541686275,1.194040946956732,0.0,0.0,0.0,-2.2284024718190487,0,0,0,0,0,0
image_1581.png,surface,0.0,0.0,0.7406155874484834,-4.698277298493645,-5.335025215572892,0.0,-0.2428008162592731,0.0313346721442612,0.0,0.0,0.0,0.9236478533515342,0,0,0,0,0,0
image_1582.png,surface,0.0,0.0,0.9137423312521392,3.117296086042206,14.79759692321768,0.0,1.3774392432879736,-0.1621120522329885,0.0,0.0,0.0,0.8306751824192711,0,0,0,0,0,0
image_1583.png,surface,0.0,0.0,2.4593410514300817,-0.9218844172907068,12.408870027553585,0.0,2.084150888697444,-0.2499962665004407,0.0,0.0,0.0,-1.4224919634636268,0,0,0,0,0,0
image_1584.png,surface,0.0,0.0,1.1730122342013043,17.55714085310019,15.99707504849512,0.0,2.4545035592056177,-0.6029493080939711,0.0,0.0,0.0,1.266876007076215,0,0,0,0,0,0
image_1585.png,surface,0.0,0.0,2.978297310233437,-20.91507921745848,11.083909405681483,0.0,0.0270426035802485,0.2475075836317712,0.0,0.0,0.0,-2.1888138619026227,0,0,0,0,0,0
image_1586.png,surface,0.0,0.0,1.7480194336140689,23.05029303922187,-9.573138735581283,0.0,0.2139565436826375,-1.5139866513081597,0.0,0.0,0.0,-2.483176991709797,0,0,0,0,0,0
image_1590.png,surface,0.0,0.0,2.777708696725212,-7.471636751932477,14.037382858049,0.0,1.262653528617038,-1.6766124399784654,0.0,0.0,0.0,0.458674744328154,0,0,0,0,0,0
image_1591.png,surface,0.0,0.0,0.7219691112644147,-1.328885927550619,3.253104416984972,0.0,0.9911743235412932,-0.2979566345928909,0.0,0.0,0.0,-0.1188969701861863,0,0,0,0,0,0
image_1592.png,surface,0.0,0.0,2.4204770613015048,-13.806956969747436,-3.451496479015133,0.0,-1.688885730603065,0.7767907121680242,0.0,0.0,0.0,-1.4009613751758163,0,0,0,0,0,0
image_1593.png,surface,0.0,0.0,2.112594354033035,14.78927571813619,6.256241382041687,0.0,0.9625022568300032,-1.2111991924304448,0.0,0.0,0.0,0.7350912408565544,0,0,0,0,0,0
image_1594.png,surface,0.0,0.0,2.0554716391627577,5.238730972063251,-3.362968585734551,0.0,0.0141688035851938,-0.9906611054943434,0.0,0.0,0.0,2.6550425241147426,0,0,0,0,0,0
image_1595.png,surface,0.0,0.0,1.3990550664892232,-7.83843735485045,-2.992115457634429,0.0,1.1118320572074123,-2.2263576492713204,0.0,0.0,0.0,-0.6328078075878256,0,0,0,0,0,0
image_1596.png,surface,0.0,0.0,2.7680859070132886,1.7413962732369015,-9.553644305029191,0.0,1.293216569578398,1.025174376554478,0.0,0.0,0.0,-1.261845903540513,0,0,0,0,0,0
image_1598.png,surface,0.0,0.0,0.9537637154292667,-14.049142320315056,5.146763781377008,0.0,-0.8478991563060683,0.4751848160048119,0.0,0.0,0.0,-1.7806977385423413,0,0,0,0,0,0
image_1599.png,surface,0.0,0.0,0.6681294211330167,16.804484054093617,7.887068883273263,0.0,-1.4731514475072602,0.6728572958305956,0.0,0.0,0.0,-1.8868290168337765,0,0,0,0,0,0
image_1601.png,surface,0.0,0.0,2.3241649383502736,-11.375432242845202,6.564031079536169,0.0,1.3342940816155315,1.4505352304662615,0.0,0.0,0.0,1.3257872260984804,0,0,0,0,0,0
image_1602.png,surface,0.0,0.0,1.160966279574628,9.889073186742747,-20.29461529051617,0.0,0.0784555706666865,-1.3415714011941324,0.0,0.0,0.0,-2.7357445880071785,0,0,0,0,0,0
image_1603.png,surface,0.0,0.0,2.726614380119184,18.461552628949818,-12.104641726318794,0.0,-0.756810613562418,0.2276887773349883,0.0,0.0,0.0,-2.054031194582944,0,0,0,0,0,0
image_1605.png,surface,0.0,0.0,1.915894271744932,-19.44751253378889,-5.7720992738812,0.0,-0.7669874338832265,0.268217040488204,0.0,0.0,0.0,-1.463661718138354,0,0,0,0,0,0
image_1607.png,surface,0.0,0.0,2.963036288800821,-3.672158262444727,-7.914398982168753,0.0,1.7420634523146292,-1.9452444637345143,0.0,0.0,0.0,0.8189524421212466,0,0,0,0,0,0
image_1609.png,surface,0.0,0.0,0.505024982221463,3.342188079084211,4.69410052124644,0.0,0.9386728379827302,-1.7226432207612612,0.0,0.0,0.0,-0.1731857895044912,0,0,0,0,0,0
image_1610.png,surface,0.0,0.0,2.1011291352538604,-7.231892884332982,-11.488458405293793,0.0,-1.9404481485120224,1.913219477145056,0.0,0.0,0.0,-0.424288977949387,0,0,0,0,0,0
image_1612.png,surface,0.0,0.0,2.2150800990375097,-2.761143135676399,-17.949602005798653,0.0,0.7666193877661415,-2.564341424419136,0.0,0.0,0.0,0.0733815011673781,0,0,0,0,0,0
image_1613.png,surface,0.0,0.0,0.5987084172782913,-5.369063008166961,-15.854296000586244,0.0,0.5764091770544456,-2.534265244970109,0.0,0.0,0.0,-2.9306156065049818,0,0,0,0,0,0
image_1614.png,surface,0.0,0.0,1.9720250586831256,-5.887704979716907,-5.000234009359497,0.0,-1.182109477789106,-0.3691388516211408,0.0,0.0,0.0,0.422976289645808,0,0,0,0,0,0
image_1615.png,surface,0.0,0.0,1.6722200174648212,6.462641266710966,0.2497567308839747,0.0,1.366904567108206,-2.0350619910312053,0.0,0.0,0.0,2.96300661401739,0,0,0,0,0,0
image_1616.png,surface,0.0,0.0,0.9687421473115312,-13.01940397995618,18.353217957832538,0.0,0.6442553967645955,2.7465279356941736,0.0,0.0,0.0,-2.9312601993483955,0,0,0,0,0,0
image_1617.png,surface,0.0,0.0,1.9035417241064647,4.8442942185855165,13.998774940324507,0.0,-0.27779083562514,0.4765582700065506,0.0,0.0,0.0,1.6406865036666751,0,0,0,0,0,0
image_1618.png,surface,0.0,0.0,1.9315082249105928,12.443573273290037,20.14866724519881,0.0,2.3549903049436822,-1.4451093103438035,0.0,0.0,0.0,-1.0917815870801209,0,0,0,0,0,0
image_1619.png,surface,0.0,0.0,0.7036443030149169,3.5641384905393605,1.1645263421262562,0.0,-2.49964852302628,0.6558963682867678,0.0,0.0,0.0,-2.4309648637368886,0,0,0,0,0,0
image_1620.png,surface,0.0,0.0,2.530723378533915,13.018670597651091,-6.553082343224093,0.0,-2.167087843138421,-0.0038559491308475,0.0,0.0,0.0,-1.875243852732404,0,0,0,0,0,0
image_1623.png,surface,0.0,0.0,2.381573883672885,-0.6948972332337624,4.736932577443458,0.0,-2.106291833808773,-1.3540619556271352,0.0,0.0,0.0,1.0242451962206376,0,0,0,0,0,0
image_1624.png,surface,0.0,0.0,2.745209166019622,-9.362845334164229,3.9803068943096727,0.0,2.490978264547412,-1.3403261295262678,0.0,0.0,0.0,-0.8758762026903089,0,0,0,0,0,0
image_1625.png,surface,0.0,0.0,3.308211825820827,13.134471234736193,14.584111319400758,0.0,0.6708748727397662,0.2050424572871669,0.0,0.0,0.0,1.361873747809355,0,0,0,0,0,0
image_1627.png,surface,0.0,0.0,1.9780546257648424,3.6315052985446696,5.8955276886754575,0.0,2.7999522779356103,0.3447169896650742,0.0,0.0,0.0,1.88708948831906,0,0,0,0,0,0
image_1629.png,surface,0.0,0.0,1.5777279218679308,0.5918659557386095,12.914869409470338,0.0,-1.636617358964012,2.3192884024843456,0.0,0.0,0.0,-2.93415015938071,0,0,0,0,0,0
image_1630.png,surface,0.0,0.0,2.682934405560529,-13.939629702870922,-15.277496829024791,0.0,-0.6093691953172562,0.5598515401033821,0.0,0.0,0.0,0.6849353241539844,0,0,0,0,0,0
image_1631.png,surface,0.0,0.0,3.3103870554929427,14.658127961869434,-10.362450366721388,0.0,-2.2388778853527715,1.1433078326655772,0.0,0.0,0.0,-1.0813508943738102,0,0,0,0,0,0
image_1632.png,surface,0.0,0.0,0.5486983321434789,-3.55872313136392,-8.883075008300695,0.0,-1.471248997205987,0.3919442194932966,0.0,0.0,0.0,0.6449432274469871,0,0,0,0,0,0
image_1633.png,surface,0.0,0.0,3.2616297266635583,7.582685686080965,10.915176090319395,0.0,-0.7800949346765272,-2.09574107561911,0.0,0.0,0.0,-1.8850652306630755,0,0,0,0,0,0
image_1634.png,surface,0.0,0.0,3.1551503381529504,-7.460893368719828,10.00991961676532,0.0,-2.863249658352464,0.0696846057102642,0.0,0.0,0.0,-2.9518693212770186,0,0,0,0,0,0
image_1635.png,surface,0.0,0.0,1.1164574078675311,-17.06589722395267,-5.916711381160757,0.0,-2.624062549693858,0.6307903853895321,0.0,0.0,0.0,1.60120840126328,0,0,0,0,0,0
image_1636.png,surface,0.0,0.0,1.7291407992400056,-7.625784957091254,20.65052424010264,0.0,-0.0818538537863643,2.2848702067407074,0.0,0.0,0.0,2.287805366648612,0,0,0,0,0,0
image_1637.png,surface,0.0,0.0,0.8687589298576537,-7.944529234416801,17.324194656165396,0.0,0.149551079156673,-2.879683251512593,0.0,0.0,0.0,1.4402432803487404,0,0,0,0,0,0
image_1639.png,surface,0.0,0.0,2.8322406805382494,-24.114297260206182,-4.1258230576375805,0.0,-0.4456912353539576,2.529052274897716,0.0,0.0,0.0,2.418648990382565,0,0,0,0,0,0
image_1641.png,surface,0.0,0.0,1.82435588201506,19.79616380986361,-13.466623897701831,0.0,-0.456418969883229,-0.4231484384361662,0.0,0.0,0.0,0.3949662411320362,0,0,0,0,0,0
image_1642.png,surface,0.0,0.0,2.390184470508273,11.268823040647618,3.898960883847284,0.0,-2.9165014368904045,-0.0824604500044297,0.0,0.0,0.0,0.3704303699072149,0,0,0,0,0,0
image_1643.png,surface,0.0,0.0,3.030942560778795,7.657444992434279,-6.142214841373386,0.0,-1.2747473665337163,0.6124606749300538,0.0,0.0,0.0,-2.216993510735451,0,0,0,0,0,0
image_1645.png,surface,0.0,0.0,0.8574745027633013,-0.1828849052657928,-10.007409314805098,0.0,-0.1925250766831296,0.7285465844223039,0.0,0.0,0.0,1.759327751725298,0,0,0,0,0,0
image_1647.png,surface,0.0,0.0,1.8259084211404577,0.2498992448176904,-2.934426725811244,0.0,-0.7828485510706864,0.4175517967685505,0.0,0.0,0.0,-1.1625884378977356,0,0,0,0,0,0
image_1648.png,surface,0.0,0.0,2.908608163481712,-12.968676198611856,6.197322747452793,0.0,-1.6690982958431155,1.002465783262213,0.0,0.0,0.0,2.931630189154415,0,0,0,0,0,0
image_1649.png,surface,0.0,0.0,0.5004511432425667,0.4049348693220049,-15.970222238210908,0.0,1.2674237568317408,0.4989310457414829,0.0,0.0,0.0,0.599635007549276,0,0,0,0,0,0
image_1650.png,surface,0.0,0.0,0.8450842388232007,-12.318390243764334,-8.169102437556749,0.0,-1.2335780336336366,-0.5002991232179078,0.0,0.0,0.0,-1.4795252487460515,0,0,0,0,0,0
image_1651.png,surface,0.0,0.0,1.6050297931034438,-3.2078858265751884,-9.679017235309209,0.0,2.222190905752135,0.6551481080625664,0.0,0.0,0.0,1.1313438436409946,0,0,0,0,0,0
image_1652.png,surface,0.0,0.0,1.692971601787024,-21.05274663501548,12.623234341781034,0.0,-2.393684150398821,0.397507484501828,0.0,0.0,0.0,-1.0523491762301411,0,0,0,0,0,0
image_1653.png,surface,0.0,0.0,3.001273642118004,-13.207774674310643,13.671712956929326,0.0,1.5657128094160504,-1.8238133508762773,0.0,0.0,0.0,2.857562519962669,0,0,0,0,0,0
image_1656.png,surface,0.0,0.0,1.774093117075885,-14.920432027919665,13.058764977492244,0.0,0.6695833443666751,1.2485052636999885,0.0,0.0,0.0,-1.639755542773972,0,0,0,0,0,0
image_1657.png,surface,0.0,0.0,0.7008915578489101,19.09751807646617,-10.985873291936024,0.0,1.0390265015178786,0.3603506928566643,0.0,0.0,0.0,1.92232999931438,0,0,0,0,0,0
image_1658.png,surface,0.0,0.0,1.8738861341613964,-19.737768599015546,-0.2091323742308386,0.0,0.1202462104387655,1.02111508796899,0.0,0.0,0.0,-2.0903246130428066,0,0,0,0,0,0
image_1659.png,surface,0.0,0.0,1.7330263511445911,12.643671100073153,20.31433975242,0.0,1.89525199966561,-2.238478241072192,0.0,0.0,0.0,-1.0642473403390502,0,0,0,0,0,0
image_1660.png,surface,0.0,0.0,2.148371755752192,12.52565706952884,7.373375293622498,0.0,-0.8541958916683957,1.4653945003274302,0.0,0.0,0.0,0.4548808485948727,0,0,0,0,0,0
image_1661.png,surface,0.0,0.0,2.419487461867773,-16.967137228653545,17.39666942906202,0.0,-2.232679164140975,0.4747110550243149,0.0,0.0,0.0,-0.8392036569296759,0,0,0,0,0,0
image_1662.png,surface,0.0,0.0,0.6767134113268003,-12.07179841339124,-3.466258291802535,0.0,-1.605182131161435,1.9558276363122693,0.0,0.0,0.0,-0.8003309627489577,0,0,0,0,0,0
image_1663.png,surface,0.0,0.0,2.3525882979753563,17.10379597699477,-5.77759903783632,0.0,-0.576350510240389,-1.9590285604713653,0.0,0.0,0.0,2.5381882474049497,0,0,0,0,0,0
image_1666.png,surface,0.0,0.0,3.176990519229604,8.86743098067598,-0.6924887197183541,0.0,-0.3907349293714112,0.9685635376739044,0.0,0.0,0.0,1.0359072417191904,0,0,0,0,0,0
image_1667.png,surface,0.0,0.0,0.9015095842114882,-9.61148708672482,20.60384207252832,0.0,-1.0338082853702977,2.7002542585003053,0.0,0.0,0.0,1.880047423640704,0,0,0,0,0,0
image_1669.png,surface,0.0,0.0,1.7690562902548792,24.264903937322547,1.7220930573020723,0.0,-1.3133860748719066,1.8901275101362367,0.0,0.0,0.0,1.3345080621250984,0,0,0,0,0,0
image_1670.png,surface,0.0,0.0,0.6811816137480191,-1.8297686766202543,-16.71513006604638,0.0,1.377832064294727,-0.6135530523183667,0.0,0.0,0.0,1.179327881411898,0,0,0,0,0,0
image_1671.png,surface,0.0,0.0,1.3588298417491844,13.615266621185164,2.0501613372965566,0.0,1.8441475444501587,1.4439954809746074,0.0,0.0,0.0,0.9543331159826168,0,0,0,0,0,0
image_1673.png,surface,0.0,0.0,1.9311308632213289,15.294783604391409,11.672358039415323,0.0,2.67196697462784,1.2092495185754222,0.0,0.0,0.0,-1.251089265300562,0,0,0,0,0,0
image_1674.png,surface,0.0,0.0,2.220136174483442,-7.992030760152763,3.775344477613608,0.0,-0.5237490653560378,0.0735521136113673,0.0,0.0,0.0,-0.3939680858991292,0,0,0,0,0,0
image_1675.png,surface,0.0,0.0,2.7478470665065835,3.2410815173202527,18.346383048520817,0.0,2.703967648392366,-0.8765095697733398,0.0,0.0,0.0,-1.5565878110912117,0,0,0,0,0,0
image_1676.png,surface,0.0,0.0,3.269718140360083,3.614766974165715,12.395654034228606,0.0,0.6656807468952723,-0.0730730696959426,0.0,0.0,0.0,0.7122388382776172,0,0,0,0,0,0
image_1677.png,surface,0.0,0.0,1.8128626823599807,17.614989701686625,-12.24975516374326,0.0,-2.025435943987051,-0.8508284546314768,0.0,0.0,0.0,1.5714136755847845,0,0,0,0,0,0
image_1678.png,surface,0.0,0.0,2.3834298548807094,-6.789360783740145,17.37748875322496,0.0,-1.3029356012315745,-0.2629062732859418,0.0,0.0,0.0,-0.5399829632782644,0,0,0,0,0,0
image_1680.png,surface,0.0,0.0,1.9259414849600245,16.458694859933733,0.8157200225186192,0.0,-0.5214550246180726,2.712481698793736,0.0,0.0,0.0,-2.053380472208662,0,0,0,0,0,0
image_1681.png,surface,0.0,0.0,3.1100220888790946,10.729845273777828,17.86976958399853,0.0,-0.7463039070485715,-0.9998297404972792,0.0,0.0,0.0,-0.4422029948083494,0,0,0,0,0,0
image_1682.png,surface,0.0,0.0,2.276836061247697,8.733318881846072,-1.7518456538042548,0.0,-2.0099364668547013,-0.7340500926548951,0.0,0.0,0.0,1.5150422466819702,0,0,0,0,0,0
image_1683.png,surface,0.0,0.0,1.6253042389946992,-13.13000535580025,14.25744174213961,0.0,-0.0168983994805436,-1.4251123048204135,0.0,0.0,0.0,0.5548532694409678,0,0,0,0,0,0
image_1684.png,surface,0.0,0.0,0.7677388110404659,3.049913350264098,-2.3475129380379123,0.0,-0.0764048110526913,-1.6178071993658514,0.0,0.0,0.0,-0.8237818211835055,0,0,0,0,0,0
image_1685.png,surface,0.0,0.0,1.9957576365948388,3.3325984933862056,-17.5292258785198,0.0,2.8250188703337544,-0.8958269024485946,0.0,0.0,0.0,1.529801831962855,0,0,0,0,0,0
image_1686.png,surface,0.0,0.0,3.2561099520120385,-1.6033185255340587,-1.246617928110931,0.0,-2.6496329711045425,-1.1093306699538894,0.0,0.0,0.0,-1.5101129823500925,0,0,0,0,0,0
image_1687.png,surface,0.0,0.0,0.7216826844977908,5.242962693254633,-13.874530766983646,0.0,0.984132612840886,0.729371163479843,0.0,0.0,0.0,2.798948894045549,0,0,0,0,0,0
image_1688.png,surface,0.0,0.0,2.092614257074051,-4.196266332424008,14.621904180148434,0.0,-1.045440874657443,1.7635784040907818,0.0,0.0,0.0,1.0806551654534706,0,0,0,0,0,0
image_1691.png,surface,0.0,0.0,0.9534514293359906,9.904588470571506,-0.4427988847534382,0.0,0.6337367026448956,-1.1524382149883323,0.0,0.0,0.0,0.7166418271448127,0,0,0,0,0,0
image_1693.png,surface,0.0,0.0,2.648013053888863,12.87329521507493,3.150586424497487,0.0,2.128464504843018,0.3092201374551646,0.0,0.0,0.0,2.633869684444777,0,0,0,0,0,0
image_1695.png,surface,0.0,0.0,2.0530483805488045,5.245950628528321,-1.888310444249197,0.0,0.7771714323374668,-0.1653869057575867,0.0,0.0,0.0,1.9660233405927567,0,0,0,0,0,0
image_1696.png,surface,0.0,0.0,0.5136742127383318,-9.787211531075668,-1.8426169627829008,0.0,-0.7388958561220785,-1.14885971940359,0.0,0.0,0.0,0.2663569597179882,0,0,0,0,0,0
image_1699.png,surface,0.0,0.0,2.502332622242455,18.19952454842733,8.794082393127114,0.0,-0.6302628438259853,-2.224793895646822,0.0,0.0,0.0,-1.5288835067967297,0,0,0,0,0,0
image_1701.png,surface,0.0,0.0,2.7734438089211504,16.570312382300195,5.593628629771223,0.0,2.836321185887837,-0.5669621736381802,0.0,0.0,0.0,0.8760898000357624,0,0,0,0,0,0
image_1703.png,surface,0.0,0.0,1.5537904878071087,-1.571028386963985,5.874511702535123,0.0,-2.3102520266164404,-0.2824511032953268,0.0,0.0,0.0,1.8822836134703904,0,0,0,0,0,0
image_1705.png,surface,0.0,0.0,0.59651267265754,16.295871392890486,8.853876875226716,0.0,0.1184943503678474,-0.3130443873621,0.0,0.0,0.0,-0.8108588050181003,0,0,0,0,0,0
image_1706.png,surface,0.0,0.0,1.8516846006874048,-5.511020975291401,-10.702707515044418,0.0,0.6152844505736433,-1.838463083242895,0.0,0.0,0.0,2.510031048696333,0,0,0,0,0,0
image_1707.png,surface,0.0,0.0,1.8786072248319128,5.658463237164725,-21.021082839405697,0.0,1.37552168439896,1.0405008228349768,0.0,0.0,0.0,2.47069476868588,0,0,0,0,0,0
image_1708.png,surface,0.0,0.0,1.658555729724935,4.546157861615744,8.02468638258412,0.0,2.9585583163890825,-0.233547577416828,0.0,0.0,0.0,2.5854386988438103,0,0,0,0,0,0
image_1709.png,surface,0.0,0.0,0.589769043167989,-9.391913095381344,-5.784003692282764,0.0,-0.9100531402927432,1.898209906731337,0.0,0.0,0.0,2.405751153226664,0,0,0,0,0,0
image_1710.png,surface,0.0,0.0,1.098035710645862,8.307989752269634,7.52670517034538,0.0,0.0720927431157109,-0.8129073058346967,0.0,0.0,0.0,-1.117258088852022,0,0,0,0,0,0
image_1711.png,surface,0.0,0.0,0.909543499127326,-1.7227994049880648,18.90511679414528,0.0,-1.919750186659533,-0.3980048362104721,0.0,0.0,0.0,1.1950089150997787,0,0,0,0,0,0
image_1712.png,surface,0.0,0.0,0.5382158047987531,4.574426038581975,0.2602653977437923,0.0,-2.0353368549513235,1.3280358468203488,0.0,0.0,0.0,-1.5277694049949189,0,0,0,0,0,0
image_1713.png,surface,0.0,0.0,2.3574006923696897,10.616724318629,12.562422289519098,0.0,0.566397460143527,1.931773566476433,0.0,0.0,0.0,1.985473848229848,0,0,0,0,0,0
image_1714.png,surface,0.0,0.0,0.796837893944423,-8.18471279320361,-23.31529888275913,0.0,-2.2582883041617707,-1.007288911240442,0.0,0.0,0.0,-2.0889812773659457,0,0,0,0,0,0
image_1715.png,surface,0.0,0.0,0.9451686065508764,14.395441037014669,-16.686385896319134,0.0,-1.696128742318354,-0.2418584556371745,0.0,0.0,0.0,0.9991169653896264,0,0,0,0,0,0
image_1716.png,surface,0.0,0.0,0.797339488785954,5.4064891025857165,-21.58070181722918,0.0,2.405541148451016,1.6076284945068136,0.0,0.0,0.0,0.2095711056183709,0,0,0,0,0,0
image_1717.png,surface,0.0,0.0,2.7939962276153576,22.88799401514072,5.618407879287171,0.0,2.1940681615452573,0.6393374819958382,0.0,0.0,0.0,0.3194648036685894,0,0,0,0,0,0
image_1718.png,surface,0.0,0.0,3.150135210449632,-0.3788892456258537,-15.963721675594208,0.0,2.326358570783053,0.2007238992383771,0.0,0.0,0.0,1.5502641577441905,0,0,0,0,0,0
image_1719.png,surface,0.0,0.0,0.856382089344123,-8.549370368219154,10.036432442097691,0.0,1.2822920625762912,-2.711291309772523,0.0,0.0,0.0,2.0512841126062966,0,0,0,0,0,0
image_1720.png,surface,0.0,0.0,2.3469948001764123,23.738990522843693,6.181512692250237,0.0,-0.3200822993830128,1.577512526050309,0.0,0.0,0.0,-2.186875231343243,0,0,0,0,0,0
image_1722.png,surface,0.0,0.0,1.3439794717525833,9.14708847305294,3.33193767850744,0.0,-2.652522518544644,-0.7253754582123435,0.0,0.0,0.0,2.2484869409036587,0,0,0,0,0,0
image_1725.png,surface,0.0,0.0,0.8229357480889561,-6.539531909633251,-21.17973024356476,0.0,1.6691834116109472,-0.8569486856399606,0.0,0.0,0.0,1.7519753040639223,0,0,0,0,0,0
image_1726.png,surface,0.0,0.0,3.37474119879786,9.895558662098669,7.575195353662698,0.0,1.3175181038598136,-1.2106820759699994,0.0,0.0,0.0,-0.3329833745891308,0,0,0,0,0,0
image_1727.png,surface,0.0,0.0,2.535906327602474,-12.446194191250472,12.53065705380011,0.0,-0.2593236492244601,0.2251885244187061,0.0,0.0,0.0,-1.7678217041471067,0,0,0,0,0,0
image_1728.png,surface,0.0,0.0,3.361878530538481,7.301626405931223,5.851045109219898,0.0,-0.7390805696847348,2.818424274320356,0.0,0.0,0.0,2.825490824504369,0,0,0,0,0,0
image_1730.png,surface,0.0,0.0,2.882461034816721,-15.204167027175773,10.54866346261463,0.0,2.210536230472478,-0.8666394355386949,0.0,0.0,0.0,1.13342938577643,0,0,0,0,0,0
image_1731.png,surface,0.0,0.0,1.7618774534709265,-13.246509878475488,9.385182345245957,0.0,1.5451382430889846,-1.7558297623917958,0.0,0.0,0.0,-0.7574972847392658,0,0,0,0,0,0
image_1734.png,surface,0.0,0.0,0.941496329010068,-18.63057196072075,11.929531978033411,0.0,1.250220566479614,2.28832843881031,0.0,0.0,0.0,2.1514664472158413,0,0,0,0,0,0
image_1736.png,surface,0.0,0.0,0.8768667252766349,5.943577628779617,-10.61885652662671,0.0,-1.186419985575282,1.363095934777467,0.0,0.0,0.0,-1.0841124417022976,0,0,0,0,0,0
image_1738.png,surface,0.0,0.0,0.531625442264094,17.142069994528743,-7.885598686899797,0.0,-1.5520259597917427,0.2375430368040085,0.0,0.0,0.0,2.070529119481029,0,0,0,0,0,0
image_1739.png,surface,0.0,0.0,1.9347935006001653,2.59192380662094,-20.01761516859385,0.0,1.5301694367325844,-2.0797517788339954,0.0,0.0,0.0,2.5310062496167456,0,0,0,0,0,0
image_1740.png,surface,0.0,0.0,2.1591599701302,14.058817455294047,-5.926280873456307,0.0,0.4321760258085996,-0.0788137842613549,0.0,0.0,0.0,-2.321135353497984,0,0,0,0,0,0
image_1742.png,surface,0.0,0.0,1.8397845507816504,-2.642411104118158,-15.626916462124065,0.0,0.0001720855946887,1.5579827433441369,0.0,0.0,0.0,-2.3525471879012145,0,0,0,0,0,0
image_1743.png,surface,0.0,0.0,0.5164600857952868,-9.426375203441063,-15.745783010271834,0.0,1.568346379151372,1.1592233937869765,0.0,0.0,0.0,2.20460290256427,0,0,0,0,0,0
image_1744.png,surface,0.0,0.0,1.1563465388455365,11.737967864441936,5.877306327316159,0.0,-2.3968201647044887,-1.418144554396026,0.0,0.0,0.0,0.3050202059819051,0,0,0,0,0,0
image_1745.png,surface,0.0,0.0,0.642662879694849,-4.433061189325882,15.189495792314723,0.0,-2.548432252195544,-1.5484688817034111,0.0,0.0,0.0,-2.9527535155191686,0,0,0,0,0,0
image_1746.png,surface,0.0,0.0,3.4428572147640333,-2.6048809824203696,12.914897823201892,0.0,0.2258817501984635,1.8141215954314045,0.0,0.0,0.0,-2.0061024538496017,0,0,0,0,0,0
image_1749.png,surface,0.0,0.0,0.6155875835039499,0.1125606327184081,19.017123105614168,0.0,2.85027329390999,-0.6760186865788581,0.0,0.0,0.0,-1.550121101553619,0,0,0,0,0,0
image_1751.png,surface,0.0,0.0,2.836566564503072,-8.057544622853023,-21.16437766704308,0.0,-0.0455004775572954,-2.7492447660606034,0.0,0.0,0.0,-1.673131767915599,0,0,0,0,0,0
image_1752.png,surface,0.0,0.0,1.6970575563788304,13.613742061366324,-16.941937949760124,0.0,1.0994429801682308,0.0771130415407692,0.0,0.0,0.0,-1.291627216310821,0,0,0,0,0,0
image_1753.png,surface,0.0,0.0,2.016087531751916,-3.016075699162491,2.6373212621265165,0.0,1.8697020900612789,1.263935953481253,0.0,0.0,0.0,-0.8635292314021061,0,0,0,0,0,0
image_1754.png,surface,0.0,0.0,3.117526326425736,19.15084017172741,-2.7866714918239195,0.0,-0.0803490769759572,-2.4757344121779807,0.0,0.0,0.0,-2.9766559569859226,0,0,0,0,0,0
image_1755.png,surface,0.0,0.0,3.173728780874081,-5.784520013257726,3.990833352851536,0.0,-2.1759547552533114,-1.1409948800059075,0.0,0.0,0.0,-2.993939731701883,0,0,0,0,0,0
image_1757.png,surface,0.0,0.0,2.7804784329186614,-12.90656211658601,-19.04986831472773,0.0,-1.927769482757232,-1.5729112375835528,0.0,0.0,0.0,2.116218726977353,0,0,0,0,0,0
image_1758.png,surface,0.0,0.0,1.202527427788127,-8.577418987200721,-9.397953010318997,0.0,-0.5145416707127032,1.9039806314658647,0.0,0.0,0.0,-1.97657044743698,0,0,0,0,0,0
image_1759.png,surface,0.0,0.0,1.025559198659326,-16.75996031057431,-13.568689802247198,0.0,0.5234356470427495,-1.7258156888696567,0.0,0.0,0.0,0.9080634035600044,0,0,0,0,0,0
image_1760.png,surface,0.0,0.0,3.4288828597425303,21.018073940532,13.493537927419768,0.0,-0.7974052273942703,-1.4772264022633443,0.0,0.0,0.0,-2.4701626915048824,0,0,0,0,0,0
image_1761.png,surface,0.0,0.0,2.414603031858114,16.079292717580447,19.20674205611413,0.0,0.1247140057274982,-1.7739380267303886,0.0,0.0,0.0,2.626815269348137,0,0,0,0,0,0
image_1763.png,surface,0.0,0.0,3.133513642575789,9.770757877471322,16.035300344530327,0.0,-0.5562476425604643,1.0909410750967865,0.0,0.0,0.0,-2.6106367325624,0,0,0,0,0,0
image_1764.png,surface,0.0,0.0,0.5811032059725942,-15.85769880415804,16.13703916293204,0.0,0.3554599196465934,-1.8947681421065188,0.0,0.0,0.0,-0.8668387953247523,0,0,0,0,0,0
image_1765.png,surface,0.0,0.0,1.3576651636042485,6.494873825641064,8.47067990455806,0.0,1.8533659562982447,2.115545127870386,0.0,0.0,0.0,1.4225988090485917,0,0,0,0,0,0
image_1766.png,surface,0.0,0.0,2.657510049955359,24.77601644118712,2.282778565999228,0.0,2.3889656956584893,1.2882530376275252,0.0,0.0,0.0,0.3649423285659692,0,0,0,0,0,0
image_1767.png,surface,0.0,0.0,1.863869571885976,9.448138123856328,-5.978930608751482,0.0,-2.899726932097612,-0.2811881110168385,0.0,0.0,0.0,0.944866079474768,0,0,0,0,0,0
image_1768.png,surface,0.0,0.0,3.3286068786605365,-19.575859737217986,7.300661701837623,0.0,1.7246618472779325,0.93000313943124,0.0,0.0,0.0,-1.5615501373422018,0,0,0,0,0,0
image_1769.png,surface,0.0,0.0,1.851723489257164,-0.6940210264323842,6.62514884912813,0.0,-1.8438361362495823,-2.240219414651329,0.0,0.0,0.0,-0.1912299264463053,0,0,0,0,0,0
image_1770.png,surface,0.0,0.0,0.8810966541272884,-5.394152494396597,7.964369463761471,0.0,0.3684137698388469,-1.2176919742307404,0.0,0.0,0.0,-0.6367823823643022,0,0,0,0,0,0
image_1771.png,surface,0.0,0.0,3.221900798455438,0.927232320767537,-11.17276214112231,0.0,-2.748219208106217,0.8475175080754821,0.0,0.0,0.0,1.790975697342887,0,0,0,0,0,0
image_1772.png,surface,0.0,0.0,0.515350317687385,6.536721202875774,15.027786288893823,0.0,-2.3621533366376988,0.640455015658949,0.0,0.0,0.0,1.263363394370158,0,0,0,0,0,0
image_1773.png,surface,0.0,0.0,2.77629048410874,-6.0474705488419325,-9.688692754572486,0.0,-0.0955703966012542,-0.5466666311324737,0.0,0.0,0.0,2.4667997005616726,0,0,0,0,0,0
image_1774.png,surface,0.0,0.0,0.5250129746588894,21.36879049307048,-2.999544703846002,0.0,0.0271471475069505,-1.5090397334141163,0.0,0.0,0.0,0.8182329869391838,0,0,0,0,0,0
image_1777.png,surface,0.0,0.0,3.354988561290492,-19.63927325438801,-4.840645293524869,0.0,-1.804775260827877,0.918263587737452,0.0,0.0,0.0,-2.6256427134806346,0,0,0,0,0,0
image_1778.png,surface,0.0,0.0,1.6902214880304365,4.380875669163984,0.0021472733712815,0.0,-0.310501165898224,0.7327518964466428,0.0,0.0,0.0,1.5532509306786224,0,0,0,0,0,0
image_1779.png,surface,0.0,0.0,0.5928584724474928,12.39766349650004,-21.05816936839385,0.0,-1.465031351709729,0.4982977305733567,0.0,0.0,0.0,1.400471501793611,0,0,0,0,0,0
image_1780.png,surface,0.0,0.0,2.830383120087695,13.260571154152638,7.604807405240349,0.0,0.9768589040330016,2.5734857199299124,0.0,0.0,0.0,1.5391521361210323,0,0,0,0,0,0
image_1783.png,surface,0.0,0.0,1.7156841575314346,5.159088139646088,-13.898750856170814,0.0,0.5391146122492178,0.2115093795000157,0.0,0.0,0.0,0.838104946238571,0,0,0,0,0,0
image_1784.png,surface,0.0,0.0,1.815542275102756,-13.169182832106548,-6.888401851539466,0.0,-0.7659766050467236,-1.5373459185814444,0.0,0.0,0.0,-1.6174963176624757,0,0,0,0,0,0
image_1787.png,surface,0.0,0.0,1.8911614704134547,1.3870422623665235,-21.065450647908925,0.0,-0.581505322217509,-1.4049772032661594,0.0,0.0,0.0,1.9507237791983407,0,0,0,0,0,0
image_1788.png,surface,0.0,0.0,0.6188524891339615,13.11112943465766,-14.522556307846228,0.0,0.9438054660033056,-1.290760352057669,0.0,0.0,0.0,-0.4062707058126715,0,0,0,0,0,0
image_1789.png,surface,0.0,0.0,3.334301508734677,24.75079674830567,2.090639017272759,0.0,0.3586830209078723,2.200717005074359,0.0,0.0,0.0,0.6614567676112904,0,0,0,0,0,0
image_1792.png,surface,0.0,0.0,1.5393519662000856,13.560838251612576,10.582600248726678,0.0,-2.189326082407019,-1.873727829839935,0.0,0.0,0.0,-2.644520033479088,0,0,0,0,0,0
image_1796.png,surface,0.0,0.0,3.1297477210074574,15.758833026799154,18.86981905833316,0.0,-0.5434547753562468,-2.804759497933427,0.0,0.0,0.0,1.6188652351775552,0,0,0,0,0,0
image_1797.png,surface,0.0,0.0,1.969194394298766,-0.8303063121391777,-3.491012424158312,0.0,2.186330001660723,-1.963479180928047,0.0,0.0,0.0,-1.505770007193054,0,0,0,0,0,0
image_1799.png,surface,0.0,0.0,1.3866109784946437,-18.18724557836834,-15.593465009126708,0.0,1.3739434359433955,-1.6370487271202627,0.0,0.0,0.0,-1.1568667682985172,0,0,0,0,0,0
image_1800.png,surface,0.0,0.0,2.376208394080252,-19.97840159506397,4.666744016184103,0.0,0.5556647366177168,-0.317805426946312,0.0,0.0,0.0,-2.19501303923254,0,0,0,0,0,0
image_1802.png,surface,0.0,0.0,2.035924774875645,-11.802479587626008,21.684369149629926,0.0,-1.0875204965761944,-0.6669579319942907,0.0,0.0,0.0,1.7178677711499075,0,0,0,0,0,0
image_1803.png,surface,0.0,0.0,0.9795381739041796,18.32076666547808,3.865561356239461,0.0,-0.5607673264403256,1.9555395273979923,0.0,0.0,0.0,-1.5401481665877192,0,0,0,0,0,0
image_1807.png,surface,0.0,0.0,3.054631556745093,-12.76565586501723,-2.175341483953687,0.0,1.7686188141872297,-1.174682352199084,0.0,0.0,0.0,-2.384248864614846,0,0,0,0,0,0
image_1808.png,surface,0.0,0.0,2.5433751622716385,-17.456634672995968,-8.210498172452523,0.0,0.8891591668185721,-0.0921663603293852,0.0,0.0,0.0,0.9588881577738246,0,0,0,0,0,0
image_1809.png,surface,0.0,0.0,0.7480126913748544,5.161348669502292,-6.780004999729943,0.0,1.643084102199312,-1.6278153777646118,0.0,0.0,0.0,-0.4459880683918289,0,0,0,0,0,0
image_1810.png,surface,0.0,0.0,2.1961372654922693,19.72495559045264,13.990247012273883,0.0,2.440338715838326,-0.6308626161539268,0.0,0.0,0.0,-2.857988742024772,0,0,0,0,0,0
image_1811.png,surface,0.0,0.0,0.7607603432253904,19.82302353720915,-4.196021743900251,0.0,1.4043218542786975,1.1139870852477762,0.0,0.0,0.0,2.643397796934627,0,0,0,0,0,0
image_1812.png,surface,0.0,0.0,2.4363694707612624,4.682491477831533,-13.818233769795192,0.0,-1.5531944347647573,1.78507396540548,0.0,0.0,0.0,-1.7970752840900126,0,0,0,0,0,0
image_1813.png,surface,0.0,0.0,1.6839569364821083,-0.27213205433758,-21.40209042885334,0.0,0.4553134225390942,2.813314398869824,0.0,0.0,0.0,1.9568865798255344,0,0,0,0,0,0
image_1814.png,surface,0.0,0.0,2.9389968714323134,-22.38921034343952,-6.242917882066287,0.0,-2.690066691466933,-0.7571515712952024,0.0,0.0,0.0,1.6244510383418556,0,0,0,0,0,0
image_1815.png,surface,0.0,0.0,2.840536455248934,10.658931775677662,-20.25172758470033,0.0,2.324568005092052,-1.5238005262032237,0.0,0.0,0.0,2.3604125009672483,0,0,0,0,0,0
image_1816.png,surface,0.0,0.0,3.49912513632478,-11.08727985448122,15.680606580551162,0.0,0.4487269631060958,-2.310937995170431,0.0,0.0,0.0,2.7262670037418992,0,0,0,0,0,0
image_1817.png,surface,0.0,0.0,1.3975108182581248,7.926187450195973,-20.99579380286572,0.0,-2.1422293977434044,-0.5959980621620568,0.0,0.0,0.0,-1.811221923218021,0,0,0,0,0,0
image_1818.png,surface,0.0,0.0,1.0252363872919767,9.12403825074835,4.027862048542957,0.0,1.889269344688131,2.073476146115264,0.0,0.0,0.0,0.846822154816127,0,0,0,0,0,0
image_1819.png,surface,0.0,0.0,1.0559547151522328,17.130684720227688,9.912189212575518,0.0,0.8872639005592947,0.3005383299186408,0.0,0.0,0.0,-1.022334305126359,0,0,0,0,0,0
image_1820.png,surface,0.0,0.0,2.2967569600751863,-9.374458833462018,11.49547732643923,0.0,0.6086634383744143,-2.181051493509913,0.0,0.0,0.0,1.56101529925661,0,0,0,0,0,0
image_1821.png,surface,0.0,0.0,1.5036324532347485,-7.403570233194947,11.556276432780846,0.0,-2.8485368527336843,-0.4419854466479526,0.0,0.0,0.0,-2.123956425606357,0,0,0,0,0,0
image_1822.png,surface,0.0,0.0,3.220564489698054,8.308177644154462,4.542073385270244,0.0,0.7457331040758273,0.9896429712443108,0.0,0.0,0.0,-1.0874895094896515,0,0,0,0,0,0
image_1824.png,surface,0.0,0.0,2.7944504357581814,-2.6190109333783784,-2.184385972254625,0.0,-2.8967543756786225,0.774294672724811,0.0,0.0,0.0,2.5367060670553325,0,0,0,0,0,0
image_1825.png,surface,0.0,0.0,1.969131935091216,15.461923986283796,-17.7646477475644,0.0,-0.445174321548138,-0.850908801148748,0.0,0.0,0.0,-2.4194202029878644,0,0,0,0,0,0
image_1826.png,surface,0.0,0.0,2.412300308033024,20.32928306363765,3.6426217913999848,0.0,0.1066472895842859,-1.5511037199350088,0.0,0.0,0.0,-1.406569694692367,0,0,0,0,0,0
image_1827.png,surface,0.0,0.0,2.263472733649281,15.058069812273612,-14.079303381874324,0.0,1.2287260374054545,1.3517990239617603,0.0,0.0,0.0,-2.379300196916587,0,0,0,0,0,0
image_1828.png,surface,0.0,0.0,2.090775811772462,-11.11899841607202,15.892557465186329,0.0,-2.7588483571581928,-0.1915424271001295,0.0,0.0,0.0,-1.7759572618745956,0,0,0,0,0,0
image_1829.png,surface,0.0,0.0,2.5950420649051456,-11.618143824261702,-10.16129568348964,0.0,1.4806479542345583,-0.335150781590654,0.0,0.0,0.0,-0.1953757920480261,0,0,0,0,0,0
image_1831.png,surface,0.0,0.0,3.2674150930178487,-9.401501186464415,-9.167571172067388,0.0,-0.5091084986311705,-1.7997692108486614,0.0,0.0,0.0,-1.1033611467219662,0,0,0,0,0,0
image_1832.png,surface,0.0,0.0,2.1550327576923127,0.3526126403901634,14.557406389730971,0.0,1.59039499830171,-1.2466965774515577,0.0,0.0,0.0,-2.572253852728761,0,0,0,0,0,0
image_1833.png,surface,0.0,0.0,3.25899719724993,-6.917588271851551,-19.884988324319888,0.0,-0.2797961747722337,-1.7036722322679967,0.0,0.0,0.0,-0.4635316731267322,0,0,0,0,0,0
image_1834.png,surface,0.0,0.0,2.9190052331263034,17.301365873570024,-2.558772960776324,0.0,-0.1192676283919424,-1.648279901643927,0.0,0.0,0.0,2.325718217456875,0,0,0,0,0,0
image_1835.png,surface,0.0,0.0,3.0426435702626304,-16.418967038011267,14.3174501652133,0.0,-2.4366889886583185,0.8811762587883801,0.0,0.0,0.0,2.5090440697140286,0,0,0,0,0,0
image_1836.png,surface,0.0,0.0,3.191862422577976,-7.352599529701937,-1.8166774450028915,0.0,-2.749140900010582,0.0239469621818543,0.0,0.0,0.0,-2.0768261423715515,0,0,0,0,0,0
image_1837.png,surface,0.0,0.0,1.107669268534896,17.547812542230826,0.9988434218743462,0.0,0.7626807469341474,-2.369924783802185,0.0,0.0,0.0,-0.0540823485382184,0,0,0,0,0,0
image_1838.png,surface,0.0,0.0,1.5276638537211191,-2.4516672650992963,-15.282271742958658,0.0,-0.1546937891945218,-0.0473408984060998,0.0,0.0,0.0,1.4320328586133506,0,0,0,0,0,0
image_1839.png,surface,0.0,0.0,3.1981218577270383,-1.2881031962224438,-3.0693284417015856,0.0,0.1767026587831096,0.8670256541360227,0.0,0.0,0.0,0.0327590866838578,0,0,0,0,0,0
image_1840.png,surface,0.0,0.0,0.9476443745631392,3.296901198526172,9.552640920894332,0.0,2.6300746039721155,1.01110842787137,0.0,0.0,0.0,-1.948472516273266,0,0,0,0,0,0
image_1841.png,surface,0.0,0.0,1.970434676522536,-2.8321572188249093,-6.94424929561646,0.0,-2.2501341669953656,-0.2340447078003649,0.0,0.0,0.0,2.9325966104404007,0,0,0,0,0,0
image_1842.png,surface,0.0,0.0,0.8142456448330166,2.9744627176798906,14.551061082977396,0.0,-2.667125587046589,-0.7178499026796413,0.0,0.0,0.0,1.2550018887832364,0,0,0,0,0,0
image_1845.png,surface,0.0,0.0,1.688304546804186,18.4798936344466,5.838221863383762,0.0,2.426470109105706,0.4188098434919093,0.0,0.0,0.0,0.7000952433153875,0,0,0,0,0,0
image_1846.png,surface,0.0,0.0,1.771076376865125,-15.88449035535643,7.552113736596666,0.0,-1.9583550948313453,-1.3794809576184182,0.0,0.0,0.0,0.9433245996054778,0,0,0,0,0,0
image_1847.png,surface,0.0,0.0,2.0243943552604984,5.959257910537233,-4.196760305393784,0.0,0.4541103347900871,-0.5836051814989748,0.0,0.0,0.0,1.3389681818809611,0,0,0,0,0,0
image_1849.png,surface,0.0,0.0,1.9979884232614349,11.007820274657927,-3.37641531613818,0.0,-1.174751029401159,2.1750319229399104,0.0,0.0,0.0,-1.3961594708688876,0,0,0,0,0,0
image_1850.png,surface,0.0,0.0,1.5253171669315448,14.358085725418718,18.16082684322624,0.0,2.250252004542032,1.2264758169326353,0.0,0.0,0.0,-0.2703405421913851,0,0,0,0,0,0
image_1851.png,surface,0.0,0.0,1.0784254241664102,0.9468338155590164,-11.318841383388689,0.0,-0.8172389569923928,-1.549066232981784,0.0,0.0,0.0,2.0450116118588184,0,0,0,0,0,0
image_1853.png,surface,0.0,0.0,1.6266590853632177,17.041682526749508,-7.703622333397684,0.0,1.4236732941114598,1.841321076274125,0.0,0.0,0.0,1.313881098718937,0,0,0,0,0,0
image_1856.png,surface,0.0,0.0,2.2111933613419144,7.837800666436104,-16.134907050476443,0.0,-1.3801804136623317,-1.74078282097089,0.0,0.0,0.0,1.0766855692966877,0,0,0,0,0,0
image_1857.png,surface,0.0,0.0,2.355377794952476,-5.632877736321359,-18.155577305844105,0.0,0.4105445216476662,-0.833344943825916,0.0,0.0,0.0,2.0479012283600566,0,0,0,0,0,0
image_1858.png,surface,0.0,0.0,3.4636896322366635,4.601870195375991,-8.334625760517838,0.0,1.1073497893689657,2.037785954424707,0.0,0.0,0.0,-1.0669976784794013,0,0,0,0,0,0
image_1860.png,surface,0.0,0.0,2.052701817576956,2.343093828360621,-10.17222634294562,0.0,0.4512753550378373,-1.402289737336309,0.0,0.0,0.0,1.5425322715005183,0,0,0,0,0,0
image_1861.png,surface,0.0,0.0,1.3655463578651386,-7.786592845750317,-19.57815849711114,0.0,-2.4522228657895657,0.8006647845058914,0.0,0.0,0.0,-1.4087542890722344,0,0,0,0,0,0
image_1862.png,surface,0.0,0.0,0.5305549973351948,-7.399737023184796,23.649428015898227,0.0,-1.1359014337168782,-1.3918640062961378,0.0,0.0,0.0,0.4688308148128843,0,0,0,0,0,0
image_1863.png,surface,0.0,0.0,1.2223423353897611,17.178361024758967,-18.040279576938843,0.0,-0.638997405520942,-0.0315811705770215,0.0,0.0,0.0,1.494324939639137,0,0,0,0,0,0
image_1865.png,surface,0.0,0.0,3.419768725795538,8.323588478923538,-22.74257331015508,0.0,-0.3079108754848054,-1.3665390505330874,0.0,0.0,0.0,-0.1122338914363689,0,0,0,0,0,0
image_1866.png,surface,0.0,0.0,2.6031627250553573,-3.768602648176957,-21.51106801114432,0.0,-2.397743143762653,1.3537890724531327,0.0,0.0,0.0,-2.067910850470408,0,0,0,0,0,0
image_1867.png,surface,0.0,0.0,2.311562624593029,-14.150913752518017,13.937688732518245,0.0,-0.5247377903825409,0.6679762570624248,0.0,0.0,0.0,0.7939650472276663,0,0,0,0,0,0
image_1868.png,surface,0.0,0.0,2.318702394772682,-2.247473771588329,-11.264030919702387,0.0,-1.491776294260301,-1.4246641532034872,0.0,0.0,0.0,-0.4642629263198765,0,0,0,0,0,0
image_1869.png,surface,0.0,0.0,2.44972288741042,6.753172121749448,2.0264089791173414,0.0,0.1060947239970934,-2.566656213437277,0.0,0.0,0.0,-2.484037932667487,0,0,0,0,0,0
image_1870.png,surface,0.0,0.0,0.5053673559399181,-2.9418515230589306,4.079969644187461,0.0,-1.1001375554599628,-0.8690720852233438,0.0,0.0,0.0,2.5021841668978144,0,0,0,0,0,0
image_1871.png,surface,0.0,0.0,1.609875211505167,-7.985613472996795,-14.051085609895344,0.0,-2.853893887435572,-0.8374443411841476,0.0,0.0,0.0,-1.53933444423829,0,0,0,0,0,0
image_1872.png,surface,0.0,0.0,1.4878364663452022,-4.907960829757763,18.511757091027228,0.0,-1.7045839267048706,-2.0149450908045208,0.0,0.0,0.0,-2.8792229382304644,0,0,0,0,0,0
image_1873.png,surface,0.0,0.0,3.433799567315748,8.426451712223793,13.559135483144914,0.0,-2.303756082203263,1.2056252739418094,0.0,0.0,0.0,2.497933315178076,0,0,0,0,0,0
image_1874.png,surface,0.0,0.0,0.502180097084197,20.09590286136916,-7.540219706889764,0.0,1.739977105648138,0.952144219133756,0.0,0.0,0.0,-1.8652693166334504,0,0,0,0,0,0
image_1875.png,surface,0.0,0.0,2.709034150929932,-14.350010398303718,10.922201860233114,0.0,2.3634489735152155,-1.28832085685224,0.0,0.0,0.0,-2.317696666607019,0,0,0,0,0,0
image_1876.png,surface,0.0,0.0,1.715860735171967,11.87727782856014,-5.85218340371484,0.0,2.010051263344493,0.5948983626215556,0.0,0.0,0.0,0.0455853509037482,0,0,0,0,0,0
image_1877.png,surface,0.0,0.0,0.6942811236032833,23.25908344294644,-7.487255721480814,0.0,-2.0255252753812614,-1.9848437822116864,0.0,0.0,0.0,-2.9315627559348565,0,0,0,0,0,0
image_1878.png,surface,0.0,0.0,1.582858582381194,11.537978042801914,-10.455480020981756,0.0,-0.2921675930843607,-2.220477620483867,0.0,0.0,0.0,2.2001159349522705,0,0,0,0,0,0
image_1879.png,surface,0.0,0.0,0.8835464305071254,7.139311369492764,4.625576365696446,0.0,1.54526644275935,0.2591124986565326,0.0,0.0,0.0,0.6019310972549112,0,0,0,0,0,0
image_1880.png,surface,0.0,0.0,0.6120798905184217,-22.025542325663647,2.632786136732022,0.0,-0.8770194793072104,-0.7509621569135821,0.0,0.0,0.0,2.225669079409938,0,0,0,0,0,0
image_1882.png,surface,0.0,0.0,0.5740537221381965,2.444926971882219,-7.38396979623075,0.0,-0.156914863510566,-0.1635865463229728,0.0,0.0,0.0,-0.4655235648575853,0,0,0,0,0,0
image_1883.png,surface,0.0,0.0,0.5358923120311068,-10.85712628200702,-17.027623785333315,0.0,0.3627776264311367,0.7929197427103537,0.0,0.0,0.0,0.2900446287150151,0,0,0,0,0,0
image_1885.png,surface,0.0,0.0,0.8916960497017961,-2.3000564760527062,-5.197408075404669,0.0,0.2332309046600588,-1.8859437958275864,0.0,0.0,0.0,-1.063041348808536,0,0,0,0,0,0
image_1886.png,surface,0.0,0.0,1.83838284628904,19.14686926417484,6.770675427084496,0.0,0.4673710512832078,0.997830449631223,0.0,0.0,0.0,-0.9308636921015808,0,0,0,0,0,0
image_1887.png,surface,0.0,0.0,1.5981029537424405,18.1440378040963,11.106748038763415,0.0,-1.5123669746840598,-1.836605636015246,0.0,0.0,0.0,1.5845446901830105,0,0,0,0,0,0
image_1888.png,surface,0.0,0.0,0.8068320591184763,-2.063724767287096,-19.61240070352088,0.0,-1.4713326367375783,2.4600742942515725,0.0,0.0,0.0,0.1563533549393474,0,0,0,0,0,0
image_1890.png,surface,0.0,0.0,2.449166558895727,-4.504877933166062,-1.4873253518061702,0.0,2.641738577631624,0.8761040718451608,0.0,0.0,0.0,-0.8027517023733908,0,0,0,0,0,0
image_1893.png,surface,0.0,0.0,0.5203212222273446,15.194564947605416,-8.591983636086256,0.0,0.9772050424449276,-1.072430169326944,0.0,0.0,0.0,2.421985159918313,0,0,0,0,0,0
image_1894.png,surface,0.0,0.0,0.5832050629344248,-6.76011515533398,2.7490211067239168,0.0,1.4791790714688895,1.4839678230105078,0.0,0.0,0.0,-0.9476056378613658,0,0,0,0,0,0
image_1895.png,surface,0.0,0.0,2.069495857946367,2.845189256410256,-4.523163553882327,0.0,2.167528934978076,0.5582344709496486,0.0,0.0,0.0,2.1690121285627795,0,0,0,0,0,0
image_1896.png,surface,0.0,0.0,1.8980465841249845,-19.4358981426801,13.226131000152144,0.0,-0.5641942442139005,2.29364998617375,0.0,0.0,0.0,-2.5505416959554466,0,0,0,0,0,0
image_1897.png,surface,0.0,0.0,3.4717024259002027,11.835265169845444,14.156592668716875,0.0,1.9316092916782284,-2.040788916778631,0.0,0.0,0.0,0.2971459541698733,0,0,0,0,0,0
image_1899.png,surface,0.0,0.0,1.6673125831290805,2.33511442942849,-12.68125106405249,0.0,-0.6914205746982409,-1.907529867221244,0.0,0.0,0.0,1.706993378259286,0,0,0,0,0,0
image_1901.png,surface,0.0,0.0,2.369276535091718,18.816507495156326,-11.903597632097664,0.0,0.6997896734205423,-0.8371242687652195,0.0,0.0,0.0,-2.5757865781706784,0,0,0,0,0,0
image_1902.png,surface,0.0,0.0,0.7132253629951055,-14.413158802387324,-5.862934681980214,0.0,-1.7284275339132602,1.4215532472388763,0.0,0.0,0.0,-2.214383261757512,0,0,0,0,0,0
image_1904.png,surface,0.0,0.0,2.085655408962187,-5.470691568796949,9.17673226853084,0.0,-1.2971945352258956,-1.337915379354351,0.0,0.0,0.0,0.1823653794525337,0,0,0,0,0,0
image_1905.png,surface,0.0,0.0,1.6903170554784417,2.7071777682392946,22.2437896028325,0.0,1.2999764313867606,0.3101166533558355,0.0,0.0,0.0,2.6774922928247378,0,0,0,0,0,0
image_1906.png,surface,0.0,0.0,2.706293994050508,-10.75539202944326,3.612173180515906,0.0,0.5665882528264881,2.7453094008935235,0.0,0.0,0.0,0.933500626650797,0,0,0,0,0,0
image_1907.png,surface,0.0,0.0,2.384186553731088,4.755907915887673,14.167771595049004,0.0,-0.7788091641278462,1.8921644416397327,0.0,0.0,0.0,-0.0264647627080707,0,0,0,0,0,0
image_1908.png,surface,0.0,0.0,0.5009196116334118,10.361541778175877,21.50248363563625,0.0,-2.0074515546964977,0.8290476303972861,0.0,0.0,0.0,-0.3612379187861432,0,0,0,0,0,0
image_1909.png,surface,0.0,0.0,0.5506329719873069,-12.311005202000477,14.7754681079104,0.0,-1.2292248196016924,-0.7824431755200325,0.0,0.0,0.0,0.9670507123129024,0,0,0,0,0,0
image_1910.png,surface,0.0,0.0,3.019143459576048,5.120596484922546,7.087028900910038,0.0,1.5120154444264955,-0.0678362581805605,0.0,0.0,0.0,1.2645159796646883,0,0,0,0,0,0
image_1911.png,surface,0.0,0.0,0.9937555403714358,-6.67509593457478,10.036428444748186,0.0,-1.726443242385077,-2.351722025174447,0.0,0.0,0.0,2.492756865765821,0,0,0,0,0,0
image_1912.png,surface,0.0,0.0,2.208786552856985,-0.9143220200497538,0.1996079411760128,0.0,1.8209760196154725,2.04511935528556,0.0,0.0,0.0,1.935368430602403,0,0,0,0,0,0
image_1913.png,surface,0.0,0.0,3.321490429288698,-14.161266022269832,1.1811578982064193,0.0,1.7791914403284188,-2.060554651981505,0.0,0.0,0.0,0.8329398956927205,0,0,0,0,0,0
image_1915.png,surface,0.0,0.0,3.0327582082103763,-5.582047564540304,-17.962006601573762,0.0,0.9464392824332282,1.3760452361737256,0.0,0.0,0.0,-2.659761074984015,0,0,0,0,0,0
image_1916.png,surface,0.0,0.0,3.166769752893693,-23.105609210231805,-7.6207525664072335,0.0,1.5091666016535423,-2.5197455177029604,0.0,0.0,0.0,0.5268427883786422,0,0,0,0,0,0
image_1917.png,surface,0.0,0.0,3.2151762508859445,22.8863383543427,4.241839699647455,0.0,-1.5329918460590175,-1.8967262810624728,0.0,0.0,0.0,-2.56892982760823,0,0,0,0,0,0
image_1918.png,surface,0.0,0.0,0.7296674294221273,3.4693489344212014,-23.092658298900588,0.0,1.008243020374673,0.7241479024447475,0.0,0.0,0.0,-1.7473050135234698,0,0,0,0,0,0
image_1919.png,surface,0.0,0.0,3.071728463209133,15.626906490812248,-15.288439209837753,0.0,-1.0199806964575364,2.4713211008079106,0.0,0.0,0.0,-1.996467876897334,0,0,0,0,0,0
image_1923.png,surface,0.0,0.0,0.8501121366552367,2.688056856093497,17.642503248828252,0.0,-0.1553373674120179,2.0753913037619296,0.0,0.0,0.0,0.801284612998586,0,0,0,0,0,0
image_1924.png,surface,0.0,0.0,0.7373434120638229,-13.734341076466098,16.55815183542804,0.0,2.376075251242564,-1.415949043572721,0.0,0.0,0.0,2.164327460142948,0,0,0,0,0,0
image_1925.png,surface,0.0,0.0,1.9027364558375068,-8.354366807065183,-23.10077911869285,0.0,0.7366233428908053,-1.7277545590998102,0.0,0.0,0.0,0.0296022689826345,0,0,0,0,0,0
image_1926.png,surface,0.0,0.0,1.4443069572657157,15.952175231043412,-4.487292902920146,0.0,0.6885527894026459,0.3530428734789225,0.0,0.0,0.0,-0.2650816765552539,0,0,0,0,0,0
image_1928.png,surface,0.0,0.0,1.4467725303700347,9.66509949311517,22.97751413491693,0.0,-1.7793322267873617,-0.576670291758895,0.0,0.0,0.0,-0.3816299867464159,0,0,0,0,0,0
image_1932.png,surface,0.0,0.0,0.6629870738576358,-3.998247032291631,24.64173632076272,0.0,1.297781857322739,2.3906157244349178,0.0,0.0,0.0,2.0205358291701607,0,0,0,0,0,0
image_1933.png,surface,0.0,0.0,1.288650063809146,-15.633393215794625,-10.377374424100388,0.0,-1.613413526097761,-1.7356889552754158,0.0,0.0,0.0,-2.4332950359313728,0,0,0,0,0,0
image_1934.png,surface,0.0,0.0,0.5746597080621907,14.76869392497234,7.109230286769868,0.0,0.7489625766012177,1.978241237920824,0.0,0.0,0.0,2.689559626778621,0,0,0,0,0,0
image_1936.png,surface,0.0,0.0,0.6550553549403997,0.6064350150377666,14.735878449287435,0.0,0.989113497332392,1.3701724567494324,0.0,0.0,0.0,-1.1847722857089666,0,0,0,0,0,0
image_1938.png,surface,0.0,0.0,2.491520895242866,12.45534587880893,12.407168042766834,0.0,-1.640962656452018,0.942790022987694,0.0,0.0,0.0,1.875783309718586,0,0,0,0,0,0
image_1939.png,surface,0.0,0.0,1.4660473898327322,-7.531235431716251,23.0372887942602,0.0,-0.3728358332032309,-0.664251927149546,0.0,0.0,0.0,-2.7429393704282363,0,0,0,0,0,0
image_1941.png,surface,0.0,0.0,1.2217175991460176,19.5123170633789,2.742498569073597,0.0,-1.16547572729265,-2.5251723656093343,0.0,0.0,0.0,-2.317487297844297,0,0,0,0,0,0
image_1942.png,surface,0.0,0.0,2.6440779400058547,-4.110033946300598,-17.190529019911654,0.0,-0.812144688125738,1.9495323575734311,0.0,0.0,0.0,2.9148989125440785,0,0,0,0,0,0
image_1943.png,surface,0.0,0.0,1.6348352834636346,-5.755675271769167,3.4634161655442623,0.0,0.8892829492157535,2.1335993827203894,0.0,0.0,0.0,-1.6799232056330071,0,0,0,0,0,0
image_1944.png,surface,0.0,0.0,2.960856014398418,12.173138534549746,6.306793931135688,0.0,0.5418496835114708,2.077595286284464,0.0,0.0,0.0,-1.2155126383421708,0,0,0,0,0,0
image_1945.png,surface,0.0,0.0,2.716939914091925,22.05663024531516,9.412643684256908,0.0,-2.717230669528581,-0.7316108710570125,0.0,0.0,0.0,-1.080875541771998,0,0,0,0,0,0
image_1946.png,surface,0.0,0.0,2.2579597216898595,-13.016834184734234,-2.633571782372441,0.0,-2.500222098586591,0.5044086310876789,0.0,0.0,0.0,-0.1860172321485382,0,0,0,0,0,0
image_1947.png,surface,0.0,0.0,0.7834259754481192,-10.485140877127993,-3.665881762006422,0.0,-1.3453474513977055,1.7872292426064198,0.0,0.0,0.0,0.6020729035855328,0,0,0,0,0,0
image_1948.png,surface,0.0,0.0,3.4459982278713706,2.403524182348149,-1.2796017839027662,0.0,-0.9669674648352112,-0.9707313363201308,0.0,0.0,0.0,0.4589629583335908,0,0,0,0,0,0
image_1949.png,surface,0.0,0.0,2.062018570693063,10.545311104348416,15.95728157080518,0.0,2.931951459016908,-0.5409625451507327,0.0,0.0,0.0,-2.924669010946336,0,0,0,0,0,0
image_1951.png,surface,0.0,0.0,2.306403915577595,-14.21856132120095,-17.58997066814473,0.0,2.4336054182364086,0.3679217292696026,0.0,0.0,0.0,0.0330835379315583,0,0,0,0,0,0
image_1952.png,surface,0.0,0.0,2.6203394588164537,-1.3307846774354823,18.422172059634715,0.0,2.383625386787161,0.6662265697109682,0.0,0.0,0.0,-2.673358279135286,0,0,0,0,0,0
image_1954.png,surface,0.0,0.0,2.4254929487158985,-21.054846633605564,7.52812350291969,0.0,-2.911687818574006,-0.0071991315266954,0.0,0.0,0.0,-2.876469194920422,0,0,0,0,0,0
image_1955.png,surface,0.0,0.0,0.824120354524235,17.887362987335507,-12.580480936684342,0.0,0.7288154551674794,-2.594024225619729,0.0,0.0,0.0,-0.7941104489661988,0,0,0,0,0,0
image_1956.png,surface,0.0,0.0,3.122196653245192,-12.964682106514006,-8.769311473491125,0.0,0.1957540916562231,0.7513446610770346,0.0,0.0,0.0,1.2747814192022604,0,0,0,0,0,0
image_1957.png,surface,0.0,0.0,2.5421753941413288,-13.48828357716875,-8.687003626457429,0.0,-1.2881057647384149,1.075213609166157,0.0,0.0,0.0,-0.6262479098414424,0,0,0,0,0,0
image_1958.png,surface,0.0,0.0,2.818960881118789,-5.474223067764436,-11.015581259567735,0.0,0.9181384598182956,0.6344761792057273,0.0,0.0,0.0,-2.3892144549025085,0,0,0,0,0,0
image_1959.png,surface,0.0,0.0,0.841205180827151,4.503982315340891,-1.98174042488148,0.0,-0.7812474074264678,1.646943425999411,0.0,0.0,0.0,1.0477963233690746,0,0,0,0,0,0
image_1960.png,surface,0.0,0.0,2.057908047791188,-11.68870307506206,2.5689870550669123,0.0,0.7901026173148369,-0.5614084858122536,0.0,0.0,0.0,2.2795896563364835,0,0,0,0,0,0
image_1965.png,surface,0.0,0.0,2.34804870696831,-9.15215181984461,-22.13371496519853,0.0,-1.9169448001151552,-0.7016741172243348,0.0,0.0,0.0,1.4752241281496057,0,0,0,0,0,0
image_1967.png,surface,0.0,0.0,3.489887122690535,-5.429135879983111,12.82704675054603,0.0,-0.9737438663420592,-0.0931673556093374,0.0,0.0,0.0,1.317934787700648,0,0,0,0,0,0
image_1968.png,surface,0.0,0.0,2.204652432652133,-22.326232005268764,7.186897786671422,0.0,1.217895163948744,-0.5383148700684659,0.0,0.0,0.0,0.5479204464232073,0,0,0,0,0,0
image_1969.png,surface,0.0,0.0,1.1884920415001403,1.1253923047682306,12.726104855182152,0.0,1.0289224086751454,2.365522925690677,0.0,0.0,0.0,-1.990845336035152,0,0,0,0,0,0
image_1970.png,surface,0.0,0.0,1.7152296915107008,-6.621882698565256,-7.495959204632379,0.0,-0.7179946319529952,1.3057161171749685,0.0,0.0,0.0,2.0257474341810013,0,0,0,0,0,0
image_1971.png,surface,0.0,0.0,0.8199189493753352,-21.252253071517213,11.26020767787586,0.0,2.50885009112143,-0.7812807919876522,0.0,0.0,0.0,1.0511045150600644,0,0,0,0,0,0
image_1972.png,surface,0.0,0.0,1.7416120069290528,7.754126770413239,-18.063721756110507,0.0,-2.814985003067444,0.41705273078245,0.0,0.0,0.0,-1.4785251097478154,0,0,0,0,0,0
image_1973.png,surface,0.0,0.0,3.0205018398407697,0.8127479924329613,-17.862534807809837,0.0,-0.5805688308197483,1.5115735626516236,0.0,0.0,0.0,2.497559307119764,0,0,0,0,0,0
image_1974.png,surface,0.0,0.0,1.6705991356742764,-4.873822018737118,21.294572452921603,0.0,-1.1288696565561829,1.6523091203156832,0.0,0.0,0.0,2.917694234771385,0,0,0,0,0,0
image_1975.png,surface,0.0,0.0,0.6552007274281291,-2.760566055223962,5.467796878227161,0.0,-0.0379563669191064,-0.8497372729130717,0.0,0.0,0.0,-2.980311951888233,0,0,0,0,0,0
image_1976.png,surface,0.0,0.0,0.9977342623881214,-1.2497508357695648,6.873599162058209,0.0,-0.8664507520579252,-1.8509675749508208,0.0,0.0,0.0,-0.3027409430606971,0,0,0,0,0,0
image_1977.png,surface,0.0,0.0,2.509033108496131,0.9536802037152396,14.585794301477208,0.0,0.5488069565312873,-2.75469855740512,0.0,0.0,0.0,-1.3266786516417,0,0,0,0,0,0
image_1978.png,surface,0.0,0.0,2.573676544084764,-5.049529327866924,15.87109495001829,0.0,-2.8944533696158,-0.7603343803869813,0.0,0.0,0.0,1.3691463930984975,0,0,0,0,0,0
image_1980.png,surface,0.0,0.0,2.930424626532521,21.850525217168148,4.91382150751964,0.0,1.462081751718587,-0.0480331724902501,0.0,0.0,0.0,0.3559406517119825,0,0,0,0,0,0
image_1981.png,surface,0.0,0.0,1.3425668956619403,-7.407200587148655,-7.588350798760094,0.0,-0.2767287184113606,-0.8563414102478215,0.0,0.0,0.0,0.852665344565009,0,0,0,0,0,0
image_1982.png,surface,0.0,0.0,2.167145700832476,-13.487428818273798,-7.55459913695062,0.0,-0.0410304638032734,1.1199098568428083,0.0,0.0,0.0,1.5921539751880625,0,0,0,0,0,0
image_1985.png,surface,0.0,0.0,1.6270253445445078,-13.91617088176711,11.73525624843631,0.0,-2.9153202841144537,-0.3414711595391319,0.0,0.0,0.0,-2.678502669633632,0,0,0,0,0,0
image_1986.png,surface,0.0,0.0,2.7854207684581667,9.559421079649857,-12.138852099509666,0.0,-2.089510586934898,-0.4131481932906772,0.0,0.0,0.0,-0.3047210892729719,0,0,0,0,0,0
image_1987.png,surface,0.0,0.0,1.9502782899592208,-11.80651807577614,-17.905873817561492,0.0,1.0281220292361934,-0.8371787295890024,0.0,0.0,0.0,2.125455845963561,0,0,0,0,0,0
image_1988.png,surface,0.0,0.0,2.420810701051835,13.96264781772764,9.563113418448784,0.0,-0.4036616516579997,-1.265700394235423,0.0,0.0,0.0,2.344568653056561,0,0,0,0,0,0
image_1989.png,surface,0.0,0.0,3.278159413280288,-20.85015796394749,-12.821191266973324,0.0,1.6020668223584775,-1.9947935404563064,0.0,0.0,0.0,-2.111871252607692,0,0,0,0,0,0
image_1990.png,surface,0.0,0.0,1.806034343002832,19.05640049711829,-10.583631670388767,0.0,-0.5410118111940595,0.4478129562225839,0.0,0.0,0.0,2.596825002346512,0,0,0,0,0,0
image_1992.png,surface,0.0,0.0,1.0673533686465169,2.939023123552949,16.348150944083912,0.0,-1.0364564954596318,-0.1102463478924128,0.0,0.0,0.0,0.5544697897387181,0,0,0,0,0,0
image_1993.png,surface,0.0,0.0,2.580296789480652,13.814832937019466,18.006180127975178,0.0,-0.9045961908934544,-1.8640762541830973,0.0,0.0,0.0,2.1754706763865226,0,0,0,0,0,0
image_1994.png,surface,0.0,0.0,1.138122346167221,15.422778897740288,4.564327562853464,0.0,2.8097083748685834,-0.8547384340532885,0.0,0.0,0.0,1.2289325555466792,0,0,0,0,0,0
image_1995.png,surface,0.0,0.0,2.569874622460099,5.8339704277633055,-19.88292425236068,0.0,-0.5522625639600188,-0.8672811285786329,0.0,0.0,0.0,-1.3504347357346185,0,0,0,0,0,0
image_1996.png,surface,0.0,0.0,3.269550291029626,16.202805973011575,0.1909713361995932,0.0,-1.4315042961790008,2.1103711138059764,0.0,0.0,0.0,-2.3168354625889185,0,0,0,0,0,0
image_1997.png,surface,0.0,0.0,3.3239026677817134,-20.04510404085757,6.555919332676927,0.0,-0.1066443027022151,2.6660050437814165,0.0,0.0,0.0,-0.6872021089076465,0,0,0,0,0,0
image_1999.png,surface,0.0,0.0,2.117433789778606,-10.06100506141384,8.454076662477377,0.0,0.4588683845460523,-2.760866206725892,0.0,0.0,0.0,2.581717779421408,0,0,0,0,0,0
image_2001.png,surface,0.0,0.0,1.8732790995901576,-8.645125796681311,10.89336100570144,0.0,-0.3410947868174679,-2.3285302216371244,0.0,0.0,0.0,-1.8079474916482927,0,0,0,0,0,0
image_2003.png,surface,0.0,0.0,2.607005388367269,7.147378633547128,-13.871254109188342,0.0,-1.720696858289153,1.553862892865116,0.0,0.0,0.0,0.9508782652195032,0,0,0,0,0,0
image_2004.png,surface,0.0,0.0,1.1219723150898546,-7.965124912495749,12.08499909408328,0.0,0.3470994735718166,1.9268470828324,0.0,0.0,0.0,2.0585008434718883,0,0,0,0,0,0
image_2005.png,surface,0.0,0.0,0.722838618430174,1.9245291465216632,-5.280328592425227,0.0,2.8167756934866888,0.8397865888883108,0.0,0.0,0.0,-0.8525596463940919,0,0,0,0,0,0
image_2006.png,surface,0.0,0.0,1.5980798753571577,12.092465537503983,2.125027367203068,0.0,0.6198779295286347,0.3799044138806025,0.0,0.0,0.0,-2.830902309159589,0,0,0,0,0,0
image_2008.png,surface,0.0,0.0,0.8615723092344929,15.94736383728972,-8.14628986959198,0.0,0.8170628581386601,2.7205212150435503,0.0,0.0,0.0,1.5904032702925708,0,0,0,0,0,0
image_2009.png,surface,0.0,0.0,3.0636868875391485,16.32990966235229,12.810234349498923,0.0,-1.91384807548894,-0.677556857420482,0.0,0.0,0.0,-2.4918514663036,0,0,0,0,0,0
image_2010.png,surface,0.0,0.0,2.5044433643246244,-8.106951738882925,-18.250627535371308,0.0,-0.347856548777768,-2.0211011956370752,0.0,0.0,0.0,-0.6787675671053011,0,0,0,0,0,0
image_2011.png,surface,0.0,0.0,0.5773734904687058,18.561337361730924,-12.09938286593908,0.0,-1.9432505714707664,1.1726518202543994,0.0,0.0,0.0,2.568161597129519,0,0,0,0,0,0
image_2013.png,surface,0.0,0.0,0.9614095608505157,6.307090711440392,-24.140417097985985,0.0,-0.9577773847213324,-1.2179580052605,0.0,0.0,0.0,1.3740250199604116,0,0,0,0,0,0
image_2014.png,surface,0.0,0.0,2.0336604102399884,-6.657646839260318,-5.385015265647425,0.0,-1.8053783352537265,-0.1443772669168829,0.0,0.0,0.0,1.0686838556138731,0,0,0,0,0,0
image_2015.png,surface,0.0,0.0,2.813757678118849,-12.75515715072203,-21.591315320001897,0.0,0.0215328503544857,-0.6544752759866269,0.0,0.0,0.0,-1.3145399451040003,0,0,0,0,0,0
image_2016.png,surface,0.0,0.0,1.739160848195182,1.0229609362305705,8.616245157791903,0.0,0.3228062236046401,-2.301436731579062,0.0,0.0,0.0,-1.6697015433999898,0,0,0,0,0,0
image_2017.png,surface,0.0,0.0,2.290594666057699,-14.79641419237138,12.610982755800586,0.0,1.121535775234377,-1.0378408192690587,0.0,0.0,0.0,-1.6736038605730867,0,0,0,0,0,0
image_2018.png,surface,0.0,0.0,2.139316787177591,5.31425888728904,-21.400550839849583,0.0,-1.3568219600643954,0.9315250758048356,0.0,0.0,0.0,-1.5310661816607156,0,0,0,0,0,0
image_2020.png,surface,0.0,0.0,1.934351403531973,-5.74483531943955,16.55946994184124,0.0,-0.0855502144508632,-1.0897553521828625,0.0,0.0,0.0,1.6296380113313085,0,0,0,0,0,0
image_2022.png,surface,0.0,0.0,1.224842808538876,-7.084964464867294,19.34911718358113,0.0,2.546408784344021,0.8358118171579076,0.0,0.0,0.0,1.3655356838013883,0,0,0,0,0,0
image_2023.png,surface,0.0,0.0,3.1821480398508486,-2.691064736921084,12.62449500762274,0.0,-0.985209210683911,-0.407448120655137,0.0,0.0,0.0,-2.335256736084428,0,0,0,0,0,0
image_2025.png,surface,0.0,0.0,3.448597515669609,-16.478561435418936,0.7689215504263014,0.0,-1.3296073035083795,-2.6480676900067706,0.0,0.0,0.0,-2.007026410831209,0,0,0,0,0,0
image_2026.png,surface,0.0,0.0,0.6623902287331691,-20.252642774831067,-0.6149621168327158,0.0,-0.4909672753447845,-2.655641388928584,0.0,0.0,0.0,1.064079136210812,0,0,0,0,0,0
image_2027.png,surface,0.0,0.0,1.4497163135609403,-13.706897419453613,15.253603788843742,0.0,-2.2585023638042494,-1.3223139274560334,0.0,0.0,0.0,-2.079564528567891,0,0,0,0,0,0
image_2028.png,surface,0.0,0.0,3.377863071591595,-10.244592418251292,20.45490658479704,0.0,1.736870693166534,-0.9284816287301316,0.0,0.0,0.0,0.5651781399717248,0,0,0,0,0,0
image_2029.png,surface,0.0,0.0,1.8181364327200136,-21.0357181637614,2.437679892374718,0.0,-0.4811002321423969,0.2408139011220858,0.0,0.0,0.0,-2.200630912559792,0,0,0,0,0,0
image_2030.png,surface,0.0,0.0,2.313012338998519,-3.4067988031828293,-3.9893561686798407,0.0,0.1121400949314006,1.516564911564809,0.0,0.0,0.0,1.1911704681326594,0,0,0,0,0,0
image_2031.png,surface,0.0,0.0,2.209224317789715,-10.978079495240488,-9.393064672281504,0.0,-2.148223491898136,0.9948155666473688,0.0,0.0,0.0,-0.9246947164223496,0,0,0,0,0,0
image_2032.png,surface,0.0,0.0,0.9220682096064372,22.26831502825526,9.642562016221468,0.0,0.3382111009970072,-1.1840828491597597,0.0,0.0,0.0,0.24398262615464,0,0,0,0,0,0
image_2033.png,surface,0.0,0.0,2.6933128955847327,3.1556046190590865,-11.174692274265894,0.0,-1.0555249609565,1.8105512635097167,0.0,0.0,0.0,2.047435630005032,0,0,0,0,0,0
image_2035.png,surface,0.0,0.0,2.113888674475721,-12.92802651010548,-10.557569344458788,0.0,-1.5914877367614415,-1.5519976814150236,0.0,0.0,0.0,-0.8700299473142428,0,0,0,0,0,0
image_2036.png,surface,0.0,0.0,2.157913352654397,-11.189960288050097,0.7172539323674785,0.0,-0.8628345438863523,1.786977747571045,0.0,0.0,0.0,-0.2452002738767835,0,0,0,0,0,0
image_2037.png,surface,0.0,0.0,1.1055453512073687,-2.7344456420653924,-1.931986026189829,0.0,-1.6067481690330967,0.99922521175861,0.0,0.0,0.0,2.2398524667561377,0,0,0,0,0,0
image_2038.png,surface,0.0,0.0,2.751272676605388,-16.54260576360907,-6.17029113508323,0.0,0.8530803554875018,-0.6989006686123003,0.0,0.0,0.0,-1.3634401804939835,0,0,0,0,0,0
image_2039.png,surface,0.0,0.0,3.18853044875076,8.25202947515452,5.123345618204327,0.0,0.665288429078713,1.8004810101252222,0.0,0.0,0.0,2.7437571634610043,0,0,0,0,0,0
image_2041.png,surface,0.0,0.0,0.5804508084188933,-18.54415246476642,0.0548610373663418,0.0,1.3545982531627536,0.6601366003994643,0.0,0.0,0.0,-0.8833714745533117,0,0,0,0,0,0
image_2042.png,surface,0.0,0.0,1.4291747204447232,5.950290523183524,10.740655163215084,0.0,-0.029026733540978,2.003000951855917,0.0,0.0,0.0,0.8026013942543413,0,0,0,0,0,0
image_2043.png,surface,0.0,0.0,3.2744714402795383,10.503422471393492,-14.358031750286877,0.0,1.2433871975417947,-2.308760975827037,0.0,0.0,0.0,2.0265400441202868,0,0,0,0,0,0
image_2045.png,surface,0.0,0.0,1.3160755807518858,10.537546744848012,15.512965323227457,0.0,0.3711318740021122,1.1863644554433666,0.0,0.0,0.0,-0.8363442785373505,0,0,0,0,0,0
image_2046.png,surface,0.0,0.0,2.100165663001427,20.993631265429165,11.81407558508848,0.0,0.7862274826067827,0.9781346691069844,0.0,0.0,0.0,-1.6507834007676168,0,0,0,0,0,0
image_2047.png,surface,0.0,0.0,2.720591418123729,-6.682746403959147,15.21452152088867,0.0,-1.7274527797320431,-0.1138073926589499,0.0,0.0,0.0,-0.987128507567982,0,0,0,0,0,0
image_2048.png,surface,0.0,0.0,1.1841692616724726,11.671794426884926,-22.193561785651383,0.0,2.324332279128532,1.4172183714112343,0.0,0.0,0.0,0.3118511598694908,0,0,0,0,0,0
image_2049.png,surface,0.0,0.0,1.4010325634409184,-17.90206224572753,-10.200501624322955,0.0,-0.9366031295301046,-2.241928045182661,0.0,0.0,0.0,-0.3144887906562661,0,0,0,0,0,0
image_2052.png,surface,0.0,0.0,2.01303814899908,-2.492015551665922,3.2490953502102937,0.0,0.1663391078793936,-2.813753912068587,0.0,0.0,0.0,2.0907236845325983,0,0,0,0,0,0
image_2053.png,surface,0.0,0.0,3.197680912102088,21.014661310110043,-12.17365134872213,0.0,-0.8255295622274852,2.4238260320766405,0.0,0.0,0.0,-2.712242350473621,0,0,0,0,0,0
image_2054.png,surface,0.0,0.0,2.812263141313579,0.5057830565462625,-17.66138001133811,0.0,-1.7568967463690788,0.8315353037821895,0.0,0.0,0.0,-1.7223734075017307,0,0,0,0,0,0
image_2055.png,surface,0.0,0.0,2.6460351518118848,-15.596150999782717,-18.43726908070812,0.0,1.6581045718961196,-0.7213979287145413,0.0,0.0,0.0,-1.8975368875190988,0,0,0,0,0,0
image_2056.png,surface,0.0,0.0,2.2180092744719007,17.567722173820496,-10.41085624418757,0.0,1.653534095665411,-1.108666298271901,0.0,0.0,0.0,-2.459340377804379,0,0,0,0,0,0
image_2057.png,surface,0.0,0.0,1.4857406077056827,18.508424251288947,-1.268865331144757,0.0,2.116123357099638,-0.1787109717397081,0.0,0.0,0.0,0.2760396741493407,0,0,0,0,0,0
image_2058.png,surface,0.0,0.0,0.7102308209249606,8.504522726120118,-1.4430506157229537,0.0,-0.327444619269824,-1.9480357358255431,0.0,0.0,0.0,-1.4111875295285776,0,0,0,0,0,0
image_2059.png,surface,0.0,0.0,1.2764228150215482,-6.153840794745353,15.65547958599113,0.0,0.827839860396458,-1.4214039508435337,0.0,0.0,0.0,1.2476323168447545,0,0,0,0,0,0
image_2060.png,surface,0.0,0.0,1.0840617770724723,14.63267333154727,18.61647944836817,0.0,-2.948254887472599,0.2683058008175947,0.0,0.0,0.0,-2.266826418695572,0,0,0,0,0,0
image_2061.png,surface,0.0,0.0,1.1836918363390114,-17.182206729174553,-0.2624995145477068,0.0,-1.3378933290325092,1.2451937534771915,0.0,0.0,0.0,0.479950689260967,0,0,0,0,0,0
image_2062.png,surface,0.0,0.0,1.1803246435390398,-2.9098055718816744,-14.608926943644027,0.0,-0.0345366460633286,0.2461365803270508,0.0,0.0,0.0,0.4316119420011151,0,0,0,0,0,0
image_2064.png,surface,0.0,0.0,1.6421446390037553,-2.3630476448897,-1.9857692289272304,0.0,-1.7397013795555434,-0.6968973608999794,0.0,0.0,0.0,2.913758966531581,0,0,0,0,0,0
image_2065.png,surface,0.0,0.0,1.5111402879346996,-20.45432056803843,6.906766391178791,0.0,0.6915018324808665,0.7751533930573989,0.0,0.0,0.0,-0.7911388987786161,0,0,0,0,0,0
image_2066.png,surface,0.0,0.0,3.143712714465236,-7.070145314405431,-20.78106937180088,0.0,-1.282406426076703,-0.4060901240901945,0.0,0.0,0.0,-0.2837563455192349,0,0,0,0,0,0
image_2067.png,surface,0.0,0.0,1.1082122437254944,9.31969559848532,21.985085134670133,0.0,-0.5697030923863251,-2.0392175518604985,0.0,0.0,0.0,-2.6032396268664835,0,0,0,0,0,0
image_2068.png,surface,0.0,0.0,0.9909610165811982,19.19205423858444,-16.135886511212508,0.0,1.923058546541184,0.1004452974040792,0.0,0.0,0.0,0.8198404697134016,0,0,0,0,0,0
image_2069.png,surface,0.0,0.0,0.7280086839098212,-8.214811573031174,-17.037325342727215,0.0,-0.4920343761086981,-1.820122657952861,0.0,0.0,0.0,-0.3552992396330916,0,0,0,0,0,0
image_2070.png,surface,0.0,0.0,3.2745804664277247,-6.351665719094519,7.948702625782182,0.0,-1.1907340128657125,1.7199114142416063,0.0,0.0,0.0,-2.105242531370524,0,0,0,0,0,0
image_2071.png,surface,0.0,0.0,1.0830389136244671,20.43620674807092,-12.281898885654089,0.0,-0.4240692176879362,-0.9152683332356004,0.0,0.0,0.0,-1.8623312835575567,0,0,0,0,0,0
image_2072.png,surface,0.0,0.0,2.2168039551591225,7.262004767109391,-1.1401645570532233,0.0,-0.8832583879346682,-2.022091735672867,0.0,0.0,0.0,2.25490521458174,0,0,0,0,0,0
image_2073.png,surface,0.0,0.0,1.62115345801014,-9.031501675686949,-2.1148656767439022,0.0,-2.667073023083776,0.8366179749362173,0.0,0.0,0.0,2.68962756289822,0,0,0,0,0,0
image_2074.png,surface,0.0,0.0,2.165899252202045,-23.222819295396384,0.1559159678011684,0.0,-1.717904550901506,-1.6143172458044854,0.0,0.0,0.0,2.5877690536400166,0,0,0,0,0,0
image_2075.png,surface,0.0,0.0,2.4276990161611374,14.086747653053225,13.370052108666249,0.0,-2.455603993907123,-1.14817803923634,0.0,0.0,0.0,2.7810548987723545,0,0,0,0,0,0
image_2076.png,surface,0.0,0.0,3.0202310893305446,-18.77586605306625,-1.3321676778925582,0.0,-0.0073838295655323,-1.3984225058732227,0.0,0.0,0.0,-2.475415321323392,0,0,0,0,0,0
image_2077.png,surface,0.0,0.0,2.02178909886672,-5.379087969642064,3.577094069030684,0.0,-0.7828956483367133,-1.0778055714220036,0.0,0.0,0.0,0.0023169405462626,0,0,0,0,0,0
image_2078.png,surface,0.0,0.0,1.4817221346181575,14.565961059792064,-2.936994083952652,0.0,2.1216313293345843,1.2372349700018437,0.0,0.0,0.0,2.299410606694911,0,0,0,0,0,0
image_2079.png,surface,0.0,0.0,1.0432397711205643,1.879981537287806,2.0898732785959915,0.0,2.742387971135384,0.2427293491845536,0.0,0.0,0.0,2.131618461682944,0,0,0,0,0,0
image_2080.png,surface,0.0,0.0,2.320451064316463,-15.159162057964906,-19.973274605535785,0.0,-1.879576615686215,1.240395243766196,0.0,0.0,0.0,-2.779452471093641,0,0,0,0,0,0
image_2081.png,surface,0.0,0.0,0.8960131650437977,-9.587619678547028,11.059796843068291,0.0,1.903607995592263,1.3706288550321597,0.0,0.0,0.0,2.080193413257281,0,0,0,0,0,0
image_2082.png,surface,0.0,0.0,3.067421456919887,-21.09643883717182,-7.517895561827879,0.0,2.0563838571774085,-1.9874880133088508,0.0,0.0,0.0,2.4872128596836625,0,0,0,0,0,0
image_2083.png,surface,0.0,0.0,0.5833684639398335,5.767372251896364,20.111593084114304,0.0,0.0825020238106318,-0.4953085777245217,0.0,0.0,0.0,-1.4071404523426698,0,0,0,0,0,0
image_2084.png,surface,0.0,0.0,3.0358995269857147,5.8393341700188826,-17.902411255362665,0.0,0.1793702378298521,2.1352205073896084,0.0,0.0,0.0,-1.6539644651775258,0,0,0,0,0,0
image_2085.png,surface,0.0,0.0,1.157739865601497,-0.117410247868756,20.454081291676403,0.0,-2.2982495984867555,0.1948001149784316,0.0,0.0,0.0,0.7265098105174284,0,0,0,0,0,0
image_2086.png,surface,0.0,0.0,1.9635735321079024,7.26492434903925,-4.312446834579405,0.0,-2.161908483517556,0.461507165255581,0.0,0.0,0.0,-1.76342436917602,0,0,0,0,0,0
image_2087.png,surface,0.0,0.0,2.691562108618234,16.661465248932263,8.174208300956478,0.0,-0.927807882956802,-0.9520858642450818,0.0,0.0,0.0,-1.0371942133111915,0,0,0,0,0,0
image_2089.png,surface,0.0,0.0,1.705339367877881,9.54575139664468,-16.32768230838776,0.0,2.4748862178818016,-0.4886540380348789,0.0,0.0,0.0,-2.053423321197485,0,0,0,0,0,0
image_2090.png,surface,0.0,0.0,1.998364276597104,2.185452274989786,-12.77350945508539,0.0,-0.7254263108307503,1.020518389631238,0.0,0.0,0.0,0.5694659546605498,0,0,0,0,0,0
image_2091.png,surface,0.0,0.0,0.5887179743849091,2.6376918200834045,-7.639076432867409,0.0,-0.8542872950618403,-0.0596634012148993,0.0,0.0,0.0,2.130646950461177,0,0,0,0,0,0
image_2092.png,surface,0.0,0.0,1.5320781776388437,6.061600584859937,-6.372610081612627,0.0,2.3584419487372776,-1.3897652932509017,0.0,0.0,0.0,2.142789129562516,0,0,0,0,0,0
image_2093.png,surface,0.0,0.0,1.284736543562167,9.147489177135968,0.5525164421136899,0.0,1.325875894265894,-0.3280983214660454,0.0,0.0,0.0,-2.611859502878996,0,0,0,0,0,0
image_2095.png,surface,0.0,0.0,1.4026801109588918,-17.652232165141562,-6.711154941843374,0.0,0.0874076962559472,1.1194443474516471,0.0,0.0,0.0,-1.5315381121545537,0,0,0,0,0,0
image_2096.png,surface,0.0,0.0,0.9792194109503018,13.449617979124824,-13.33253355902879,0.0,1.6325622488965477,1.507043746936478,0.0,0.0,0.0,-2.9333188767541385,0,0,0,0,0,0
image_2098.png,surface,0.0,0.0,1.7878365030554657,-17.762039578808366,-14.325102826824464,0.0,2.2108859093525224,-0.4654967538130862,0.0,0.0,0.0,-0.4917709381697248,0,0,0,0,0,0
image_2099.png,surface,0.0,0.0,2.413408136129956,-0.5837961909456816,13.892326516400011,0.0,1.10432921467105,0.2804726330411886,0.0,0.0,0.0,1.629377523758862,0,0,0,0,0,0
image_2100.png,surface,0.0,0.0,3.280283408591342,-3.396522717911349,-13.7971507243526,0.0,0.4255222736630902,-0.6554779311273042,0.0,0.0,0.0,0.941364524014074,0,0,0,0,0,0
image_2101.png,surface,0.0,0.0,2.2174214445507,2.715414474965535,-4.07575718662525,0.0,2.3697891432958462,-1.4376507624202328,0.0,0.0,0.0,-1.7150585167025012,0,0,0,0,0,0
image_2102.png,surface,0.0,0.0,0.8809974951497654,-15.970132237984666,0.889326922340592,0.0,1.351089565354206,0.8472743755600204,0.0,0.0,0.0,-1.587077521804556,0,0,0,0,0,0
image_2103.png,surface,0.0,0.0,2.8657440705727053,-15.900883480559571,1.7482336592059524,0.0,-0.3009162551907902,-2.643283347111244,0.0,0.0,0.0,1.884264137135177,0,0,0,0,0,0
image_2105.png,surface,0.0,0.0,1.7138292214949291,-11.970646733347238,-4.89085844777606,0.0,-1.4540148519882874,-0.8129805156228235,0.0,0.0,0.0,-2.710125031180598,0,0,0,0,0,0
image_2106.png,surface,0.0,0.0,2.118180874104545,4.437593519674958,-8.958801058014137,0.0,-0.7713814251793778,1.9269722918961767,0.0,0.0,0.0,-2.7919243271362584,0,0,0,0,0,0
image_2108.png,surface,0.0,0.0,1.172733361609485,12.618328493253836,6.161602985874708,0.0,1.5633009363677943,-2.435937769677078,0.0,0.0,0.0,0.0878556632757092,0,0,0,0,0,0
image_2109.png,surface,0.0,0.0,2.7887651324230376,7.512592155991818,-13.238156951592517,0.0,1.0504627410905247,1.0857538361860035,0.0,0.0,0.0,2.1561873207264792,0,0,0,0,0,0
image_2110.png,surface,0.0,0.0,2.7333050788989777,-8.860153740536102,-8.188498810153828,0.0,2.369357642313572,-1.2764397287588525,0.0,0.0,0.0,-2.941018187093984,0,0,0,0,0,0
image_2112.png,surface,0.0,0.0,1.866921471661572,13.33702235045756,7.879723819491751,0.0,0.2550136494576022,-1.4217980404246289,0.0,0.0,0.0,-2.969526279862106,0,0,0,0,0,0
image_2113.png,surface,0.0,0.0,1.8944180980359808,18.7428254451928,7.979654112405278,0.0,0.9117746416356356,1.974924247266184,0.0,0.0,0.0,0.9949349700197816,0,0,0,0,0,0
image_2114.png,surface,0.0,0.0,1.3953315452828612,17.239433487644675,-10.37567567574312,0.0,1.4578310545980109,-0.5080701704527402,0.0,0.0,0.0,-1.367265504501395,0,0,0,0,0,0
image_2116.png,surface,0.0,0.0,3.0469141904660355,-6.239740850503908,-24.151860318165497,0.0,0.3780701135571103,-0.1892848794617435,0.0,0.0,0.0,1.8310904751827333,0,0,0,0,0,0
image_2117.png,surface,0.0,0.0,3.078122667241396,17.087810020076663,18.236251866505576,0.0,1.276371379056718,-0.3811945692579163,0.0,0.0,0.0,-0.2028280589943154,0,0,0,0,0,0
image_2118.png,surface,0.0,0.0,0.5460346338471191,23.481806258395327,-5.619678867773482,0.0,-1.2328649833374548,1.9503875020899344,0.0,0.0,0.0,-1.0762075682186318,0,0,0,0,0,0
image_2119.png,surface,0.0,0.0,2.658819040594558,13.941314673583449,-13.23692377524818,0.0,2.069594779428269,0.9475784881725456,0.0,0.0,0.0,1.4398795592591895,0,0,0,0,0,0
image_2121.png,surface,0.0,0.0,3.258042031091352,-10.506525931277318,-3.902059119368957,0.0,-2.061108941999439,-1.6522277719166891,0.0,0.0,0.0,2.1857302172564097,0,0,0,0,0,0
image_2122.png,surface,0.0,0.0,1.226360459519196,-24.710557995857226,-0.8354510121563099,0.0,-0.7028859433524892,-0.7272508051823338,0.0,0.0,0.0,-2.7359418840059826,0,0,0,0,0,0
image_2123.png,surface,0.0,0.0,1.5062094171494274,8.549231259079093,11.444774188225256,0.0,-0.7566680991577726,2.0701583511815125,0.0,0.0,0.0,-1.4057199135971097,0,0,0,0,0,0
image_2124.png,surface,0.0,0.0,2.742008283490914,-2.989137789401616,14.208341175755953,0.0,1.917583728676432,-1.324027653425286,0.0,0.0,0.0,2.470095022118078,0,0,0,0,0,0
image_2125.png,surface,0.0,0.0,0.7222980802062953,-13.882690171303446,11.755525774164148,0.0,-1.7035290430952867,0.4122792247326981,0.0,0.0,0.0,-2.541195013724632,0,0,0,0,0,0
image_2126.png,surface,0.0,0.0,2.62411714044668,0.2962786646747474,-1.3361496784034912,0.0,-1.7271698697482458,1.8084103126680744,0.0,0.0,0.0,-1.3774992983843266,0,0,0,0,0,0
image_2129.png,surface,0.0,0.0,2.638307956471917,10.114668809821817,13.226993674492876,0.0,-1.0364232896354688,-0.6693322045963382,0.0,0.0,0.0,0.603241232259399,0,0,0,0,0,0
image_2130.png,surface,0.0,0.0,3.208774112710629,6.861496542585068,2.4634918612904464,0.0,1.593290373969081,-0.18473574426836,0.0,0.0,0.0,2.442202056629461,0,0,0,0,0,0
image_2133.png,surface,0.0,0.0,0.8973365062014298,2.832234113368465,-17.83085783381189,0.0,-1.2397488066544056,-2.2784843047329497,0.0,0.0,0.0,-0.3675479987364172,0,0,0,0,0,0
image_2134.png,surface,0.0,0.0,3.1770177004463807,-2.3799224293208887,19.638352812354498,0.0,-0.1480635949280872,-1.3136919247985577,0.0,0.0,0.0,2.7683884640846106,0,0,0,0,0,0
image_2135.png,surface,0.0,0.0,1.9691542382855327,-24.031443067769533,5.322356996571867,0.0,-1.4191085378310866,1.1279811734263692,0.0,0.0,0.0,-2.895105630531357,0,0,0,0,0,0
image_2136.png,surface,0.0,0.0,1.723632587752853,4.47153987839659,-6.718204978113161,0.0,0.4418946212516654,-2.3807377563364054,0.0,0.0,0.0,-1.5066270790473484,0,0,0,0,0,0
image_2137.png,surface,0.0,0.0,2.1432595357081574,-0.8631975972418701,8.083260505923572,0.0,1.21691712733789,-2.2327638798544336,0.0,0.0,0.0,-1.5563979954772766,0,0,0,0,0,0
image_2138.png,surface,0.0,0.0,1.1406428770626795,0.4827648834579526,-1.001205363712394,0.0,-0.7127323340892795,2.332889109769772,0.0,0.0,0.0,1.933788594885404,0,0,0,0,0,0
image_2139.png,surface,0.0,0.0,1.5085734734018033,2.5167218445374844,12.876622991827876,0.0,0.3247216965887151,-2.113716914941838,0.0,0.0,0.0,0.8090230512864678,0,0,0,0,0,0
image_2140.png,surface,0.0,0.0,2.7065166291319347,-22.09556380371724,-3.457439350815201,0.0,-0.4540395929863334,2.2787944879545456,0.0,0.0,0.0,-2.077374325706797,0,0,0,0,0,0
image_2141.png,surface,0.0,0.0,2.190423146201195,-16.822372704785028,11.679956550279169,0.0,-2.7437170814194136,-0.310807078474394,0.0,0.0,0.0,1.3542456432875678,0,0,0,0,0,0
image_2142.png,surface,0.0,0.0,2.7868365656114618,2.472525445127204,-22.45476471939384,0.0,0.7276928521411583,2.289132678511853,0.0,0.0,0.0,-1.7328206892002267,0,0,0,0,0,0
image_2143.png,surface,0.0,0.0,2.785893806125928,-23.97809563107536,-6.546757716657197,0.0,-0.4428208519623911,-0.0635603633245918,0.0,0.0,0.0,0.5488925584970183,0,0,0,0,0,0
image_2144.png,surface,0.0,0.0,2.7607381954728707,-18.08414933629003,16.184015447485095,0.0,-1.087814501228145,0.2460750420637025,0.0,0.0,0.0,-1.1434218252128057,0,0,0,0,0,0
image_2145.png,surface,0.0,0.0,0.932565855957465,-20.21037975129177,5.201975119074983,0.0,0.7120610640704351,2.021547140985541,0.0,0.0,0.0,2.121650588528662,0,0,0,0,0,0
image_2146.png,surface,0.0,0.0,2.450604353446325,3.667071808752264,0.7966686918464805,0.0,1.1611505827028086,1.7098496295842884,0.0,0.0,0.0,1.6071407773916233,0,0,0,0,0,0
image_2147.png,surface,0.0,0.0,1.940539775205075,-6.248671776161562,-0.7240448465542341,0.0,2.643937334895535,-1.1838774201325384,0.0,0.0,0.0,-0.9174219862090336,0,0,0,0,0,0
image_2148.png,surface,0.0,0.0,0.6862728569744616,21.496010843237027,-12.836729844628158,0.0,-2.695966835505465,0.6893566628871449,0.0,0.0,0.0,-2.210406292605829,0,0,0,0,0,0
image_2149.png,surface,0.0,0.0,3.005161347535532,4.096287994664682,-15.609999147800725,0.0,-1.1130024973260462,-1.658096808164104,0.0,0.0,0.0,-2.169765004651895,0,0,0,0,0,0
image_2150.png,surface,0.0,0.0,1.1591455239567292,-11.02780544705908,19.67547872301868,0.0,-2.738408121701952,-0.7078370243821482,0.0,0.0,0.0,-2.1610178059847867,0,0,0,0,0,0
image_2151.png,surface,0.0,0.0,0.5388208317888772,-0.7446285130873238,18.30668059402098,0.0,-2.12054045367073,2.0647272014450846,0.0,0.0,0.0,-0.8162749481015403,0,0,0,0,0,0
image_2152.png,surface,0.0,0.0,2.430310659370885,23.452229419994065,-5.855911306458986,0.0,-2.808855428924097,-0.1138648188566108,0.0,0.0,0.0,-2.4156565387017803,0,0,0,0,0,0
image_2153.png,surface,0.0,0.0,1.016315936703199,-7.538581392390784,20.101740604687187,0.0,-0.7031445912838502,-1.0351265048727794,0.0,0.0,0.0,2.978740313133841,0,0,0,0,0,0
image_2154.png,surface,0.0,0.0,0.6851200184927204,-7.9084760446798,-17.30392015157963,0.0,2.4440954336450944,-0.6965424755865703,0.0,0.0,0.0,-0.2183357651505142,0,0,0,0,0,0
image_2155.png,surface,0.0,0.0,3.301312810189245,4.251839818041348,15.304047758112256,0.0,-1.163752242204694,-0.3001650046888663,0.0,0.0,0.0,-1.619733689138262,0,0,0,0,0,0
image_2156.png,surface,0.0,0.0,0.9454357963722164,2.3371988326333324,16.903513717925673,0.0,-0.4261929142928907,-2.276085932581992,0.0,0.0,0.0,2.5673242678399832,0,0,0,0,0,0
image_2157.png,surface,0.0,0.0,2.060147994917732,-1.834227274022172,3.301426446936296,0.0,1.5760857207752823,2.280570919470346,0.0,0.0,0.0,1.7526541433030314,0,0,0,0,0,0
image_2158.png,surface,0.0,0.0,1.601897874526015,-11.039389561642365,2.833187865152904,0.0,1.897287584059018,-0.0516711710076529,0.0,0.0,0.0,-2.9015180107442227,0,0,0,0,0,0
image_2159.png,surface,0.0,0.0,0.6342217934970105,-24.514062986877978,-0.931572512574902,0.0,-2.066842808945029,-1.400626147865147,0.0,0.0,0.0,-1.7921576115652935,0,0,0,0,0,0
image_2160.png,surface,0.0,0.0,1.4430613062855449,3.376203468912699,15.27171947368456,0.0,2.5297211749215784,0.0647886942314362,0.0,0.0,0.0,2.6181000773004746,0,0,0,0,0,0
image_2161.png,surface,0.0,0.0,1.5514111599664742,-6.341288305954864,-4.24262970056046,0.0,1.916909976873741,-1.4047049921301933,0.0,0.0,0.0,-0.6812891779411485,0,0,0,0,0,0
image_2162.png,surface,0.0,0.0,1.9803130609358564,-11.293559585299407,-10.853539714908893,0.0,-0.1885856936497216,0.2753589323120521,0.0,0.0,0.0,-1.6298890567386692,0,0,0,0,0,0
image_2163.png,surface,0.0,0.0,2.6202037235018096,-0.5265147309872558,8.827458607910069,0.0,-1.4138227970686803,2.1510893497610835,0.0,0.0,0.0,-2.9430253570214595,0,0,0,0,0,0
image_2164.png,surface,0.0,0.0,3.499933855342168,-17.013103794674286,16.002115961023723,0.0,-1.1620692102938126,-0.0843432540412854,0.0,0.0,0.0,0.0320224711544736,0,0,0,0,0,0
image_2165.png,surface,0.0,0.0,2.0557138101459453,22.96519407594189,-4.933816047963792,0.0,0.8690273436446597,-1.4264743262124644,0.0,0.0,0.0,2.158322364111621,0,0,0,0,0,0
image_2166.png,surface,0.0,0.0,3.3282593510294576,-14.653807020434508,18.900525305113018,0.0,-1.97558490283486,-0.173430465142691,0.0,0.0,0.0,0.689899269277439,0,0,0,0,0,0
image_2167.png,surface,0.0,0.0,2.0823529202444178,2.0072178518148625,-3.0851875449007182,0.0,-1.4406309685157872,1.491131894989134,0.0,0.0,0.0,-2.0750739991707325,0,0,0,0,0,0
image_2168.png,surface,0.0,0.0,2.2810469527483552,-18.64096965006906,-13.339390346550498,0.0,1.7768056878305636,-1.5061161715160711,0.0,0.0,0.0,0.4213637256654827,0,0,0,0,0,0
image_2169.png,surface,0.0,0.0,0.9172010874471545,7.928401980403176,-13.224628258247858,0.0,1.3728824869530525,2.004396255502638,0.0,0.0,0.0,2.3090453450503983,0,0,0,0,0,0
image_2170.png,surface,0.0,0.0,2.2124773921915186,-9.29629217945176,-4.761839770488374,0.0,-0.0300431056929111,0.1920115562847739,0.0,0.0,0.0,0.919168814694694,0,0,0,0,0,0
image_2171.png,surface,0.0,0.0,1.281686052896981,-11.936610056311116,-1.4629841484433332,0.0,0.4688468275091208,-0.7962595412886446,0.0,0.0,0.0,1.159705832321788,0,0,0,0,0,0
image_2172.png,surface,0.0,0.0,1.3221452803766298,-16.60422718955152,-3.825265637755233,0.0,2.703533167120748,0.5809427271746624,0.0,0.0,0.0,0.7154225528035765,0,0,0,0,0,0
image_2173.png,surface,0.0,0.0,1.8016329684968089,13.120743829553932,-2.868044564308139,0.0,0.275988696682596,0.6603116238237866,0.0,0.0,0.0,-0.745328591859165,0,0,0,0,0,0
image_2174.png,surface,0.0,0.0,2.4612148036822417,-10.980333084501243,20.64078080040067,0.0,-0.1914937506630549,-1.761312792932895,0.0,0.0,0.0,1.4026796445606955,0,0,0,0,0,0
image_2175.png,surface,0.0,0.0,2.351989158858932,6.981261361871259,-5.261697953095624,0.0,-2.118420752812228,1.8266698501587384,0.0,0.0,0.0,-0.2795683090521499,0,0,0,0,0,0
image_2176.png,surface,0.0,0.0,1.4188269474364863,15.59384421650824,10.77634794479012,0.0,-2.181478781153199,1.4150327375335123,0.0,0.0,0.0,1.7994449582630727,0,0,0,0,0,0
image_2177.png,surface,0.0,0.0,0.5862548658120894,-8.793807514039086,-11.091415387531192,0.0,-0.6608276088048163,0.1146849095552287,0.0,0.0,0.0,2.596623719708334,0,0,0,0,0,0
image_2178.png,surface,0.0,0.0,1.232139740371029,-1.3640955751097472,-8.40000654384795,0.0,2.152249786143216,0.9007379309170414,0.0,0.0,0.0,1.90311022967618,0,0,0,0,0,0
image_2179.png,surface,0.0,0.0,1.858493143511538,6.224593449326868,9.927277695910766,0.0,1.887323180430809,-1.933404655027424,0.0,0.0,0.0,0.5357325922976495,0,0,0,0,0,0
image_2180.png,surface,0.0,0.0,3.228546280976805,11.932674253281736,-15.623058057467931,0.0,1.8975534540382293,0.4554393793326917,0.0,0.0,0.0,-2.164119610012324,0,0,0,0,0,0
image_2181.png,surface,0.0,0.0,2.331088547080654,-21.99659726952512,-3.889743439577225,0.0,-1.851406017626808,0.4253870262723446,0.0,0.0,0.0,2.7834585651291777,0,0,0,0,0,0
image_2182.png,surface,0.0,0.0,3.132523773962774,-6.342031914983384,18.39489985803908,0.0,-0.0237769930870489,-0.7211909460454552,0.0,0.0,0.0,0.9942794030196658,0,0,0,0,0,0
image_2183.png,surface,0.0,0.0,2.2820823294805885,-5.165524500679449,-18.22519084458889,0.0,-2.853258662406996,-0.0019911117867399,0.0,0.0,0.0,-0.9381119731415142,0,0,0,0,0,0
image_2185.png,surface,0.0,0.0,1.4857454263090315,16.502971264654498,-5.483804796880614,0.0,0.3471736109811124,-2.5091798328729085,0.0,0.0,0.0,1.0019403690780182,0,0,0,0,0,0
image_2186.png,surface,0.0,0.0,3.4102796357661136,-1.7820762844848492,13.78452916115356,0.0,1.6169574543113243,0.7063188844594904,0.0,0.0,0.0,-2.309445534950953,0,0,0,0,0,0
image_2187.png,surface,0.0,0.0,1.934746128659598,-7.335213223060718,16.98982747409448,0.0,0.5543742006950793,-2.5385482077780432,0.0,0.0,0.0,1.4703144103659174,0,0,0,0,0,0
image_2188.png,surface,0.0,0.0,1.5777400643805737,-20.048561932233145,-0.7620153574649169,0.0,-0.8347294432980311,2.487158099740802,0.0,0.0,0.0,1.1249927243397693,0,0,0,0,0,0
image_2189.png,surface,0.0,0.0,3.223184593051284,3.754656834492803,17.26566835309578,0.0,0.2420684291768688,2.4537073635960445,0.0,0.0,0.0,2.949909734749297,0,0,0,0,0,0
image_2190.png,surface,0.0,0.0,2.935593077340546,8.054313993238983,-5.173889466650167,0.0,2.061608513041991,-1.1185592515340694,0.0,0.0,0.0,-1.6429102836616878,0,0,0,0,0,0
image_2191.png,surface,0.0,0.0,2.266218414533242,6.513486358305348,21.27560315260633,0.0,1.505580439728144,-1.3821340302523146,0.0,0.0,0.0,1.0638426914366086,0,0,0,0,0,0
image_2192.png,surface,0.0,0.0,2.198192703146717,-21.781887804036234,6.39446437290307,0.0,0.077268460635181,1.2541277785309308,0.0,0.0,0.0,1.3080681941244974,0,0,0,0,0,0
image_2193.png,surface,0.0,0.0,1.992051855402237,22.19905890475976,-5.642419519521575,0.0,-1.328138815537896,2.1075835995194407,0.0,0.0,0.0,1.2245025258726168,0,0,0,0,0,0
image_2194.png,surface,0.0,0.0,0.7889529567375166,-8.280945964421711,-10.163917849215398,0.0,-0.634445632820535,2.1756762781614167,0.0,0.0,0.0,-2.0353082156921163,0,0,0,0,0,0
image_2195.png,surface,0.0,0.0,2.5624916439975465,-4.759026964754966,-21.416111431231087,0.0,-2.3771417736366462,0.5153393089369889,0.0,0.0,0.0,-0.4531464035827977,0,0,0,0,0,0
image_2196.png,surface,0.0,0.0,1.6266006114243765,-19.823852910784243,-6.915317718989852,0.0,0.2329463362624148,-0.7890969063938659,0.0,0.0,0.0,-1.1011154790323825,0,0,0,0,0,0
image_2197.png,surface,0.0,0.0,0.5510668291557419,2.7452523902603803,14.31144454087996,0.0,-1.868625343714987,1.6802855471239666,0.0,0.0,0.0,0.1226923905745573,0,0,0,0,0,0
image_2198.png,surface,0.0,0.0,2.678167061758129,-21.558536409199043,6.841167042466266,0.0,-1.3333523294029987,-0.0890305156108838,0.0,0.0,0.0,-1.50064083416336,0,0,0,0,0,0
image_2199.png,surface,0.0,0.0,0.8879210374211808,17.7040582519061,8.274117472501526,0.0,2.129073165867484,0.951465820689234,0.0,0.0,0.0,-0.0371041078250975,0,0,0,0,0,0
image_2200.png,surface,0.0,0.0,2.893749922620848,16.735611377027503,-11.2493114814976,0.0,0.9624921929989348,2.0755998023020363,0.0,0.0,0.0,2.8452637336154964,0,0,0,0,0,0
image_2201.png,surface,0.0,0.0,1.27869672876321,-13.26401715811884,6.125140546537197,0.0,0.5687185802984572,-1.0503465351877457,0.0,0.0,0.0,1.674256388714258,0,0,0,0,0,0
image_2202.png,surface,0.0,0.0,2.259222864020438,11.959435369958417,-0.1172190671547034,0.0,-0.6997096470510361,-2.398186709695063,0.0,0.0,0.0,1.7548160439429823,0,0,0,0,0,0
image_2203.png,surface,0.0,0.0,2.209292357037998,-23.290019948198385,-0.9607919807380384,0.0,-2.4868168961630537,-0.9084383294236495,0.0,0.0,0.0,1.5651453579370749,0,0,0,0,0,0
image_2204.png,surface,0.0,0.0,1.0306105359530835,10.019114093683973,-4.895343379176679,0.0,-2.604142540188698,0.4299551801803142,0.0,0.0,0.0,2.407490355562292,0,0,0,0,0,0
image_2206.png,surface,0.0,0.0,2.957113002801089,-2.0563977089639125,2.82907237432296,0.0,0.7687965882264239,1.1819886427214896,0.0,0.0,0.0,1.6216938180883211,0,0,0,0,0,0
image_2208.png,surface,0.0,0.0,0.5544952606205784,-1.5211666313322971,2.2174689835460493,0.0,1.135125739547067,-2.4236731242885794,0.0,0.0,0.0,1.4739218910446183,0,0,0,0,0,0
image_2209.png,surface,0.0,0.0,0.9399625490383764,-4.152813581693235,4.0622898516792265,0.0,0.3101405245909556,0.009262083408751,0.0,0.0,0.0,-2.8463611268162614,0,0,0,0,0,0
image_2211.png,surface,0.0,0.0,0.5075393189151949,-0.2160365542535914,18.49017846478065,0.0,-2.345900312279896,-0.5427454877994666,0.0,0.0,0.0,1.0065373545737284,0,0,0,0,0,0
image_2212.png,surface,0.0,0.0,2.7739700522970354,15.55668947806273,-16.153366870357303,0.0,-1.5573781895858787,0.531706792262873,0.0,0.0,0.0,1.248411724180993,0,0,0,0,0,0
image_2213.png,surface,0.0,0.0,2.249038726352358,15.048365799968126,16.760374181681247,0.0,1.2276194837014465,-1.1201226230237622,0.0,0.0,0.0,1.5425233955477022,0,0,0,0,0,0
image_2214.png,surface,0.0,0.0,2.518593620124533,-2.8070871125485364,-5.35920633663538,0.0,0.3206153984904042,-2.36685389203572,0.0,0.0,0.0,2.5357941841265186,0,0,0,0,0,0
image_2216.png,surface,0.0,0.0,2.2970413697911787,21.131421026815048,-5.021084704187226,0.0,2.492555503402326,-1.4569327442060094,0.0,0.0,0.0,-0.4056245116997479,0,0,0,0,0,0
image_2217.png,surface,0.0,0.0,0.8072371775213656,-20.30692827640205,-14.600812119614428,0.0,1.467752806696997,2.4538184943141084,0.0,0.0,0.0,-2.535852050786608,0,0,0,0,0,0
image_2218.png,surface,0.0,0.0,1.2056742445639812,-6.899782449186222,-1.7134969903714805,0.0,0.1021970430821834,-1.7580280047852894,0.0,0.0,0.0,2.4726583697439226,0,0,0,0,0,0
image_2219.png,surface,0.0,0.0,1.8917523270459509,3.922387363963369,-6.2057684649105065,0.0,-1.3735121190559765,0.107786379914853,0.0,0.0,0.0,-1.5537216994956125,0,0,0,0,0,0
image_2220.png,surface,0.0,0.0,1.5031714879435891,4.908032678238643,-16.992923321216463,0.0,-2.4708731675518028,-0.4112028838666757,0.0,0.0,0.0,-2.082092291517788,0,0,0,0,0,0
image_2222.png,surface,0.0,0.0,2.525819004300387,10.630067710758173,-22.23117976910491,0.0,-2.7325479448978367,0.4569230301800957,0.0,0.0,0.0,2.771482227582773,0,0,0,0,0,0
image_2223.png,surface,0.0,0.0,1.4344111292801724,0.0544462714428713,-13.692253891320547,0.0,1.3875193170052893,-0.3296830374345945,0.0,0.0,0.0,1.4913627909102507,0,0,0,0,0,0
image_2224.png,surface,0.0,0.0,3.3532677138072007,-3.024402056321336,14.4799048656897,0.0,-0.9262728041439356,2.6832438313046536,0.0,0.0,0.0,1.3485749092378765,0,0,0,0,0,0
image_2225.png,surface,0.0,0.0,2.4327258073144424,2.684451754805337,-1.4744798340212733,0.0,-1.7593694676625578,0.1867774753832075,0.0,0.0,0.0,0.5762635394523281,0,0,0,0,0,0
image_2226.png,surface,0.0,0.0,3.0398755014678267,-22.32860169000231,-8.683673540173341,0.0,-1.0786850043717076,-1.1758408772888358,0.0,0.0,0.0,-0.0447573431292784,0,0,0,0,0,0
image_2227.png,surface,0.0,0.0,3.2137558636189727,-2.8455244278332583,21.31102290673444,0.0,1.0929384352826086,-2.766957005906216,0.0,0.0,0.0,-1.335350286034404,0,0,0,0,0,0
image_2228.png,surface,0.0,0.0,1.092899769137809,-7.845204005892452,-9.415051983653802,0.0,0.2348313367930712,2.020713788419501,0.0,0.0,0.0,0.9796523623564432,0,0,0,0,0,0
image_2229.png,surface,0.0,0.0,1.6931935808895395,16.054199336975703,5.461647639288875,0.0,-0.7038760884955708,2.158569942226128,0.0,0.0,0.0,1.4463334298283286,0,0,0,0,0,0
image_2230.png,surface,0.0,0.0,0.6829068713248168,-5.9035962425103055,6.560930099475729,0.0,-0.7050227318111257,2.2187254793864946,0.0,0.0,0.0,-2.9508302892900744,0,0,0,0,0,0
image_2232.png,surface,0.0,0.0,2.262398721431816,-20.31440932450023,-3.784046868851511,0.0,-0.2205747373576272,0.0654445271883968,0.0,0.0,0.0,0.6652138682342015,0,0,0,0,0,0
image_2233.png,surface,0.0,0.0,2.051399612887676,-11.796840666286023,-11.13850866149653,0.0,-0.9241309224603816,-2.785468552689852,0.0,0.0,0.0,-1.4990612289285,0,0,0,0,0,0
image_2234.png,surface,0.0,0.0,1.812570326157437,-15.276846049147911,11.644032936400857,0.0,0.9684093007761309,2.5157015863318124,0.0,0.0,0.0,2.152272045142512,0,0,0,0,0,0
image_2235.png,surface,0.0,0.0,2.650887169009609,2.5172521962671213,-1.6774286044862683,0.0,-1.525975537800396,-0.8390931338915748,0.0,0.0,0.0,0.5893720425630864,0,0,0,0,0,0
image_2236.png,surface,0.0,0.0,1.2977196617139517,-3.688932751129461,16.37388339223174,0.0,-0.1323858341094403,1.0104123631588138,0.0,0.0,0.0,-2.8668880454686327,0,0,0,0,0,0
image_2237.png,surface,0.0,0.0,1.7433412922607203,10.694544933693868,6.038270596010267,0.0,0.9969918471971952,-0.7227446823503586,0.0,0.0,0.0,0.8598301027450557,0,0,0,0,0,0
image_2239.png,surface,0.0,0.0,2.201271009065404,11.806904639476022,4.204371166440641,0.0,0.7739004729552853,-2.517811388224455,0.0,0.0,0.0,1.4044855948012485,0,0,0,0,0,0
image_2240.png,surface,0.0,0.0,2.5443004972439325,-5.958766607674816,-0.2698159006889548,0.0,-0.4486588352359281,0.6202015482774903,0.0,0.0,0.0,0.8628086544667215,0,0,0,0,0,0
image_2241.png,surface,0.0,0.0,2.73649150587084,-5.902121625825842,-10.65441444005412,0.0,0.9364168303149264,0.794221810422335,0.0,0.0,0.0,-2.733836891684886,0,0,0,0,0,0
image_2242.png,surface,0.0,0.0,1.8401430307373683,2.94978836364402,-1.4439813506066934,0.0,0.4442803175603659,1.4862024990751233,0.0,0.0,0.0,2.498706891530341,0,0,0,0,0,0
image_2243.png,surface,0.0,0.0,1.7924283617486565,-10.560428692732776,1.9857016874418392,0.0,1.546571844695772,1.276522949329841,0.0,0.0,0.0,-2.6370710364092584,0,0,0,0,0,0
image_2244.png,surface,0.0,0.0,1.910613011791684,14.921303803251032,15.051331149529211,0.0,1.764523615928988,-0.1588047635233052,0.0,0.0,0.0,-0.2727975615680855,0,0,0,0,0,0
image_2245.png,surface,0.0,0.0,3.086059098815596,11.186673095468372,-20.3420240181877,0.0,-0.7868538678449764,-1.8793327226552663,0.0,0.0,0.0,-1.188054813538148,0,0,0,0,0,0
image_2246.png,surface,0.0,0.0,1.5908468468623815,3.56289603336316,21.917223370752986,0.0,-1.611173821170408,-2.2842310761515647,0.0,0.0,0.0,0.6511880395021028,0,0,0,0,0,0
image_2247.png,surface,0.0,0.0,3.155846190869089,1.0855657932753937,11.273726140229291,0.0,0.6232190389866223,0.5538994799871547,0.0,0.0,0.0,-2.934351222386046,0,0,0,0,0,0
image_2250.png,surface,0.0,0.0,3.192166453527769,9.239807764050047,4.608209645197565,0.0,-1.3770709483526304,-2.170654553983578,0.0,0.0,0.0,-0.3689088764490544,0,0,0,0,0,0
image_2251.png,surface,0.0,0.0,3.29831296311134,13.760282742075267,15.140838957674667,0.0,-2.2309475143365267,-1.8437114313429184,0.0,0.0,0.0,-1.3060725342302135,0,0,0,0,0,0
image_2252.png,surface,0.0,0.0,1.123024755792913,12.0614250067779,-11.472120180998283,0.0,0.2459581894727196,-2.2848219777539,0.0,0.0,0.0,0.381349004792634,0,0,0,0,0,0
image_2253.png,surface,0.0,0.0,1.1514792910247684,1.07621277509363,-16.84795410602516,0.0,-1.2767014053263714,-1.8030042175833008,0.0,0.0,0.0,2.883571622285765,0,0,0,0,0,0
image_2254.png,surface,0.0,0.0,2.762737737782175,-6.892406063959534,12.559894746115422,0.0,2.4594519229354246,-1.4370518084339186,0.0,0.0,0.0,1.6179948153716772,0,0,0,0,0,0
image_2255.png,surface,0.0,0.0,1.5843963182623435,1.8055338838121813,-14.519907261383992,0.0,-0.382848198617565,0.8499654341509657,0.0,0.0,0.0,2.2439449170382098,0,0,0,0,0,0
image_2256.png,surface,0.0,0.0,1.1169676358476766,14.26469925185508,8.683729979459196,0.0,-2.691061026764409,-0.9764388424286302,0.0,0.0,0.0,2.2765822732217407,0,0,0,0,0,0
image_2257.png,surface,0.0,0.0,1.1817061772183837,23.230361186509043,1.4222347633394714,0.0,-0.9469873550499862,-2.4524203115341376,0.0,0.0,0.0,2.866149143764537,0,0,0,0,0,0
image_2258.png,surface,0.0,0.0,1.412552774992904,-5.927185435503551,7.641616988084944,0.0,1.8577656826750035,0.1704046437477563,0.0,0.0,0.0,0.9155876767602528,0,0,0,0,0,0
image_2260.png,surface,0.0,0.0,1.8691329765438072,1.6323835943411729,-0.9258252172428914,0.0,-2.551716525805685,-0.9802981236472752,0.0,0.0,0.0,-2.20211171666066,0,0,0,0,0,0
image_2262.png,surface,0.0,0.0,1.6146082333854015,-15.174462895976191,-17.047654822281554,0.0,-1.6821075849267653,1.9803236496716028,0.0,0.0,0.0,-0.3571063658400297,0,0,0,0,0,0
image_2263.png,surface,0.0,0.0,1.4695033787684102,11.293721592401454,19.965406008107795,0.0,2.64760700151604,1.085385143021194,0.0,0.0,0.0,-1.5003299327404045,0,0,0,0,0,0
image_2264.png,surface,0.0,0.0,0.7283051122661601,-20.533175913595628,-3.09269552037657,0.0,1.2622326680582237,-0.3190142856151436,0.0,0.0,0.0,0.0617057413173292,0,0,0,0,0,0
image_2265.png,surface,0.0,0.0,2.9698746071934807,-6.681275707166078,11.761544682979856,0.0,-0.5121220430394717,1.0222786546721674,0.0,0.0,0.0,0.819530230697104,0,0,0,0,0,0
image_2266.png,surface,0.0,0.0,2.6940516447218874,-2.280569658128058,6.889114324187633,0.0,1.0605937628711146,-1.1214279978926731,0.0,0.0,0.0,2.036453423039509,0,0,0,0,0,0
image_2267.png,surface,0.0,0.0,1.8066862955265903,12.981397860980843,3.854875307524615,0.0,0.5765143512252714,-0.9306424677729128,0.0,0.0,0.0,-0.7245234778971064,0,0,0,0,0,0
image_2268.png,surface,0.0,0.0,2.604628568549248,-10.843367076074449,20.539361627381865,0.0,0.2228342450207001,-1.2453507587107964,0.0,0.0,0.0,-2.232717006563072,0,0,0,0,0,0
image_2269.png,surface,0.0,0.0,1.5161282261403604,0.2934913620194513,11.96662920374749,0.0,1.8307265281231333,-0.3376717343186499,0.0,0.0,0.0,-0.767248188033272,0,0,0,0,0,0
image_2270.png,surface,0.0,0.0,3.307508042899285,-13.872602586954311,-15.852475427757152,0.0,1.2944439068385996,-0.4563493665352494,0.0,0.0,0.0,-0.0074156658167181,0,0,0,0,0,0
image_2271.png,surface,0.0,0.0,2.0023451491061075,14.255922933870384,6.6349850494571605,0.0,-2.958633127501831,0.3825812417524697,0.0,0.0,0.0,2.474273990357614,0,0,0,0,0,0
image_2272.png,surface,0.0,0.0,0.8336087737235953,-3.1403051635550407,-7.633768724968047,0.0,-0.9182462782028205,2.259137365384411,0.0,0.0,0.0,-2.4653709405045072,0,0,0,0,0,0
image_2274.png,surface,0.0,0.0,1.5803923818604386,19.00845211031944,11.74197435892082,0.0,1.784025304237341,1.705744811476046,0.0,0.0,0.0,2.3219425500211903,0,0,0,0,0,0
image_2275.png,surface,0.0,0.0,0.6023125699413177,-23.180573734320376,8.212483097985963,0.0,-0.1855746462809519,-1.159200066067325,0.0,0.0,0.0,0.1743947942725032,0,0,0,0,0,0
image_2276.png,surface,0.0,0.0,1.549129392857282,-0.8659159521900183,-18.2127307519915,0.0,-2.947035589063235,-0.1240229274761725,0.0,0.0,0.0,-1.954271340304755,0,0,0,0,0,0
image_2277.png,surface,0.0,0.0,3.4290224533789053,-6.976030302972341,19.22090365737726,0.0,2.9027649488881018,0.4542892063580814,0.0,0.0,0.0,-0.5388305742886645,0,0,0,0,0,0
image_2278.png,surface,0.0,0.0,1.2789480961523938,14.675926671828254,11.002811739466008,0.0,1.5748026654271037,1.7869088418379555,0.0,0.0,0.0,-1.082457807746617,0,0,0,0,0,0
image_2281.png,surface,0.0,0.0,1.007961453499552,-23.26581252915143,-0.7386244313177308,0.0,-1.3193865429525238,2.5840539813642893,0.0,0.0,0.0,1.2355427349248576,0,0,0,0,0,0
image_2283.png,surface,0.0,0.0,0.5438441615466654,-11.759814981615818,11.58716591809796,0.0,2.920291356532652,0.1800225380646264,0.0,0.0,0.0,-2.0586545767537268,0,0,0,0,0,0
image_2284.png,surface,0.0,0.0,1.9509360924856416,-0.9565518846045716,-3.364740168626817,0.0,-2.228164364140379,0.5730891653869401,0.0,0.0,0.0,0.8700391517438884,0,0,0,0,0,0
image_2288.png,surface,0.0,0.0,3.0328433432340884,3.911878003646189,10.98860411042022,0.0,-1.6892580898383491,0.6675920459606275,0.0,0.0,0.0,-2.3330694331468176,0,0,0,0,0,0
image_2289.png,surface,0.0,0.0,3.318368053737258,12.1103438327623,18.270347072779657,0.0,-0.7725417022437411,0.0500292177595308,0.0,0.0,0.0,2.770628189875273,0,0,0,0,0,0
image_2291.png,surface,0.0,0.0,3.035355273833048,-13.482717399061416,17.587237811952665,0.0,-0.2430127790349167,-0.8406669125759861,0.0,0.0,0.0,0.1181800313195058,0,0,0,0,0,0
image_2292.png,surface,0.0,0.0,0.744198758811188,13.08708439566436,14.190039026570986,0.0,-0.8554223425419123,-0.9959066487149748,0.0,0.0,0.0,-1.360780577063636,0,0,0,0,0,0
image_2294.png,surface,0.0,0.0,2.727956331105,6.354082094078627,17.01174762769533,0.0,0.4504732222781733,-1.1802487699718038,0.0,0.0,0.0,0.4908095549471332,0,0,0,0,0,0
image_2296.png,surface,0.0,0.0,0.6695468752795408,16.713981608695335,3.655356852731812,0.0,1.967459368066748,1.0201736047367431,0.0,0.0,0.0,0.0166539269196692,0,0,0,0,0,0
image_2297.png,surface,0.0,0.0,2.7297350341248308,-19.302340086482488,6.765161434929028,0.0,1.828015244265944,-0.2390167290198674,0.0,0.0,0.0,-2.839964957351812,0,0,0,0,0,0
image_2298.png,surface,0.0,0.0,2.1702982270506403,-2.6683702421115068,23.15971617852901,0.0,-1.697356689480238,0.3195961602330268,0.0,0.0,0.0,-2.080621473640244,0,0,0,0,0,0
image_2299.png,surface,0.0,0.0,1.8957807236475384,-4.793872819246828,-6.546306145314128,0.0,2.24430727962967,-0.3390142291097581,0.0,0.0,0.0,-0.8368289287314901,0,0,0,0,0,0
image_2300.png,surface,0.0,0.0,1.7406706673142534,-10.268874751629353,3.223724793346773,0.0,0.8764637449262652,1.6946706730319634,0.0,0.0,0.0,2.1292622679150632,0,0,0,0,0,0
image_2301.png,surface,0.0,0.0,2.3844670126447425,2.5664025550876643,-6.256235715938888,0.0,0.0103261483401705,-1.099005766253217,0.0,0.0,0.0,-0.8591901706770475,0,0,0,0,0,0
image_2302.png,surface,0.0,0.0,3.251148863775469,17.7006922024504,6.797983828641198,0.0,-1.7965535477566097,0.3697264639836514,0.0,0.0,0.0,-0.9620518881078866,0,0,0,0,0,0
image_2304.png,surface,0.0,0.0,1.6628422420226818,-10.676707323403525,19.32895937834813,0.0,1.9577983175894524,1.2224867130738937,0.0,0.0,0.0,0.5364456130850752,0,0,0,0,0,0
image_2305.png,surface,0.0,0.0,1.583800488700422,2.082967112865964,12.789433341267436,0.0,-0.3873663360275898,0.9601389559551156,0.0,0.0,0.0,-1.2057196307689642,0,0,0,0,0,0
image_2306.png,surface,0.0,0.0,1.097572144401548,3.4407016335177225,-15.267293216826085,0.0,0.0479148670136926,-0.7383314497176756,0.0,0.0,0.0,-2.54262243858427,0,0,0,0,0,0
image_2308.png,surface,0.0,0.0,1.1904847329635633,-2.2496330762902663,8.4091437407736,0.0,0.5783364124684793,1.9750961728408467,0.0,0.0,0.0,0.310887609895345,0,0,0,0,0,0
image_2309.png,surface,0.0,0.0,2.163234756397733,23.53571711182084,3.04410034411596,0.0,-1.8173267490089016,-1.0208492209435642,0.0,0.0,0.0,-2.2722258845075483,0,0,0,0,0,0
image_2310.png,surface,0.0,0.0,2.844024190444967,10.399987697449204,10.589980666673249,0.0,0.1933545183278214,-0.1670885062833715,0.0,0.0,0.0,-0.1092325711505948,0,0,0,0,0,0
image_2311.png,surface,0.0,0.0,0.57738344299718,4.101544254506833,-21.66629510718172,0.0,1.1021417101680149,1.944273431304736,0.0,0.0,0.0,-1.1120059679898544,0,0,0,0,0,0
image_2313.png,surface,0.0,0.0,1.706655063016948,17.407168619297323,-5.471831442061827,0.0,1.0839854881686022,0.0782099540155754,0.0,0.0,0.0,2.007337907764353,0,0,0,0,0,0
image_2314.png,surface,0.0,0.0,0.7183491496769863,-3.30573177962047,0.0797600763899086,0.0,1.4400209391332115,-2.0636688300957884,0.0,0.0,0.0,-2.472849843107673,0,0,0,0,0,0
image_2315.png,surface,0.0,0.0,2.956173075736928,7.92776868960501,12.205472943576892,0.0,-0.3153080413975951,-1.054742378310523,0.0,0.0,0.0,1.604310902438824,0,0,0,0,0,0
image_2316.png,surface,0.0,0.0,1.7089587389171963,6.635013934156805,-16.610077733413267,0.0,2.030327250084809,-0.0247961737771411,0.0,0.0,0.0,0.8094307863384751,0,0,0,0,0,0
image_2318.png,surface,0.0,0.0,2.520250527665111,-6.615075248783359,-8.518615906164953,0.0,1.393189412863985,-1.820315995374236,0.0,0.0,0.0,0.0494469308321834,0,0,0,0,0,0
image_2319.png,surface,0.0,0.0,1.830429118542943,-0.9232945888159936,4.542822063371221,0.0,0.7003137577343415,-0.5350591611834159,0.0,0.0,0.0,1.362547730223664,0,0,0,0,0,0
image_2320.png,surface,0.0,0.0,1.616252346280327,11.273108846337651,8.72986333130962,0.0,-2.0967894418576574,-0.6679171496254217,0.0,0.0,0.0,0.9299317248972656,0,0,0,0,0,0
image_2321.png,surface,0.0,0.0,2.187324839245281,-13.323678075217993,-13.12709121167195,0.0,-1.4035579955398505,0.5506953147966277,0.0,0.0,0.0,-1.4347106339931486,0,0,0,0,0,0
image_2322.png,surface,0.0,0.0,1.5837074340238662,-18.463700087186474,11.36358931971305,0.0,0.4077409480415098,1.2953665636791163,0.0,0.0,0.0,-1.6508192645962163,0,0,0,0,0,0
image_2323.png,surface,0.0,0.0,2.760910354759909,-1.5124373810712015,-18.78758794940144,0.0,0.4702266503032681,2.640810641954541,0.0,0.0,0.0,0.7964546853426491,0,0,0,0,0,0
image_2324.png,surface,0.0,0.0,2.774855581116188,7.789717358509728,0.0905465598010188,0.0,-0.9881097567634992,-1.4960916397918762,0.0,0.0,0.0,-2.3208201252838467,0,0,0,0,0,0
image_2325.png,surface,0.0,0.0,2.765121729011351,-13.959769599044998,-4.454489746067888,0.0,0.7144456743511038,-1.1856442017888105,0.0,0.0,0.0,-0.359271178216229,0,0,0,0,0,0
image_2326.png,surface,0.0,0.0,2.871037306938657,19.374303001734617,-12.536617829891105,0.0,0.0108032437418346,2.141099630042883,0.0,0.0,0.0,-0.2072114750127571,0,0,0,0,0,0
image_2327.png,surface,0.0,0.0,2.130417668739142,4.450722669281002,11.117975646536502,0.0,-0.7287916455959084,-1.8670705696092933,0.0,0.0,0.0,-1.6597194905914885,0,0,0,0,0,0
image_2328.png,surface,0.0,0.0,2.960203047341582,15.768373240162411,13.986483688822569,0.0,0.3188125711116229,-1.5677147682289854,0.0,0.0,0.0,-2.421961109706088,0,0,0,0,0,0
image_2329.png,surface,0.0,0.0,1.305450726797707,-12.084990725592782,-5.854258619477805,0.0,-1.2248513650303066,-1.0765867077929148,0.0,0.0,0.0,2.498689407092076,0,0,0,0,0,0
image_2330.png,surface,0.0,0.0,3.243182482505653,-16.09543873526349,-7.130688298707274,0.0,1.8147563637084585,-2.34884095579564,0.0,0.0,0.0,0.1873015565138698,0,0,0,0,0,0
image_2332.png,surface,0.0,0.0,2.0906473036426614,9.62055352028888,-20.364956443034373,0.0,-0.5003850378206449,0.3678361315247053,0.0,0.0,0.0,-2.895315778930444,0,0,0,0,0,0
image_2333.png,surface,0.0,0.0,0.998735471948361,-6.297757626791658,-6.510254620232873,0.0,2.646846330597996,-0.4340693036895831,0.0,0.0,0.0,-0.7702030672265372,0,0,0,0,0,0
image_2334.png,surface,0.0,0.0,0.6051319923754175,3.0250353651635766,20.93758167374688,0.0,-2.016293768295592,-1.6077232533792656,0.0,0.0,0.0,0.3247238746564314,0,0,0,0,0,0
image_2335.png,surface,0.0,0.0,0.7752645338129733,-13.967042680245356,-0.0633470106842362,0.0,1.9613858550043928,0.2675244690915643,0.0,0.0,0.0,-0.2653171920782564,0,0,0,0,0,0
image_2337.png,surface,0.0,0.0,2.8118774353012728,-4.194465382717906,1.6703592334702673,0.0,-0.6317895210682557,-2.741591839275284,0.0,0.0,0.0,-0.3865809728607416,0,0,0,0,0,0
image_2338.png,surface,0.0,0.0,2.7788966672073165,1.4593145488873314,-16.07217988152062,0.0,0.8224080811368571,0.3978047534991632,0.0,0.0,0.0,2.3142954058937173,0,0,0,0,0,0
image_2339.png,surface,0.0,0.0,1.7502698734779591,0.1556284722677544,2.0716923779798453,0.0,-0.6282797943631915,-2.1372970450827773,0.0,0.0,0.0,-1.2137805701324351,0,0,0,0,0,0
image_2341.png,surface,0.0,0.0,0.9501328479456976,8.961173057783164,-3.3895884210200404,0.0,0.0942577762181226,-2.669594281431883,0.0,0.0,0.0,-1.2603085076911946,0,0,0,0,0,0
image_2342.png,surface,0.0,0.0,3.0336484504038195,-10.514928001236564,21.80524938142538,0.0,2.3612292817847806,0.1865142637619531,0.0,0.0,0.0,-1.523015355118728,0,0,0,0,0,0
image_2344.png,surface,0.0,0.0,1.5570987060813433,2.500827404121716,-20.69055493055662,0.0,-1.2457435678639506,-0.043020676919746,0.0,0.0,0.0,2.773937566726328,0,0,0,0,0,0
image_2346.png,surface,0.0,0.0,2.631885441229962,7.459983617044953,-7.465633047888996,0.0,1.1504457759582911,-2.209935331238201,0.0,0.0,0.0,1.8385056055026343,0,0,0,0,0,0
image_2347.png,surface,0.0,0.0,1.754831106454937,1.1864431773328148,0.3641807464002776,0.0,-0.0913671023217454,-2.4945646380784243,0.0,0.0,0.0,-1.970731869317543,0,0,0,0,0,0
image_2348.png,surface,0.0,0.0,1.5893644562296174,-13.471393427839574,9.333343702430362,0.0,0.2058772220268576,0.2525019463758229,0.0,0.0,0.0,-0.6123390130346533,0,0,0,0,0,0
image_2350.png,surface,0.0,0.0,1.024366313902112,5.052906952842368,-6.874857974411865,0.0,2.4983249791557425,-1.065555301599955,0.0,0.0,0.0,1.482912766788241,0,0,0,0,0,0
image_2351.png,surface,0.0,0.0,1.854452229187208,-16.41356268612583,12.762710795050475,0.0,0.4568442079346775,0.2726619012278812,0.0,0.0,0.0,-1.542226134114631,0,0,0,0,0,0
image_2352.png,surface,0.0,0.0,1.6099272001953322,5.655719130356344,-12.231951823349464,0.0,-1.9826856981632288,-1.936199889430604,0.0,0.0,0.0,0.6036967450301272,0,0,0,0,0,0
image_2353.png,surface,0.0,0.0,0.684163709089028,18.63275804791981,3.1683709159113267,0.0,-2.445694532233293,1.1812403884891394,0.0,0.0,0.0,1.6653664151829126,0,0,0,0,0,0
image_2355.png,surface,0.0,0.0,0.9012182382302264,-12.761269654267595,2.0610212629225697,0.0,-0.3282309565201474,2.500610857798216,0.0,0.0,0.0,-2.345392412452716,0,0,0,0,0,0
image_2356.png,surface,0.0,0.0,2.906252848066233,-21.89491243416692,7.228416782937487,0.0,-1.5071290324854,-0.6828193436877148,0.0,0.0,0.0,-2.5035995671621727,0,0,0,0,0,0
image_2357.png,surface,0.0,0.0,1.934648410960229,-15.233984042501357,11.87197471560797,0.0,0.0596934159130036,-1.3473951674227582,0.0,0.0,0.0,1.3758498093880591,0,0,0,0,0,0
image_2358.png,surface,0.0,0.0,1.0524482568206552,6.4259885352176624,-12.199317866353566,0.0,-0.3156270864962914,-1.0056550352509703,0.0,0.0,0.0,-2.0377154242754463,0,0,0,0,0,0
image_2359.png,surface,0.0,0.0,0.9842944039802256,6.786463436364073,16.135736124507186,0.0,-1.3930335596278027,-2.63686310296796,0.0,0.0,0.0,-1.518140885476489,0,0,0,0,0,0
image_2360.png,surface,0.0,0.0,2.955897684051941,18.09986486153976,-11.698477600367507,0.0,2.0555651770362933,-0.4133883984324646,0.0,0.0,0.0,-1.415603981265903,0,0,0,0,0,0
image_2362.png,surface,0.0,0.0,2.008750078753711,18.22938772533724,-6.575215903904703,0.0,-2.596641487107896,-1.281615078715167,0.0,0.0,0.0,-2.562634346929487,0,0,0,0,0,0
image_2363.png,surface,0.0,0.0,1.843997049026334,-0.4043227084161949,-14.912034895160168,0.0,0.8765698730451348,-1.019338891868537,0.0,0.0,0.0,-2.937508404134348,0,0,0,0,0,0
image_2365.png,surface,0.0,0.0,2.15095411491838,15.736650315044791,-16.701660805697678,0.0,1.5626151838508668,1.6597652663847358,0.0,0.0,0.0,-2.5249417849830027,0,0,0,0,0,0
image_2366.png,surface,0.0,0.0,0.8579784167268034,-17.5188518204759,0.4693519487593582,0.0,0.8552661436834441,-2.456039752213815,0.0,0.0,0.0,-2.391924203973821,0,0,0,0,0,0
image_2367.png,surface,0.0,0.0,0.708372582858384,-3.85865349694496,17.105015227719484,0.0,-0.4738404535253518,1.4024737338542197,0.0,0.0,0.0,0.7810633969127609,0,0,0,0,0,0
image_2368.png,surface,0.0,0.0,1.3036199982660712,13.507708825089155,-7.169507128081296,0.0,-1.844314973807,1.5547922752866057,0.0,0.0,0.0,0.5720133491284027,0,0,0,0,0,0
image_2369.png,surface,0.0,0.0,3.419791979097714,-3.641661099918803,-21.32076198169458,0.0,-1.4657769257855873,-0.5133368731455075,0.0,0.0,0.0,1.762965883245295,0,0,0,0,0,0
image_2370.png,surface,0.0,0.0,0.74501901017147,-10.46326993015848,-11.64496228151344,0.0,1.352600835629452,-0.4140405913263084,0.0,0.0,0.0,1.2374121498904778,0,0,0,0,0,0
image_2371.png,surface,0.0,0.0,2.1139711167875523,6.869395676529011,7.742973658222113,0.0,-0.7610202690418052,-0.2200934018432221,0.0,0.0,0.0,2.747836077842793,0,0,0,0,0,0
image_2372.png,surface,0.0,0.0,3.262577578331862,-0.0389008324745642,5.425409809937941,0.0,1.393177289052195,1.7648243307752864,0.0,0.0,0.0,-1.3874258524929874,0,0,0,0,0,0
image_2373.png,surface,0.0,0.0,0.7305694374761758,20.392422587153,-9.8609391989998,0.0,2.155265201566701,-0.1757747204876954,0.0,0.0,0.0,0.5537582229610356,0,0,0,0,0,0
image_2374.png,surface,0.0,0.0,1.0707753221696428,4.376915404989826,8.095571437702494,0.0,0.4176317035086155,1.249873675502448,0.0,0.0,0.0,2.6686935728750214,0,0,0,0,0,0
image_2375.png,surface,0.0,0.0,2.362964671818909,-5.96032487807031,-16.466874717073118,0.0,-1.4146473627109568,0.5050623712015004,0.0,0.0,0.0,2.788875210262529,0,0,0,0,0,0
image_2376.png,surface,0.0,0.0,0.5414941173850427,1.8069383199371587,-22.1292867995647,0.0,2.220574461398995,0.7390007217557651,0.0,0.0,0.0,0.6999835869178836,0,0,0,0,0,0
image_2377.png,surface,0.0,0.0,3.2787553892719403,-1.605104297392353,-22.883886819518825,0.0,0.4942845532181035,1.7139832926791851,0.0,0.0,0.0,1.4968386145900985,0,0,0,0,0,0
image_2378.png,surface,0.0,0.0,0.8220827970631821,-4.374252455279502,22.947337915011538,0.0,-2.76774412613688,0.3772978963674707,0.0,0.0,0.0,0.5326458629236774,0,0,0,0,0,0
image_2379.png,surface,0.0,0.0,0.6812788929932352,-0.615759216364817,2.3567442001773244,0.0,-1.1883080148793228,-0.0685681826395468,0.0,0.0,0.0,1.6063710286736566,0,0,0,0,0,0
image_2380.png,surface,0.0,0.0,1.076689256370504,10.494630720422636,-8.853849662373426,0.0,0.5011595781600822,0.1629134767808058,0.0,0.0,0.0,-0.8912414427600281,0,0,0,0,0,0
image_2381.png,surface,0.0,0.0,2.3310345906193404,17.581063963229752,3.115127359103928,0.0,-2.258762772672567,-1.090006198484181,0.0,0.0,0.0,-1.138679005774942,0,0,0,0,0,0
image_2383.png,surface,0.0,0.0,1.93722474737889,-3.7964112430975314,21.32679372482197,0.0,1.7668415790508163,0.068380829349754,0.0,0.0,0.0,1.5923538654841636,0,0,0,0,0,0
image_2384.png,surface,0.0,0.0,2.1058097285510624,-12.616748680869556,-15.52935004061048,0.0,1.963222308337752,2.0990310150828986,0.0,0.0,0.0,-2.175690929457533,0,0,0,0,0,0
image_2385.png,surface,0.0,0.0,1.82924099309251,2.263664600605088,-7.962894584116021,0.0,-1.2419788569385783,-1.542145239033151,0.0,0.0,0.0,1.0024719888445075,0,0,0,0,0,0
image_2386.png,surface,0.0,0.0,2.109041985119231,-0.5394780076300032,11.920644891554684,0.0,-1.482298057242231,-1.8581277440465904,0.0,0.0,0.0,-0.0916511722363235,0,0,0,0,0,0
image_2387.png,surface,0.0,0.0,1.3080582396770009,10.363190553709892,22.86918042131412,0.0,0.3733420904843619,-2.929853489034804,0.0,0.0,0.0,-1.7741113114074012,0,0,0,0,0,0
image_2389.png,surface,0.0,0.0,2.6297857560899742,-7.248946974701907,-12.418999104577871,0.0,-0.594254886173166,0.4256187756429394,0.0,0.0,0.0,2.9939072591555984,0,0,0,0,0,0
image_2390.png,surface,0.0,0.0,2.062523096912995,-18.902589827216048,8.050177761944104,0.0,0.9576109230055272,2.3520332350348525,0.0,0.0,0.0,1.948236887640333,0,0,0,0,0,0
image_2391.png,surface,0.0,0.0,3.0785251606250528,11.817670902766771,-13.935487995226415,0.0,0.7579402655729767,-1.1099490057878607,0.0,0.0,0.0,1.9692904712949817,0,0,0,0,0,0
image_2392.png,surface,0.0,0.0,2.4823903614957508,8.123327868718244,8.95082033490365,0.0,-2.048489756935684,-0.6353033968547268,0.0,0.0,0.0,-0.1776998333186865,0,0,0,0,0,0
image_2393.png,surface,0.0,0.0,1.9804865268267424,-16.234971672368353,10.57839036522065,0.0,2.824371904955153,-0.4156975492606239,0.0,0.0,0.0,-0.2511259505627157,0,0,0,0,0,0
image_2394.png,surface,0.0,0.0,3.026339782959259,9.915453628891624,16.99194635970309,0.0,-1.2177195254595907,2.14815733964856,0.0,0.0,0.0,-2.4108441937294662,0,0,0,0,0,0
image_2395.png,surface,0.0,0.0,2.252961640555865,9.035202346522071,-0.0864571714844538,0.0,2.137539142686392,-1.727450819113659,0.0,0.0,0.0,0.2371793425768085,0,0,0,0,0,0
image_2396.png,surface,0.0,0.0,0.7280072993218865,0.7833998171889139,-2.425450703088867,0.0,-1.768584688654356,1.636732873926925,0.0,0.0,0.0,2.575916390394739,0,0,0,0,0,0
image_2397.png,surface,0.0,0.0,2.907824320293442,5.923340163966179,-23.16214473778248,0.0,-0.6103522550866374,-1.6112250431088058,0.0,0.0,0.0,-1.25424968423892,0,0,0,0,0,0
image_2398.png,surface,0.0,0.0,3.0367710164543675,19.310541377309416,5.450813947543226,0.0,-0.4317206458524154,0.929083915072906,0.0,0.0,0.0,-1.8016301693566563,0,0,0,0,0,0
image_2399.png,surface,0.0,0.0,0.6442282884632524,19.145542278256062,-13.858636270946445,0.0,0.7547140192248148,-1.2254930835393885,0.0,0.0,0.0,2.376751652343983,0,0,0,0,0,0
image_2400.png,surface,0.0,0.0,2.811247615842676,-14.52608526700904,18.508544004492705,0.0,2.5830682668638905,0.723502960396875,0.0,0.0,0.0,-1.4358992838899785,0,0,0,0,0,0
image_2402.png,surface,0.0,0.0,2.872199323168854,11.416138791731248,12.157953063017064,0.0,0.3352095363279556,1.1930252679464264,0.0,0.0,0.0,-0.6178438217922642,0,0,0,0,0,0
image_2403.png,surface,0.0,0.0,1.6936383687799363,1.8683040918990488,21.335238341085194,0.0,0.8510344006125863,0.6760562061408023,0.0,0.0,0.0,-1.179315171024925,0,0,0,0,0,0
image_2405.png,surface,0.0,0.0,1.376522661126161,7.0753440078795045,14.249068048814545,0.0,0.8913043297208961,-2.086816486306269,0.0,0.0,0.0,0.4834215951665124,0,0,0,0,0,0
image_2406.png,surface,0.0,0.0,2.473239753202932,8.468440025425382,-14.769393724319189,0.0,-0.8872882378781641,-0.048433822708123,0.0,0.0,0.0,2.3474285736593323,0,0,0,0,0,0
image_2409.png,surface,0.0,0.0,1.7415073699274846,1.123845535511723,19.301357580096468,0.0,1.6311265480503898,1.975621903962109,0.0,0.0,0.0,-0.0475055959632459,0,0,0,0,0,0
image_2410.png,surface,0.0,0.0,0.9625026622593308,-18.009376597053024,4.736620434520011,0.0,-0.6578393612554291,2.6234981693371284,0.0,0.0,0.0,1.6463846169851395,0,0,0,0,0,0
image_2411.png,surface,0.0,0.0,1.7631291317181472,7.351515913948504,-13.985240387513803,0.0,1.4640406589345667,-1.9146454792371204,0.0,0.0,0.0,-0.5749860208383026,0,0,0,0,0,0
image_2413.png,surface,0.0,0.0,2.5335852547682887,-15.678212348674403,2.275848047367318,0.0,-1.3434162684145718,2.270915945903207,0.0,0.0,0.0,-1.3732154166376664,0,0,0,0,0,0
image_2414.png,surface,0.0,0.0,1.3535410867057474,7.574587084103186,-21.644330654300628,0.0,-0.7528541646881863,-1.746162828258557,0.0,0.0,0.0,0.9981108642082344,0,0,0,0,0,0
image_2415.png,surface,0.0,0.0,2.4369523292088977,-14.55116062480672,-6.342197255590159,0.0,-1.5334014046718023,-0.6162164605416266,0.0,0.0,0.0,0.8707354217154872,0,0,0,0,0,0
image_2416.png,surface,0.0,0.0,1.201512484512341,14.09922571471022,-1.411737306769272,0.0,-1.1056289014639535,-2.08838058773216,0.0,0.0,0.0,0.5402871408523984,0,0,0,0,0,0
image_2417.png,surface,0.0,0.0,2.7947260330375143,-19.175872867596627,-3.2667136915597745,0.0,0.4980111483830726,1.3957265133620458,0.0,0.0,0.0,0.0250408329705749,0,0,0,0,0,0
image_2418.png,surface,0.0,0.0,2.6663347983634123,8.490269933397743,-3.326230241003961,0.0,-0.1953662078562035,-0.2404497391131865,0.0,0.0,0.0,0.8361012447089271,0,0,0,0,0,0
image_2419.png,surface,0.0,0.0,0.8532449217288092,7.120407519013105,8.87356520584037,0.0,-0.8824997349185135,1.3318468189140946,0.0,0.0,0.0,0.0245826233965056,0,0,0,0,0,0
image_2420.png,surface,0.0,0.0,2.277964711590029,3.6790210050936056,22.73232888473545,0.0,0.6369820641615224,-0.6512382943146341,0.0,0.0,0.0,-1.8012937533305404,0,0,0,0,0,0
image_2421.png,surface,0.0,0.0,0.7641500807888102,-1.9809117353115289,18.687074349842813,0.0,-2.416202048776222,1.366411728035299,0.0,0.0,0.0,-0.7976246634961774,0,0,0,0,0,0
image_2422.png,surface,0.0,0.0,3.4073729556524874,-12.350511471523076,-20.180374711519928,0.0,-1.5930164640019906,-1.893453701181838,0.0,0.0,0.0,-2.3928220944511738,0,0,0,0,0,0
image_2423.png,surface,0.0,0.0,1.5177188847318424,-9.037146852043596,16.720323194087154,0.0,1.7273322002492033,0.0950161196377632,0.0,0.0,0.0,0.8159621980684522,0,0,0,0,0,0
image_2424.png,surface,0.0,0.0,0.5607834489436438,-4.582175500168093,0.4255098911740508,0.0,0.4804835773395161,-2.2506689517431777,0.0,0.0,0.0,0.5757804259768982,0,0,0,0,0,0
image_2425.png,surface,0.0,0.0,2.010845146196064,0.1425520914141527,-14.256222857329853,0.0,2.008613487819074,-1.288345165657239,0.0,0.0,0.0,-0.3997664844238349,0,0,0,0,0,0
image_2427.png,surface,0.0,0.0,2.4528284363801345,19.010351061407672,2.520861254480674,0.0,-1.119544740876988,-0.9374169258846238,0.0,0.0,0.0,0.2807257024521679,0,0,0,0,0,0
image_2428.png,surface,0.0,0.0,2.6930182578181285,12.412384319084008,0.6566291655400631,0.0,-2.185217953136946,-2.055143022852312,0.0,0.0,0.0,0.2871292179286451,0,0,0,0,0,0
image_2429.png,surface,0.0,0.0,3.077797919938515,6.7662201391208,16.766603259950532,0.0,-2.906657408505734,-0.3258616695989002,0.0,0.0,0.0,-0.5907711440180297,0,0,0,0,0,0
image_2430.png,surface,0.0,0.0,3.1659305057893308,10.406453817095034,1.6610518842109916,0.0,0.0171982269017638,-1.8382848851545428,0.0,0.0,0.0,-0.0797365542605401,0,0,0,0,0,0
image_2432.png,surface,0.0,0.0,1.5732792275028715,24.52769781337581,1.6622160364624423,0.0,-0.0015777862029709,-1.697733554468495,0.0,0.0,0.0,0.1841835476017532,0,0,0,0,0,0
image_2433.png,surface,0.0,0.0,3.423418686021904,-4.1374939293808985,-13.22104943349226,0.0,-0.6419201658229168,0.1160125023973231,0.0,0.0,0.0,0.5687020772553595,0,0,0,0,0,0
image_2434.png,surface,0.0,0.0,1.8017654669557424,-4.638792574078191,7.89434007885399,0.0,-0.2329846074726788,1.5554702810948444,0.0,0.0,0.0,1.6610453913695178,0,0,0,0,0,0
image_2435.png,surface,0.0,0.0,1.7141175988504291,2.2732083346268896,5.496236084294174,0.0,1.2093526198940467,1.0772561891558925,0.0,0.0,0.0,-1.5062409271991943,0,0,0,0,0,0
image_2436.png,surface,0.0,0.0,3.2760818957421804,-16.15089130760252,-10.641612346797272,0.0,-0.5595757647986641,1.031106079164028,0.0,0.0,0.0,0.7398699930759456,0,0,0,0,0,0
image_2437.png,surface,0.0,0.0,1.0619069894663518,-17.288308551425303,-2.075240030132075,0.0,-0.3177758212495383,-0.6513972212821545,0.0,0.0,0.0,0.157925525509361,0,0,0,0,0,0
image_2439.png,surface,0.0,0.0,1.9562779221624869,-6.212220145997165,-9.50347193831966,0.0,-0.0934120985263496,1.342115044837478,0.0,0.0,0.0,-0.6918091099172683,0,0,0,0,0,0
image_2441.png,surface,0.0,0.0,1.806240507400518,-9.965706471715391,-17.02416505563288,0.0,-2.1043048557409385,-1.0274816859928029,0.0,0.0,0.0,-0.8901523139208671,0,0,0,0,0,0
image_2442.png,surface,0.0,0.0,3.0896663361647034,-16.432736880252925,-8.779797795728587,0.0,1.7211864385317746,-0.8585068453290216,0.0,0.0,0.0,2.155247425674837,0,0,0,0,0,0
image_2443.png,surface,0.0,0.0,2.5107409439666744,15.290672284241491,19.834381093499463,0.0,-0.4747309945762135,-2.180919458096276,0.0,0.0,0.0,-1.1313456060412082,0,0,0,0,0,0
image_2445.png,surface,0.0,0.0,1.2860635653284256,4.6932101072834005,16.754716228308897,0.0,-0.4319904231345805,2.666327134961666,0.0,0.0,0.0,-1.1835879799173536,0,0,0,0,0,0
image_2446.png,surface,0.0,0.0,2.9372075244754137,-8.268806322041112,-20.116513703761587,0.0,0.1683243767506597,-0.0631368460557061,0.0,0.0,0.0,2.705802514128452,0,0,0,0,0,0
image_2447.png,surface,0.0,0.0,0.8503196268772024,16.901894684531783,15.956350739363538,0.0,1.9339325125947875,1.2082990369365696,0.0,0.0,0.0,1.5202225248258987,0,0,0,0,0,0
image_2448.png,surface,0.0,0.0,2.9057902952781296,-19.24260733955947,10.512735467434528,0.0,2.715478395795212,-0.5781254390455786,0.0,0.0,0.0,0.6161669739591282,0,0,0,0,0,0
image_2449.png,surface,0.0,0.0,3.0461877186409287,-7.009957647522378,12.219238476868233,0.0,0.0751106962476113,2.8884780673906145,0.0,0.0,0.0,-0.6251469005670072,0,0,0,0,0,0
image_2450.png,surface,0.0,0.0,1.7197894491962114,-0.4492329046076571,-21.29433692889388,0.0,-2.4395608455103304,0.0841998267147706,0.0,0.0,0.0,2.5993692421182875,0,0,0,0,0,0
image_2451.png,surface,0.0,0.0,2.6000415093256977,6.747770070671895,-13.528760539403804,0.0,-2.403757249395739,0.6750799936293026,0.0,0.0,0.0,0.277833599446823,0,0,0,0,0,0
image_2453.png,surface,0.0,0.0,1.054801707547984,-5.788014531923206,-22.325075547343005,0.0,0.3392547400681467,-1.098711127708507,0.0,0.0,0.0,1.8843560477463868,0,0,0,0,0,0
image_2454.png,surface,0.0,0.0,2.3544228748126264,21.940674180930444,-10.782819695979803,0.0,0.4770865802812538,2.219548379415786,0.0,0.0,0.0,-2.415231648398152,0,0,0,0,0,0
image_2455.png,surface,0.0,0.0,0.6422915922735626,-4.359600335460138,17.023191901571565,0.0,2.074500488629645,1.7958433321390193,0.0,0.0,0.0,-2.2415529037829307,0,0,0,0,0,0
image_2456.png,surface,0.0,0.0,1.5158110250786878,-23.659399227204872,3.869615806350425,0.0,-2.3400227013486785,0.9859870483716696,0.0,0.0,0.0,-2.6076267090777847,0,0,0,0,0,0
image_2457.png,surface,0.0,0.0,0.9235603523788174,4.103935280777572,13.558657886890549,0.0,-0.1757928890800414,-0.847848588757253,0.0,0.0,0.0,0.7230548176311631,0,0,0,0,0,0
image_2460.png,surface,0.0,0.0,3.468217304090373,-2.0260749060241574,0.2954078298788984,0.0,0.7048596493900139,-1.152453573063885,0.0,0.0,0.0,-0.2385623755028958,0,0,0,0,0,0
image_2461.png,surface,0.0,0.0,3.40040745505659,7.814939303031423,18.715207861037364,0.0,0.8862695471937929,2.656458141793008,0.0,0.0,0.0,2.4414714411939205,0,0,0,0,0,0
image_2462.png,surface,0.0,0.0,3.147984022076775,-6.539333056295816,-1.3621412660183672,0.0,-1.96044924780166,1.7294042217771668,0.0,0.0,0.0,-0.4704815852523047,0,0,0,0,0,0
image_2463.png,surface,0.0,0.0,2.202443853969534,-1.418181969612764,11.889907634169877,0.0,-0.6845438124890636,-0.3162782025052517,0.0,0.0,0.0,-0.6576562129663652,0,0,0,0,0,0
image_2464.png,surface,0.0,0.0,3.158188554042036,-18.52382402906033,15.388171366566796,0.0,-0.6635835080236995,2.0942517082814565,0.0,0.0,0.0,2.3318802935929366,0,0,0,0,0,0
image_2465.png,surface,0.0,0.0,1.564753451472091,-3.580484018369808,4.525956378988129,0.0,-2.4622951142180005,-0.9089223389878768,0.0,0.0,0.0,-2.219738255094132,0,0,0,0,0,0
image_2466.png,surface,0.0,0.0,1.102793755490751,15.249005832150642,3.1018963916242166,0.0,2.7465257097727505,0.711853736715914,0.0,0.0,0.0,2.609358669548172,0,0,0,0,0,0
image_2467.png,surface,0.0,0.0,2.0781361610920706,-6.669560661945155,-8.45808095470068,0.0,-0.0009397820690296,-0.6928944393765483,0.0,0.0,0.0,-1.0274578917152155,0,0,0,0,0,0
image_2470.png,surface,0.0,0.0,0.5172087425662455,-9.353081393963604,4.672739975563748,0.0,1.2126276858055036,-2.639303786381906,0.0,0.0,0.0,-1.497209728408086,0,0,0,0,0,0
image_2471.png,surface,0.0,0.0,3.066654358285615,6.715115508171657,18.93535577224547,0.0,2.871063338187744,0.6701453967151697,0.0,0.0,0.0,2.597798608265945,0,0,0,0,0,0
image_2472.png,surface,0.0,0.0,2.3247064906060606,10.182758122727453,18.39454037094196,0.0,0.5682084619413709,2.5809770590908268,0.0,0.0,0.0,0.2498649862978501,0,0,0,0,0,0
image_2473.png,surface,0.0,0.0,3.318933490409901,-2.3617287733088435,5.861560793971966,0.0,-0.641175551789573,2.647369635253191,0.0,0.0,0.0,-0.9427170513434496,0,0,0,0,0,0
image_2474.png,surface,0.0,0.0,2.7356477962786,8.325306397419052,-17.914460061224023,0.0,-1.5438597786305284,-2.093203964504801,0.0,0.0,0.0,2.3649281323163027,0,0,0,0,0,0
image_2475.png,surface,0.0,0.0,1.5987783532554367,-13.223250647391444,-12.039646192898438,0.0,-0.2347852995810922,-2.491769679068533,0.0,0.0,0.0,0.926222663090824,0,0,0,0,0,0
image_2476.png,surface,0.0,0.0,2.404397470302057,-10.487456033760662,-8.208659687925373,0.0,-2.1435028435427084,0.235265563856494,0.0,0.0,0.0,-2.184491679582416,0,0,0,0,0,0
image_2477.png,surface,0.0,0.0,1.6091589923892151,-5.594578615538273,13.621152450153843,0.0,1.7941378429889197,-0.0616822552643005,0.0,0.0,0.0,2.9546839559413662,0,0,0,0,0,0
image_2478.png,surface,0.0,0.0,3.26469644928536,-12.670823178615391,9.701730755560384,0.0,2.408921681938623,-0.1905925068123394,0.0,0.0,0.0,0.9983277076680812,0,0,0,0,0,0
image_2479.png,surface,0.0,0.0,0.5590542746492417,-5.634878902048297,16.743083691891677,0.0,-0.0138032228408478,-0.838008602366585,0.0,0.0,0.0,-1.3597675376884892,0,0,0,0,0,0
image_2480.png,surface,0.0,0.0,2.1643704132889297,18.587113645271305,12.839167352655805,0.0,2.728758558686738,0.4051965163562535,0.0,0.0,0.0,-1.6718438214458264,0,0,0,0,0,0
image_2481.png,surface,0.0,0.0,2.021994173460005,10.82072173048744,-4.617132164514554,0.0,1.0573749437902789,-1.7193607272992064,0.0,0.0,0.0,0.6579373484806137,0,0,0,0,0,0
image_2482.png,surface,0.0,0.0,1.0704186893736929,-11.946532527877734,-20.50050623874464,0.0,-2.3469346462153644,1.2590532096426834,0.0,0.0,0.0,1.8520706413384405,0,0,0,0,0,0
image_2483.png,surface,0.0,0.0,1.784439985668424,2.7479587466790507,-7.888122802261497,0.0,-0.6046543521708077,-0.1502475746304773,0.0,0.0,0.0,-1.2076872780366834,0,0,0,0,0,0
image_2484.png,surface,0.0,0.0,1.390676076130788,7.460318308607147,-4.810659845723576,0.0,-0.0753394693780668,-0.0591635117583551,0.0,0.0,0.0,-1.2031457464132775,0,0,0,0,0,0
image_2485.png,surface,0.0,0.0,2.5112295249917733,-10.549418492655096,2.525988265113722,0.0,-1.938314651773228,1.5669637012092483,0.0,0.0,0.0,1.622136586679968,0,0,0,0,0,0
image_2486.png,surface,0.0,0.0,2.759386184773079,9.965331499332324,-0.5685214042306538,0.0,1.9166911856345592,-2.107721742867483,0.0,0.0,0.0,0.1110084874914445,0,0,0,0,0,0
image_2487.png,surface,0.0,0.0,2.814187064081647,-18.45479925145401,-11.57658142249777,0.0,1.367287106647983,-1.7944623409649754,0.0,0.0,0.0,1.9502062689216269,0,0,0,0,0,0
image_2488.png,surface,0.0,0.0,1.6830557747665935,8.870370123184475,-11.203715125017768,0.0,-0.4722164908025726,-0.4205008685573435,0.0,0.0,0.0,-1.0601606183668006,0,0,0,0,0,0
image_2489.png,surface,0.0,0.0,1.0741680744465918,10.186403531499334,7.670063760124915,0.0,1.9684927517731925,2.129562419118543,0.0,0.0,0.0,-1.0468979043711748,0,0,0,0,0,0
image_2490.png,surface,0.0,0.0,1.3821503290234716,12.556084583978706,-8.068221105767337,0.0,-0.0840621492656279,-1.3012542404032663,0.0,0.0,0.0,2.247423170242405,0,0,0,0,0,0
image_2491.png,surface,0.0,0.0,2.104202329840145,-5.00922307885588,9.879408550434851,0.0,1.0934687278373447,-2.7935712069882666,0.0,0.0,0.0,-0.6048426023895876,0,0,0,0,0,0
image_2492.png,surface,0.0,0.0,2.3459078303025067,19.22758804970256,-12.03368699720028,0.0,-0.604460680240151,1.693869848950596,0.0,0.0,0.0,-1.351273814985234,0,0,0,0,0,0
image_2493.png,surface,0.0,0.0,2.8846189332121184,-0.5411092358867954,19.10827672836306,0.0,-2.6733750888185503,-0.0931389991275839,0.0,0.0,0.0,-2.7772422902773752,0,0,0,0,0,0
image_2494.png,surface,0.0,0.0,2.659209174535526,13.143556091946696,-0.1905434472991899,0.0,0.6720965950845729,-2.0063537761624053,0.0,0.0,0.0,-0.4195067325376582,0,0,0,0,0,0
image_2496.png,surface,0.0,0.0,2.73197296631856,-23.5075239611906,-4.735156356444877,0.0,-1.9890752462952408,1.0693975652034389,0.0,0.0,0.0,0.0500093996809187,0,0,0,0,0,0
image_2497.png,surface,0.0,0.0,0.8453321136463177,11.248804159522482,17.53700603631821,0.0,-1.1635637188201118,-2.678205815751836,0.0,0.0,0.0,-2.0391244101061536,0,0,0,0,0,0
image_2498.png,surface,0.0,0.0,3.253263418422315,10.065440293486226,9.007870955294528,0.0,0.4191996232902278,1.9918315586905169,0.0,0.0,0.0,2.696024515576182,0,0,0,0,0,0
image_2499.png,surface,0.0,0.0,2.5693101783398893,-2.889583789730518,-3.619325097618185,0.0,-1.817045147561314,0.4589756153024541,0.0,0.0,0.0,2.137483584680851,0,0,0,0,0,0
image_2500.png,surface,0.0,0.0,0.8357400994698176,-17.968849947926383,-0.992286893116174,0.0,-2.0748074691151945,1.1875656183712395,0.0,0.0,0.0,1.6261989041999731,0,0,0,0,0,0
image_2502.png,surface,0.0,0.0,2.5352567438102165,-13.947208649803963,2.739307474907392,0.0,0.967381925002092,-0.4719912156526797,0.0,0.0,0.0,2.5795366128187647,0,0,0,0,0,0
image_2503.png,surface,0.0,0.0,2.635691380264253,21.12840880502329,10.099434532270456,0.0,0.1027959178990494,0.9063033363977028,0.0,0.0,0.0,-1.6025681786826709,0,0,0,0,0,0
image_2504.png,surface,0.0,0.0,1.9622866275670456,3.081286727067882,21.817610978698266,0.0,1.70173689175121,-0.595848863878801,0.0,0.0,0.0,-0.2717711039545722,0,0,0,0,0,0
image_2505.png,surface,0.0,0.0,2.3141156444296684,19.08701300920244,-14.00810824443283,0.0,-1.41228480217758,-1.1199868175449017,0.0,0.0,0.0,2.175503194618294,0,0,0,0,0,0
image_2506.png,surface,0.0,0.0,1.7843408669382912,12.441915152224864,13.559814888437607,0.0,0.9300204653918296,1.2570272080326688,0.0,0.0,0.0,-1.282774423022628,0,0,0,0,0,0
image_2507.png,surface,0.0,0.0,2.202528672463941,6.6693214672093015,18.330120890597435,0.0,-1.7055876500205986,-0.6785500673947905,0.0,0.0,0.0,1.3131460491976157,0,0,0,0,0,0
image_2508.png,surface,0.0,0.0,2.869373487711362,-13.263726609178454,4.0180256546805575,0.0,-2.326384502341604,-0.4010883769892938,0.0,0.0,0.0,-2.1366820546449583,0,0,0,0,0,0
image_2509.png,surface,0.0,0.0,1.0992932339868136,-19.555500188412363,-6.333743234011792,0.0,-1.0656006922422352,-1.945115065627632,0.0,0.0,0.0,-0.8396992890967332,0,0,0,0,0,0
image_2510.png,surface,0.0,0.0,3.1276881200304123,-2.642167210027882,-4.036159202136583,0.0,2.700444369664211,1.0912209145170728,0.0,0.0,0.0,-0.5664962472025978,0,0,0,0,0,0
image_2511.png,surface,0.0,0.0,1.4180271141568856,9.979870746208544,-3.0758155444880293,0.0,0.7093157574097066,-0.3763134284960683,0.0,0.0,0.0,0.1139456350131951,0,0,0,0,0,0
image_2512.png,surface,0.0,0.0,0.9426995259277152,-12.122160457903862,11.759427801985842,0.0,-1.2050956787363432,-0.342206864319463,0.0,0.0,0.0,1.487733339377482,0,0,0,0,0,0
image_2514.png,surface,0.0,0.0,2.073229247899092,7.676219570840845,-17.15847822912609,0.0,1.9057008578217112,-0.8410299288422223,0.0,0.0,0.0,-0.2013773243252883,0,0,0,0,0,0
image_2515.png,surface,0.0,0.0,1.3746004679161357,-20.69292316164264,-6.261183789745459,0.0,0.6913502024096339,-1.5365650381385456,0.0,0.0,0.0,-0.8940819878027537,0,0,0,0,0,0
image_2516.png,surface,0.0,0.0,2.3845121651700185,15.52941856711405,14.21875679692231,0.0,-1.852088331488433,-2.178455606258205,0.0,0.0,0.0,-0.5738867850921965,0,0,0,0,0,0
image_2517.png,surface,0.0,0.0,2.6430556221323083,-5.754908006553162,5.3917692394456616,0.0,1.7902975644892103,-1.6915977272470435,0.0,0.0,0.0,-0.2846876932456803,0,0,0,0,0,0
image_2518.png,surface,0.0,0.0,1.3177640233069452,-0.1591900895801394,-6.882249628961831,0.0,1.0745026358567007,-2.307867153074694,0.0,0.0,0.0,-2.3120085467346905,0,0,0,0,0,0
image_2519.png,surface,0.0,0.0,0.849922521387227,17.7144607061235,7.997111030129714,0.0,1.3074365493707432,2.0790756556898127,0.0,0.0,0.0,-0.7448143211425675,0,0,0,0,0,0
image_2520.png,surface,0.0,0.0,2.0309153514429767,-8.647187972533489,-22.18175965139608,0.0,-1.827933209909641,1.0405353697206068,0.0,0.0,0.0,-1.0500875789080573,0,0,0,0,0,0
image_2521.png,surface,0.0,0.0,1.3489379513138884,17.594987028665667,9.966759291619448,0.0,1.339838275748925,0.2784424204274643,0.0,0.0,0.0,2.999002749992973,0,0,0,0,0,0
image_2522.png,surface,0.0,0.0,1.4756754229713298,-3.063526448399119,11.081574350510808,0.0,-2.485234058656417,1.4693063924378715,0.0,0.0,0.0,1.0410384272859572,0,0,0,0,0,0
image_2524.png,surface,0.0,0.0,2.693601396927555,15.204453545259106,13.903255707451338,0.0,0.4263969451416987,1.351703447901794,0.0,0.0,0.0,2.598889799955751,0,0,0,0,0,0
image_2525.png,surface,0.0,0.0,0.5448799405301885,17.83105785673462,15.706770226256674,0.0,1.1230722031802531,-0.3620423662988918,0.0,0.0,0.0,0.909227442846003,0,0,0,0,0,0
image_2527.png,surface,0.0,0.0,0.8704704250437532,15.27313063858179,-15.881456318775802,0.0,1.8446563476297624,1.4281772554722567,0.0,0.0,0.0,2.2024263949280094,0,0,0,0,0,0
image_2528.png,surface,0.0,0.0,3.0596834702344653,11.142391248597413,-13.440351970756083,0.0,-0.5709039280803355,-1.4569080831565386,0.0,0.0,0.0,0.5635700954722385,0,0,0,0,0,0
image_2529.png,surface,0.0,0.0,1.27933024645384,21.85092109937856,-3.2181570919485987,0.0,-2.4545916794510543,-1.3518189453528011,0.0,0.0,0.0,0.4727780017524523,0,0,0,0,0,0
image_2530.png,surface,0.0,0.0,1.7120103033829277,2.321522034996054,-10.84748079211119,0.0,0.1980502396591927,0.6805770799098111,0.0,0.0,0.0,0.8099349150334838,0,0,0,0,0,0
image_2531.png,surface,0.0,0.0,0.642270346248409,21.10793937539257,10.158385650388862,0.0,-0.9073424199202622,2.7594843549409545,0.0,0.0,0.0,2.994293697286804,0,0,0,0,0,0
image_2532.png,surface,0.0,0.0,0.9474283574200636,19.012085480950827,-4.08079814708621,0.0,2.0643626225702345,-0.1232189953442965,0.0,0.0,0.0,2.843517655911464,0,0,0,0,0,0
image_2533.png,surface,0.0,0.0,0.5053693709666613,-14.58020115222437,3.5109391749069365,0.0,2.6872433976390964,1.0490525534937516,0.0,0.0,0.0,-2.572844035515268,0,0,0,0,0,0
image_2534.png,surface,0.0,0.0,1.580105927870667,-6.864813274442326,-19.823381391844187,0.0,1.9397932647794696,0.2301921770668736,0.0,0.0,0.0,0.6841187622001654,0,0,0,0,0,0
image_2538.png,surface,0.0,0.0,1.026374902230083,-2.9379497863476374,4.720805993058618,0.0,0.0220750284302463,-2.00645879263742,0.0,0.0,0.0,-0.2889486030536279,0,0,0,0,0,0
image_2539.png,surface,0.0,0.0,2.5320246590031164,-19.36216450940999,15.30520677221487,0.0,1.2714074477060269,1.3896222442560586,0.0,0.0,0.0,-0.0883354784453382,0,0,0,0,0,0
image_2540.png,surface,0.0,0.0,2.7375726916801684,-6.803103846261877,-16.676418564743216,0.0,1.1222692077555314,-0.6216993335582298,0.0,0.0,0.0,-1.2815757704156552,0,0,0,0,0,0
image_2541.png,surface,0.0,0.0,1.532002657971707,3.943198778476477,-16.043164903759365,0.0,-2.615817352886156,0.212275014322366,0.0,0.0,0.0,2.141137521678713,0,0,0,0,0,0
image_2543.png,surface,0.0,0.0,2.7266082698824867,14.828785338784195,18.26957231359114,0.0,-2.07613845673176,-0.0560523822643589,0.0,0.0,0.0,-2.0817637838006244,0,0,0,0,0,0
image_2544.png,surface,0.0,0.0,2.064411577949523,10.370838959882397,-17.681014498518444,0.0,1.2186747539156046,1.545070599963632,0.0,0.0,0.0,-0.1815800609873337,0,0,0,0,0,0
image_2545.png,surface,0.0,0.0,1.90919397111145,18.587879041400097,-14.923589518202917,0.0,1.832442352796109,1.8539047613608264,0.0,0.0,0.0,2.3455212282196527,0,0,0,0,0,0
image_2547.png,surface,0.0,0.0,1.9787183818909373,2.538382491694585,19.83145990594032,0.0,-1.7687663085081486,-0.195717548655973,0.0,0.0,0.0,2.519153317447952,0,0,0,0,0,0
image_2548.png,surface,0.0,0.0,1.3849263781525076,-18.28085140172314,-15.437789192059784,0.0,2.637518985867322,-0.8877399970381001,0.0,0.0,0.0,2.680714082441684,0,0,0,0,0,0
image_2549.png,surface,0.0,0.0,2.7452951841264497,4.603726023397847,-17.98578350121183,0.0,1.440410959309585,2.2052247923993527,0.0,0.0,0.0,-0.270308752560549,0,0,0,0,0,0
image_2550.png,surface,0.0,0.0,1.309541562848078,6.473022635310174,-10.606208759223248,0.0,0.0398855136333337,2.955317824023228,0.0,0.0,0.0,-0.0460813962818686,0,0,0,0,0,0
image_2552.png,surface,0.0,0.0,1.126204368384931,-14.228266423726424,4.628271354688765,0.0,0.224239171950085,2.9280022601131024,0.0,0.0,0.0,1.7436274406597905,0,0,0,0,0,0
image_2553.png,surface,0.0,0.0,0.8101619715438941,12.640884513864666,-19.109688960476845,0.0,0.5850126780664593,-2.230395191902285,0.0,0.0,0.0,-2.714041502783365,0,0,0,0,0,0
image_2554.png,surface,0.0,0.0,2.904726788205241,-20.84339826470981,-5.950996768303201,0.0,-0.8667794465438106,0.5462049487735823,0.0,0.0,0.0,-0.1988750855236318,0,0,0,0,0,0
image_2555.png,surface,0.0,0.0,2.6020548026168018,-0.585001195584907,-20.409633902651272,0.0,-0.219354143779564,-0.5600967756514093,0.0,0.0,0.0,-2.239666782185167,0,0,0,0,0,0
image_2556.png,surface,0.0,0.0,1.649639556195349,-3.1376118969065434,18.728724337026826,0.0,-1.424028196957372,-0.2710514182213496,0.0,0.0,0.0,-1.6173610960795173,0,0,0,0,0,0
image_2557.png,surface,0.0,0.0,2.674953406534049,22.32162157029668,-9.209933700525488,0.0,0.9198761816269774,-2.66017372684096,0.0,0.0,0.0,0.3105352036527709,0,0,0,0,0,0
image_2558.png,surface,0.0,0.0,3.383737330411184,-1.0098852287264404,-11.77123572768743,0.0,0.8302246738646324,-0.5349769703468412,0.0,0.0,0.0,-2.5279434570214767,0,0,0,0,0,0
image_2560.png,surface,0.0,0.0,1.9648560696170096,11.559934178906651,18.64907555794138,0.0,-1.5735584578324662,-0.4194212204912895,0.0,0.0,0.0,-1.416492091214398,0,0,0,0,0,0
image_2562.png,surface,0.0,0.0,1.2996805413668335,-21.84166807247346,5.257661630924761,0.0,2.024216500352511,2.016454831991761,0.0,0.0,0.0,-0.2958769831189274,0,0,0,0,0,0
image_2563.png,surface,0.0,0.0,1.2440121795507726,11.646495712812822,-6.879692498299171,0.0,1.261957679666384,-1.52785172959888,0.0,0.0,0.0,-1.3309848818920285,0,0,0,0,0,0
image_2564.png,surface,0.0,0.0,1.9651541667494776,20.09723890611202,14.533662628800668,0.0,-0.7993871146396404,0.2948467892434868,0.0,0.0,0.0,2.5347841068886607,0,0,0,0,0,0
image_2566.png,surface,0.0,0.0,1.367845920485506,-11.474137622459184,-9.467852900565871,0.0,1.3314101834818215,-0.662176853252686,0.0,0.0,0.0,-0.6771523547365259,0,0,0,0,0,0
image_2567.png,surface,0.0,0.0,2.24693880045281,0.6679874498331785,8.314464313825143,0.0,0.1229632740179227,-0.7879713330774164,0.0,0.0,0.0,-1.0043654628876386,0,0,0,0,0,0
image_2568.png,surface,0.0,0.0,2.812374064559492,13.771845277701336,9.703130619568444,0.0,2.1325070985319905,1.138466487495838,0.0,0.0,0.0,2.2202961088745745,0,0,0,0,0,0
image_2569.png,surface,0.0,0.0,2.568735908519619,-7.844570035544137,-17.72500745857239,0.0,-1.881788914396324,-0.3462856869655364,0.0,0.0,0.0,-0.5766818863064187,0,0,0,0,0,0
image_2570.png,surface,0.0,0.0,0.9413254143701144,-21.26274240911004,-5.189505699813981,0.0,1.3381027046221512,-0.7933841876949547,0.0,0.0,0.0,-0.9659221914077084,0,0,0,0,0,0
image_2571.png,surface,0.0,0.0,2.427175309847426,-22.43908343163661,4.772609613834596,0.0,-0.4792345412395318,0.3245068080311542,0.0,0.0,0.0,1.42456612046219,0,0,0,0,0,0
image_2572.png,surface,0.0,0.0,0.5102548684709252,4.033326317893507,17.5929027191323,0.0,0.3126390512266215,0.4922209125864197,0.0,0.0,0.0,0.8348620378083469,0,0,0,0,0,0
image_2573.png,surface,0.0,0.0,1.6780903006223198,10.477064466678309,-19.5441199726611,0.0,-1.5506836689173664,-1.2112793057667417,0.0,0.0,0.0,-2.569264980950285,0,0,0,0,0,0
image_2575.png,surface,0.0,0.0,2.886670360765966,-0.4152120053202315,-8.060977423312744,0.0,1.2077227743700352,0.3212270451401436,0.0,0.0,0.0,1.3752951764896864,0,0,0,0,0,0
image_2576.png,surface,0.0,0.0,3.1402816789458363,14.574429646957045,-1.844607280497488,0.0,-2.819595903810197,-0.9990103961632134,0.0,0.0,0.0,-2.773646221917046,0,0,0,0,0,0
image_2577.png,surface,0.0,0.0,2.654593170884016,-7.5239914718110255,-23.81252743554381,0.0,1.493718440771071,-1.119684979531839,0.0,0.0,0.0,-2.782889583088008,0,0,0,0,0,0
image_2578.png,surface,0.0,0.0,2.82575674978864,18.40155534898204,-15.129633237773051,0.0,-0.6007483268247917,0.7959633561718673,0.0,0.0,0.0,-1.0651619515085031,0,0,0,0,0,0
image_2579.png,surface,0.0,0.0,3.294841377218932,-7.927354934645632,15.773264765870154,0.0,-2.2428211546240835,0.06434708594908,0.0,0.0,0.0,0.3939237577894552,0,0,0,0,0,0
image_2580.png,surface,0.0,0.0,1.9536414438519345,7.842917589515128,-11.586204424483425,0.0,1.6385435480845216,-1.5176446401157138,0.0,0.0,0.0,1.2650411719233512,0,0,0,0,0,0
image_2581.png,surface,0.0,0.0,1.339160645453689,11.80446597863134,21.54804645488188,0.0,0.8764263392548168,1.3970049508765887,0.0,0.0,0.0,-0.7926925916800096,0,0,0,0,0,0
image_2582.png,surface,0.0,0.0,1.6104226565798214,-8.009932520493427,6.450584040668364,0.0,1.6555284814775064,2.3623152257453834,0.0,0.0,0.0,-1.1124156548678668,0,0,0,0,0,0
image_2583.png,surface,0.0,0.0,1.7858715262912035,7.823864122851434,7.894612985810532,0.0,2.3469648427298573,-1.5841076504677594,0.0,0.0,0.0,-0.3083009626981439,0,0,0,0,0,0
image_2584.png,surface,0.0,0.0,1.4484597448574226,-4.989615298303436,-8.20586991898907,0.0,-0.9130120959510486,-1.9117270390017933,0.0,0.0,0.0,-2.230473486839061,0,0,0,0,0,0
image_2585.png,surface,0.0,0.0,1.4111424163588708,-0.2487486972855182,-11.105905534718476,0.0,-0.9789588692823836,-2.4369852438982105,0.0,0.0,0.0,-1.964804872900847,0,0,0,0,0,0
image_2588.png,surface,0.0,0.0,2.4287842746729025,-7.904057772616786,18.032353112624705,0.0,-1.1776073694967824,-2.0476740065944323,0.0,0.0,0.0,0.0385028101920994,0,0,0,0,0,0
image_2589.png,surface,0.0,0.0,2.9293815074184804,15.678496592177028,-9.08839997623874,0.0,-1.4145508722771132,-2.0563100419232154,0.0,0.0,0.0,-1.3663610720592143,0,0,0,0,0,0
image_2590.png,surface,0.0,0.0,2.663434560041761,-2.4409994088856948,0.6820301938089163,0.0,-2.1148946013152803,0.2423190699977,0.0,0.0,0.0,-0.5686750870476551,0,0,0,0,0,0
image_2591.png,surface,0.0,0.0,2.546335180115757,21.103340348138207,7.233536224546406,0.0,-0.500883033301392,-0.880684778035873,0.0,0.0,0.0,-2.525242710121461,0,0,0,0,0,0
image_2592.png,surface,0.0,0.0,0.939524573905168,-3.79669379926856,-7.4549769086729984,0.0,0.0040419418129416,-0.1007221124716117,0.0,0.0,0.0,1.8955002984020144,0,0,0,0,0,0
image_2593.png,surface,0.0,0.0,0.9101654217616542,0.5362075869220622,-1.4352948109821673,0.0,1.467909409434461,-0.3843707154889063,0.0,0.0,0.0,1.2787716859783682,0,0,0,0,0,0
image_2594.png,surface,0.0,0.0,3.15751958796021,19.21060187779549,-10.96713472779593,0.0,2.3518821313636185,-1.353220133786678,0.0,0.0,0.0,-2.146811691476944,0,0,0,0,0,0
image_2596.png,surface,0.0,0.0,2.5392916371444096,-14.522516381539052,-5.654592194550626,0.0,-1.4373403256701422,1.9437835843913087,0.0,0.0,0.0,-2.540825516934519,0,0,0,0,0,0
image_2597.png,surface,0.0,0.0,2.9143560156456307,-1.984771418831976,-18.835239327803635,0.0,-1.2726151640851815,2.322740846464121,0.0,0.0,0.0,-0.4092435231974343,0,0,0,0,0,0
image_2598.png,surface,0.0,0.0,2.6537391146271334,2.3307076460851244,-21.03806723373854,0.0,-0.594571582527737,-1.447952083251007,0.0,0.0,0.0,2.5344978177319906,0,0,0,0,0,0
image_2599.png,surface,0.0,0.0,0.9332277877564654,8.333867696202187,-8.343256424422734,0.0,2.320671321110188,-1.3226696339633257,0.0,0.0,0.0,-1.5318073923550626,0,0,0,0,0,0
image_2600.png,surface,0.0,0.0,2.4215119873297866,-7.534319278169242,-0.0640132213074902,0.0,2.903747796894061,0.2198638752784575,0.0,0.0,0.0,-1.777068083257262,0,0,0,0,0,0
image_2601.png,surface,0.0,0.0,0.8704603163965574,9.082223801779042,10.219951994476286,0.0,-1.258539807200084,1.3034583491035974,0.0,0.0,0.0,-2.326875336314297,0,0,0,0,0,0
image_2602.png,surface,0.0,0.0,1.886741835206136,18.27734028708061,-12.828455872340374,0.0,1.9564994743039483,-0.3095636723365882,0.0,0.0,0.0,0.6320771186373904,0,0,0,0,0,0
image_2603.png,surface,0.0,0.0,2.464497569319447,13.75518659223809,-4.852355641500147,0.0,-1.6297047512616245,-0.7024991729240242,0.0,0.0,0.0,-1.724292552645914,0,0,0,0,0,0
image_2604.png,surface,0.0,0.0,1.6156101415628803,-10.572581975464525,-0.6625754678171148,0.0,2.6295381118825207,-0.7655983609336009,0.0,0.0,0.0,-0.8690116047642427,0,0,0,0,0,0
image_2605.png,surface,0.0,0.0,2.051737509234128,4.877018928690813,23.24654000718824,0.0,2.462646775983548,0.9053727896437505,0.0,0.0,0.0,-0.9642414588294952,0,0,0,0,0,0
image_2606.png,surface,0.0,0.0,3.340863651154892,10.03167129865398,13.84535400411447,0.0,1.0671215964194756,0.4127796916512602,0.0,0.0,0.0,-2.279157515223557,0,0,0,0,0,0
image_2608.png,surface,0.0,0.0,1.0250297119044407,-17.147834517736086,-15.825471778662411,0.0,1.100002319401696,-1.7489931080584524,0.0,0.0,0.0,-0.0548016506480149,0,0,0,0,0,0
image_2609.png,surface,0.0,0.0,3.2226953474509807,-17.387385167350576,-14.180163466027038,0.0,-1.5682254292015765,-0.7405358198623362,0.0,0.0,0.0,2.6857895179576614,0,0,0,0,0,0
image_2610.png,surface,0.0,0.0,1.9497611135576816,0.1364891712483732,-17.643219794820098,0.0,1.497432619891409,0.975156433005608,0.0,0.0,0.0,0.4306093279431038,0,0,0,0,0,0
image_2611.png,surface,0.0,0.0,1.9890697974005456,18.86946450914504,4.813736199872293,0.0,0.3669076319548622,-1.2819296919776506,0.0,0.0,0.0,-2.639432409024341,0,0,0,0,0,0
image_2612.png,surface,0.0,0.0,3.3606877797087096,13.25124774639774,0.0245110537550477,0.0,-1.972554712639577,0.3503122470969551,0.0,0.0,0.0,1.434547938837472,0,0,0,0,0,0
image_2613.png,surface,0.0,0.0,1.3034229986549632,-10.57106246631852,-6.628850571839621,0.0,1.7401423374951537,2.094819350702096,0.0,0.0,0.0,1.2208868773219788,0,0,0,0,0,0
image_2614.png,surface,0.0,0.0,2.889433029477562,-0.1503662729576246,-11.315386789872228,0.0,-1.9432902393655664,-0.6696989493309589,0.0,0.0,0.0,-1.6574945923849769,0,0,0,0,0,0
image_2615.png,surface,0.0,0.0,2.180467810574327,13.230202158119246,12.113471695400644,0.0,-1.65754109220734,-0.556804958114164,0.0,0.0,0.0,-2.095651666529969,0,0,0,0,0,0
image_2616.png,surface,0.0,0.0,2.570053290801212,-3.5613182036657225,-23.652328095103133,0.0,0.1520827434014337,0.6288611031696085,0.0,0.0,0.0,-2.283555947939393,0,0,0,0,0,0
image_2617.png,surface,0.0,0.0,1.9119308540306128,4.263569105134285,-4.892954906811502,0.0,1.410138073024683,-0.3987478001054961,0.0,0.0,0.0,1.6790469749664707,0,0,0,0,0,0
image_2618.png,surface,0.0,0.0,1.651576506758524,9.844799500669724,22.43569826046823,0.0,-2.0985369934206,-1.4967316271153548,0.0,0.0,0.0,0.2975032131251272,0,0,0,0,0,0
image_2619.png,surface,0.0,0.0,0.9321805709263684,-11.16737145117695,-18.864757287636497,0.0,-0.7275186934397065,0.2287031287963888,0.0,0.0,0.0,-1.956945583120956,0,0,0,0,0,0
image_2620.png,surface,0.0,0.0,3.4625006035200228,-21.23738414645296,6.383110074723613,0.0,-0.0391328581691396,1.853143649277268,0.0,0.0,0.0,-0.8194288119529971,0,0,0,0,0,0
image_2621.png,surface,0.0,0.0,2.681603292171789,-9.701547472009132,-18.22052896322214,0.0,-2.33902074937956,1.458796525800321,0.0,0.0,0.0,-1.194643567713893,0,0,0,0,0,0
image_2622.png,surface,0.0,0.0,1.8652084765962265,10.36690380035222,1.829736509135103,0.0,-0.0361425671331804,-2.3232113252151243,0.0,0.0,0.0,-0.9681614069381204,0,0,0,0,0,0
image_2624.png,surface,0.0,0.0,0.5007615281360713,5.722329807059871,13.396656144481796,0.0,0.6981914410043568,-1.626939070463246,0.0,0.0,0.0,-0.4714385165490848,0,0,0,0,0,0
image_2626.png,surface,0.0,0.0,2.9227299304205423,4.575686089939844,21.11094884383177,0.0,-1.8241265554896604,-0.7475156891691341,0.0,0.0,0.0,2.3371785298624514,0,0,0,0,0,0
image_2627.png,surface,0.0,0.0,0.6385090863573393,-2.252533593923512,-24.043200479000507,0.0,-2.326933502725756,-1.3675099119268683,0.0,0.0,0.0,2.041356509635187,0,0,0,0,0,0
image_2629.png,surface,0.0,0.0,2.6400921783679148,-14.30618775475154,-2.232752965958854,0.0,-0.7712302399699453,2.585995337286122,0.0,0.0,0.0,1.495987614778878,0,0,0,0,0,0
image_2630.png,surface,0.0,0.0,2.537971798373748,1.138205343101731,-3.408323461129235,0.0,0.5245929709533732,0.0155036349446714,0.0,0.0,0.0,-2.154820697100244,0,0,0,0,0,0
image_2631.png,surface,0.0,0.0,2.1335173065266426,-10.097918427074765,-6.526994518386461,0.0,1.6067795042763684,2.172369592911025,0.0,0.0,0.0,-0.6084520902481065,0,0,0,0,0,0
image_2632.png,surface,0.0,0.0,1.5419845643722971,-14.63720924296556,14.162530133251858,0.0,-1.9990646827374656,-0.1576506919774445,0.0,0.0,0.0,0.4085384969175454,0,0,0,0,0,0
image_2633.png,surface,0.0,0.0,3.417794358585208,-6.930729087159391,8.87383085400419,0.0,2.1439302331832453,0.5127266820654861,0.0,0.0,0.0,1.1133007374689523,0,0,0,0,0,0
image_2634.png,surface,0.0,0.0,3.2322126830157183,-5.473792158746706,-17.337009650483214,0.0,1.4518305407211105,0.5128070470346958,0.0,0.0,0.0,-0.9423167417874132,0,0,0,0,0,0
image_2635.png,surface,0.0,0.0,1.9229447947729967,-16.61128840794404,-12.967101100053457,0.0,1.814340630281875,-0.590453537646057,0.0,0.0,0.0,2.9496743986879963,0,0,0,0,0,0
image_2636.png,surface,0.0,0.0,1.0262598979089663,2.8474214328618834,-10.842757175202138,0.0,0.7208544803718193,0.7929622200736489,0.0,0.0,0.0,1.8915895576738952,0,0,0,0,0,0
image_2638.png,surface,0.0,0.0,0.5420485188635333,1.7127329006339436,-19.07105338915064,0.0,0.2579905540898995,-1.6659331816393947,0.0,0.0,0.0,0.7031999715187869,0,0,0,0,0,0
image_2639.png,surface,0.0,0.0,3.116825756480784,-24.562094060196788,2.415714668773551,0.0,-2.5588709425761818,0.6296415887908065,0.0,0.0,0.0,2.5586882800102924,0,0,0,0,0,0
image_2640.png,surface,0.0,0.0,1.5902416261957857,-9.981727707647696,-1.5188903010131738,0.0,2.0074283191312112,-0.7327917020366609,0.0,0.0,0.0,1.2741457366813496,0,0,0,0,0,0
image_2644.png,surface,0.0,0.0,2.345389129622295,7.020168935637615,-8.749246601625538,0.0,1.492056186238518,-1.3087509914620223,0.0,0.0,0.0,-2.453741904716307,0,0,0,0,0,0
image_2645.png,surface,0.0,0.0,0.7078428942135457,-14.022925343016436,14.613034242422785,0.0,-0.4213624656061069,2.0719776135836123,0.0,0.0,0.0,1.598710841644028,0,0,0,0,0,0
image_2647.png,surface,0.0,0.0,1.8688055997655464,-4.3320151533343,-18.546662495126007,0.0,0.4549040677663819,-2.204757961804472,0.0,0.0,0.0,-0.4632425811057956,0,0,0,0,0,0
image_2648.png,surface,0.0,0.0,2.6547080171923487,4.8383353862900575,-22.233804113101023,0.0,-1.851821210221193,-0.2865488733320905,0.0,0.0,0.0,2.747897245768062,0,0,0,0,0,0
image_2649.png,surface,0.0,0.0,2.8521277550101627,5.002487506143569,14.579889181853522,0.0,0.5302755407485646,-2.318222614083334,0.0,0.0,0.0,1.0570527875715792,0,0,0,0,0,0
image_2650.png,surface,0.0,0.0,0.5154882381225132,14.219752433381387,-13.488566486349912,0.0,-1.061532186613679,-0.5791258853624811,0.0,0.0,0.0,-2.764048975461068,0,0,0,0,0,0
image_2651.png,surface,0.0,0.0,2.29599349859458,10.22257836032244,9.608160235610455,0.0,-1.7726938229401712,1.1868743034284135,0.0,0.0,0.0,2.527795331641832,0,0,0,0,0,0
image_2652.png,surface,0.0,0.0,0.5892351520295867,4.090759957075434,-4.785692993792015,0.0,1.8219558795317303,1.289988872114513,0.0,0.0,0.0,1.2300339103842086,0,0,0,0,0,0
image_2653.png,surface,0.0,0.0,3.0063655566064043,13.52885110629046,11.1108370393664,0.0,2.90088433688409,-0.6602371440219151,0.0,0.0,0.0,0.4444568700145588,0,0,0,0,0,0
image_2655.png,surface,0.0,0.0,1.4993936750933972,-6.307285331376382,17.000930145074612,0.0,1.83837066298631,-1.3992439415147562,0.0,0.0,0.0,0.2237852415199137,0,0,0,0,0,0
image_2656.png,surface,0.0,0.0,1.1988242517065733,-15.206904284918286,8.487774776417098,0.0,0.1622982846678728,0.2208769813200296,0.0,0.0,0.0,-2.5573912388702444,0,0,0,0,0,0
image_2657.png,surface,0.0,0.0,3.1033187804772906,16.485698181573966,-2.9442028810387533,0.0,0.2685991862553201,2.0879788554965804,0.0,0.0,0.0,1.5413244654939318,0,0,0,0,0,0
image_2658.png,surface,0.0,0.0,1.4020534877912665,-19.16938245070933,-7.354816970024466,0.0,0.1095298988874798,0.0819104588284143,0.0,0.0,0.0,-1.2869683163288042,0,0,0,0,0,0
image_2659.png,surface,0.0,0.0,2.7263639655587344,5.623344037401796,-14.879047519165717,0.0,1.9428686210511048,0.1444454669333732,0.0,0.0,0.0,2.007586827431284,0,0,0,0,0,0
image_2660.png,surface,0.0,0.0,2.3389060271573503,5.676921936902252,-23.2987166857096,0.0,1.5409667558939026,-0.7396930278680475,0.0,0.0,0.0,1.0020114361459689,0,0,0,0,0,0
image_2661.png,surface,0.0,0.0,3.088164452774876,3.173902401483724,-9.8083677843358,0.0,0.7622083979629277,0.1359245485851351,0.0,0.0,0.0,2.9538264619190624,0,0,0,0,0,0
image_2662.png,surface,0.0,0.0,1.0932834222109398,-13.012828199556465,6.413545688374363,0.0,-1.0332082043822823,-1.990308162265109,0.0,0.0,0.0,-0.1283032417099034,0,0,0,0,0,0
image_2663.png,surface,0.0,0.0,2.0516647369799323,-2.2925183855588207,-3.9189223600154017,0.0,-2.496555834271869,0.5682971509055419,0.0,0.0,0.0,2.359670919998088,0,0,0,0,0,0
image_2664.png,surface,0.0,0.0,3.001010618914105,-14.301168450049834,-18.656055620036422,0.0,0.1124914126222094,0.7141552169062403,0.0,0.0,0.0,-2.6360743806191733,0,0,0,0,0,0
image_2666.png,surface,0.0,0.0,0.5367644085489309,-7.014274797076142,3.2406128477609726,0.0,1.7804701903740163,-2.140018275202025,0.0,0.0,0.0,0.5329920064556042,0,0,0,0,0,0
image_2668.png,surface,0.0,0.0,2.553042956891858,-19.59606955192055,0.3438814989321362,0.0,-1.4408417136705025,2.1613116242446333,0.0,0.0,0.0,-2.2842383139892144,0,0,0,0,0,0
image_2670.png,surface,0.0,0.0,3.1894478756555884,-3.754334805723083,6.946644482768443,0.0,0.4023968616783206,-1.611289164707686,0.0,0.0,0.0,-2.634969158857908,0,0,0,0,0,0
image_2671.png,surface,0.0,0.0,3.27655416556939,-14.886938922961123,-10.788879058863415,0.0,-0.647456329838785,-2.82448125509138,0.0,0.0,0.0,-1.9393963609678329,0,0,0,0,0,0
image_2672.png,surface,0.0,0.0,2.90094670199304,11.13356349700782,3.0832312570253246,0.0,0.2523070271237658,-0.6575162008986631,0.0,0.0,0.0,1.5686253255283562,0,0,0,0,0,0
image_2673.png,surface,0.0,0.0,1.0509169924742552,14.878378478808983,-15.937995101207106,0.0,2.736169157902068,-0.6923266159851319,0.0,0.0,0.0,0.9975878392448978,0,0,0,0,0,0
image_2674.png,surface,0.0,0.0,1.6159882662683542,5.58911132885712,-7.994300925122552,0.0,-0.7045266129855146,-2.230009311471969,0.0,0.0,0.0,0.5973361335339291,0,0,0,0,0,0
image_2675.png,surface,0.0,0.0,3.394056832120377,-4.079374478316106,1.513925320430223,0.0,1.1193101144182946,2.39297088228244,0.0,0.0,0.0,0.7876008522311686,0,0,0,0,0,0
image_2676.png,surface,0.0,0.0,1.9514777075923408,-14.61504249616402,17.802344404494676,0.0,0.1567884656575492,-2.302091561082732,0.0,0.0,0.0,1.823639665885884,0,0,0,0,0,0
image_2677.png,surface,0.0,0.0,1.5019961683160694,1.2256756599030922,14.407667280555522,0.0,0.0783446301458203,2.9968107076429256,0.0,0.0,0.0,2.843775442605056,0,0,0,0,0,0
image_2678.png,surface,0.0,0.0,3.385992324819666,-16.151179884232736,-12.274521176745765,0.0,0.3704528026575003,1.8174335123281256,0.0,0.0,0.0,2.455994267486054,0,0,0,0,0,0
image_2679.png,surface,0.0,0.0,2.598557667886414,-1.5775508087645025,-16.675280592611895,0.0,-2.33750825949287,-0.0446945877205323,0.0,0.0,0.0,-2.162625286060988,0,0,0,0,0,0
image_2680.png,surface,0.0,0.0,2.5893276003676937,-3.14592813786354,-2.9802675327597967,0.0,-0.4793435769699003,0.7391725602151462,0.0,0.0,0.0,2.5192514079382464,0,0,0,0,0,0
image_2682.png,surface,0.0,0.0,0.7805377913246185,-10.974645356472305,-2.8033635632553406,0.0,2.073132162893007,0.0539218840696767,0.0,0.0,0.0,-2.6781172427568,0,0,0,0,0,0
image_2683.png,surface,0.0,0.0,3.450486537135733,-0.5064550074951804,-9.821161961146537,0.0,1.2544424906715268,2.0191094620088106,0.0,0.0,0.0,-2.1533384840259417,0,0,0,0,0,0
image_2684.png,surface,0.0,0.0,0.7544026389386036,-6.295032043970002,-15.355931040397785,0.0,-1.0462717646517272,-0.8829893234026214,0.0,0.0,0.0,1.8660004622988664,0,0,0,0,0,0
image_2686.png,surface,0.0,0.0,0.6533278368071525,-8.28585775940199,-6.623656272536168,0.0,-0.2447740828711822,-2.9063698579110886,0.0,0.0,0.0,-1.309700648688081,0,0,0,0,0,0
image_2687.png,surface,0.0,0.0,0.5429688422449546,-0.8890731433502066,15.491855201202984,0.0,-1.3072341046827385,-1.7839426553122,0.0,0.0,0.0,1.347151936910734,0,0,0,0,0,0
image_2689.png,surface,0.0,0.0,3.327303484301383,4.413535927953159,9.240494111985273,0.0,0.8800151539794517,1.93471350841882,0.0,0.0,0.0,-2.748099229087847,0,0,0,0,0,0
image_2690.png,surface,0.0,0.0,1.886486036201616,7.265456324193268,11.62584877737448,0.0,-1.384920081392378,-0.7676538273031722,0.0,0.0,0.0,1.828236883092936,0,0,0,0,0,0
image_2691.png,surface,0.0,0.0,2.306089167564462,-6.161058122952447,16.38129883014741,0.0,-1.486979225330847,-1.5672219507401115,0.0,0.0,0.0,-0.2898286095477749,0,0,0,0,0,0
image_2692.png,surface,0.0,0.0,0.9239622116282667,2.127469450269068,14.74658600801014,0.0,1.9429366454528665,-1.7363009487649126,0.0,0.0,0.0,-1.173701943707527,0,0,0,0,0,0
image_2693.png,surface,0.0,0.0,1.9631986090826752,4.376919089761277,18.33669255985552,0.0,-1.1358468183644856,1.4873927602026356,0.0,0.0,0.0,1.0961968991760234,0,0,0,0,0,0
image_2695.png,surface,0.0,0.0,0.9579303289048906,0.8601579345451956,6.708292346709892,0.0,-2.816840933355952,0.2087733019443691,0.0,0.0,0.0,-0.0110869429155346,0,0,0,0,0,0
image_2697.png,surface,0.0,0.0,3.159554291892393,4.582186839334835,-2.487682496736465,0.0,0.1686975015538913,-0.7349810303766952,0.0,0.0,0.0,2.8554480203963166,0,0,0,0,0,0
image_2699.png,surface,0.0,0.0,1.0578600426615554,-6.59402288350421,-10.145831387245318,0.0,2.261004157844273,1.950522759715978,0.0,0.0,0.0,2.985970823341339,0,0,0,0,0,0
image_2700.png,surface,0.0,0.0,3.36596418695914,15.150174250343998,7.947219551118675,0.0,1.727999950897368,1.2005482796402571,0.0,0.0,0.0,-1.6742592789579631,0,0,0,0,0,0
image_2701.png,surface,0.0,0.0,3.1785420312442727,-6.972887546276264,12.30892009945767,0.0,0.1254314228495223,-0.4028673186585224,0.0,0.0,0.0,-2.168485611511352,0,0,0,0,0,0
image_2703.png,surface,0.0,0.0,2.842751418862421,-9.13017651257149,5.903549231936627,0.0,-1.999136606738932,-1.9828363332402643,0.0,0.0,0.0,-2.205187366172863,0,0,0,0,0,0
image_2704.png,surface,0.0,0.0,2.184078984132499,6.295746317104745,8.589847037668175,0.0,1.076797249464028,-0.7152884669036913,0.0,0.0,0.0,1.248737408021749,0,0,0,0,0,0
image_2706.png,surface,0.0,0.0,2.3582408975265903,19.52500104770685,-0.4424864382077375,0.0,0.7298865100400146,0.553675922757295,0.0,0.0,0.0,-0.1692138350031768,0,0,0,0,0,0
image_2709.png,surface,0.0,0.0,0.8286369361269426,-24.122836587022555,2.3008693582562283,0.0,-2.273255518927096,-0.660011210705507,0.0,0.0,0.0,-1.3820720797298858,0,0,0,0,0,0
image_2710.png,surface,0.0,0.0,2.161589544397339,-5.692049566460362,3.4855582656285344,0.0,0.0377372830104681,1.9783539221340536,0.0,0.0,0.0,-0.4871868616454473,0,0,0,0,0,0
image_2711.png,surface,0.0,0.0,2.5872050845209618,13.572360707681328,-3.509354123301583,0.0,2.4101053807068795,0.4931127491452046,0.0,0.0,0.0,-0.1851485062241069,0,0,0,0,0,0
image_2712.png,surface,0.0,0.0,3.318057658478228,-15.33064867327994,3.955696750419341,0.0,-0.7210964080076545,2.067138010258012,0.0,0.0,0.0,0.6731750475837339,0,0,0,0,0,0
image_2713.png,surface,0.0,0.0,3.2036828716555545,-5.962899588850754,-19.03760640359061,0.0,0.8369771881477142,-2.7365614637296334,0.0,0.0,0.0,-0.4147180008512796,0,0,0,0,0,0
image_2715.png,surface,0.0,0.0,2.213640810085746,3.96566268648652,-1.183949603155041,0.0,-1.3770891227358035,2.3740503427297632,0.0,0.0,0.0,1.3408966091409322,0,0,0,0,0,0
image_2716.png,surface,0.0,0.0,0.7049440625345038,-7.444145626259779,5.73586363315743,0.0,1.4609310909042716,-0.445856629529221,0.0,0.0,0.0,2.3349385688295863,0,0,0,0,0,0
image_2717.png,surface,0.0,0.0,2.813634677548404,12.86016200618094,20.708167044875022,0.0,-2.3132464398870867,-0.3395264614952756,0.0,0.0,0.0,-2.027844136053026,0,0,0,0,0,0
image_2718.png,surface,0.0,0.0,1.297876967441754,-14.559855084727506,6.468374070546227,0.0,-1.0098588850634032,0.7597415501813686,0.0,0.0,0.0,-2.9058260673888734,0,0,0,0,0,0
image_2719.png,surface,0.0,0.0,3.2537490754594165,8.073229666554239,12.971280768312274,0.0,-1.658592658374053,1.7424371408144983,0.0,0.0,0.0,0.2824954160033526,0,0,0,0,0,0
image_2720.png,surface,0.0,0.0,1.1636166897008478,1.340231674917114,2.80361287112318,0.0,-0.3263665833949646,-1.9185373649674704,0.0,0.0,0.0,-0.9543605495807248,0,0,0,0,0,0
image_2721.png,surface,0.0,0.0,2.5889672259707384,3.4503817673953727,3.895118583004221,0.0,1.2065155469677404,-0.3203114920044492,0.0,0.0,0.0,2.3554465366416224,0,0,0,0,0,0
image_2722.png,surface,0.0,0.0,0.8368806086500244,7.1597305774338205,0.2566200753002412,0.0,1.3027671475536162,2.098004088849674,0.0,0.0,0.0,-1.6969880916413038,0,0,0,0,0,0
image_2724.png,surface,0.0,0.0,0.9469426903032512,-10.701487390214076,-8.980654831661512,0.0,0.5035302731927491,2.9543116899357043,0.0,0.0,0.0,1.6253902172897394,0,0,0,0,0,0
image_2725.png,surface,0.0,0.0,3.0280562916721734,-0.3395671770718823,-0.6635080264555236,0.0,-2.056630454103848,1.2246880560730256,0.0,0.0,0.0,-1.95615738624717,0,0,0,0,0,0
image_2727.png,surface,0.0,0.0,3.431721004700431,-12.91923042878097,18.245084407192355,0.0,0.6418892658349313,1.621954014900299,0.0,0.0,0.0,-1.261776875944645,0,0,0,0,0,0
image_2728.png,surface,0.0,0.0,0.923073582701226,7.756135633071103,-10.452135847052125,0.0,-0.8318348567745483,-0.0372500022293672,0.0,0.0,0.0,1.9557298983200733,0,0,0,0,0,0
image_2730.png,surface,0.0,0.0,2.7029304492041284,-13.131712475984411,1.5834672787646566,0.0,1.6177418410611026,2.25410089469374,0.0,0.0,0.0,2.312513576124579,0,0,0,0,0,0
image_2732.png,surface,0.0,0.0,0.5537066545802929,9.974441523904574,2.6570437779366656,0.0,-1.6016600142456054,-2.2391320342675862,0.0,0.0,0.0,1.1089871258545865,0,0,0,0,0,0
image_2733.png,surface,0.0,0.0,2.707905412931967,4.994185830585746,15.097295948445408,0.0,-1.4658801272307145,-0.648407120592968,0.0,0.0,0.0,-0.1375223874416464,0,0,0,0,0,0
image_2734.png,surface,0.0,0.0,0.7944438025682525,-2.571801793257224,-12.213435416680383,0.0,-0.7833848981419842,0.852958171970487,0.0,0.0,0.0,0.6828153457121817,0,0,0,0,0,0
image_2735.png,surface,0.0,0.0,2.926830121853642,9.10409864058068,-14.64576096360837,0.0,-0.0446434890192183,-0.1268789608725459,0.0,0.0,0.0,-0.5034446781055304,0,0,0,0,0,0
image_2736.png,surface,0.0,0.0,2.895482101649097,9.371450884684585,14.571760964957829,0.0,-1.5437757642681669,-2.54149981858552,0.0,0.0,0.0,-0.3037131144485223,0,0,0,0,0,0
image_2737.png,surface,0.0,0.0,1.147181610597911,-19.394029036273743,-0.6491428186223215,0.0,-2.7826704239155644,0.8026806943705403,0.0,0.0,0.0,-0.5062939312332695,0,0,0,0,0,0
image_2738.png,surface,0.0,0.0,3.3977259206899,23.77249155866307,1.1150335664674478,0.0,-1.3775779437073474,1.8963658327138628,0.0,0.0,0.0,2.037993234831749,0,0,0,0,0,0
image_2740.png,surface,0.0,0.0,2.313769903251964,-9.001303699139552,18.85660035571388,0.0,1.5639319998693595,0.5942888486110844,0.0,0.0,0.0,1.9204597346526384,0,0,0,0,0,0
image_2741.png,surface,0.0,0.0,2.7048540187424663,9.694963761997483,-15.23647919027593,0.0,-1.953667504684316,-1.836997476883892,0.0,0.0,0.0,-0.1147831044088656,0,0,0,0,0,0
image_2742.png,surface,0.0,0.0,1.9049411737044688,8.992019516825408,-9.465485356368484,0.0,2.402179288941955,0.0058909462524921,0.0,0.0,0.0,1.3659219917174354,0,0,0,0,0,0
image_2743.png,surface,0.0,0.0,0.7785411053226083,-6.123950343952414,19.169503743325432,0.0,2.009179583267025,-0.5929742585304801,0.0,0.0,0.0,2.505807905126514,0,0,0,0,0,0
image_2745.png,surface,0.0,0.0,1.7486855944614803,12.342571095069468,-20.73888977302032,0.0,0.4043842993259062,1.6741930993930862,0.0,0.0,0.0,1.365193613419435,0,0,0,0,0,0
image_2746.png,surface,0.0,0.0,3.436573717537456,15.775687162721342,-6.3977546531180645,0.0,0.7384939768702101,-0.7039815015499965,0.0,0.0,0.0,-0.4916275995003389,0,0,0,0,0,0
image_2747.png,surface,0.0,0.0,0.6900350753868092,-1.2977336207978851,-15.32401230517227,0.0,-0.802784315110077,1.0448026522614051,0.0,0.0,0.0,2.3885300144397057,0,0,0,0,0,0
image_2748.png,surface,0.0,0.0,0.9815359381931574,6.726356356989659,3.82648529729591,0.0,-1.8501440081317653,0.9956886374688622,0.0,0.0,0.0,-0.6032875634172012,0,0,0,0,0,0
image_2749.png,surface,0.0,0.0,3.201049079697161,9.064834815710164,5.145614034147475,0.0,-1.4224072968286214,1.804737885148316,0.0,0.0,0.0,1.4221940311501164,0,0,0,0,0,0
image_2750.png,surface,0.0,0.0,1.960977705763502,8.588136962851236,2.6134637021732554,0.0,1.665130413742712,-1.8997012069276744,0.0,0.0,0.0,-2.0286678265137525,0,0,0,0,0,0
image_2751.png,surface,0.0,0.0,1.0794063527495592,-9.584215293668958,-11.07873090768933,0.0,2.254358519013099,-1.7590585739302227,0.0,0.0,0.0,1.729758306748015,0,0,0,0,0,0
image_2753.png,surface,0.0,0.0,0.7288998389615349,22.06096172512468,8.271371203781705,0.0,2.079068295021537,1.478868359388573,0.0,0.0,0.0,2.666888324861106,0,0,0,0,0,0
image_2754.png,surface,0.0,0.0,2.401733362435153,1.561450633351842,-22.29641158848556,0.0,1.5687812684544806,1.35847304399045,0.0,0.0,0.0,1.7019738284095889,0,0,0,0,0,0
image_2757.png,surface,0.0,0.0,2.4259455801224923,-20.030834041664352,8.058859238989454,0.0,-2.1264200645750666,-1.6868638643903162,0.0,0.0,0.0,-2.614463630602128,0,0,0,0,0,0
image_2758.png,surface,0.0,0.0,1.3784131061801197,-22.49055234257811,6.906960964345299,0.0,-0.130755848692222,1.218310333551938,0.0,0.0,0.0,-0.4448102186471221,0,0,0,0,0,0
image_2759.png,surface,0.0,0.0,2.62525699847506,-3.636438513812586,-12.876996158224925,0.0,-1.9947716519493763,-0.9020492037268356,0.0,0.0,0.0,-0.0665742383078082,0,0,0,0,0,0
image_2760.png,surface,0.0,0.0,3.245508569690151,5.992574867848088,-0.6729512428422886,0.0,-2.206841172346029,1.9675722492443708,0.0,0.0,0.0,1.2167110967788777,0,0,0,0,0,0
image_2762.png,surface,0.0,0.0,1.1518425196063338,-15.864145140979709,1.3695537780700715,0.0,-2.5192546489764203,-0.8603992601817879,0.0,0.0,0.0,0.8945630967981968,0,0,0,0,0,0
image_2763.png,surface,0.0,0.0,3.309886624308785,-8.723473516106163,-22.859740239446587,0.0,0.0423995584320897,1.7385161326302307,0.0,0.0,0.0,-2.93029354078904,0,0,0,0,0,0
image_2764.png,surface,0.0,0.0,2.9149195820107847,-21.18158878086349,-2.600308480760731,0.0,-1.0196667063722256,-2.3519626213129645,0.0,0.0,0.0,-0.7996245560024535,0,0,0,0,0,0
image_2765.png,surface,0.0,0.0,0.7107717474183093,0.4513953314642143,2.370621504540665,0.0,-0.1417916414266612,2.668049386189449,0.0,0.0,0.0,-1.2538776721800842,0,0,0,0,0,0
image_2767.png,surface,0.0,0.0,1.5955819273616183,0.5609942894905349,9.615755051015585,0.0,-2.5382263529527567,0.2756508477566073,0.0,0.0,0.0,0.5829495808295508,0,0,0,0,0,0
image_2768.png,surface,0.0,0.0,1.457872493044147,11.509719262503552,-1.8862505955123456,0.0,2.317189317060657,0.8941741495285829,0.0,0.0,0.0,2.382334029875202,0,0,0,0,0,0
image_2769.png,surface,0.0,0.0,0.6538034566669788,2.5867056304390257,-18.005694178207623,0.0,2.7700886632090413,0.253860774089812,0.0,0.0,0.0,2.737200788462393,0,0,0,0,0,0
image_2770.png,surface,0.0,0.0,1.0121499437336123,-8.042549800892166,-2.5720205414578845,0.0,1.6715755468083473,0.6714752438319024,0.0,0.0,0.0,-1.7505993164419855,0,0,0,0,0,0
image_2771.png,surface,0.0,0.0,1.3471097011081965,-16.57704112313682,-11.134657930025131,0.0,-1.5449967055022666,2.011524845136426,0.0,0.0,0.0,1.5914928988755517,0,0,0,0,0,0
image_2772.png,surface,0.0,0.0,0.9594009453229706,1.2740238274685731,-0.6614194351269114,0.0,-2.415621549633532,0.731993859379733,0.0,0.0,0.0,-2.3124251991184828,0,0,0,0,0,0
image_2773.png,surface,0.0,0.0,2.9823551072982486,2.6884721547400368,-20.676684199944543,0.0,1.84422910063196,1.239162031414669,0.0,0.0,0.0,-2.653793506468065,0,0,0,0,0,0
image_2774.png,surface,0.0,0.0,2.0612372932056826,13.894388173127965,17.158367968196508,0.0,-1.2416347480639829,-2.038596592288488,0.0,0.0,0.0,1.8451769562850373,0,0,0,0,0,0
image_2775.png,surface,0.0,0.0,1.1643419684268284,11.72117997811622,18.05277841691096,0.0,0.7033437195049028,-2.4611134487312905,0.0,0.0,0.0,2.01367835899723,0,0,0,0,0,0
image_2776.png,surface,0.0,0.0,3.043174132531036,0.2041594054564359,-2.518116014170437,0.0,-2.784161326113209,0.4421204949288727,0.0,0.0,0.0,1.329581942153144,0,0,0,0,0,0
image_2777.png,surface,0.0,0.0,2.7819999813160736,24.130630636174544,3.744687750635212,0.0,2.525443195527373,1.4366372035391908,0.0,0.0,0.0,-2.4324250088857013,0,0,0,0,0,0
image_2778.png,surface,0.0,0.0,1.658832107654057,14.962421087021417,20.12836241112158,0.0,-1.3268728655330393,-1.7577613578960978,0.0,0.0,0.0,2.7072499302224324,0,0,0,0,0,0
image_2779.png,surface,0.0,0.0,3.0236276128969104,-21.78780117123113,-10.023875605020171,0.0,1.69908288769144,1.7970204674130623,0.0,0.0,0.0,-2.3125373913726275,0,0,0,0,0,0
image_2780.png,surface,0.0,0.0,2.4123457150868486,-21.17987060864552,-11.46972320971626,0.0,1.9759175699165947,-0.8822222223529728,0.0,0.0,0.0,2.253560951923718,0,0,0,0,0,0
image_2781.png,surface,0.0,0.0,2.370378254889052,19.827549229077206,14.87193557462732,0.0,0.6208547635160664,2.411323566127233,0.0,0.0,0.0,-0.224327640030058,0,0,0,0,0,0
image_2782.png,surface,0.0,0.0,0.8117543765626674,20.559868669635183,3.756235292474028,0.0,0.0483161462469636,-1.7267772979578817,0.0,0.0,0.0,2.8755179424598056,0,0,0,0,0,0
image_2783.png,surface,0.0,0.0,1.724614311513847,-8.097142963532654,-9.62598009750104,0.0,1.455135108606604,0.5558215324100482,0.0,0.0,0.0,-0.7271814857124159,0,0,0,0,0,0
image_2784.png,surface,0.0,0.0,0.7142431089931616,-2.846923650925688,-12.510224016762532,0.0,0.6919760841648762,1.6163435049761172,0.0,0.0,0.0,2.9632596779272404,0,0,0,0,0,0
image_2787.png,surface,0.0,0.0,1.0786306885356067,3.1990166674930105,5.0273707510558925,0.0,-0.0321705473586749,1.699440507002307,0.0,0.0,0.0,1.0316736388818022,0,0,0,0,0,0
image_2788.png,surface,0.0,0.0,1.86914303753906,-8.824315989508216,11.263974504087916,0.0,2.754021682337085,0.1873595498335331,0.0,0.0,0.0,2.50941649385274,0,0,0,0,0,0
image_2789.png,surface,0.0,0.0,2.354246355332969,-18.85928154470487,3.835090663125232,0.0,-2.3231159659291327,-0.62071321107667,0.0,0.0,0.0,-0.5760484092215084,0,0,0,0,0,0
image_2791.png,surface,0.0,0.0,0.7471805924825217,-4.5818034740753175,3.198150588385172,0.0,-1.67006400830937,1.666443694728837,0.0,0.0,0.0,0.4247439157565318,0,0,0,0,0,0
image_2792.png,surface,0.0,0.0,3.121161998390192,-10.680484296651624,-6.375864466774779,0.0,-2.742764349343236,0.1434595361952826,0.0,0.0,0.0,2.888739540177836,0,0,0,0,0,0
image_2793.png,surface,0.0,0.0,0.7503630025576142,-15.600860282687767,3.5650985265037,0.0,0.4365591781068768,-0.2055450362747037,0.0,0.0,0.0,2.137451532370557,0,0,0,0,0,0
image_2794.png,surface,0.0,0.0,2.206161197118313,-15.44972065984456,-11.861851556338516,0.0,-2.0600098091990167,-0.110013860395038,0.0,0.0,0.0,0.0228035613616626,0,0,0,0,0,0
image_2795.png,surface,0.0,0.0,2.873757221651854,0.164493791975296,-3.315606646516259,0.0,-1.4398182828016737,1.406227615681557,0.0,0.0,0.0,0.3874146606674773,0,0,0,0,0,0
image_2796.png,surface,0.0,0.0,1.0026219476853238,19.8328033861223,-9.8115097226006,0.0,-2.2691630383724632,1.939183683334716,0.0,0.0,0.0,2.1781465178337704,0,0,0,0,0,0
image_2797.png,surface,0.0,0.0,2.4389502493436104,1.5930680472798429,-22.675050396886324,0.0,0.0809958431292579,-2.725476807560732,0.0,0.0,0.0,-1.353803287305436,0,0,0,0,0,0
image_2798.png,surface,0.0,0.0,2.6918660127850016,1.2639487086003842,22.8502749648809,0.0,-1.5368840489881097,0.4232872942085187,0.0,0.0,0.0,2.048310996894797,0,0,0,0,0,0
image_2800.png,surface,0.0,0.0,0.6551291742111571,-12.433620199435948,6.10861351407115,0.0,-0.3766431129755271,-1.7552335763182796,0.0,0.0,0.0,2.782529508443533,0,0,0,0,0,0
image_2801.png,surface,0.0,0.0,2.42476599643376,-18.890027917994672,9.731363261286113,0.0,-0.1119355749437896,0.7563315321301647,0.0,0.0,0.0,-2.6738567976400187,0,0,0,0,0,0
image_2802.png,surface,0.0,0.0,0.971348396716079,-2.446449888676544,23.398321878068938,0.0,0.2139490079968187,-2.302008005860268,0.0,0.0,0.0,1.3895707046462658,0,0,0,0,0,0
image_2804.png,surface,0.0,0.0,3.2864411347504587,6.398201007943665,8.608443036930758,0.0,-0.7844447789495027,-1.2079058523985795,0.0,0.0,0.0,-0.8618734090407565,0,0,0,0,0,0
image_2805.png,surface,0.0,0.0,0.6566946328643222,-14.961153387798117,-19.88650206625966,0.0,1.126726288371495,-0.5067703280066985,0.0,0.0,0.0,1.9772156942094488,0,0,0,0,0,0
image_2806.png,surface,0.0,0.0,3.085185960097549,-24.1389061024232,1.2023322737799802,0.0,-1.6606828290475242,0.4977247418227737,0.0,0.0,0.0,-0.5130133596139719,0,0,0,0,0,0
image_2807.png,surface,0.0,0.0,2.153682668305334,4.781170062578428,4.2965484152438425,0.0,-0.024328504811144,0.7325406900882265,0.0,0.0,0.0,-0.073213992895369,0,0,0,0,0,0
image_2808.png,surface,0.0,0.0,0.593969575919445,2.739829959249404,7.235277343374628,0.0,-2.508443354322265,-0.8902440018735512,0.0,0.0,0.0,-0.0236107801718992,0,0,0,0,0,0
image_2810.png,surface,0.0,0.0,3.072506220076292,-21.093498249223224,4.6924819545502325,0.0,1.511685588724919,-1.735607225789792,0.0,0.0,0.0,-0.2837522411485444,0,0,0,0,0,0
image_2811.png,surface,0.0,0.0,1.8726547065189232,3.3752323930847585,-21.929363114733817,0.0,-0.7029010409218731,0.2173100665126028,0.0,0.0,0.0,2.1401662238352017,0,0,0,0,0,0
image_2812.png,surface,0.0,0.0,2.8755175762801093,5.8710438868751,-20.28908276190884,0.0,-2.3802902854320824,-0.7065132647690098,0.0,0.0,0.0,0.8412607802539602,0,0,0,0,0,0
image_2813.png,surface,0.0,0.0,3.2314124906139714,-8.163816429443155,-1.1859059290358438,0.0,2.036222114645481,1.6806062902264784,0.0,0.0,0.0,1.7923230956473537,0,0,0,0,0,0
image_2814.png,surface,0.0,0.0,2.204689123962739,4.396740051101274,22.5686797745304,0.0,-0.205648257832454,-1.5232327649755857,0.0,0.0,0.0,1.1652584921131837,0,0,0,0,0,0
image_2815.png,surface,0.0,0.0,3.250073336657267,14.616634760364386,15.160892595814255,0.0,-1.7339414815658711,0.3505789064633801,0.0,0.0,0.0,-1.546462524975145,0,0,0,0,0,0
image_2816.png,surface,0.0,0.0,1.7509248880936017,6.57376410781965,-9.97752443830283,0.0,-0.9488863342847856,0.551209337012858,0.0,0.0,0.0,2.131819886772594,0,0,0,0,0,0
image_2817.png,surface,0.0,0.0,2.93559543797537,14.732101559440949,-18.71219659873024,0.0,2.232157980323977,1.0416219392626067,0.0,0.0,0.0,1.104395407541162,0,0,0,0,0,0
image_2819.png,surface,0.0,0.0,2.656789617233872,1.148011015580885,-6.933789678812255,0.0,1.3832758140023629,-0.2971919677016705,0.0,0.0,0.0,1.0319424821927423,0,0,0,0,0,0
image_2820.png,surface,0.0,0.0,1.7343381320100948,-1.5552738915204796,-10.241159080207856,0.0,2.173629883921348,-1.4178721368983085,0.0,0.0,0.0,1.0621743412281015,0,0,0,0,0,0
image_2823.png,surface,0.0,0.0,1.3342590223309128,-15.55804020048239,8.749001853777889,0.0,-1.938270871667788,-1.99688609244565,0.0,0.0,0.0,-2.6693711844269474,0,0,0,0,0,0
image_2824.png,surface,0.0,0.0,2.546780463520983,1.346774078295463,19.77400496874118,0.0,-0.4342512634698637,-1.0474614620064429,0.0,0.0,0.0,-2.641664709487724,0,0,0,0,0,0
image_2825.png,surface,0.0,0.0,1.4763161813930048,-13.165996398501267,-0.6791782356623551,0.0,2.8724828726513096,-0.1877261609247644,0.0,0.0,0.0,0.1802390888767142,0,0,0,0,0,0
image_2828.png,surface,0.0,0.0,1.569390839133162,0.1290634724410846,-17.139892772416125,0.0,0.769558379427352,0.289814751315754,0.0,0.0,0.0,0.5304957872196989,0,0,0,0,0,0
image_2829.png,surface,0.0,0.0,1.0028548885880464,24.805014957217765,2.429035338624973,0.0,-0.7791838387984693,-1.0824141728750123,0.0,0.0,0.0,1.1498937189745,0,0,0,0,0,0
image_2830.png,surface,0.0,0.0,1.4592592568049954,6.987706974162435,-3.893361627764802,0.0,-1.7127990198757863,1.000033509607217,0.0,0.0,0.0,-1.1821294132499829,0,0,0,0,0,0
image_2831.png,surface,0.0,0.0,1.5956892742654434,6.687022676912742,-10.92819915712195,0.0,0.2033631683336772,-2.774509393573877,0.0,0.0,0.0,0.2799604855700184,0,0,0,0,0,0
image_2832.png,surface,0.0,0.0,2.4373465423131737,4.829730381781181,20.4133351275415,0.0,0.020510434525204,-2.160770879939084,0.0,0.0,0.0,-0.4965856971926747,0,0,0,0,0,0
image_2833.png,surface,0.0,0.0,0.6854663925893019,4.176232124839587,-15.603271234517072,0.0,-1.6594002666347425,-0.062573947876496,0.0,0.0,0.0,0.7408606937086573,0,0,0,0,0,0
image_2834.png,surface,0.0,0.0,3.098345023470274,12.746558572552791,12.793850269497051,0.0,-0.7026812742217019,2.616153190101082,0.0,0.0,0.0,1.9983324939348384,0,0,0,0,0,0
image_2835.png,surface,0.0,0.0,2.375900614360817,14.17124797335297,-10.015925152209403,0.0,-0.2889282985922996,-2.4424394707375057,0.0,0.0,0.0,1.565184604269338,0,0,0,0,0,0
image_2836.png,surface,0.0,0.0,0.6595327395426889,22.63611940275772,-7.268154697045111,0.0,2.3473515626153985,1.8550699591364088,0.0,0.0,0.0,2.931101164672052,0,0,0,0,0,0
image_2837.png,surface,0.0,0.0,1.2543675862373949,-19.48527471450995,-5.096921062186941,0.0,0.7315826293826992,-2.3204681257571504,0.0,0.0,0.0,-1.1608499322254475,0,0,0,0,0,0
image_2838.png,surface,0.0,0.0,0.9518188681181,16.981632890899714,-4.305207024274171,0.0,1.9436495163085017,2.01602997096114,0.0,0.0,0.0,2.5973895889794063,0,0,0,0,0,0
image_2840.png,surface,0.0,0.0,2.2070494295214704,-23.867123968769373,-0.6559488433596398,0.0,2.135130739770591,-1.394446685139808,0.0,0.0,0.0,-1.2939040517907705,0,0,0,0,0,0
image_2841.png,surface,0.0,0.0,1.5926209138272212,13.347227053946892,-9.81655647149605,0.0,-2.0665618232519,1.5840644503181691,0.0,0.0,0.0,-1.1521753635872032,0,0,0,0,0,0
image_2842.png,surface,0.0,0.0,2.7793308761937467,-3.856536726908831,16.63491934787482,0.0,-0.6500959143778425,0.8047872469863337,0.0,0.0,0.0,0.0131452801125733,0,0,0,0,0,0
image_2843.png,surface,0.0,0.0,0.6853164862984027,4.198457295638998,-19.894707829243472,0.0,-0.3684018050586961,-1.157374938645814,0.0,0.0,0.0,-0.1610144563511091,0,0,0,0,0,0
image_2844.png,surface,0.0,0.0,2.982109330875791,-1.5315374579605556,3.30398219793329,0.0,2.180420213206228,0.0706057600609491,0.0,0.0,0.0,-1.0265250529540717,0,0,0,0,0,0
image_2847.png,surface,0.0,0.0,3.321333029675422,-2.04149189510006,-14.932684481190789,0.0,-2.7857221535308634,-0.4263551847322421,0.0,0.0,0.0,1.7481137335896948,0,0,0,0,0,0
image_2849.png,surface,0.0,0.0,3.180337364424788,5.579236762736685,-15.830476130219656,0.0,-0.3529730301074216,-2.015544541293276,0.0,0.0,0.0,-0.5825491848284186,0,0,0,0,0,0
image_2850.png,surface,0.0,0.0,2.874445564488895,-16.36958382460213,-7.750474632183569,0.0,-1.9237290968650824,0.3826787749302796,0.0,0.0,0.0,2.352021596263791,0,0,0,0,0,0
image_2851.png,surface,0.0,0.0,0.7037361171639067,16.162397155200704,-16.798242712834305,0.0,-0.3290929557581174,-0.5306189440915394,0.0,0.0,0.0,-2.530455141076198,0,0,0,0,0,0
image_2853.png,surface,0.0,0.0,3.052659782454154,6.231498638228253,-21.885316486461587,0.0,-0.9039941714961552,2.8258424249024494,0.0,0.0,0.0,2.7857146780315176,0,0,0,0,0,0
image_2854.png,surface,0.0,0.0,0.6442589743463074,-2.676597719109263,-9.346505723529884,0.0,1.4921556959291309,0.0756072146769521,0.0,0.0,0.0,2.4072264889920607,0,0,0,0,0,0
image_2855.png,surface,0.0,0.0,2.6276266323687447,-4.810855258594808,-19.289047808049563,0.0,1.287179195158775,-0.973913352343978,0.0,0.0,0.0,-1.6264515904775148,0,0,0,0,0,0
image_2856.png,surface,0.0,0.0,2.544036341686688,9.19420034174838,2.786142438829803,0.0,-1.0366478815729272,2.493921376129059,0.0,0.0,0.0,-1.4082533216352973,0,0,0,0,0,0
image_2857.png,surface,0.0,0.0,1.832034708205724,-11.212461346071482,-4.86531922249438,0.0,0.6770436248208879,-2.390038033644075,0.0,0.0,0.0,2.946627039063981,0,0,0,0,0,0
image_2860.png,surface,0.0,0.0,2.2719773335511304,24.1531839267248,4.996072323656535,0.0,-1.0699905343648013,-1.8027963159399727,0.0,0.0,0.0,2.1876866448461296,0,0,0,0,0,0
image_2861.png,surface,0.0,0.0,2.5642463359863994,16.642001411253766,8.549322432321178,0.0,-1.9010574713970327,-0.8084604637502277,0.0,0.0,0.0,-0.0493871580506883,0,0,0,0,0,0
image_2864.png,surface,0.0,0.0,3.334863106000745,1.3744451643856197,-3.8578941061852654,0.0,-1.3247835459726829,0.303872215373806,0.0,0.0,0.0,-2.7188281436559345,0,0,0,0,0,0
image_2865.png,surface,0.0,0.0,3.468511412398604,15.93876590819248,8.57890692960457,0.0,-2.387648691672495,-1.5197687888866689,0.0,0.0,0.0,1.3534362444513626,0,0,0,0,0,0
image_2867.png,surface,0.0,0.0,0.6669575286302414,1.7459754211805794,-2.51963185120373,0.0,2.2411275547794896,-1.32764377683481,0.0,0.0,0.0,0.0528949493828823,0,0,0,0,0,0
image_2868.png,surface,0.0,0.0,1.5880324801808596,-13.571925331483117,-8.510305451001354,0.0,0.1819493399349334,2.5015087390575785,0.0,0.0,0.0,-0.5867588939877688,0,0,0,0,0,0
image_2869.png,surface,0.0,0.0,3.318407719202229,14.786931241326627,-5.799769554517603,0.0,1.6478392447162205,1.9064714694882297,0.0,0.0,0.0,0.4305082874298995,0,0,0,0,0,0
image_2870.png,surface,0.0,0.0,1.6399029426262977,-2.136861859101075,-14.852368051004872,0.0,2.8207492781780843,0.1390284175529526,0.0,0.0,0.0,-0.4290728439330511,0,0,0,0,0,0
image_2871.png,surface,0.0,0.0,1.1864385401859834,21.649408045876363,-12.388492638710662,0.0,1.33517418592451,-0.2249366591194056,0.0,0.0,0.0,1.281105560565332,0,0,0,0,0,0
image_2872.png,surface,0.0,0.0,3.428656877629289,18.100091430913363,-4.631841751083122,0.0,0.1285541442683894,2.324804175108292,0.0,0.0,0.0,1.5385796678327228,0,0,0,0,0,0
image_2873.png,surface,0.0,0.0,1.200666734259768,5.166123910283792,-17.42784312968559,0.0,-0.4786234068315718,0.8263486522055259,0.0,0.0,0.0,-2.145310344703489,0,0,0,0,0,0
image_2874.png,surface,0.0,0.0,2.554042553891892,-8.353702340417032,-20.43402877772143,0.0,2.466285808444703,-0.0367958659880269,0.0,0.0,0.0,1.7247195972682023,0,0,0,0,0,0
image_2875.png,surface,0.0,0.0,0.8351286122292236,-7.435298834434608,-11.142834924609708,0.0,1.9648637262318105,1.3447954864192986,0.0,0.0,0.0,0.2109618529784551,0,0,0,0,0,0
image_2876.png,surface,0.0,0.0,2.3964229075637284,-23.156741751959363,6.620782434035452,0.0,1.4280928591391429,0.9053770705469828,0.0,0.0,0.0,0.2876672227145107,0,0,0,0,0,0
image_2877.png,surface,0.0,0.0,0.9348571286321004,2.638130876880483,-14.09878602701666,0.0,-0.3808382765992307,1.276305832623056,0.0,0.0,0.0,-0.3333645104516258,0,0,0,0,0,0
image_2879.png,surface,0.0,0.0,1.8094978771364656,7.42284064258018,14.43627645442071,0.0,-0.733012887580997,-1.4782405957436,0.0,0.0,0.0,0.6790046694151561,0,0,0,0,0,0
image_2880.png,surface,0.0,0.0,2.7950506075145345,-4.412903609752842,21.126156098135908,0.0,-0.920195587101862,-2.0256865211862767,0.0,0.0,0.0,2.9583066395382103,0,0,0,0,0,0
image_2882.png,surface,0.0,0.0,1.0402270007983447,-5.85820012883106,-18.592921772376343,0.0,1.3187885592870827,0.852070518900331,0.0,0.0,0.0,-1.4832971192455602,0,0,0,0,0,0
image_2883.png,surface,0.0,0.0,2.7646935227835785,-9.375990187372588,-5.6507185432153095,0.0,-1.617541425322754,-0.4201262124776417,0.0,0.0,0.0,2.075322980673575,0,0,0,0,0,0
image_2884.png,surface,0.0,0.0,2.4131723385009303,-16.756339094905403,7.888591836262152,0.0,0.0471255153277896,-1.8760906429286628,0.0,0.0,0.0,-0.2640076575137846,0,0,0,0,0,0
image_2885.png,surface,0.0,0.0,0.5576787690351259,13.246262766376669,6.583962536143991,0.0,-0.1092279060999958,1.373589582659133,0.0,0.0,0.0,2.5732199536408675,0,0,0,0,0,0
image_2886.png,surface,0.0,0.0,0.6967967681576626,23.56315706882896,-6.289618954989674,0.0,-0.6107065179380753,0.4722369200244568,0.0,0.0,0.0,-0.4597668946821018,0,0,0,0,0,0
image_2887.png,surface,0.0,0.0,0.7763509820070866,15.259992632801833,18.46226640533071,0.0,-1.6552493971563746,-1.583716422343305,0.0,0.0,0.0,-1.3597208698525256,0,0,0,0,0,0
image_2889.png,surface,0.0,0.0,1.330159487041319,22.10867325827638,11.44890219820899,0.0,-1.593056427741795,0.5519647025560058,0.0,0.0,0.0,-2.1540400580998065,0,0,0,0,0,0
image_2890.png,surface,0.0,0.0,2.532464602568438,10.864779609366202,3.470890224554379,0.0,-0.5153486463892835,0.9752360085006784,0.0,0.0,0.0,-1.4278237079096867,0,0,0,0,0,0
image_2891.png,surface,0.0,0.0,2.45098594015563,9.203559919360057,-16.339873764565688,0.0,0.2656155011605829,-0.550602770455108,0.0,0.0,0.0,-1.9429170839981968,0,0,0,0,0,0
image_2892.png,surface,0.0,0.0,3.1160095361483706,-11.186077658812152,0.2223983576289832,0.0,2.970703476405835,0.334139451526891,0.0,0.0,0.0,1.868010054383652,0,0,0,0,0,0
image_2893.png,surface,0.0,0.0,2.945943546253623,16.09717877546562,7.617252786383644,0.0,-2.831268784968017,-0.0009444990795723,0.0,0.0,0.0,2.389040826011726,0,0,0,0,0,0
image_2894.png,surface,0.0,0.0,2.865652677417312,0.9867853958040032,-11.381620770440742,0.0,-2.051465268631876,-0.1734768157167482,0.0,0.0,0.0,0.1852182357276555,0,0,0,0,0,0
image_2895.png,surface,0.0,0.0,2.266719592485956,-7.759484070211646,22.641755132046928,0.0,1.503329160259326,2.173312720092831,0.0,0.0,0.0,-0.043841960862534,0,0,0,0,0,0
image_2896.png,surface,0.0,0.0,0.8198980048395492,18.134234145468923,-1.283308491652841,0.0,-0.3305373637310332,-1.376053124000456,0.0,0.0,0.0,-1.5910439873469917,0,0,0,0,0,0
image_2897.png,surface,0.0,0.0,2.563245620919761,-14.463434671656076,-16.609868587379577,0.0,2.5159991962492363,-0.9419721698405504,0.0,0.0,0.0,-1.1391002481943675,0,0,0,0,0,0
image_2898.png,surface,0.0,0.0,1.406964486486047,7.969169027427676,4.303288655222276,0.0,1.4239575395441617,0.4299954932182354,0.0,0.0,0.0,-2.8746652384651425,0,0,0,0,0,0
image_2899.png,surface,0.0,0.0,2.8501842512156337,-5.198230921621908,-4.8347995641754204,0.0,-1.7339684144198395,1.174984767355456,0.0,0.0,0.0,2.894654173864131,0,0,0,0,0,0
image_2900.png,surface,0.0,0.0,1.6000603514401006,20.7949615025055,1.0603048606589,0.0,1.1875227703243958,0.0877103673108089,0.0,0.0,0.0,1.0323221614229094,0,0,0,0,0,0
image_2901.png,surface,0.0,0.0,0.9032181048195476,-0.0845378606301951,15.41294835550601,0.0,0.3565430174883899,-1.4967449990802284,0.0,0.0,0.0,0.2634843556808888,0,0,0,0,0,0
image_2903.png,surface,0.0,0.0,3.1484162520139853,5.8970323278591605,-6.437880882904543,0.0,-0.2292556032194028,-0.6211102308392755,0.0,0.0,0.0,2.625476079405737,0,0,0,0,0,0
image_2904.png,surface,0.0,0.0,1.0275743524527918,16.670633186063743,16.97782581264904,0.0,-0.3067218009116401,1.161997199671286,0.0,0.0,0.0,2.6113199107634,0,0,0,0,0,0
image_2905.png,surface,0.0,0.0,1.3832777495777773,-10.131759921113929,17.049415416762937,0.0,-0.0556233259465212,-2.209851465266595,0.0,0.0,0.0,-2.77475581884831,0,0,0,0,0,0
image_2906.png,surface,0.0,0.0,1.2933019485891113,-6.941867456217661,18.464992778684792,0.0,-1.3893750648968817,-1.9534638672966955,0.0,0.0,0.0,0.7459020519194661,0,0,0,0,0,0
image_2907.png,surface,0.0,0.0,2.8468314931200185,2.360913681055712,8.720011978927673,0.0,0.7361500531662118,-2.3785770108949307,0.0,0.0,0.0,-1.1865002281422077,0,0,0,0,0,0
image_2908.png,surface,0.0,0.0,0.956537943882852,19.80771530261952,12.4320880589706,0.0,-2.1976037074147423,-1.07385084820023,0.0,0.0,0.0,0.3581233818144098,0,0,0,0,0,0
image_2909.png,surface,0.0,0.0,1.8211689249993208,-10.208794664461855,-20.0148111115882,0.0,1.985633972355551,1.6627522562726489,0.0,0.0,0.0,2.64689644432932,0,0,0,0,0,0
image_2910.png,surface,0.0,0.0,1.6298084949410656,17.696069232263035,5.696414227832332,0.0,-1.0571710558394791,0.4223580856154731,0.0,0.0,0.0,1.3804134282232328,0,0,0,0,0,0
image_2911.png,surface,0.0,0.0,2.807992685205573,-5.898176728134231,21.31091498877023,0.0,-0.4546923902963623,-1.9493256035835973,0.0,0.0,0.0,1.9672179766248543,0,0,0,0,0,0
image_2912.png,surface,0.0,0.0,1.8182375226783207,-5.44649589773467,-12.589272946590516,0.0,-2.179067854682057,0.3279250040145231,0.0,0.0,0.0,2.771485174950695,0,0,0,0,0,0
image_2913.png,surface,0.0,0.0,1.2467162286075966,-12.788528537520932,17.75555370126454,0.0,2.798887219880291,0.9796845500084804,0.0,0.0,0.0,0.3142336777952801,0,0,0,0,0,0
image_2915.png,surface,0.0,0.0,1.9574582012549795,-15.350586457240984,-12.87923917961397,0.0,0.0731263108341207,2.645287224708441,0.0,0.0,0.0,-0.2999618831324309,0,0,0,0,0,0
image_2916.png,surface,0.0,0.0,1.2470507020294983,-16.576287958824924,-16.1521646632118,0.0,-1.341733356983083,-1.6178874662498988,0.0,0.0,0.0,-1.0464752393553414,0,0,0,0,0,0
image_2917.png,surface,0.0,0.0,2.5565204176521465,-5.35122919807394,8.948016862496868,0.0,-1.890927942819229,-1.9019118993456383,0.0,0.0,0.0,0.8935094147754556,0,0,0,0,0,0
image_2919.png,surface,0.0,0.0,2.11097363150745,21.76194241374919,1.4005182739134283,0.0,-1.678880323198779,2.3119468226929354,0.0,0.0,0.0,-1.955639125447393,0,0,0,0,0,0
image_2920.png,surface,0.0,0.0,2.409708948562446,-14.196003080145909,-15.133060145395998,0.0,-0.8256147700024972,0.2458048261130948,0.0,0.0,0.0,-1.0585512671251525,0,0,0,0,0,0
image_2921.png,surface,0.0,0.0,3.202033223567782,24.28800271398353,5.150914811136947,0.0,0.2723855196739962,-1.3850241438856188,0.0,0.0,0.0,-1.2753996071355338,0,0,0,0,0,0
image_2922.png,surface,0.0,0.0,3.21615472728002,2.993123918697333,10.584392340689137,0.0,-0.1721804394200364,-1.1695982280849595,0.0,0.0,0.0,1.9388250135815903,0,0,0,0,0,0
image_2923.png,surface,0.0,0.0,2.505495429661236,17.64744844859371,-3.489808612272693,0.0,-0.5819766897083871,0.0311434391785654,0.0,0.0,0.0,1.199237189788728,0,0,0,0,0,0
image_2924.png,surface,0.0,0.0,1.1402778908837146,13.158882079355804,-14.320669037994556,0.0,1.5858003031520538,-1.063695163609515,0.0,0.0,0.0,2.704570296532741,0,0,0,0,0,0
image_2925.png,surface,0.0,0.0,0.6806748835126828,3.0876562620815173,19.678532898113133,0.0,-0.5149890637166048,2.5746298469032607,0.0,0.0,0.0,0.8756074700639123,0,0,0,0,0,0
image_2927.png,surface,0.0,0.0,1.579939310741243,-2.51912680869094,-7.444539501751172,0.0,-1.361286590593021,1.540978185580241,0.0,0.0,0.0,-1.7423579042897095,0,0,0,0,0,0
image_2928.png,surface,0.0,0.0,0.8620323061666453,2.062784902791439,-14.378515172559906,0.0,1.1814688682895491,-2.527536236677367,0.0,0.0,0.0,0.2325878364733364,0,0,0,0,0,0
image_2929.png,surface,0.0,0.0,3.0056957164680456,16.79919953426868,-7.68713856122418,0.0,-1.5989690292378052,0.9106275252445204,0.0,0.0,0.0,-1.835657520253951,0,0,0,0,0,0
image_2930.png,surface,0.0,0.0,2.1111950991552053,0.6542695451795427,-24.885652061779314,0.0,0.0604832744347216,1.705173629600395,0.0,0.0,0.0,0.4333645303195599,0,0,0,0,0,0
image_2931.png,surface,0.0,0.0,3.347036912879159,5.726935081530812,-4.398115457031578,0.0,0.1100769644947969,-0.2154440742894906,0.0,0.0,0.0,-1.2957115413683196,0,0,0,0,0,0
image_2932.png,surface,0.0,0.0,2.236623117796029,-13.20683612969407,-15.81458560563064,0.0,-0.4066889997092479,2.244193173087829,0.0,0.0,0.0,-0.1863386702457354,0,0,0,0,0,0
image_2933.png,surface,0.0,0.0,3.353840833821039,11.704891059863684,-19.91032578090873,0.0,-1.5016124527116623,-1.158817099172693,0.0,0.0,0.0,1.8010659268524165,0,0,0,0,0,0
image_2934.png,surface,0.0,0.0,2.145592321925621,-16.092242386035302,-15.33360381417544,0.0,0.5927274235592724,1.8211189967064072,0.0,0.0,0.0,1.807550390223488,0,0,0,0,0,0
image_2935.png,surface,0.0,0.0,1.015964022256847,-13.021885063275615,10.69138358754387,0.0,-2.242553348824196,-1.8625436224835,0.0,0.0,0.0,0.1562370699404383,0,0,0,0,0,0
image_2937.png,surface,0.0,0.0,0.7694013103231021,-2.6505863698679786,-21.505206454738328,0.0,-1.9036478124877425,-0.9605664551923464,0.0,0.0,0.0,-1.5092248318655828,0,0,0,0,0,0
image_2938.png,surface,0.0,0.0,1.047962520148482,-11.56266840644274,-13.661515710356367,0.0,2.5419393117987568,-0.6620467053645122,0.0,0.0,0.0,1.7984011714446542,0,0,0,0,0,0
image_2940.png,surface,0.0,0.0,2.835790469596549,11.386303613064136,-19.00294712643051,0.0,-1.0839706397990103,1.9389182759496773,0.0,0.0,0.0,-0.925310217277204,0,0,0,0,0,0
image_2941.png,surface,0.0,0.0,3.0224804506738385,12.051343020465632,-10.498410199353357,0.0,-0.6352072176299887,2.28635533730561,0.0,0.0,0.0,0.392269869540228,0,0,0,0,0,0
image_2942.png,surface,0.0,0.0,1.91445764272706,-10.852156460180842,-8.632103406663406,0.0,-0.2348585101608268,-1.3298885930894226,0.0,0.0,0.0,0.5561924101244449,0,0,0,0,0,0
image_2943.png,surface,0.0,0.0,1.6360389517747422,-11.086434524070992,4.339331887506153,0.0,2.4036381629757093,0.685847958485778,0.0,0.0,0.0,-1.3964330499645152,0,0,0,0,0,0
image_2944.png,surface,0.0,0.0,1.314551614777066,-9.950779978623114,0.935966975876237,0.0,-2.455167780868575,1.162232285980873,0.0,0.0,0.0,-0.4662723912697339,0,0,0,0,0,0
image_2945.png,surface,0.0,0.0,0.6615020417448547,11.915279732479371,9.05042259420476,0.0,1.3468230662703,0.3226892689273256,0.0,0.0,0.0,-2.3784712013196367,0,0,0,0,0,0
image_2946.png,surface,0.0,0.0,0.6419521268118076,17.162429815859,-11.020029641130115,0.0,-2.05674348478174,0.5042235980012916,0.0,0.0,0.0,-2.034308723225119,0,0,0,0,0,0
image_2947.png,surface,0.0,0.0,1.483964258802107,7.587523971728387,-18.00748436262244,0.0,-1.795600092510246,0.2106407404390696,0.0,0.0,0.0,2.47494022998542,0,0,0,0,0,0
image_2948.png,surface,0.0,0.0,1.1716312712180912,-10.6162687487907,6.622852397815847,0.0,-0.9673139786026848,1.5877598729165538,0.0,0.0,0.0,1.766550655025962,0,0,0,0,0,0
image_2949.png,surface,0.0,0.0,2.5003670115604706,-13.057896226693613,11.866780725442316,0.0,-0.3911036237146661,1.1139254668388037,0.0,0.0,0.0,-1.0156648720334445,0,0,0,0,0,0
image_2951.png,surface,0.0,0.0,3.227151822823624,-2.124174382661874,16.619341455484253,0.0,1.0730126425668811,-0.7645196898546909,0.0,0.0,0.0,-0.8745734128786085,0,0,0,0,0,0
image_2952.png,surface,0.0,0.0,3.403179630504445,13.461374741514764,-14.10476927535359,0.0,-1.2970321828989229,-1.8001721903917391,0.0,0.0,0.0,-0.5049535895285171,0,0,0,0,0,0
image_2953.png,surface,0.0,0.0,1.9246766741445624,-2.315690686175252,4.946136746513267,0.0,-1.4674978031399195,-0.1528218333317091,0.0,0.0,0.0,-2.237935178620176,0,0,0,0,0,0
image_2954.png,surface,0.0,0.0,0.6533487437109853,1.805370455400794,-12.89997047463642,0.0,0.2651963858601617,1.0741112724628807,0.0,0.0,0.0,-1.742213059099972,0,0,0,0,0,0
image_2955.png,surface,0.0,0.0,1.0119032942812982,4.177695968146863,19.1271343039748,0.0,0.6948990412647886,-1.3984025980501622,0.0,0.0,0.0,-2.447302844534332,0,0,0,0,0,0
image_2956.png,surface,0.0,0.0,1.3015251934610217,12.728721165420614,3.314502658804792,0.0,0.7511080369761121,-1.7790326100583316,0.0,0.0,0.0,-0.9756341374968888,0,0,0,0,0,0
image_2957.png,surface,0.0,0.0,3.1279339643868944,-12.283095553117322,12.571832106827728,0.0,1.1694038246704446,0.280274539541574,0.0,0.0,0.0,-0.9348593621897474,0,0,0,0,0,0
image_2958.png,surface,0.0,0.0,3.1648068842740376,2.56218315536848,6.068335380986577,0.0,1.2833256272456033,2.6855783415215657,0.0,0.0,0.0,-0.541840105798042,0,0,0,0,0,0
image_2959.png,surface,0.0,0.0,3.39889127927895,3.944951438447257,-9.970186045044205,0.0,1.4812925376425168,-2.5946904675931184,0.0,0.0,0.0,-0.9099782296462156,0,0,0,0,0,0
image_2960.png,surface,0.0,0.0,1.2879369547761574,-19.851248450416257,-13.61671126800596,0.0,-0.6875295310781155,1.8055111515227675,0.0,0.0,0.0,-2.787116561406576,0,0,0,0,0,0
image_2961.png,surface,0.0,0.0,1.0274647991040344,1.1199728799076305,-7.878870741048567,0.0,1.0606336711279425,-1.6425284367050867,0.0,0.0,0.0,1.952261623287539,0,0,0,0,0,0
image_2962.png,surface,0.0,0.0,2.0744834571131787,3.420295357343117,8.838895988817587,0.0,0.7658101943915292,-2.2367510754779523,0.0,0.0,0.0,0.231460655913291,0,0,0,0,0,0
image_2963.png,surface,0.0,0.0,1.5330756401929504,3.897222628031405,-2.7526582622453977,0.0,-2.298261254961496,-1.461230829497599,0.0,0.0,0.0,0.9060175311264552,0,0,0,0,0,0
image_2964.png,surface,0.0,0.0,1.6943941043090749,6.487714848666324,14.705649085348728,0.0,2.779759676234343,0.292656537967027,0.0,0.0,0.0,1.0869607567512638,0,0,0,0,0,0
image_2965.png,surface,0.0,0.0,1.857172863102336,5.138352568165536,17.441979700593915,0.0,1.6904673174472764,2.002622427019089,0.0,0.0,0.0,1.2197729534355553,0,0,0,0,0,0
image_2966.png,surface,0.0,0.0,0.6827025541137726,11.48129353728079,-21.369605519518203,0.0,-1.821622014255677,-2.144135818036537,0.0,0.0,0.0,1.795393725330536,0,0,0,0,0,0
image_2967.png,surface,0.0,0.0,1.473798988495596,-13.179204867157043,12.37593754054738,0.0,-1.4423948493910186,1.4172670892658017,0.0,0.0,0.0,-0.2066929356652282,0,0,0,0,0,0
image_2969.png,surface,0.0,0.0,1.9359743717157567,16.538993865382544,-18.33588307115173,0.0,0.9464441357846568,-2.1914921615808747,0.0,0.0,0.0,-2.218675619867436,0,0,0,0,0,0
image_2970.png,surface,0.0,0.0,2.7964724315558955,10.780544366504706,-5.839194895121419,0.0,-0.7715225196605271,-1.0392829333263534,0.0,0.0,0.0,0.3678450412152556,0,0,0,0,0,0
image_2971.png,surface,0.0,0.0,2.517018287992693,-17.947525543017246,10.32477353316686,0.0,-0.0805375253996759,-1.0252069960103294,0.0,0.0,0.0,0.2197021760391697,0,0,0,0,0,0
image_2974.png,surface,0.0,0.0,2.1786479109079604,6.160577777478132,15.927884192625942,0.0,1.1337825689383707,0.5940512820054253,0.0,0.0,0.0,-2.002710141309046,0,0,0,0,0,0
image_2975.png,surface,0.0,0.0,0.9715144292931486,0.3027601405688886,16.507993871471832,0.0,1.7377679514704552,1.2091394426610589,0.0,0.0,0.0,-1.0417955093510778,0,0,0,0,0,0
image_2976.png,surface,0.0,0.0,3.2633171049633543,0.5034383953488553,4.51402092956406,0.0,-2.0087954922462314,-1.1118706751523408,0.0,0.0,0.0,0.3889093239288872,0,0,0,0,0,0
image_2977.png,surface,0.0,0.0,3.490160438213437,11.18228732133394,-4.756873849373203,0.0,-0.251219599609526,0.9012412233840554,0.0,0.0,0.0,2.541229302755079,0,0,0,0,0,0
image_2978.png,surface,0.0,0.0,3.0274331327069084,14.037711408884142,-1.9465864709793064,0.0,0.6689549142515487,2.7117915312836045,0.0,0.0,0.0,-0.4707295562433855,0,0,0,0,0,0
image_2979.png,surface,0.0,0.0,0.7804372100171579,5.640200375197784,11.88150845135289,0.0,-1.1130787760723402,0.3697909758177569,0.0,0.0,0.0,-1.7801442644836776,0,0,0,0,0,0
image_2980.png,surface,0.0,0.0,0.8342672201186541,-6.235224982388243,-7.942109533119692,0.0,-0.9365376243539856,-2.112517024182241,0.0,0.0,0.0,0.668097238905565,0,0,0,0,0,0
image_2981.png,surface,0.0,0.0,1.5947463569870115,-12.370515541010878,21.07336430546982,0.0,2.130228972778329,0.1813066760568971,0.0,0.0,0.0,1.5145049335147889,0,0,0,0,0,0
image_2982.png,surface,0.0,0.0,2.5880699427620466,6.6648089719346775,17.215478155030237,0.0,0.4338208460231545,0.080317449362626,0.0,0.0,0.0,0.6352040435863571,0,0,0,0,0,0
image_2983.png,surface,0.0,0.0,2.980713416014426,0.6007798298409134,20.255740518546425,0.0,-1.0006076851102963,0.4408859944851336,0.0,0.0,0.0,0.4277131210826876,0,0,0,0,0,0
image_2984.png,surface,0.0,0.0,1.042445708517301,11.042341201238647,-16.574466038246065,0.0,2.5920948947928784,-0.2242219614161113,0.0,0.0,0.0,-2.057196616694028,0,0,0,0,0,0
image_2985.png,surface,0.0,0.0,2.37572113325964,20.23026476010968,-13.751834681768337,0.0,-0.3204077235524795,-1.0897423293926454,0.0,0.0,0.0,-2.221583002400333,0,0,0,0,0,0
image_2986.png,surface,0.0,0.0,0.9786994477907668,-14.793043932112129,-19.9512237169904,0.0,2.54324557743637,-0.8977021674953172,0.0,0.0,0.0,2.892312860221633,0,0,0,0,0,0
image_2987.png,surface,0.0,0.0,0.8363121398405098,1.3458050606914134,-12.44919344998582,0.0,1.0738681735596565,0.5969271871358977,0.0,0.0,0.0,-2.8339833721410974,0,0,0,0,0,0
image_2990.png,surface,0.0,0.0,2.383116990852107,-8.82361745857435,14.20657359485063,0.0,0.250689375047443,-1.238370172503917,0.0,0.0,0.0,2.3210962413742013,0,0,0,0,0,0
image_2992.png,surface,0.0,0.0,1.6794984512288482,23.410720881356173,6.770188158763309,0.0,0.3747627536442639,1.0580696303330237,0.0,0.0,0.0,2.510923674214512,0,0,0,0,0,0
image_2993.png,surface,0.0,0.0,1.300641098216599,-4.251036039945515,22.338206728012537,0.0,-0.3267743193053524,-1.9335379429300743,0.0,0.0,0.0,-2.869490891996284,0,0,0,0,0,0
image_2994.png,surface,0.0,0.0,3.2962894393419573,9.385472647628369,2.277380498402225,0.0,0.4898371605149303,0.7415130459929544,0.0,0.0,0.0,0.2412162279422185,0,0,0,0,0,0
image_2997.png,surface,0.0,0.0,0.7166660396928379,20.961064376463582,-2.357397590576665,0.0,-1.7298983586689622,2.3293392195593565,0.0,0.0,0.0,-2.4583174798215914,0,0,0,0,0,0
image_2998.png,surface,0.0,0.0,0.7074541702142692,-15.36363259543446,3.751902966034771,0.0,0.9478806388157964,2.0968795288431648,0.0,0.0,0.0,2.6774980178776087,0,0,0,0,0,0
image_2999.png,surface,0.0,0.0,2.774191935064982,11.642565325776824,-12.334476305388169,0.0,-0.8276133911540164,-2.1459817606131635,0.0,0.0,0.0,2.820258092145476,0,0,0,0,0,0
image_3000.png,surface,0.0,0.0,3.296018004932763,2.402548878552017,-0.8239332466845604,0.0,1.638059936201981,1.3911243859078637,0.0,0.0,0.0,-0.6966324213450621,0,0,0,0,0,0
