sensor_image,object_label,pose_x,pose_y,pose_z,pose_Rx,pose_Ry,pose_Rz,shear_x,shear_y,shear_z,shear_Rx,shear_Ry,shear_Rz,object_x,object_y,object_z,object_Rx,object_Ry,object_Rz,Fx,Fy,Fz,Tx,Ty,Tz
image_1.png,surface,0.0,0.0,1.4369838277066043,18.67897347150388,-8.270680217208728,0.0,2.0718503774730004,0.49030337174561617,0.0,0.0,0.0,2.5057929389871285,0,0,0,0,0,0,0.4781839235313487,0.14585019775220417,0.9588473563556386,0.0,0.0,0.0
image_2.png,surface,0.0,0.0,1.5717149520323734,7.889426140533854,-5.88137599705744,0.0,0.07105918492822819,0.003509014444615558,0.0,0.0,0.0,-1.4269528664925804,0,0,0,0,0,0,0.10204728973707372,-0.03678700182748528,0.5600038525182895,0.0,0.0,0.0
image_3.png,surface,0.0,0.0,2.2076415472400415,-10.144135530001732,22.79191511882138,0.0,2.672247877884608,0.7094989176597983,0.0,0.0,0.0,-0.6835300026182569,0,0,0,0,0,0,0.7139246835312402,0.08681166114388587,1.5737183447083158,0.0,0.0,0.0
image_4.png,surface,0.0,0.0,2.0023694738120335,-21.40301643933964,7.864672527195789,0.0,0.4619666853118503,-2.3562313848010925,0.0,0.0,0.0,-1.785784741634091,0,0,0,0,0,0,0.14175492155861769,-1.8462355609914918,2.810170497767191,0.0,0.0,0.0
image_5.png,surface,0.0,0.0,0.67620744874453,-2.542309739597577,17.492365909124658,0.0,-0.32896449452939946,-0.5829454580789893,0.0,0.0,0.0,-1.9119968366456042,0,0,0,0,0,0,-0.08219119099131138,-0.09268247965233904,0.2355774325935542,0.0,0.0,0.0
image_6.png,surface,0.0,0.0,0.8936946476935175,12.697059661932995,-21.182518315484195,0.0,-2.410552749034138,-1.3104601859860374,0.0,0.0,0.0,-1.6121537308343994,0,0,0,0,0,0,-0.2850439082307274,-0.10587766337391046,0.6594372777581843,0.0,0.0,0.0
image_7.png,surface,0.0,0.0,0.6763892173058654,-5.193923477097322,-13.2572409410117,0.0,1.4660365561573472,1.1031064419712644,0.0,0.0,0.0,-1.8338814205847562,0,0,0,0,0,0,0.13771886929574043,0.05995880156744061,0.24905584339882744,0.0,0.0,0.0
image_8.png,surface,0.0,0.0,0.5864753143856669,13.081229626773549,19.4968827225617,0.0,1.9622911524745423,0.7364419031727547,0.0,0.0,0.0,0.09774585664084512,0,0,0,0,0,0,0.179528231198368,0.03584314033094937,0.35167799803400507,0.0,0.0,0.0
image_9.png,surface,0.0,0.0,2.4400122948626013,-13.044144508387909,8.16324769205548,0.0,1.207044709464868,2.0433064955140265,0.0,0.0,0.0,2.716430078095332,0,0,0,0,0,0,0.4471221487631253,0.5697383958464601,1.203810103829007,0.0,0.0,0.0
image_10.png,surface,0.0,0.0,2.6273972691574645,-18.78201349824196,3.952440078189629,0.0,-0.7174958815741804,1.3307044842627171,0.0,0.0,0.0,-2.1428531809903415,0,0,0,0,0,0,-0.4544759212119272,0.3694462669740673,1.8826499514160555,0.0,0.0,0.0
image_11.png,surface,0.0,0.0,1.5404445805652909,4.74645452247712,5.237527451985835,0.0,2.0431878903829253,1.6096215360757034,0.0,0.0,0.0,0.6676464059804554,0,0,0,0,0,0,0.22129041451119555,0.09058710713002945,0.4439970732365239,0.0,0.0,0.0
image_12.png,surface,0.0,0.0,2.9221019613059687,-6.77767055825565,9.952259414348564,0.0,-2.061630498877263,0.04580594031584709,0.0,0.0,0.0,1.0615973942971273,0,0,0,0,0,0,-1.261184150089541,-0.24752767746652987,2.8464992362348838,0.0,0.0,0.0
image_13.png,surface,0.0,0.0,2.6589942555908275,-12.160925897746784,4.721691133236552,0.0,-1.1584966342821807,-1.74810002709164,0.0,0.0,0.0,-1.5280738004302759,0,0,0,0,0,0,-0.6918664099648201,-1.229604552894635,2.4511995093935512,0.0,0.0,0.0
image_14.png,surface,0.0,0.0,2.6509626096876993,10.341779774596386,-21.142259731180033,0.0,-1.150035608750567,0.5772232023549695,0.0,0.0,0.0,1.3764666624487827,0,0,0,0,0,0,-0.12611902376495168,0.6236800803734844,2.8876624278823986,0.0,0.0,0.0
image_15.png,surface,0.0,0.0,1.4179609998323421,22.526460825742916,4.219411523918802,0.0,1.0223373369075215,-1.6078379588479945,0.0,0.0,0.0,1.41244782111374,0,0,0,0,0,0,0.18837041206085584,-0.2713035485642684,0.7565059519969551,0.0,0.0,0.0
image_16.png,surface,0.0,0.0,2.8858679077608738,-8.321892309912439,22.88417708861751,0.0,0.6515854288370382,-2.2394884405500832,0.0,0.0,0.0,2.132819768149698,0,0,0,0,0,0,-0.2162316521726569,-1.835126311177264,3.9234255993784646,0.0,0.0,0.0
image_17.png,surface,0.0,0.0,2.3723246140846594,-5.464727144235859,-18.419507217968594,0.0,-1.3831745599841136,0.8406241834624533,0.0,0.0,0.0,0.9532779097034063,0,0,0,0,0,0,-0.5121403330672916,0.3207194172154036,1.60527962010953,0.0,0.0,0.0
image_18.png,surface,0.0,0.0,1.3842310727693112,-0.6751976938150156,22.823900778454046,0.0,1.33547852090674,0.45618318654460477,0.0,0.0,0.0,-0.6332530541936601,0,0,0,0,0,0,0.33429835598177005,0.07935515532125258,0.6904894282979672,0.0,0.0,0.0
image_19.png,surface,0.0,0.0,2.722082234862402,14.195425240849303,-16.1143219351123,0.0,0.8263086073981547,0.7026092977554861,0.0,0.0,0.0,1.0651497622493045,0,0,0,0,0,0,1.3732987421339053,1.0953245239874667,4.420793695917977,0.0,0.0,0.0
image_20.png,surface,0.0,0.0,0.5102807499128221,15.472784938845553,13.925683461375433,0.0,-2.285980484568646,-1.481948812533421,0.0,0.0,0.0,-0.09635931928269992,0,0,0,0,0,0,-0.13134823778276697,-0.028858565256584034,0.23083453256863715,0.0,0.0,0.0
image_21.png,surface,0.0,0.0,1.9289776030847077,7.906474003909118,2.567761947685597,0.0,-0.7901415542713569,1.2375213965172154,0.0,0.0,0.0,-1.354762376339295,0,0,0,0,0,0,-0.3181145777904282,0.517426445503454,0.7966330298913814,0.0,0.0,0.0
image_22.png,surface,0.0,0.0,1.800431982505481,-3.2770348024727616,-20.28298790894246,0.0,0.08765230035961188,-2.056567422654695,0.0,0.0,0.0,1.6026587120696574,0,0,0,0,0,0,0.3284451670666015,-0.9315991625933674,1.4652613512006758,0.0,0.0,0.0
image_23.png,surface,0.0,0.0,0.7044748513256547,-5.231943675443229,-2.559271277788554,0.0,1.4076795738987564,0.020956541886345582,0.0,0.0,0.0,1.9118738589709743,0,0,0,0,0,0,0.07025652966194323,-0.025466956279031814,0.14494874125114032,0.0,0.0,0.0
image_24.png,surface,0.0,0.0,2.6558912237567167,6.618076139443067,-16.71575916805023,0.0,1.3218952960302928,-2.5758240816698783,0.0,0.0,0.0,1.170456036323408,0,0,0,0,0,0,1.2372874334109205,-1.1430650384822507,2.8820307923537545,0.0,0.0,0.0
image_25.png,surface,0.0,0.0,1.2042779190312505,1.827152021717015,-1.7487143229248592,0.0,-1.4131068268488476,-1.5556256021529151,0.0,0.0,0.0,-0.04927396564102171,0,0,0,0,0,0,-0.06808327075116292,-0.06466237802517777,0.307203261783405,0.0,0.0,0.0
image_26.png,surface,0.0,0.0,1.4408751986326216,9.846801876223124,1.9494335899776505,0.0,2.804324822723673,0.11799703923925295,0.0,0.0,0.0,2.718451934985737,0,0,0,0,0,0,0.25178756809181446,-0.05408483685399922,0.4170670476713164,0.0,0.0,0.0
image_27.png,surface,0.0,0.0,1.6878835360735227,-18.330594107052562,9.69012342541028,0.0,-2.9229777493716997,-0.3435306764132974,0.0,0.0,0.0,2.968982855283522,0,0,0,0,0,0,-0.6520324612738121,-0.12711454704596734,1.1502291781708687,0.0,0.0,0.0
image_28.png,surface,0.0,0.0,2.542337076180997,-3.733433977107376,-11.747990566624843,0.0,-1.9493445926795832,0.24601988651552742,0.0,0.0,0.0,0.7501553256115283,0,0,0,0,0,0,-0.8651290200597695,0.034899278834413475,1.3322725781856264,0.0,0.0,0.0
image_29.png,surface,0.0,0.0,1.9873450769323973,7.066505141999691,0.13784994351379135,0.0,1.700586900356412,0.3592372578341525,0.0,0.0,0.0,-2.5879504536583067,0,0,0,0,0,0,0.42144786457204636,0.047867935796816224,0.7147599463633265,0.0,0.0,0.0
image_30.png,surface,0.0,0.0,1.909893008818642,-5.4099431375998,-14.026985993903624,0.0,0.5042435060630849,-2.100632962233778,0.0,0.0,0.0,0.4846331798105279,0,0,0,0,0,0,0.2682239800220845,-0.442491708190978,1.3484305935247507,0.0,0.0,0.0
image_31.png,surface,0.0,0.0,1.405943939813973,6.225240199046477,-21.70320869046308,0.0,2.118095204114299,-1.6117247312834304,0.0,0.0,0.0,2.4940851780511952,0,0,0,0,0,0,0.579648329400895,-0.3357834467001158,1.1384299862068095,0.0,0.0,0.0
image_32.png,surface,0.0,0.0,1.199211679479299,12.945888436427433,20.692207951756497,0.0,0.777195146632317,0.27265457690164063,0.0,0.0,0.0,1.77042040368738,0,0,0,0,0,0,0.3171679622144444,0.1402861342301252,0.6630994039544478,0.0,0.0,0.0
image_33.png,surface,0.0,0.0,1.6953005798429444,5.825578549299113,9.905296194502924,0.0,2.134495754990229,0.040556169206638126,0.0,0.0,0.0,2.4910761584072985,0,0,0,0,0,0,0.3552304309529675,-0.07402233786582507,0.5366622640246652,0.0,0.0,0.0
image_34.png,surface,0.0,0.0,1.1393338300789644,13.043646205549901,-3.803629049039815,0.0,2.506018799060297,1.049836315770505,0.0,0.0,0.0,2.601638016995648,0,0,0,0,0,0,0.20416763019383757,0.039329135458155126,0.3562266267302182,0.0,0.0,0.0
image_35.png,surface,0.0,0.0,1.3487785955107052,-9.192367983304575,12.024337239672285,0.0,1.329170916594715,1.1149100880509357,0.0,0.0,0.0,-1.5306554260605485,0,0,0,0,0,0,0.23676651385553973,0.1738404104319752,0.44556017588127067,0.0,0.0,0.0
image_36.png,surface,0.0,0.0,1.6009408373670668,-13.110632787366063,20.308601804365097,0.0,-2.034595110744316,-1.1290844971889151,0.0,0.0,0.0,0.9973558682377441,0,0,0,0,0,0,-0.7354624707198679,-0.4028699756688964,1.5772911507534504,0.0,0.0,0.0
image_37.png,surface,0.0,0.0,2.6087521609840763,-2.934162550414708,-20.523409805471566,0.0,1.4566642740769793,-1.6945737290319198,0.0,0.0,0.0,1.6213547860046198,0,0,0,0,0,0,1.9514708382410648,-1.038554401175823,4.245270666935587,0.0,0.0,0.0
image_38.png,surface,0.0,0.0,2.826276541866347,0.44754252694180136,-7.405010895760756,0.0,-0.7988992529741381,0.11329704804852583,0.0,0.0,0.0,-2.6049000736804624,0,0,0,0,0,0,-0.29545363578656497,-0.056453929210304225,1.594485279845664,0.0,0.0,0.0
image_39.png,surface,0.0,0.0,2.5743534238899626,-17.27109289441178,17.677803831139826,0.0,-2.3395264871499823,-0.32740278838663667,0.0,0.0,0.0,2.320499990356333,0,0,0,0,0,0,-1.83657727506849,-1.2094877181984673,4.546846759197908,0.0,0.0,0.0
image_40.png,surface,0.0,0.0,1.8142492872327662,11.49703270095433,-6.528711260109812,0.0,0.8109255556030585,2.710819363884583,0.0,0.0,0.0,-1.5997785186460207,0,0,0,0,0,0,0.11436394545482156,0.4626573090644665,0.8930987931100348,0.0,0.0,0.0
image_41.png,surface,0.0,0.0,2.2788931332356883,-16.239009599312606,-3.5631858700367327,0.0,0.5043741417562341,-2.4577861949770203,0.0,0.0,0.0,-1.9736846465716424,0,0,0,0,0,0,0.36959555060202454,-1.6160906660861636,2.547888572990027,0.0,0.0,0.0
image_42.png,surface,0.0,0.0,1.338021523026717,3.117872902527162,-24.6090001513326,0.0,-1.3146890209259596,-0.39932711861261166,0.0,0.0,0.0,1.4575537231041729,0,0,0,0,0,0,-0.4337386481599034,-0.1604517351036141,0.8941706349235757,0.0,0.0,0.0
image_43.png,surface,0.0,0.0,1.6479923063857054,4.662220551194678,15.578424180172965,0.0,-1.6375733172612432,-1.826198443592427,0.0,0.0,0.0,-0.5047691724128467,0,0,0,0,0,0,-0.3283355909870664,-0.3067313898367418,0.773508042764242,0.0,0.0,0.0
image_44.png,surface,0.0,0.0,2.8512241408680117,8.786911447586386,18.418619734701984,0.0,-1.0223322262738475,1.0298145637514338,0.0,0.0,0.0,-0.40073996010881263,0,0,0,0,0,0,-1.2131472143333333,0.8898096948342421,4.127850396262217,0.0,0.0,0.0
image_45.png,surface,0.0,0.0,1.3873686999872887,-21.455828584907085,-2.10656833515657,0.0,0.8393650381631589,-0.053709985915523076,0.0,0.0,0.0,-0.015275792867124771,0,0,0,0,0,0,0.595542948493464,-0.1792157016547469,1.1063283238912687,0.0,0.0,0.0
image_46.png,surface,0.0,0.0,0.9324641931434475,-20.05034452487638,12.178346442888524,0.0,1.8690554264373214,1.0915364176991464,0.0,0.0,0.0,-1.48380711101648,0,0,0,0,0,0,0.27672982319599904,0.10793056212887593,0.508104378705143,0.0,0.0,0.0
image_47.png,surface,0.0,0.0,1.680235142544945,-1.9474260886690271,-16.590190697044182,0.0,2.2325457434875844,-1.1974325833442436,0.0,0.0,0.0,0.7227442646454967,0,0,0,0,0,0,0.5795052717415021,-0.21994804453775205,1.1100797702386598,0.0,0.0,0.0
image_48.png,surface,0.0,0.0,2.13147904697897,-4.776580154075784,-5.9823972383622985,0.0,-0.6407771144470453,2.0509118226141747,0.0,0.0,0.0,-0.16330078847862417,0,0,0,0,0,0,-0.1689967524430466,0.4485937727660824,0.9357580972889513,0.0,0.0,0.0
image_49.png,surface,0.0,0.0,0.8162856495212396,-0.7042642475807697,-14.856385376408957,0.0,0.11369715569503762,1.2718111748491905,0.0,0.0,0.0,2.5458593683513335,0,0,0,0,0,0,-0.001881056032019729,0.1564686395882325,0.2710286005764095,0.0,0.0,0.0
image_50.png,surface,0.0,0.0,0.8052535466815265,-13.144686367467836,-13.66765256339691,0.0,-0.06906093591245538,1.3933009309022342,0.0,0.0,0.0,2.480107283416551,0,0,0,0,0,0,0.00026480885887664174,0.2065876850542869,0.36997299798887623,0.0,0.0,0.0
image_51.png,surface,0.0,0.0,1.2592372273485002,2.782889830064218,-21.304430263811202,0.0,0.3220666472091164,-0.29966685292940726,0.0,0.0,0.0,-1.9055731744501885,0,0,0,0,0,0,0.3179897828109575,-0.22722364357354943,0.9588160943027437,0.0,0.0,0.0
image_52.png,surface,0.0,0.0,2.769122753495834,14.79280512831854,14.200844819356542,0.0,-1.946838199986412,0.19999082026750675,0.0,0.0,0.0,2.0105512059352684,0,0,0,0,0,0,-1.4966083569707762,0.43253868871000717,3.7224262302904836,0.0,0.0,0.0
image_53.png,surface,0.0,0.0,2.1865096274824065,14.513588350304161,-12.33207159630155,0.0,-0.4452699927649776,0.9710428768505824,0.0,0.0,0.0,2.3529530239413683,0,0,0,0,0,0,-0.09109424745354093,0.6992708014260532,1.754390680403253,0.0,0.0,0.0
image_54.png,surface,0.0,0.0,1.054835390950275,-2.4757651263690166,-14.012615480952745,0.0,-1.8849577196835092,-2.319459153734143,0.0,0.0,0.0,-2.6134815620362755,0,0,0,0,0,0,-0.1127811798615362,-0.18330104883225307,0.3419041404967818,0.0,0.0,0.0
image_55.png,surface,0.0,0.0,2.0087189015547966,-12.57468802001927,-7.52421884308249,0.0,-0.2320126863021022,1.1385859016430042,0.0,0.0,0.0,-0.5130870393446276,0,0,0,0,0,0,-0.05123594852263613,0.47054799117550605,1.0415488842854088,0.0,0.0,0.0
image_56.png,surface,0.0,0.0,2.15059958452978,-15.661916715484537,15.745312285473,0.0,1.0559830059556619,-2.2805619701834066,0.0,0.0,0.0,-1.6365370762789406,0,0,0,0,0,0,0.3131182129416248,-1.4524376674067982,2.258625263560759,0.0,0.0,0.0
image_57.png,surface,0.0,0.0,1.8076366997696123,-1.2645063147059084,-19.20791887344206,0.0,2.6293947230280876,0.42737761509184674,0.0,0.0,0.0,-2.6490681477336873,0,0,0,0,0,0,0.9489029766443658,-0.011161162196536623,1.516294419547878,0.0,0.0,0.0
image_58.png,surface,0.0,0.0,2.398456151343322,8.413166587733473,16.941983860408268,0.0,-0.14609729205809538,-0.36178833645432235,0.0,0.0,0.0,0.2400580348710677,0,0,0,0,0,0,-0.34731964676652827,-0.13876337101571407,1.8982519488144036,0.0,0.0,0.0
image_59.png,surface,0.0,0.0,0.5618474716478923,-10.278880618728008,-16.341247181002778,0.0,-0.4459597786817412,2.4153391208962063,0.0,0.0,0.0,-0.6308020888266013,0,0,0,0,0,0,-0.021467780248924817,0.13082077652236482,0.3314291197732005,0.0,0.0,0.0
image_60.png,surface,0.0,0.0,0.9777930677598838,21.6206202825278,2.2293552163603425,0.0,-1.088867840647812,0.9320612947643228,0.0,0.0,0.0,0.774305232617067,0,0,0,0,0,0,-0.26411031136953594,0.18478448448430837,0.5999500571066814,0.0,0.0,0.0
image_61.png,surface,0.0,0.0,2.915929361062798,-0.9195067675173406,24.3503316034138,0.0,1.1732655535408956,-0.3283566605371418,0.0,0.0,0.0,-1.3091187774302384,0,0,0,0,0,0,0.14417472664835207,-0.15654886781543828,2.903166173114505,0.0,0.0,0.0
image_62.png,surface,0.0,0.0,1.7443500043920803,5.085479015086338,12.711742269310404,0.0,1.1219738561019685,-2.533423093608049,0.0,0.0,0.0,-1.4633970657423332,0,0,0,0,0,0,0.1905710649915197,-0.3960678804838616,0.6587673766247214,0.0,0.0,0.0
image_63.png,surface,0.0,0.0,0.6912869959838228,23.772364821900787,-7.204086165093045,0.0,-0.9702444941857492,-2.472880956299803,0.0,0.0,0.0,0.376923712233308,0,0,0,0,0,0,-0.05445474585898069,-0.2984269817697207,0.4859730782593072,0.0,0.0,0.0
image_64.png,surface,0.0,0.0,1.2704492255449868,-2.2535656341465984,15.878505882630096,0.0,-0.054366635484488154,0.27087827325472363,0.0,0.0,0.0,-0.9857817041831218,0,0,0,0,0,0,-0.057901826694356735,0.14801950609174233,0.5070347698953803,0.0,0.0,0.0
image_65.png,surface,0.0,0.0,0.5044309654335168,24.818667217563032,-1.4468238589518434,0.0,-2.434087614616826,-0.417525424448536,0.0,0.0,0.0,-2.0279264350778696,0,0,0,0,0,0,-0.2040930575841538,-0.007936302083372404,0.38618460541867766,0.0,0.0,0.0
image_66.png,surface,0.0,0.0,1.9485356047140359,-2.779195167793827,-9.786606382578563,0.0,1.1102099233750347,0.7433336399961279,0.0,0.0,0.0,0.12548873425368967,0,0,0,0,0,0,0.4708484137624685,0.19433321662426287,0.9479726279557568,0.0,0.0,0.0
image_67.png,surface,0.0,0.0,2.9986956252489203,23.4237109794651,1.4783522690557624,0.0,-2.0147684642402046,-1.2741318452236816,0.0,0.0,0.0,2.0682772435324814,0,0,0,0,0,0,-1.1715204792299316,-0.18525641523257644,3.0652532183634054,0.0,0.0,0.0
image_68.png,surface,0.0,0.0,1.9752487438026782,-0.5034454593082099,-13.769793687848368,0.0,-2.0895342333371367,-1.7862957252199907,0.0,0.0,0.0,1.975950551112465,0,0,0,0,0,0,-0.38875005806076374,-0.3648826966383164,0.8902852083494904,0.0,0.0,0.0
image_69.png,surface,0.0,0.0,2.025182322036112,3.2961244962015113,20.854150177463897,0.0,1.9662661953928506,-0.8189302088373603,0.0,0.0,0.0,-2.8216090083274716,0,0,0,0,0,0,0.48472805050358575,-0.21898530581128547,0.9515990260915702,0.0,0.0,0.0
image_70.png,surface,0.0,0.0,1.3193165318201974,1.4756392909981106,22.655217404446013,0.0,0.2673059107884557,-2.9351675034173863,0.0,0.0,0.0,-0.09909568099036381,0,0,0,0,0,0,0.05643168096059379,-0.4724262755536125,0.7819621950685444,0.0,0.0,0.0
image_71.png,surface,0.0,0.0,1.0925813640070245,-1.6305989688112736,-10.080579668473824,0.0,-2.1671395686823054,0.6031723152613668,0.0,0.0,0.0,-0.9919983405002837,0,0,0,0,0,0,-0.13195699378018452,0.06184652456051235,0.3236136065494672,0.0,0.0,0.0
image_72.png,surface,0.0,0.0,1.7703914301002983,-8.100208136549034,-4.770771120749975,0.0,2.552411214441872,0.19047159471989658,0.0,0.0,0.0,0.48381728170843274,0,0,0,0,0,0,0.4078878247295735,-0.03738478077529132,0.8206288884920212,0.0,0.0,0.0
image_73.png,surface,0.0,0.0,2.749465417443476,4.474563027180861,10.393267871347504,0.0,1.4800235581844203,-0.259340463442365,0.0,0.0,0.0,-0.2474354972680919,0,0,0,0,0,0,0.7659094019306997,-0.048962815132797884,1.6800874796833283,0.0,0.0,0.0
image_74.png,surface,0.0,0.0,0.5243777602867523,11.6838709549451,17.646245550169127,0.0,0.0008239047896716934,2.192325647588102,0.0,0.0,0.0,-1.879714145345944,0,0,0,0,0,0,-0.014710588677591618,0.12404699718222575,0.23367491337451976,0.0,0.0,0.0
image_75.png,surface,0.0,0.0,1.9241271056046187,-22.403078906207064,10.70953676415969,0.0,-2.0425798496939347,0.8021497665905635,0.0,0.0,0.0,-1.6948070241428692,0,0,0,0,0,0,-1.1317534936986389,0.038249987147115805,1.7265227932511975,0.0,0.0,0.0
image_76.png,surface,0.0,0.0,1.5712776781757962,-3.767010976026536,15.505052008518767,0.0,-1.5189041513363886,0.5858100288141352,0.0,0.0,0.0,-2.92734728879475,0,0,0,0,0,0,-0.37604075472468124,0.14905932684042608,0.6674024022350579,0.0,0.0,0.0
image_77.png,surface,0.0,0.0,2.0529482649849764,-3.0090328107863105,-7.1466327889739825,0.0,2.4830539557210085,0.7467027882666518,0.0,0.0,0.0,-0.16096651369867665,0,0,0,0,0,0,0.5013927459328875,0.11861979357714439,0.9900334871221131,0.0,0.0,0.0
image_78.png,surface,0.0,0.0,2.5998950655200375,17.15513961449249,3.4893838005066913,0.0,0.33708383993890045,-0.18546159497968495,0.0,0.0,0.0,2.965393305081103,0,0,0,0,0,0,0.06340802469099736,0.11991288382739868,1.9319144807709139,0.0,0.0,0.0
image_79.png,surface,0.0,0.0,1.6226097815665457,6.649084543401437,-5.063106650648898,0.0,2.1610465054986085,1.6464953045935347,0.0,0.0,0.0,-0.020237671430351156,0,0,0,0,0,0,0.2398681256623816,0.08498056984060641,0.547720098734359,0.0,0.0,0.0
image_80.png,surface,0.0,0.0,1.0442069540517642,-10.160903712118412,-4.0341274807497145,0.0,-0.04568771867287433,1.2920379657588565,0.0,0.0,0.0,2.967833239171079,0,0,0,0,0,0,-0.010053605297348445,0.17773698531017412,0.2836182758779551,0.0,0.0,0.0
image_81.png,surface,0.0,0.0,1.4415174673279019,-15.169807334656658,2.540146853016742,0.0,0.6819357052643584,-2.008743588751734,0.0,0.0,0.0,-0.20915831963364528,0,0,0,0,0,0,0.13110321349380663,-0.31980387156376366,0.704320653700197,0.0,0.0,0.0
image_82.png,surface,0.0,0.0,0.8763784291271088,-4.658284756436842,-12.621864348863232,0.0,-1.3720742333625493,0.7487269652792946,0.0,0.0,0.0,1.9167188333245475,0,0,0,0,0,0,-0.14156772908941173,0.07189864949861934,0.27993828565146583,0.0,0.0,0.0
image_83.png,surface,0.0,0.0,0.7122480355270973,-16.714353397411134,-15.568001901307438,0.0,2.270574712087236,-1.842930183040137,0.0,0.0,0.0,0.5272771028757282,0,0,0,0,0,0,0.2533885963650221,-0.26002597678315925,0.6395903401774578,0.0,0.0,0.0
image_84.png,surface,0.0,0.0,1.4396908735079088,-12.918099365684446,19.987883626667582,0.0,-0.9631052358615486,-1.7059361350962552,0.0,0.0,0.0,1.4023394064098547,0,0,0,0,0,0,-0.2992827110103204,-0.6139583069591655,1.1323204878696276,0.0,0.0,0.0
image_85.png,surface,0.0,0.0,2.0642463740286714,22.17161181751587,-7.881800305796609,0.0,-2.1316462374284653,1.841749407338978,0.0,0.0,0.0,1.1965394878744728,0,0,0,0,0,0,-0.9888267168449936,1.3060636265240173,2.5694593894875326,0.0,0.0,0.0
image_86.png,surface,0.0,0.0,1.157088340218876,-3.1047630954892957,23.79313158530413,0.0,2.6114922860120027,0.4587167077545809,0.0,0.0,0.0,-1.3537245713203212,0,0,0,0,0,0,0.30694086145783156,0.02507368065547516,0.590115908467446,0.0,0.0,0.0
image_87.png,surface,0.0,0.0,2.789210398672986,-10.390812418848828,-4.600150847925725,0.0,-1.7052855219223972,1.8004623374340667,0.0,0.0,0.0,-0.19913306576170742,0,0,0,0,0,0,-0.8235738137860639,0.6845591469000474,1.6577239468445604,0.0,0.0,0.0
image_88.png,surface,0.0,0.0,2.2223782486325043,11.6434583777285,-8.967685917249508,0.0,-0.9859588883213277,2.6306848767319893,0.0,0.0,0.0,-0.28196651068743606,0,0,0,0,0,0,-0.07105095623857281,0.4737571202637278,1.5501378248104223,0.0,0.0,0.0
image_89.png,surface,0.0,0.0,2.215783632754748,12.542554245210402,16.850991575603768,0.0,-2.873598965903284,0.27687962786997117,0.0,0.0,0.0,-2.3012614910648725,0,0,0,0,0,0,-1.6975069674584815,0.39852192037485434,2.6918681906014252,0.0,0.0,0.0
image_90.png,surface,0.0,0.0,2.2292767131415947,-5.6435917074378255,-11.520872448448713,0.0,-0.9971294110290064,-0.6321160356586628,0.0,0.0,0.0,-1.2038566417630752,0,0,0,0,0,0,-0.41683349411162235,-0.4988072043817903,1.1447002608160206,0.0,0.0,0.0
image_91.png,surface,0.0,0.0,0.5042112455711063,12.027022673560092,3.483628562386952,0.0,2.4406724107205258,0.10069969038556575,0.0,0.0,0.0,-0.8248950936360471,0,0,0,0,0,0,0.05676954053916052,-0.012671340590993991,0.11876007294029825,0.0,0.0,0.0
image_92.png,surface,0.0,0.0,2.5325168835397522,7.528341961955829,-10.190508857820024,0.0,-1.65286379242428,-1.7358431319285614,0.0,0.0,0.0,-2.7162572530911415,0,0,0,0,0,0,-0.4621462467793871,-0.6187720005914982,1.223427042020578,0.0,0.0,0.0
image_93.png,surface,0.0,0.0,2.7940215698584505,-19.499442389120837,1.9792722375065583,0.0,0.370958460047896,2.0629528936078,0.0,0.0,0.0,-0.21370232240596376,0,0,0,0,0,0,0.26237992244687747,0.8104498202055063,2.1616905695486808,0.0,0.0,0.0
image_94.png,surface,0.0,0.0,0.5484949593402209,-15.849766414222854,5.677591202889655,0.0,1.5332795531163235,1.4368073880391958,0.0,0.0,0.0,0.7377131133821262,0,0,0,0,0,0,0.11142974154726958,0.06732092124042038,0.21565010687681202,0.0,0.0,0.0
image_95.png,surface,0.0,0.0,1.995734975963094,-21.91112891933399,5.313995695528319,0.0,-0.9110311217542678,0.21769035550925617,0.0,0.0,0.0,0.9416192917477346,0,0,0,0,0,0,-0.4973019056302425,-0.33923640667494276,1.825400200550318,0.0,0.0,0.0
image_96.png,surface,0.0,0.0,2.1914394253186966,21.425760231334376,-0.6513140277263145,0.0,-0.19877056449101757,-2.415409756449805,0.0,0.0,0.0,-2.434804070952149,0,0,0,0,0,0,0.0811228242158439,-0.5891316033952833,1.3076559445346432,0.0,0.0,0.0
image_97.png,surface,0.0,0.0,0.9906064523733533,6.525933339061856,-11.60192687187737,0.0,1.605127058765709,-1.0807538461843977,0.0,0.0,0.0,-2.8222208269169426,0,0,0,0,0,0,0.16563337555731564,-0.09348004261691188,0.3329475623423831,0.0,0.0,0.0
image_98.png,surface,0.0,0.0,2.595528157498227,-3.647735776499767,-14.529902618326505,0.0,1.319923575023366,1.8448981609593469,0.0,0.0,0.0,0.8587891862083805,0,0,0,0,0,0,1.1666002088808056,0.8106118497624127,2.5574882562325505,0.0,0.0,0.0
image_99.png,surface,0.0,0.0,2.0645785357227204,-12.710929170665574,-16.189142151164102,0.0,0.023668602959106874,1.9860618649386415,0.0,0.0,0.0,-1.4441518268140665,0,0,0,0,0,0,0.20864198677485565,0.8314759081433365,1.3465548703510548,0.0,0.0,0.0
image_100.png,surface,0.0,0.0,1.0626376833237607,-11.94232642309911,-8.404664539553567,0.0,-1.9926125969806032,0.9276485238968084,0.0,0.0,0.0,0.41038670071676675,0,0,0,0,0,0,-0.21064631589635235,0.05273354181145858,0.44815046026399397,0.0,0.0,0.0
image_101.png,surface,0.0,0.0,2.917975291793883,-14.787442632581884,13.950061017978758,0.0,-0.8377144266779433,1.492034995253494,0.0,0.0,0.0,0.0815440577068598,0,0,0,0,0,0,-0.8188894363859363,0.3938718294019213,3.1262588815840915,0.0,0.0,0.0
image_102.png,surface,0.0,0.0,1.0396640616850503,-23.843311600815728,5.411253402393431,0.0,1.0638571479370513,-0.07780850513276054,0.0,0.0,0.0,0.2170440797431059,0,0,0,0,0,0,0.39236454679542926,-0.12550998250185633,0.8430303823950193,0.0,0.0,0.0
image_103.png,surface,0.0,0.0,2.1964695173329787,3.871677920247095,16.877070420392926,0.0,0.2112885519371874,0.8150803594248113,0.0,0.0,0.0,2.3297249138794704,0,0,0,0,0,0,0.007049394450093642,0.3610191569124962,1.2592890826986254,0.0,0.0,0.0
image_104.png,surface,0.0,0.0,1.6847244471498084,-12.640412432547045,-17.476984286080842,0.0,-0.9793572437182304,-1.2564750055007745,0.0,0.0,0.0,1.819077104391484,0,0,0,0,0,0,-0.2518058307717368,-0.7532911410777887,1.3497837938143464,0.0,0.0,0.0
image_105.png,surface,0.0,0.0,2.308212056397848,15.035364499073696,-9.953589114477122,0.0,0.19041027349733422,-2.557621935461799,0.0,0.0,0.0,0.9763530527672284,0,0,0,0,0,0,0.20204002798286377,-0.8069779830007491,1.3826044833464701,0.0,0.0,0.0
image_106.png,surface,0.0,0.0,0.7443978098013366,16.1112519242871,12.782550106386594,0.0,1.8439002602465826,1.3069059982507352,0.0,0.0,0.0,-2.5462402707700917,0,0,0,0,0,0,0.16143295917513542,0.07016194434499332,0.28868719445449104,0.0,0.0,0.0
image_107.png,surface,0.0,0.0,2.8813631388333856,3.0677157673710647,-22.193882730690465,0.0,-0.13156399269586191,-2.970093900433287,0.0,0.0,0.0,-1.930881436382442,0,0,0,0,0,0,0.6646611044402362,-1.5846585051490256,3.6517293306723704,0.0,0.0,0.0
image_108.png,surface,0.0,0.0,1.0112225770197787,20.066085754773518,-9.132759889744586,0.0,-0.07848757131770809,-1.2995287121518664,0.0,0.0,0.0,-0.3830433409242575,0,0,0,0,0,0,0.031128737927939243,-0.2472586769400173,0.6192432097504117,0.0,0.0,0.0
image_109.png,surface,0.0,0.0,1.0509598480918818,-5.522070808445101,-7.08510265173551,0.0,0.5997075079276893,-2.4463759864417804,0.0,0.0,0.0,-0.05335077178947545,0,0,0,0,0,0,0.066019587919918,-0.12841235660370412,0.3190605118456979,0.0,0.0,0.0
image_110.png,surface,0.0,0.0,1.8850713387305846,-1.1396508893294928,1.9196114864434104,0.0,-2.0923819027650383,-1.6579254390628557,0.0,0.0,0.0,-0.8909839398842525,0,0,0,0,0,0,-0.33750345630817263,-0.22063863653271765,0.6994973655392643,0.0,0.0,0.0
image_111.png,surface,0.0,0.0,1.3743331585521774,-16.31145509312099,12.179191298690323,0.0,-1.9439747103344598,-0.7432808014266775,0.0,0.0,0.0,-1.5057823993220483,0,0,0,0,0,0,-0.4368067783868875,-0.1286247254404247,0.8754803932999617,0.0,0.0,0.0
image_112.png,surface,0.0,0.0,1.605324214128049,-21.146420554276336,2.5208042601523286,0.0,-0.1592502254476795,-0.5544961029369286,0.0,0.0,0.0,2.1293643586301725,0,0,0,0,0,0,0.047957797476543544,-0.5515942316780525,1.310715159710791,0.0,0.0,0.0
image_113.png,surface,0.0,0.0,0.5927462413155888,-4.292221063464311,-11.227172430382323,0.0,2.2122390076669483,1.852204210330301,0.0,0.0,0.0,-0.03499532195711508,0,0,0,0,0,0,0.07922654928388871,0.016352400427483774,0.17871622438522558,0.0,0.0,0.0
image_114.png,surface,0.0,0.0,1.0872111130015687,-2.9099116138436494,-24.348208598430222,0.0,1.3815886192236213,-0.5518324346198366,0.0,0.0,0.0,-0.4911882685440392,0,0,0,0,0,0,0.5506106683240848,-0.22763579642703657,1.2770325307202777,0.0,0.0,0.0
image_115.png,surface,0.0,0.0,2.433832791854717,-12.877798903960754,17.650306725764423,0.0,-0.09932369646863205,-1.7948097732907324,0.0,0.0,0.0,-1.35519276122911,0,0,0,0,0,0,-0.5132086998427592,-1.4365336011901702,3.1114362025043367,0.0,0.0,0.0
image_116.png,surface,0.0,0.0,2.755537885063666,-16.985960071862877,-5.475215224081374,0.0,0.5103925897626823,-1.800580352458422,0.0,0.0,0.0,1.3061668091413514,0,0,0,0,0,0,0.7851947919288833,-1.7957200936968927,4.153976540467268,0.0,0.0,0.0
image_117.png,surface,0.0,0.0,1.0836936073459045,6.776890236949948,3.7245160782973143,0.0,2.2850279949671326,-1.4782223052981482,0.0,0.0,0.0,0.5362505670381745,0,0,0,0,0,0,0.1610129175369175,-0.12536840327737594,0.30434948295485315,0.0,0.0,0.0
image_118.png,surface,0.0,0.0,2.4333724992870915,9.751782840097153,16.72880928254188,0.0,0.030165721571554317,-2.137812588819148,0.0,0.0,0.0,-2.01023455718458,0,0,0,0,0,0,-0.007939700096316494,-0.8528968448072191,1.3865479680187887,0.0,0.0,0.0
image_119.png,surface,0.0,0.0,0.5723667326985402,7.053742872878113,4.949235710906339,0.0,0.0804022531795049,0.507550049284632,0.0,0.0,0.0,-1.28929358187458,0,0,0,0,0,0,8.218205965143666e-05,0.0465087752418046,0.09616207470481734,0.0,0.0,0.0
image_120.png,surface,0.0,0.0,0.6118107001425508,-16.488834069411684,-12.65048164558403,0.0,2.0556666206067655,0.336185347202172,0.0,0.0,0.0,2.6860435076233617,0,0,0,0,0,0,0.25521182057728714,0.013690711007252642,0.4364941805417396,0.0,0.0,0.0
image_121.png,surface,0.0,0.0,1.4825230459663565,5.539362152417422,15.220671230084196,0.0,-0.8538735056114033,-1.9953155161160936,0.0,0.0,0.0,1.5022464167320262,0,0,0,0,0,0,-0.09181866709046758,-0.2657678008870856,0.5776423493623674,0.0,0.0,0.0
image_122.png,surface,0.0,0.0,0.8697778643366267,-15.095069577077897,-12.6635659671096,0.0,2.3845391456513636,1.5179880011214968,0.0,0.0,0.0,0.09312229696143426,0,0,0,0,0,0,0.244897972091043,0.07170987719931211,0.5476307785832302,0.0,0.0,0.0
image_123.png,surface,0.0,0.0,0.915346421609222,-21.573452548152655,12.749264020900291,0.0,0.8771074318814236,1.4323931184395073,0.0,0.0,0.0,1.8946214396942143,0,0,0,0,0,0,0.19339264903954947,0.27298676823309076,0.5071687501220729,0.0,0.0,0.0
image_124.png,surface,0.0,0.0,2.068492562042004,-6.877228716477524,-12.122188355950136,0.0,-0.5771598085293429,0.6899726927053396,0.0,0.0,0.0,-1.8826724822123153,0,0,0,0,0,0,-0.19907234249545372,0.1972906493134086,1.0865662404541139,0.0,0.0,0.0
image_125.png,surface,0.0,0.0,2.6454106721795303,12.58897610827818,17.37524693241905,0.0,0.308888730092642,0.18832352835658273,0.0,0.0,0.0,2.4720207459388623,0,0,0,0,0,0,-0.22204679383798667,0.283418010872306,2.4852617490263613,0.0,0.0,0.0
image_126.png,surface,0.0,0.0,2.4474181044326286,19.56246290750374,0.3191130869701696,0.0,-2.616612220601365,-0.5606162112846172,0.0,0.0,0.0,0.3822636543735305,0,0,0,0,0,0,-0.9483474867967231,-0.021184971289747456,1.8991563153445787,0.0,0.0,0.0
image_127.png,surface,0.0,0.0,1.3412345208935592,0.728243646659492,-23.094805284650597,0.0,-0.4746298159736432,1.7359587335023903,0.0,0.0,0.0,2.535764115466863,0,0,0,0,0,0,-0.08006358878033754,0.4999398381776331,0.9036832310187489,0.0,0.0,0.0
image_128.png,surface,0.0,0.0,2.688039917558522,-13.598481567304622,-21.055258056776285,0.0,-2.4761970869150485,-1.0624419336967674,0.0,0.0,0.0,-2.8936827017990727,0,0,0,0,0,0,-0.7397846383015315,-0.9871517040744802,2.599698726652046,0.0,0.0,0.0
image_129.png,surface,0.0,0.0,2.603364800915216,23.048454009311147,-5.892857537068403,0.0,2.3262838839938427,0.21700210646768475,0.0,0.0,0.0,-2.326951277140771,0,0,0,0,0,0,1.6958633262654546,1.007608328909401,4.128118356715603,0.0,0.0,0.0
image_130.png,surface,0.0,0.0,1.8105292420595716,3.7051531170774195,6.268852536745752,0.0,0.02744088680368502,-1.0121197178753147,0.0,0.0,0.0,-2.2070917990239733,0,0,0,0,0,0,0.02414326285757451,-0.39605686876640167,0.5614307419325653,0.0,0.0,0.0
image_131.png,surface,0.0,0.0,1.6896901566625695,-5.791056471743533,-18.601717610451228,0.0,1.924814584664151,0.002419946188993747,0.0,0.0,0.0,1.6210933494323463,0,0,0,0,0,0,0.8306353833561053,-0.09477313286716599,1.4347808496281147,0.0,0.0,0.0
image_132.png,surface,0.0,0.0,0.6461560466428171,-13.649498864585661,-2.013471208808561,0.0,0.23137937343905615,2.563378157341389,0.0,0.0,0.0,-0.5588692021357957,0,0,0,0,0,0,-0.023507112840273143,0.0558530040575096,0.23108909499935315,0.0,0.0,0.0
image_133.png,surface,0.0,0.0,0.8763126741410714,-14.833526528709108,19.30592442854486,0.0,0.9513135219085228,0.8059353131025158,0.0,0.0,0.0,-0.3991036751061987,0,0,0,0,0,0,0.2487742259045982,0.163605805604538,0.5304947075892505,0.0,0.0,0.0
image_134.png,surface,0.0,0.0,0.7135329988206172,-9.351682237327084,-11.873207779920563,0.0,-0.2577802423338452,1.5761416101069698,0.0,0.0,0.0,0.5121196911798078,0,0,0,0,0,0,-0.05479717110752793,0.11483805518102416,0.3041217165694759,0.0,0.0,0.0
image_135.png,surface,0.0,0.0,1.816931255184035,18.517849862443537,-9.509815181202848,0.0,-1.077685957489194,2.5060819057568544,0.0,0.0,0.0,2.2711930965380844,0,0,0,0,0,0,-0.15456314774427984,0.7239181713055928,1.5915377148584275,0.0,0.0,0.0
image_136.png,surface,0.0,0.0,2.191596240580647,8.35986116152568,10.820438196429194,0.0,2.351677185298691,-1.7974818160037314,0.0,0.0,0.0,0.40696956603575796,0,0,0,0,0,0,0.5224100467437232,-0.42759285446815914,1.0089581941424384,0.0,0.0,0.0
image_137.png,surface,0.0,0.0,2.046955026117123,13.48593777759362,11.186942008596734,0.0,2.215732043526496,0.4811750244104692,0.0,0.0,0.0,-2.600000121817965,0,0,0,0,0,0,0.5598378873549396,0.08539586889908213,0.9394023594549894,0.0,0.0,0.0
image_138.png,surface,0.0,0.0,2.682213109077005,18.100056351257496,-11.524905639773623,0.0,0.33305602706856224,-1.6994520198101504,0.0,0.0,0.0,0.6896817772516499,0,0,0,0,0,0,0.5134263301118358,-0.7116007787758002,2.4062625413608614,0.0,0.0,0.0
image_139.png,surface,0.0,0.0,2.146756009845367,-18.92864743905233,16.311154711672398,0.0,0.9072052974492855,1.6998400682903014,0.0,0.0,0.0,1.6229861368172305,0,0,0,0,0,0,0.4533588539566665,0.607558926012652,1.3224384295463907,0.0,0.0,0.0
image_140.png,surface,0.0,0.0,2.5742692275389283,-0.44439718360361763,-24.236460581033665,0.0,-0.010212250735423624,-1.5070609037121205,0.0,0.0,0.0,2.3952597950695207,0,0,0,0,0,0,0.9785965723083939,-0.8805834487056042,3.577164868510393,0.0,0.0,0.0
image_141.png,surface,0.0,0.0,0.8510629614342342,13.901485103454473,15.533503697603676,0.0,-0.09873532601631721,-1.5178402374195432,0.0,0.0,0.0,-2.651658492905061,0,0,0,0,0,0,0.035962260547433456,-0.21772053140592734,0.4178039389181253,0.0,0.0,0.0
image_142.png,surface,0.0,0.0,0.9291201865305463,2.5287841279551255,-4.984923929980782,0.0,0.47190501651013295,2.5673842834840115,0.0,0.0,0.0,1.2561498828493391,0,0,0,0,0,0,0.011952924009290877,0.13367438444689153,0.266312496596831,0.0,0.0,0.0
image_143.png,surface,0.0,0.0,2.7960306942951583,8.212674264458798,-1.423554855879087,0.0,1.0273818747960075,-0.5037467681644989,0.0,0.0,0.0,-2.10380281286966,0,0,0,0,0,0,0.6585141907563142,-0.23962283743304205,1.7292917179361769,0.0,0.0,0.0
image_144.png,surface,0.0,0.0,1.3867617049482912,14.617472735580842,19.339162273212306,0.0,0.6793629419620849,-2.2686358407788467,0.0,0.0,0.0,-1.654622598711188,0,0,0,0,0,0,0.17280147742690574,-0.3955172946108824,0.6643811481231409,0.0,0.0,0.0
image_145.png,surface,0.0,0.0,1.0424969168643603,-15.67119037619547,3.2959223222438028,0.0,1.1860254488924196,1.3806872538695103,0.0,0.0,0.0,0.5685572739012787,0,0,0,0,0,0,0.14937959042627083,0.13759140965751537,0.44962424275761176,0.0,0.0,0.0
image_146.png,surface,0.0,0.0,2.780173088228562,-18.95666308541297,4.398755722584698,0.0,2.093459130804701,0.424711308067481,0.0,0.0,0.0,-1.8176051852837027,0,0,0,0,0,0,1.163003982826062,-0.19866082158588005,2.5798763521128785,0.0,0.0,0.0
image_147.png,surface,0.0,0.0,2.92526131097208,23.05961583478793,-2.0270805112039487,0.0,2.509099144361489,0.9383278876404165,0.0,0.0,0.0,-1.768365994420592,0,0,0,0,0,0,1.8468500325249073,1.7116409115854772,5.427690827573128,0.0,0.0,0.0
image_148.png,surface,0.0,0.0,2.0944241146627185,10.487147315289407,20.896184772447228,0.0,-0.9315203071914879,0.9363269129804362,0.0,0.0,0.0,-1.3171261058333186,0,0,0,0,0,0,-0.8575332671019933,0.7514317339296139,2.340567570205937,0.0,0.0,0.0
image_149.png,surface,0.0,0.0,1.470846502778502,-9.820586834221684,-12.007545210467079,0.0,-0.8083437460578446,2.1668354991351673,0.0,0.0,0.0,-2.600602858213515,0,0,0,0,0,0,-0.17714799524846586,0.33556635855591227,0.5962522028499658,0.0,0.0,0.0
image_150.png,surface,0.0,0.0,2.2209643884965544,13.06375617328406,14.036064127495093,0.0,0.09387582390356186,0.9738701519842183,0.0,0.0,0.0,-2.595474878296839,0,0,0,0,0,0,0.005259651817686495,0.7067870851434676,1.6607831620207079,0.0,0.0,0.0
image_151.png,surface,0.0,0.0,0.5388946922570255,-5.236204086539658,20.046318897781177,0.0,0.23245435278717788,2.0143013348237013,0.0,0.0,0.0,-1.9200876560929672,0,0,0,0,0,0,-0.00748769876823403,0.12801121546767633,0.2228627090804291,0.0,0.0,0.0
image_152.png,surface,0.0,0.0,0.8617807169544083,16.396899086787688,-2.083218474469017,0.0,-0.43624642712712175,0.12674913276652,0.0,0.0,0.0,0.024901604345779482,0,0,0,0,0,0,-0.12954632003041147,0.07982708606952053,0.3449856857107109,0.0,0.0,0.0
image_153.png,surface,0.0,0.0,1.4217861102933933,-17.292366417019476,7.154643173509148,0.0,0.673704906724143,-2.6516874759905305,0.0,0.0,0.0,2.066181381872786,0,0,0,0,0,0,0.194808006733545,-0.4775231276349067,0.8150374470313847,0.0,0.0,0.0
image_154.png,surface,0.0,0.0,2.5805612535331943,1.2889289698330395,18.280843487547333,0.0,-0.07249370875177685,1.7423543377615363,0.0,0.0,0.0,2.684228949341084,0,0,0,0,0,0,-0.26130242433144857,0.7985681770666149,2.0731475037351146,0.0,0.0,0.0
image_155.png,surface,0.0,0.0,1.2607897659289387,9.09239749982667,-20.27019128898126,0.0,1.1902377954763443,-0.4619449427102793,0.0,0.0,0.0,0.7668891362405992,0,0,0,0,0,0,0.5491496539302827,-0.14192373392661498,1.0517805075971642,0.0,0.0,0.0
image_156.png,surface,0.0,0.0,0.6446797293721893,10.245988848552043,19.99760078197414,0.0,-1.6732693144217305,2.3155609484012984,0.0,0.0,0.0,-0.9341913322353861,0,0,0,0,0,0,-0.12927237983157375,0.15538319886721644,0.3577807973598521,0.0,0.0,0.0
image_157.png,surface,0.0,0.0,1.4468381833347097,14.151955104443664,-19.74056104382692,0.0,-2.077319078185099,-0.888382946111118,0.0,0.0,0.0,-1.428585498712918,0,0,0,0,0,0,-0.4017424329356446,-0.1425309514893865,1.0167134162641605,0.0,0.0,0.0
image_158.png,surface,0.0,0.0,1.1031353812045468,2.2319539341903756,24.153628791562614,0.0,1.6401599480241418,-2.1186293902317384,0.0,0.0,0.0,-1.100023620617532,0,0,0,0,0,0,0.2333879180698734,-0.3284606545894919,0.5899685302180843,0.0,0.0,0.0
image_159.png,surface,0.0,0.0,0.6401498451768832,23.891990658380227,4.491735144488202,0.0,0.6658678450021196,2.39018586797888,0.0,0.0,0.0,-0.17790845264198563,0,0,0,0,0,0,0.044323524171961524,0.1924769556810756,0.4206353877088951,0.0,0.0,0.0
image_160.png,surface,0.0,0.0,1.4973106438681305,0.10392053771543058,-3.1524327786098025,0.0,-2.5973199777612703,-0.4112895553543297,0.0,0.0,0.0,0.32816101658218777,0,0,0,0,0,0,-0.21701542551933178,-0.02038740832517466,0.4181031614244055,0.0,0.0,0.0
image_161.png,surface,0.0,0.0,1.378553479850254,-11.018311449564724,1.6503707202252478,0.0,-0.6041865827103143,-0.9974164393199452,0.0,0.0,0.0,0.2193510961925007,0,0,0,0,0,0,-0.13049445749638913,-0.2714309698663007,0.6073859596881187,0.0,0.0,0.0
image_162.png,surface,0.0,0.0,2.3345999523480265,-17.401842574871758,2.762155295186795,0.0,2.636588526222246,1.066114646325068,0.0,0.0,0.0,-2.4364347780590716,0,0,0,0,0,0,0.8680434393974056,0.15902021183386789,1.5087111387170775,0.0,0.0,0.0
image_163.png,surface,0.0,0.0,0.6580120530422899,6.833483769534665,0.0756773862115138,0.0,1.3607577824514117,-1.3507880524530689,0.0,0.0,0.0,-0.793783492749812,0,0,0,0,0,0,0.030042108472549185,-0.020269425638107696,0.10138953654960604,0.0,0.0,0.0
image_164.png,surface,0.0,0.0,1.4476361155597777,9.618163456539882,23.144304582207067,0.0,-1.5610849909733762,1.4393193527125958,0.0,0.0,0.0,-0.3927425271092102,0,0,0,0,0,0,-0.5847344857593177,0.3907256244134686,1.3487119520008044,0.0,0.0,0.0
image_165.png,surface,0.0,0.0,1.3560838070366166,8.388534463423486,21.759129913039228,0.0,1.1892196115027043,-1.16861517454654,0.0,0.0,0.0,-0.03841420266929063,0,0,0,0,0,0,0.29181479681200256,-0.2203208698288837,0.6092147897824727,0.0,0.0,0.0
image_166.png,surface,0.0,0.0,2.117053812335866,-1.7244680251520716,-5.165452858326124,0.0,-1.228745633266933,2.5345722945131226,0.0,0.0,0.0,-1.923184623150974,0,0,0,0,0,0,-0.27043072051272254,0.44146761846723603,0.84265523776028,0.0,0.0,0.0
image_167.png,surface,0.0,0.0,2.719801927608204,18.617267754445788,14.660828368684175,0.0,-0.9172598664628132,1.6910207035843112,0.0,0.0,0.0,1.8306074767465237,0,0,0,0,0,0,-1.1879964603000344,1.7548099902320402,5.333732727597399,0.0,0.0,0.0
image_168.png,surface,0.0,0.0,0.857474475319153,-14.01681947631946,1.9094567573008183,0.0,-1.7295150224497535,0.8991079187378049,0.0,0.0,0.0,1.5356684990895912,0,0,0,0,0,0,-0.15875747656648595,0.09599071419769722,0.266098128234123,0.0,0.0,0.0
image_169.png,surface,0.0,0.0,2.540634378499559,14.101668961840982,20.333615302916847,0.0,2.079593042810926,2.0193466453783975,0.0,0.0,0.0,1.201728534535908,0,0,0,0,0,0,0.754148236060595,1.340311640925821,2.624630213835756,0.0,0.0,0.0
image_170.png,surface,0.0,0.0,2.0243085068781657,-9.66594800522526,-10.635851396795518,0.0,2.149129430822274,0.2106346630036565,0.0,0.0,0.0,-0.31125463409423704,0,0,0,0,0,0,0.6672635363291957,-0.10899240631247878,1.5659608895828145,0.0,0.0,0.0
image_171.png,surface,0.0,0.0,0.5731067350349406,-7.043117212168978,-9.495663772061134,0.0,1.1940026454084098,1.7261918960822762,0.0,0.0,0.0,-0.5822891222110407,0,0,0,0,0,0,0.067539956023468,0.06307354450600894,0.16109782457515195,0.0,0.0,0.0
image_172.png,surface,0.0,0.0,2.417221697915609,5.271443383421415,12.279832200678872,0.0,-0.7539339575004669,1.2643950966773971,0.0,0.0,0.0,2.2046181174342605,0,0,0,0,0,0,-0.5243306719155748,0.6218725856076185,1.6823606775295459,0.0,0.0,0.0
image_173.png,surface,0.0,0.0,1.8442200825848147,-16.752225607284668,9.259438237869931,0.0,-0.23530628121399583,0.9147037729429509,0.0,0.0,0.0,-2.1010306115462294,0,0,0,0,0,0,-0.20984732364974185,0.34441820629092457,0.9807218613669789,0.0,0.0,0.0
image_174.png,surface,0.0,0.0,2.4998220614503115,9.18482862612983,16.259613228375866,0.0,-0.4490480067378723,0.23663999556350335,0.0,0.0,0.0,1.9195648597867168,0,0,0,0,0,0,-0.5861041867535062,0.165175761893776,2.1555654401850513,0.0,0.0,0.0
image_175.png,surface,0.0,0.0,1.522170082173616,-17.192207181433965,6.001445179093045,0.0,-0.34287846043544506,2.925020441327682,0.0,0.0,0.0,-0.1492086664831911,0,0,0,0,0,0,-0.0858437269758158,0.3297301483023323,0.7205322611299984,0.0,0.0,0.0
image_176.png,surface,0.0,0.0,2.1637569844701288,6.033673537148504,2.3393366613253557,0.0,1.4229721024843256,0.1372889403863846,0.0,0.0,0.0,1.8378551330513533,0,0,0,0,0,0,0.5242210958360402,0.049283728041620026,0.8597600467013653,0.0,0.0,0.0
image_177.png,surface,0.0,0.0,0.9970105134638464,5.441130940929871,20.37427426171927,0.0,-0.7591351239212006,-1.943165265578817,0.0,0.0,0.0,-2.5724457497112283,0,0,0,0,0,0,-0.075707939618816,-0.21510760816301724,0.42962099491241024,0.0,0.0,0.0
image_178.png,surface,0.0,0.0,0.979611436869972,8.012516589800098,11.475892780717492,0.0,-1.1228627337280532,-0.4938461025109567,0.0,0.0,0.0,-0.38883873602455754,0,0,0,0,0,0,-0.13310754261530333,0.054997236300650475,0.3213381756994716,0.0,0.0,0.0
image_179.png,surface,0.0,0.0,1.3506560203140379,-18.161012544716417,-0.4669640023802708,0.0,1.3737012457843567,-1.413047785179414,0.0,0.0,0.0,1.0197222343840977,0,0,0,0,0,0,0.29752340617778417,-0.3772378436279708,0.8502921106817569,0.0,0.0,0.0
image_180.png,surface,0.0,0.0,1.798601265819287,20.12680436636706,-2.3599649290254967,0.0,1.2240967343005262,0.3261189806105621,0.0,0.0,0.0,2.712729395741385,0,0,0,0,0,0,0.5866977238509887,0.3537828854390545,1.3261898758937825,0.0,0.0,0.0
image_181.png,surface,0.0,0.0,2.291316976448318,-20.58301180136723,-10.197608027673942,0.0,0.10654253210238747,1.7224333651159962,0.0,0.0,0.0,-1.3998412507965976,0,0,0,0,0,0,0.23010824513378686,0.612495321639535,1.816825466041992,0.0,0.0,0.0
image_182.png,surface,0.0,0.0,2.167012056930819,13.49611572197575,-3.0070624233389225,0.0,-1.7731344323173677,0.7280715966577403,0.0,0.0,0.0,-1.0749165093441073,0,0,0,0,0,0,-0.8373743122475157,0.41584177883628776,1.2709699254624383,0.0,0.0,0.0
image_183.png,surface,0.0,0.0,2.553361407920879,17.01605596643582,2.496037891852514,0.0,1.410649553894303,2.342279419898628,0.0,0.0,0.0,1.5466165150406077,0,0,0,0,0,0,0.7566289167500713,1.6039274376008044,3.1107796993935417,0.0,0.0,0.0
image_184.png,surface,0.0,0.0,1.5659922894576987,-6.21100269564335,-19.105073714298207,0.0,-0.10673583749831665,-2.347461908364514,0.0,0.0,0.0,-1.3328717033681048,0,0,0,0,0,0,0.15525408580134897,-0.726718293745316,1.223293061793886,0.0,0.0,0.0
image_185.png,surface,0.0,0.0,2.7813231361145867,16.92466936645901,-9.790935402074304,0.0,1.3910362724631604,-0.8753134105604659,0.0,0.0,0.0,1.5759563836561483,0,0,0,0,0,0,1.2010299262047401,-0.052313523445500186,3.0748997946852694,0.0,0.0,0.0
image_186.png,surface,0.0,0.0,0.7729193102505634,-22.439536754690426,-3.6083879488805026,0.0,-1.453055266544297,1.1577512200022726,0.0,0.0,0.0,1.9138035560416675,0,0,0,0,0,0,-0.20739555887014322,0.18251921689262227,0.45947178941951655,0.0,0.0,0.0
image_187.png,surface,0.0,0.0,0.968008272011017,11.86933179753956,5.559035777885612,0.0,-1.3132497334545663,-2.535637541900508,0.0,0.0,0.0,0.019213264641201988,0,0,0,0,0,0,-0.06214789977634317,-0.1273300620876763,0.3209630310647322,0.0,0.0,0.0
image_188.png,surface,0.0,0.0,2.2092939382248713,-5.8043966458225755,-2.430133139885098,0.0,2.2950373707264107,-1.711011590032543,0.0,0.0,0.0,0.7197475253683128,0,0,0,0,0,0,0.5754479130187152,-0.5021107196196659,1.1847000574950894,0.0,0.0,0.0
image_189.png,surface,0.0,0.0,1.1344317001554343,0.09567177822278024,12.914129738752841,0.0,2.0759459711502197,1.4863541174287735,0.0,0.0,0.0,1.2947314679501654,0,0,0,0,0,0,0.19626902112734676,0.05648539126018868,0.3144158639870219,0.0,0.0,0.0
image_190.png,surface,0.0,0.0,0.9114763655085516,-18.246997596827065,-15.828309343278747,0.0,-1.6315282084911884,-2.120840949844916,0.0,0.0,0.0,-0.21706552318510397,0,0,0,0,0,0,-0.19329981374994315,-0.4745971569956455,0.8862390055033751,0.0,0.0,0.0
image_191.png,surface,0.0,0.0,2.716234362332143,-15.735188075496197,-8.58161952069499,0.0,1.6450326646632423,2.1983006771710625,0.0,0.0,0.0,1.4789668463833445,0,0,0,0,0,0,1.0827395045665762,0.7639237408362659,2.3553053951421203,0.0,0.0,0.0
image_192.png,surface,0.0,0.0,0.6710021162054032,1.3914450699908316,-8.939210233434826,0.0,-1.6535472368647333,0.9757429615934945,0.0,0.0,0.0,-2.786469929593217,0,0,0,0,0,0,-0.07730896789202371,0.00025169639907618907,0.14622601941227623,0.0,0.0,0.0
image_193.png,surface,0.0,0.0,2.9786777685892805,17.472056865322426,-16.999859142259094,0.0,-1.395073760282037,2.4766656138734953,0.0,0.0,0.0,0.41033603395714735,0,0,0,0,0,0,0.37460256868078295,2.5078163997583736,6.411543360237155,0.0,0.0,0.0
image_194.png,surface,0.0,0.0,2.6564732784252674,3.324578539619353,0.34769272036989285,0.0,-1.801678486720017,-1.1073349225387896,0.0,0.0,0.0,2.6746676281087964,0,0,0,0,0,0,-0.7123266990380193,-0.512060592895648,1.248280374072052,0.0,0.0,0.0
image_195.png,surface,0.0,0.0,2.670644368380757,14.997768885465513,-4.5329027377049735,0.0,1.0542102132649651,0.7231200904540572,0.0,0.0,0.0,0.3907843678541445,0,0,0,0,0,0,0.8712120143639625,0.8363367948504971,2.80691477825856,0.0,0.0,0.0
image_196.png,surface,0.0,0.0,2.071782656364437,14.490978192139126,1.6546182235250395,0.0,-0.2659767545221077,-0.4879138818056928,0.0,0.0,0.0,0.8027544760648793,0,0,0,0,0,0,-0.1837042973406512,-0.23985880280717617,1.024198444928719,0.0,0.0,0.0
image_197.png,surface,0.0,0.0,1.0621391995873601,-8.696532729621222,-21.292417127218844,0.0,0.8067943164571872,1.0385840499077268,0.0,0.0,0.0,0.32266038183241097,0,0,0,0,0,0,0.41785924796727053,0.2795953718113359,0.9287375334102599,0.0,0.0,0.0
image_198.png,surface,0.0,0.0,2.4952288868180483,13.202674202797139,5.55839294581718,0.0,0.9996008151324552,-2.1889790605514974,0.0,0.0,0.0,0.14623299276475255,0,0,0,0,0,0,0.3606574906699439,-0.629673600876487,1.3758295498833821,0.0,0.0,0.0
image_199.png,surface,0.0,0.0,0.6345014129357662,18.38449640490148,-6.2129982910782005,0.0,-0.09653845966223121,-2.1605518508234955,0.0,0.0,0.0,-2.3469860672014784,0,0,0,0,0,0,0.0570160867181145,-0.12193589363497391,0.3305158212279126,0.0,0.0,0.0
image_200.png,surface,0.0,0.0,1.9552883623696125,-2.507897057333066,16.629732385318043,0.0,-2.404225202587235,-0.2839450838803559,0.0,0.0,0.0,2.7479541647820396,0,0,0,0,0,0,-0.8109177765997552,-0.13679856600042523,1.292654625152632,0.0,0.0,0.0
image_201.png,surface,0.0,0.0,1.5978990878455042,11.387593669370975,-6.448902334513887,0.0,1.597355859707872,-1.9198683337107572,0.0,0.0,0.0,-0.02333491165985624,0,0,0,0,0,0,0.25392886731273,-0.2433982834191857,0.5776423493623674,0.0,0.0,0.0
image_202.png,surface,0.0,0.0,2.376017079949407,19.28966255006126,16.108158128332807,0.0,2.5396717759180305,1.5589109779984613,0.0,0.0,0.0,-0.3235295045304367,0,0,0,0,0,0,0.6847043956552041,0.7278226116962633,2.354349669525045,0.0,0.0,0.0
image_203.png,surface,0.0,0.0,0.5594203304902514,16.189318904034792,0.842849018222869,0.0,2.1145585442641046,1.1260158597291126,0.0,0.0,0.0,-0.4788700211758652,0,0,0,0,0,0,0.09366928532261672,-0.003704656373903298,0.1961336538552603,0.0,0.0,0.0
image_204.png,surface,0.0,0.0,1.466963759366849,2.1050159591551076,14.966932506011082,0.0,-0.3035531031383613,2.745459785769342,0.0,0.0,0.0,0.16954420912275925,0,0,0,0,0,0,-0.08565805639660345,0.31768018319655783,0.5416686584954108,0.0,0.0,0.0
image_205.png,surface,0.0,0.0,1.6927360038187351,8.662676596773192,-17.632073976949926,0.0,2.7231982479980843,-1.0635009042836543,0.0,0.0,0.0,-2.4606701100165944,0,0,0,0,0,0,0.6522881387927272,-0.24037635352777664,1.2686900286048863,0.0,0.0,0.0
image_206.png,surface,0.0,0.0,0.8808980636938886,11.194278070304673,8.389543179407006,0.0,2.631312635729069,-1.0184663918092682,0.0,0.0,0.0,-2.8826530682701152,0,0,0,0,0,0,0.1364404817011639,-0.07062443647829596,0.22246076840035126,0.0,0.0,0.0
image_207.png,surface,0.0,0.0,1.536800466958621,17.704926809119463,0.3268090982016293,0.0,-1.7111866208413518,-0.6874011052042559,0.0,0.0,0.0,0.8722999236330455,0,0,0,0,0,0,-0.3851964449258396,-0.07260654562102124,0.7982407926116922,0.0,0.0,0.0
image_208.png,surface,0.0,0.0,2.7761942151533083,-17.041990957263483,-0.30132118085960774,0.0,-1.8427017981021012,0.466586226617834,0.0,0.0,0.0,-1.703579155753568,0,0,0,0,0,0,-0.9656483322433258,-0.20457254075918282,2.3659545901604004,0.0,0.0,0.0
image_209.png,surface,0.0,0.0,1.671585560487555,20.070840829189056,4.716441239308124,0.0,1.1038748824625224,1.265422421183714,0.0,0.0,0.0,1.2972383572248845,0,0,0,0,0,0,0.3346514344602719,0.5635561030441498,1.2075258221159484,0.0,0.0,0.0
image_210.png,surface,0.0,0.0,1.1294404440416665,16.335233241470913,4.346470172069803,0.0,-0.8035525359085471,0.13414065401747807,0.0,0.0,0.0,-2.7055996397638493,0,0,0,0,0,0,-0.25687372445023665,0.09431536004134601,0.43898621275822175,0.0,0.0,0.0
image_211.png,surface,0.0,0.0,1.8308376525791905,-11.29809552661804,-6.092839945712069,0.0,1.9939568937990657,1.1792270123480684,0.0,0.0,0.0,1.9410321991214188,0,0,0,0,0,0,0.49166786887414393,0.18726212091271502,0.9079705982729108,0.0,0.0,0.0
image_212.png,surface,0.0,0.0,0.6521060864596946,-14.254083573243575,-19.46658597526602,0.0,0.021045537642632894,0.5381413324867621,0.0,0.0,0.0,1.148172190094562,0,0,0,0,0,0,0.10760371010350114,0.2583616343442674,0.5622993804022892,0.0,0.0,0.0
image_213.png,surface,0.0,0.0,1.2356713569091857,-12.08542986041328,-3.1679109235972533,0.0,0.6097993779851568,1.8894390501327936,0.0,0.0,0.0,-2.9670821342945493,0,0,0,0,0,0,0.034552990413412206,0.24180944990001702,0.37438094744706213,0.0,0.0,0.0
image_214.png,surface,0.0,0.0,2.459091854225846,19.76597980150827,8.356530742304816,0.0,-0.6415605849264023,-0.9881376561246714,0.0,0.0,0.0,-0.2506845021906594,0,0,0,0,0,0,-0.5489487644511347,-0.1946950301979351,2.3534162739457547,0.0,0.0,0.0
image_215.png,surface,0.0,0.0,2.1047856256156314,-7.397771110652961,-1.7743410427361206,0.0,-0.45794962053770455,2.107691619115889,0.0,0.0,0.0,2.378581135799749,0,0,0,0,0,0,-0.12136463942512156,0.5033377395651617,0.7694238788538972,0.0,0.0,0.0
image_216.png,surface,0.0,0.0,0.5599621289692756,-15.783637540566113,6.597424119047232,0.0,0.3432232662739728,2.2368792986087103,0.0,0.0,0.0,2.7147274218405153,0,0,0,0,0,0,0.025181191833171208,0.1427826478884625,0.21105235209747839,0.0,0.0,0.0
image_217.png,surface,0.0,0.0,1.9246899967629523,18.820262681124504,-0.29565801851291257,0.0,-2.566897332788536,-0.45314497834435286,0.0,0.0,0.0,-0.3867171472848998,0,0,0,0,0,0,-0.5388495024539801,0.06565343259654031,1.30405634244417,0.0,0.0,0.0
image_218.png,surface,0.0,0.0,1.043350201108605,15.416014140026382,-5.9884603701258,0.0,0.19233956291080068,0.8745361161307236,0.0,0.0,0.0,2.5138179798269196,0,0,0,0,0,0,-0.00580753221536201,0.266201977175492,0.4210596584267552,0.0,0.0,0.0
image_219.png,surface,0.0,0.0,2.9393745395714435,19.86205864923427,-12.2843043456859,0.0,-0.06755547157712033,-0.3400384290802107,0.0,0.0,0.0,-1.1592977275872276,0,0,0,0,0,0,0.7380268553589892,0.4758713700159683,4.332706162875166,0.0,0.0,0.0
image_220.png,surface,0.0,0.0,2.4592174892336334,19.876959222441442,-6.934843598603534,0.0,-2.7149818503740786,-0.16856252749493106,0.0,0.0,0.0,1.9889799888245943,0,0,0,0,0,0,-1.1321796228968313,0.1272089331956208,1.8314963008648293,0.0,0.0,0.0
image_221.png,surface,0.0,0.0,0.8197702480692616,-16.77186259001878,-16.43842447331592,0.0,1.373449099045672,1.9648526475028398,0.0,0.0,0.0,-2.2144546824034426,0,0,0,0,0,0,0.17793329048513426,0.29422522500764176,0.5581482263785982,0.0,0.0,0.0
image_222.png,surface,0.0,0.0,1.4638641942024866,19.388630829997272,-10.509918641306768,0.0,-0.9794534380768076,0.9293891909822063,0.0,0.0,0.0,2.3784332404864443,0,0,0,0,0,0,-0.46255715707764317,0.5165046074418371,1.100366203803449,0.0,0.0,0.0
image_223.png,surface,0.0,0.0,1.7249240787616764,-8.14516190095816,-6.427039022071788,0.0,-2.402913301121954,1.0551692194384568,0.0,0.0,0.0,1.526066252688313,0,0,0,0,0,0,-0.3628611873805945,0.1565630257378862,0.6173831176031634,0.0,0.0,0.0
image_224.png,surface,0.0,0.0,0.9559292844805624,-22.635439476944025,-2.0686142621337855,0.0,1.4258444374939712,-1.5609152583190216,0.0,0.0,0.0,0.7909803664257544,0,0,0,0,0,0,0.26466275743719253,-0.34966450310916986,0.7714224172353946,0.0,0.0,0.0
image_225.png,surface,0.0,0.0,2.260709633659558,14.842017859735101,-4.15556411532375,0.0,0.8383329870850134,-2.230399627216284,0.0,0.0,0.0,1.5098409471090442,0,0,0,0,0,0,0.31408765686751183,-0.5514274828136646,1.1745912493911346,0.0,0.0,0.0
image_226.png,surface,0.0,0.0,2.6034469006720355,-5.721730967783578,3.1436325774497687,0.0,0.6215082123852498,2.7653162246532386,0.0,0.0,0.0,-2.7837802924620725,0,0,0,0,0,0,0.1348607598878657,0.7542035405244406,1.2341454601559854,0.0,0.0,0.0
image_227.png,surface,0.0,0.0,0.51116148847391,8.564942733237185,-2.701265244288834,0.0,0.41304993000295154,-1.461689403761157,0.0,0.0,0.0,-0.2619780716684037,0,0,0,0,0,0,0.03241625686247708,-0.03999298471071876,0.10260205760117387,0.0,0.0,0.0
image_228.png,surface,0.0,0.0,0.8330584703371858,17.8978051930874,17.71202661194412,0.0,0.8761736649309549,-0.0002720744731191572,0.0,0.0,0.0,0.5981580179678199,0,0,0,0,0,0,0.251988457570962,0.06322613544794893,0.5054939972884154,0.0,0.0,0.0
image_229.png,surface,0.0,0.0,1.2086570978858877,1.2176261274266182,10.058900747818988,0.0,0.4246734953933973,-1.2034218240498031,0.0,0.0,0.0,2.955394156448639,0,0,0,0,0,0,0.09367841666257794,-0.16035105654398352,0.32013235365923814,0.0,0.0,0.0
image_230.png,surface,0.0,0.0,2.9602755691369573,4.888785360637174,13.389863739722044,0.0,-2.049887529249991,-0.9736971511743105,0.0,0.0,0.0,-1.2585462185381453,0,0,0,0,0,0,-1.3276070388577486,-0.5410103980968965,3.0700095164109915,0.0,0.0,0.0
image_231.png,surface,0.0,0.0,1.511319696250414,10.245207877403576,4.120516793024423,0.0,-1.0219265474149124,-0.6275644785059964,0.0,0.0,0.0,-2.020024278012669,0,0,0,0,0,0,-0.24482035570137212,-0.13414159588767693,0.462620324746792,0.0,0.0,0.0
image_232.png,surface,0.0,0.0,0.9256299074406328,2.135917465714457,-19.817936887050422,0.0,0.20427169794621816,1.7940322944900622,0.0,0.0,0.0,-2.7399505833679845,0,0,0,0,0,0,0.013840067601284848,0.3250894959443647,0.49356975711277673,0.0,0.0,0.0
image_233.png,surface,0.0,0.0,0.802317794930132,2.66053094552446,-11.776756644303093,0.0,2.181435195960974,0.10048526423679272,0.0,0.0,0.0,-0.950404810856381,0,0,0,0,0,0,0.12244213754055046,-0.01147420959288767,0.25573475769945214,0.0,0.0,0.0
image_234.png,surface,0.0,0.0,2.753390409214392,-10.648917903247664,-7.118947220925903,0.0,-0.3521846864827987,-1.6298585745723917,0.0,0.0,0.0,1.4906852249259117,0,0,0,0,0,0,0.09518508775618613,-1.200420355421747,2.650414708462742,0.0,0.0,0.0
image_235.png,surface,0.0,0.0,2.5256102111062106,24.712442983935556,1.527800920262521,0.0,2.6738004883292272,0.07629697694652111,0.0,0.0,0.0,0.005758728812859992,0,0,0,0,0,0,1.5945906785350947,0.6560922841645255,3.370299398497058,0.0,0.0,0.0
image_236.png,surface,0.0,0.0,2.0482515182658263,8.77856963006598,-11.098609063858142,0.0,0.030053057896368994,-2.4222188851714037,0.0,0.0,0.0,0.5876875897439566,0,0,0,0,0,0,0.10961260489497868,-0.5641696130168984,1.126606231201189,0.0,0.0,0.0
image_237.png,surface,0.0,0.0,1.8492391426733972,8.870893466507765,-21.70837392896093,0.0,1.0894334073815901,-1.7723700990148687,0.0,0.0,0.0,1.3790763450992278,0,0,0,0,0,0,0.995261267737696,-0.7452950610996357,1.931892150733132,0.0,0.0,0.0
image_238.png,surface,0.0,0.0,2.4428844038259157,4.5396667727725575,-23.65866892697617,0.0,2.278182216474905,-0.38428744662010295,0.0,0.0,0.0,-2.1209544214842713,0,0,0,0,0,0,2.5874930167828,-0.22179329376347984,5.333069525475275,0.0,0.0,0.0
image_239.png,surface,0.0,0.0,1.2953763457591685,3.1145238605538315,-0.40326823821376406,0.0,2.5820833758976365,-0.26439379677114105,0.0,0.0,0.0,-1.2300149904384277,0,0,0,0,0,0,0.1562067889373071,-0.042308591582220105,0.28650331675940227,0.0,0.0,0.0
image_240.png,surface,0.0,0.0,2.099636642853242,-9.191200248458603,22.026442386790148,0.0,-2.060113135491569,1.4908615317552287,0.0,0.0,0.0,0.6570182341660082,0,0,0,0,0,0,-1.564504435252733,0.4111492140960103,2.73868311481159,0.0,0.0,0.0
image_241.png,surface,0.0,0.0,2.342113603479919,18.757531573611654,6.690029477167565,0.0,0.5002788444848872,0.3013810810018776,0.0,0.0,0.0,1.2107584864062133,0,0,0,0,0,0,0.23132119145864125,0.49220017390603876,1.968437490567311,0.0,0.0,0.0
image_242.png,surface,0.0,0.0,1.939121815609194,7.542574459496182,1.2113928410641426,0.0,2.6248037760335112,-1.0011210358786053,0.0,0.0,0.0,1.3230252003608145,0,0,0,0,0,0,0.41761270178831655,-0.23815985211341145,0.6575615545844884,0.0,0.0,0.0
image_243.png,surface,0.0,0.0,0.9218298837136849,-16.683730968786676,14.205102401643744,0.0,0.8817399518048336,1.4712417287430166,0.0,0.0,0.0,-2.731794040392619,0,0,0,0,0,0,0.08516800781868267,0.2408498573785387,0.4038699953420975,0.0,0.0,0.0
image_244.png,surface,0.0,0.0,2.964761991002703,10.758315074215597,7.192423027306991,0.0,-2.6338725924291233,-1.169512154655107,0.0,0.0,0.0,0.09845092587511406,0,0,0,0,0,0,-1.3923162794932253,-0.4919642085319053,2.5866088585041793,0.0,0.0,0.0
image_245.png,surface,0.0,0.0,2.527988904288826,1.7958106120504298,0.4426319369557771,0.0,-1.8634901452923271,-0.41520833315115563,0.0,0.0,0.0,2.4446230363252255,0,0,0,0,0,0,-0.7691875529767921,-0.21064157018190863,1.1906688765942437,0.0,0.0,0.0
image_246.png,surface,0.0,0.0,1.72656735810025,-21.233325993704167,-6.492686242991148,0.0,-2.745701597649405,0.3248257235295438,0.0,0.0,0.0,0.990616545149539,0,0,0,0,0,0,-0.6159743216567849,0.03150137744688441,1.158714592528064,0.0,0.0,0.0
image_247.png,surface,0.0,0.0,2.0499254389539656,5.355816879938359,19.139464732045255,0.0,2.25402473881141,0.5078358818570579,0.0,0.0,0.0,2.677035951304889,0,0,0,0,0,0,0.5853188915168385,0.10767100021732853,0.957503088081156,0.0,0.0,0.0
image_248.png,surface,0.0,0.0,2.4001899766624604,5.6376950107493276,-4.0032855915009415,0.0,0.9992050534690969,-0.6130669207225783,0.0,0.0,0.0,1.926893131864582,0,0,0,0,0,0,0.6101165670716361,-0.24594670945983227,1.1983861376517368,0.0,0.0,0.0
image_249.png,surface,0.0,0.0,1.6464629591490183,4.238510908643884,2.5009159758898925,0.0,2.410860036299851,1.0458525636263074,0.0,0.0,0.0,2.2527457622693445,0,0,0,0,0,0,0.25973183385811177,0.06943359789016651,0.45723878564130643,0.0,0.0,0.0
image_250.png,surface,0.0,0.0,2.3477905121918776,19.91216346861316,-2.6861688682558476,0.0,1.5272638678516193,1.8606498668622735,0.0,0.0,0.0,-2.929057990666931,0,0,0,0,0,0,1.0197789155336814,1.3137560977207845,2.9579618528279905,0.0,0.0,0.0
image_251.png,surface,0.0,0.0,2.43231974458362,4.199688104180319,-7.262174483679001,0.0,2.215375109137326,0.08756818710532606,0.0,0.0,0.0,-1.0715659618210944,0,0,0,0,0,0,0.739843992011279,0.04381876997667742,1.3608907546071614,0.0,0.0,0.0
image_252.png,surface,0.0,0.0,1.6475184738059718,-1.2088692164857957,-21.28408070009379,0.0,2.7231286176232494,0.2691023017743932,0.0,0.0,0.0,-1.6292303739834675,0,0,0,0,0,0,0.9232058641033833,-0.0763347985323379,1.607731458258005,0.0,0.0,0.0
image_253.png,surface,0.0,0.0,0.969420319554622,-24.07742911693217,-3.2736176207953727,0.0,2.8516973159080683,0.04476843087593529,0.0,0.0,0.0,-1.1546222722506292,0,0,0,0,0,0,0.493768077065234,-0.11718827030739853,0.8178822938448235,0.0,0.0,0.0
image_254.png,surface,0.0,0.0,1.994417696765387,-24.446279265300458,-3.7314945398658446,0.0,1.2201833531964887,2.462440252330818,0.0,0.0,0.0,2.801391381418025,0,0,0,0,0,0,0.4822625887140451,0.6368422289426776,1.3582848391979896,0.0,0.0,0.0
image_255.png,surface,0.0,0.0,1.885722098221175,24.49261581773741,-1.8071216189450017,0.0,0.4535367413527182,-0.8953195227231897,0.0,0.0,0.0,1.0922528530883735,0,0,0,0,0,0,0.25416171648174224,-0.29955804246306933,1.337377224822613,0.0,0.0,0.0
image_256.png,surface,0.0,0.0,1.7512342145482775,11.544227622802863,-5.499083815075753,0.0,1.1171187590032996,2.677075979059429,0.0,0.0,0.0,1.2253806590952854,0,0,0,0,0,0,0.11454352847405959,0.3956808972702814,0.7910103263778497,0.0,0.0,0.0
image_257.png,surface,0.0,0.0,0.6464550579342334,3.5595396479719543,10.183026231659673,0.0,1.542242890651262,-2.364615147988943,0.0,0.0,0.0,0.9281880489118453,0,0,0,0,0,0,0.07582664703831245,-0.055042856272983116,0.15681045732098958,0.0,0.0,0.0
image_258.png,surface,0.0,0.0,2.443907985826347,-4.103575107641294,-2.7500567319808304,0.0,-1.3192281265302457,-1.3086839050192567,0.0,0.0,0.0,-1.72277657748894,0,0,0,0,0,0,-0.5606931895313104,-0.6889952959337662,1.218335793406261,0.0,0.0,0.0
image_259.png,surface,0.0,0.0,1.8467706339127932,-20.75749890400092,7.27465858977848,0.0,0.7578187023939215,0.47445735346214607,0.0,0.0,0.0,-0.34013268294841836,0,0,0,0,0,0,0.44734130092219543,0.03800458315801648,1.2872686200395904,0.0,0.0,0.0
image_260.png,surface,0.0,0.0,1.576628630670965,-5.691847579208496,9.808045587148614,0.0,-0.44951961578887295,0.32395839310843755,0.0,0.0,0.0,0.13553693629400243,0,0,0,0,0,0,-0.27693527834512743,0.09903466752402541,0.6579590292570102,0.0,0.0,0.0
image_261.png,surface,0.0,0.0,2.5372305513676476,11.761657454795232,-12.84001716179305,0.0,1.7059108018875566,0.2701811298169314,0.0,0.0,0.0,-0.7712579846314127,0,0,0,0,0,0,1.535334369746485,0.4776175137845601,2.911443918120328,0.0,0.0,0.0
image_262.png,surface,0.0,0.0,0.9922117276576671,12.116212120500538,16.379475977345383,0.0,-0.6231355326416748,2.3372651156134663,0.0,0.0,0.0,1.9858348274762792,0,0,0,0,0,0,-0.10401509349872548,0.2515469543392784,0.4584848017495477,0.0,0.0,0.0
image_263.png,surface,0.0,0.0,1.179203395329362,9.518434678833952,11.661420358886245,0.0,-2.405520290309895,-1.4889536131400551,0.0,0.0,0.0,2.474659834240933,0,0,0,0,0,0,-0.20975601025012927,-0.08777282676785839,0.44081727585635305,0.0,0.0,0.0
image_264.png,surface,0.0,0.0,2.099317609329031,-2.409042786089881,-1.4054200106422108,0.0,2.141270555471168,-0.6439326970206417,0.0,0.0,0.0,2.6178274042282608,0,0,0,0,0,0,0.5397443737701838,-0.17902692935543987,0.8252244102675764,0.0,0.0,0.0
image_265.png,surface,0.0,0.0,1.4751450932546661,3.1932637052430985,-21.710246884598735,0.0,2.237070470447076,-0.624112599340454,0.0,0.0,0.0,1.490906354186631,0,0,0,0,0,0,0.7260176214199369,-0.1845013260353478,1.3809877886110464,0.0,0.0,0.0
image_266.png,surface,0.0,0.0,1.257673223014434,-14.698410856696322,5.744827909163833,0.0,0.639895387750494,-2.8408524515742566,0.0,0.0,0.0,2.2433575171633775,0,0,0,0,0,0,0.13094341504448453,-0.2940128561709212,0.5414006980420255,0.0,0.0,0.0
image_267.png,surface,0.0,0.0,1.1365398377537996,19.20085401109042,-5.0010915837784005,0.0,-1.392303800115296,0.5501674807668523,0.0,0.0,0.0,0.3063741705069938,0,0,0,0,0,0,-0.29727990377881697,0.10010752342508769,0.6237985374579594,0.0,0.0,0.0
image_268.png,surface,0.0,0.0,1.7143269666571936,-15.738772250694709,1.7340142121897282,0.0,-1.6447916859617873,-1.0791046458558013,0.0,0.0,0.0,-1.6912990620796902,0,0,0,0,0,0,-0.5052583465164876,-0.33278196714113173,0.9204977494686661,0.0,0.0,0.0
image_269.png,surface,0.0,0.0,2.438842180752422,21.17641499665225,-5.544367052295488,0.0,-2.3503372490413814,-0.07456898606746232,0.0,0.0,0.0,-1.52400226289762,0,0,0,0,0,0,-1.0479354023042304,0.23619976640560525,2.062143261116098,0.0,0.0,0.0
image_270.png,surface,0.0,0.0,2.513314895043922,13.3068967825639,13.094042087210529,0.0,-1.191402418209577,-1.8310932612113053,0.0,0.0,0.0,2.3725945706600147,0,0,0,0,0,0,-0.7055877701466085,-0.692699952307669,1.761491632417958,0.0,0.0,0.0
image_271.png,surface,0.0,0.0,2.4764242517136688,-8.80962249370463,0.31326083999672083,0.0,1.43442439376801,0.48935319238533537,0.0,0.0,0.0,2.9777677386086534,0,0,0,0,0,0,0.7862996840641961,0.14185137121188057,1.3008452830111046,0.0,0.0,0.0
image_272.png,surface,0.0,0.0,2.714113126685063,13.717348897055805,-15.449069698619304,0.0,-2.0641653836677563,-1.0338292373560365,0.0,0.0,0.0,0.5864081304343793,0,0,0,0,0,0,-0.757408124426766,-0.3709045329862151,1.9750918418263754,0.0,0.0,0.0
image_273.png,surface,0.0,0.0,0.6268545765985538,9.828570196839678,21.038163393061467,0.0,0.33764306686538986,-0.9007296624661868,0.0,0.0,0.0,1.2300988819621557,0,0,0,0,0,0,0.06649137381791649,-0.20021661995266984,0.3022325953731103,0.0,0.0,0.0
image_274.png,surface,0.0,0.0,2.9555421497750283,6.450781846244607,2.0789340043419453,0.0,-0.9050810074695117,-0.08347743013790487,0.0,0.0,0.0,-2.178557409186258,0,0,0,0,0,0,-0.4574070813394921,-0.01397386945621349,1.9522124851148404,0.0,0.0,0.0
image_275.png,surface,0.0,0.0,1.566153729471493,-1.113455632097881,3.578934176077487,0.0,1.4097503066869908,1.0606199986801186,0.0,0.0,0.0,-2.4356923343742896,0,0,0,0,0,0,0.2159470587438645,0.1390386639522037,0.3700667841475607,0.0,0.0,0.0
image_276.png,surface,0.0,0.0,0.9824552698644489,0.7824883202595295,-24.986698747970173,0.0,0.9536509383799358,-1.693418232374613,0.0,0.0,0.0,-0.2038032994078094,0,0,0,0,0,0,0.38620089232157834,-0.27615027734898,1.0659332855434571,0.0,0.0,0.0
image_277.png,surface,0.0,0.0,2.925056958419079,10.175131372444708,3.822136817223933,0.0,-1.2221626055893346,2.3999984499785674,0.0,0.0,0.0,-0.5546064798890415,0,0,0,0,0,0,-0.6646793671201582,1.5153208665110074,3.22905297751019,0.0,0.0,0.0
image_278.png,surface,0.0,0.0,2.5629558071903293,-9.387427474910083,3.4298461256649286,0.0,2.2331240602072495,0.30257778962045373,0.0,0.0,0.0,0.9015213661034958,0,0,0,0,0,0,0.8506664994511258,-0.024776364284066432,1.5656460360500881,0.0,0.0,0.0
image_279.png,surface,0.0,0.0,2.8243088809595456,-7.868964565686696,-4.118928498520807,0.0,0.9583739795032441,0.3000328317966076,0.0,0.0,0.0,2.8076593650433246,0,0,0,0,0,0,0.7516462489112096,0.04248320595907911,2.016411343738364,0.0,0.0,0.0
image_280.png,surface,0.0,0.0,1.8078843143844079,-0.6765358754271213,-8.462242432222075,0.0,-1.1929325632728773,-1.3039157737042641,0.0,0.0,0.0,-1.2723386451001144,0,0,0,0,0,0,-0.2814826856458356,-0.3717429966156379,0.6925750538268146,0.0,0.0,0.0
image_281.png,surface,0.0,0.0,2.369354624038534,-7.99422383722797,-14.042758923948593,0.0,0.13140835301809292,1.9559635558205317,0.0,0.0,0.0,-0.9290888055211628,0,0,0,0,0,0,0.31620917151851186,0.8646164583892055,1.5897959719114236,0.0,0.0,0.0
image_282.png,surface,0.0,0.0,1.7986600944357087,-11.769924746905577,-20.50297025345513,0.0,-1.2953014009358554,-1.4137502270878655,0.0,0.0,0.0,1.3023142982979152,0,0,0,0,0,0,-0.34155168369099825,-0.911538959586992,1.6119696994290462,0.0,0.0,0.0
image_283.png,surface,0.0,0.0,1.848625284528639,-7.923734020145542,-1.8461178651424763,0.0,-0.4304389008898014,-1.102461733762214,0.0,0.0,0.0,1.4697849237291791,0,0,0,0,0,0,-0.14766289851355371,-0.5562364571385149,0.772516589086717,0.0,0.0,0.0
image_284.png,surface,0.0,0.0,2.87875241101759,6.519410286216859,-7.6260369281926454,0.0,-1.1901269155565921,1.1121527543626906,0.0,0.0,0.0,-0.5433733633694615,0,0,0,0,0,0,-0.5100401248762018,0.61516959587972,2.1670676426466087,0.0,0.0,0.0
image_285.png,surface,0.0,0.0,2.3458924591052446,5.0640377494483895,6.640135337999979,0.0,-2.2953543280271433,1.571530939761806,0.0,0.0,0.0,-2.174633941986797,0,0,0,0,0,0,-0.6643597702215146,0.3383397382532338,1.1976358483822584,0.0,0.0,0.0
image_286.png,surface,0.0,0.0,1.9169445171187318,-16.044877501415684,-15.430460015895067,0.0,0.7441368014742149,-2.6722965814837343,0.0,0.0,0.0,2.75975994461367,0,0,0,0,0,0,0.9924153334497685,-1.7001069240978095,2.939981706405846,0.0,0.0,0.0
image_287.png,surface,0.0,0.0,1.4818381610803497,-14.509483940042472,13.440861527493098,0.0,0.9080110006827907,-0.38741834474823694,0.0,0.0,0.0,1.3495877778357643,0,0,0,0,0,0,0.44791961911974193,-0.2934638434004364,0.7605432228279582,0.0,0.0,0.0
image_288.png,surface,0.0,0.0,0.9108190965360281,-14.321720477850718,-15.995529374973255,0.0,0.18488917800396096,2.8292006468012705,0.0,0.0,0.0,-0.6220365481023151,0,0,0,0,0,0,-0.028693713938269493,0.2245304921034337,0.5607608407991032,0.0,0.0,0.0
image_289.png,surface,0.0,0.0,0.7893259364385428,1.64717348009318,24.53235307175244,0.0,2.6217269557466962,1.389906241209907,0.0,0.0,0.0,-0.9486099096705622,0,0,0,0,0,0,0.21521350776697637,0.060383539240881794,0.417790540895456,0.0,0.0,0.0
image_290.png,surface,0.0,0.0,1.249165363841555,-20.619184124190063,-7.560983499981142,0.0,1.2578411366700732,-0.4957021469058936,0.0,0.0,0.0,1.9721082210317942,0,0,0,0,0,0,0.6074684784828706,-0.3265996743388218,1.0834846952401846,0.0,0.0,0.0
image_291.png,surface,0.0,0.0,2.2320108629933113,2.2419823440352107,-15.30676745160898,0.0,0.2832211209002996,0.762262420948481,0.0,0.0,0.0,-0.08353882694622872,0,0,0,0,0,0,0.499526908800803,0.45999247343924654,1.886361203695438,0.0,0.0,0.0
image_292.png,surface,0.0,0.0,0.978881546914274,0.14936975501336233,23.818401423570513,0.0,-2.3165083965831905,0.13951324514247357,0.0,0.0,0.0,-0.46743745907205003,0,0,0,0,0,0,-0.3116617642178035,-0.0061744272898387985,0.6513538040810657,0.0,0.0,0.0
image_293.png,surface,0.0,0.0,0.8286553414767655,-7.845877384350639,2.3569776831119293,0.0,-2.78365707216101,1.0170476767966894,0.0,0.0,0.0,1.0329902925783916,0,0,0,0,0,0,-0.10616856783958956,0.016549038239262112,0.1857166912299126,0.0,0.0,0.0
image_294.png,surface,0.0,0.0,0.6943934424328497,16.55442842047282,1.2218547821655141,0.0,0.211676692971752,0.15553120416655689,0.0,0.0,0.0,2.6814940577038024,0,0,0,0,0,0,0.03095067679869467,0.0807646551560795,0.24630924875162943,0.0,0.0,0.0
image_295.png,surface,0.0,0.0,2.6156234501003994,-13.170730370555972,-15.17394397530465,0.0,-2.4910715345961076,-0.6157904914111973,0.0,0.0,0.0,0.3207382996642867,0,0,0,0,0,0,-0.9700313754247315,-0.5348155204746337,2.0794267103594404,0.0,0.0,0.0
image_296.png,surface,0.0,0.0,1.102974554401177,13.557779756124921,-5.038240406412812,0.0,1.9960518800488471,-1.480233252908139,0.0,0.0,0.0,1.9986045897654172,0,0,0,0,0,0,0.1785542216025001,-0.13750016971285028,0.36150544766190557,0.0,0.0,0.0
image_297.png,surface,0.0,0.0,1.002126160214883,-17.99819676759638,-0.8217574386122076,0.0,0.5898230490897499,-2.5468838142466885,0.0,0.0,0.0,1.4985580859965726,0,0,0,0,0,0,0.12256541063002752,-0.2450280176032041,0.5361754692010158,0.0,0.0,0.0
image_298.png,surface,0.0,0.0,1.4771346697314296,-18.659252483088128,-15.914738170103233,0.0,-0.39081345793562794,2.2511280430939276,0.0,0.0,0.0,0.8739948519941416,0,0,0,0,0,0,-0.05350356461301593,0.47077451793467506,1.0131450762265821,0.0,0.0,0.0
image_299.png,surface,0.0,0.0,2.073715501214319,-17.743173904886177,-8.626079836232158,0.0,-1.9850063161591245,-0.10626125679342131,0.0,0.0,0.0,2.4045741553876177,0,0,0,0,0,0,-0.7753968641504502,-0.21805402913470356,1.4192391433317768,0.0,0.0,0.0
image_300.png,surface,0.0,0.0,1.9656493930870071,9.761697785127684,17.451412740985404,0.0,2.8370305425626947,0.42484456824429634,0.0,0.0,0.0,1.7119789578025753,0,0,0,0,0,0,0.5813513243036703,0.026215753066283543,0.9315734482085865,0.0,0.0,0.0
image_301.png,surface,0.0,0.0,2.809144517200113,8.211896733934399,-8.791338301653024,0.0,1.5050415168683646,0.21232556175028727,0.0,0.0,0.0,-2.164621626781698,0,0,0,0,0,0,1.1578128160580856,0.2764334357979407,2.5105750798561446,0.0,0.0,0.0
image_302.png,surface,0.0,0.0,2.2049303259538684,-3.5475150778869144,13.146846988239808,0.0,-2.5288410648993156,-0.6257169826042972,0.0,0.0,0.0,-1.5234824883719738,0,0,0,0,0,0,-0.7125488949770765,-0.2135675408211696,1.3100452585773281,0.0,0.0,0.0
image_303.png,surface,0.0,0.0,1.9049288752439868,-4.245183373317512,24.429841228042566,0.0,-1.6204868281804798,-1.6296188068200435,0.0,0.0,0.0,-0.0349343023798907,0,0,0,0,0,0,-0.7823442919709753,-0.4535018525480687,1.929435846577101,0.0,0.0,0.0
image_304.png,surface,0.0,0.0,2.2789954180623306,-19.49129557997904,3.713754882507484,0.0,-2.1050165303110493,-0.18478700620654132,0.0,0.0,0.0,-0.16902573455516423,0,0,0,0,0,0,-1.1774954193445837,-0.5197137365300594,2.174284710857783,0.0,0.0,0.0
image_305.png,surface,0.0,0.0,2.159308720225299,-20.286576023641178,8.390635661368796,0.0,-0.26859948167934555,0.6651019069433874,0.0,0.0,0.0,-1.473771357721877,0,0,0,0,0,0,-0.2683716033514579,0.06772992788891931,1.649711929288343,0.0,0.0,0.0
image_306.png,surface,0.0,0.0,2.418695798069905,0.605055961140161,-15.030042811759408,0.0,2.974465851256647,0.04615800972759381,0.0,0.0,0.0,-1.1727710425729698,0,0,0,0,0,0,1.1568403283522104,-0.005400460862679399,2.445692922076487,0.0,0.0,0.0
image_307.png,surface,0.0,0.0,1.9310657821207695,-22.938492835473276,4.28640135692823,0.0,0.17675678071185932,-1.9827486235709237,0.0,0.0,0.0,0.7199595710941948,0,0,0,0,0,0,0.18840389364071378,-1.8111758257026678,2.9249491249709423,0.0,0.0,0.0
image_308.png,surface,0.0,0.0,2.518226987637208,6.6759017016205355,-16.38728764217773,0.0,1.8396364002598091,-2.2311113681873738,0.0,0.0,0.0,2.080104670950015,0,0,0,0,0,0,1.4074042968892164,-0.9044128052881466,2.5374604453457885,0.0,0.0,0.0
image_309.png,surface,0.0,0.0,2.7501432623383604,-18.106231225641146,9.207803135911881,0.0,0.3932316607359586,0.09756066205831435,0.0,0.0,0.0,2.9535264953137386,0,0,0,0,0,0,0.3328738669478131,-0.5049832047741228,2.719798601859269,0.0,0.0,0.0
image_310.png,surface,0.0,0.0,2.2411920735364164,21.288989118003165,3.6519148305849116,0.0,1.5331700258537717,-0.2535685931918094,0.0,0.0,0.0,2.1804018369193674,0,0,0,0,0,0,0.7735797274981593,0.15491126811894854,1.709420217313889,0.0,0.0,0.0
image_311.png,surface,0.0,0.0,1.3940496451047053,-20.988443693263953,1.0991157373008809,0.0,-1.7181419329892056,-0.5064725627811852,0.0,0.0,0.0,-2.3828462131488717,0,0,0,0,0,0,-0.48406146268641376,-0.19368509839664175,0.9003381913589908,0.0,0.0,0.0
image_312.png,surface,0.0,0.0,1.199945589007145,-18.14664520238711,3.2726505265660726,0.0,-0.5790997572666162,0.4823209744663042,0.0,0.0,0.0,1.8206586629962143,0,0,0,0,0,0,-0.2079997491975801,0.16883322519285224,0.5241842389120298,0.0,0.0,0.0
image_313.png,surface,0.0,0.0,2.0929641630297664,10.651019683376138,-22.23391585192211,0.0,-2.012607420566333,-0.0915735488083349,0.0,0.0,0.0,2.8380018941412297,0,0,0,0,0,0,-0.8143602917651506,0.08421604202841236,1.4001469610280848,0.0,0.0,0.0
image_314.png,surface,0.0,0.0,2.078572845686155,22.974557426116498,-7.512190283891986,0.0,1.4801601243912474,-1.5297036172905312,0.0,0.0,0.0,-0.1800294563300069,0,0,0,0,0,0,0.7005624893879275,-0.404910289603908,1.8411026831186879,0.0,0.0,0.0
image_315.png,surface,0.0,0.0,0.5597764096290729,16.249342899149692,-17.117756025913426,0.0,-2.9215402802915107,0.30864296460531365,0.0,0.0,0.0,-2.1934079830185045,0,0,0,0,0,0,-0.21984614090732274,0.05647909885021179,0.4348506897609773,0.0,0.0,0.0
image_316.png,surface,0.0,0.0,2.36777347406949,10.071215031051903,10.214542997156956,0.0,0.8220994676556208,-0.9060904381194095,0.0,0.0,0.0,-2.4199425914082315,0,0,0,0,0,0,0.4040709246257663,-0.36551508384099557,1.1219370203009538,0.0,0.0,0.0
image_317.png,surface,0.0,0.0,1.054686217069376,-8.867746226768555,14.783319129757942,0.0,-0.7017562888772939,-2.806970757720312,0.0,0.0,0.0,0.38010141800558195,0,0,0,0,0,0,-0.02256354104427616,-0.24129819158939322,0.5041876900781628,0.0,0.0,0.0
image_318.png,surface,0.0,0.0,0.636225405351091,9.668164678231882,-5.460765889148044,0.0,-2.607160926842663,1.163610543300722,0.0,0.0,0.0,0.4443451137935135,0,0,0,0,0,0,-0.056358630240903644,0.005497993217321362,0.1551357044873324,0.0,0.0,0.0
image_319.png,surface,0.0,0.0,0.8829980189060278,-2.093353792965986,-5.061557062890953,0.0,-1.9366654743396625,-1.2381844743459713,0.0,0.0,0.0,0.816099890753323,0,0,0,0,0,0,-0.08774000190777104,-0.0757684816344164,0.18742270611646458,0.0,0.0,0.0
image_320.png,surface,0.0,0.0,2.141952221184316,-4.839037581755588,-23.99192666474299,0.0,0.9913978487578737,0.4888059497057856,0.0,0.0,0.0,0.3525985730505692,0,0,0,0,0,0,1.7129145817531166,0.10540573262564243,3.718670317935539,0.0,0.0,0.0
image_321.png,surface,0.0,0.0,1.8076367202468986,17.422754992640254,6.782706243179542,0.0,-1.4432178351942255,-0.7967132156011179,0.0,0.0,0.0,0.5742910950132583,0,0,0,0,0,0,-0.4819110321255369,-0.13458363768855441,1.0918316633631309,0.0,0.0,0.0
image_322.png,surface,0.0,0.0,2.617344354074718,-11.955489373639614,-19.312401344216102,0.0,1.3959457743922803,0.35853189161957216,0.0,0.0,0.0,-0.5335384442416835,0,0,0,0,0,0,2.172373170803907,-0.416030551135595,4.793319017225345,0.0,0.0,0.0
image_323.png,surface,0.0,0.0,0.7656318749774761,-4.190145664884505,-21.285015268543166,0.0,-2.548149956747153,-0.7976222321139596,0.0,0.0,0.0,-0.4657925562854133,0,0,0,0,0,0,-0.2644983933178896,-0.10243256891155458,0.43427457478619963,0.0,0.0,0.0
image_324.png,surface,0.0,0.0,2.5737916013961026,20.533910521441037,-12.943494353447308,0.0,-1.8039129349547773,2.2047600145690405,0.0,0.0,0.0,2.505788035208183,0,0,0,0,0,0,-0.5571974082161412,1.848481951353248,3.9866352373282434,0.0,0.0,0.0
image_325.png,surface,0.0,0.0,2.1272947499247064,-15.314776739288378,0.5366629793036052,0.0,-1.2279457563344183,2.573105173305802,0.0,0.0,0.0,-2.8730845313619664,0,0,0,0,0,0,-0.34269918874613,0.49649474371527674,0.9527869841015776,0.0,0.0,0.0
image_326.png,surface,0.0,0.0,1.0373238597502863,15.216848836859821,17.852667364964827,0.0,1.9209165953898573,1.488968887383117,0.0,0.0,0.0,1.1992407901882096,0,0,0,0,0,0,0.298060633345505,0.14311299941225017,0.5573443450184423,0.0,0.0,0.0
image_327.png,surface,0.0,0.0,2.342264039180141,0.3402907070041275,-19.689473510255343,0.0,2.751639399214659,-0.20935111698436054,0.0,0.0,0.0,-2.4460531393620264,0,0,0,0,0,0,2.1700355477738227,-0.19620520859239246,3.6833709942095973,0.0,0.0,0.0
image_328.png,surface,0.0,0.0,2.353333219802222,-4.5588501362399345,0.3568838668848319,0.0,2.3417530001024502,0.8308932494877519,0.0,0.0,0.0,2.461371969032437,0,0,0,0,0,0,0.6453391890822076,0.15193810440486033,1.0305513406777262,0.0,0.0,0.0
image_329.png,surface,0.0,0.0,0.7700039612059563,9.481060685137322,-12.99979352592528,0.0,0.6312905898230333,1.9982012098200401,0.0,0.0,0.0,-2.100543537569184,0,0,0,0,0,0,0.03131136472716453,0.16601579862569288,0.29584843757120927,0.0,0.0,0.0
image_330.png,surface,0.0,0.0,1.1661170275525237,-11.2652363319808,20.961493002763504,0.0,1.4196373917531597,-1.6214255874941599,0.0,0.0,0.0,-0.9624934692594436,0,0,0,0,0,0,0.3030143852744891,-0.35029059790187184,0.7501418912290579,0.0,0.0,0.0
image_331.png,surface,0.0,0.0,2.0971622598170807,15.859827043038937,-1.1637624093058603,0.0,1.9829128249032377,-1.392986676832985,0.0,0.0,0.0,-2.3365378643291126,0,0,0,0,0,0,0.5353354584588885,-0.23056176706629802,1.146924332579118,0.0,0.0,0.0
image_332.png,surface,0.0,0.0,1.4514366575395783,13.468635384671364,-20.489477936470646,0.0,-1.1334095606995895,0.09517280052684964,0.0,0.0,0.0,-0.4348264609542829,0,0,0,0,0,0,-0.4568318069219327,0.1327305229503556,1.077388594925672,0.0,0.0,0.0
image_333.png,surface,0.0,0.0,2.4131123650620028,-16.580598144584297,-12.669466484300488,0.0,1.6982989425839146,0.7189862256663164,0.0,0.0,0.0,0.7136448491252616,0,0,0,0,0,0,1.5365397066213717,-0.10743503484319468,3.0019788233040585,0.0,0.0,0.0
image_334.png,surface,0.0,0.0,1.8401061020190639,9.39114714530457,-14.193591651137407,0.0,-1.054039663966366,0.08330691225776976,0.0,0.0,0.0,-2.119902401187616,0,0,0,0,0,0,-0.3985358107192484,0.01503099433233357,0.8525921045733129,0.0,0.0,0.0
image_335.png,surface,0.0,0.0,2.6424926870769196,-3.966167732313875,7.099809798260921,0.0,1.0371881754007515,-2.5164562659811436,0.0,0.0,0.0,-2.458188600301962,0,0,0,0,0,0,0.4475543655212918,-1.1445972403116265,1.6085532036483856,0.0,0.0,0.0
image_336.png,surface,0.0,0.0,0.7775650385197831,17.654339217632796,-12.127100411933347,0.0,-1.5495881118786254,1.1327492702770083,0.0,0.0,0.0,-0.36285243597969696,0,0,0,0,0,0,-0.23578032913972355,0.10727143218379503,0.46394002997971356,0.0,0.0,0.0
image_337.png,surface,0.0,0.0,2.3343669311560005,-9.666207416528596,7.967799430775617,0.0,-0.8983685835710898,1.763279588085341,0.0,0.0,0.0,2.8430292267115878,0,0,0,0,0,0,-0.3767682181415955,0.679317569389285,1.1305787449226232,0.0,0.0,0.0
image_338.png,surface,0.0,0.0,1.661599925172419,7.2303407060925355,-6.558773110420946,0.0,0.541882564744505,-1.4348125444932645,0.0,0.0,0.0,0.13687874490291208,0,0,0,0,0,0,0.21691954644973868,-0.32031827607937585,0.6470619708193468,0.0,0.0,0.0
image_339.png,surface,0.0,0.0,1.7984773895615906,23.334038753497087,9.217644630233522,0.0,-0.7552385051084501,-0.3986239739126553,0.0,0.0,0.0,1.3230442816146093,0,0,0,0,0,0,-0.5697164753030302,-0.028748448081988183,1.469682698681531,0.0,0.0,0.0
image_340.png,surface,0.0,0.0,1.2101139053054364,12.535215985564477,-13.15197821603377,0.0,-1.831508044726869,-1.867226547238902,0.0,0.0,0.0,-1.7577532465564223,0,0,0,0,0,0,-0.1930243516611119,-0.23194924346620552,0.451232005477923,0.0,0.0,0.0
image_341.png,surface,0.0,0.0,1.1726578842065298,-16.338848685001878,-9.860286219415263,0.0,1.0668519000104058,1.360007372167396,0.0,0.0,0.0,-2.607574792131471,0,0,0,0,0,0,0.2406671179089918,0.2910632889942466,0.5636816097410005,0.0,0.0,0.0
image_342.png,surface,0.0,0.0,0.9745095384709572,3.5644617338721716,-17.80261311060942,0.0,-1.056496426963133,0.03714774075938489,0.0,0.0,0.0,-2.1383133172214865,0,0,0,0,0,0,-0.25943810908935766,0.015378649983557624,0.40600028094650936,0.0,0.0,0.0
image_343.png,surface,0.0,0.0,1.4333642063969356,-20.05095387779632,-5.186277227504528,0.0,2.855376976812998,0.040676161374499406,0.0,0.0,0.0,2.2085904031123738,0,0,0,0,0,0,0.6094621543744126,-0.09042193136813569,0.9595038594664321,0.0,0.0,0.0
image_344.png,surface,0.0,0.0,1.0974696124812424,-24.529416169912277,-3.551297533273581,0.0,2.3677764188053416,0.15151692557233234,0.0,0.0,0.0,-2.606655975300952,0,0,0,0,0,0,0.5519438439584287,-0.06533881209769515,0.8845910487150562,0.0,0.0,0.0
image_345.png,surface,0.0,0.0,0.9743201907466064,-21.349526481771,-3.4943632215397877,0.0,-1.843477808148229,-0.436298864724028,0.0,0.0,0.0,0.9360512497427185,0,0,0,0,0,0,-0.36255072182191184,-0.11847821435266416,0.6445699386028649,0.0,0.0,0.0
image_346.png,surface,0.0,0.0,2.9044897815149784,-5.128701128594183,16.875967319714515,0.0,-1.6544463268943914,-0.2107490519589636,0.0,0.0,0.0,0.6977765776119114,0,0,0,0,0,0,-1.4974849656070566,-0.4770040038118118,3.8561273315107853,0.0,0.0,0.0
image_347.png,surface,0.0,0.0,1.6185357062066472,11.407928207593432,-14.61838088145778,0.0,-1.5603020244083121,-0.15202777565130737,0.0,0.0,0.0,-2.4026732357092655,0,0,0,0,0,0,-0.42892186633033813,-0.0318789220454988,0.7313288343976416,0.0,0.0,0.0
image_348.png,surface,0.0,0.0,2.1953058315328047,-7.6194354424310085,5.503174402800474,0.0,1.8383325578659875,0.912175107357302,0.0,0.0,0.0,-1.7686388424516581,0,0,0,0,0,0,0.552954378914142,0.20757716652315525,0.9055656532037786,0.0,0.0,0.0
image_349.png,surface,0.0,0.0,1.4353703962691977,-21.395520835313253,-11.106968351709279,0.0,-0.0948602203009612,0.11498523235043184,0.0,0.0,0.0,-1.247499495888059,0,0,0,0,0,0,0.0007852952366685169,-0.1952613470958565,1.2538271554571234,0.0,0.0,0.0
image_350.png,surface,0.0,0.0,1.9244843595159684,-5.643421056625125,-20.72724436675278,0.0,2.036298999865705,1.2747076599354128,0.0,0.0,0.0,2.3785570011047534,0,0,0,0,0,0,1.1339571904092902,0.38644049321919555,2.0992781139477237,0.0,0.0,0.0
image_351.png,surface,0.0,0.0,1.7480052725840816,13.199957445595645,-16.36297659102837,0.0,-1.6589167383529286,0.9464185363714216,0.0,0.0,0.0,-0.39352285639286855,0,0,0,0,0,0,-0.6850194268838676,0.4988543974566167,1.1446466687253436,0.0,0.0,0.0
image_352.png,surface,0.0,0.0,2.0317203708769767,3.097313515684793,-1.864693939342828,0.0,-0.5846451698644521,-2.530992270424095,0.0,0.0,0.0,-2.3953547222149694,0,0,0,0,0,0,-0.040141370469703806,-0.3994657818713903,0.7047761864709516,0.0,0.0,0.0
image_353.png,surface,0.0,0.0,2.3068218861223126,-21.61675442608685,-11.759298244993033,0.0,-2.0852442815997883,-0.9242739320357359,0.0,0.0,0.0,-0.5129676962799086,0,0,0,0,0,0,-0.8126116401625698,-1.1889304148039166,2.902420349852585,0.0,0.0,0.0
image_354.png,surface,0.0,0.0,2.1597730143782847,22.14310636266487,8.129836041305225,0.0,2.2847645257392024,-1.4942062496829633,0.0,0.0,0.0,-1.1308973773145765,0,0,0,0,0,0,0.6642501941419794,-0.39889946497346906,1.397887161204536,0.0,0.0,0.0
image_355.png,surface,0.0,0.0,2.4052584716242547,-21.913764934217642,-9.603864785016402,0.0,0.3738847339198839,-2.916246721477466,0.0,0.0,0.0,-1.7446785283095934,0,0,0,0,0,0,0.8480184108623592,-2.889133298153872,5.6930743945982245,0.0,0.0,0.0
image_356.png,surface,0.0,0.0,0.8657610197806321,-17.600240979704257,-15.279044048601731,0.0,1.6803238907837026,-1.2180015178207293,0.0,0.0,0.0,2.5565765540673144,0,0,0,0,0,0,0.4348785437650678,-0.3139078834154029,0.8326067207583375,0.0,0.0,0.0
image_357.png,surface,0.0,0.0,0.7350778512588572,15.530967583893043,-18.84455335403155,0.0,-0.6738624092347154,-2.899448522911904,0.0,0.0,0.0,0.9448266941916357,0,0,0,0,0,0,-0.03101003050844268,-0.3977196381027993,0.5020775015077548,0.0,0.0,0.0
image_358.png,surface,0.0,0.0,1.3472485826981417,11.275099960771497,7.501744824814462,0.0,-1.4550206230324578,-2.433608282270376,0.0,0.0,0.0,-0.22853883892231064,0,0,0,0,0,0,-0.13076687580523347,-0.27350746515867974,0.520968713471408,0.0,0.0,0.0
image_359.png,surface,0.0,0.0,1.704569652187726,4.764503633867613,-12.357941965874803,0.0,2.779802046214533,-0.7361537730133033,0.0,0.0,0.0,2.93879183524606,0,0,0,0,0,0,0.4996577913402476,-0.14153675071303526,0.8110493022835026,0.0,0.0,0.0
image_360.png,surface,0.0,0.0,1.0610064660733092,-5.84765209799118,-4.9954099621632695,0.0,0.651912347208509,2.2054382386383304,0.0,0.0,0.0,-2.8510372326721383,0,0,0,0,0,0,0.02026244337403855,0.15915235244338297,0.24620876358161012,0.0,0.0,0.0
image_361.png,surface,0.0,0.0,2.4330613249248696,6.449501887993616,-12.251710026861906,0.0,-0.7759409160004258,-1.6726767334887003,0.0,0.0,0.0,0.34367786797511535,0,0,0,0,0,0,-0.24491166910098455,-0.7847500447573298,1.4440656793379103,0.0,0.0,0.0
image_362.png,surface,0.0,0.0,2.298889860557729,14.853728713422658,-15.517962373237964,0.0,2.6919966929906125,0.6063198560853593,0.0,0.0,0.0,-2.0149561191644234,0,0,0,0,0,0,1.8476688093414353,0.6402920427125157,3.4597579958596905,0.0,0.0,0.0
image_363.png,surface,0.0,0.0,2.783947295742003,-21.379883623333967,8.306273006171855,0.0,-0.7856927815616942,1.6297789195779944,0.0,0.0,0.0,0.13366001673674432,0,0,0,0,0,0,-0.5051183326370817,0.3526974447180382,2.7231682045605874,0.0,0.0,0.0
image_364.png,surface,0.0,0.0,2.322400494113317,12.294580142479537,6.156057094593232,0.0,2.622737884753057,-0.573833076960066,0.0,0.0,0.0,-1.2958199756759559,0,0,0,0,0,0,0.6844456743563023,-0.11989400659746793,1.1266933183485395,0.0,0.0,0.0
image_365.png,surface,0.0,0.0,0.7678632946547423,18.88740215514141,3.4179792680054364,0.0,-0.511967833136054,-1.7009274796616645,0.0,0.0,0.0,0.471921721913235,0,0,0,0,0,0,-0.019367572057834792,-0.13149406438989367,0.3390235656228913,0.0,0.0,0.0
image_366.png,surface,0.0,0.0,2.162487059585156,22.787694100630958,-4.438136904278008,0.0,0.64102972613239,2.4112736917513433,0.0,0.0,0.0,2.463926187641717,0,0,0,0,0,0,0.5002513284377295,2.018449383444438,3.720081576323366,0.0,0.0,0.0
image_367.png,surface,0.0,0.0,1.5301483442790385,6.666492434856464,-23.021124148780828,0.0,-1.7695880789400549,1.8172036556559847,0.0,0.0,0.0,2.7064235122326554,0,0,0,0,0,0,-0.40124934057773665,0.448876931215043,1.007651886932187,0.0,0.0,0.0
image_368.png,surface,0.0,0.0,1.1490369428416096,-13.582735190000376,10.892161900604567,0.0,-0.15431270119221957,-0.4509516788924005,0.0,0.0,0.0,0.7177281475249657,0,0,0,0,0,0,-0.06671356975697368,-0.2762257862687029,0.5580410421972437,0.0,0.0,0.0
image_369.png,surface,0.0,0.0,2.004878556004993,10.500603487242406,-3.999849673804249,0.0,1.0563149585686333,-1.7162233749350495,0.0,0.0,0.0,0.6674537299993282,0,0,0,0,0,0,0.35437512877659627,-0.49989264510280595,0.8341921534408666,0.0,0.0,0.0
image_370.png,surface,0.0,0.0,1.2554754183483174,11.725557930053043,21.886898385559373,0.0,0.8035796054100561,1.0060514993627985,0.0,0.0,0.0,2.8434392889432933,0,0,0,0,0,0,0.2232064740130672,0.40794165811028266,0.7489249041699336,0.0,0.0,0.0
image_371.png,surface,0.0,0.0,1.8271408142021888,19.21319971895428,-14.091172370992231,0.0,-2.8171890374098782,-0.09411113557593323,0.0,0.0,0.0,1.1296458338760065,0,0,0,0,0,0,-0.6702860098563732,0.06312073758083579,1.3275296781607084,0.0,0.0,0.0
image_372.png,surface,0.0,0.0,1.9399434633910233,-3.5091405049755333,17.294499798100876,0.0,2.9197875067935994,-0.11934246755577417,0.0,0.0,0.0,1.1364736250249825,0,0,0,0,0,0,0.5015297160323062,-0.07180426334896575,0.8725462263353932,0.0,0.0,0.0
image_373.png,surface,0.0,0.0,1.8226672882938717,-14.826313023784577,4.94440354695416,0.0,2.0744088368147673,0.2057182083119685,0.0,0.0,0.0,-0.5579777575508862,0,0,0,0,0,0,0.5553209178541021,-0.04739128574106573,0.9534702832577089,0.0,0.0,0.0
image_374.png,surface,0.0,0.0,0.5267163006338198,3.103615241171575,-13.502148602160087,0.0,1.1902199523814012,0.8093641524023629,0.0,0.0,0.0,-0.45377718313919857,0,0,0,0,0,0,0.06689163088621854,0.06647144589353814,0.20328373195308735,0.0,0.0,0.0
image_375.png,surface,0.0,0.0,1.3718472854174975,-14.242013451506047,-9.143461016804777,0.0,-0.832668751781236,0.1902452624953454,0.0,0.0,0.0,-1.472003868488364,0,0,0,0,0,0,-0.4045259697338356,0.0016281610815243274,0.6375493747241745,0.0,0.0,0.0
image_376.png,surface,0.0,0.0,2.4761556607066764,-4.475786578261284,-18.501690579035557,0.0,2.014042688272633,-1.550183019752917,0.0,0.0,0.0,2.3273656262921225,0,0,0,0,0,0,1.928192008899822,-0.9137617534113344,3.7609187494192593,0.0,0.0,0.0
image_377.png,surface,0.0,0.0,1.36723911036535,1.7452046741151095,-1.9633473458892614,0.0,1.7461964786845985,1.742732702404649,0.0,0.0,0.0,-1.4644926967576437,0,0,0,0,0,0,0.19184032124613518,0.15798353729017267,0.33701386222250285,0.0,0.0,0.0
image_378.png,surface,0.0,0.0,1.7734487494325766,-6.037028531878296,-8.25966043533125,0.0,2.438768953385602,-1.1759996016894574,0.0,0.0,0.0,-1.0279059596487612,0,0,0,0,0,0,0.4458650676284582,-0.24014196125613704,0.8062126160998997,0.0,0.0,0.0
image_379.png,surface,0.0,0.0,1.3665801992281597,7.6520540063972415,-1.3882817372872536,0.0,-0.8958531569732929,-0.3533929746314895,0.0,0.0,0.0,-0.1207640703188031,0,0,0,0,0,0,-0.1266151599028467,-0.0009108263441571525,0.43629321020170064,0.0,0.0,0.0
image_380.png,surface,0.0,0.0,0.9980947687211296,-16.650709645531727,-7.253270326634736,0.0,-0.17532222715464213,2.0516372091967434,0.0,0.0,0.0,0.38022770911620185,0,0,0,0,0,0,-0.06799500113153735,0.19585912604366243,0.5016085707143314,0.0,0.0,0.0
image_381.png,surface,0.0,0.0,0.999383676663217,5.279003724200137,23.16612690049035,0.0,0.39844433531295903,-0.7115964125975744,0.0,0.0,0.0,2.5452981910612085,0,0,0,0,0,0,0.11568494596921737,-0.2896160346995583,0.510250295336002,0.0,0.0,0.0
image_382.png,surface,0.0,0.0,2.372148961601005,-9.930025954182852,6.712938329989625,0.0,-1.6307928142405217,2.3271005520187784,0.0,0.0,0.0,-1.326695703500477,0,0,0,0,0,0,-0.5445352834698589,0.6280721825373649,1.200739723633969,0.0,0.0,0.0
image_383.png,surface,0.0,0.0,2.06988164909209,-12.358947842099836,-19.950907732142838,0.0,-1.2987628959435984,-1.4836419953358444,0.0,0.0,0.0,0.12651407160433115,0,0,0,0,0,0,-0.2517145173721243,-1.136045855153012,2.1273916315153802,0.0,0.0,0.0
image_384.png,surface,0.0,0.0,2.830142602722395,14.134426697784592,-12.826697790536572,0.0,-2.5948853877314266,1.2814761200997218,0.0,0.0,0.0,1.6160409487987941,0,0,0,0,0,0,-1.1099250255212454,0.8612028259767339,2.457183959519155,0.0,0.0,0.0
image_385.png,surface,0.0,0.0,1.5525116498425933,-10.628822704809435,3.4777651632177173,0.0,0.6539583654854725,-1.2534612294974283,0.0,0.0,0.0,-0.6733214293252345,0,0,0,0,0,0,0.17335848916454255,-0.32161608563711275,0.5193609507510968,0.0,0.0,0.0
image_386.png,surface,0.0,0.0,2.0914181484313095,0.1206446028911952,16.61022132685293,0.0,1.4531261649092515,2.294642734680619,0.0,0.0,0.0,-0.07087677490403177,0,0,0,0,0,0,0.22415308958905097,0.5502633869679365,1.0752449112985902,0.0,0.0,0.0
image_387.png,surface,0.0,0.0,1.6713489395999586,-13.693753632322172,19.19434106814661,0.0,2.5935684554429668,-0.9631570417585135,0.0,0.0,0.0,0.28623972652368224,0,0,0,0,0,0,0.5435551863140168,-0.32121966380856753,1.064995423956609,0.0,0.0,0.0
image_388.png,surface,0.0,0.0,1.6848446821726548,-20.150163844867905,11.61553184043714,0.0,-0.15857489608312036,1.4807460548891822,0.0,0.0,0.0,-1.9582713311521391,0,0,0,0,0,0,-0.11524664165107666,0.5884205610678933,0.8983910120643923,0.0,0.0,0.0
image_389.png,surface,0.0,0.0,2.6352184390021938,-22.372267701802702,-3.0874859712904787,0.0,1.968436684044216,1.211931849143675,0.0,0.0,0.0,0.6680213046751984,0,0,0,0,0,0,1.3380974265832442,0.04097460066711601,2.7676161447658516,0.0,0.0,0.0
image_390.png,surface,0.0,0.0,1.6357568593712755,-12.199213860373638,-13.636409585522436,0.0,-2.5761718971317054,-0.8932062739402404,0.0,0.0,0.0,0.28472081789440207,0,0,0,0,0,0,-0.45175478190347185,-0.11752491424116299,0.846138723654288,0.0,0.0,0.0
image_391.png,surface,0.0,0.0,2.8204170015782095,-3.3085353847964987,-5.178968377687878,0.0,0.5300594304340223,-1.932752574052901,0.0,0.0,0.0,0.9603680349291666,0,0,0,0,0,0,0.48153208151714455,-1.0701737613097746,2.0614063698692884,0.0,0.0,0.0
image_392.png,surface,0.0,0.0,2.051268142869098,11.706015677532035,-21.48269192826956,0.0,-2.05662092705846,1.929992030264739,0.0,0.0,0.0,1.895046318242918,0,0,0,0,0,0,-0.7690962395771802,0.9384453046482404,1.711101669158882,0.0,0.0,0.0
image_393.png,surface,0.0,0.0,0.713560732427859,-15.600628387299993,0.6625452198799431,0.0,-0.969214651308035,-0.4040310351999829,0.0,0.0,0.0,0.06596588930411018,0,0,0,0,0,0,-0.13134519400278002,-0.01663555887644462,0.28245711391328626,0.0,0.0,0.0
image_394.png,surface,0.0,0.0,0.669957290127261,-4.724230264495185,-6.015069972019157,0.0,-1.7645537840112504,-2.138564687255814,0.0,0.0,0.0,-2.854635742868556,0,0,0,0,0,0,-0.0358146372180596,-0.05214048217113532,0.1267988865418528,0.0,0.0,0.0
image_395.png,surface,0.0,0.0,2.9557855308617023,-1.6236495848706665,-23.840232045962853,0.0,1.4737971334969273,0.8782519085342431,0.0,0.0,0.0,-2.035874374882731,0,0,0,0,0,0,2.832258584444403,0.1957332778441244,6.51994229564656,0.0,0.0,0.0
image_396.png,surface,0.0,0.0,1.4983984651119537,-24.024390170603404,-4.856285010370498,0.0,-0.05041236746874119,-2.0824989385291377,0.0,0.0,0.0,-1.168552281136454,0,0,0,0,0,0,0.09719398254766352,-1.4780320449878634,2.0456636932329104,0.0,0.0,0.0
image_397.png,surface,0.0,0.0,1.9686470796264293,17.65317272972135,0.8649140915843843,0.0,0.213078003610669,-1.0370568235262803,0.0,0.0,0.0,1.2881258267529265,0,0,0,0,0,0,0.08976107181919692,-0.5361841196446098,0.931685098397497,0.0,0.0,0.0
image_398.png,surface,0.0,0.0,1.5789651741754809,-11.774071509174888,15.500181315214007,0.0,-1.6341009397980577,-2.379800578784263,0.0,0.0,0.0,2.574268707950515,0,0,0,0,0,0,-0.2518514874715432,-0.5477841774370356,0.979850989893478,0.0,0.0,0.0
image_399.png,surface,0.0,0.0,0.8972410962365175,1.1896984149683565,-3.439866479627095,0.0,-0.8464315053361522,-1.996426245519553,0.0,0.0,0.0,0.6311667309892792,0,0,0,0,0,0,-0.0179385173538974,-0.02607417384180323,0.1558056056207953,0.0,0.0,0.0
image_400.png,surface,0.0,0.0,0.8138792576273344,0.008161969516473255,19.84401869919786,0.0,-2.1543017604278782,0.4065485494811833,0.0,0.0,0.0,1.4703369813179243,0,0,0,0,0,0,-0.1945523292146296,0.03859449659335139,0.3426410317435909,0.0,0.0,0.0
image_401.png,surface,0.0,0.0,1.0317403815623956,22.656296492252732,-4.855666230560013,0.0,-0.09917409917765459,1.728380660425962,0.0,0.0,0.0,2.601576114042496,0,0,0,0,0,0,-0.09479244013785167,0.42485565612820525,0.7505326668902443,0.0,0.0,0.0
image_402.png,surface,0.0,0.0,2.013344528073889,8.654430018421257,-10.842687261063238,0.0,1.1346947771037743,-1.2374228890949068,0.0,0.0,0.0,-0.2706152830214599,0,0,0,0,0,0,0.35097522653102003,-0.147509820883613,1.221752289186921,0.0,0.0,0.0
image_403.png,surface,0.0,0.0,1.866333968439397,-1.7279754358896766,-18.95458324380686,0.0,0.41720872748969184,2.9371561148393384,0.0,0.0,0.0,-2.6299826176266827,0,0,0,0,0,0,0.13750884847663147,0.6942573237769533,1.1572542080571153,0.0,0.0,0.0
image_404.png,surface,0.0,0.0,1.321471080716262,-21.68797193735908,-7.1720045832877375,0.0,0.9550430580662554,0.5036161683134436,0.0,0.0,0.0,2.1046431211083094,0,0,0,0,0,0,0.6038555116381982,0.13083650754730697,0.9627015208768273,0.0,0.0,0.0
image_405.png,surface,0.0,0.0,0.6104355992704202,22.512038251331134,4.9520924711434615,0.0,1.9335471270676954,1.3479264517099445,0.0,0.0,0.0,1.7198975861412444,0,0,0,0,0,0,0.1707986701954022,0.11895014510093205,0.36977202764883726,0.0,0.0,0.0
image_406.png,surface,0.0,0.0,1.310070125280571,5.732383568437991,-7.753498084137923,0.0,-2.5056596736534127,-1.5784270330837298,0.0,0.0,0.0,2.218697710388705,0,0,0,0,0,0,-0.18406955093910174,-0.0836497251304909,0.3581157479265833,0.0,0.0,0.0
image_407.png,surface,0.0,0.0,1.4957583091310074,-2.9754299941685347,-10.922968861925082,0.0,2.7434939979988737,0.5179639628299545,0.0,0.0,0.0,0.8628543320482942,0,0,0,0,0,0,0.33382961386375865,-0.00012427509704392067,0.6005529681267977,0.0,0.0,0.0
image_408.png,surface,0.0,0.0,2.391059457335169,-17.345473349999796,2.124519912753814,0.0,1.8020444731806116,1.9121874595869295,0.0,0.0,0.0,0.7166671241260212,0,0,0,0,0,0,0.7678422022224994,0.5261319947065032,1.514700054850237,0.0,0.0,0.0
image_409.png,surface,0.0,0.0,2.3437099737335583,17.871040079464297,-0.6494436530641315,0.0,1.9177412992845384,1.5112030212931853,0.0,0.0,0.0,-2.6402248403779582,0,0,0,0,0,0,1.0573315511243684,0.9381432689693489,2.274669395707194,0.0,0.0,0.0
image_410.png,surface,0.0,0.0,1.0535202413400815,-3.2211115941169046,10.127477222810747,0.0,-1.217295967080323,0.5053350599944961,0.0,0.0,0.0,-0.6250532392017245,0,0,0,0,0,0,-0.12296262391834224,0.05040063081252079,0.29159456537371997,0.0,0.0,0.0
image_411.png,surface,0.0,0.0,1.0691848799856216,-6.021039647963966,-10.49794198787416,0.0,0.6995277284973985,1.2231239832326553,0.0,0.0,0.0,-1.512451882081794,0,0,0,0,0,0,0.11495443877231638,0.19279786858989792,0.3447512203139988,0.0,0.0,0.0
image_412.png,surface,0.0,0.0,2.069707068469424,-8.063870884930441,10.345553917388878,0.0,2.0575308846359217,-1.5196874366651587,0.0,0.0,0.0,0.9920923579986196,0,0,0,0,0,0,0.4329990096230413,-0.3509261313095395,1.0089916891991124,0.0,0.0,0.0
image_413.png,surface,0.0,0.0,2.1294408684882242,4.490299235375704,21.89179554161531,0.0,0.9506073137767979,0.8036821458949753,0.0,0.0,0.0,0.5851198863086999,0,0,0,0,0,0,0.3845115944287448,0.5090481016192041,1.479619565494564,0.0,0.0,0.0
image_414.png,surface,0.0,0.0,1.9027569401762976,6.532883303890471,17.70869510087875,0.0,2.7016469686696873,0.23062356907457168,0.0,0.0,0.0,-0.9347988411038672,0,0,0,0,0,0,0.44497780576222234,0.0051676416935338195,0.9097793313332608,0.0,0.0,0.0
image_415.png,surface,0.0,0.0,0.7799284508194844,-10.86273832829894,11.06971653849883,0.0,0.04026751869732608,-2.6532172616655236,0.0,0.0,0.0,2.620479975052387,0,0,0,0,0,0,0.05894279944994064,-0.15066389138453712,0.2527402996328733,0.0,0.0,0.0
image_416.png,surface,0.0,0.0,1.2143003709789761,-6.968471847004412,9.771897441728923,0.0,-0.5932672351758945,-0.3788479063449712,0.0,0.0,0.0,2.1887913001872175,0,0,0,0,0,0,-0.19810137667957306,-0.21174746123534957,0.3732488145315098,0.0,0.0,0.0
image_417.png,surface,0.0,0.0,0.5792580286526827,23.554372251706976,-1.3037454010860923,0.0,0.4974065060275369,-1.246370087928757,0.0,0.0,0.0,-0.014147906867123083,0,0,0,0,0,0,0.12999832135849404,-0.12234804648846122,0.397907875254278,0.0,0.0,0.0
image_418.png,surface,0.0,0.0,2.4039853686816333,-9.559907779745696,-17.66623422216506,0.0,-0.3479476753447121,-0.5070095493087675,0.0,0.0,0.0,2.6266519931233434,0,0,0,0,0,0,0.33976802861856537,-0.4431366802136108,2.361678387925132,0.0,0.0,0.0
image_419.png,surface,0.0,0.0,2.516258568411213,5.545091090310342,-21.59946888213598,0.0,-2.421932443720432,-0.313145635089044,0.0,0.0,0.0,-2.0267050678683116,0,0,0,0,0,0,-0.9079382636881553,-0.16477462075774826,1.6021869098767094,0.0,0.0,0.0
image_420.png,surface,0.0,0.0,2.8012014985280618,1.4809948806055904,-4.44788716309653,0.0,-1.9264371337991877,-0.6672192319572594,0.0,0.0,0.0,-0.3683312428603376,0,0,0,0,0,0,-0.8391792737798588,-0.3474621596172529,1.6350812885335135,0.0,0.0,0.0
image_421.png,surface,0.0,0.0,0.7197889169601135,-21.14664772784966,-12.144994509113703,0.0,-0.6902152553156772,-0.7195745109225455,0.0,0.0,0.0,1.663143849422803,0,0,0,0,0,0,-0.2011801601365114,-0.3931419098446001,0.6640796926130818,0.0,0.0,0.0
image_422.png,surface,0.0,0.0,2.7655323905613436,0.40856646319536527,1.0914745419435985,0.0,2.741778769930629,0.518383087458154,0.0,0.0,0.0,-1.9749472663255052,0,0,0,0,0,0,0.9361814981883361,0.12557605280661382,1.5470875416493872,0.0,0.0,0.0
image_423.png,surface,0.0,0.0,2.7960630575679644,0.5680834505127713,23.860951995822134,0.0,1.832726365387339,0.945346673589876,0.0,0.0,0.0,0.9782117797883676,0,0,0,0,0,0,0.7497469301992674,0.5041400218372177,2.0858577612406823,0.0,0.0,0.0
image_424.png,surface,0.0,0.0,2.9942649810804602,-18.24291262744304,-11.721941477210715,0.0,-0.6535117287426178,2.1773372953421632,0.0,0.0,0.0,2.4846106548870903,0,0,0,0,0,0,0.1339567572317009,0.7592657843508613,2.6103903487421145,0.0,0.0,0.0
image_425.png,surface,0.0,0.0,2.4447214201107577,-11.266967590580828,-0.139440700763477,0.0,-0.9533918668325897,1.2807901133838424,0.0,0.0,0.0,0.3939266494065192,0,0,0,0,0,0,-0.47360303465078224,0.5265284165350487,1.2478784333919741,0.0,0.0,0.0
image_426.png,surface,0.0,0.0,1.1565945891026317,-9.397705199173071,15.440345263591043,0.0,0.5047149324533345,-1.3414436046909886,0.0,0.0,0.0,-2.540268831055685,0,0,0,0,0,0,0.1021705628265508,-0.27225684867576955,0.45097521004342866,0.0,0.0,0.0
image_427.png,surface,0.0,0.0,1.161397174297346,5.043863068897674,9.53089631678009,0.0,1.5460825280316082,-0.54098253913136,0.0,0.0,0.0,-0.33491770100679874,0,0,0,0,0,0,0.10568612871163639,-0.06901987193418498,0.3552753671207005,0.0,0.0,0.0
image_428.png,surface,0.0,0.0,2.220542194272486,14.196128384151423,7.425926157062638,0.0,0.9832176439714027,0.27592658461105735,0.0,0.0,0.0,-0.009685400238781838,0,0,0,0,0,0,0.5801733814486677,0.3354247793314322,1.4265633957243034,0.0,0.0,0.0
image_429.png,surface,0.0,0.0,2.199331654155427,10.971854028239445,3.1884894000178368,0.0,0.2816645294245835,-2.191706494166476,0.0,0.0,0.0,0.5316062537497039,0,0,0,0,0,0,0.12148334684461819,-0.45477606556839223,0.8534406460090335,0.0,0.0,0.0
image_430.png,surface,0.0,0.0,2.1508230014886776,-7.944567194204282,-23.171576644670125,0.0,0.4240373883496733,-1.3229153697775107,0.0,0.0,0.0,-2.9497392583057684,0,0,0,0,0,0,0.9319065091964718,-1.186221532308859,3.1836917387596437,0.0,0.0,0.0
image_431.png,surface,0.0,0.0,1.3828021706012383,-23.23102395757986,0.29991249000938447,0.0,0.25869412598509733,1.0756533179315433,0.0,0.0,0.0,-2.3415665086809847,0,0,0,0,0,0,0.07906979461455375,0.42907157081273184,0.7440212278729857,0.0,0.0,0.0
image_432.png,surface,0.0,0.0,1.7994931957011435,-9.502896143011313,3.6469884768209093,0.0,2.606759895018635,-0.20283090164563938,0.0,0.0,0.0,-2.470516345903971,0,0,0,0,0,0,0.43761033630347856,-0.07288655786499355,0.6624853279154408,0.0,0.0,0.0
image_433.png,surface,0.0,0.0,1.253743697834498,8.065720991326398,10.432878494078043,0.0,0.6163517334009879,0.7107082156256261,0.0,0.0,0.0,-2.9920909650971774,0,0,0,0,0,0,0.1489686801280141,0.23759353521549006,0.3798562727112318,0.0,0.0,0.0
image_434.png,surface,0.0,0.0,1.9919767885407968,-21.854113729678403,0.91275729575277,0.0,0.5976534190208379,-0.9896549369039453,0.0,0.0,0.0,-0.2790770994260021,0,0,0,0,0,0,0.4728618742239267,-1.2705083639495107,2.4877314512050632,0.0,0.0,0.0
image_435.png,surface,0.0,0.0,2.431005443131776,-5.461997673232517,-21.444382623036002,0.0,0.017358255448711654,2.153619090365231,0.0,0.0,0.0,1.6606528172426147,0,0,0,0,0,0,0.5919908572485332,1.0163264629324038,2.4768120627296164,0.0,0.0,0.0
image_436.png,surface,0.0,0.0,2.2467406993366112,18.38945772852594,-7.632969144421344,0.0,-2.0088774791508266,-0.6694715436069847,0.0,0.0,0.0,-2.5248360295641086,0,0,0,0,0,0,-0.7769948486436707,-0.21137148973922953,1.3286015199742496,0.0,0.0,0.0
image_437.png,surface,0.0,0.0,1.5812633207120133,15.873360699529497,-13.529399508896933,0.0,-0.902619121301056,0.7359425611899014,0.0,0.0,0.0,1.6128182387315135,0,0,0,0,0,0,-0.3941938585676684,0.4507646542081147,1.0028955888845994,0.0,0.0,0.0
image_438.png,surface,0.0,0.0,1.8118210026407529,-13.669226948689005,-7.981394519066703,0.0,-0.5171116937136612,-0.050208318906119376,0.0,0.0,0.0,-1.7899216163768765,0,0,0,0,0,0,-0.28181141388444064,-0.1560910949896183,0.9221725023023238,0.0,0.0,0.0
image_439.png,surface,0.0,0.0,2.4310462416483967,-20.590921008811293,-8.161342250637334,0.0,2.103380401103543,-0.3046460132339441,0.0,0.0,0.0,-1.421265326826591,0,0,0,0,0,0,1.657085569229967,-1.0175534828779005,3.7987279693919054,0.0,0.0,0.0
image_440.png,surface,0.0,0.0,1.0821322728834035,-6.188721509393117,-23.915559690099055,0.0,-1.9889247977807498,-0.12637869634068474,0.0,0.0,0.0,1.1468840446642856,0,0,0,0,0,0,-0.3970991465653435,0.0004011411360277106,0.7349351354994506,0.0,0.0,0.0
image_441.png,surface,0.0,0.0,1.0532464975038693,19.051016458149288,-0.4165532136533461,0.0,-2.9263530519450205,-0.5647465183737777,0.0,0.0,0.0,2.2143186210269867,0,0,0,0,0,0,-0.25512507284765523,-0.016163628128176677,0.508106611708921,0.0,0.0,0.0
image_442.png,surface,0.0,0.0,1.7124670328400935,-9.210088466345233,10.154161145100327,0.0,-2.1460286482993993,-1.4823777900366715,0.0,0.0,0.0,-2.7436702751471365,0,0,0,0,0,0,-0.40259469133202885,-0.16926268217377627,0.7492308256875485,0.0,0.0,0.0
image_443.png,surface,0.0,0.0,1.7353411957016687,12.964636586971471,16.75740097053049,0.0,0.341992240547714,-0.8585186232862106,0.0,0.0,0.0,-1.7666591238054608,0,0,0,0,0,0,0.1401112803655908,-0.3426028460125872,0.8740311738479036,0.0,0.0,0.0
image_444.png,surface,0.0,0.0,0.558681869830042,1.461416400122775,13.596418583964812,0.0,2.7529359725264033,-0.8819770712721055,0.0,0.0,0.0,-2.2381583547231045,0,0,0,0,0,0,0.08087171236690932,-0.022570874587160988,0.12954548118905063,0.0,0.0,0.0
image_445.png,surface,0.0,0.0,1.954865847250265,22.350915863962772,8.485765098303643,0.0,-0.4894034586035647,-1.4778647308872492,0.0,0.0,0.0,1.2531449872069924,0,0,0,0,0,0,-0.3163887545377497,-0.5525129235346804,1.1380146475040616,0.0,0.0,0.0
image_446.png,surface,0.0,0.0,1.544353580751412,5.03306762398364,-3.0992141382420946,0.0,2.669136918257919,-0.6954505810731495,0.0,0.0,0.0,-0.5036815894539446,0,0,0,0,0,0,0.22991800888459402,-0.09591992458545708,0.48459308192437384,0.0,0.0,0.0
image_447.png,surface,0.0,0.0,1.940949262464091,7.219267366555854,-9.56063055377408,0.0,-0.5288738751543024,0.5523447851821388,0.0,0.0,0.0,1.195980229735044,0,0,0,0,0,0,-0.20144649088538183,0.29406791475821914,0.8927191824677391,0.0,0.0,0.0
image_448.png,surface,0.0,0.0,2.7870591848476858,-4.754577431431353,-7.433711667700454,0.0,0.4573081632729406,1.9056924994850297,0.0,0.0,0.0,1.704468191010787,0,0,0,0,0,0,0.42647010155073956,0.871412261164264,1.735805389957214,0.0,0.0,0.0
image_449.png,surface,0.0,0.0,1.3327952075981129,13.511434085038836,-9.384584708930369,0.0,1.5730835402526162,-1.081026476967754,0.0,0.0,0.0,-0.9779755162089385,0,0,0,0,0,0,0.24854594240556688,-0.1334856121475844,0.6079263466024459,0.0,0.0,0.0
image_450.png,surface,0.0,0.0,0.7695896106198714,16.883602411964514,-1.4006779344562,0.0,-0.28163620905243314,-2.1258054751415156,0.0,0.0,0.0,-0.011816915784957693,0,0,0,0,0,0,-0.012793007285726743,-0.0721031528228688,0.37881569295058587,0.0,0.0,0.0
image_451.png,surface,0.0,0.0,1.0162967219739412,13.326356363661825,-13.876051994339145,0.0,-0.6990987274430271,-2.3208295504000693,0.0,0.0,0.0,0.23626958679221488,0,0,0,0,0,0,-0.035347416990041784,-0.1919578318579811,0.4074874614627971,0.0,0.0,0.0
image_452.png,surface,0.0,0.0,1.2663426447805455,3.5701680269313134,-6.815801607304964,0.0,-0.21923702681335894,-0.8127731031395992,0.0,0.0,0.0,2.4939703056514144,0,0,0,0,0,0,-0.041891543962278864,-0.2090134091003841,0.3236828296665914,0.0,0.0,0.0
image_453.png,surface,0.0,0.0,2.658675239882745,2.588355511185164,-20.313677083009647,0.0,-2.682600404850156,0.15490044717509432,0.0,0.0,0.0,-1.9082871855963488,0,0,0,0,0,0,-1.0273990187313538,0.04767444419002638,1.686864646150196,0.0,0.0,0.0
image_454.png,surface,0.0,0.0,1.872685730284326,-9.60921153564154,-16.218839486857636,0.0,0.3116944176255291,0.5693264536867471,0.0,0.0,0.0,-0.06339041067551765,0,0,0,0,0,0,0.4689430074905522,0.1693523490159471,1.4708215306084182,0.0,0.0,0.0
image_455.png,surface,0.0,0.0,2.987705166252935,-5.654337082598923,4.973230333904414,0.0,0.7074787687919549,-0.6267665261099129,0.0,0.0,0.0,2.277783253725749,0,0,0,0,0,0,0.414736329700519,-0.5170473278023454,2.21129004947027,0.0,0.0,0.0
image_456.png,surface,0.0,0.0,1.2125800398512647,4.011364240992546,1.091239656381928,0.0,1.1952872317698344,-2.4208357775890486,0.0,0.0,0.0,-1.1557585301130555,0,0,0,0,0,0,0.09061941777555553,-0.1237827159631957,0.26754511468240244,0.0,0.0,0.0
image_457.png,surface,0.0,0.0,0.6718170402971726,-16.854494680523988,2.0232822473382734,0.0,-2.670994075618075,0.8405637703994138,0.0,0.0,0.0,0.305845796117592,0,0,0,0,0,0,-0.14469521302614383,0.035583578419401976,0.2679559873775933,0.0,0.0,0.0
image_458.png,surface,0.0,0.0,1.2529703407132207,5.757161434096065,-9.812565449556118,0.0,0.805086547898408,-1.518755765839228,0.0,0.0,0.0,1.1189071895348643,0,0,0,0,0,0,0.1634266350666775,-0.2883732837291194,0.40297679383081403,0.0,0.0,0.0
image_459.png,surface,0.0,0.0,2.9814873311199435,-16.470045123639213,3.9126963330371565,0.0,2.5989822449815816,-0.4033417460148816,0.0,0.0,0.0,-1.8954183372358862,0,0,0,0,0,0,1.3740749060306137,-0.6874316320545055,3.2973605630856198,0.0,0.0,0.0
image_460.png,surface,0.0,0.0,2.357747911845328,-13.28026217532458,-0.6364928033283817,0.0,1.2510450407723686,1.3568197444472165,0.0,0.0,0.0,-2.503276989251791,0,0,0,0,0,0,0.5985958598205118,0.48940162456881003,1.1740374644541383,0.0,0.0,0.0
image_461.png,surface,0.0,0.0,2.7876533741244636,4.0109025045195,-9.22962568805106,0.0,-0.4203011215043574,-2.0475251732301336,0.0,0.0,0.0,-0.7941960655161431,0,0,0,0,0,0,-0.04065729117751512,-1.0697018305615063,1.8426836497936583,0.0,0.0,0.0
image_462.png,surface,0.0,0.0,1.9871118342724012,-15.850736647619563,3.845745708589997,0.0,0.931302697802495,-0.754535292276286,0.0,0.0,0.0,0.6610561017219654,0,0,0,0,0,0,0.568934223846349,-0.6436427510252184,1.3737528563696466,0.0,0.0,0.0
image_463.png,surface,0.0,0.0,1.1884086259495588,-14.83601819488931,3.5226006491186257,0.0,0.46800144795400567,-0.8316746545938358,0.0,0.0,0.0,2.7638923834642117,0,0,0,0,0,0,0.2155970240453495,-0.25704494755659985,0.47019690656625673,0.0,0.0,0.0
image_464.png,surface,0.0,0.0,2.886078447393452,-8.208361866389755,5.180101084814265,0.0,0.06970356060884748,-1.1608475009015573,0.0,0.0,0.0,1.4299537102591104,0,0,0,0,0,0,0.08715863993023755,-0.8822981304243104,2.27805239643118,0.0,0.0,0.0
image_465.png,surface,0.0,0.0,1.0728911309369793,2.4540450019904227,-14.268347580330882,0.0,1.198284356705817,0.6698112570585354,0.0,0.0,0.0,-1.5953999990714796,0,0,0,0,0,0,0.2841581682544849,0.09169142508097639,0.43709709156185633,0.0,0.0,0.0
image_466.png,surface,0.0,0.0,1.4927850850820363,-10.998747707172637,-9.83151461927285,0.0,-2.646922928246764,0.920094215017071,0.0,0.0,0.0,-2.8188519289258354,0,0,0,0,0,0,-0.3586288113085503,0.1281056016173299,0.6087927520683908,0.0,0.0,0.0
image_467.png,surface,0.0,0.0,1.2334695175486041,-1.3266151310003773,14.492490979309615,0.0,0.39203725837482234,0.23920364440036426,0.0,0.0,0.0,2.282023390362726,0,0,0,0,0,0,0.17398246406189552,0.08256428440947455,0.35496721259930786,0.0,0.0,0.0
image_468.png,surface,0.0,0.0,2.108647623108298,-20.290240605967277,9.37945111193917,0.0,-1.2777205011858355,-0.1866590520901447,0.0,0.0,0.0,0.1383082366367896,0,0,0,0,0,0,-0.925114314155287,-0.5723812080367607,2.240852786489987,0.0,0.0,0.0
image_469.png,surface,0.0,0.0,1.5450243148941896,-14.590573194256502,-13.001329079525952,0.0,1.6974976251141594,0.16929760452281015,0.0,0.0,0.0,0.9779142402109358,0,0,0,0,0,0,0.6862810736885158,-0.07776946800707238,1.2336765293625611,0.0,0.0,0.0
image_470.png,surface,0.0,0.0,2.8927705208613066,-6.071820063969153,9.10154921007771,0.0,-1.45610949666709,-1.2586968209245966,0.0,0.0,0.0,-1.5829367226457651,0,0,0,0,0,0,-0.9156542459554203,-0.8805755831931332,2.5626531939715504,0.0,0.0,0.0
image_471.png,surface,0.0,0.0,2.918550196798967,14.766237376582723,12.236330675969828,0.0,1.7502485290377408,0.7143464498245613,0.0,0.0,0.0,-1.6665418768790141,0,0,0,0,0,0,0.7910845062038968,0.7768294736988998,2.704444467880302,0.0,0.0,0.0
image_472.png,surface,0.0,0.0,0.7422850450359129,-4.639353754913464,18.609643728208194,0.0,0.883540248504668,2.577141786419925,0.0,0.0,0.0,1.9858982255119564,0,0,0,0,0,0,0.05456584382850945,0.18435974681086717,0.2566927163203043,0.0,0.0,0.0
image_473.png,surface,0.0,0.0,2.820832731346721,-2.6784370555326245,0.9585988376170608,0.0,1.7148094536064273,0.34888432283315274,0.0,0.0,0.0,-2.397131666979374,0,0,0,0,0,0,0.8985147208481337,0.1456582792479084,1.6864627054701176,0.0,0.0,0.0
image_474.png,surface,0.0,0.0,2.4949900379288668,10.919519434278262,-12.981624441950826,0.0,-1.8341060252200942,-0.21938103116178748,0.0,0.0,0.0,-2.278697951097454,0,0,0,0,0,0,-0.6773262729665049,-0.08053498219192248,1.5011680519542858,0.0,0.0,0.0
image_475.png,surface,0.0,0.0,2.280843590334191,-18.977782988544767,7.701895472948898,0.0,0.5401346475099115,0.2687920421300949,0.0,0.0,0.0,0.07527349697072161,0,0,0,0,0,0,0.32199996294394495,-0.19030922044403187,2.020006479821283,0.0,0.0,0.0
image_476.png,surface,0.0,0.0,1.4069649533834732,-2.533518788486038,-22.47912812336472,0.0,0.17423152016176324,-2.7482725441073983,0.0,0.0,0.0,-0.7470041296129537,0,0,0,0,0,0,0.3293583010627277,-0.6812399006372301,1.1754152277852938,0.0,0.0,0.0
image_477.png,surface,0.0,0.0,2.198893099662482,5.782545902790751,14.430729312813947,0.0,1.3861558793306643,1.799238573971532,0.0,0.0,0.0,-2.9448361658344266,0,0,0,0,0,0,0.3733561407760705,0.5700215542954209,1.0835338213233041,0.0,0.0,0.0
image_478.png,surface,0.0,0.0,2.5266660848019202,-12.051359141763811,-19.583860828045733,0.0,-1.5949745413480683,-2.151701664731921,0.0,0.0,0.0,-0.2155531559054329,0,0,0,0,0,0,-0.10237145230569844,-1.6343292164042253,3.017411112415265,0.0,0.0,0.0
image_479.png,surface,0.0,0.0,2.576061864893251,21.695059039887898,-10.610091545598578,0.0,-1.5511102400868082,-0.03895159440787507,0.0,0.0,0.0,-1.9660608849793342,0,0,0,0,0,0,-0.471475432439809,0.3237680898492144,2.6850843251232233,0.0,0.0,0.0
image_480.png,surface,0.0,0.0,2.514439046257634,-2.854816673257309,9.200281441259987,0.0,-0.106034223693062,-1.2834900919127845,0.0,0.0,0.0,-1.0571972554933435,0,0,0,0,0,0,-0.1424991257654605,-0.7494543440943711,1.4353837606482314,0.0,0.0,0.0
image_481.png,surface,0.0,0.0,1.3000589751493732,-4.514297204281945,-8.901127162835827,0.0,-0.40116863127663427,-0.2858096681267239,0.0,0.0,0.0,2.882611748714707,0,0,0,0,0,0,-0.1255711433672759,-0.08009765969852757,0.39714865396968674,0.0,0.0,0.0
image_482.png,surface,0.0,0.0,0.9625324800608357,-3.473309045652462,21.5247555860236,0.0,-1.3024273112981677,-2.0109604934590184,0.0,0.0,0.0,1.357640875189488,0,0,0,0,0,0,-0.1441062415986423,-0.2584528742889327,0.5089774831824232,0.0,0.0,0.0
image_483.png,surface,0.0,0.0,1.8594383765572726,-4.504261158651407,10.13219008729661,0.0,2.015935346091002,0.6752581779555935,0.0,0.0,0.0,-0.5596285453795518,0,0,0,0,0,0,0.4289309976702993,0.0527382611189413,0.7566510972425383,0.0,0.0,0.0
image_484.png,surface,0.0,0.0,1.1355650522610552,-9.771790198342144,18.363171284930107,0.0,-1.0390468962127215,1.345848225923381,0.0,0.0,0.0,2.029392885758859,0,0,0,0,0,0,-0.28294370003963726,0.30505603568039075,0.5322900426269309,0.0,0.0,0.0
image_485.png,surface,0.0,0.0,2.4624629558284776,17.957625740798946,10.796422460739779,0.0,0.2358666294176498,-0.7221479835021498,0.0,0.0,0.0,-1.7175840515422942,0,0,0,0,0,0,0.13486380366785275,-0.1095193956480446,1.8379273517460741,0.0,0.0,0.0
image_486.png,surface,0.0,0.0,0.6116749663093075,6.916687441174857,-10.309745158049532,0.0,2.5250054087087483,-0.6562491606678886,0.0,0.0,0.0,2.687496058163304,0,0,0,0,0,0,0.09765968088568777,0.0017697403060047134,0.16945819072076865,0.0,0.0,0.0
image_487.png,surface,0.0,0.0,1.56352136913632,5.163120101092598,2.508586906414588,0.0,0.35068586672351215,1.821133765160897,0.0,0.0,0.0,-2.919772642528173,0,0,0,0,0,0,0.018664458880817802,0.2863251042816366,0.42634294536599904,0.0,0.0,0.0
image_488.png,surface,0.0,0.0,2.446470072556719,-21.307993185403504,-3.284113306750824,0.0,0.020448642964300174,-1.8958356096135547,0.0,0.0,0.0,2.137810040175684,0,0,0,0,0,0,0.4579732244170903,-1.9709936005011073,3.9987604478439205,0.0,0.0,0.0
image_489.png,surface,0.0,0.0,0.7013977602191188,-10.775455558051926,-5.9295895699706955,0.0,-0.7036898757210929,0.9206253464614997,0.0,0.0,0.0,1.825286369992754,0,0,0,0,0,0,-0.09197085608982199,0.15280645698167347,0.24463672892175045,0.0,0.0,0.0
image_490.png,surface,0.0,0.0,2.217447863214634,-21.5989542066751,-7.344727662661774,0.0,2.734726238455413,0.6858699074005024,0.0,0.0,0.0,-1.2058001062047574,0,0,0,0,0,0,1.7376544254881594,-0.22263804980287918,2.6768713372269706,0.0,0.0,0.0
image_491.png,surface,0.0,0.0,1.077658141243262,0.5018619632172847,5.421258414851667,0.0,-1.3997449458875506,-0.18305628837025154,0.0,0.0,0.0,-0.8266114927518857,0,0,0,0,0,0,-0.11844261063751814,0.008685098870624124,0.26317735929222474,0.0,0.0,0.0
image_492.png,surface,0.0,0.0,0.8184847319972933,-9.099739564570957,17.15756715043881,0.0,0.397480648652117,-0.760091659850242,0.0,0.0,0.0,0.2567856864615825,0,0,0,0,0,0,0.1136395258178949,-0.22886281637253342,0.35557012361942425,0.0,0.0,0.0
image_493.png,surface,0.0,0.0,1.2697171364595978,-17.507143373343016,-14.776068704898703,0.0,-2.029549506396289,-1.9890074361881447,0.0,0.0,0.0,0.9886857521176715,0,0,0,0,0,0,-0.328919996744587,-0.5487815244183755,1.0419016988823657,0.0,0.0,0.0
image_494.png,surface,0.0,0.0,0.5483406199854435,-2.3327470277057882,10.529958322001542,0.0,-1.5019231841503675,-1.0997165488272995,0.0,0.0,0.0,-0.47379518199687,0,0,0,0,0,0,-0.0423496328503355,-0.058920553921251236,0.13485779717741117,0.0,0.0,0.0
image_495.png,surface,0.0,0.0,2.075056243217059,-0.07175232041236204,-4.042677677284064,0.0,-1.534064240268042,1.2255816371286858,0.0,0.0,0.0,0.8666808345575228,0,0,0,0,0,0,-0.4300952435153604,0.3127909806445021,0.8120988140592602,0.0,0.0,0.0
image_496.png,surface,0.0,0.0,1.332272207225237,9.721065989680364,10.005158062444034,0.0,-2.562887356513416,0.39462224696309395,0.0,0.0,0.0,1.5158717893985223,0,0,0,0,0,0,-0.26155657996036996,0.1111160946796844,0.48318628954410225,0.0,0.0,0.0
image_497.png,surface,0.0,0.0,2.984277998653496,-8.199834679789399,23.319210704432077,0.0,1.41496273524966,0.17578700498359423,0.0,0.0,0.0,1.0155009705408764,0,0,0,0,0,0,0.3542716402570353,-0.19516696094620303,3.105782236937911,0.0,0.0,0.0
image_498.png,surface,0.0,0.0,0.7445983673641081,1.796560944727991,-19.468014365661155,0.0,-1.1846719818612574,2.207229630964624,0.0,0.0,0.0,2.091904595044479,0,0,0,0,0,0,-0.13549690990516677,0.21630945846860614,0.4036690250020586,0.0,0.0,0.0
image_499.png,surface,0.0,0.0,2.737210689605092,-9.878868008428675,-6.3349536043268255,0.0,-0.10595945480900491,-0.3985014867502885,0.0,0.0,0.0,-2.5449120413212696,0,0,0,0,0,0,0.020566821372747214,-0.4998454520279797,2.0788907894526694,0.0,0.0,0.0
image_500.png,surface,0.0,0.0,1.7448943717228205,-8.737098311231547,23.37769010518954,0.0,0.6150419969847232,-0.36244048643644117,0.0,0.0,0.0,0.7512544933991618,0,0,0,0,0,0,0.18383517988009623,-0.3795408656795184,1.27447350839045,0.0,0.0,0.0
image_501.png,surface,0.0,0.0,0.7942517977325282,-2.0035451293922573,-17.298142869770125,0.0,0.014334965819067312,-1.666371168672927,0.0,0.0,0.0,0.7328845335659606,0,0,0,0,0,0,0.0781642700683953,-0.27530080200209794,0.3933525475467304,0.0,0.0,0.0
image_502.png,surface,0.0,0.0,2.640293352871742,-9.913257536727752,-5.3969364241567295,0.0,-2.5944867084448924,1.0686320910319143,0.0,0.0,0.0,-2.6682930324625627,0,0,0,0,0,0,-0.8801333335061151,0.26362838149493767,1.461844855420016,0.0,0.0,0.0
image_503.png,surface,0.0,0.0,0.7776139091296306,4.781496769314409,-22.71223158351524,0.0,-1.8334965669108,-0.5898489968113253,0.0,0.0,0.0,-1.8656182015718434,0,0,0,0,0,0,-0.2752916371521003,-0.04594245834388314,0.48372221045087255,0.0,0.0,0.0
image_504.png,surface,0.0,0.0,2.1146482019074297,2.123721856613902,-20.201064634023542,0.0,-0.9491374570100616,2.2461856857394604,0.0,0.0,0.0,1.793410114508406,0,0,0,0,0,0,-0.23629472795754125,1.05006951143356,1.5396739691057326,0.0,0.0,0.0
image_505.png,surface,0.0,0.0,1.1130439065242843,-1.2608210412734573,-12.170356354367753,0.0,-0.7457187875327481,-1.687998679568505,0.0,0.0,0.0,2.4266587427361817,0,0,0,0,0,0,-0.0485148092141803,-0.20031100610232347,0.3383983245649927,0.0,0.0,0.0
image_506.png,surface,0.0,0.0,1.622793860515826,20.406632389826402,-8.145092727163643,0.0,0.3310960272010227,1.6478423962990263,0.0,0.0,0.0,-2.426377859409004,0,0,0,0,0,0,0.4107961565072348,0.9159939858506407,1.659666660131602,0.0,0.0,0.0
image_507.png,surface,0.0,0.0,1.9325498076635903,-7.526839612050182,17.668759124203802,0.0,-0.762157806778218,-2.7515921019808216,0.0,0.0,0.0,2.2937256474206915,0,0,0,0,0,0,-0.26084585733338533,-0.8503672959965025,1.392755718522212,0.0,0.0,0.0
image_508.png,surface,0.0,0.0,2.7991886489691247,3.9686476200725966,-1.4251295525881245,0.0,-2.6239914014653265,1.1674033798147687,0.0,0.0,0.0,-1.758372766977298,0,0,0,0,0,0,-1.1782868021412258,0.4646394182071916,1.6038013716083557,0.0,0.0,0.0
image_509.png,surface,0.0,0.0,1.21128440121903,-2.810758880071006,23.26816456312142,0.0,-0.48975420270916437,1.1264680166813734,0.0,0.0,0.0,-1.9871523015165007,0,0,0,0,0,0,-0.2822588495425427,0.49495467637342944,0.7424201641640084,0.0,0.0,0.0
image_510.png,surface,0.0,0.0,1.469237116320729,8.037246629729479,-17.158931466989095,0.0,0.39487718181977316,2.2093710173798975,0.0,0.0,0.0,2.147952818274348,0,0,0,0,0,0,0.08546021069744295,0.49663632293975735,0.8866007521154451,0.0,0.0,0.0
image_511.png,surface,0.0,0.0,0.9989894269780446,-13.146013492645633,-8.27502044475754,0.0,-2.6004964300564035,-1.1467090539272955,0.0,0.0,0.0,0.206090981540195,0,0,0,0,0,0,-0.19058019633148088,-0.05046040870730149,0.4691049677187123,0.0,0.0,0.0
image_512.png,surface,0.0,0.0,1.3590540883187607,-16.591843659535982,-0.5452132730820474,0.0,-0.405654410055475,1.2930458046412416,0.0,0.0,0.0,-1.101937707139883,0,0,0,0,0,0,-0.13675094725984668,0.33674618542658236,0.5402841961529212,0.0,0.0,0.0
image_513.png,surface,0.0,0.0,0.8145295698047743,-23.357778242549355,4.103200409055224,0.0,-0.4506460804295985,1.8102908041455197,0.0,0.0,0.0,1.927934931240305,0,0,0,0,0,0,-0.05543636490481625,0.3016817308302749,0.4576362603138276,0.0,0.0,0.0
image_514.png,surface,0.0,0.0,1.8702084903635283,10.23028426103169,-16.91595400392055,0.0,-0.8174351530049518,-2.3905133502845834,0.0,0.0,0.0,2.400667506605391,0,0,0,0,0,0,-0.12180903130323635,-0.5615268008265984,1.0249487341981975,0.0,0.0,0.0
image_515.png,surface,0.0,0.0,1.898079034472628,-19.487919854328492,11.005309492810651,0.0,-1.2837257078646793,-1.74432374870392,0.0,0.0,0.0,2.7490928845689755,0,0,0,0,0,0,-0.5928765972247749,-1.3469611451689163,2.303374659276079,0.0,0.0,0.0
image_516.png,surface,0.0,0.0,2.058432840538642,6.910551711308172,-23.69722406175844,0.0,2.1309655067634674,-1.3875485511872916,0.0,0.0,0.0,-2.7339288970859332,0,0,0,0,0,0,1.8054546247005248,-0.6419909934062804,3.18998880941419,0.0,0.0,0.0
image_517.png,surface,0.0,0.0,1.0758809490947545,17.654245286763473,17.160118612310487,0.0,0.7210236823162338,-0.4654558467516212,0.0,0.0,0.0,-1.0378056318322775,0,0,0,0,0,0,0.3122187759554405,-0.16232058086675497,0.5736899326749364,0.0,0.0,0.0
image_518.png,surface,0.0,0.0,1.5808891321353766,12.953849026525287,-11.814583174350886,0.0,-0.039779903810611354,-2.6388599998990414,0.0,0.0,0.0,-1.9775226350858277,0,0,0,0,0,0,0.10947563479555975,-0.35213584712759954,0.8272899387624209,0.0,0.0,0.0
image_519.png,surface,0.0,0.0,0.6035727186723887,11.629810605923602,-8.341494463181638,0.0,2.222757658134281,0.3888117429249517,0.0,0.0,0.0,-0.3747692482717615,0,0,0,0,0,0,0.09805232850402201,0.015455732005774714,0.2153642823932011,0.0,0.0,0.0
image_520.png,surface,0.0,0.0,0.6006417190188347,-11.873511420352443,-9.608302595785453,0.0,-2.276111124619386,1.050345951464087,0.0,0.0,0.0,2.069928763191287,0,0,0,0,0,0,-0.11633631488645373,0.061610559186378415,0.23344714698914254,0.0,0.0,0.0
image_521.png,surface,0.0,0.0,1.2736571459701336,-11.380415506567449,-0.84318293606673,0.0,2.780374456487371,-0.4759479516113182,0.0,0.0,0.0,-1.6188155299360867,0,0,0,0,0,0,0.3216286217855202,-0.09615588995959103,0.44152513805404575,0.0,0.0,0.0
image_522.png,surface,0.0,0.0,1.7228573779363798,7.048474833281985,-21.602015316415272,0.0,0.20580474860091835,-1.0011523121462813,0.0,0.0,0.0,-0.07948471804570456,0,0,0,0,0,0,0.5143014168581231,-0.4967716097542609,1.4751088978625806,0.0,0.0,0.0
image_523.png,surface,0.0,0.0,2.2324350454057837,-10.800859162896398,-13.040365319668906,0.0,1.1138377942473832,0.6288498654896236,0.0,0.0,0.0,2.352641797997032,0,0,0,0,0,0,0.9366228462864635,0.17256777051414585,1.8489137303348644,0.0,0.0,0.0
image_524.png,surface,0.0,0.0,2.396683662536555,17.55291490491714,1.4121649515557089,0.0,2.6093929226388366,1.3405274627057164,0.0,0.0,0.0,0.4946416985316411,0,0,0,0,0,0,0.669858358768187,0.41129236642298495,2.0317967397702286,0.0,0.0,0.0
image_525.png,surface,0.0,0.0,1.5044524501147998,5.315907597443509,-6.9551047563678425,0.0,1.256675332708967,-0.9760756430571629,0.0,0.0,0.0,-1.092040594723393,0,0,0,0,0,0,0.24836331560634142,-0.15661965742767842,0.5138677614567014,0.0,0.0,0.0
image_526.png,surface,0.0,0.0,2.3890160539883376,4.011073922931241,23.656097839294304,0.0,0.3429101011374353,-1.347165276377263,0.0,0.0,0.0,-0.4323172032194904,0,0,0,0,0,0,-0.147328082714974,-0.8060341215042127,2.1425179991089744,0.0,0.0,0.0
image_527.png,surface,0.0,0.0,2.31901002664332,-8.299372597414283,7.492094638046954,0.0,1.3471681526864887,-1.6695783321091724,0.0,0.0,0.0,2.1605617560022523,0,0,0,0,0,0,0.4478830937598969,-0.6019618273381943,1.2670599358467942,0.0,0.0,0.0
image_528.png,surface,0.0,0.0,2.081185426346184,-9.494837701693669,12.047074951242365,0.0,0.41536913189257735,0.9241970836173706,0.0,0.0,0.0,0.9074705547315278,0,0,0,0,0,0,0.26326566242311955,0.3797862696686175,1.001703164867037,0.0,0.0,0.0
image_529.png,surface,0.0,0.0,0.8540744028717588,-15.003912797611513,-0.13945874665284513,0.0,2.9420146556637032,0.24108826310007667,0.0,0.0,0.0,0.43471779717159587,0,0,0,0,0,0,0.19995199491172197,-0.048490884384529975,0.34779927047125503,0.0,0.0,0.0
image_530.png,surface,0.0,0.0,1.2181099714423151,5.169062871783866,-22.777445200797168,0.0,1.176606528693699,1.6919213614901278,0.0,0.0,0.0,-1.434373569301552,0,0,0,0,0,0,0.5434577853544302,0.5180383823737081,1.2210153979401117,0.0,0.0,0.0
image_531.png,surface,0.0,0.0,1.8346918794059162,-4.105139738524608,8.806667566605443,0.0,-1.6058186497874283,-2.1875661965488233,0.0,0.0,0.0,2.752324099746202,0,0,0,0,0,0,-0.21687845541991316,-0.4046570201023378,0.7329924222124083,0.0,0.0,0.0
image_532.png,surface,0.0,0.0,2.5348298343703406,-4.349140891790133,-22.209590851369015,0.0,2.853177501936644,0.16034956310705384,0.0,0.0,0.0,2.8367685493597428,0,0,0,0,0,0,2.8767145130458043,-0.07368254772707218,5.4417944794363,0.0,0.0,0.0
image_533.png,surface,0.0,0.0,1.5082845421179019,-13.630539308172525,-12.001769269539594,0.0,-1.6089775244585238,0.8255724265332502,0.0,0.0,0.0,0.509991546983569,0,0,0,0,0,0,-0.3567157955866657,0.16519935843118916,0.8108349339207945,0.0,0.0,0.0
image_534.png,surface,0.0,0.0,2.917665616094188,-10.118120755942423,-8.87205016853129,0.0,0.8389044540360271,0.06370602870887418,0.0,0.0,0.0,1.8719394212221552,0,0,0,0,0,0,0.9526103006686382,-0.21340708436675856,2.942547427747011,0.0,0.0,0.0
image_535.png,surface,0.0,0.0,2.163501424344089,-20.782330993376586,-2.7319557356483086,0.0,0.262908756189347,1.0335708900022316,0.0,0.0,0.0,-1.5561720321538388,0,0,0,0,0,0,0.21800161023514814,0.2921943496875954,1.5143740362986178,0.0,0.0,0.0
image_536.png,surface,0.0,0.0,1.2826390927617324,-9.179310018788575,-5.0200628017184385,0.0,0.13071232075623954,2.2775838725260025,0.0,0.0,0.0,0.9068966275088952,0,0,0,0,0,0,0.014607100158030784,0.21909384988338704,0.39750593457420014,0.0,0.0,0.0
image_537.png,surface,0.0,0.0,1.9035852004141782,-17.43091843234934,17.77530108638957,0.0,1.9774859113019243,1.5380242226247034,0.0,0.0,0.0,-2.2172754153393583,0,0,0,0,0,0,0.526709385975484,0.3718578330977162,1.0422187854188711,0.0,0.0,0.0
image_538.png,surface,0.0,0.0,1.4376842036793385,-1.2152148370857538,-0.07237406881864371,0.0,-0.45036043648327595,-1.522152973373957,0.0,0.0,0.0,2.3240528027107006,0,0,0,0,0,0,-0.02311142144195184,-0.2481962460265762,0.3788514210110375,0.0,0.0,0.0
image_539.png,surface,0.0,0.0,2.779952860972138,13.381009063447957,-0.8929781673089985,0.0,0.5906982310985871,-1.5885901967886855,0.0,0.0,0.0,1.5208687204201086,0,0,0,0,0,0,0.3581220219407001,-0.6662482338672518,1.6461346572356512,0.0,0.0,0.0
image_540.png,surface,0.0,0.0,0.6208679850034193,7.996686497335174,-10.551667752073165,0.0,-0.34418028656702054,-0.5211873363820139,0.0,0.0,0.0,-2.1796925639966176,0,0,0,0,0,0,-0.02146321457894418,-0.09894028137437176,0.19539676260845104,0.0,0.0,0.0
image_541.png,surface,0.0,0.0,1.0722888375703796,-15.007610604886857,-4.329969630234498,0.0,1.4311692477984956,-2.359604544818114,0.0,0.0,0.0,-2.3657480701434337,0,0,0,0,0,0,0.20273400981991951,-0.30885507820394764,0.5287373336157991,0.0,0.0,0.0
image_542.png,surface,0.0,0.0,0.7414163273773997,7.861978274806209,5.0658488512509425,0.0,-1.8646939529154203,1.5427843187857346,0.0,0.0,0.0,-2.370723240559678,0,0,0,0,0,0,-0.06795238821171813,0.0355599818819886,0.15218813950009571,0.0,0.0,0.0
image_543.png,surface,0.0,0.0,2.51404922987083,12.124158816326817,20.114115040490027,0.0,-0.8477765695118836,-2.459968637949917,0.0,0.0,0.0,0.6027684461140419,0,0,0,0,0,0,-0.7371365497127655,-1.1042943544095463,2.2986853513418373,0.0,0.0,0.0
image_544.png,surface,0.0,0.0,0.9776985061241662,9.93116180488135,11.705352662293764,0.0,-1.7038073629155934,-1.0600525618716967,0.0,0.0,0.0,1.173375814886925,0,0,0,0,0,0,-0.13576476254403044,-0.1461333562011649,0.3305158212279126,0.0,0.0,0.0
image_545.png,surface,0.0,0.0,2.3571184524552002,-4.3865817521746715,-19.77045136470566,0.0,-0.538055788076773,-2.9093587836689374,0.0,0.0,0.0,-2.0810512669342396,0,0,0,0,0,0,0.15887618398598233,-1.4960220451118371,2.293058181820749,0.0,0.0,0.0
image_546.png,surface,0.0,0.0,1.9039912352908779,-15.00545934969671,-3.090289277201439,0.0,-0.4252485113843795,-2.1445543850636426,0.0,0.0,0.0,-1.6429452010214773,0,0,0,0,0,0,-0.07310550772985655,-0.9938751441348044,1.4705736671890361,0.0,0.0,0.0
image_547.png,surface,0.0,0.0,2.575539963092232,-21.960418130691146,6.450900871095517,0.0,1.0165688097823786,-1.4691086019413286,0.0,0.0,0.0,2.3855595452332023,0,0,0,0,0,0,0.7088567898527399,-1.7951616423114412,3.9951027876552105,0.0,0.0,0.0
image_548.png,surface,0.0,0.0,2.987371981728036,-10.403906382987598,-17.432283738362372,0.0,-0.6380430751998789,2.2229499814948785,0.0,0.0,0.0,-2.6991891866742,0,0,0,0,0,0,0.07013021279247912,0.7277408103665634,2.657484398424553,0.0,0.0,0.0
image_549.png,surface,0.0,0.0,0.8855919663910043,2.2897012051101506,-8.902479857305327,0.0,-2.0963871314007942,-0.13353280133470366,0.0,0.0,0.0,-1.8626404633994038,0,0,0,0,0,0,-0.12446929501195043,-0.006531521556028217,0.20452751505755024,0.0,0.0,0.0
image_550.png,surface,0.0,0.0,0.8760433286707219,7.586439063898339,-0.3237152511535608,0.0,1.4310429684134285,0.8569732337091898,0.0,0.0,0.0,-2.9875078230430234,0,0,0,0,0,0,0.1022162195263571,0.043000756679679626,0.1762107941460744,0.0,0.0,0.0
image_551.png,surface,0.0,0.0,2.0905388334693473,-17.747617564993025,-12.478945707536733,0.0,-0.545080407826393,1.5913976414265507,0.0,0.0,0.0,-2.8837901066918494,0,0,0,0,0,0,-0.22240291609647603,0.5162686420677036,1.2837851341455824,0.0,0.0,0.0
image_552.png,surface,0.0,0.0,0.5907609325111545,-13.167773894254983,-15.291333361971066,0.0,-2.982451076837485,-0.26393636130170395,0.0,0.0,0.0,-1.6270622191464923,0,0,0,0,0,0,-0.18572232347209006,-0.0025720225780602735,0.3067231659710899,0.0,0.0,0.0
image_553.png,surface,0.0,0.0,2.5435448754970933,11.37541889626542,-3.9324738911428794,0.0,-0.5541486766621997,2.5073722269089154,0.0,0.0,0.0,0.4389900205821471,0,0,0,0,0,0,-0.09748009786644961,1.4970288307081405,2.3191307339351237,0.0,0.0,0.0
image_554.png,surface,0.0,0.0,1.4415982296240608,2.5303054703288272,16.14118532493258,0.0,2.84268493703035,0.33160690909978124,0.0,0.0,0.0,0.5513628340886916,0,0,0,0,0,0,0.3068952047580254,-0.005433496015058148,0.5405878846667577,0.0,0.0,0.0
image_555.png,surface,0.0,0.0,1.4973368073155495,-7.396441081372653,-13.63000642571163,0.0,0.25213282462083225,-0.05323755674482004,0.0,0.0,0.0,-2.0743721779743884,0,0,0,0,0,0,0.1859049502713154,-0.12439622593594409,0.8001969039214035,0.0,0.0,0.0
image_556.png,surface,0.0,0.0,1.9301145320811708,-12.81677357038036,1.9612888066554053,0.0,1.979602449722339,-1.8150268814003079,0.0,0.0,0.0,-1.502444368743816,0,0,0,0,0,0,0.4066033495750224,-0.44769710434437315,1.0412139337186765,0.0,0.0,0.0
image_557.png,surface,0.0,0.0,1.355238476917689,-16.565825378820943,-17.105254717533555,0.0,-1.3112753192663729,2.1437454442105883,0.0,0.0,0.0,1.3922816424834341,0,0,0,0,0,0,-0.2374270141127374,0.3625136042820111,0.8672517743772594,0.0,0.0,0.0
image_558.png,surface,0.0,0.0,1.2505880997949292,2.4515153010479818,15.047537354015995,0.0,1.0262560431979415,0.6691090673902578,0.0,0.0,0.0,-0.15923810470748467,0,0,0,0,0,0,0.21080611434567448,0.1278570514232421,0.43351981950916435,0.0,0.0,0.0
image_559.png,surface,0.0,0.0,1.0124230471144355,3.882965256655989,21.32958065341505,0.0,-2.18305076059891,1.549866768394301,0.0,0.0,0.0,1.2229699875001758,0,0,0,0,0,0,-0.2814644229659128,0.1898813365656021,0.5667564559435955,0.0,0.0,0.0
image_560.png,surface,0.0,0.0,2.297053675775587,1.3263973099922715,-22.248117605916764,0.0,2.21578183563738,1.3863626159493536,0.0,0.0,0.0,2.117857748221053,0,0,0,0,0,0,2.122963490273522,0.7605022429113236,4.019232626482547,0.0,0.0,0.0
image_561.png,surface,0.0,0.0,2.421531402094865,-10.250659660347266,-21.632084980702803,0.0,-1.2221705863112813,2.287804479722032,0.0,0.0,0.0,1.0417015720319114,0,0,0,0,0,0,-0.3326318864388398,0.932841913563806,1.9273479880444753,0.0,0.0,0.0
image_562.png,surface,0.0,0.0,2.0202566601342884,1.6937529183194169,-5.276075632354642,0.0,-0.010632225945851528,-2.2155521227191874,0.0,0.0,0.0,-1.7902120878665984,0,0,0,0,0,0,0.05573769912353795,-0.44998124916598975,0.8034526234300334,0.0,0.0,0.0
image_563.png,surface,0.0,0.0,1.0900845034312003,11.366044841870222,16.43604447456647,0.0,-0.34283861652076925,1.2856049302322117,0.0,0.0,0.0,-0.06235029760312294,0,0,0,0,0,0,-0.11214198606424786,0.18096184542333812,0.5030198291021598,0.0,0.0,0.0
image_564.png,surface,0.0,0.0,2.2368973580875937,-6.699328233345766,-5.000640900274404,0.0,-1.0487460700180955,-1.8684619939536902,0.0,0.0,0.0,0.6129221428309943,0,0,0,0,0,0,-0.20633175776465623,-0.5308670332141244,1.2616516006959706,0.0,0.0,0.0
image_565.png,surface,0.0,0.0,0.8946472653615143,-1.458486530624447,11.877540961046355,0.0,-0.6462244639984632,-2.093393537546343,0.0,0.0,0.0,-2.927443633929235,0,0,0,0,0,0,-0.008409964104321432,-0.13784310605659167,0.23451005678757025,0.0,0.0,0.0
image_566.png,surface,0.0,0.0,2.695706154298475,-16.219194816262075,-14.689534774913776,0.0,1.3443462850505814,1.715290893009357,0.0,0.0,0.0,-0.020439924548799393,0,0,0,0,0,0,1.4257582902113508,0.38790347853882634,3.4876258830117473,0.0,0.0,0.0
image_567.png,surface,0.0,0.0,1.6158151461081052,16.619190849275615,-13.953485581689357,0.0,-0.7535929782552458,2.5566281879309516,0.0,0.0,0.0,-1.8253753304080889,0,0,0,0,0,0,0.030398230731038343,0.7294397610603279,1.380183907250891,0.0,0.0,0.0
image_568.png,surface,0.0,0.0,1.6896531848208192,18.91618483947183,7.5289603882288185,0.0,-1.162315133757355,2.5110174632988036,0.0,0.0,0.0,2.8872570842201988,0,0,0,0,0,0,-0.41590209743557355,0.7308555533051321,1.4091124711975953,0.0,0.0,0.0
image_569.png,surface,0.0,0.0,1.0103704761251326,6.643561666455467,-11.343525742291776,0.0,0.4608608748217175,1.8114740551875033,0.0,0.0,0.0,0.3952402485197366,0,0,0,0,0,0,0.046181751854078204,0.15779004568338276,0.3465264583176756,0.0,0.0,0.0
image_570.png,surface,0.0,0.0,2.038777802832259,4.507856595560294,-12.141112704853352,0.0,2.4441668980783984,1.672290017049437,0.0,0.0,0.0,-0.03401665869100956,0,0,0,0,0,0,0.5758588233169719,0.19315496285608738,1.2556760825854818,0.0,0.0,0.0
image_571.png,surface,0.0,0.0,2.96262221210612,-18.542899509770677,-16.766260140159247,0.0,-0.6140276500950167,0.1561812376879434,0.0,0.0,0.0,-0.8188355226336017,0,0,0,0,0,0,0.515546322872842,-1.0678141075684342,4.91496413104709,0.0,0.0,0.0
image_572.png,surface,0.0,0.0,1.97275121260526,22.149733251593396,-2.561113055298248,0.0,1.001219080836407,-1.9867338450905645,0.0,0.0,0.0,-0.49789699991356384,0,0,0,0,0,0,0.3654270939097089,-0.4830132553397563,1.3312275324174236,0.0,0.0,0.0
image_573.png,surface,0.0,0.0,2.130862886385097,-23.52099666525971,4.385098662418171,0.0,-1.1845676321396512,-1.7343961892369557,0.0,0.0,0.0,-1.7967090005869903,0,0,0,0,0,0,-0.6816271340882594,-1.7920862269352276,3.3464107240777716,0.0,0.0,0.0
image_574.png,surface,0.0,0.0,1.2212229148388651,0.7994991199070265,-12.284856886012875,0.0,-2.1461131119155685,0.3780309593362668,0.0,0.0,0.0,2.6541140051791468,0,0,0,0,0,0,-0.2259778356913096,0.058679869239634516,0.367092423114986,0.0,0.0,0.0
image_575.png,surface,0.0,0.0,1.3146285201058292,-15.281307289148975,-3.811057466697686,0.0,-0.5037849762301697,-1.1471792480970548,0.0,0.0,0.0,2.4265423004178555,0,0,0,0,0,0,-0.07293809983056675,-0.44552622290234073,0.638424712205232,0.0,0.0,0.0
image_576.png,surface,0.0,0.0,0.9908889751763343,-10.106480741948726,8.885290778533879,0.0,-1.0450630613886374,-2.1794715658048367,0.0,0.0,0.0,-1.1494051123775653,0,0,0,0,0,0,-0.03886298287512726,-0.20075462100569522,0.2809431373516602,0.0,0.0,0.0
image_577.png,surface,0.0,0.0,1.786504179918809,-23.585023868443226,7.083886713479184,0.0,-1.694378654149972,-0.9189142466328405,0.0,0.0,0.0,2.892784235089536,0,0,0,0,0,0,-0.7249035979446623,-1.0090508638966065,2.1947836855417453,0.0,0.0,0.0
image_578.png,surface,0.0,0.0,0.8699364416539985,17.685522607965694,6.169861945133611,0.0,0.25452689292145037,2.5271432232232645,0.0,0.0,0.0,-1.8625499878598675,0,0,0,0,0,0,0.012426231797282911,0.17992359777714884,0.3708438694623782,0.0,0.0,0.0
image_579.png,surface,0.0,0.0,2.0462031905682907,-16.599279707525195,7.19521096521613,0.0,0.07019854899650235,2.791489688003983,0.0,0.0,0.0,-2.056707576399165,0,0,0,0,0,0,-0.08251078788995554,0.6091760753767173,1.00108685582425,0.0,0.0,0.0
image_580.png,surface,0.0,0.0,1.6632755605345717,-22.002043613183595,-3.6080093638398747,0.0,1.477820505434843,0.9584735546810798,0.0,0.0,0.0,-2.2780734483760057,0,0,0,0,0,0,0.6566255252743265,0.25740833423276627,1.1036487193574163,0.0,0.0,0.0
image_581.png,surface,0.0,0.0,2.0607797325780375,-11.701693496583497,-9.862736108195193,0.0,-0.32723114090935657,-0.7439894293790931,0.0,0.0,0.0,0.9598785858329855,0,0,0,0,0,0,-0.021939566146923318,-0.5644527714658593,1.403550058786075,0.0,0.0,0.0
image_582.png,surface,0.0,0.0,0.6768021240331519,-16.066175269184505,-15.333625579253916,0.0,1.9468267772043246,-0.29983500650294526,0.0,0.0,0.0,-0.035872369182668784,0,0,0,0,0,0,0.24132305249620908,-0.11644891213511202,0.5901695005581234,0.0,0.0,0.0
image_583.png,surface,0.0,0.0,2.7101426802998088,5.067110591682312,-21.41004710924995,0.0,0.4672106645663583,2.072242622071076,0.0,0.0,0.0,-1.039148200631311,0,0,0,0,0,0,1.4646988894761486,1.3256770684220316,4.506710749288365,0.0,0.0,0.0
image_584.png,surface,0.0,0.0,1.4464534454593738,10.627281024583075,-15.985056175199471,0.0,1.1517895433941336,1.2906058948452808,0.0,0.0,0.0,-1.206048489266914,0,0,0,0,0,0,0.48390318612708544,0.417351957230745,1.0357564724847328,0.0,0.0,0.0
image_585.png,surface,0.0,0.0,1.0173283967049993,8.677813146091697,4.775308106587063,0.0,0.15032651694175833,2.4850549268982935,0.0,0.0,0.0,0.42570439203208377,0,0,0,0,0,0,0.005996246574561551,0.11248469384966141,0.25508495359999306,0.0,0.0,0.0
image_586.png,surface,0.0,0.0,1.7519592862654343,7.7306904770731535,-8.040649877086276,0.0,1.184029149321205,1.6831425233593502,0.0,0.0,0.0,0.5342596113175047,0,0,0,0,0,0,0.21220016557976015,0.3722275121838597,0.7922786725238721,0.0,0.0,0.0
image_587.png,surface,0.0,0.0,2.8245522416840556,1.0972019903167678,-12.663372741345668,0.0,1.1329263024856175,-0.5398276498859971,0.0,0.0,0.0,-2.4453380517141623,0,0,0,0,0,0,1.0211942732276773,-0.40940149722492497,2.804125756539576,0.0,0.0,0.0
image_588.png,surface,0.0,0.0,2.2357153668556435,-18.388458594929862,15.967268195841656,0.0,-0.7042951322818258,1.4834362039619036,0.0,0.0,0.0,0.846824395812928,0,0,0,0,0,0,-0.48047284608163765,0.48592349495407555,1.8969456416041532,0.0,0.0,0.0
image_589.png,surface,0.0,0.0,1.350216800584248,11.662632106739357,-2.1440046572043445,0.0,-0.9516700051618442,2.084487214384809,0.0,0.0,0.0,1.0141786593576239,0,0,0,0,0,0,-0.10254951343494301,0.15533600579238951,0.42550780195294824,0.0,0.0,0.0
image_590.png,surface,0.0,0.0,1.2596088683879758,12.56428652144205,18.915591526834877,0.0,-0.8568170560405782,0.6479406724395187,0.0,0.0,0.0,2.4763653990441794,0,0,0,0,0,0,-0.5639348152175577,0.2761502773489799,0.8382361232832032,0.0,0.0,0.0
image_591.png,surface,0.0,0.0,2.1532163925658976,-4.209189854076,-4.814453923182209,0.0,1.641873559431036,-1.3785377073465503,0.0,0.0,0.0,1.7845815612407616,0,0,0,0,0,0,0.5497036218879331,-0.39691735583074345,0.9533898951216945,0.0,0.0,0.0
image_592.png,surface,0.0,0.0,0.7220116412672186,-13.543092297901302,6.26480984163966,0.0,0.7499021006979171,-0.0397479737555899,0.0,0.0,0.0,2.223335347534084,0,0,0,0,0,0,0.1687167246842348,-0.02980242675311987,0.22698930006256018,0.0,0.0,0.0
image_593.png,surface,0.0,0.0,1.4135254561854538,-2.3785833131971046,-17.20927828066596,0.0,-1.8513206552451376,-1.6760357122347052,0.0,0.0,0.0,-1.6217736348740122,0,0,0,0,0,0,-0.2948600986890828,-0.340271508116144,0.6466689621543822,0.0,0.0,0.0
image_594.png,surface,0.0,0.0,1.6966944590205362,2.614576989229112,-13.20979133499818,0.0,0.3192368461118556,-2.494986860340018,0.0,0.0,0.0,0.9856325456362836,0,0,0,0,0,0,0.1742442291407848,-0.5052254625582342,0.8037384479136436,0.0,0.0,0.0
image_595.png,surface,0.0,0.0,2.401293693047301,-3.7189556899828182,3.1987501815456123,0.0,0.6657205317611182,0.13545267605432507,0.0,0.0,0.0,1.9378826359688377,0,0,0,0,0,0,0.3977520373725733,0.0444794730242525,1.1300428240158533,0.0,0.0,0.0
image_596.png,surface,0.0,0.0,1.31379328399266,12.687036523390143,5.866383903370341,0.0,0.715039200397562,-2.019476096602183,0.0,0.0,0.0,-2.5361167313776365,0,0,0,0,0,0,0.13383348414222368,-0.19477683152763473,0.4131816210972316,0.0,0.0,0.0
image_597.png,surface,0.0,0.0,2.4803795713956305,4.347840568521502,-18.535180352709762,0.0,0.3101504483824083,2.663604171439077,0.0,0.0,0.0,0.03990908384466163,0,0,0,0,0,0,0.8254913951779279,1.4325693829047181,2.9287385323825643,0.0,0.0,0.0
image_598.png,surface,0.0,0.0,2.4567187265702564,1.8525469071656788,-19.290479572378917,0.0,-1.028748184434947,2.365188211910239,0.0,0.0,0.0,0.18528593460790077,0,0,0,0,0,0,-0.17396876705195327,1.1639464009906113,2.070530423307053,0.0,0.0,0.0
image_599.png,surface,0.0,0.0,0.5486580260471812,-4.638562128789555,16.581305286664257,0.0,0.7194421189569341,-2.349517494696681,0.0,0.0,0.0,0.3987255915682235,0,0,0,0,0,0,0.06975430596407378,-0.10637790996707443,0.21605651356444613,0.0,0.0,0.0
image_600.png,surface,0.0,0.0,0.9760328098257005,-6.28816082821202,-23.90716093610277,0.0,1.8614781302144179,0.31469329623207515,0.0,0.0,0.0,2.883718251845,0,0,0,0,0,0,0.6228243485177253,0.057388352091874616,1.0268110593492248,0.0,0.0,0.0
image_601.png,surface,0.0,0.0,2.1334856966782354,5.654623855283772,-23.640511067083104,0.0,-1.2007741282095619,-1.1747464853369733,0.0,0.0,0.0,2.3266174729224094,0,0,0,0,0,0,-0.34017893891682205,-0.4534074663984152,1.6204037546993437,0.0,0.0,0.0
image_602.png,surface,0.0,0.0,1.7401051507607423,-6.219580545128371,-22.17495534624614,0.0,-0.7086640830953268,2.8385444926140058,0.0,0.0,0.0,0.05501430051371248,0,0,0,0,0,0,-0.10943302187574036,0.5711541880912635,1.2453997991981607,0.0,0.0,0.0
image_603.png,surface,0.0,0.0,0.5690908038854814,15.566826574439013,-3.8611078469629407,0.0,1.5065058455504419,-0.9284750927036611,0.0,0.0,0.0,-2.069739485082135,0,0,0,0,0,0,0.10993220179362283,-0.08418772618351636,0.19951888758302602,0.0,0.0,0.0
image_604.png,surface,0.0,0.0,1.3991222025460788,-1.561327038424327,-23.93322185865465,0.0,-0.3395206603969006,0.8655818345456001,0.0,0.0,0.0,2.431534973360197,0,0,0,0,0,0,0.03276020400101794,0.4144259865914837,1.039807141338404,0.0,0.0,0.0
image_605.png,surface,0.0,0.0,2.0644339993184033,10.184849023307033,-3.9379216950585585,0.0,0.7034775592932273,2.5752392245277766,0.0,0.0,0.0,-0.982064628482898,0,0,0,0,0,0,0.17453643201954527,0.608941683105077,1.097637473186477,0.0,0.0,0.0
image_606.png,surface,0.0,0.0,2.979215849401576,-16.694756546837887,9.964948633186292,0.0,-1.869432158478996,2.1648741821150956,0.0,0.0,0.0,1.8570602260268565,0,0,0,0,0,0,-1.0234953708979153,0.6185989593171335,2.710433384013459,0.0,0.0,0.0
image_607.png,surface,0.0,0.0,1.0171862379491836,0.00433756330607069,22.06150966957562,0.0,-1.6528486286048814,-0.7451429270481941,0.0,0.0,0.0,2.7536378681781013,0,0,0,0,0,0,-0.31919511968584396,-0.11335304642647448,0.547228837903153,0.0,0.0,0.0
image_608.png,surface,0.0,0.0,0.8817975166251275,-3.3662391216925536,-14.847778433743485,0.0,-0.24804354753808686,-0.28525373172109086,0.0,0.0,0.0,-1.6112626547919104,0,0,0,0,0,0,-0.09168778455102294,-0.2035673282653721,0.31122266858418196,0.0,0.0,0.0
image_609.png,surface,0.0,0.0,1.4109211549480296,-6.674435918612672,-13.102704819023872,0.0,2.049328366494805,1.587403769214094,0.0,0.0,0.0,2.5667974005353233,0,0,0,0,0,0,0.35593050034999746,0.22150541600703616,0.6289277471365067,0.0,0.0,0.0
image_610.png,surface,0.0,0.0,1.8772815729693266,-16.4085169613126,-0.3227547607393494,0.0,0.18588413230891557,-2.424764286506477,0.0,0.0,0.0,-2.4184746494377554,0,0,0,0,0,0,0.05227235560823942,-0.8061285076538668,1.3240372602515893,0.0,0.0,0.0
image_611.png,surface,0.0,0.0,2.1612482950845235,1.5133218837745797,20.59079321755066,0.0,-1.2093381862128647,0.35529811851260407,0.0,0.0,0.0,-0.7852552849679819,0,0,0,0,0,0,-1.0521799534962228,0.16387795233603908,2.1293321117986443,0.0,0.0,0.0
image_612.png,surface,0.0,0.0,1.4020368925274873,5.433667288202087,-4.914091773239061,0.0,0.8851486768829341,1.473354611282813,0.0,0.0,0.0,1.307219144515006,0,0,0,0,0,0,0.10320544802216039,0.21376103242795946,0.39182517296243513,0.0,0.0,0.0
image_613.png,surface,0.0,0.0,1.0711040957330673,-3.5314059042778703,-14.612305866796007,0.0,-2.0772871217635935,-0.17763674332681523,0.0,0.0,0.0,2.1491367094797242,0,0,0,0,0,0,-0.21821771861423134,0.04060964088845545,0.36809727481518,0.0,0.0,0.0
image_614.png,surface,0.0,0.0,0.5130610760201355,13.4440687563051,-18.603871708578602,0.0,-1.7797806984105087,-0.5286348461984945,0.0,0.0,0.0,-1.8389581249939313,0,0,0,0,0,0,-0.19779395490087728,-0.056353250650673696,0.3604425378634774,0.0,0.0,0.0
image_615.png,surface,0.0,0.0,0.9586174976095414,-21.81413228421951,-12.443953217342155,0.0,-1.0821131751703923,-1.6801982645346936,0.0,0.0,0.0,2.0856734492771993,0,0,0,0,0,0,-0.13334191367430917,-0.6186964916717758,0.9572083315824321,0.0,0.0,0.0
image_616.png,surface,0.0,0.0,0.750158911072079,-18.189514003426044,8.305695021463393,0.0,-2.1660222015458093,-1.8845945518237455,0.0,0.0,0.0,1.8480054470006504,0,0,0,0,0,0,-0.19889580325620276,-0.22128675476033877,0.4063084354679024,0.0,0.0,0.0
image_617.png,surface,0.0,0.0,1.1052746636315918,8.685620761824278,3.454143380038727,0.0,-2.4805973314228633,0.6619363511304953,0.0,0.0,0.0,-0.8708990931828069,0,0,0,0,0,0,-0.13839458845287356,0.011762087349331034,0.27419053392635434,0.0,0.0,0.0
image_618.png,surface,0.0,0.0,1.30643618154871,5.384341197224599,-11.180689323632178,0.0,-0.14699778130509764,1.919817019895998,0.0,0.0,0.0,-2.4740532591979543,0,0,0,0,0,0,-0.034571253093334614,0.28801461636043574,0.44799414999951886,0.0,0.0,0.0
image_619.png,surface,0.0,0.0,0.6968460035236641,-21.779134990081797,-2.144159803946595,0.0,-0.2649465701815982,2.2418893536376485,0.0,0.0,0.0,1.498213023212461,0,0,0,0,0,0,-0.03219710470340667,0.24378526663276517,0.38471082292505965,0.0,0.0,0.0
image_620.png,surface,0.0,0.0,1.514614897177784,-11.886128587940775,17.17527712512639,0.0,2.0276514860537245,2.136501515776778,0.0,0.0,0.0,0.11639943719230406,0,0,0,0,0,0,0.31366152766931954,0.30928925449235434,0.7643437952584703,0.0,0.0,0.0
image_621.png,surface,0.0,0.0,0.9190651993582672,-16.940001010834756,3.25218422228626,0.0,2.195845722853076,-2.0070592532403944,0.0,0.0,0.0,2.4385234178206403,0,0,0,0,0,0,0.21621338949273453,-0.15933168612772472,0.3990266101471612,0.0,0.0,0.0
image_622.png,surface,0.0,0.0,1.9534188792249023,19.468830501269178,12.3783735486436,0.0,1.3423399638771192,-1.805917444668879,0.0,0.0,0.0,2.5702851997026706,0,0,0,0,0,0,0.3564966434275956,-0.45765484313282634,1.0540760354811634,0.0,0.0,0.0
image_623.png,surface,0.0,0.0,1.4446935374346854,14.96003814880736,-4.809275491846159,0.0,-2.1333394333422078,-0.028719950096403265,0.0,0.0,0.0,0.8416825006910087,0,0,0,0,0,0,-0.2914358462036101,0.0032578952655429186,0.6211859230374538,0.0,0.0,0.0
image_624.png,surface,0.0,0.0,2.099130164318148,3.6270995608587455,7.7999801978910925,0.0,1.1046203156317098,2.58723832094702,0.0,0.0,0.0,0.7462872874047579,0,0,0,0,0,0,0.1889182924585314,0.5203461237327388,0.9016511975805772,0.0,0.0,0.0
image_625.png,surface,0.0,0.0,2.440385968350242,-4.477865908531336,-0.22702861973921754,0.0,-0.44874180595015084,-1.3556486111555026,0.0,0.0,0.0,-2.589809009994697,0,0,0,0,0,0,-0.208903751853745,-0.7281655480400046,1.2296571225617827,0.0,0.0,0.0
image_626.png,surface,0.0,0.0,0.7117574870498551,-12.637865898348661,-6.823101060038332,0.0,1.9153152614324167,1.267300684195789,0.0,0.0,0.0,-2.569247352708831,0,0,0,0,0,0,0.15316148706022653,0.0914365824769117,0.2495917643055978,0.0,0.0,0.0
image_627.png,surface,0.0,0.0,1.4561966916819316,-14.144305003821286,-16.074043007928754,0.0,2.2391134796718326,-0.6009254837085803,0.0,0.0,0.0,-1.4680772419811314,0,0,0,0,0,0,0.9314271138485058,-0.41220791207462437,1.4645244599538678,0.0,0.0,0.0
image_628.png,surface,0.0,0.0,2.944437950397981,17.92608554569922,-8.114985665590817,0.0,2.814760897490528,0.5374132363896506,0.0,0.0,0.0,2.759926191880697,0,0,0,0,0,0,1.995048636316189,1.1461074187060842,4.926037596783231,0.0,0.0,0.0
image_629.png,surface,0.0,0.0,0.5057739901408091,-10.221085328162866,-22.81038011038188,0.0,1.363009538090167,-2.1060392557573318,0.0,0.0,0.0,0.2751981786856428,0,0,0,0,0,0,0.2623890537868386,-0.3291009073046419,0.6441635319152311,0.0,0.0,0.0
image_630.png,surface,0.0,0.0,1.64727751692868,11.541434311846736,-20.471588922475558,0.0,-1.605333453751898,0.93251620574295,0.0,0.0,0.0,-0.9266432120587531,0,0,0,0,0,0,-0.6556393405585098,0.4806016892161076,1.1363130986250667,0.0,0.0,0.0
image_631.png,surface,0.0,0.0,1.672273889634048,-10.459242476126779,6.1257864623236085,0.0,-1.0660293473273201,-2.079100536292585,0.0,0.0,0.0,-1.0551884735030541,0,0,0,0,0,0,-0.14990007680406267,-0.41572851545670353,0.7044546339268897,0.0,0.0,0.0
image_632.png,surface,0.0,0.0,2.559303894010531,12.515119862726383,14.186314474233145,0.0,-0.9155487472216689,-1.8327317457855494,0.0,0.0,0.0,-0.7836852555196785,0,0,0,0,0,0,-0.6330392741543885,-0.7538275690283209,1.9971360551248585,0.0,0.0,0.0
image_633.png,surface,0.0,0.0,1.2255672670264321,22.010649898768467,2.5703675366068404,0.0,2.0315904548542094,-0.2886595396047391,0.0,0.0,0.0,-1.254593824362198,0,0,0,0,0,0,0.36620325780641655,-0.0600877959719673,0.5838791289149065,0.0,0.0,0.0
image_634.png,surface,0.0,0.0,2.4400766242407688,15.97092709365136,11.27687946937757,0.0,1.4868397209777635,2.095737752318536,0.0,0.0,0.0,-0.2588615035134003,0,0,0,0,0,0,0.6805115887229919,1.372398212500557,2.662575647038872,0.0,0.0,0.0
image_635.png,surface,0.0,0.0,0.5055005564084065,-14.036360862564772,1.8774471340025034,0.0,-2.0937019713763223,0.64132080191884,0.0,0.0,0.0,2.191517549448669,0,0,0,0,0,0,-0.1066723134274525,0.06835916888660985,0.16297354774884806,0.0,0.0,0.0
image_636.png,surface,0.0,0.0,1.7268750444119991,9.655608698576572,-2.5256832819577673,0.0,-0.4905642736772081,-2.7001903607642888,0.0,0.0,0.0,1.5516009340336279,0,0,0,0,0,0,-0.010966739293474526,-0.2849926864690267,0.6525060340306216,0.0,0.0,0.0
image_637.png,surface,0.0,0.0,1.2983012207456694,-20.024406613459615,3.873851081400845,0.0,1.0739851776065439,1.6849642094331285,0.0,0.0,0.0,2.1841817781866792,0,0,0,0,0,0,0.2469479579123461,0.3289750591051038,0.6315827886287978,0.0,0.0,0.0
image_638.png,surface,0.0,0.0,2.5203888242271946,-18.57161552075775,-1.103989184334328,0.0,2.1813043746552605,-0.8554555026742979,0.0,0.0,0.0,-0.9374680410995664,0,0,0,0,0,0,1.3422065295658112,-1.0776774602072339,3.063846425983131,0.0,0.0,0.0
image_639.png,surface,0.0,0.0,1.507368196980845,-16.967355405940896,13.103187275219568,0.0,1.0714960755789862,1.2393276168119098,0.0,0.0,0.0,2.75482972068502,0,0,0,0,0,0,0.3706319576876281,0.3026350309417764,0.6920168028822622,0.0,0.0,0.0
image_640.png,surface,0.0,0.0,0.6746960490308895,12.93045385033953,12.210873614872586,0.0,2.193517258542278,-1.1185958493341739,0.0,0.0,0.0,-2.4245700695308936,0,0,0,0,0,0,0.14129835456055467,-0.062063612704715714,0.2276458031733539,0.0,0.0,0.0
image_641.png,surface,0.0,0.0,2.270967412410296,15.047888711554943,17.185238539460787,0.0,-1.4051567678426222,-0.09035376021149445,0.0,0.0,0.0,0.3607633277664446,0,0,0,0,0,0,-1.1538909055447237,0.2755650832211278,2.9387714183580584,0.0,0.0,0.0
image_642.png,surface,0.0,0.0,0.5330574688505678,6.819066388918544,-15.036237472265094,0.0,-2.3929741150773802,-0.11473983776016528,0.0,0.0,0.0,1.7166269047843148,0,0,0,0,0,0,-0.11447047775436943,-0.00021236883672060003,0.20123383448469098,0.0,0.0,0.0
image_643.png,surface,0.0,0.0,1.3360413489514986,-10.874710491936819,-3.48507959041281,0.0,0.8819921318740229,-0.4480820551575547,0.0,0.0,0.0,-1.9014048765901448,0,0,0,0,0,0,0.32415343728480883,-0.19990671876130714,0.521370654151486,0.0,0.0,0.0
image_644.png,surface,0.0,0.0,1.7458249943870143,17.444241498270095,-4.159024008012139,0.0,2.8331722844522873,0.1859536774301104,0.0,0.0,0.0,0.5506692337158707,0,0,0,0,0,0,0.5479762767452608,0.06316793065566252,1.107761912316879,0.0,0.0,0.0
image_645.png,surface,0.0,0.0,2.354356027773947,-11.687465015138455,-15.083175678293124,0.0,-2.366181308940763,1.7466357144342806,0.0,0.0,0.0,0.23564397156266503,0,0,0,0,0,0,-0.6592781795330728,0.4133877389452944,1.4551212810438272,0.0,0.0,0.0
image_646.png,surface,0.0,0.0,1.2826597823023849,3.718810324815061,5.952179337492697,0.0,1.6594795038066044,1.554107047824607,0.0,0.0,0.0,-2.443904403947399,0,0,0,0,0,0,0.15792652463001122,0.12277278416190238,0.30647976855926495,0.0,0.0,0.0
image_647.png,surface,0.0,0.0,0.7602436361804819,2.942136496621498,-12.08480021355149,0.0,0.44498423762914374,-2.3421580225892273,0.0,0.0,0.0,-0.9411224072698277,0,0,0,0,0,0,0.06712143627524357,-0.08808587416420942,0.21736951978603344,0.0,0.0,0.0
image_648.png,surface,0.0,0.0,2.563141341943692,0.19257750133340878,-19.09975779302164,0.0,0.9675877069746164,2.468298492280126,0.0,0.0,0.0,2.9758766228378235,0,0,0,0,0,0,1.074527386161416,1.2132159711097834,2.915664295261147,0.0,0.0,0.0
image_649.png,surface,0.0,0.0,0.524556655398337,-11.08085238017876,-10.383813514768967,0.0,-1.0229983920798942,0.7957277902453184,0.0,0.0,0.0,-0.8927836878906197,0,0,0,0,0,0,-0.10474560069562631,0.08539586889908213,0.19700452532876214,0.0,0.0,0.0
image_650.png,surface,0.0,0.0,2.6828278311278173,-5.930370477806847,-18.667897909225356,0.0,2.3955420823467444,0.5194957912024597,0.0,0.0,0.0,1.6745415030676956,0,0,0,0,0,0,2.347658372700274,0.049686442280142004,4.579069003717469,0.0,0.0,0.0
image_651.png,surface,0.0,0.0,0.7662438478700422,-2.756765598254268,16.012967587112648,0.0,-1.771733110838351,1.9554082021040433,0.0,0.0,0.0,-1.8188544433558305,0,0,0,0,0,0,-0.10355852650066236,0.1177703182302623,0.24414993409810096,0.0,0.0,0.0
image_652.png,surface,0.0,0.0,0.814252386371463,-11.128629403516157,11.51850374714351,0.0,0.6692350320234283,1.398418059073891,0.0,0.0,0.0,2.780345502730351,0,0,0,0,0,0,0.07714916944270178,0.1686051253311895,0.25195651530672153,0.0,0.0,0.0
image_653.png,surface,0.0,0.0,0.9155721608547408,1.6132031521131038,2.578857874498433,0.0,1.5584989700721101,-0.25532537270138345,0.0,0.0,0.0,-0.7904089890160249,0,0,0,0,0,0,0.10051170273358835,-0.00724413698591278,0.1842094136796212,0.0,0.0,0.0
image_654.png,surface,0.0,0.0,0.8708575236908587,0.42802257076391004,-23.583592218387626,0.0,-0.6695199708885384,1.088585715681648,0.0,0.0,0.0,-2.539786176750866,0,0,0,0,0,0,-0.21235844213908886,0.3494694383998858,0.5821530169943506,0.0,0.0,0.0
image_655.png,surface,0.0,0.0,2.48694762936533,-17.308642623125664,-9.067637151638193,0.0,0.25354709791401975,0.07307208655376235,0.0,0.0,0.0,-1.4752253123685213,0,0,0,0,0,0,0.3747760641400468,-0.4277344336926397,2.486813686652217,0.0,0.0,0.0
image_656.png,surface,0.0,0.0,2.527453411156133,-14.310297733168005,-8.967021842167627,0.0,1.713319881714696,2.458604662426087,0.0,0.0,0.0,-0.5112850070101977,0,0,0,0,0,0,0.7895626162103526,0.6852906395598627,1.916357143448127,0.0,0.0,0.0
image_657.png,surface,0.0,0.0,0.923669966417724,9.561667483115372,13.815209606556282,0.0,2.7178222909289524,0.241798061335331,0.0,0.0,0.0,-0.7837279796921255,0,0,0,0,0,0,0.15572587169934735,-0.0032893573154275215,0.30893383971151717,0.0,0.0,0.0
image_658.png,surface,0.0,0.0,0.781294051666558,18.727031989119865,12.22717193217404,0.0,-0.5584293195271505,-0.2905660377508579,0.0,0.0,0.0,2.808287981659153,0,0,0,0,0,0,-0.24163656183487886,-0.12272559108707562,0.40058747978812953,0.0,0.0,0.0
image_659.png,surface,0.0,0.0,1.9312015752136928,-12.782066796250055,9.983542150803856,0.0,-2.564541373627651,1.0236007972840715,0.0,0.0,0.0,1.4986590114924798,0,0,0,0,0,0,-0.727195564274939,0.17808306785890374,1.0883749735144626,0.0,0.0,0.0
image_660.png,surface,0.0,0.0,2.249267393391671,15.410652387252581,15.056872667330484,0.0,-0.6426850510568142,0.2688438790390675,0.0,0.0,0.0,-0.8369882986164381,0,0,0,0,0,0,-0.5938323441407207,0.4724954920633585,2.258558273447412,0.0,0.0,0.0
image_661.png,surface,0.0,0.0,1.8975996437606073,17.311980784493908,-14.997061724994005,0.0,0.6197598935046146,2.6713505653431273,0.0,0.0,0.0,-2.7214032487145747,0,0,0,0,0,0,0.7862540273643897,1.4475767806996391,2.7105874612741556,0.0,0.0,0.0
image_662.png,surface,0.0,0.0,0.5692246662026761,20.06655232626862,6.814682500144185,0.0,-1.0081638623476756,0.7887317383651448,0.0,0.0,0.0,-1.184245447405593,0,0,0,0,0,0,-0.12401272801388738,0.10403398725067689,0.30204502305574094,0.0,0.0,0.0
image_663.png,surface,0.0,0.0,2.415220631253004,-1.2188567141058666,-19.0129252058259,0.0,-2.2097333548597624,-0.6571519067015491,0.0,0.0,0.0,1.2594190982734954,0,0,0,0,0,0,-0.8235190257462954,-0.3223522976044107,1.4305426084570738,0.0,0.0,0.0
image_664.png,surface,0.0,0.0,2.285475539836478,-8.872306360624954,9.160974545654568,0.0,0.4200861068946848,1.4380633967286,0.0,0.0,0.0,-1.3475289983865189,0,0,0,0,0,0,0.1707621448355573,0.6108435640205968,0.9927130916559647,0.0,0.0,0.0
image_665.png,surface,0.0,0.0,2.2931489379998,-0.5298129340602391,-22.327389990953293,0.0,-1.740926424473686,1.7798983086042708,0.0,0.0,0.0,0.11354440853307946,0,0,0,0,0,0,-0.5775663838897277,0.7833421180249973,1.699545874606647,0.0,0.0,0.0
image_666.png,surface,0.0,0.0,1.0180330724347648,-13.853379953089815,-12.80360254234847,0.0,-0.3186890702819871,0.16213895380895196,0.0,0.0,0.0,1.6319881811890706,0,0,0,0,0,0,-0.0721497608139112,0.0729840902196355,0.5095803942025395,0.0,0.0,0.0
image_667.png,surface,0.0,0.0,0.6757067692216601,7.788190071851863,13.128399848621697,0.0,-1.6160158535403457,-0.15758292608773036,0.0,0.0,0.0,0.6946561393759723,0,0,0,0,0,0,-0.09460981333862653,-0.005828344741108993,0.22861492681309692,0.0,0.0,0.0
image_668.png,surface,0.0,0.0,2.9932110575760413,2.015008031603666,6.7560159304979175,0.0,-2.3094304516051185,0.9858823655299619,0.0,0.0,0.0,2.5139012793436954,0,0,0,0,0,0,-1.2016934702419253,0.3778497804982251,2.3823872649642457,0.0,0.0,0.0
image_669.png,surface,0.0,0.0,1.6944930814626986,-1.4734585459812595,-2.381679737010078,0.0,-1.4059248570288225,-0.6161750586185408,0.0,0.0,0.0,2.5988198124450133,0,0,0,0,0,0,-0.29446592918075504,-0.11260424963922276,0.4763398999601113,0.0,0.0,0.0
image_670.png,surface,0.0,0.0,2.31560685615148,-5.060807523496187,-22.3317373238964,0.0,1.7997456483356267,-1.7493277585911684,0.0,0.0,0.0,-2.270338035449122,0,0,0,0,0,0,1.9462903247030423,-1.2960162208933934,4.316813874985647,0.0,0.0,0.0
image_671.png,surface,0.0,0.0,0.7410434460301538,-0.6426643162502742,10.512024237059382,0.0,0.17710086005360184,-1.1544665933825284,0.0,0.0,0.0,-2.165531420531981,0,0,0,0,0,0,0.04368433037467325,-0.0826555243541398,0.16970605414014986,0.0,0.0,0.0
image_672.png,surface,0.0,0.0,1.7623306597312276,-15.312270119529575,-6.127257956299486,0.0,-1.2504283020262348,-0.3532693813222638,0.0,0.0,0.0,2.7489249158100417,0,0,0,0,0,0,-0.42845160232233326,-0.26918143329955707,0.951031843131904,0.0,0.0,0.0
image_673.png,surface,0.0,0.0,1.7602416462750579,11.021017319099716,-13.684030731468074,0.0,2.0510730434232394,-1.100534381120389,0.0,0.0,0.0,-0.6590439218531614,0,0,0,0,0,0,0.6689284839821323,-0.16822286142509257,1.0425537359856027,0.0,0.0,0.0
image_674.png,surface,0.0,0.0,0.8071450335380479,-13.937169766806841,-15.693938316870847,0.0,0.32963887278152737,1.5456699338330857,0.0,0.0,0.0,-0.5722600619688851,0,0,0,0,0,0,0.04115038353542338,0.22187824129816774,0.49698625289343734,0.0,0.0,0.0
image_675.png,surface,0.0,0.0,1.3790191118316346,-12.640516074133474,-11.113027992170421,0.0,2.554399693360629,-0.3220745633735924,0.0,0.0,0.0,1.8185943943052152,0,0,0,0,0,0,0.4569687770213519,-0.11121991944430347,0.7954941979644943,0.0,0.0,0.0
image_676.png,surface,0.0,0.0,2.7286583463992686,-8.64685521726541,-18.073665427903343,0.0,-0.8949553681360015,-0.1821764811099087,0.0,0.0,0.0,2.1430391796056067,0,0,0,0,0,0,0.08148807781429435,-0.2971102949820531,2.687094028523613,0.0,0.0,0.0
image_677.png,surface,0.0,0.0,2.2255373155091016,-6.568405072171457,6.669670788521749,0.0,1.3404242114658989,2.1116358339170427,0.0,0.0,0.0,-2.0678765879534406,0,0,0,0,0,0,0.28890646503434075,0.5171212636195742,0.871706616914787,0.0,0.0,0.0
image_678.png,surface,0.0,0.0,2.3291769996738902,5.73001459847366,-17.803698589951086,0.0,-1.1604975944115752,-0.47836009316852107,0.0,0.0,0.0,-2.8573941001276086,0,0,0,0,0,0,-0.30877626079004494,-0.30323910229955936,1.4037376311034464,0.0,0.0,0.0
image_679.png,surface,0.0,0.0,2.695721979081326,-0.5728277910902841,12.847599203066551,0.0,0.6852935635589925,-0.1066492670949758,0.0,0.0,0.0,-2.50956491533472,0,0,0,0,0,0,0.26594114503176913,-0.010406072999307936,1.6506229948298528,0.0,0.0,0.0
image_680.png,surface,0.0,0.0,1.2757139973130425,-22.60721252133829,8.147474985969833,0.0,-1.2231184824399506,-1.61331503689834,0.0,0.0,0.0,2.0766787012536367,0,0,0,0,0,0,-0.24181005729414287,-0.7038139214293794,1.1590629411174656,0.0,0.0,0.0
image_681.png,surface,0.0,0.0,2.474861756669939,-20.457737241019455,8.611837959265033,0.0,-2.2324950141050035,-1.8025687857244401,0.0,0.0,0.0,0.9220463128518439,0,0,0,0,0,0,-1.2309594148177678,-2.0195725786253154,4.303913812158927,0.0,0.0,0.0
image_682.png,surface,0.0,0.0,0.7413468063431283,20.677976696599586,-4.660772158134754,0.0,1.7219902346360254,0.29103729946800727,0.0,0.0,0.0,0.5725362624088586,0,0,0,0,0,0,0.24784435111854314,0.024092064699077865,0.45672519477231827,0.0,0.0,0.0
image_683.png,surface,0.0,0.0,1.9438718296333,-0.05634246408428675,-5.812846746530768,0.0,-2.374199930246559,0.5050259180913125,0.0,0.0,0.0,-2.843207471988216,0,0,0,0,0,0,-0.4355131718923755,0.09860992985058424,0.6592720354785974,0.0,0.0,0.0
image_684.png,surface,0.0,0.0,1.8353701908566409,-16.48538422519425,12.005832252260058,0.0,-2.5764680030432414,-0.19989752224659524,0.0,0.0,0.0,2.1593635720962734,0,0,0,0,0,0,-0.7183335988425352,-0.2434234530590932,1.3870838889255592,0.0,0.0,0.0
image_685.png,surface,0.0,0.0,1.5779805003009877,-7.449632754380862,14.541672195087987,0.0,2.1162625088236933,1.4530387916015803,0.0,0.0,0.0,-1.1343626466117358,0,0,0,0,0,0,0.33734822352883126,0.17073982541585478,0.5814540868117714,0.0,0.0,0.0
image_686.png,surface,0.0,0.0,1.0229228885588963,3.557859194708361,0.3087843162724182,0.0,1.7191423333866191,1.1974809387913066,0.0,0.0,0.0,0.5955614365171753,0,0,0,0,0,0,0.10851836598962082,0.006496913301155154,0.2087277951643624,0.0,0.0,0.0
image_687.png,surface,0.0,0.0,1.5688162858743586,19.488534415153044,-7.779366031548423,0.0,2.7490756122324354,0.9142082713636186,0.0,0.0,0.0,2.044471711846808,0,0,0,0,0,0,0.5979292720033402,0.1631700562136373,1.186975488345086,0.0,0.0,0.0
image_688.png,surface,0.0,0.0,2.610707848614094,12.493523415875222,15.985320012388904,0.0,0.021786312113804458,-2.091672544989599,0.0,0.0,0.0,-1.4217723499864998,0,0,0,0,0,0,-0.06931600164593313,-0.8732622296974746,1.5415697893134321,0.0,0.0,0.0
image_689.png,surface,0.0,0.0,2.326758435221546,1.9441400384450018,10.304235479241592,0.0,-1.2464768063599516,-2.6951047354718134,0.0,0.0,0.0,-1.7475921141802648,0,0,0,0,0,0,-0.3078189919841059,-0.6863052906686388,1.184385203962362,0.0,0.0,0.0
image_690.png,surface,0.0,0.0,1.601508082107288,9.35003280786985,-22.371900663039735,0.0,-1.00547695541604,0.6084506239168386,0.0,0.0,0.0,-1.541162945673369,0,0,0,0,0,0,-0.3038544685509253,0.3015558826307371,1.1812366686350875,0.0,0.0,0.0
image_691.png,surface,0.0,0.0,2.9189717023925574,-5.618589195449476,10.055400363253487,0.0,-2.7080906432752507,0.27417810815984284,0.0,0.0,0.0,1.4945535854166332,0,0,0,0,0,0,-1.4760110977981584,-0.0952025898480898,2.894026488650296,0.0,0.0,0.0
image_692.png,surface,0.0,0.0,2.4632297892633455,2.0171637959400788,-20.095789888295336,0.0,-2.230427763410486,0.3492833798040638,0.0,0.0,0.0,0.34715733623163203,0,0,0,0,0,0,-0.8765264542214164,0.17044408214694035,1.6265288840629717,0.0,0.0,0.0
image_693.png,surface,0.0,0.0,0.6106515445399658,19.291259996837905,3.065502158883478,0.0,1.980762992692093,-1.4146695651869494,0.0,0.0,0.0,-2.9117247101091253,0,0,0,0,0,0,0.13636743098147364,-0.0967929964697527,0.26317959229600313,0.0,0.0,0.0
image_694.png,surface,0.0,0.0,2.3768413089374487,-4.182908497837156,-9.256468680296473,0.0,0.4400815010628907,1.1770658652142418,0.0,0.0,0.0,-2.4195517385257324,0,0,0,0,0,0,0.3606057464101633,0.4713030803727348,1.2719948741966365,0.0,0.0,0.0
image_695.png,surface,0.0,0.0,2.2963444491679192,-14.496135604729782,13.398921844691964,0.0,-0.8576976093847647,1.6781068973969853,0.0,0.0,0.0,2.9548501849339646,0,0,0,0,0,0,-0.4123347872907073,0.5858343805673851,1.4591674838899418,0.0,0.0,0.0
image_696.png,surface,0.0,0.0,0.6230516379422077,20.73441022868213,-9.884497704044731,0.0,1.3737335839973819,-1.341551661825074,0.0,0.0,0.0,-1.2355622962254666,0,0,0,0,0,0,0.19214469924484384,-0.12956858693696063,0.3891812964890351,0.0,0.0,0.0
image_697.png,surface,0.0,0.0,2.8163931640730597,-8.381411373998876,21.622551394687022,0.0,-1.8728947307083752,0.29796724714671086,0.0,0.0,0.0,1.3422845042305447,0,0,0,0,0,0,-1.9891878379510541,-0.5782394417252593,5.183011671579589,0.0,0.0,0.0
image_698.png,surface,0.0,0.0,1.6675971581685454,1.959388691257432,-20.77784413797389,0.0,-0.2482594360882273,-2.509706706006942,0.0,0.0,0.0,-1.5039835183695272,0,0,0,0,0,0,0.0996137876373977,-0.5707451814427649,1.2958634515819196,0.0,0.0,0.0
image_699.png,surface,0.0,0.0,1.0978187448814223,-23.577829404688813,-3.1138997027771995,0.0,-0.3948854779709655,-0.7564422482262976,0.0,0.0,0.0,2.5401035752377688,0,0,0,0,0,0,-0.003570353924852998,-0.5551840515698768,0.995303376038687,0.0,0.0,0.0
image_700.png,surface,0.0,0.0,1.620564477493252,5.083718268940352,-16.688347925889563,0.0,2.383735972211245,0.06993395453217824,0.0,0.0,0.0,-1.5724171770465971,0,0,0,0,0,0,0.6310577733827956,-0.056136162506470466,1.0958108760959002,0.0,0.0,0.0
image_701.png,surface,0.0,0.0,2.5844511669750263,8.000631008530837,6.296995080730988,0.0,1.428502407125514,-1.6467469675949828,0.0,0.0,0.0,1.5939738318474346,0,0,0,0,0,0,0.5341742563938148,-0.5297753000831313,1.249026197333974,0.0,0.0,0.0
image_702.png,surface,0.0,0.0,1.1262645489316019,7.695814703085885,-10.759036678273235,0.0,-0.7573683795346697,-1.1497196819030333,0.0,0.0,0.0,2.8848282036748465,0,0,0,0,0,0,-0.1096217362349398,-0.15580793654065764,0.3451018019071779,0.0,0.0,0.0
image_703.png,surface,0.0,0.0,2.7852319828931584,-10.071918857176485,-0.5057315567835055,0.0,1.2383390904412206,0.12538407394716342,0.0,0.0,0.0,-2.564803504768099,0,0,0,0,0,0,0.700973399686185,-0.1335328052224112,1.9577726645225808,0.0,0.0,0.0
image_704.png,surface,0.0,0.0,0.6618495218695899,12.84799079510484,3.382437894098343,0.0,0.6328006853436094,0.7823088302717712,0.0,0.0,0.0,-1.2774011057070105,0,0,0,0,0,0,0.08041971103882682,0.10459401173862155,0.17329002520417622,0.0,0.0,0.0
image_705.png,surface,0.0,0.0,0.723392710449932,16.004249140336327,13.619608114100766,0.0,-0.6401746954842296,-1.3140170216091815,0.0,0.0,0.0,2.7610265208858733,0,0,0,0,0,0,-0.070900289129212,-0.1451894947046291,0.3085430640503306,0.0,0.0,0.0
image_706.png,surface,0.0,0.0,1.9983101461118769,-16.681200510415994,15.191116678518672,0.0,-1.3799853577551464,-0.0880478662528145,0.0,0.0,0.0,0.5939164293558541,0,0,0,0,0,0,-0.9989944638918574,-0.5203429775277498,2.214378293695536,0.0,0.0,0.0
image_707.png,surface,0.0,0.0,1.7744923876025567,-13.35589156820293,9.386207872090294,0.0,-0.16960146771581577,1.564017500419581,0.0,0.0,0.0,-0.6340202625983586,0,0,0,0,0,0,-0.08812656196613106,0.42900864671296285,0.7616396276830588,0.0,0.0,0.0
image_708.png,surface,0.0,0.0,2.1787626988811395,-4.252933274268098,-14.16305151765056,0.0,0.04404223139130059,-0.5777517577977587,0.0,0.0,0.0,1.9412924083458414,0,0,0,0,0,0,0.2573302914482997,-0.34340040897716034,1.4613759246265918,0.0,0.0,0.0
image_709.png,surface,0.0,0.0,0.6086148208839948,-11.547202071295173,-2.245426102884193,0.0,0.3839401337236669,-2.3834194915416043,0.0,0.0,0.0,1.3867256559055177,0,0,0,0,0,0,0.045419284967312935,-0.0528892789583871,0.19400336825084827,0.0,0.0,0.0
image_710.png,surface,0.0,0.0,1.1506059222660632,8.779692757428998,-13.402613461632281,0.0,-2.6537816586249336,1.3939352563255296,0.0,0.0,0.0,-2.7417791325520113,0,0,0,0,0,0,-0.2374239703327506,0.11154083235312548,0.40649600778527206,0.0,0.0,0.0
image_711.png,surface,0.0,0.0,2.2578617034474213,-17.66698751472314,14.36620511286332,0.0,0.25671794890513233,-2.0992333092471496,0.0,0.0,0.0,0.14359386512839123,0,0,0,0,0,0,-0.10583527393100346,-1.8481044067546313,3.2195381484112398,0.0,0.0,0.0
image_712.png,surface,0.0,0.0,1.3610039208148308,15.164933399077647,13.466408019120031,0.0,1.9465343689481402,0.23131902353449385,0.0,0.0,0.0,-1.5961869588510254,0,0,0,0,0,0,0.3531910983616193,0.024523094782495914,0.602509079436509,0.0,0.0,0.0
image_713.png,surface,0.0,0.0,1.2616366825453766,-12.164172367369357,17.671733770118777,0.0,0.6424964136073649,-1.473076772888639,0.0,0.0,0.0,2.181416781629883,0,0,0,0,0,0,0.2297034223955045,-0.43045275480266265,0.6848108996899801,0.0,0.0,0.0
image_714.png,surface,0.0,0.0,2.5494424072706154,10.439022652152495,12.628192873742615,0.0,-1.8452091987462156,0.6076576834712106,0.0,0.0,0.0,0.42789553032787175,0,0,0,0,0,0,-1.2074918711173266,0.4505397005514404,2.5120488623497645,0.0,0.0,0.0
image_715.png,surface,0.0,0.0,2.490157654599226,9.390681770411977,-15.407511291419551,0.0,1.948510983347845,0.5308012632269045,0.0,0.0,0.0,-2.7247297266706014,0,0,0,0,0,0,1.591446453808435,0.41485072426492475,3.1220161744054935,0.0,0.0,0.0
image_716.png,surface,0.0,0.0,2.3624773464894306,10.460784302928529,14.146747920090831,0.0,-0.5602320119141734,1.0917411276464124,0.0,0.0,0.0,-1.0604122603259916,0,0,0,0,0,0,-0.41393277178392823,0.759825808838806,1.9583085854293527,0.0,0.0,0.0
image_717.png,surface,0.0,0.0,2.069063540018731,20.35034590078006,-6.512819733369058,0.0,-1.6062802791610375,-2.35028558220493,0.0,0.0,0.0,-2.10406299613191,0,0,0,0,0,0,-0.23972050233300762,-0.5134040224257175,1.1831525858767908,0.0,0.0,0.0
image_718.png,surface,0.0,0.0,2.8860128597097865,-7.846367228750894,-21.817840911614596,0.0,1.6615427834024257,-0.1782979280223287,0.0,0.0,0.0,-2.075513978659914,0,0,0,0,0,0,2.6733276124186514,-0.9147764045201097,6.643507792717562,0.0,0.0,0.0
image_719.png,surface,0.0,0.0,0.5526424894732744,-22.811156851341824,9.30350092150146,0.0,0.5446380172906146,-0.23677967727030944,0.0,0.0,0.0,-1.7459405754646065,0,0,0,0,0,0,0.19054367097163608,-0.1707335330058781,0.4765542683228197,0.0,0.0,0.0
image_720.png,surface,0.0,0.0,0.8816077490336117,1.118255832067064,-10.891483139955124,0.0,0.33270451656254907,-0.7988093318694488,0.0,0.0,0.0,-0.8374214342609179,0,0,0,0,0,0,0.10276409992403288,-0.184218167586387,0.2698897686495228,0.0,0.0,0.0
image_721.png,surface,0.0,0.0,1.649720696365148,13.675694257512124,19.345738137155006,0.0,1.4651044279087804,1.559271936180477,0.0,0.0,0.0,1.1458985246697964,0,0,0,0,0,0,0.4091205556243439,0.5183923304349096,1.081546447960698,0.0,0.0,0.0
image_722.png,surface,0.0,0.0,1.2017246086407323,-6.929398536592601,2.002348256083867,0.0,1.7997764483791616,-0.947658793931315,0.0,0.0,0.0,-0.8436741618524368,0,0,0,0,0,0,0.19996721381165736,-0.11451399606721366,0.3577138072465058,0.0,0.0,0.0
image_723.png,surface,0.0,0.0,1.233398358534409,23.67555445874873,-4.568561613008437,0.0,2.210551024111925,-1.1142207403061368,0.0,0.0,0.0,-1.6360221382912485,0,0,0,0,0,0,0.39148793815914856,-0.09656175040310151,0.8147873506082245,0.0,0.0,0.0
image_724.png,surface,0.0,0.0,2.9507406649216885,17.08303082330755,3.1245790564302416,0.0,0.6727074925612121,1.7351911431889702,0.0,0.0,0.0,-0.742932616217197,0,0,0,0,0,0,0.5822051045900486,1.657900584177713,4.2758315566441665,0.0,0.0,0.0
image_725.png,surface,0.0,0.0,0.6105512120651024,6.885800206232458,-18.408647318914348,0.0,-2.3348945709290754,-0.866077011093815,0.0,0.0,0.0,2.0240311764669388,0,0,0,0,0,0,-0.16455587744188663,-0.03658879091321275,0.29494407104103426,0.0,0.0,0.0
image_726.png,surface,0.0,0.0,0.5647446813483852,3.19041991055123,-11.399025594069105,0.0,2.729041440889111,0.838564845762855,0.0,0.0,0.0,-1.8554172309981332,0,0,0,0,0,0,0.0926983195067359,-0.01979749488983974,0.1699003254688541,0.0,0.0,0.0
image_727.png,surface,0.0,0.0,2.8378621385980956,5.005985489718084,-0.19665923399342825,0.0,1.7096723718928226,1.3678072246259694,0.0,0.0,0.0,1.1437607127844602,0,0,0,0,0,0,0.979674070423822,0.7186325469249925,2.0115612595320926,0.0,0.0,0.0
image_728.png,surface,0.0,0.0,0.9002251024752063,-2.9495290413606337,-13.15091652492834,0.0,-0.19738756269275104,0.1601159687385368,0.0,0.0,0.0,-0.26223896689428106,0,0,0,0,0,0,-0.051372918622055064,0.06747193907986614,0.32300399651801576,0.0,0.0,0.0
image_729.png,surface,0.0,0.0,0.6074432057446404,-2.6084711480013083,-18.164047263342766,0.0,0.16133536360266162,1.0753719462101088,0.0,0.0,0.0,-0.9503349774997472,0,0,0,0,0,0,0.014646669297862902,0.1965166828862491,0.3197773060585032,0.0,0.0,0.0
image_730.png,surface,0.0,0.0,1.646363197837772,15.469220486601257,-10.899222843828724,0.0,-0.24262749482441634,1.41739583731493,0.0,0.0,0.0,1.7120754220671195,0,0,0,0,0,0,-0.03899995297454619,0.8015979724704946,1.2065611644837617,0.0,0.0,0.0
image_731.png,surface,0.0,0.0,2.7047264258895667,15.121366681170667,-5.951019082205226,0.0,-1.0903425221252194,0.1602006328147291,0.0,0.0,0.0,1.7780243993863882,0,0,0,0,0,0,-0.47812609171159404,0.34506789762104023,2.133943264600646,0.0,0.0,0.0
image_732.png,surface,0.0,0.0,1.2651618436743843,0.16355721383355848,-11.454155828890675,0.0,2.87797296125351,0.22926879509114614,0.0,0.0,0.0,-2.1108035011982755,0,0,0,0,0,0,0.2913719268238814,-0.042176450972705046,0.47454456492243097,0.0,0.0,0.0
image_733.png,surface,0.0,0.0,2.8306286262742826,5.43272285378808,18.16868492209347,0.0,0.3180661160680564,-1.8662914127337635,0.0,0.0,0.0,1.859994248580798,0,0,0,0,0,0,-0.0863002939738789,-0.9114162575924423,2.3155668599051036,0.0,0.0,0.0
image_734.png,surface,0.0,0.0,2.663190383139556,-6.212520540230054,-6.313543219331761,0.0,-2.5296836015983106,-1.2131182111833776,0.0,0.0,0.0,0.3790654790309693,0,0,0,0,0,0,-0.7043093825520319,-0.36567554029540655,1.842898018156369,0.0,0.0,0.0
image_735.png,surface,0.0,0.0,1.2010447070266015,-5.21170944189986,-20.674385960894096,0.0,1.754406817626502,1.7034180633627038,0.0,0.0,0.0,-0.364201889150662,0,0,0,0,0,0,0.5136089569110609,0.22622000418223284,0.943109145726817,0.0,0.0,0.0
image_736.png,surface,0.0,0.0,1.5885979807264117,6.155980820486401,23.03618154250619,0.0,0.13360519440418744,-0.9222338740442816,0.0,0.0,0.0,-2.747721732504086,0,0,0,0,0,0,-0.01057104789515323,-0.32716599123674334,0.9097793313332599,0.0,0.0,0.0
image_737.png,surface,0.0,0.0,2.809345167344551,-3.969600025786341,-6.264076356977411,0.0,0.15565029549351642,-2.258695668197184,0.0,0.0,0.0,2.0679822841477264,0,0,0,0,0,0,0.3294557020223144,-1.1863159184585117,2.098116951983052,0.0,0.0,0.0
image_738.png,surface,0.0,0.0,0.8082169473641669,8.278871852557124,-17.001413430166235,0.0,-2.7592390497752413,1.1253201592805118,0.0,0.0,0.0,1.8405965699133695,0,0,0,0,0,0,-0.2284174253509598,0.08195077443672626,0.37298755308945897,0.0,0.0,0.0
image_739.png,surface,0.0,0.0,0.6547333412255485,-13.612516141604548,-4.785746970265876,0.0,0.9607630946505897,2.1739241376980702,0.0,0.0,0.0,1.8269987098232354,0,0,0,0,0,0,0.05592032592276319,0.1498584629074931,0.23969955756812913,0.0,0.0,0.0
image_740.png,surface,0.0,0.0,0.9717990038808137,17.109269699237608,1.3756583994858285,0.0,1.0649966109697733,2.6606805376530462,0.0,0.0,0.0,-0.9031886380324003,0,0,0,0,0,0,0.06646702357801981,0.225680430026713,0.4705921482349997,0.0,0.0,0.0
image_741.png,surface,0.0,0.0,1.0640531833837326,20.48696337880062,0.9640670546106042,0.0,0.0073861268312680264,2.7682022421127117,0.0,0.0,0.0,0.12810723675488678,0,0,0,0,0,0,0.0061088664340837595,0.28306563591359957,0.5919648355958034,0.0,0.0,0.0
image_742.png,surface,0.0,0.0,0.9484725325949321,-20.540300572018094,-11.005117771830076,0.0,-2.5521098330444265,1.343076096223051,0.0,0.0,0.0,0.7253479004740289,0,0,0,0,0,0,-0.30915977706841796,0.16340602158777118,0.6563557325442556,0.0,0.0,0.0
image_743.png,surface,0.0,0.0,0.5792801674979846,21.895437757633147,11.512631989027394,0.0,0.5112608553930464,-2.7443109084171904,0.0,0.0,0.0,1.3311296080349333,0,0,0,0,0,0,0.04688029936111473,-0.16871052319830268,0.44118348847598005,0.0,0.0,0.0
image_744.png,surface,0.0,0.0,2.2941473164602075,-3.796091553106864,-0.268892974267805,0.0,1.907982033325718,0.48732551070943547,0.0,0.0,0.0,-2.3634489052170036,0,0,0,0,0,0,0.7871184608807221,0.1349485974672149,1.0318219198275274,0.0,0.0,0.0
image_745.png,surface,0.0,0.0,0.9048798656790698,-7.605838565893104,17.071574679949606,0.0,2.905449993483433,-0.2675611079329254,0.0,0.0,0.0,-1.9181685868771656,0,0,0,0,0,0,0.23658388705631442,-0.032225004594228626,0.336750367776674,0.0,0.0,0.0
image_746.png,surface,0.0,0.0,1.6384723985298448,10.40922666569615,8.10985988184368,0.0,-0.2144509992339733,2.1986224840553215,0.0,0.0,0.0,2.9288363385505267,0,0,0,0,0,0,-0.07164449333605473,0.42666629709905995,0.6974206720255295,0.0,0.0,0.0
image_747.png,surface,0.0,0.0,0.8009708959234334,15.715902625527667,-13.158472210460594,0.0,0.04741950471091162,-1.411884098434246,0.0,0.0,0.0,1.6100129629172732,0,0,0,0,0,0,0.03934694389307425,-0.2489686393512414,0.4226138290563887,0.0,0.0,0.0
image_748.png,surface,0.0,0.0,1.413795277192953,-7.741056246253691,-17.62174855203366,0.0,-1.3371412998469816,2.0259036798914014,0.0,0.0,0.0,0.02958108739575316,0,0,0,0,0,0,-0.22048533470461099,0.33061108569909925,0.7372797894665698,0.0,0.0,0.0
image_749.png,surface,0.0,0.0,1.4936690630386593,-0.9289256387801723,-7.978370002260807,0.0,-0.44177632678957873,-0.609747485101921,0.0,0.0,0.0,0.6884016782054783,0,0,0,0,0,0,-0.1772027832882334,-0.2934890130403437,0.5037522543414125,0.0,0.0,0.0
image_750.png,surface,0.0,0.0,2.7824649394543575,-6.2853011754634815,4.096390343234729,0.0,0.10112638157148011,0.7319902803555132,0.0,0.0,0.0,-1.8265485680994036,0,0,0,0,0,0,0.058401006612239126,0.26312813490177334,1.6611404426252214,0.0,0.0,0.0
image_751.png,surface,0.0,0.0,2.2632918888674487,10.828591379750433,1.6952082110170548,0.0,-1.6004954561315108,0.8027413247170648,0.0,0.0,0.0,-0.5866962013426322,0,0,0,0,0,0,-0.7706485673705938,0.4488580539851123,1.3522490299854892,0.0,0.0,0.0
image_752.png,surface,0.0,0.0,2.765355433949281,-13.029780107891716,-1.391718735705919,0.0,1.5955152560607415,-1.92629041427935,0.0,0.0,0.0,2.1620082742286924,0,0,0,0,0,0,1.01288475386293,-1.3680706075389408,3.061412451864884,0.0,0.0,0.0
image_753.png,surface,0.0,0.0,1.7227408288424995,-0.15419285431804447,4.990600153599579,0.0,0.8681881188067736,0.8634168578996452,0.0,0.0,0.0,-0.3568437447904804,0,0,0,0,0,0,0.3087640856700967,0.2272110587535954,0.5436113717824536,0.0,0.0,0.0
image_754.png,surface,0.0,0.0,0.9233541234859985,-7.220023012957193,-16.56704130718772,0.0,-2.3213665694549963,0.9683702757938165,0.0,0.0,0.0,-2.647702250940023,0,0,0,0,0,0,-0.2373326569331378,0.09922343982333243,0.40701853066937305,0.0,0.0,0.0
image_755.png,surface,0.0,0.0,1.5240831093325835,7.171251398448649,-2.203059892013105,0.0,-0.1561729888981804,-2.656181282805327,0.0,0.0,0.0,-2.5423822072357662,0,0,0,0,0,0,0.04213200258125891,-0.21986309700306378,0.4985493555381841,0.0,0.0,0.0
image_756.png,surface,0.0,0.0,1.9841962200078054,19.060032273371352,11.044640084864701,0.0,-0.4656553340769893,-0.9503149044100332,0.0,0.0,0.0,-0.26116825149105694,0,0,0,0,0,0,-0.31919511968584396,-0.3981412295712519,1.4028265655619372,0.0,0.0,0.0
image_757.png,surface,0.0,0.0,1.8531129118630227,13.44029362552355,-18.567265361999283,0.0,2.476654715550965,-0.08120002211226429,0.0,0.0,0.0,-0.9036985296977464,0,0,0,0,0,0,1.1326879341546745,0.19847047618407865,2.241828609141065,0.0,0.0,0.0
image_758.png,surface,0.0,0.0,2.740763730014558,12.175921531722192,-17.666756925893022,0.0,-2.0317768981873017,1.0777916912476968,0.0,0.0,0.0,1.7696134803977666,0,0,0,0,0,0,-0.6803167868038187,0.7721872482384365,2.522474756990222,0.0,0.0,0.0
image_759.png,surface,0.0,0.0,1.980944490573978,18.696729599706213,1.9366807916414746,0.0,-0.8256033956232809,-1.4576521963623625,0.0,0.0,0.0,1.649080574137697,0,0,0,0,0,0,-0.3516311611182371,-0.5387325456852566,0.9923781410892331,0.0,0.0,0.0
image_760.png,surface,0.0,0.0,1.141577053231349,0.10464343880027158,10.130141446955438,0.0,-2.2734532302603223,-0.31416550162965545,0.0,0.0,0.0,-1.4898317145087843,0,0,0,0,0,0,-0.16332314654711647,-0.006696697317921988,0.321545845050845,0.0,0.0,0.0
image_761.png,surface,0.0,0.0,2.8814658237558226,0.4052673625606068,-23.22324142927147,0.0,1.3655188499077955,-0.027972686137511162,0.0,0.0,0.0,0.40493985667414645,0,0,0,0,0,0,2.5954829392489014,-0.12361282089381935,6.451268497451506,0.0,0.0,0.0
image_762.png,surface,0.0,0.0,0.9348154206152482,5.580508719966595,-18.347273368282345,0.0,2.849011781079137,0.3071221384046749,0.0,0.0,0.0,-0.7502370737831763,0,0,0,0,0,0,0.23151599337781462,-0.005752835821386115,0.5504309653211051,0.0,0.0,0.0
image_763.png,surface,0.0,0.0,1.6910956614197812,-9.02940112043159,19.49141097177304,0.0,-2.276134615427505,-1.9001457470462013,0.0,0.0,0.0,-2.7078108845593505,0,0,0,0,0,0,-0.6761300674315794,-0.4888022725185101,1.3952566827538058,0.0,0.0,0.0
image_764.png,surface,0.0,0.0,2.7191262808746672,-8.520408133846788,-13.243122742240827,0.0,-1.226824227954458,-2.469146415136652,0.0,0.0,0.0,-0.7742992708215137,0,0,0,0,0,0,-0.2497604106204142,-1.5135998923823235,2.683646270690057,0.0,0.0,0.0
image_765.png,surface,0.0,0.0,2.274804601867072,1.0519416893422262,20.864005625252982,0.0,-0.5496883991658701,-1.5057891719189094,0.0,0.0,0.0,2.3717121309355793,0,0,0,0,0,0,-0.509537901178332,-0.8385768928022757,1.9454353186479743,0.0,0.0,0.0
image_766.png,surface,0.0,0.0,1.8384560681642106,8.28639875041913,12.843717002000021,0.0,2.810899378664732,0.36567674375143816,0.0,0.0,0.0,-2.596917069189021,0,0,0,0,0,0,0.40175460805559293,0.03609798293501402,0.6794606226373902,0.0,0.0,0.0
image_767.png,surface,0.0,0.0,2.219570132689425,0.33192590334784566,-19.100799375771164,0.0,-0.86668788245646,-0.17687101445461145,0.0,0.0,0.0,1.422621930002074,0,0,0,0,0,0,-0.19470451821398385,-0.127633670869062,1.5460246318509607,0.0,0.0,0.0
image_768.png,surface,0.0,0.0,1.5944837492271309,13.945487376313176,-5.551018480798538,0.0,-0.26011691884594695,1.415062330023788,0.0,0.0,0.0,-2.9036038357003373,0,0,0,0,0,0,-0.005761875515555681,0.5542055818184678,0.8121390081272685,0.0,0.0,0.0
image_769.png,surface,0.0,0.0,1.4920147059451392,-4.516384530007999,-2.8536067508111445,0.0,1.5312226414074208,-1.6261088160665074,0.0,0.0,0.0,-2.1919090846814333,0,0,0,0,0,0,0.2343923654656121,-0.19453771994851252,0.43709709156185633,0.0,0.0,0.0
image_770.png,surface,0.0,0.0,2.069595100943457,7.54639552219912,-20.97379384445735,0.0,-1.699896552373288,1.3559410227186195,0.0,0.0,0.0,2.203779462587832,0,0,0,0,0,0,-0.6280718252154631,0.6710524888846193,1.4847420761617756,0.0,0.0,0.0
image_771.png,surface,0.0,0.0,2.3425205802199245,-14.103433124703358,6.05305894304408,0.0,0.4060416353780832,0.8293788455178285,0.0,0.0,0.0,0.05254619904350033,0,0,0,0,0,0,0.2548465669788369,0.26738180404616185,1.4911865250656884,0.0,0.0,0.0
image_772.png,surface,0.0,0.0,2.8436505635598097,7.531751342596069,-15.291772209351727,0.0,-2.459562628038032,-0.3642425654827898,0.0,0.0,0.0,-1.7035886017180286,0,0,0,0,0,0,-0.9207586649937658,-0.12329190798499703,1.758767367808544,0.0,0.0,0.0
image_773.png,surface,0.0,0.0,2.591363868308692,4.875103866213022,8.211952493455597,0.0,0.8687691717150071,-0.36741418714512697,0.0,0.0,0.0,2.49449913084801,0,0,0,0,0,0,0.3882097871130555,-0.19319900972592569,1.3102238988795845,0.0,0.0,0.0
image_774.png,surface,0.0,0.0,2.9017312658908225,11.752597912042123,15.537860920591523,0.0,-0.7235220245507951,-0.20961287598582215,0.0,0.0,0.0,-2.8572016242715446,0,0,0,0,0,0,-0.6708430215940099,0.1907732856798285,2.988013617675136,0.0,0.0,0.0
image_775.png,surface,0.0,0.0,0.7897153084121262,9.05324082231399,-8.18703119402012,0.0,0.6399003618233841,-2.8532684411319797,0.0,0.0,0.0,1.5013399243685317,0,0,0,0,0,0,0.06719296510494006,-0.11405622324139358,0.2115659429664668,0.0,0.0,0.0
image_776.png,surface,0.0,0.0,2.973683664617594,21.814923367661237,-6.821305863233262,0.0,2.1837798161223545,1.9343628622258933,0.0,0.0,0.0,2.8848120560495545,0,0,0,0,0,0,1.8332625986625506,2.3764875111303727,6.721993409514076,0.0,0.0,0.0
image_777.png,surface,0.0,0.0,1.0007544666754407,24.574693169294935,-2.0869183684832384,0.0,-2.7041776575504426,0.6598193084923495,0.0,0.0,0.0,-0.35841873213959197,0,0,0,0,0,0,-0.3515505009485793,0.0930883400958495,0.7193800311804421,0.0,0.0,0.0
image_778.png,surface,0.0,0.0,0.7022598079051146,11.77685155665156,0.14574494116730752,0.0,-1.3959400109841853,-1.1547069281403666,0.0,0.0,0.0,-0.9926819150571493,0,0,0,0,0,0,-0.07044828780112952,-0.06387582677806457,0.17477273971290735,0.0,0.0,0.0
image_779.png,surface,0.0,0.0,2.1420262571225344,6.383845177594775,17.558501889210625,0.0,-0.9852124602604092,1.4157087996327242,0.0,0.0,0.0,-0.34140268261108364,0,0,0,0,0,0,-0.7536642750426487,0.8434031712545627,1.9935252880154946,0.0,0.0,0.0
image_780.png,surface,0.0,0.0,2.183718219552253,-0.1628214061672103,-16.00413620252549,0.0,0.07881832627914004,0.8253228553245118,0.0,0.0,0.0,-0.0051444152697381895,0,0,0,0,0,0,0.3585785889387634,0.41102336589647187,1.6034954500907401,0.0,0.0,0.0
image_781.png,surface,0.0,0.0,2.9345556459057587,15.572494827039316,17.04379514213626,0.0,-1.6830254099345368,0.059763646837059314,0.0,0.0,0.0,-0.8496967813301328,0,0,0,0,0,0,-1.7070492177180008,0.7289898537469789,5.182542740786165,0.0,0.0,0.0
image_782.png,surface,0.0,0.0,2.427559214430987,2.056312991414713,-0.49722264106383623,0.0,-1.0665819231098452,0.29549821751414357,0.0,0.0,0.0,-1.4166491873847045,0,0,0,0,0,0,-0.5122407778068655,0.12036593734573577,1.0904070069526333,0.0,0.0,0.0
image_783.png,surface,0.0,0.0,1.4816458283148288,-10.397045488300689,-12.687795549853078,0.0,2.0246545751206715,-1.7420542487952067,0.0,0.0,0.0,-1.305633106383137,0,0,0,0,0,0,0.4806524291008761,-0.36978133780533734,0.9329311145057372,0.0,0.0,0.0
image_784.png,surface,0.0,0.0,2.000263533389438,15.632875384668765,-13.641272398140446,0.0,0.6147705491748199,2.8643274496417885,0.0,0.0,0.0,0.0864295252780165,0,0,0,0,0,0,0.5804701499974085,0.8522864810394584,2.0373703172006388,0.0,0.0,0.0
image_785.png,surface,0.0,0.0,2.0236358681273563,-0.729036501081967,-23.698473314525536,0.0,0.0409265227853239,-0.026514205050926012,0.0,0.0,0.0,0.05277019624241941,0,0,0,0,0,0,0.7300414985628657,-0.10039225497654287,2.5801778076229374,0.0,0.0,0.0
image_786.png,surface,0.0,0.0,2.413546838585325,-19.710061107534088,10.680484646992594,0.0,-1.9246721494812171,1.4148697229558236,0.0,0.0,0.0,-2.5130980177490816,0,0,0,0,0,0,-1.1323409432361478,0.26897692997530753,2.040371474278553,0.0,0.0,0.0
image_787.png,surface,0.0,0.0,1.9527450942734152,0.9084439620607595,16.083304578730225,0.0,-1.7030041736437302,0.8171903696689826,0.0,0.0,0.0,2.889700445868775,0,0,0,0,0,0,-0.8511261102291757,0.22348280584227884,1.19723390770218,0.0,0.0,0.0
image_788.png,surface,0.0,0.0,1.466101699562472,21.44949358005051,-1.7758512368498658,0.0,-1.0366283060342143,-0.26155705305375815,0.0,0.0,0.0,2.3600221183063814,0,0,0,0,0,0,-0.47369739183038234,-0.046933512915245786,0.7972895330021749,0.0,0.0,0.0
image_789.png,surface,0.0,0.0,2.2036452535118096,-11.316489491224504,2.8371758031649974,0.0,-0.45888825439996755,2.1527672858783937,0.0,0.0,0.0,-1.5616152445443487,0,0,0,0,0,0,-0.17537651529598106,0.5996588052866474,0.9353025645181959,0.0,0.0,0.0
image_790.png,surface,0.0,0.0,1.100253764158578,-15.866181101873611,-11.310513376690501,0.0,2.80006545898265,0.9215492616023433,0.0,0.0,0.0,1.063368740854476,0,0,0,0,0,0,0.38445224071899653,0.032681204317554176,0.656221752317563,0.0,0.0,0.0
image_791.png,surface,0.0,0.0,1.3738781059203298,-3.802161667012095,-19.62635473627927,0.0,0.03559643194913706,2.854951029573131,0.0,0.0,0.0,1.008752040832496,0,0,0,0,0,0,-0.01736628671632506,0.4015973357510671,0.7883262558364414,0.0,0.0,0.0
image_792.png,surface,0.0,0.0,0.679077807049506,7.393681296849388,18.788643768295024,0.0,0.7743208962751293,2.745158143646974,0.0,0.0,0.0,0.6820673403674804,0,0,0,0,0,0,0.05912238246917881,0.14566142545289704,0.28991981254006255,0.0,0.0,0.0
image_793.png,surface,0.0,0.0,2.5405754201437007,-4.257996281409272,-8.494917436070923,0.0,0.34887105786156375,-2.6761513366762766,0.0,0.0,0.0,-2.516242915188676,0,0,0,0,0,0,0.34300965430481317,-1.2590782012264616,1.8423486992269267,0.0,0.0,0.0
image_794.png,surface,0.0,0.0,0.677497730657485,1.5329974491789156,11.391132820155,0.0,-1.4092472133341833,0.5179853326131771,0.0,0.0,0.0,-1.3883362233396408,0,0,0,0,0,0,-0.08871096772365178,0.07135750224060541,0.15958384801352576,0.0,0.0,0.0
image_795.png,surface,0.0,0.0,1.2469920356136246,6.66079678585762,-12.341676730980605,0.0,0.42606944506660926,-0.5329590107806871,0.0,0.0,0.0,-2.0818513301570665,0,0,0,0,0,0,0.24356936212667943,-0.23188789246893074,0.4983260551603626,0.0,0.0,0.0
image_796.png,surface,0.0,0.0,2.8140822810983837,-18.84137504573253,2.48948434644924,0.0,1.8171018625856816,-1.7842390151161873,0.0,0.0,0.0,-2.16433647283578,0,0,0,0,0,0,0.9946220739404065,-1.8444390779430848,4.1751454162846935,0.0,0.0,0.0
image_797.png,surface,0.0,0.0,1.8985242115062633,8.099911801656548,15.8618602517518,0.0,1.0691261895331918,0.9456206058398672,0.0,0.0,0.0,0.6806462125801804,0,0,0,0,0,0,0.490024227681117,0.44444392838631264,0.9329043184603981,0.0,0.0,0.0
image_798.png,surface,0.0,0.0,1.0446997990655664,-0.33108809481286655,-8.97536541500769,0.0,1.1620109753802819,0.9856823634263627,0.0,0.0,0.0,-2.020205401311067,0,0,0,0,0,0,0.18882697905891896,0.11020998764301,0.30000405760245713,0.0,0.0,0.0
image_799.png,surface,0.0,0.0,2.9822179136580673,16.314997632620287,-8.215284354356825,0.0,0.8612943966451557,1.5155150446071617,0.0,0.0,0.0,2.3110468825114134,0,0,0,0,0,0,0.9735499850898031,1.574762117357847,4.677772236721892,0.0,0.0,0.0
image_800.png,surface,0.0,0.0,2.7018237054062335,12.704799627109823,-16.64603974270541,0.0,-2.379364866120769,-0.8320049591801671,0.0,0.0,0.0,0.14800526741521214,0,0,0,0,0,0,-0.8762159886627343,-0.2520346161124889,1.9045155244122827,0.0,0.0,0.0
image_801.png,surface,0.0,0.0,0.6704506816807541,10.40051917756601,-2.630937896072582,0.0,-1.2951097771967908,1.6361915732717645,0.0,0.0,0.0,1.9810572023269115,0,0,0,0,0,0,-0.05788660779442134,0.05448440488753261,0.1486867895758631,0.0,0.0,0.0
image_802.png,surface,0.0,0.0,1.075712655835559,9.185045446042196,-16.37195315951777,0.0,1.944007426868172,1.587134087523046,0.0,0.0,0.0,1.2499989375805312,0,0,0,0,0,0,0.3204461132605367,0.21031593796560347,0.5783122504958306,0.0,0.0,0.0
image_803.png,surface,0.0,0.0,2.1056514832782973,-6.802150081136301,16.664484413816194,0.0,-0.0951801922440799,1.2064779340753995,0.0,0.0,0.0,-1.4512364792496264,0,0,0,0,0,0,-0.14811946551161667,0.5627475283621174,1.1967381808634174,0.0,0.0,0.0
image_804.png,surface,0.0,0.0,0.9970078925074042,-18.02327143992098,9.392075680064771,0.0,0.7717953194280416,-1.8995841375131792,0.0,0.0,0.0,-0.9682513022671388,0,0,0,0,0,0,0.11993101905120364,-0.3503252061567452,0.5745786681786639,0.0,0.0,0.0
image_805.png,surface,0.0,0.0,1.8429448334472305,-2.279978318023817,-20.849822754147205,0.0,2.388207671104054,0.5401655138646821,0.0,0.0,0.0,-2.491707534057981,0,0,0,0,0,0,1.1587853037639602,-0.042544556956354056,1.9355900049898471,0.0,0.0,0.0
image_806.png,surface,0.0,0.0,0.9146519018011621,-15.054280967862944,-6.973709715435611,0.0,-0.6855899427414387,-1.4424899377990665,0.0,0.0,0.0,-0.44963554598755984,0,0,0,0,0,0,-0.07733788380190111,-0.25562128979932486,0.4165311267645463,0.0,0.0,0.0
image_807.png,surface,0.0,0.0,2.1817637721765895,10.786325110813774,16.0153783801071,0.0,2.2182988223470748,1.7414841901497538,0.0,0.0,0.0,-2.9619294163660825,0,0,0,0,0,0,0.5754479130187151,0.5343121276764804,1.202220205138922,0.0,0.0,0.0
image_808.png,surface,0.0,0.0,1.828090292481692,6.237161818317854,-2.424717482831353,0.0,-0.6397794134936904,2.3040218581807252,0.0,0.0,0.0,0.9394712166737147,0,0,0,0,0,0,-0.08586655532571895,0.30687768836870494,0.6717634586139014,0.0,0.0,0.0
image_809.png,surface,0.0,0.0,2.923580609000498,12.484734849551787,1.97554213243878,0.0,-0.059622467890306945,0.8432277013434797,0.0,0.0,0.0,0.9349938953603996,0,0,0,0,0,0,-0.0010592354355062339,0.7481864234840249,2.6935250794048553,0.0,0.0,0.0
image_810.png,surface,0.0,0.0,0.8345331938743321,-16.105842145497885,2.0278475405080347,0.0,2.2077478491768185,-1.6543829830211982,0.0,0.0,0.0,1.3523249396295407,0,0,0,0,0,0,0.18129818926085906,-0.11427803069307964,0.3319092155855158,0.0,0.0,0.0
image_811.png,surface,0.0,0.0,1.826803122895304,-23.079344569193324,-1.9496547085357356,0.0,-1.829608478358962,0.9723492401335985,0.0,0.0,0.0,1.0755105024948657,0,0,0,0,0,0,-0.8089514947280975,0.19276011413003655,1.216125119665833,0.0,0.0,0.0
image_812.png,surface,0.0,0.0,1.2793097240872384,-22.538076149683448,-9.141506419317132,0.0,-1.2612674398393613,1.494521629084225,0.0,0.0,0.0,0.5243411082148821,0,0,0,0,0,0,-0.31348803221005567,0.2836382452214979,0.8843230882616709,0.0,0.0,0.0
image_813.png,surface,0.0,0.0,2.0317219072891914,-1.6006393015945997,24.318272838855233,0.0,2.9889763339335964,0.2540941405525149,0.0,0.0,0.0,-2.531960481603295,0,0,0,0,0,0,0.636536577359552,0.048578978124206605,1.0726992869914314,0.0,0.0,0.0
image_814.png,surface,0.0,0.0,1.0081388512255172,7.3423696906124905,-14.620769512450547,0.0,0.1677001862442994,-1.4962710037954126,0.0,0.0,0.0,-1.2151584327730969,0,0,0,0,0,0,0.0847723164203613,-0.2634081471457461,0.420985969302074,0.0,0.0,0.0
image_815.png,surface,0.0,0.0,2.8134811508271156,-18.28825926757863,-2.3470760098556425,0.0,-0.015450245480902949,0.057835117558604196,0.0,0.0,0.0,-0.3932429049355246,0,0,0,0,0,0,0.1833329561822269,-0.6999236389611574,3.4107212328902103,0.0,0.0,0.0
image_816.png,surface,0.0,0.0,1.594804542876155,-16.47297267799191,1.5690865889043415,0.0,-0.4760477479255521,-2.8187021888795027,0.0,0.0,0.0,-0.6015655409339775,0,0,0,0,0,0,-0.09016589455747935,-0.8410513830256934,1.1108836515988154,0.0,0.0,0.0
image_817.png,surface,0.0,0.0,1.5794284521433941,-0.6662123270841307,-5.955727017058013,0.0,-2.1814830649655192,1.8738790151793046,0.0,0.0,0.0,1.661786721121799,0,0,0,0,0,0,-0.23878453998697838,0.1795460531785346,0.4547824814852762,0.0,0.0,0.0
image_818.png,surface,0.0,0.0,2.4658126078923295,-20.605451779512382,11.517126581356136,0.0,-2.17701501558454,-1.3072531634663076,0.0,0.0,0.0,2.3103956324246298,0,0,0,0,0,0,-1.2340184137047892,-1.7312260376385973,4.25248103613543,0.0,0.0,0.0
image_819.png,surface,0.0,0.0,2.768795674277702,4.386058288434927,-19.50260511653527,0.0,-1.2089937950220113,-1.716017269810183,0.0,0.0,0.0,2.699920434734513,0,0,0,0,0,0,-0.26759391756475714,-0.798247264157793,2.032332660676999,0.0,0.0,0.0
image_820.png,surface,0.0,0.0,1.734934405178505,-8.318653067844178,4.786704582259983,0.0,-1.4141286723481281,-1.7416104228025808,0.0,0.0,0.0,1.7996826588017232,0,0,0,0,0,0,-0.25046048001744425,-0.4065919361702365,0.6716964685005551,0.0,0.0,0.0
image_821.png,surface,0.0,0.0,2.4282230707836474,-3.6869271813735662,-10.835584666279262,0.0,1.8486827983052687,1.2981961863886802,0.0,0.0,0.0,-1.3631950102632526,0,0,0,0,0,0,1.1184887005149138,0.4701657272694091,1.7814524531913751,0.0,0.0,0.0
image_822.png,surface,0.0,0.0,0.8598524087313304,-8.504563630815596,19.060822275597072,0.0,-1.9932146246542315,0.1431614746394373,0.0,0.0,0.0,2.8315855215537855,0,0,0,0,0,0,-0.2996753586286547,0.04669754754111177,0.4065228038306109,0.0,0.0,0.0
image_823.png,surface,0.0,0.0,1.1310227781973452,14.870630257046711,-11.62764229394345,0.0,0.8516672018665995,-0.2772451088019455,0.0,0.0,0.0,-0.6219659124338346,0,0,0,0,0,0,0.31158871349811357,-0.051086503500003634,0.581500979891113,0.0,0.0,0.0
image_824.png,surface,0.0,0.0,2.2324757842509957,-6.973011282934306,-16.56497018977275,0.0,0.5426938376631201,1.2267491024527193,0.0,0.0,0.0,0.27506165352101597,0,0,0,0,0,0,0.7367347707544702,0.5124931960815604,1.861306901303927,0.0,0.0,0.0
image_825.png,surface,0.0,0.0,2.8168677721136195,1.2731567762465237,21.793412928159057,0.0,1.3803540454540233,0.5199577059026304,0.0,0.0,0.0,-0.44162998117431496,0,0,0,0,0,0,0.49062993989854786,0.3457600627184998,2.3745851497631825,0.0,0.0,0.0
image_826.png,surface,0.0,0.0,0.7930218609478513,5.022683345538781,-7.905260054518552,0.0,-1.5507894989513658,1.5005204121387816,0.0,0.0,0.0,-0.9945775827933865,0,0,0,0,0,0,-0.08738844531926244,0.06293039217903436,0.18126184869238446,0.0,0.0,0.0
image_827.png,surface,0.0,0.0,0.8359679842135138,-9.602693146386667,0.03120369926706911,0.0,2.374098749900304,1.5311085194556135,0.0,0.0,0.0,-2.6948331557738667,0,0,0,0,0,0,0.14759289157385086,0.08586779964735006,0.20415906943414566,0.0,0.0,0.0
image_828.png,surface,0.0,0.0,2.938068092905113,-19.776071280314554,10.88232059354931,0.0,-0.7283996292924836,1.9836073044590798,0.0,0.0,0.0,-1.187726999847437,0,0,0,0,0,0,-0.551870793238739,0.5979598545928827,2.6606999238651756,0.0,0.0,0.0
image_829.png,surface,0.0,0.0,0.7280908979956404,4.015279636913565,18.440787943478632,0.0,0.4984302722166159,-1.6181360838207126,0.0,0.0,0.0,-1.3869355432235775,0,0,0,0,0,0,0.08334478360641749,-0.14249948943950186,0.24195489138412093,0.0,0.0,0.0
image_830.png,surface,0.0,0.0,0.6072397432100403,-15.509718368955406,14.52456909549739,0.0,1.4316548755637082,1.690986163105807,0.0,0.0,0.0,0.06740270429309403,0,0,0,0,0,0,0.130868842434801,0.12121541269261814,0.3071987957758485,0.0,0.0,0.0
image_831.png,surface,0.0,0.0,1.829385838606819,-8.557866082806026,-6.601381864212361,0.0,0.42283312279133434,-1.7987982582780373,0.0,0.0,0.0,2.5476665232732802,0,0,0,0,0,0,0.26931365325746165,-0.6364914270864649,0.9019414880717453,0.0,0.0,0.0
image_832.png,surface,0.0,0.0,1.0610283023766964,-2.7425326033269215,2.4387501578183297,0.0,0.7625134865545871,0.11545260264313705,0.0,0.0,0.0,-1.579294282893537,0,0,0,0,0,0,0.14129835456055467,0.0071654818612013945,0.224269501460701,0.0,0.0,0.0
image_833.png,surface,0.0,0.0,1.244066419208524,-18.168144165270895,3.4572875494125013,0.0,2.124921956277219,-0.4187496670516075,0.0,0.0,0.0,0.5428979127382352,0,0,0,0,0,0,0.3829897044352015,-0.14626077750319733,0.6581644656046052,0.0,0.0,0.0
image_834.png,surface,0.0,0.0,2.0447342334529095,10.60163544385026,19.325952468749115,0.0,0.9986374227171411,2.481560043015634,0.0,0.0,0.0,-0.9285540878142471,0,0,0,0,0,0,0.14154337884951537,0.7271273003938145,1.5723785424413899,0.0,0.0,0.0
image_835.png,surface,0.0,0.0,1.3781160916659219,-6.629907455541719,0.08206239943988634,0.0,0.36531184856569104,-1.923336086715216,0.0,0.0,0.0,1.2668665756807798,0,0,0,0,0,0,0.08920406008156002,-0.22437475495650525,0.39844379616104847,0.0,0.0,0.0
image_836.png,surface,0.0,0.0,2.989135536656115,9.241902062908538,21.406452972870614,0.0,2.452235151125317,-0.8960604663991532,0.0,0.0,0.0,1.5047576281971402,0,0,0,0,0,0,0.945449808249016,-0.3829875332443686,2.1463498335923803,0.0,0.0,0.0
image_837.png,surface,0.0,0.0,1.0705525787607768,-1.52638069497479,-14.467797117355927,0.0,-1.2000723848449484,-1.7751254574685997,0.0,0.0,0.0,-2.085252130741255,0,0,0,0,0,0,-0.10835247998032442,-0.24605525353193392,0.4305856525445973,0.0,0.0,0.0
image_838.png,surface,0.0,0.0,2.663188512889545,16.763443223012604,8.832907848319806,0.0,-1.1516570581999748,1.5121340036962378,0.0,0.0,0.0,1.0196520948141092,0,0,0,0,0,0,-0.8593884510041231,1.2095821043481216,3.5846454311673956,0.0,0.0,0.0
image_839.png,surface,0.0,0.0,2.6880569232440488,-14.311120249462212,-4.088990470689344,0.0,-1.3171911458687569,1.5938368971530974,0.0,0.0,0.0,1.548777683104566,0,0,0,0,0,0,-0.5217860718463705,0.5313232329374507,1.5965217792913917,0.0,0.0,0.0
image_840.png,surface,0.0,0.0,1.5939659975470892,-10.591965881581913,10.902891792218908,0.0,0.43867158052148086,0.14542146016084828,0.0,0.0,0.0,2.683211817885435,0,0,0,0,0,0,0.24736799955056385,0.031199341767992914,0.6047733452676135,0.0,0.0,0.0
image_841.png,surface,0.0,0.0,2.993340775947706,-3.2898659561137085,8.08080616638249,0.0,1.1805691922076276,-2.7036273925522667,0.0,0.0,0.0,-2.0612364162149106,0,0,0,0,0,0,0.5649179561533872,-1.3286738286735333,2.229500195281569,0.0,0.0,0.0
image_842.png,surface,0.0,0.0,1.2070007497688113,11.983814746346098,-4.915055290971925,0.0,-0.18696080034602858,-2.1978360342330583,0.0,0.0,0.0,2.649272691215633,0,0,0,0,0,0,0.017157787787209722,-0.23096290820232565,0.34912790771928964,0.0,0.0,0.0
image_843.png,surface,0.0,0.0,0.7276593430760325,11.07759211234155,-13.477806208654929,0.0,0.9916250380387254,1.7156317277895716,0.0,0.0,0.0,1.2486946713015952,0,0,0,0,0,0,0.06574260394109306,0.15986654097576167,0.3361496897603356,0.0,0.0,0.0
image_844.png,surface,0.0,0.0,1.9179874362714686,12.610435222301282,-8.547518437743742,0.0,0.9222311990703523,1.3757141978422904,0.0,0.0,0.0,0.1024570137256875,0,0,0,0,0,0,0.5621618133750803,0.7631041544367739,1.4614786428003896,0.0,0.0,0.0
image_845.png,surface,0.0,0.0,0.5186794366181866,-13.36859718901144,3.9821666748318156,0.0,-2.446511575498432,1.4781617083739549,0.0,0.0,0.0,-2.7605810552090824,0,0,0,0,0,0,-0.09187041135024819,0.07986012122189928,0.14823572281266487,0.0,0.0,0.0
image_846.png,surface,0.0,0.0,1.6854093872203393,20.511094638555175,-9.06547680887166,0.0,1.166692566278015,-1.9666166460401138,0.0,0.0,0.0,-1.2642827741959701,0,0,0,0,0,0,0.4192532992013565,-0.3821459234099576,1.1260234172150765,0.0,0.0,0.0
image_847.png,surface,0.0,0.0,2.592009478408196,1.819076099819094,1.3280454711426435,0.0,-0.13633110356994663,-1.3098700056871468,0.0,0.0,0.0,-2.3503227715488997,0,0,0,0,0,0,-0.040932753266346496,-0.6323793371665564,1.2617386878433203,0.0,0.0,0.0
image_848.png,surface,0.0,0.0,1.5492676895652109,14.136132243848731,-11.622976291721908,0.0,1.6058452517878208,0.2624298391632153,0.0,0.0,0.0,1.5372818469003464,0,0,0,0,0,0,0.5350417336901342,0.13825211270509055,0.9597852179424857,0.0,0.0,0.0
image_849.png,surface,0.0,0.0,1.0099809225844498,-15.262218583890736,-7.95240628131758,0.0,-1.7211482290116622,0.8364851587788651,0.0,0.0,0.0,2.0830438805149702,0,0,0,0,0,0,-0.22413787068911548,0.1386579731486008,0.4080903724829136,0.0,0.0,0.0
image_850.png,surface,0.0,0.0,1.1391388764197958,1.6077436377203702,-20.58747694908005,0.0,-0.3719425511100899,0.0692696352106034,0.0,0.0,0.0,2.901359086795079,0,0,0,0,0,0,-0.0978970957246805,0.1214513780667521,0.6434355726835344,0.0,0.0,0.0
image_851.png,surface,0.0,0.0,2.7845205684204704,-14.269258670303422,-13.187043066944927,0.0,-1.8861450149519294,-0.6989258118235238,0.0,0.0,0.0,0.6879950172313043,0,0,0,0,0,0,-0.5675219099323402,-0.8134686038919278,2.8996581241789374,0.0,0.0,0.0
image_852.png,surface,0.0,0.0,2.1555317603253172,8.813111099119164,6.773226409046812,0.0,-0.8677611342773118,-1.8263719809678511,0.0,0.0,0.0,1.7677365029725642,0,0,0,0,0,0,-0.2581825498446842,-0.5241498855637782,0.8807726122543185,0.0,0.0,0.0
image_853.png,surface,0.0,0.0,0.903279665687562,-0.8217114951602119,-8.991199036575077,0.0,-2.5339796048790415,-0.46282727296148723,0.0,0.0,0.0,-2.173059364393921,0,0,0,0,0,0,-0.12833793937553808,-0.007653143634411649,0.21636466808583893,0.0,0.0,0.0
image_854.png,surface,0.0,0.0,1.657983651873742,2.392454164615759,-3.8674826744026065,0.0,0.3120392030473859,2.5497702765426844,0.0,0.0,0.0,-1.8384382933970733,0,0,0,0,0,0,0.008140589575464346,0.32055738765849806,0.5095803942025389,0.0,0.0,0.0
image_855.png,surface,0.0,0.0,2.0364844833635365,-11.52093052124103,-0.9190328392767692,0.0,-1.1456092267099163,1.2534338890087224,0.0,0.0,0.0,-1.1381174621106627,0,0,0,0,0,0,-0.4963278960343741,0.44640716029910743,0.8208164608093906,0.0,0.0,0.0
image_856.png,surface,0.0,0.0,1.7628510269136881,12.104072733841692,-6.508619277122324,0.0,1.2805350571486798,-2.4303916618440753,0.0,0.0,0.0,1.8303821191881084,0,0,0,0,0,0,0.25411605978193585,-0.34334692349235624,0.7453186030681246,0.0,0.0,0.0
image_857.png,surface,0.0,0.0,2.4627221777522763,22.476172151762565,-8.70397014294466,0.0,0.44731562143836384,0.645144285621713,0.0,0.0,0.0,-1.4474374729762611,0,0,0,0,0,0,0.9236989564612921,1.1524470217578164,3.867433029639856,0.0,0.0,0.0
image_858.png,surface,0.0,0.0,0.5157311318092153,-9.582618676577285,12.110998538135114,0.0,-1.1486952384196414,-2.74041050320696,0.0,0.0,0.0,-2.4646760589968055,0,0,0,0,0,0,-0.02690092752587518,-0.1074963858404694,0.15723249503507122,0.0,0.0,0.0
image_859.png,surface,0.0,0.0,1.2026608748064065,9.229195759755246,16.0087821554448,0.0,-1.9293008273721732,0.8643239633953461,0.0,0.0,0.0,-1.4255896423221128,0,0,0,0,0,0,-0.28513522163034,0.12449533139308026,0.5078721463122089,0.0,0.0,0.0
image_860.png,surface,0.0,0.0,1.9364767801976506,-10.795400227205004,9.007343463557472,0.0,-0.795663713257251,2.01375292107412,0.0,0.0,0.0,0.7581985863491765,0,0,0,0,0,0,-0.21876712090190062,0.4781366376076547,0.8374300089192701,0.0,0.0,0.0
image_861.png,surface,0.0,0.0,1.8472493844252618,19.622939957308272,-7.902287910251992,0.0,-1.7084021105524019,-1.4622745548202722,0.0,0.0,0.0,1.881624026164313,0,0,0,0,0,0,-0.4760882810102388,-0.3387833531566058,1.04637217244634,0.0,0.0,0.0
image_862.png,surface,0.0,0.0,0.7602004923601156,-21.4039289428442,10.514035220870044,0.0,-1.6303925373915333,1.7003972684582571,0.0,0.0,0.0,2.720401986312625,0,0,0,0,0,0,-0.19177944564639307,0.23971722358269584,0.4182728697115495,0.0,0.0,0.0
image_863.png,surface,0.0,0.0,0.9380402753190118,14.834766912822142,9.768208584109411,0.0,-0.6465958003452098,-2.4633341504783965,0.0,0.0,0.0,-0.4204834137488178,0,0,0,0,0,0,-0.031804457085072416,-0.14141404871848573,0.3654176702813286,0.0,0.0,0.0
image_864.png,surface,0.0,0.0,2.3823968076589184,10.299533096079497,16.872291744432594,0.0,2.831790097220842,0.6012588593957944,0.0,0.0,0.0,0.8219127197314311,0,0,0,0,0,0,0.7319682112946916,0.10167747971432575,1.3450140977440908,0.0,0.0,0.0
image_865.png,surface,0.0,0.0,1.8369637125564995,6.536396641643308,1.40255033928651,0.0,2.3090399784355626,0.8750979919178027,0.0,0.0,0.0,0.6150120287972536,0,0,0,0,0,0,0.35360200865987607,0.08039654917243053,0.6399431547744144,0.0,0.0,0.0
image_866.png,surface,0.0,0.0,2.099918427435941,-6.852926669939167,-19.978494763374716,0.0,2.1631431905192473,1.7388996433724886,0.0,0.0,0.0,-0.7622187572529762,0,0,0,0,0,0,1.7478160849750504,0.5614796077517711,2.8905921288394083,0.0,0.0,0.0
image_867.png,surface,0.0,0.0,2.5418805522192622,7.260980189401454,-2.420601664136473,0.0,-2.585349980116813,0.8916015958142017,0.0,0.0,0.0,-2.1914346169595853,0,0,0,0,0,0,-0.9893974255925716,0.4069222876940236,1.3158064083251089,0.0,0.0,0.0
image_868.png,surface,0.0,0.0,1.9595667045861436,-23.520208701719255,-5.004314069834371,0.0,-0.5520623108278999,1.8340710619629819,0.0,0.0,0.0,-1.4375243157862714,0,0,0,0,0,0,-0.2565936966914247,0.6696933283296077,1.1894630545540108,0.0,0.0,0.0
image_869.png,surface,0.0,0.0,1.284873541471514,9.8035679821786,8.72714313203004,0.0,-0.5847483104531015,0.2881492791707609,0.0,0.0,0.0,1.8916358556919395,0,0,0,0,0,0,-0.2951583891278173,0.11597698138684409,0.4240340194593303,0.0,0.0,0.0
image_870.png,surface,0.0,0.0,1.8081257341007915,-23.94375825258171,3.705475171738363,0.0,0.6173370903354195,1.9342454211887494,0.0,0.0,0.0,2.794366281527899,0,0,0,0,0,0,0.27014156141394907,0.5843304945829044,1.031433377170118,0.0,0.0,0.0
image_871.png,surface,0.0,0.0,0.8259792386323499,-1.9661728729098498,-19.530473526672843,0.0,0.5941975113651047,-0.3860114318180419,0.0,0.0,0.0,0.8545239728627347,0,0,0,0,0,0,0.32348684946763695,-0.16366401039682446,0.5292754875263479,0.0,0.0,0.0
image_872.png,surface,0.0,0.0,1.1801930812486932,11.443834977471468,0.8077484768885015,0.0,-1.2478250067104113,0.10349220751530139,0.0,0.0,0.0,2.3413674586680306,0,0,0,0,0,0,-0.19222383752450786,0.05166855142286733,0.3317350412908152,0.0,0.0,0.0
image_873.png,surface,0.0,0.0,2.1378260061957617,-9.67942564234451,-21.649595552034057,0.0,-0.03691794883523111,1.615554386489846,0.0,0.0,0.0,1.888188109901499,0,0,0,0,0,0,0.4621827721392321,0.6784712402473914,2.007814279192256,0.0,0.0,0.0
image_874.png,surface,0.0,0.0,0.6027775028545153,4.579538360929499,8.280121713347452,0.0,-2.174336700580026,-1.2423981085347693,0.0,0.0,0.0,1.9269677311201123,0,0,0,0,0,0,-0.06721122778486253,-0.040313897619540955,0.11527658704629137,0.0,0.0,0.0
image_875.png,surface,0.0,0.0,0.502127335228469,0.6453320274345017,9.000835324921322,0.0,0.4903776410375695,-2.620670492319362,0.0,0.0,0.0,1.1048881963414834,0,0,0,0,0,0,0.01665556408934038,-0.015290556243881,0.10111934309244264,0.0,0.0,0.0
image_876.png,surface,0.0,0.0,2.7176810588426585,-6.418503677345014,-15.417275081189498,0.0,1.848424175415244,0.9998516105341889,0.0,0.0,0.0,-1.39845186307899,0,0,0,0,0,0,1.6522611779504337,0.22087774811183974,3.364404268522585,0.0,0.0,0.0
image_877.png,surface,0.0,0.0,2.9108220381584413,11.633072366177949,-4.331857247199136,0.0,-0.40717902743823625,2.8774922040537,0.0,0.0,0.0,-2.170471165566426,0,0,0,0,0,0,0.13055076742615038,1.6375996964897221,3.19946121144136,0.0,0.0,0.0
image_878.png,surface,0.0,0.0,2.7640316563278255,17.832331088425732,-3.698469088458038,0.0,1.1012265919754967,-1.7152934814355032,0.0,0.0,0.0,1.2730548866007538,0,0,0,0,0,0,0.7356998855588613,-0.6039313516609657,2.1189910713017563,0.0,0.0,0.0
image_879.png,surface,0.0,0.0,1.038653908840767,-9.33626347862974,13.791256997627656,0.0,-1.0083632034591767,-1.2510965967240812,0.0,0.0,0.0,-2.658792278823367,0,0,0,0,0,0,-0.18911918193767904,-0.21388688062749767,0.4180718993715104,0.0,0.0,0.0
image_880.png,surface,0.0,0.0,2.386644508968395,-5.751534455255961,23.484808934144155,0.0,-1.1707760232622026,1.0485411002657756,0.0,0.0,0.0,0.6205323112043284,0,0,0,0,0,0,-1.327432021508492,0.2361399885108248,3.4745739759281133,0.0,0.0,0.0
image_881.png,surface,0.0,0.0,1.6411700015830242,-3.389005355046062,-6.823513588244123,0.0,-0.2017946133205345,-0.8728279221160011,0.0,0.0,0.0,2.368977696634424,0,0,0,0,0,0,-0.03297326860011385,-0.37740773869734745,0.556339493318248,0.0,0.0,0.0
image_882.png,surface,0.0,0.0,0.6773596692810788,-3.060329591457822,6.6062388284940115,0.0,-0.3145611223225704,-0.7482312356067786,0.0,0.0,0.0,-0.08702545301270526,0,0,0,0,0,0,-0.03539307368984804,-0.050119045466054384,0.16983333535550793,0.0,0.0,0.0
image_883.png,surface,0.0,0.0,2.4874653627581496,-4.423914879721891,14.042321415483592,0.0,2.166900718471898,1.9258790438585354,0.0,0.0,0.0,1.7529626515313579,0,0,0,0,0,0,0.6526077356913721,0.4811695792165235,1.211748432260542,0.0,0.0,0.0
image_884.png,surface,0.0,0.0,2.5204368917060087,20.855832160260224,5.587878086432199,0.0,0.5364878596796503,0.38855680636231105,0.0,0.0,0.0,0.9218965698936055,0,0,0,0,0,0,0.2938860890932154,0.8276391111599195,2.904342966105622,0.0,0.0,0.0
image_885.png,surface,0.0,0.0,2.3049437679138904,9.726904886865263,-22.8872017136138,0.0,2.5781371339645758,-0.7364825272765861,0.0,0.0,0.0,-2.171313893698758,0,0,0,0,0,0,2.5586836392050194,-0.14265994589391293,4.7776321656834195,0.0,0.0,0.0
image_886.png,surface,0.0,0.0,2.99137687480903,8.99989748733196,-5.650900000628687,0.0,-1.6435695891778637,-1.3043734884264604,0.0,0.0,0.0,-0.914007692471781,0,0,0,0,0,0,-0.6737056966718649,-0.6423213449300677,1.8507336284141054,0.0,0.0,0.0
image_887.png,surface,0.0,0.0,2.980292837381636,-7.360112761150736,4.888706526312224,0.0,0.8503098725746849,-0.7874473583339026,0.0,0.0,0.0,-1.4576585285955055,0,0,0,0,0,0,0.45305447595795784,-0.655865757405358,2.2787222975646433,0.0,0.0,0.0
image_888.png,surface,0.0,0.0,0.948551006118534,3.8859561063650823,-0.5356231848548986,0.0,-1.472168767392739,-1.7109773889915858,0.0,0.0,0.0,-2.359040825664709,0,0,0,0,0,0,-0.08039536079893002,-0.1324473645013949,0.1868488241454648,0.0,0.0,0.0
image_889.png,surface,0.0,0.0,2.4885311593324007,1.5513394717004076,-1.1108089546877922,0.0,-2.6136001849781905,-0.43679789195429036,0.0,0.0,0.0,-1.1243624772400722,0,0,0,0,0,0,-0.7319012481349759,-0.07439516315695678,1.115773929873094,0.0,0.0,0.0
image_890.png,surface,0.0,0.0,2.149560243956924,-5.915095826685554,-12.210591791628227,0.0,-0.5430892016277609,1.163361434638761,0.0,0.0,0.0,-2.9630313296334414,0,0,0,0,0,0,-0.1880690778421341,0.37626094697905604,1.0083887781789962,0.0,0.0,0.0
image_891.png,surface,0.0,0.0,2.3161698417082786,-21.647366080271876,4.6409050292190575,0.0,-1.505165959402759,2.3583609378784707,0.0,0.0,0.0,-1.6885264381533704,0,0,0,0,0,0,-0.6182465034171458,0.700840757715291,1.437058513481889,0.0,0.0,0.0
image_892.png,surface,0.0,0.0,2.9772512548810632,20.55750634379014,12.71329554591729,0.0,1.564569720436798,1.8682008900556786,0.0,0.0,0.0,1.222943476734554,0,0,0,0,0,0,0.49323693745748737,2.1943128036839856,5.644774522875547,0.0,0.0,0.0
image_893.png,surface,0.0,0.0,2.5915481256513924,10.564978220900196,-22.685897787679366,0.0,0.3359937207467894,-2.540624599795477,0.0,0.0,0.0,-1.5055072401271985,0,0,0,0,0,0,0.9196705136483826,-1.0981592546820627,2.8695750972788985,0.0,0.0,0.0
image_894.png,surface,0.0,0.0,1.4787932323626332,23.969313827079908,-1.4549137039752404,0.0,1.1871171033894954,0.11641535908680749,0.0,0.0,0.0,-2.2282333373602494,0,0,0,0,0,0,0.6308325336637509,0.18789922742287676,1.1114195725055855,0.0,0.0,0.0
image_895.png,surface,0.0,0.0,2.843664051084101,-8.66269228445514,-1.3496464237571708,0.0,-1.126982050121074,1.295137349515616,0.0,0.0,0.0,1.9095466705237962,0,0,0,0,0,0,-0.4392265834766214,0.42384887053190007,1.6953522935111698,0.0,0.0,0.0
image_896.png,surface,0.0,0.0,2.6879136903528984,-17.651376646904215,12.08723445550306,0.0,-2.5924437863525593,0.36764738911533895,0.0,0.0,0.0,-0.4073142803523644,0,0,0,0,0,0,-1.7992574886468158,-0.5329749905563883,3.703735988666868,0.0,0.0,0.0
image_897.png,surface,0.0,0.0,2.2655839428780298,-8.394662928926065,7.8381293058458645,0.0,2.6768539926733625,-1.3158028648315583,0.0,0.0,0.0,-0.594265587063664,0,0,0,0,0,0,0.6014722319083093,-0.4180598533531471,1.1537349941026571,0.0,0.0,0.0
image_898.png,surface,0.0,0.0,2.8423983323675297,-1.627891915347043,11.923612718558598,0.0,1.677593347167776,-0.6676010656962273,0.0,0.0,0.0,2.381749210102507,0,0,0,0,0,0,0.72710120709534,-0.37671871980487615,1.6707557568941904,0.0,0.0,0.0
image_899.png,surface,0.0,0.0,1.6556669140137137,-9.500570901692441,19.210309280476608,0.0,0.14909034938269897,-1.0904052846244878,0.0,0.0,0.0,2.9772257551591315,0,0,0,0,0,0,0.07382688358679633,-0.6497778507527012,1.030026584789847,0.0,0.0,0.0
image_900.png,surface,0.0,0.0,2.2831405797931117,-19.324096040069186,15.116212022651936,0.0,-2.567413063808301,-1.2987325781976693,0.0,0.0,0.0,1.1558364758950859,0,0,0,0,0,0,-1.669549848277088,-1.6566232249524022,4.246757847451874,0.0,0.0,0.0
image_901.png,surface,0.0,0.0,0.5102182368078698,11.351221027876703,22.395627783995085,0.0,1.3941001225455558,-0.9762630629397935,0.0,0.0,0.0,0.8264725786490681,0,0,0,0,0,0,0.17019904553794615,-0.08646243239016774,0.3237498197799377,0.0,0.0,0.0
image_902.png,surface,0.0,0.0,1.9214527047320005,0.33460324524819096,-5.12431237029075,0.0,0.25388689185194074,2.7713351172218834,0.0,0.0,0.0,-2.087122438783278,0,0,0,0,0,0,0.0023650170499667222,0.45859870462936236,0.678560722114771,0.0,0.0,0.0
image_903.png,surface,0.0,0.0,2.3092226652573005,9.654615901921328,6.133588356971632,0.0,-0.8228804025886071,1.5926592284708034,0.0,0.0,0.0,-0.860285103462366,0,0,0,0,0,0,-0.4190463221622344,0.8940397674412165,1.5612581836259058,0.0,0.0,0.0
image_904.png,surface,0.0,0.0,1.457529706246831,-1.868054306331745,2.049988698537161,0.0,-0.1154950348032275,-0.6000519822756373,0.0,0.0,0.0,-0.873875412442076,0,0,0,0,0,0,-0.05523547542566851,-0.2753338371544765,0.39047197267283995,0.0,0.0,0.0
image_905.png,surface,0.0,0.0,2.6697956854324825,23.164492282957067,6.48986009682954,0.0,-2.8295392077463135,0.200027467605313,0.0,0.0,0.0,1.3438943481072654,0,0,0,0,0,0,-1.6631731292041407,0.8195785339795024,3.8740248567931315,0.0,0.0,0.0
image_906.png,surface,0.0,0.0,1.7126695182614877,8.20005729990396,14.268911603278669,0.0,2.100342225072725,0.9674650110669005,0.0,0.0,0.0,-2.5463348819194733,0,0,0,0,0,0,0.34967553247653355,0.13694643763488246,0.6023929632400425,0.0,0.0,0.0
image_907.png,surface,0.0,0.0,1.2063783895974185,11.577832153296665,-18.929892238077553,0.0,0.47780390205080414,2.32861010921457,0.0,0.0,0.0,-1.9764342989319614,0,0,0,0,0,0,0.11381302127715867,0.4991658717504738,0.8945055854903071,0.0,0.0,0.0
image_908.png,surface,0.0,0.0,1.8736125646741562,14.974454176655648,-12.086002966773858,0.0,-0.730157106397387,-2.1743371734142154,0.0,0.0,0.0,1.9631804365830465,0,0,0,0,0,0,-0.148028152112004,-0.5448487681828093,0.9058202156344944,0.0,0.0,0.0
image_909.png,surface,0.0,0.0,2.7637894191958923,-13.021567606464087,-3.5362780588660927,0.0,1.9108933952114355,1.952530167019032,0.0,0.0,0.0,2.4394591833982346,0,0,0,0,0,0,1.0624222731527708,0.643411504958567,1.8458321851209365,0.0,0.0,0.0
image_910.png,surface,0.0,0.0,2.2061221639354356,-1.5094559727282728,6.475074205245053,0.0,1.4798942922804308,-0.3594917758465934,0.0,0.0,0.0,-0.427772019282175,0,0,0,0,0,0,0.6630844264069249,-0.1609047886219512,0.9289251057276292,0.0,0.0,0.0
image_911.png,surface,0.0,0.0,2.875198375513688,-5.588466319231637,8.15008295607329,0.0,-1.7557492747330834,-2.3656524684161675,0.0,0.0,0.0,2.572211375031287,0,0,0,0,0,0,-0.8911822548592411,-1.310811249851592,2.5619118367171834,0.0,0.0,0.0
image_912.png,surface,0.0,0.0,1.6190481897520628,-5.036308875729106,20.4412042004066,0.0,0.8278261763851226,0.08886557178832241,0.0,0.0,0.0,1.5474656349318048,0,0,0,0,0,0,0.3713624648845287,-0.011576461255012386,0.7451980208641013,0.0,0.0,0.0
image_913.png,surface,0.0,0.0,2.146198730082803,-2.354318460199295,-8.222242509057292,0.0,0.08329882465682026,1.2782259920883334,0.0,0.0,0.0,1.941352551262983,0,0,0,0,0,0,0.14312462255280692,0.5542968217631332,0.9587491041893974,0.0,0.0,0.0
image_914.png,surface,0.0,0.0,2.070984051499045,-12.28309513422354,20.37896870134432,0.0,-2.675573241245538,-0.5220893801256615,0.0,0.0,0.0,-1.0622389567447383,0,0,0,0,0,0,-1.8542281552136073,-0.6399616911887284,3.264959678263802,0.0,0.0,0.0
image_915.png,surface,0.0,0.0,1.09780793834781,-11.02136703319028,-15.75677111600713,0.0,2.3514508117682484,0.15713033808375845,0.0,0.0,0.0,-2.787169059900971,0,0,0,0,0,0,0.47782475749287223,-0.083643432720514,0.6909896211442863,0.0,0.0,0.0
image_916.png,surface,0.0,0.0,2.3614387527073246,12.567927472601593,-2.8111157778902762,0.0,2.075471730574995,-1.652449613813778,0.0,0.0,0.0,-1.3113846753846667,0,0,0,0,0,0,0.5722458564722998,-0.2967972475857022,1.326725796800553,0.0,0.0,0.0
image_917.png,surface,0.0,0.0,0.6699792087948464,7.280549446128822,-13.72799792786351,0.0,-1.5391122205302825,-2.5618768387577364,0.0,0.0,0.0,1.86949016593947,0,0,0,0,0,0,-0.04963796402941545,-0.12414138333187939,0.22667221352605443,0.0,0.0,0.0
image_918.png,surface,0.0,0.0,1.9378104466064847,22.458798044125242,3.1730393137431627,0.0,-1.7060033875108072,-2.0874522993336666,0.0,0.0,0.0,1.3002843567223419,0,0,0,0,0,0,-0.4383591061803019,-0.4285776166295449,1.1702502900462946,0.0,0.0,0.0
image_919.png,surface,0.0,0.0,0.94503739593135,16.632498113162157,12.109572728247713,0.0,0.5490971556341756,-1.0115464584569378,0.0,0.0,0.0,0.5443454722034158,0,0,0,0,0,0,0.11395760082654542,-0.1413574170286936,0.35094780579853047,0.0,0.0,0.0
image_920.png,surface,0.0,0.0,0.9708588984867847,16.29653946090785,-6.016505273839687,0.0,2.6479355976243166,1.2478696711406154,0.0,0.0,0.0,-1.0052791554244982,0,0,0,0,0,0,0.21979135286755536,0.07071882262794943,0.4342835068013123,0.0,0.0,0.0
image_921.png,surface,0.0,0.0,2.9495788599052233,-0.8157944717818574,21.281169074266064,0.0,0.5257786281786652,0.43110375463225,0.0,0.0,0.0,-1.529407820200318,0,0,0,0,0,0,-0.11090925516947757,0.2769116589561856,2.9572651556491913,0.0,0.0,0.0
image_922.png,surface,0.0,0.0,1.4613016727835255,-16.051139944402504,13.36577480359018,0.0,-0.07112863840786099,-1.5209797478260785,0.0,0.0,0.0,1.4888343253937553,0,0,0,0,0,0,-0.011103709392893457,-0.5307695008594833,0.9448017625906998,0.0,0.0,0.0
image_923.png,surface,0.0,0.0,1.7990285912014568,-5.012611223241444,-6.60562307715231,0.0,2.426669057052876,-1.3314402363944542,0.0,0.0,0.0,1.5515434469233806,0,0,0,0,0,0,0.48065851666085047,-0.3328763532907855,0.7435857921362347,0.0,0.0,0.0
image_924.png,surface,0.0,0.0,2.1627844658171282,15.873760788919649,-4.36628395785734,0.0,-2.809178924018729,0.49921138981418095,0.0,0.0,0.0,-2.5394363026924633,0,0,0,0,0,0,-0.7737988796572285,0.21631103157110043,1.2444262095508611,0.0,0.0,0.0
image_925.png,surface,0.0,0.0,1.7457272996583078,16.00062151031267,-7.408632157009507,0.0,2.600406911244294,-0.8027619995756559,0.0,0.0,0.0,-0.1517024898368371,0,0,0,0,0,0,0.5916803916898501,-0.20110699596440218,1.0746420002784733,0.0,0.0,0.0
image_926.png,surface,0.0,0.0,2.3146910976792454,-6.420552874386018,9.701270358888397,0.0,-1.118087536626896,0.5002467780189995,0.0,0.0,0.0,-0.19001258454817638,0,0,0,0,0,0,-0.6421706141156495,0.07914278648453199,1.4301763958374467,0.0,0.0,0.0
image_927.png,surface,0.0,0.0,0.5650755616873291,-17.65889959559228,5.773461973472235,0.0,0.969180985282139,0.8076119351325858,0.0,0.0,0.0,2.451149356782471,0,0,0,0,0,0,0.1747190588187705,0.09085610765654208,0.23651529418040243,0.0,0.0,0.0
image_928.png,surface,0.0,0.0,2.191753866424514,-16.49138587487141,8.402318424951625,0.0,-0.6738485032960729,1.8851425243582343,0.0,0.0,0.0,0.6109304544958976,0,0,0,0,0,0,-0.2918467565018669,0.778624383644812,1.2492628957344636,0.0,0.0,0.0
image_929.png,surface,0.0,0.0,1.3109837437981418,-13.27373777683238,-13.667469167817071,0.0,0.39422017536883575,-0.0422474514058821,0.0,0.0,0.0,-0.5672231592540187,0,0,0,0,0,0,0.3509295698312135,-0.12267839801224868,0.8619215943586727,0.0,0.0,0.0
image_930.png,surface,0.0,0.0,2.6984102424066783,-14.330032146711613,5.851286557175016,0.0,-0.6432405735838751,2.624154956874945,0.0,0.0,0.0,0.8282110267528431,0,0,0,0,0,0,-0.23154490928769203,1.0865497582746715,1.522604888225097,0.0,0.0,0.0
image_931.png,surface,0.0,0.0,0.8585198005718506,0.39012400145485765,-19.34834588759451,0.0,-0.7917444609187249,-1.0034960508418225,0.0,0.0,0.0,0.5672819745376758,0,0,0,0,0,0,-0.12902278987263258,-0.25439426985382857,0.4433227060955047,0.0,0.0,0.0
image_932.png,surface,0.0,0.0,0.5766086600086608,-6.320300751401519,-7.275113501953665,0.0,0.4191569295375668,-1.3960551741430396,0.0,0.0,0.0,2.226861386025737,0,0,0,0,0,0,0.05189949255982129,-0.07754294124790384,0.13590954195694802,0.0,0.0,0.0
image_933.png,surface,0.0,0.0,0.6523777362128724,10.836325221068877,-11.050641137290233,0.0,-2.0080490038363963,-1.4314559852009627,0.0,0.0,0.0,-1.6036225175192445,0,0,0,0,0,0,-0.1041977202979507,-0.06667280301279917,0.22016970652390813,0.0,0.0,0.0
image_934.png,surface,0.0,0.0,1.8054629102482016,-0.1334904506819288,-12.483119946702349,0.0,-0.604183466494295,-2.523886795251461,0.0,0.0,0.0,-0.6222234593440676,0,0,0,0,0,0,-0.051613377241034944,-0.5744105102543124,0.8186482141407488,0.0,0.0,0.0
image_935.png,surface,0.0,0.0,1.0381216781025437,24.122875223036534,2.887099845244941,0.0,1.4584011474479108,-2.446173794579965,0.0,0.0,0.0,-1.076230953392308,0,0,0,0,0,0,0.21979744042752966,-0.25111277805087184,0.6219094162615938,0.0,0.0,0.0
image_936.png,surface,0.0,0.0,2.3829442356488153,-7.33325670846516,14.427080099038404,0.0,-0.2487790219401733,-1.1587817361729806,0.0,0.0,0.0,1.0454270908026002,0,0,0,0,0,0,-0.2630830356238942,-0.8334643096960391,1.9028608686126305,0.0,0.0,0.0
image_937.png,surface,0.0,0.0,0.6388150006204656,-5.502735048732016,-2.208431099140072,0.0,2.5625574696197053,-1.1354217531991133,0.0,0.0,0.0,1.3911180537134085,0,0,0,0,0,0,0.03996330934045941,-0.02833629522850086,0.12612898540839,0.0,0.0,0.0
image_938.png,surface,0.0,0.0,1.0870722454230506,-9.354661637108752,-2.532260404336543,0.0,1.8236435073228534,1.1706264738564311,0.0,0.0,0.0,-2.8487069366645015,0,0,0,0,0,0,0.20545819290836262,0.09578778397594201,0.31573780222372194,0.0,0.0,0.0
image_939.png,surface,0.0,0.0,2.5756040534262543,18.830841097104653,-2.1297195858247044,0.0,-0.5033818270127635,1.554614449147508,0.0,0.0,0.0,2.2394661117566095,0,0,0,0,0,0,-0.20622674735510174,1.2517255201684485,3.1308097432840802,0.0,0.0,0.0
image_940.png,surface,0.0,0.0,0.614102897318725,-22.137118642601376,5.315750391387683,0.0,-0.013995188360976617,0.3564169102108175,0.0,0.0,0.0,-0.05020490531831712,0,0,0,0,0,0,0.0022615285304057467,0.12031874427090905,0.4083583329362988,0.0,0.0,0.0
image_941.png,surface,0.0,0.0,2.4690320420977363,20.36375507352487,0.05930529897256328,0.0,1.6435643518518308,2.197569828072037,0.0,0.0,0.0,-1.18110826107245,0,0,0,0,0,0,1.1075493552413234,1.7032216670363762,3.707286464674225,0.0,0.0,0.0
image_942.png,surface,0.0,0.0,0.7794126481216097,22.10047889089087,-7.924365615131255,0.0,-1.8964301921379862,0.307889131159999,0.0,0.0,0.0,-0.4334467335629011,0,0,0,0,0,0,-0.25869999244248904,0.048755165603559934,0.5305616977025966,0.0,0.0,0.0
image_943.png,surface,0.0,0.0,2.6068975238211833,-17.535400918227126,-8.81452024041506,0.0,0.5196029011918806,-2.8025043896109207,0.0,0.0,0.0,2.32975275758338,0,0,0,0,0,0,1.0051413775757791,-2.2376612160148897,4.753698831188568,0.0,0.0,0.0
image_944.png,surface,0.0,0.0,2.4601054449860413,12.947737822405216,10.218198529342075,0.0,0.2643190401230953,-2.0625410275071054,0.0,0.0,0.0,-0.12463548013161496,0,0,0,0,0,0,0.12807617429664872,-0.6942337272395407,1.2610754857211923,0.0,0.0,0.0
image_945.png,surface,0.0,0.0,1.0468895289467832,1.3811908372315287,-20.497824249315908,0.0,2.156395566500313,-1.7747549093575479,0.0,0.0,0.0,-2.117604539516684,0,0,0,0,0,0,0.37378226997426306,-0.2647610152907808,0.7606772030546506,0.0,0.0,0.0
image_946.png,surface,0.0,0.0,1.5049311387650073,-8.106023632298793,-21.079870552491204,0.0,-1.2833233448885828,-1.7841533921009842,0.0,0.0,0.0,0.8305917069629274,0,0,0,0,0,0,-0.2169545499195902,-0.6283050017065103,1.1747922197311738,0.0,0.0,0.0
image_947.png,surface,0.0,0.0,1.6450114009702703,1.4461924411855616,23.45983672012609,0.0,-0.42748889735944573,-1.1607812773028425,0.0,0.0,0.0,-2.7895514244784834,0,0,0,0,0,0,-0.40075320443984097,-0.48139295977070334,1.1604161414070602,0.0,0.0,0.0
image_948.png,surface,0.0,0.0,1.4844412976207702,5.341911042802161,-6.336553962807676,0.0,-2.463763876437727,-1.5222852633363586,0.0,0.0,0.0,0.15914965861588293,0,0,0,0,0,0,-0.20112689398673747,-0.1034613779427786,0.4633147889218151,0.0,0.0,0.0
image_949.png,surface,0.0,0.0,1.0275790555844242,16.99185598821503,14.265212415498118,0.0,0.6587660781079804,-0.0811464175394844,0.0,0.0,0.0,-2.0367295630196365,0,0,0,0,0,0,0.3054220152442752,0.03367225888891689,0.478563971723208,0.0,0.0,0.0
image_950.png,surface,0.0,0.0,1.065394675258103,-22.288444655962035,4.006951407142857,0.0,1.3554260820768558,-1.8031185571075972,0.0,0.0,0.0,-0.6179604279924735,0,0,0,0,0,0,0.2868427822030958,-0.5112708954435461,0.8121747361877201,0.0,0.0,0.0
image_951.png,surface,0.0,0.0,2.226739664671527,-4.313585571776493,0.005134648010840091,0.0,2.155455655089208,1.7426376952266258,0.0,0.0,0.0,2.8160460025462157,0,0,0,0,0,0,0.5387855830742514,0.3438062694206706,0.8757550527646816,0.0,0.0,0.0
image_952.png,surface,0.0,0.0,0.8788928131143923,-11.200044894628462,2.97678716994486,0.0,-0.8911806124593153,1.9810493816222663,0.0,0.0,0.0,0.16246915196043688,0,0,0,0,0,0,-0.08703080117077978,0.10078081129261665,0.25239418404725067,0.0,0.0,0.0
image_953.png,surface,0.0,0.0,1.2049664786100596,-5.5029806964943795,-20.76827573183206,0.0,-1.7604510610014097,-1.2269275907048416,0.0,0.0,0.0,-1.850086132526859,0,0,0,0,0,0,-0.3408820520938391,-0.28019629696413034,0.6708255970270529,0.0,0.0,0.0
image_954.png,surface,0.0,0.0,0.6575645615702346,-5.879348109879816,-9.576335423914603,0.0,-2.643287616211859,0.7586346239653119,0.0,0.0,0.0,-0.3103687959580377,0,0,0,0,0,0,-0.07803643130893749,0.008714987818014422,0.19419094056821787,0.0,0.0,0.0
image_955.png,surface,0.0,0.0,1.0452708395877546,4.839191435290456,-15.652389458358577,0.0,-2.1708479450164466,0.45218071776641156,0.0,0.0,0.0,1.0847754065220219,0,0,0,0,0,0,-0.24277493555004961,0.08001585836882778,0.4280534262601074,0.0,0.0,0.0
image_956.png,surface,0.0,0.0,0.5945213758043748,2.116943599810769,13.914899937924588,0.0,-0.31515747594775084,-0.00641551579492882,0.0,0.0,0.0,2.6358269801232206,0,0,0,0,0,0,-0.1150457521719289,-0.0452251236065159,0.16508820232681246,0.0,0.0,0.0
image_957.png,surface,0.0,0.0,2.245846834488977,-8.385278885388741,-15.496896422857311,0.0,-1.037415384905252,-2.614460912000299,0.0,0.0,0.0,0.39978626248106064,0,0,0,0,0,0,-0.19058019633148088,-1.4264657452271203,1.964498471902549,0.0,0.0,0.0
image_958.png,surface,0.0,0.0,1.5110727133800412,4.764700618518752,24.390446767319478,0.0,0.8203054905381398,2.404117705811246,0.0,0.0,0.0,2.5189683910867355,0,0,0,0,0,0,0.09638738085108538,0.642982047977643,0.9277996718234115,0.0,0.0,0.0
image_959.png,surface,0.0,0.0,1.4441707179714363,-13.86648140810546,5.220940826763544,0.0,-2.6449923153534187,-1.1733138146830573,0.0,0.0,0.0,-1.8015655033554439,0,0,0,0,0,0,-0.3220714917736414,-0.09682917782711993,0.603741697522081,0.0,0.0,0.0
image_960.png,surface,0.0,0.0,1.7140955902057062,17.903450998118814,-5.34137905628426,0.0,-1.5870946748319987,0.8422663483322355,0.0,0.0,0.0,2.287811493419065,0,0,0,0,0,0,-0.6191444185133366,0.3980027965517597,1.0449653800660679,0.0,0.0,0.0
image_961.png,surface,0.0,0.0,1.153236536444152,-1.9798720608297162,-22.074679395025715,0.0,1.9445500226837296,2.117852877386198,0.0,0.0,0.0,1.7975646723705143,0,0,0,0,0,0,0.4505403136886238,0.3708667785263539,0.9001818810945154,0.0,0.0,0.0
image_962.png,surface,0.0,0.0,1.4008339807535137,-8.432957386572802,9.259423841110289,0.0,-1.994870861721169,-1.9465536688417358,0.0,0.0,0.0,2.6996863832895697,0,0,0,0,0,0,-0.2118516527712386,-0.24328816624458982,0.4996658574272886,0.0,0.0,0.0
image_963.png,surface,0.0,0.0,1.9774141795372073,18.758209338950103,13.30516737124704,0.0,-1.6154146216934542,-2.181938550351466,0.0,0.0,0.0,0.7773747870207774,0,0,0,0,0,0,-0.5304943263894265,-0.5394876348824856,1.3354345115355715,0.0,0.0,0.0
image_964.png,surface,0.0,0.0,1.0613096662327546,-12.144873657504931,20.377722283885284,0.0,-0.982510679773711,1.9987398505213332,0.0,0.0,0.0,-2.5009859056451824,0,0,0,0,0,0,-0.23274263671261072,0.3217387876316622,0.600285007673413,0.0,0.0,0.0
image_965.png,surface,0.0,0.0,1.6549198679467774,17.762287106106598,7.15610016803506,0.0,0.18886826109462895,1.24300775905752,0.0,0.0,0.0,0.5513357370147762,0,0,0,0,0,0,0.07923263684386288,0.7658539375966817,1.2032496198806768,0.0,0.0,0.0
image_966.png,surface,0.0,0.0,1.9373066281980398,1.4192131082767887,3.0153601181215195,0.0,0.13805704201281455,-0.12372761939649703,0.0,0.0,0.0,-2.7285529746202375,0,0,0,0,0,0,0.07467762009318717,-0.04139147282808605,0.6293654158770355,0.0,0.0,0.0
image_967.png,surface,0.0,0.0,0.8452349930091705,2.2985836274475617,6.414603505358164,0.0,-1.0100074276542796,-2.815488903906211,0.0,0.0,0.0,1.3474659318126623,0,0,0,0,0,0,-0.02315707814175816,-0.09163164718619576,0.15268833234641468,0.0,0.0,0.0
image_968.png,surface,0.0,0.0,1.2674248430429085,-16.39734068454876,-10.452758717969322,0.0,-0.915029436786986,0.46340855149493787,0.0,0.0,0.0,-2.8794327671566737,0,0,0,0,0,0,-0.4231097684449956,0.08468797277668026,0.6138840006827092,0.0,0.0,0.0
image_969.png,surface,0.0,0.0,1.880530692340261,-14.79471255489291,11.117058191432285,0.0,-0.7552520657747575,-0.47115644101547866,0.0,0.0,0.0,-2.7048619360168047,0,0,0,0,0,0,-0.5296725057929129,-0.34342243241207926,1.290059874762353,0.0,0.0,0.0
image_970.png,surface,0.0,0.0,1.5031495378157205,14.277618176085644,-1.4651211968118962,0.0,-1.5918539293307457,-1.0600450804830988,0.0,0.0,0.0,2.3050603585708656,0,0,0,0,0,0,-0.2835768062769512,-0.13268332987552894,0.5457997154850988,0.0,0.0,0.0
image_971.png,surface,0.0,0.0,2.2899865106959276,-5.706766967921666,-11.335094617007712,0.0,0.5982862161230976,-1.368717891168369,0.0,0.0,0.0,2.4570497828913833,0,0,0,0,0,0,0.5588106116092973,-0.7074005951162157,1.6274310175893674,0.0,0.0,0.0
image_972.png,surface,0.0,0.0,1.0783044692932695,8.482111134859617,-3.300038412077642,0.0,-2.351537696620909,-0.5847430977643912,0.0,0.0,0.0,1.7407337659578,0,0,0,0,0,0,-0.12805486783673894,-0.008046419257968257,0.25957329119419453,0.0,0.0,0.0
image_973.png,surface,0.0,0.0,1.676809277268457,-23.263508689284244,-1.341517185097884,0.0,0.9290525939027409,-2.138281312124739,0.0,0.0,0.0,-1.9799558180596508,0,0,0,0,0,0,0.5333219979974307,-1.6514036708765594,2.4104248604034457,0.0,0.0,0.0
image_974.png,surface,0.0,0.0,2.5526151761429934,-9.842401146962553,12.658943004502612,0.0,2.3051151199879314,0.5068651513846754,0.0,0.0,0.0,-0.4194334850559924,0,0,0,0,0,0,0.7508655193445215,0.03212117982960961,1.6210803548441395,0.0,0.0,0.0
image_975.png,surface,0.0,0.0,0.8569232917340798,-2.524545469402062,12.158291803556626,0.0,0.032472098522070565,2.2386869693460505,0.0,0.0,0.0,-2.6897300178462116,0,0,0,0,0,0,-0.016643388969391854,0.12835257870892344,0.2095316765245177,0.0,0.0,0.0
image_976.png,surface,0.0,0.0,2.737319784097377,-13.58133612572146,-3.8197576547646053,0.0,-0.8184921179694912,0.6009199837705713,0.0,0.0,0.0,2.0172922278913257,0,0,0,0,0,0,-0.23728700023333157,0.03942981401778558,1.94923142507093,0.0,0.0,0.0
image_977.png,surface,0.0,0.0,1.6181147125697246,11.858304499942646,-20.43910424088651,0.0,2.4009226757224966,1.421295625067583,0.0,0.0,0.0,-1.349018683681879,0,0,0,0,0,0,0.9697239536460354,0.31636349640889033,1.8595874883947054,0.0,0.0,0.0
image_978.png,surface,0.0,0.0,1.6996007356806702,16.350445122265164,6.863567443745651,0.0,0.8652454795828854,1.509276430078344,0.0,0.0,0.0,0.6120118900949763,0,0,0,0,0,0,0.18302553440353098,0.4456206090519944,1.004838302171642,0.0,0.0,0.0
image_979.png,surface,0.0,0.0,2.0897710155890286,-0.18473125451369402,-23.020925981278662,0.0,1.8391572060246653,-0.4057114652425765,0.0,0.0,0.0,2.3518807478881705,0,0,0,0,0,0,1.8756015782829332,-0.18053710774989717,3.352935561117702,0.0,0.0,0.0
image_980.png,surface,0.0,0.0,1.8545839283109236,17.71880493310606,-6.330381661477332,0.0,-0.5874461982334765,-0.8958931892065908,0.0,0.0,0.0,2.924329022919613,0,0,0,0,0,0,-0.30210125127836296,-0.3060706867891668,0.9062065252881252,0.0,0.0,0.0
image_981.png,surface,0.0,0.0,2.5581253328661617,-15.433242701352272,-6.002961012395641,0.0,-1.3355270012535132,1.0281612486733767,0.0,0.0,0.0,0.44287360948819465,0,0,0,0,0,0,-0.5968335112079884,0.2588870505773391,1.7448780843080796,0.0,0.0,0.0
image_982.png,surface,0.0,0.0,0.9666002406838057,-6.538834013262642,10.530980737543937,0.0,-2.596565899295499,-0.09988792552561984,0.0,0.0,0.0,2.7822041270378053,0,0,0,0,0,0,-0.19376094641798708,0.004695710945265885,0.26204522637667255,0.0,0.0,0.0
image_983.png,surface,0.0,0.0,0.8247615849575534,13.301225964577782,-7.251098625977813,0.0,0.7949758699688096,2.3193905390867062,0.0,0.0,0.0,-0.8982826671896267,0,0,0,0,0,0,0.03982786113103405,0.12471399263977778,0.3124954807377616,0.0,0.0,0.0
image_984.png,surface,0.0,0.0,1.1587116730771603,8.62703667123782,-15.226605312487585,0.0,-0.5679618787479717,0.45671673952850617,0.0,0.0,0.0,1.2283361504104713,0,0,0,0,0,0,-0.23562053069040131,0.23328795368879218,0.5180881385975179,0.0,0.0,0.0
image_985.png,surface,0.0,0.0,2.994533384423537,9.0961655800103,-18.243516266126612,0.0,-0.826702640718159,2.5788800122833124,0.0,0.0,0.0,0.4671906269168291,0,0,0,0,0,0,0.5162463922698721,1.6891581307379935,4.445298679380044,0.0,0.0,0.0
image_986.png,surface,0.0,0.0,0.7471610405815048,10.669235585566007,16.302833284316463,0.0,0.2631899896567049,-1.466203371665536,0.0,0.0,0.0,1.1420712432257512,0,0,0,0,0,0,0.036890613443495014,-0.1459445839018577,0.2560898053001876,0.0,0.0,0.0
image_987.png,surface,0.0,0.0,1.8261295233387216,-1.9157191371372377,0.9252083807024116,0.0,-0.9340745436970981,2.12430899861788,0.0,0.0,0.0,-1.6948888066052927,0,0,0,0,0,0,-0.19632837483709492,0.34774217186122525,0.5838724299035719,0.0,0.0,0.0
image_988.png,surface,0.0,0.0,2.4334518381907038,6.57255809361681,-4.33428293196009,0.0,-0.6419149275075582,0.609346784609726,0.0,0.0,0.0,2.170800481224969,0,0,0,0,0,0,-0.29289229492743135,0.313338420312493,1.2392032137136295,0.0,0.0,0.0
image_989.png,surface,0.0,0.0,2.5814903833636467,2.6601442566416322,15.587320276666313,0.0,-2.20720837879461,1.2578677250381303,0.0,0.0,0.0,1.4360671626843207,0,0,0,0,0,0,-1.4193313487686166,0.5304658920780969,2.688567811017231,0.0,0.0,0.0
image_990.png,surface,0.0,0.0,2.893561732489391,6.148554165864429,-13.907736819381629,0.0,1.5491941868078603,0.2258012476233562,0.0,0.0,0.0,-0.12824305355814758,0,0,0,0,0,0,1.6493954590925897,0.3156980740538326,3.6762030520815467,0.0,0.0,0.0
image_991.png,surface,0.0,0.0,2.9879172512222922,6.509513810705653,18.18867326999971,0.0,2.377641782049303,-0.3812238232354428,0.0,0.0,0.0,-0.20141970713798996,0,0,0,0,0,0,1.029783820351237,-0.04287176227515311,1.922669845129128,0.0,0.0,0.0
image_992.png,surface,0.0,0.0,1.8806403942193877,-18.00190716628916,-3.885397895978891,0.0,-0.8978943230251266,1.532924924900012,0.0,0.0,0.0,1.6223372753542948,0,0,0,0,0,0,-0.2832176402384751,0.5895594872737132,0.9056616723662418,0.0,0.0,0.0
image_993.png,surface,0.0,0.0,1.1019671024553341,14.340216516950889,16.600205129702427,0.0,1.8336187095051477,2.2188754446923897,0.0,0.0,0.0,2.426573356638386,0,0,0,0,0,0,0.18563101007247754,0.2820336806773867,0.5261850102973054,0.0,0.0,0.0
image_994.png,surface,0.0,0.0,1.7997411088325717,4.624754501135793,24.447585676021266,0.0,0.6021271613958,-0.21948667504118086,0.0,0.0,0.0,-1.0935508152460138,0,0,0,0,0,0,0.1765605457109581,-0.03652743991593792,1.2279823697281251,0.0,0.0,0.0
image_995.png,surface,0.0,0.0,2.3400804565288817,6.026114667317931,0.1922279380413677,0.0,-2.4838592089758635,0.7878998326033508,0.0,0.0,0.0,0.24537102954409074,0,0,0,0,0,0,-0.6180395263780242,0.21276997785659693,1.0881070130610773,0.0,0.0,0.0
image_996.png,surface,0.0,0.0,1.6916692564435483,-8.112355570203512,18.36536868664441,0.0,-0.017599938011283255,-0.48431866371408117,0.0,0.0,0.0,1.0102985788675873,0,0,0,0,0,0,-0.1077589428828425,-0.3986634995993352,1.0603708731319368,0.0,0.0,0.0
image_997.png,surface,0.0,0.0,1.180775493649746,4.69545523782541,-19.31794852694688,0.0,2.0194452669602105,1.610041401514873,0.0,0.0,0.0,2.969468819451004,0,0,0,0,0,0,0.411488616454297,0.3150562482361881,0.7703773714671924,0.0,0.0,0.0
image_998.png,surface,0.0,0.0,2.5552325623504677,-19.769678595389546,11.420872429056264,0.0,1.3098228774326803,2.4687413767206534,0.0,0.0,0.0,0.5293432779161811,0,0,0,0,0,0,0.40771585116030273,0.7628524580376977,1.6963772422453682,0.0,0.0,0.0
image_999.png,surface,0.0,0.0,2.5727872209569567,-1.1622202873028926,-6.679945332424281,0.0,-2.4906481139407735,0.3402692381645147,0.0,0.0,0.0,-0.4523105559738525,0,0,0,0,0,0,-0.811036484019252,0.11644891213511199,1.2830795049516692,0.0,0.0,0.0
image_1000.png,surface,0.0,0.0,1.8766197282961592,20.33345762589806,-4.0806617518292265,0.0,1.3642050074086576,0.5309349007248797,0.0,0.0,0.0,2.4097961728967476,0,0,0,0,0,0,0.7156094157540925,0.5545894188270594,1.5689240855964985,0.0,0.0,0.0
image_1001.png,surface,0.0,0.0,2.0039000074391122,-6.21050916989195,24.01277723476428,0.0,0.20806665085710663,-0.7243534079178526,0.0,0.0,0.0,-0.7844620574298271,0,0,0,0,0,0,-0.24226358051221902,-0.5898505112351446,1.977534747959735,0.0,0.0,0.0
image_1002.png,surface,0.0,0.0,1.783835418085009,13.122766617159046,0.754142279333591,0.0,2.4776706294027964,-1.4963278155161939,0.0,0.0,0.0,-1.732043980326978,0,0,0,0,0,0,0.33652031537234367,-0.23787669366445094,0.7083132644556359,0.0,0.0,0.0
image_1003.png,surface,0.0,0.0,2.4553433235962765,-13.523330126079644,-3.4525606189994864,0.0,-2.6172588020795122,0.6669125441299583,0.0,0.0,0.0,-0.13857138832133176,0,0,0,0,0,0,-0.8350473424473882,0.12248962571294163,1.4113678050135876,0.0,0.0,0.0
image_1004.png,surface,0.0,0.0,2.717695493963851,-19.208830781594365,12.461264604360613,0.0,1.6302957248723278,-0.9035940150380023,0.0,0.0,0.0,-2.506593860635004,0,0,0,0,0,0,0.5768602269327234,-1.1021234729675131,3.137602540777394,0.0,0.0,0.0
image_1005.png,surface,0.0,0.0,0.5050298011789704,-13.359139551297051,-16.156364736273048,0.0,2.0201802003988014,-0.9782064536890944,0.0,0.0,0.0,-1.574043807978101,0,0,0,0,0,0,0.27486246417392124,-0.1858699252053248,0.4426572709695978,0.0,0.0,0.0
image_1006.png,surface,0.0,0.0,2.9340674907098627,-3.4812181582742223,11.764627628009958,0.0,2.298588394846807,-1.4775472406451318,0.0,0.0,0.0,-2.4990133487149793,0,0,0,0,0,0,0.9517930457421052,-0.7703089638603305,1.7635683259316945,0.0,0.0,0.0
image_1007.png,surface,0.0,0.0,1.3603018424322872,-4.059843842969763,-17.690533576313282,0.0,-0.4988023912895598,-1.8204976531053765,0.0,0.0,0.0,-0.7334882408083128,0,0,0,0,0,0,-0.03365659720721492,-0.5203744395776346,0.7336020322438596,0.0,0.0,0.0
image_1008.png,surface,0.0,0.0,1.4978183541804808,3.5917087670749424,2.6438729961704417,0.0,2.7008946572028054,-0.37367229122794116,0.0,0.0,0.0,-1.613073963123887,0,0,0,0,0,0,0.23284003767219735,-0.06968214808425434,0.36915125259849524,0.0,0.0,0.0
image_1009.png,surface,0.0,0.0,1.419208001104206,7.926556274696378,14.344978337942374,0.0,2.7937151669730103,0.7596872058360277,0.0,0.0,0.0,2.39540430946923,0,0,0,0,0,0,0.3255794482087592,0.03815560099746219,0.44902133173749575,0.0,0.0,0.0
image_1010.png,surface,0.0,0.0,2.610908458322218,5.66124204356913,11.195059636261238,0.0,1.790652885673064,0.8716667345622805,0.0,0.0,0.0,-1.9653672348454159,0,0,0,0,0,0,0.8258931741362239,0.44481832677993843,1.4050372393023638,0.0,0.0,0.0
image_1011.png,surface,0.0,0.0,2.341981597351258,-5.814231292211466,23.295465513121684,0.0,1.7677874764406698,2.35596460899205,0.0,0.0,0.0,0.5163637955789202,0,0,0,0,0,0,0.45131039002535744,0.7427954012363108,1.5480611312966868,0.0,0.0,0.0
image_1012.png,surface,0.0,0.0,0.9472772314869505,4.502610047857188,0.49728493713931227,0.0,-1.239049545420666,-0.44627948661203876,0.0,0.0,0.0,-2.824082385264202,0,0,0,0,0,0,-0.10628270958910538,-0.0395713932422661,0.17918515517864958,0.0,0.0,0.0
image_1013.png,surface,0.0,0.0,1.5202338893948515,-16.193015321050577,16.46441113644284,0.0,0.3785114398259737,0.7456898634804202,0.0,0.0,0.0,-1.6730165369695806,0,0,0,0,0,0,0.08924362922139221,0.30571201942048326,0.8104999833540629,0.0,0.0,0.0
image_1014.png,surface,0.0,0.0,0.5068168289050461,23.428840804416165,7.392850434161893,0.0,2.463211343914797,-0.13481950930736916,0.0,0.0,0.0,1.562579950228514,0,0,0,0,0,0,0.218485571253095,-0.08933806374961371,0.3399390971719574,0.0,0.0,0.0
image_1015.png,surface,0.0,0.0,2.5077833030911614,-11.790021840513546,-14.940410170284126,0.0,0.4474276063307003,-2.5065827208268106,0.0,0.0,0.0,-1.4512262985115398,0,0,0,0,0,0,0.870390193767449,-1.8449582017661796,3.848519487638421,0.0,0.0,0.0
image_1016.png,surface,0.0,0.0,1.090701190548566,-5.477790428332986,-7.974766716641409,0.0,0.3867143440266132,2.193325511711412,0.0,0.0,0.0,-2.161118900091221,0,0,0,0,0,0,0.021266890769777235,0.20528987549655006,0.30492559792963114,0.0,0.0,0.0
image_1017.png,surface,0.0,0.0,0.7075417257335559,-7.9641280913285275,8.562654058841806,0.0,1.7378162505025816,-1.79019104245601,0.0,0.0,0.0,-2.2467427073570265,0,0,0,0,0,0,0.12542352003790228,-0.11590147246712133,0.192880167350409,0.0,0.0,0.0
image_1018.png,surface,0.0,0.0,2.15192242171132,-11.526957773044117,8.813720432899347,0.0,-2.32278504173202,-0.060442513173569246,0.0,0.0,0.0,-0.17388046693594905,0,0,0,0,0,0,-1.0893232006786464,-0.19435052075169956,1.4525376956724385,0.0,0.0,0.0
image_1019.png,surface,0.0,0.0,1.0477390154289263,0.43451323481411025,-13.204641441135852,0.0,-2.107561259287131,0.971006955362783,0.0,0.0,0.0,-0.6261661948608523,0,0,0,0,0,0,-0.2249490380556744,0.08950166640901314,0.3572448764530817,0.0,0.0,0.0
image_1020.png,surface,0.0,0.0,1.8725192091995428,17.165802578940003,-17.327293689232622,0.0,1.8308324652115795,2.3461490355764814,0.0,0.0,0.0,0.9197293524337349,0,0,0,0,0,0,0.8763133896223209,1.0376577327541134,2.6866250977301873,0.0,0.0,0.0
image_1021.png,surface,0.0,0.0,0.9030122606755071,-22.67761909363461,-7.117254822984265,0.0,0.7453618229703917,-0.6474202274170178,0.0,0.0,0.0,0.3611649681977669,0,0,0,0,0,0,0.5237417004880741,-0.4862538464778633,0.8411814552666629,0.0,0.0,0.0
image_1022.png,surface,0.0,0.0,2.4752708819114906,6.8528852936396,-17.497361360385668,0.0,0.2362172595953648,-0.7578106880019987,0.0,0.0,0.0,-2.530984584758939,0,0,0,0,0,0,0.6090238500562722,-0.3798240241284793,2.207176856510811,0.0,0.0,0.0
image_1023.png,surface,0.0,0.0,2.9549338130529694,18.591928351432184,10.139017774159159,0.0,-0.7516845686499152,1.5722452145219452,0.0,0.0,0.0,-2.837019262209468,0,0,0,0,0,0,-0.48304179639073946,1.6851939124525417,4.857091372127231,0.0,0.0,0.0
image_1024.png,surface,0.0,0.0,0.7687301454672388,3.4611359735633047,4.836475631714122,0.0,0.010627196112508435,-2.102565367218007,0.0,0.0,0.0,0.03599990929556807,0,0,0,0,0,0,0.01072019311452066,-0.06488890478434635,0.1497095053062831,0.0,0.0,0.0
image_1025.png,surface,0.0,0.0,2.603531527180868,18.998818953924836,2.6612250780196427,0.0,-0.6581520702263035,-0.09257265666061934,0.0,0.0,0.0,2.4357392639437316,0,0,0,0,0,0,-0.5162646549497942,0.23905652053512053,2.2728941577035164,0.0,0.0,0.0
image_1026.png,surface,0.0,0.0,1.7244738801942956,-0.33275016128588036,-4.643992685631225,0.0,-0.8287081982962212,-2.4482789272220016,0.0,0.0,0.0,-1.1831110902227164,0,0,0,0,0,0,-0.07457108779363893,-0.3313756135112932,0.5034842938880271,0.0,0.0,0.0
image_1027.png,surface,0.0,0.0,0.6285271632441087,8.386521000673662,3.3123893159997664,0.0,-2.2745637167760413,-0.09794271983215293,0.0,0.0,0.0,0.6393634525933352,0,0,0,0,0,0,-0.023978898738271637,-0.01933500275653718,0.11386086265090659,0.0,0.0,0.0
image_1028.png,surface,0.0,0.0,1.8032689876046513,12.443522751426405,-6.554372336426408,0.0,-1.0791786690689014,-0.8020624301601869,0.0,0.0,0.0,2.231583438982657,0,0,0,0,0,0,-0.39207538769665573,-0.27874589646445364,0.6828168273160387,0.0,0.0,0.0
image_1029.png,surface,0.0,0.0,1.7048072980585556,-0.42146808963475163,-3.070695372029385,0.0,1.6558812156293017,1.2686452931468943,0.0,0.0,0.0,2.647775660901444,0,0,0,0,0,0,0.31120519721974055,0.20366171441502584,0.5182891089375569,0.0,0.0,0.0
image_1030.png,surface,0.0,0.0,2.7285325073277797,3.365339954922191,16.97408200823232,0.0,-0.17917566388097753,-2.811160234905922,0.0,0.0,0.0,-2.7165039748501867,0,0,0,0,0,0,-0.24217226711260612,-1.2120125477017012,1.9454598816895337,0.0,0.0,0.0
image_1031.png,surface,0.0,0.0,1.3509794680094571,4.332622316766728,-3.7264882969186175,0.0,1.1778700773686444,-0.6328552268903991,0.0,0.0,0.0,-1.6802545901388282,0,0,0,0,0,0,0.21526220824677003,-0.13514680838148746,0.34531617026988587,0.0,0.0,0.0
image_1032.png,surface,0.0,0.0,2.3937304164414304,5.620844910166535,-12.260735350027074,0.0,-1.5709031706952745,-2.3601649881478384,0.0,0.0,0.0,-1.9932747703226097,0,0,0,0,0,0,-0.29331233656564926,-0.6563376881536257,1.193024695580255,0.0,0.0,0.0
image_1033.png,surface,0.0,0.0,0.8307650251117276,-20.417697529587013,-10.273160382114293,0.0,-0.0922869500312467,-0.5610975110927083,0.0,0.0,0.0,2.9770709107845112,0,0,0,0,0,0,0.1512515151183293,-0.3034750676736931,0.7047449244180571,0.0,0.0,0.0
image_1034.png,surface,0.0,0.0,1.471258131394723,-11.20285032208526,-3.623112156578101,0.0,-1.2908154936624887,-2.0540270681244124,0.0,0.0,0.0,0.9478092801370535,0,0,0,0,0,0,-0.1625013259506031,-0.3486105244380383,0.6327082225330156,0.0,0.0,0.0
image_1035.png,surface,0.0,0.0,1.8483970910688594,-15.612693443011734,-0.8489506656063929,0.0,-0.4896413839702078,0.20714233544000055,0.0,0.0,0.0,-1.129677094324553,0,0,0,0,0,0,-0.26349394592215086,-0.06679550500734882,1.0048918942623193,0.0,0.0,0.0
image_1036.png,surface,0.0,0.0,0.9538057632366785,17.645680975211842,-5.879742798057636,0.0,-2.5586323678795586,-0.4306967796761226,0.0,0.0,0.0,-0.14400733334941762,0,0,0,0,0,0,-0.2384984246681922,0.03527682343302784,0.4801717344435193,0.0,0.0,0.0
image_1037.png,surface,0.0,0.0,0.9944250744606484,19.37187845399036,3.280045305131845,0.0,-0.26905848991861725,2.5624478052816673,0.0,0.0,0.0,-0.9986139787373425,0,0,0,0,0,0,-0.021708238867904718,0.27992572333512356,0.534842365945424,0.0,0.0,0.0
image_1038.png,surface,0.0,0.0,1.1133522042889927,-2.517825758516819,23.997667866450755,0.0,-0.8413255678259107,-1.4012198813838548,0.0,0.0,0.0,-2.4602524975387223,0,0,0,0,0,0,-0.29755384397765483,-0.347482609949678,0.7086348169996981,0.0,0.0,0.0
image_1039.png,surface,0.0,0.0,2.3569911165549486,12.016027956598114,11.69004377777017,0.0,-1.712285120352116,1.8767164710160542,0.0,0.0,0.0,1.593039052170008,0,0,0,0,0,0,-1.0337224716545277,1.0357228166862162,2.345377460344201,0.0,0.0,0.0
image_1040.png,surface,0.0,0.0,2.858727264778527,-5.998113040346314,-24.21982009872472,0.0,-1.6887335302069486,1.1247579811633435,0.0,0.0,0.0,-1.467507313066484,0,0,0,0,0,0,-0.4330355349828862,0.2696848260977092,2.818894843528654,0.0,0.0,0.0
image_1041.png,surface,0.0,0.0,0.8178882371394967,8.115932668249481,-6.3496122080592965,0.0,2.4593915914234796,-1.235783814655569,0.0,0.0,0.0,-0.07665544931072521,0,0,0,0,0,0,0.10842553070001464,-0.056466514030258,0.2217640712215499,0.0,0.0,0.0
image_1042.png,surface,0.0,0.0,1.869849850444618,17.062935230919305,-1.5484501266756259,0.0,-2.890834412592167,0.06776428382396313,0.0,0.0,0.0,0.577926311032066,0,0,0,0,0,0,-0.5800501083591906,0.02970804060346622,1.0402760721318283,0.0,0.0,0.0
image_1043.png,surface,0.0,0.0,0.8677594371999904,-5.430502535985869,-15.1961977629104,0.0,-1.364367465672254,-0.4369946810830755,0.0,0.0,0.0,1.8212598803289808,0,0,0,0,0,0,-0.1830468408634405,-0.02351001677621416,0.3228834143139924,0.0,0.0,0.0
image_1044.png,surface,0.0,0.0,0.6356395907863197,-14.16555821088681,4.349454822495022,0.0,0.970202411368962,-0.9719490932206545,0.0,0.0,0.0,1.0046540419143657,0,0,0,0,0,0,0.12029627264965415,-0.1252740171277225,0.2414837275869188,0.0,0.0,0.0
image_1045.png,surface,0.0,0.0,0.5986426808638257,-17.067000415005953,9.461627337326505,0.0,2.8270673831323134,0.34209296463326844,0.0,0.0,0.0,0.07454557206803614,0,0,0,0,0,0,0.1741711784210948,-0.011721186684481228,0.29481009081434173,0.0,0.0,0.0
image_1046.png,surface,0.0,0.0,1.5722662078739422,11.851751265041422,-10.820393976320897,0.0,2.3424889544264933,1.0705817229523902,0.0,0.0,0.0,-2.137519217815936,0,0,0,0,0,0,0.49472686776116653,0.15794420972781698,0.8535076361223798,0.0,0.0,0.0
image_1047.png,surface,0.0,0.0,1.5633068982325735,14.831482009936092,5.674546698505513,0.0,-2.898010469523301,0.7478125517163018,0.0,0.0,0.0,-0.6058458625149026,0,0,0,0,0,0,-0.40145327383687135,0.09922343982333257,0.7719985322101733,0.0,0.0,0.0
image_1048.png,surface,0.0,0.0,2.160481092621784,18.73035337956523,-15.64637199621366,0.0,-1.3570502615695967,-0.1765981154407449,0.0,0.0,0.0,-2.290285499052408,0,0,0,0,0,0,-0.3679077745991848,0.13027648305936246,1.8298885381445176,0.0,0.0,0.0
image_1049.png,surface,0.0,0.0,1.4748293999225985,-19.76922687906973,-14.42226296138607,0.0,-2.511146292468257,-0.25848876621035133,0.0,0.0,0.0,-2.3476372070606306,0,0,0,0,0,0,-0.6417962291772381,-0.10030888054434876,1.0213848601681759,0.0,0.0,0.0
image_1050.png,surface,0.0,0.0,1.0742910490571227,3.6539210364109866,4.823214745683774,0.0,-2.5430187432306792,1.31824079960554,0.0,0.0,0.0,0.12991098470658402,0,0,0,0,0,0,-0.09821669262332465,0.027254000712472987,0.26231988584139215,0.0,0.0,0.0
image_1051.png,surface,0.0,0.0,0.740758263750557,-10.904971029313419,4.1918175151064965,0.0,-0.3059963989710257,-1.8441366567270843,0.0,0.0,0.0,0.145474493665386,0,0,0,0,0,0,-0.015030185576235755,-0.1059248564487372,0.21757049012607238,0.0,0.0,0.0
image_1052.png,surface,0.0,0.0,1.9278943995730031,-20.54200461663912,5.1982661756901445,0.0,2.1563311858693264,-0.5858148070138526,0.0,0.0,0.0,0.17552883079275583,0,0,0,0,0,0,1.0249381226117935,-0.598762136864938,1.7586780476574142,0.0,0.0,0.0
image_1053.png,surface,0.0,0.0,1.0433463255071742,3.971472074207096,-12.029186004149853,0.0,-1.3432246801343177,-1.8357996065113273,0.0,0.0,0.0,-0.15109536671510826,0,0,0,0,0,0,-0.11287249326114869,-0.15709158817594635,0.40054058670878717,0.0,0.0,0.0
image_1054.png,surface,0.0,0.0,1.4428762904778853,-0.10962232058520155,18.111443755669203,0.0,1.1450685877120756,-2.759704230970696,0.0,0.0,0.0,-2.075194641196247,0,0,0,0,0,0,0.1777324010059865,-0.3382563638210398,0.5726448869067344,0.0,0.0,0.0
image_1055.png,surface,0.0,0.0,0.5438258461570631,-1.4029079800526092,-12.924062452550451,0.0,2.909138038626871,-0.4192677340880641,0.0,0.0,0.0,1.3611548769956654,0,0,0,0,0,0,0.10359200808052044,0.0029967602515013347,0.17784535291172376,0.0,0.0,0.0
image_1056.png,surface,0.0,0.0,1.122605147006496,-1.146762891724741,-15.362583665418878,0.0,1.0493415376650523,-0.35001669042256967,0.0,0.0,0.0,1.3743039345150727,0,0,0,0,0,0,0.3555195900517407,-0.08345466042120672,0.5209553154487387,0.0,0.0,0.0
image_1057.png,surface,0.0,0.0,2.127507025734111,-4.438570040512216,14.551563476716193,0.0,0.9739080564659699,-0.35050122907392267,0.0,0.0,0.0,0.11130677058734717,0,0,0,0,0,0,0.44517565146138316,-0.20071686654583393,1.0523342925341597,0.0,0.0,0.0
image_1058.png,surface,0.0,0.0,0.8078445356472237,14.398232850999351,-10.483111167239976,0.0,2.7079990783680397,-0.6139067091650154,0.0,0.0,0.0,-1.0400144397035636,0,0,0,0,0,0,0.14692782564667217,-0.0821395467360335,0.37773268611815447,0.0,0.0,0.0
image_1059.png,surface,0.0,0.0,2.153388460498042,-7.546734050025553,-11.737788904219903,0.0,1.1437297795305714,1.7483985077015116,0.0,0.0,0.0,0.4488005954233678,0,0,0,0,0,0,0.6938357356164658,0.6843231815259132,1.3989411389878514,0.0,0.0,0.0
image_1060.png,surface,0.0,0.0,2.651052083231474,19.024241745934205,1.7686707546853895,0.0,2.119894704475268,1.8750837762838943,0.0,0.0,0.0,-0.7314962185644154,0,0,0,0,0,0,1.2764152251449257,1.5829359579178461,3.748181695868353,0.0,0.0,0.0
image_1061.png,surface,0.0,0.0,2.673422317353849,-20.182643766907805,3.461238587867842,0.0,-1.2413270858374212,-0.8895422926065376,0.0,0.0,0.0,1.198978197645367,0,0,0,0,0,0,-0.6108501180485245,-1.3632993876739516,3.738101916813518,0.0,0.0,0.0
image_1062.png,surface,0.0,0.0,0.8934896228068843,-10.957931223787908,15.699590467552541,0.0,-1.8033047501077912,1.2459833527982027,0.0,0.0,0.0,0.33342913111342654,0,0,0,0,0,0,-0.23221606277484458,0.08222764047571005,0.3989127269544726,0.0,0.0,0.0
image_1063.png,surface,0.0,0.0,1.6683316310480714,19.59156628222205,-15.420394323773499,0.0,-0.08144515144640238,0.5926471016993203,0.0,0.0,0.0,-0.2635533141128805,0,0,0,0,0,0,0.30769419700463546,0.7038611145042065,2.0052686548850995,0.0,0.0,0.0
image_1064.png,surface,0.0,0.0,2.736409142565332,-10.438635117010433,4.9122707044236975,0.0,-0.5561975491857075,-0.7329052045384722,0.0,0.0,0.0,-1.618492162919904,0,0,0,0,0,0,-0.3882189184530168,-0.6659650754182916,2.1052848941111075,0.0,0.0,0.0
image_1065.png,surface,0.0,0.0,2.3248155007788323,14.47232248004361,-3.652481925814482,0.0,0.32611235347924694,-2.4797196959484187,0.0,0.0,0.0,1.9186378978435883,0,0,0,0,0,0,0.14748940305428976,-0.700227247742543,1.109365209029633,0.0,0.0,0.0
image_1066.png,surface,0.0,0.0,2.665965946200825,13.100217237077175,-6.480942418746283,0.0,-0.24873163267074822,-2.210277307208869,0.0,0.0,0.0,2.8591958066071683,0,0,0,0,0,0,-0.08444054440176867,-0.8850856680440804,1.339654888676386,0.0,0.0,0.0
image_1067.png,surface,0.0,0.0,1.4672325308168614,19.64449966540855,11.656756671654419,0.0,-0.8692543226523242,0.3374830995809552,0.0,0.0,0.0,-2.0375163075652694,0,0,0,0,0,0,-0.45680441290204893,0.36141085943355866,1.1059174511960772,0.0,0.0,0.0
image_1068.png,surface,0.0,0.0,1.7475316608595275,7.308263364891148,-10.747263334236768,0.0,-2.585687206141471,-0.8200534571411159,0.0,0.0,0.0,-1.5156606881573977,0,0,0,0,0,0,-0.40704774145313727,-0.0763819916071647,0.6593077635390484,0.0,0.0,0.0
image_1069.png,surface,0.0,0.0,2.737785132211419,12.847642816666523,6.522076023343268,0.0,1.6251005155251206,1.8300308838445196,0.0,0.0,0.0,2.479459499292025,0,0,0,0,0,0,0.718581666911483,1.1138462327544891,2.435546152908302,0.0,0.0,0.0
image_1070.png,surface,0.0,0.0,1.572534277113866,19.588204316586342,-8.141867264727784,0.0,-1.996350592276556,1.7339254933226416,0.0,0.0,0.0,-2.20617495627202,0,0,0,0,0,0,-0.39942916014545843,0.44783868356885354,1.1140321869260914,0.0,0.0,0.0
image_1071.png,surface,0.0,0.0,2.1754192597576663,-8.873202324352537,-6.1291592337026,0.0,-2.2213879338893174,-0.09042731325497948,0.0,0.0,0.0,0.9669151738569277,0,0,0,0,0,0,-0.6471471943945378,-0.033914516673027834,1.0800592674444098,0.0,0.0,0.0
image_1072.png,surface,0.0,0.0,1.5614769300210758,15.35857052352659,1.999252136153811,0.0,-2.5551059915516747,0.39426353431248085,0.0,0.0,0.0,2.2405041715795644,0,0,0,0,0,0,-0.3700566832700682,0.09860992985058423,0.6591916473425812,0.0,0.0,0.0
image_1073.png,surface,0.0,0.0,2.270016200763191,16.247653765116798,16.84914848792716,0.0,0.8007228666089787,-0.27963194038500566,0.0,0.0,0.0,1.765750683137223,0,0,0,0,0,0,0.21165532896207187,0.0041529905847577375,1.7568804796159558,0.0,0.0,0.0
image_1074.png,surface,0.0,0.0,2.033062039350901,-0.7497752898977155,-19.05083384660989,0.0,2.022712174320689,1.7845843241768802,0.0,0.0,0.0,-0.6437439379752234,0,0,0,0,0,0,0.8691118061728732,0.2030859589021389,1.9220937301543477,0.0,0.0,0.0
image_1075.png,surface,0.0,0.0,1.6040087329685857,0.8403753059246254,-20.06889575322384,0.0,-0.32631772495457534,1.5981013076003108,0.0,0.0,0.0,-0.2778023471176425,0,0,0,0,0,0,0.02503204661380391,0.7358422882118292,1.0635216414629907,0.0,0.0,0.0
image_1076.png,surface,0.0,0.0,1.8725549950747429,-9.741573979803775,7.1657565626611825,0.0,-2.635568860744086,1.1452342807518283,0.0,0.0,0.0,0.609231170347571,0,0,0,0,0,0,-0.4838788358871881,0.1517320279781168,0.7813793810824311,0.0,0.0,0.0
image_1077.png,surface,0.0,0.0,1.9953722343443079,-0.7223423554641678,-1.7361421772070547,0.0,1.5125826655250412,-0.04001939749549038,0.0,0.0,0.0,2.594457235246532,0,0,0,0,0,0,0.5243763286153814,-0.01512538048198721,0.7090769517477827,0.0,0.0,0.0
image_1078.png,surface,0.0,0.0,2.6976455065119795,-3.218145897551048,-1.8221900507053104,0.0,-1.3861749629373985,2.178803727550696,0.0,0.0,0.0,-0.17469833361432796,0,0,0,0,0,0,-0.6225473645388998,0.9127376636875927,1.4284636819395602,0.0,0.0,0.0
image_1079.png,surface,0.0,0.0,2.1921779718647345,-12.874862512495142,0.15306811916477006,0.0,-2.5151605043916256,1.4610983865148952,0.0,0.0,0.0,-0.7385684442242288,0,0,0,0,0,0,-0.5942767360188351,0.3225316312887523,1.0606410665890993,0.0,0.0,0.0
image_1080.png,surface,0.0,0.0,2.2843861829445933,-19.263326791941175,15.362556913336867,0.0,-0.3642943005829225,1.1150062112272194,0.0,0.0,0.0,1.174960885427832,0,0,0,0,0,0,-0.2905683689072902,0.24541342771428942,1.9593804272428914,0.0,0.0,0.0
image_1081.png,surface,0.0,0.0,2.9248164797934844,15.677630701741492,4.436504256087509,0.0,-2.085009555140406,-0.2159360502504692,0.0,0.0,0.0,-0.6331549905348623,0,0,0,0,0,0,-1.1127998757190483,0.22193801919294828,2.9022886026296684,0.0,0.0,0.0
image_1082.png,surface,0.0,0.0,0.6691543924218786,13.472246667675424,-2.5801749911957566,0.0,0.26388526017086633,2.07494589221045,0.0,0.0,0.0,0.2091223794742012,0,0,0,0,0,0,0.0054148845970279245,0.062082489934646365,0.20323460586996675,0.0,0.0,0.0
image_1083.png,surface,0.0,0.0,0.96903390854485,0.44745501554157086,-12.25254092710974,0.0,-1.3173679659723947,-0.8663813433256904,0.0,0.0,0.0,2.0395741363037887,0,0,0,0,0,0,-0.1558811044786887,-0.0738823317438389,0.2831538110920875,0.0,0.0,0.0
image_1084.png,surface,0.0,0.0,1.2953057327075654,-21.976352851962865,-12.020807903191622,0.0,-0.2437616144434934,2.0515826480904127,0.0,0.0,0.0,2.069287141829183,0,0,0,0,0,0,-0.01270169388611414,0.4808895669725507,0.8173329749153843,0.0,0.0,0.0
image_1085.png,surface,0.0,0.0,2.865168359142718,-11.405129400829777,2.7312749251405286,0.0,1.5473022999741952,1.630695073478926,0.0,0.0,0.0,0.5096772273274617,0,0,0,0,0,0,0.8100320366235134,0.5927434467220274,1.7862109842427378,0.0,0.0,0.0
image_1086.png,surface,0.0,0.0,1.0713875644009148,6.169319121774559,-6.9148044100764885,0.0,-1.296991764199632,2.0454308303011453,0.0,0.0,0.0,-2.314057627604717,0,0,0,0,0,0,-0.10520216769368937,0.17534586951894973,0.28554312513477215,0.0,0.0,0.0
image_1087.png,surface,0.0,0.0,1.912736431945984,17.820766763425105,-2.5997721751300604,0.0,1.019028144469839,2.3749556274940486,0.0,0.0,0.0,1.242298333614956,0,0,0,0,0,0,0.3921590916463011,0.7107513034289178,1.5408931891686348,0.0,0.0,0.0
image_1088.png,surface,0.0,0.0,0.7944028261784928,6.27800708946886,-12.645114671425128,0.0,-2.2415398893557033,-0.6623774886589231,0.0,0.0,0.0,-0.786748235824704,0,0,0,0,0,0,-0.14845428131019628,-0.023431361651502836,0.26056251186794144,0.0,0.0,0.0
image_1089.png,surface,0.0,0.0,1.1766680093637567,13.659392137106188,-14.846242268223135,0.0,-0.06691159106847161,1.0155490590729122,0.0,0.0,0.0,2.063433006557255,0,0,0,0,0,0,-0.030017758232652313,0.49800492210973435,0.7535941150701696,0.0,0.0,0.0
image_1090.png,surface,0.0,0.0,1.1902742867821268,-8.482300491204022,9.836494252263378,0.0,1.7653493303146233,1.1040006292803128,0.0,0.0,0.0,-2.636937891363634,0,0,0,0,0,0,0.19467103663412613,0.10427309882979943,0.31434440786611917,0.0,0.0,0.0
image_1091.png,surface,0.0,0.0,2.2711656573175594,6.078699092064152,-20.6689759948793,0.0,-2.102701739119235,-1.8878951942421522,0.0,0.0,0.0,0.91871940782368,0,0,0,0,0,0,-0.5501419262060734,-0.7123086748982018,1.4652613512006758,0.0,0.0,0.0
image_1092.png,surface,0.0,0.0,0.7720727048417628,17.030951581873094,-8.7826662018125,0.0,-2.6035453944215172,-0.44960222852562515,0.0,0.0,0.0,-0.577363065105537,0,0,0,0,0,0,-0.2064230711642691,0.04175171329926391,0.42600352879171116,0.0,0.0,0.0
image_1093.png,surface,0.0,0.0,2.3924612351715866,11.307855141931826,-17.759256832507138,0.0,1.3205231539589066,-1.3307693123683475,0.0,0.0,0.0,0.3584958468618007,0,0,0,0,0,0,1.4209765118516373,-0.4702082010367531,2.8132408779622278,0.0,0.0,0.0
image_1094.png,surface,0.0,0.0,1.258865464570461,8.98054500265707,19.946416146015146,0.0,1.4860683632574807,-1.301492329558659,0.0,0.0,0.0,2.002140283770541,0,0,0,0,0,0,0.26129633677147424,-0.2284192014691613,0.5363228474503774,0.0,0.0,0.0
image_1095.png,surface,0.0,0.0,2.3336760553192013,10.218474930412466,2.304250596021809,0.0,1.2474444972682324,-2.2791384754012975,0.0,0.0,0.0,-0.9783142095060677,0,0,0,0,0,0,0.3297113795412298,-0.5050241054389731,1.10738676768214,0.0,0.0,0.0
image_1096.png,surface,0.0,0.0,1.416402788535629,9.414437798705057,-11.84003215962106,0.0,1.378050418492172,-1.4162995168614867,0.0,0.0,0.0,-2.5957811901774184,0,0,0,0,0,0,0.32958658456175915,-0.3028143646261184,0.6131984685227986,0.0,0.0,0.0
image_1097.png,surface,0.0,0.0,1.5660026468022092,2.9518065497620656,10.693301654482509,0.0,-2.2424810757055185,-0.22202217527317977,0.0,0.0,0.0,-2.5676303568681,0,0,0,0,0,0,-0.3590534186167489,-0.0010429669536721697,0.5416686584954108,0.0,0.0,0.0
image_1098.png,surface,0.0,0.0,0.81457689975948,-14.881899371961365,-13.403829435175451,0.0,-1.0528883095134232,2.031646895952918,0.0,0.0,0.0,-0.9728359184141251,0,0,0,0,0,0,-0.12495021224991004,0.1939399410007062,0.41190880894365206,0.0,0.0,0.0
image_1099.png,surface,0.0,0.0,0.7671047739230592,23.66166134113151,-5.278789594388864,0.0,2.57638787977072,0.5990057842631549,0.0,0.0,0.0,-1.4973513794512139,0,0,0,0,0,0,0.3225295806616976,-0.03513524420854752,0.5449578730607136,0.0,0.0,0.0
image_1100.png,surface,0.0,0.0,1.854604601123276,1.5881846230946608,9.863225089356007,0.0,-0.003287120221885895,-0.28720091115072666,0.0,0.0,0.0,-1.9682134519109489,0,0,0,0,0,0,-0.010208838076689852,-0.12654823014804595,0.6751799543945617,0.0,0.0,0.0
image_1101.png,surface,0.0,0.0,2.0926753835939778,-1.6450445014691182,-15.342340912335569,0.0,0.6086531297203552,-0.3903117422167567,0.0,0.0,0.0,-1.323692680682957,0,0,0,0,0,0,0.6043486039961065,-0.29908611171480165,1.431699304414186,0.0,0.0,0.0
image_1102.png,surface,0.0,0.0,0.7303266758195783,2.856643638233077,-17.65329549042111,0.0,1.96641182422848,0.8798255114245328,0.0,0.0,0.0,2.9407987505509103,0,0,0,0,0,0,0.2442085559239677,0.09170400990093021,0.35074013644715696,0.0,0.0,0.0
image_1103.png,surface,0.0,0.0,0.8485806094709937,-14.45116983386306,-14.220621625218659,0.0,-1.7556930167989249,1.9909785085531486,0.0,0.0,0.0,2.008911592763492,0,0,0,0,0,0,-0.1814488563702197,0.1914387080348864,0.42744604923243457,0.0,0.0,0.0
image_1104.png,surface,0.0,0.0,0.5811068775586687,3.0373463420771722,-9.64889491760993,0.0,1.3661627082813264,-2.314911087527366,0.0,0.0,0.0,0.5556548863814146,0,0,0,0,0,0,0.052952640435353325,-0.013781950951917865,0.18782687980032062,0.0,0.0,0.0
image_1105.png,surface,0.0,0.0,0.9060217446546333,11.47257972456606,-14.561753424951199,0.0,2.023879839415716,2.1515434058673475,0.0,0.0,0.0,1.231312530978081,0,0,0,0,0,0,0.20084991000791272,0.21685217882911453,0.4694667143307825,0.0,0.0,0.0
image_1106.png,surface,0.0,0.0,1.0564438021845786,1.5913788122549335,9.826969823553878,0.0,-1.9478813656383016,1.4664890784435212,0.0,0.0,0.0,-2.3422487339754428,0,0,0,0,0,0,-0.1385924341520343,0.08478235892633385,0.265184829688835,0.0,0.0,0.0
image_1107.png,surface,0.0,0.0,2.2267577386325783,-1.5408385183785045,-12.645254166146026,0.0,-2.820527345840224,-0.4088484912996853,0.0,0.0,0.0,0.836314557920506,0,0,0,0,0,0,-0.604844740134002,-0.052219137295846645,1.0665361965635731,0.0,0.0,0.0
image_1108.png,surface,0.0,0.0,0.6630366180415643,-8.292955614002848,-12.13841362333735,0.0,0.18039432503686256,0.5572421760233564,0.0,0.0,0.0,2.007115360922599,0,0,0,0,0,0,0.06754756547343575,0.14682866750361304,0.23800247469668984,0.0,0.0,0.0
image_1109.png,surface,0.0,0.0,2.2185162728417946,-17.704266917628097,9.330202623125208,0.0,2.266914010484046,1.593858405690745,0.0,0.0,0.0,-0.3897827576605133,0,0,0,0,0,0,0.6846237354855461,0.2778177659928599,1.4144828452841904,0.0,0.0,0.0
image_1110.png,surface,0.0,0.0,1.5135711841546502,-1.8544163067258552,13.005658490817567,0.0,2.295587873423213,-0.2313959126252209,0.0,0.0,0.0,-1.7939155955592363,0,0,0,0,0,0,0.3347488354198589,-0.0409399924122431,0.4995586732459348,0.0,0.0,0.0
image_1111.png,surface,0.0,0.0,0.8573843083095329,13.151991904986401,-17.14863939364613,0.0,0.3961796716110809,2.6743693856010102,0.0,0.0,0.0,2.5968167296104205,0,0,0,0,0,0,-0.022849656363062347,0.32820423888293265,0.5380511923747112,0.0,0.0,0.0
image_1112.png,surface,0.0,0.0,2.955822933203951,-16.706334278614708,18.672126602041228,0.0,0.4705620543664797,-2.8574429008149886,0.0,0.0,0.0,0.13730037298195175,0,0,0,0,0,0,-0.5173451968452106,-3.021472118583165,6.476054839389632,0.0,0.0,0.0
image_1113.png,surface,0.0,0.0,1.7606725552073652,12.873600122322678,-3.994304938151322,0.0,0.38417310424207274,2.0144302530332645,0.0,0.0,0.0,1.6538766072485211,0,0,0,0,0,0,0.12376618183493347,0.5052411935831757,0.8707106972297062,0.0,0.0,0.0
image_1114.png,surface,0.0,0.0,1.2354606938244024,-2.458394341126144,-14.247975165408894,0.0,-0.49791821542715226,0.8872504170602205,0.0,0.0,0.0,2.096497235778447,0,0,0,0,0,0,-0.1546483735839184,0.32016568513743554,0.4378741768766733,0.0,0.0,0.0
image_1115.png,surface,0.0,0.0,0.638762928596927,1.9656729686647403,15.965803524671628,0.0,-1.100485138531267,-2.1210215584463348,0.0,0.0,0.0,2.7690557442179253,0,0,0,0,0,0,-0.049319889020764805,-0.12418857640670612,0.19332006909471625,0.0,0.0,0.0
image_1116.png,surface,0.0,0.0,1.2858041102331725,-14.41606256558639,-18.64386333395514,0.0,-1.3630980186319146,-1.4841887040388688,0.0,0.0,0.0,-1.0813581720278442,0,0,0,0,0,0,-0.2764665362271158,-0.6194327036390735,1.1014380456169883,0.0,0.0,0.0
image_1117.png,surface,0.0,0.0,2.0311405782302074,7.5032644319664685,-10.614856023616737,0.0,-2.761832764207756,-1.0647942300872715,0.0,0.0,0.0,-0.551653728369927,0,0,0,0,0,0,-0.5478788757856738,-0.13249455757622186,0.8345494340453794,0.0,0.0,0.0
image_1118.png,surface,0.0,0.0,1.1144322797188564,7.222582698098016,14.667045900167441,0.0,1.3959260415937524,0.007194968040408614,0.0,0.0,0.0,-1.602557984054765,0,0,0,0,0,0,0.23100007267000355,0.0033113807503466256,0.3573877886948871,0.0,0.0,0.0
image_1119.png,surface,0.0,0.0,1.9231036273997788,-9.17367366978092,-2.173848795052304,0.0,0.958979723148202,-0.7006217912246729,0.0,0.0,0.0,-1.6736822888302367,0,0,0,0,0,0,0.4888371534861534,-0.4118429522959642,0.9357759613191762,0.0,0.0,0.0
image_1120.png,surface,0.0,0.0,1.1956953159888801,4.258424634964148,14.426866213809397,0.0,-1.5105230447527545,-1.778931604572515,0.0,0.0,0.0,-1.7687642012085318,0,0,0,0,0,0,-0.16588905307623095,-0.22249175127091633,0.389203626526817,0.0,0.0,0.0
image_1121.png,surface,0.0,0.0,0.6111360685388176,19.7028881376976,10.96163653560929,0.0,1.5814519760784342,-0.8698642773741027,0.0,0.0,0.0,-2.6575396617437996,0,0,0,0,0,0,0.17893012843090553,-0.1115880254279523,0.2998343493153132,0.0,0.0,0.0
image_1122.png,surface,0.0,0.0,1.532915654755591,-18.163506188622165,4.808514953392811,0.0,0.37377248795659046,-1.5333202310709666,0.0,0.0,0.0,-1.5166565869423967,0,0,0,0,0,0,0.15157111201697354,-0.8932768127315177,1.1560841140773335,0.0,0.0,0.0
image_1123.png,surface,0.0,0.0,1.3915507192754646,-6.99633273409191,16.860651418104258,0.0,1.4815453960032734,0.958889680191042,0.0,0.0,0.0,-1.1136076073110943,0,0,0,0,0,0,0.33621289359364753,0.1795932462533613,0.5282036457128072,0.0,0.0,0.0
image_1124.png,surface,0.0,0.0,1.1147253989249337,-9.257763244595052,-21.075270849063948,0.0,2.656613254605104,-0.11276892613986512,0.0,0.0,0.0,0.948982010055087,0,0,0,0,0,0,0.6232048210161109,-0.14122842262416696,1.1953492525133709,0.0,0.0,0.0
image_1125.png,surface,0.0,0.0,1.82242957889843,7.567889860695495,-0.09418670055152772,0.0,0.08567746464298703,1.054415292956253,0.0,0.0,0.0,-1.4330995199902135,0,0,0,0,0,0,0.08475709752042584,0.4720235613150904,0.7408302654739242,0.0,0.0,0.0
image_1126.png,surface,0.0,0.0,1.4740570608055112,8.889352127681393,19.381860654899572,0.0,-0.9662390414775934,0.5211322107157134,0.0,0.0,0.0,0.489938138318621,0,0,0,0,0,0,-0.6917674871152395,0.29696242334759576,1.0961569916815228,0.0,0.0,0.0
image_1127.png,surface,0.0,0.0,2.8748636694950522,0.29376665225472554,-4.683688129333924,0.0,1.4963030362662997,-2.3227170305761295,0.0,0.0,0.0,-2.7739985271124645,0,0,0,0,0,0,0.8669202845821694,-1.0489368776377181,1.923741686942668,0.0,0.0,0.0
image_1128.png,surface,0.0,0.0,2.053072808538144,9.825205178990705,-21.587360033140744,0.0,0.03687965147952503,0.5589716815605767,0.0,0.0,0.0,-2.2187733064140938,0,0,0,0,0,0,0.6490921698062863,0.380846540749726,2.3499573510933085,0.0,0.0,0.0
image_1129.png,surface,0.0,0.0,1.3953853573217603,10.554005390036295,3.9310515161458333,0.0,1.9032871769329471,-0.5454169907082049,0.0,0.0,0.0,1.0401900011554082,0,0,0,0,0,0,0.23909500554566152,-0.055790079957740664,0.42691459433322076,0.0,0.0,0.0
image_1130.png,surface,0.0,0.0,1.0358417336139558,16.47189926347634,10.071616185222219,0.0,-1.068654833210777,-1.324828482094694,0.0,0.0,0.0,-0.33070862840503734,0,0,0,0,0,0,-0.1635666489460835,-0.1821416722940082,0.4926988856392747,0.0,0.0,0.0
image_1131.png,surface,0.0,0.0,2.162809646610917,-1.6027395599471725,8.164745673041581,0.0,2.712373368808479,-1.0819670274109505,0.0,0.0,0.0,0.5958687756610219,0,0,0,0,0,0,0.4960052553557434,-0.26967066817526136,0.9219268718867205,0.0,0.0,0.0
image_1132.png,surface,0.0,0.0,2.800321797870878,-18.439302113485887,-0.6609251121523014,0.0,0.17339803560710693,0.3524960242029989,0.0,0.0,0.0,0.8313469005505647,0,0,0,0,0,0,0.3769554106108012,-0.41271602418026,2.996856312636846,0.0,0.0,0.0
image_1133.png,surface,0.0,0.0,2.0677827768096204,-1.4027244962197687,10.903916762934063,0.0,-0.9867619879592837,-1.1040914697366029,0.0,0.0,0.0,1.0526318885630186,0,0,0,0,0,0,-0.5358361602667645,-0.5764052042169917,1.1130541312712348,0.0,0.0,0.0
image_1134.png,surface,0.0,0.0,2.573480606609516,-16.620025531904,-15.255824631348533,0.0,0.7038397048278656,0.5653017235708812,0.0,0.0,0.0,-2.490571229531053,0,0,0,0,0,0,0.916421278512166,-0.3856854040219667,3.2641468648885312,0.0,0.0,0.0
image_1135.png,surface,0.0,0.0,2.2105716777449276,10.231328512453162,-9.284987855651035,0.0,0.0956850680303459,1.403728329755702,0.0,0.0,0.0,-2.8854471614530537,0,0,0,0,0,0,0.2752733744721782,0.7048521690755686,1.4300915416938758,0.0,0.0,0.0
image_1136.png,surface,0.0,0.0,2.867953761271203,13.169720258473594,-1.705290252578839,0.0,0.22558229029479915,-0.9079880397362061,0.0,0.0,0.0,1.2633976284368966,0,0,0,0,0,0,0.17490168561799554,-0.31322987624039134,1.9707687465117603,0.0,0.0,0.0
image_1137.png,surface,0.0,0.0,1.5180222652699855,15.31706658183498,0.8667510749889894,0.0,2.056978427829426,-0.41764138256317074,0.0,0.0,0.0,-0.09304858154985585,0,0,0,0,0,0,0.282971094059521,-0.06965225913686404,0.7511601409519209,0.0,0.0,0.0
image_1138.png,surface,0.0,0.0,2.4318131203978686,5.059024817153194,10.612748926335716,0.0,1.210538083333897,1.1933417859771482,0.0,0.0,0.0,1.5987594069637092,0,0,0,0,0,0,0.5533500703124632,0.5656294521315404,1.2726647753300997,0.0,0.0,0.0
image_1139.png,surface,0.0,0.0,1.7729649218044266,-18.89861885997052,3.583645592868636,0.0,-1.826134168117409,-0.4313095336543509,0.0,0.0,0.0,1.8621052385538315,0,0,0,0,0,0,-0.773200776889767,-0.42797039906677325,1.2574580196004919,0.0,0.0,0.0
image_1140.png,surface,0.0,0.0,0.623728667889071,12.499340687210857,-19.911728305788806,0.0,2.835934177436698,0.7975643027472624,0.0,0.0,0.0,1.9355586450938764,0,0,0,0,0,0,0.32465566098267823,0.04732206923131964,0.5326115951709925,0.0,0.0,0.0
image_1141.png,surface,0.0,0.0,0.5331556006339428,3.578398606308878,-21.105882542542695,0.0,-2.209741966332533,0.19203310404130994,0.0,0.0,0.0,-2.1722378506854563,0,0,0,0,0,0,-0.22303297855380297,0.027914703760048114,0.3078954929546498,0.0,0.0,0.0
image_1142.png,surface,0.0,0.0,1.562808662562018,-16.50305447131906,-14.894459388254292,0.0,-1.00825497798544,2.5182636833712673,0.0,0.0,0.0,1.147901583435349,0,0,0,0,0,0,-0.20624044436504368,0.4630348536630808,0.9296753949971083,0.0,0.0,0.0
image_1143.png,surface,0.0,0.0,2.1499359762232033,-19.667648491619975,4.5634829052805586,0.0,-1.0666860736300097,-1.826704815677537,0.0,0.0,0.0,0.3770391398329922,0,0,0,0,0,0,-0.5597146142654617,-1.6081984108726288,2.8266478326465987,0.0,0.0,0.0
image_1144.png,surface,0.0,0.0,2.6581813434660644,12.592144975213259,5.319769548312914,0.0,0.19498868861682042,1.9878047921470952,0.0,0.0,0.0,0.20954856052048854,0,0,0,0,0,0,0.11599541152790022,1.3069886107906228,2.5953845633525447,0.0,0.0,0.0
image_1145.png,surface,0.0,0.0,0.5815578993149177,23.41793516665679,7.152739460318199,0.0,0.10491693585039823,-0.9775082131969917,0.0,0.0,0.0,2.0363737847633603,0,0,0,0,0,0,0.0051044190383450205,-0.20940196541645795,0.36953756225212536,0.0,0.0,0.0
image_1146.png,surface,0.0,0.0,2.854610253313822,-2.526864593081172,17.12263694717952,0.0,1.5181355449300742,-1.819122390775856,0.0,0.0,0.0,-2.8497617919533704,0,0,0,0,0,0,0.5407944778657288,-0.8992215670571985,1.9642640065058354,0.0,0.0,0.0
image_1147.png,surface,0.0,0.0,2.711901279971944,-18.3482616037556,12.658625622403951,0.0,-2.586992310034941,0.15724544104339916,0.0,0.0,0.0,-2.4701752275588085,0,0,0,0,0,0,-1.7099621151656414,-0.6545915443850344,3.73415396613364,0.0,0.0,0.0
image_1148.png,surface,0.0,0.0,2.6840430114948215,11.544808845054968,0.25972913342697207,0.0,0.6648477298435649,-0.3521717045118568,0.0,0.0,0.0,-1.2837868210104681,0,0,0,0,0,0,0.4986533439445092,-0.060808276914322994,1.7035451843734213,0.0,0.0,0.0
image_1149.png,surface,0.0,0.0,2.106674452403631,-3.418897937076006,16.145568642766765,0.0,1.611645808091063,-1.40375973502583,0.0,0.0,0.0,2.987336584297428,0,0,0,0,0,0,0.4533177629268408,-0.42853671596469495,0.9759655633193922,0.0,0.0,0.0
image_1150.png,surface,0.0,0.0,1.6666451558273292,12.661212112965226,12.8567338918644,0.0,-0.9356693906737619,-1.2104612579777987,0.0,0.0,0.0,-2.715222528537307,0,0,0,0,0,0,-0.28772091272937034,-0.35439639541180296,0.6819548878576494,0.0,0.0,0.0
image_1151.png,surface,0.0,0.0,2.5099848600878985,15.709357740431827,9.668257753782378,0.0,-1.4487751214508837,-2.505919894931798,0.0,0.0,0.0,-1.3330556022908386,0,0,0,0,0,0,-0.4876835608710469,-0.7428897873859638,1.4836523703180104,0.0,0.0,0.0
image_1152.png,surface,0.0,0.0,1.0154354980370437,8.323910731609814,22.753713031334627,0.0,-0.28053366232879123,2.5853456141333617,0.0,0.0,0.0,-1.252486360359357,0,0,0,0,0,0,-0.09602517103262191,0.34982810576856943,0.6062940208405746,0.0,0.0,0.0
image_1153.png,surface,0.0,0.0,1.230728934845522,-12.778446957259566,17.595757456840825,0.0,-0.5753195209665866,-2.1239436894251282,0.0,0.0,0.0,0.4078711238519537,0,0,0,0,0,0,-0.15935101366396778,-0.4021085940616912,0.8794149459571663,0.0,0.0,0.0
image_1154.png,surface,0.0,0.0,0.9317332498638421,-1.4527755826457796,21.21654907131921,0.0,1.5181289874052284,0.42512319293203316,0.0,0.0,0.0,-0.11590380654017718,0,0,0,0,0,0,0.18189324824833455,0.04964554161529208,0.4128198744851615,0.0,0.0,0.0
image_1155.png,surface,0.0,0.0,2.9949545302365146,-17.554725238094573,8.22638159755913,0.0,1.5079665912348477,-0.9966580001783639,0.0,0.0,0.0,-1.5665573198270508,0,0,0,0,0,0,0.698538375696515,-1.3496794662789398,3.9879393115347153,0.0,0.0,0.0
image_1156.png,surface,0.0,0.0,0.9804532094107141,5.123773846239735,8.851737349895544,0.0,1.8114613990359782,-1.7450570975343485,0.0,0.0,0.0,-2.445887182474598,0,0,0,0,0,0,0.13801563784448137,-0.14593986459437516,0.24811798181197922,0.0,0.0,0.0
image_1157.png,surface,0.0,0.0,2.2518772965605494,-8.52231913313038,-1.6787426931564053,0.0,1.2330524844514614,0.5452198915278197,0.0,0.0,0.0,2.1746657770040434,0,0,0,0,0,0,0.7015014955139439,0.17279744347830303,1.128613701597799,0.0,0.0,0.0
image_1158.png,surface,0.0,0.0,1.6551806742672597,2.6787266981429196,-10.664172615713786,0.0,-0.7411552381550863,-2.3281823455163413,0.0,0.0,0.0,2.773650784455808,0,0,0,0,0,0,-0.06438507806685217,-0.40864168872021306,0.6126379845744675,0.0,0.0,0.0
image_1159.png,surface,0.0,0.0,0.5832382123186892,-9.737136895723543,11.63441620652925,0.0,1.1427241924372364,-1.1602727766010956,0.0,0.0,0.0,1.4604676822284697,0,0,0,0,0,0,0.09180649197051947,-0.06963810121441602,0.19435841585158378,0.0,0.0,0.0
image_1160.png,surface,0.0,0.0,0.7031588415959618,-14.410951959790689,-19.608774787606354,0.0,-0.9674637009290679,-0.5375052392183415,0.0,0.0,0.0,-2.0494769180037924,0,0,0,0,0,0,-0.3148075108344581,-0.2644463947919355,0.5686656741739644,0.0,0.0,0.0
image_1161.png,surface,0.0,0.0,2.8235709111424367,21.751044762681992,6.3944954890965535,0.0,0.7195906857376564,-1.6386706157262707,0.0,0.0,0.0,1.0564024314341953,0,0,0,0,0,0,0.35537348861236084,-0.6725249128192154,2.171002195303814,0.0,0.0,0.0
image_1162.png,surface,0.0,0.0,2.3613567189620746,-1.4848125164173276,-8.055543680591603,0.0,-0.17164561543817816,-1.3870682893240776,0.0,0.0,0.0,-1.3714070935246045,0,0,0,0,0,0,0.029576410134524864,-0.7581331505550181,1.3221034789796595,0.0,0.0,0.0
image_1163.png,surface,0.0,0.0,1.865024462266584,-11.323806917598517,-20.15588437047465,0.0,-2.589028822894363,-0.983461244298578,0.0,0.0,0.0,0.026035563559860364,0,0,0,0,0,0,-0.6760524510419093,-0.31725544552311663,1.352918931118952,0.0,0.0,0.0
image_1164.png,surface,0.0,0.0,1.02366200632191,0.10844706560195384,15.917622512852555,0.0,0.85803107331696,1.8356918459082558,0.0,0.0,0.0,0.5343544617452558,0,0,0,0,0,0,0.08744171146903658,0.19455345097345472,0.32522360227355646,0.0,0.0,0.0
image_1165.png,surface,0.0,0.0,0.5158903486271149,0.3640421554559672,19.982818827808742,0.0,-2.3896967929051383,0.5932892043191216,0.0,0.0,0.0,1.3364551651221577,0,0,0,0,0,0,-0.14866734590929237,0.02399767854942426,0.2246714421407789,0.0,0.0,0.0
image_1166.png,surface,0.0,0.0,2.431624793029389,-10.34602124781445,1.3670027869677701,0.0,1.8134824497098556,1.6201049853357243,0.0,0.0,0.0,1.1921840875003005,0,0,0,0,0,0,0.678221144282709,0.4473038287208161,1.1931609088107265,0.0,0.0,0.0
image_1167.png,surface,0.0,0.0,1.2807465426895355,1.7702743612191407,-9.895464018213024,0.0,0.569847826269493,1.1958603984685483,0.0,0.0,0.0,-1.046015241465304,0,0,0,0,0,0,0.1117356414359718,0.24670179865706116,0.43187186272084566,0.0,0.0,0.0
image_1168.png,surface,0.0,0.0,1.0351014491752346,-11.963960724186784,-19.473960458872924,0.0,1.3175126496077258,-2.5730522850489685,0.0,0.0,0.0,0.4452549832854693,0,0,0,0,0,0,0.42779414584512293,-0.5121439673278417,0.9781315769842558,0.0,0.0,0.0
image_1169.png,surface,0.0,0.0,0.930778817804073,13.533734364150776,9.855068264466174,0.0,0.01106484095614034,-2.3801894720673293,0.0,0.0,0.0,2.763267858464955,0,0,0,0,0,0,0.024219357357251663,-0.15127740135728548,0.29527902160776587,0.0,0.0,0.0
image_1170.png,surface,0.0,0.0,2.5219909619535836,13.90569916240301,17.224760422559253,0.0,-0.25397340461672824,-2.3847058729964234,0.0,0.0,0.0,2.2216837566725527,0,0,0,0,0,0,-0.2591793877904553,-0.959694773140252,1.5681358352627917,0.0,0.0,0.0
image_1171.png,surface,0.0,0.0,2.0515822654700133,4.74618495648757,-21.37108534140679,0.0,0.045479791574375664,-1.3869482584515087,0.0,0.0,0.0,0.12458028155177336,0,0,0,0,0,0,0.4688851756707975,-0.7050598186048067,1.9473222068405607,0.0,0.0,0.0
image_1172.png,surface,0.0,0.0,2.1032519451524045,23.500386923168136,6.346594380225647,0.0,1.6588533627209003,1.6012818585072972,0.0,0.0,0.0,-0.9998800774645309,0,0,0,0,0,0,0.9017106898345756,1.3152175099379209,2.752069972461955,0.0,0.0,0.0
image_1173.png,surface,0.0,0.0,2.813593148719047,-21.488278828856707,10.731628326395057,0.0,0.8456397935223986,-2.427840097637802,0.0,0.0,0.0,1.4857424219093707,0,0,0,0,0,0,0.38378108723184395,-2.8564096200689746,5.948103523103764,0.0,0.0,0.0
image_1174.png,surface,0.0,0.0,2.729497608948611,-0.928140471338351,-20.09708567441375,0.0,-1.259792641389726,-0.0643985726954723,0.0,0.0,0.0,0.6728978175400702,0,0,0,0,0,0,-0.1793486481791297,-0.13077201034504385,2.344310084538216,0.0,0.0,0.0
image_1175.png,surface,0.0,0.0,2.201153087143335,-12.435446422350825,15.163754982106116,0.0,-0.6005014029112411,-2.642313960024075,0.0,0.0,0.0,1.7818233456884975,0,0,0,0,0,0,-0.4424225524630626,-1.5605286859900847,2.4700594593043097,0.0,0.0,0.0
image_1176.png,surface,0.0,0.0,2.9025673433986956,8.502608652948242,-21.493652646403074,0.0,-1.6356242051288894,-1.734295504822064,0.0,0.0,0.0,1.9348021369966695,0,0,0,0,0,0,-0.38669550656947993,-0.8359545309443999,2.286627130939507,0.0,0.0,0.0
image_1177.png,surface,0.0,0.0,1.072402520290799,18.55593766516675,10.668885542750637,0.0,-1.9662695991046597,1.7834874152675209,0.0,0.0,0.0,1.0593419046298669,0,0,0,0,0,0,-0.2570411323495263,0.19805517712560267,0.6268577526341065,0.0,0.0,0.0
image_1178.png,surface,0.0,0.0,0.549005582654829,-15.384995293713093,5.738674631949656,0.0,2.629796486705684,0.8069311644842566,0.0,0.0,0.0,-1.0187470101909277,0,0,0,0,0,0,0.1602580601001199,0.01437501059224117,0.2261452246343971,0.0,0.0,0.0
image_1179.png,surface,0.0,0.0,2.804266944819379,-2.233250166838972,-12.677092210389493,0.0,-1.5310443465260608,1.1120186046183858,0.0,0.0,0.0,1.4247537779352895,0,0,0,0,0,0,-0.553322676292579,0.4438744652834025,1.7116152600278698,0.0,0.0,0.0
image_1180.png,surface,0.0,0.0,1.1608199393752037,-1.4946972020280476,-14.697866858345975,0.0,-2.7851574038733506,0.8944080492047164,0.0,0.0,0.0,0.5885294361655173,0,0,0,0,0,0,-0.24568783299769173,0.07335691551076723,0.4399039773110659,0.0,0.0,0.0
image_1181.png,surface,0.0,0.0,2.9327574179311053,13.515588629842357,-0.8732875542377045,0.0,0.7687385775380111,2.6808731069383556,0.0,0.0,0.0,-0.175682159957522,0,0,0,0,0,0,0.6378271400740766,1.8605633785089064,3.9894488220887885,0.0,0.0,0.0
image_1182.png,surface,0.0,0.0,1.0600976471354182,16.140763748648602,2.1764919748925937,0.0,-0.7328544438453007,0.5957594662232423,0.0,0.0,0.0,0.41067978638201597,0,0,0,0,0,0,-0.28006732795184014,0.2197624184434332,0.5012736201475998,0.0,0.0,0.0
image_1183.png,surface,0.0,0.0,1.196148988475834,-23.370437310331592,-8.607773842945225,0.0,-0.15920645060096977,2.378323275884625,0.0,0.0,0.0,0.7191639824887623,0,0,0,0,0,0,-0.039509786122383296,0.38096609653928754,0.8049085418934264,0.0,0.0,0.0
image_1184.png,surface,0.0,0.0,2.773624556937597,-23.063436941527673,-6.102321885752137,0.0,-0.5423136944443491,-1.95752948521813,0.0,0.0,0.0,-1.9473874735284633,0,0,0,0,0,0,0.1388541992309239,-2.6086601351507572,5.737622819973504,0.0,0.0,0.0
image_1185.png,surface,0.0,0.0,2.531637894418731,-10.745016851962559,-8.06344277229096,0.0,-2.1702541920602076,-0.768855812227315,0.0,0.0,0.0,0.8984621164454136,0,0,0,0,0,0,-0.8750197831278081,-0.5657930547909404,1.6856811541477443,0.0,0.0,0.0
image_1186.png,surface,0.0,0.0,0.7434780646648746,4.514737495767871,-10.548767439902203,0.0,-0.5106309625497506,0.17870453172070858,0.0,0.0,0.0,-0.7092245855594257,0,0,0,0,0,0,-0.11637588402628585,0.06499272954896522,0.17623759019141289,0.0,0.0,0.0
image_1187.png,surface,0.0,0.0,1.9386781213189006,4.921693209679607,0.037574413919587164,0.0,-1.522102104106184,2.542160202879078,0.0,0.0,0.0,0.21108944044781808,0,0,0,0,0,0,-0.1824989604657648,0.25480642270731574,0.7196613896564973,0.0,0.0,0.0
image_1188.png,surface,0.0,0.0,0.8943790155587454,24.7010181218205,0.9730217639603277,0.0,-0.09312860116065572,2.1639290879871953,0.0,0.0,0.0,-1.3078855854301135,0,0,0,0,0,0,-0.0002526337389281615,0.38960242923259075,0.756264787588908,0.0,0.0,0.0
image_1189.png,surface,0.0,0.0,0.6791789381864874,10.868822089452928,-15.700904149117074,0.0,-2.0288378560266467,0.4545647077594314,0.0,0.0,0.0,-2.3221817733823507,0,0,0,0,0,0,-0.1725457999079901,0.055761764112844475,0.3242857406867082,0.0,0.0,0.0
image_1190.png,surface,0.0,0.0,2.0309545720116318,2.8254600558031835,-24.40931903958028,0.0,-0.005482249768082505,-1.5165299856187398,0.0,0.0,0.0,-1.906093016747018,0,0,0,0,0,0,0.5479625797353193,-0.8451099874607977,2.186838658098876,0.0,0.0,0.0
image_1191.png,surface,0.0,0.0,0.6951313008748086,13.745486569148042,9.549518053617764,0.0,1.5567371247229047,-1.3033303588056442,0.0,0.0,0.0,-0.4245858568072616,0,0,0,0,0,0,0.08806264258640244,-0.055673670373167866,0.2765217898708051,0.0,0.0,0.0
image_1192.png,surface,0.0,0.0,1.6797374646401015,3.7836638114878762,8.590168871919309,0.0,1.4935372930435709,0.2105195500072764,0.0,0.0,0.0,-1.1368900966673914,0,0,0,0,0,0,0.33264558344878187,0.03312481922092606,0.6017587901670308,0.0,0.0,0.0
image_1193.png,surface,0.0,0.0,2.0362819031509405,5.16839220454876,24.394529299828537,0.0,-2.0309224125202463,1.9583397191464307,0.0,0.0,0.0,2.6133820117168973,0,0,0,0,0,0,-1.6025973417911283,0.9031574694977533,3.224823668354262,0.0,0.0,0.0
image_1194.png,surface,0.0,0.0,2.8477566792399505,-7.584119743498505,-4.554378820648579,0.0,-0.5669252038746525,1.7384472621650118,0.0,0.0,0.0,1.6084642892708239,0,0,0,0,0,0,-0.11529229835088287,0.7009886293497483,1.6572996761267005,0.0,0.0,0.0
image_1195.png,surface,0.0,0.0,2.8031804977397403,2.7986869635532,-6.074483230729526,0.0,2.6315211460559143,-0.008044645299134416,0.0,0.0,0.0,2.6360750173773893,0,0,0,0,0,0,1.4043285572122646,0.10592485644873717,2.1464168237057275,0.0,0.0,0.0
image_1196.png,surface,0.0,0.0,2.0186436362210243,-9.070514515524378,-0.7987554206046328,0.0,1.8703332341114187,1.2100104474113176,0.0,0.0,0.0,2.8895432290313563,0,0,0,0,0,0,0.5111708891414046,0.24262274388953203,0.7964320595513427,0.0,0.0,0.0
image_1197.png,surface,0.0,0.0,1.7567812977763169,16.92517306981404,13.451613150918387,0.0,1.9146485758929805,1.325868031222456,0.0,0.0,0.0,-1.9692692049476868,0,0,0,0,0,0,0.495366061558455,0.3910654145522213,0.9595440535344387,0.0,0.0,0.0
image_1198.png,surface,0.0,0.0,2.1259779556329654,8.875453979387736,-1.6866517578973013,0.0,1.133032281966231,-0.8249484544808972,0.0,0.0,0.0,2.171243387216731,0,0,0,0,0,0,0.523670171658377,-0.30894631814861284,0.8551153988426906,0.0,0.0,0.0
image_1199.png,surface,0.0,0.0,2.8124137320775247,7.96329036146056,17.117552683897948,0.0,1.8542622607795738,-2.2599672242398703,0.0,0.0,0.0,1.4662792116154808,0,0,0,0,0,0,0.5155676293327516,-0.6948944302871154,1.7281975460848549,0.0,0.0,0.0
image_1200.png,surface,0.0,0.0,2.977351049710169,10.787993818554316,5.79750691752347,0.0,2.976430569155797,-0.024193817105026265,0.0,0.0,0.0,2.0309939495359144,0,0,0,0,0,0,1.3562292239663214,0.21083506178869812,1.947389196953907,0.0,0.0,0.0
image_1201.png,surface,0.0,0.0,0.5827258322735411,-12.661520518724618,-8.675879501550842,0.0,1.2471652518628402,-1.0380255096063435,0.0,0.0,0.0,1.7638083775945237,0,0,0,0,0,0,0.1266425539227307,-0.10502661492453388,0.26265483640812376,0.0,0.0,0.0
image_1202.png,surface,0.0,0.0,2.923880221909129,-8.940502433032078,-11.776133432481554,0.0,0.6659153365174003,-0.7781208182936348,0.0,0.0,0.0,2.7857221767960905,0,0,0,0,0,0,0.9858255497777254,-0.709926997721943,3.3922319616066337,0.0,0.0,0.0
image_1203.png,surface,0.0,0.0,2.507964948601053,-7.346554566227475,-15.333823038680784,0.0,1.6722234953478854,-0.48130988978614664,0.0,0.0,0.0,-1.5660005992633417,0,0,0,0,0,0,1.4340221528762926,-0.6097864391444766,3.1708966271105004,0.0,0.0,0.0
image_1204.png,surface,0.0,0.0,0.6875120995056903,8.004228039985872,-10.51341121273544,0.0,0.06877349956978972,-1.0384297200535295,0.0,0.0,0.0,2.3321902532150194,0,0,0,0,0,0,0.016409017910386306,-0.12153003319146341,0.20854022284699256,0.0,0.0,0.0
image_1205.png,surface,0.0,0.0,2.5004196960222806,-18.39865765964441,14.554205832024772,0.0,2.460294717211035,1.5406865858903844,0.0,0.0,0.0,2.490542965037747,0,0,0,0,0,0,0.9018933166337997,0.2920606359755861,1.5644067189531818,0.0,0.0,0.0
image_1206.png,surface,0.0,0.0,2.156582275859169,-10.185764024880207,-22.690209673877572,0.0,-0.9548490480579652,1.5959576344648678,0.0,0.0,0.0,-0.4417628628910215,0,0,0,0,0,0,-0.15674858177500842,0.6076485928548233,1.855545751556148,0.0,0.0,0.0
image_1207.png,surface,0.0,0.0,2.7643448533939528,2.5447600848892664,17.71917957413547,0.0,-1.7954082354042389,-0.9149609641040937,0.0,0.0,0.0,0.8134257276929615,0,0,0,0,0,0,-1.4603843313444524,-0.6048437511076177,3.318978272662467,0.0,0.0,0.0
image_1208.png,surface,0.0,0.0,1.6444932041816305,9.854034413197061,14.386571308742985,0.0,0.5130669968282936,0.6954954091086675,0.0,0.0,0.0,-0.5491263066730294,0,0,0,0,0,0,0.21670800374063606,0.3732264322676932,0.7395574533203443,0.0,0.0,0.0
image_1209.png,surface,0.0,0.0,1.7583461574452528,16.27105708429275,-10.387825027249168,0.0,2.5306900414950904,0.7391657266256915,0.0,0.0,0.0,0.05238951412009252,0,0,0,0,0,0,0.5921887029476941,0.21295875015590401,1.371609172742566,0.0,0.0,0.0
image_1210.png,surface,0.0,0.0,2.5932832800267436,-7.050429276696884,-2.7989287684022455,0.0,-2.1781868043019696,-0.07706440257423769,0.0,0.0,0.0,0.747435462813911,0,0,0,0,0,0,-0.9996321357991517,-0.16000812020024216,1.3803625475531485,0.0,0.0,0.0
image_1211.png,surface,0.0,0.0,1.7094694862982178,-2.789030633521078,-13.499990773312545,0.0,0.3170444226813434,-1.7500462664538357,0.0,0.0,0.0,-1.0228527336948154,0,0,0,0,0,0,0.1979126623203736,-0.3824290818589184,0.8977032469007037,0.0,0.0,0.0
image_1212.png,surface,0.0,0.0,1.8159197534508051,6.809443854894221,-20.619092844354313,0.0,-1.5295972388832892,1.9452541108357422,0.0,0.0,0.0,1.5639139398690869,0,0,0,0,0,0,-0.4504033435892048,0.5876245712058149,1.182362102539304,0.0,0.0,0.0
image_1213.png,surface,0.0,0.0,1.1108971974898796,16.72042381201731,9.587244298553639,0.0,1.9885292284379579,0.5607329676281686,0.0,0.0,0.0,1.9554073312884217,0,0,0,0,0,0,0.28119048276707503,0.024705574671826158,0.4325283658316392,0.0,0.0,0.0
image_1214.png,surface,0.0,0.0,1.3260562801603257,-0.9265458735767782,-22.756519119065352,0.0,-1.7426402130440208,-1.8971561022175962,0.0,0.0,0.0,2.6753294184382863,0,0,0,0,0,0,-0.27796711976074995,-0.4134034699702369,0.7762613364227756,0.0,0.0,0.0
image_1215.png,surface,0.0,0.0,1.2191209384572272,10.369903831817759,-10.127399042567903,0.0,1.4006037298752925,-0.12325564983491565,0.0,0.0,0.0,-0.5738151886979344,0,0,0,0,0,0,0.22197830878827723,0.016493979651964183,0.480707655350289,0.0,0.0,0.0
image_1216.png,surface,0.0,0.0,0.6141580446666608,-2.8213739004198923,-14.047375697239056,0.0,2.850014408524195,0.36031365344623106,0.0,0.0,0.0,0.3016023609966063,0,0,0,0,0,0,0.12260345787986611,0.014795028958199619,0.245076630666058,0.0,0.0,0.0
image_1217.png,surface,0.0,0.0,1.9575844744005888,16.19252952515992,-5.071135319210827,0.0,2.146850069179755,2.0943576405721656,0.0,0.0,0.0,1.265684128534292,0,0,0,0,0,0,0.6967577644040694,0.6777161510501628,1.564161088537579,0.0,0.0,0.0
image_1218.png,surface,0.0,0.0,2.606628759606103,9.099937434231197,9.802407789412653,0.0,-0.9795419904992059,0.8687971802978307,0.0,0.0,0.0,1.5587203457134953,0,0,0,0,0,0,-0.6664721535325528,0.5220639516564333,2.1104431328387694,0.0,0.0,0.0
image_1219.png,surface,0.0,0.0,2.425781633745424,-10.759670957599724,7.5900820976872865,0.0,-2.6899581916022455,-0.5553376482413964,0.0,0.0,0.0,2.4314660482221964,0,0,0,0,0,0,-1.18000653783393,-0.4806536015984168,1.796674839947429,0.0,0.0,0.0
image_1220.png,surface,0.0,0.0,1.1164640989144283,-13.716437266676724,-7.819662950002275,0.0,2.877038259679812,-0.20727884926277368,0.0,0.0,0.0,2.0770570945135,0,0,0,0,0,0,0.30404622669011183,-0.09743010297991449,0.48220376788168945,0.0,0.0,0.0
image_1221.png,surface,0.0,0.0,1.9657742225415928,-6.633433073658013,-15.72972122875802,0.0,-0.8209531846888197,-2.743316602498381,0.0,0.0,0.0,-0.4968892827617335,0,0,0,0,0,0,-0.012108156788632196,-0.7435662214584812,1.311704380384538,0.0,0.0,0.0
image_1222.png,surface,0.0,0.0,1.7260766407965542,10.87739049763187,16.717443808589625,0.0,1.9058827960344693,-0.7570529695335896,0.0,0.0,0.0,1.9251756999340799,0,0,0,0,0,0,0.3942060336876173,-0.18431255373604047,0.7261594306510871,0.0,0.0,0.0
image_1223.png,surface,0.0,0.0,2.5413848073539724,-4.530599512130623,-14.40039864197164,0.0,0.47427414174045246,1.9415107729751662,0.0,0.0,0.0,2.977229358170109,0,0,0,0,0,0,0.554123190429183,0.8583712414871271,1.8804660737209669,0.0,0.0,0.0
image_1224.png,surface,0.0,0.0,1.3836998077610767,7.080277436606155,-20.16906217004876,0.0,-1.6495528020201593,0.7668451830202172,0.0,0.0,0.0,-0.24162425708993807,0,0,0,0,0,0,-0.3581402846206227,0.2030293272123468,0.7952932276244553,0.0,0.0,0.0
image_1225.png,surface,0.0,0.0,0.591492377679459,-20.744598949148138,7.008851296404471,0.0,2.2322129816870784,1.096703064520047,0.0,0.0,0.0,1.8379799795065432,0,0,0,0,0,0,0.21410252807168964,0.058212657798849314,0.322142057059627,0.0,0.0,0.0
image_1226.png,surface,0.0,0.0,2.7181895300506325,23.49626804226646,-4.26015703681677,0.0,0.9732594540288159,2.026833677468248,0.0,0.0,0.0,-1.714883910403226,0,0,0,0,0,0,1.2160251083111249,2.3982340800105595,5.872105472516173,0.0,0.0,0.0
image_1227.png,surface,0.0,0.0,2.1757010702052484,-20.55158214012495,5.530779571064832,0.0,-1.0151101657507928,-1.6799223492990796,0.0,0.0,0.0,-0.44644318075621836,0,0,0,0,0,0,-0.564417254345511,-1.6228298371714291,2.951437015788063,0.0,0.0,0.0
image_1228.png,surface,0.0,0.0,0.954646150729445,-10.045400550824782,-2.995084216965154,0.0,1.175028355401482,-0.11377145755601507,0.0,0.0,0.0,-1.7475255893039991,0,0,0,0,0,0,0.20123038250629846,-0.05151124117344478,0.2928361154744045,0.0,0.0,0.0
image_1229.png,surface,0.0,0.0,1.014260394607224,3.6895194876220594,-6.4860029250674405,0.0,-1.1954746075068177,2.3370020225614176,0.0,0.0,0.0,-1.7826030837693907,0,0,0,0,0,0,-0.09060724265560699,0.11239030770000771,0.24433973941924894,0.0,0.0,0.0
image_1230.png,surface,0.0,0.0,1.495499637396025,4.684698710003787,-3.0655322128348876,0.0,2.676304481525205,0.27135314613967876,0.0,0.0,0.0,-0.8699361570933464,0,0,0,0,0,0,0.2329146102818812,-0.02069416331154883,0.43023730395519666,0.0,0.0,0.0
image_1231.png,surface,0.0,0.0,1.6909705845952452,6.307781052079142,11.026355809300048,0.0,-1.2908065612826658,-2.6782143443333326,0.0,0.0,0.0,2.2425454153279194,0,0,0,0,0,0,-0.10377767865973263,-0.33556635855591227,0.6163715668916345,0.0,0.0,0.0
image_1232.png,surface,0.0,0.0,1.325750352973599,11.32975074982472,9.009674548473729,0.0,-2.4771750934025802,0.20406772096265918,0.0,0.0,0.0,2.992064237497508,0,0,0,0,0,0,-0.29011180190922725,0.0290945306307179,0.4537686977699691,0.0,0.0,0.0
image_1233.png,surface,0.0,0.0,1.7891761287439802,14.230916029139452,3.836283732434644,0.0,2.143658252458109,-0.7290133380527665,0.0,0.0,0.0,-1.0511170571639055,0,0,0,0,0,0,0.41082355052711866,-0.13140911685520548,0.7283031142781683,0.0,0.0,0.0
image_1234.png,surface,0.0,0.0,2.731125625493214,1.3285520715071768,-1.6961265893313802,0.0,-0.28396776958907505,-0.6513396142627348,0.0,0.0,0.0,2.224833723200354,0,0,0,0,0,0,-0.09281246125625155,-0.35888760303281947,1.4760623904758767,0.0,0.0,0.0
image_1235.png,surface,0.0,0.0,2.074901768699063,-1.4974780312224552,10.119477882845644,0.0,-1.013191413174493,-1.2690809687900635,0.0,0.0,0.0,-1.2398592428872273,0,0,0,0,0,0,-0.5276179543016289,-0.5701631335199014,1.00423092514397,0.0,0.0,0.0
image_1236.png,surface,0.0,0.0,1.423822875255126,-0.4318981093066997,5.673931273785378,0.0,-0.5840964980854823,1.4153467864806508,0.0,0.0,0.0,-0.537940866478035,0,0,0,0,0,0,-0.11027006137218938,0.16919189256153605,0.3855080052738803,0.0,0.0,0.0
image_1237.png,surface,0.0,0.0,2.6511077004786587,-13.448728564741078,21.057023378189506,0.0,0.9347689693712237,-2.4907938550218436,0.0,0.0,0.0,0.8734944033841954,0,0,0,0,0,0,-0.01078411249424932,-2.0977321760509557,3.97557293661099,0.0,0.0,0.0
image_1238.png,surface,0.0,0.0,2.239307627437952,-15.090984437787096,0.1960851958117686,0.0,0.14825042576953545,2.414721387569568,0.0,0.0,0.0,-1.416736846714887,0,0,0,0,0,0,0.015879400192633175,0.6328827299647087,1.080530431241613,0.0,0.0,0.0
image_1239.png,surface,0.0,0.0,1.9843096206941997,-5.795004758012742,19.97580309617383,0.0,0.7145323910991633,-0.08453807018205176,0.0,0.0,0.0,1.1426011788356565,0,0,0,0,0,0,0.27721834988392663,-0.13657675854873935,1.1465000618612577,0.0,0.0,0.0
image_1240.png,surface,0.0,0.0,1.7912954139208253,-19.086799268006814,-1.1780254131298944,0.0,0.6485442968988857,-0.371872468539419,0.0,0.0,0.0,-0.7559835248410014,0,0,0,0,0,0,0.42884424994066767,-0.5071603786261322,1.4393361773356623,0.0,0.0,0.0
image_1241.png,surface,0.0,0.0,0.7195926245694855,12.728478280138788,-18.02899923710473,0.0,-1.9081652469578232,-1.8081727487868708,0.0,0.0,0.0,1.4232533006585673,0,0,0,0,0,0,-0.19636946586692047,-0.15892267947922586,0.4199208264998683,0.0,0.0,0.0
image_1242.png,surface,0.0,0.0,1.9823378439427868,-7.822911626956662,-21.212218895265753,0.0,0.8616288572305602,0.14339996697731167,0.0,0.0,0.0,-2.3385785014831164,0,0,0,0,0,0,1.0285906585962978,-0.25370997026884007,2.4113359259449547,0.0,0.0,0.0
image_1243.png,surface,0.0,0.0,1.4956481950113907,-1.4730302357789873,-15.56889309382546,0.0,-2.6151915489858095,-0.07502846435284981,0.0,0.0,0.0,1.0340408512270862,0,0,0,0,0,0,-0.36585626688788847,0.011326337958430296,0.6369263666700536,0.0,0.0,0.0
image_1244.png,surface,0.0,0.0,1.87582261057434,-2.72323005416804,16.846151264376804,0.0,-0.7464909765835184,-2.6409380951372032,0.0,0.0,0.0,-1.549369136472277,0,0,0,0,0,0,-0.24002640222170982,-0.6768619563957973,1.1199273169005648,0.0,0.0,0.0
image_1245.png,surface,0.0,0.0,0.8101625521371298,1.2888045578408942,2.003659478573294,0.0,0.31988232638701136,-0.9890023589026004,0.0,0.0,0.0,2.825013386675856,0,0,0,0,0,0,0.04414089737273639,-0.06874615210018961,0.14451107251061127,0.0,0.0,0.0
image_1246.png,surface,0.0,0.0,2.4654438908625638,4.021614780255244,-19.866328242780927,0.0,0.6577312496425732,0.21748111559058136,0.0,0.0,0.0,1.0084927262196857,0,0,0,0,0,0,1.1205889087060041,0.22815492025013143,3.0381088244354877,0.0,0.0,0.0
image_1247.png,surface,0.0,0.0,1.7798901160812601,-3.909027414310326,11.087409803637753,0.0,0.21126482008310515,2.5506854753011936,0.0,0.0,0.0,-0.37318599998855717,0,0,0,0,0,0,-0.001786698852419999,0.39225468003785635,0.7113546156015572,0.0,0.0,0.0
image_1248.png,surface,0.0,0.0,2.577326393718999,-3.3058647197665043,14.806413965654526,0.0,-1.0808171226848098,-1.2873575559436103,0.0,0.0,0.0,2.7265013645214307,0,0,0,0,0,0,-0.7164997214003155,-0.8085259158550675,2.1084937205403924,0.0,0.0,0.0
image_1249.png,surface,0.0,0.0,1.017030649049922,17.427655014745977,-5.0722984661992365,0.0,0.7205776634781661,1.6565473174330678,0.0,0.0,0.0,0.14073474339563763,0,0,0,0,0,0,0.08577980759608712,0.22201982052264838,0.5573845390864499,0.0,0.0,0.0
image_1250.png,surface,0.0,0.0,2.8452104023885134,16.052671398936464,3.8931739274244648,0.0,0.9222968117754593,-1.3425506615262521,0.0,0.0,0.0,-1.6362666725777604,0,0,0,0,0,0,0.555587248602972,-0.4266537122791057,2.0020866245011515,0.0,0.0,0.0
image_1251.png,surface,0.0,0.0,1.9454617333679463,18.86631666021302,-3.9545910475504096,0.0,1.1833631918335026,1.5916521568590059,0.0,0.0,0.0,1.1909898927914409,0,0,0,0,0,0,0.6963803356856704,1.024962795625706,1.918690632396358,0.0,0.0,0.0
image_1252.png,surface,0.0,0.0,0.6892142642192431,-24.43273176514168,-1.5642188192327209,0.0,1.67705346686376,2.0523949875130305,0.0,0.0,0.0,1.8103130776754393,0,0,0,0,0,0,0.21290936631675156,0.23825423826306497,0.4922857799403062,0.0,0.0,0.0
image_1253.png,surface,0.0,0.0,1.2842941763287152,5.667173854282037,20.903373862207154,0.0,-0.9414992638242533,-2.100957680816474,0.0,0.0,0.0,2.310127697651775,0,0,0,0,0,0,-0.14305157183311676,-0.38384487410372203,0.6000215132275835,0.0,0.0,0.0
image_1254.png,surface,0.0,0.0,2.956712268840902,5.529031271664589,22.79797444336485,0.0,-0.9618022721496078,1.5437142167329545,0.0,0.0,0.0,-1.5841505065619321,0,0,0,0,0,0,-1.526811785782641,1.2352551370538973,5.282692960238865,0.0,0.0,0.0
image_1255.png,surface,0.0,0.0,2.0333352984662474,7.822853274334363,17.195774338786133,0.0,2.7678832001237437,0.4122347160028294,0.0,0.0,0.0,1.9222026804806056,0,0,0,0,0,0,0.5433360341549469,0.07048285725381548,0.9217772606335803,0.0,0.0,0.0
image_1256.png,surface,0.0,0.0,1.5493676294838927,22.920351210090498,-7.456224552680186,0.0,-0.2667216561412953,0.07002508048638059,0.0,0.0,0.0,-1.1504296223558514,0,0,0,0,0,0,0.0005387490577145049,0.2980950571434388,1.3670225829821234,0.0,0.0,0.0
image_1257.png,surface,0.0,0.0,2.7892285383744486,-13.28277493163334,17.485095275796272,0.0,-1.5211650631848732,1.1325265355527818,0.0,0.0,0.0,2.319424425847413,0,0,0,0,0,0,-1.2140268667496028,-0.04616426579556905,3.360612628107187,0.0,0.0,0.0
image_1258.png,surface,0.0,0.0,1.4032115456448682,-19.909940577302148,-2.5595275586898363,0.0,1.6040451756268013,-1.163341937258625,0.0,0.0,0.0,2.109498434107411,0,0,0,0,0,0,0.5478256096359003,-0.4618330033574919,1.0722303561980082,0.0,0.0,0.0
image_1259.png,surface,0.0,0.0,2.367864401457684,-0.8430478663398979,11.398435341909341,0.0,-1.6228849385563031,-2.099991482555387,0.0,0.0,0.0,1.1963440247245352,0,0,0,0,0,0,-0.7225872813744891,-0.8800800559074522,1.4835228560988736,0.0,0.0,0.0
image_1260.png,surface,0.0,0.0,0.8656627031789766,-11.459612241531705,-5.665701826301897,0.0,1.3544204421501116,2.3302106645965797,0.0,0.0,0.0,-2.7672304359432047,0,0,0,0,0,0,0.051856879640001984,0.16168347435659322,0.28650331675940227,0.0,0.0,0.0
image_1261.png,surface,0.0,0.0,2.2428992395683705,-0.5740588901301316,-12.770841307515047,0.0,-0.6879099992826108,1.547237907036155,0.0,0.0,0.0,1.0132435055590765,0,0,0,0,0,0,-0.2037293258756971,0.6920817230274388,1.1887931534205478,0.0,0.0,0.0
image_1262.png,surface,0.0,0.0,1.7285993676484903,-0.12573715840542737,-12.36173921298067,0.0,-2.353152667042268,-0.38562202440629506,0.0,0.0,0.0,0.9397028911073053,0,0,0,0,0,0,-0.4029842951703759,-0.057457568601620705,0.712828398095176,0.0,0.0,0.0
image_1263.png,surface,0.0,0.0,1.5615731037442848,-6.133307112230883,9.399198781349225,0.0,-1.0943841634502196,0.6789717608487535,0.0,0.0,0.0,0.08310698130483729,0,0,0,0,0,0,-0.47675639071740494,0.2176261452562739,0.6090875085671148,0.0,0.0,0.0
image_1264.png,surface,0.0,0.0,1.0790229519149046,-9.09498957162187,19.345154200100033,0.0,1.1683405979088253,0.653381852824268,0.0,0.0,0.0,-1.7156128407150428,0,0,0,0,0,0,0.2811265633873463,0.15415617892171965,0.4556756829965601,0.0,0.0,0.0
image_1265.png,surface,0.0,0.0,2.968639628616667,-17.391251972075544,-3.865406384760986,0.0,1.2097209914870242,0.7411612092186384,0.0,0.0,0.0,-1.0075857156308181,0,0,0,0,0,0,0.9811533474975463,-0.1831925047601514,3.29579299443332,0.0,0.0,0.0
image_1266.png,surface,0.0,0.0,0.8090483799681298,7.69275103353234,11.321305802293697,0.0,-1.037146101614403,-2.6922459628423767,0.0,0.0,0.0,2.568880873613777,0,0,0,0,0,0,-0.018545751461321255,-0.14107897788721538,0.25177564200068675,0.0,0.0,0.0
image_1267.png,surface,0.0,0.0,1.0087297491682277,-6.696526930091176,20.050210726074738,0.0,-0.9370246981204265,2.7688640114499843,0.0,0.0,0.0,2.522092043202724,0,0,0,0,0,0,-0.1310986478238259,0.29235795234699474,0.4630892555402161,0.0,0.0,0.0
image_1268.png,surface,0.0,0.0,1.4435283161132644,-8.510063727945566,19.078025080056484,0.0,-1.7055726333307673,-0.42137853960081223,0.0,0.0,0.0,1.6703240457991981,0,0,0,0,0,0,-0.5672023130336963,-0.1411466212944671,0.9568063909023543,0.0,0.0,0.0
image_1269.png,surface,0.0,0.0,0.82780093533771,1.2465569746800107,-19.954230948747533,0.0,1.335874312591801,1.2110227692462086,0.0,0.0,0.0,0.23563174062639547,0,0,0,0,0,0,0.3006097990846906,0.13713835613917805,0.5985432647264091,0.0,0.0,0.0
image_1270.png,surface,0.0,0.0,2.8383111855079677,2.9889542276262144,-21.362980004592487,0.0,-0.9880129853115603,-0.12345016369479732,0.0,0.0,0.0,-1.765760447839717,0,0,0,0,0,0,0.1391981463694646,-0.20593642062167736,2.9122299354502585,0.0,0.0,0.0
image_1271.png,surface,0.0,0.0,2.775953476813803,11.352063294303928,0.494837760080955,0.0,-0.7904782396137371,1.097292210933473,0.0,0.0,0.0,-2.8304337112763758,0,0,0,0,0,0,-0.2912988761041912,0.6805744782821718,2.138011797484546,0.0,0.0,0.0
image_1272.png,surface,0.0,0.0,1.5954819507970095,-19.52117603295607,-5.040036626355643,0.0,1.7457302334819915,1.306034729003644,0.0,0.0,0.0,1.8501806216037133,0,0,0,0,0,0,0.5657230359599716,0.2499927290749829,0.9745141108635568,0.0,0.0,0.0
image_1273.png,surface,0.0,0.0,1.731001738434453,14.525168360142708,-10.499372170567915,0.0,0.6263954679801117,0.12207755093097179,0.0,0.0,0.0,-0.9751963509487673,0,0,0,0,0,0,0.47760560533380186,0.2352496124990925,1.1524264538886266,0.0,0.0,0.0
image_1274.png,surface,0.0,0.0,0.6552264937130146,15.453718436495345,19.092164047107463,0.0,0.0588975694874233,-0.43504964560247483,0.0,0.0,0.0,-2.758733603901438,0,0,0,0,0,0,0.056285579521213616,-0.11231794498527345,0.3416361800433965,0.0,0.0,0.0
image_1275.png,surface,0.0,0.0,2.5984321654182843,13.219635327108938,-3.2729007840920143,0.0,2.620430160937947,-0.5972531876642944,0.0,0.0,0.0,-0.9263297459324109,0,0,0,0,0,0,1.374659311788134,-0.1404701872219497,1.9855623965423987,0.0,0.0,0.0
image_1276.png,surface,0.0,0.0,2.4512188449319785,2.2703601100298654,3.9511584116213903,0.0,-1.76185509751316,1.6802186832954773,0.0,0.0,0.0,2.675586207708994,0,0,0,0,0,0,-0.7483224411653103,0.6093805787009663,1.2617453868546555,0.0,0.0,0.0
image_1277.png,surface,0.0,0.0,1.4832223629948054,-5.535036948509867,12.33860735322547,0.0,-0.25583304165282483,0.9085923127101307,0.0,0.0,0.0,0.06565408673160711,0,0,0,0,0,0,-0.14626732538947423,0.37903118047138895,0.5325580030803162,0.0,0.0,0.0
image_1278.png,surface,0.0,0.0,1.6927181611122997,-9.808669254975099,17.378127039638265,0.0,-0.3412717792356398,0.6531785135262217,0.0,0.0,0.0,-0.5211902455115478,0,0,0,0,0,0,-0.2634026325225384,0.2725478726372014,1.0484845940205274,0.0,0.0,0.0
image_1279.png,surface,0.0,0.0,2.1484044919092833,5.212007773985248,-22.729762387214002,0.0,0.2655271937864889,-2.520923024786793,0.0,0.0,0.0,-1.4733746812483224,0,0,0,0,0,0,0.6982203006878644,-1.1379902098358767,2.1340906428500106,0.0,0.0,0.0
image_1280.png,surface,0.0,0.0,1.6639475920337794,4.394807560854737,-7.716344831558539,0.0,-1.9625639647381294,1.6389705071310758,0.0,0.0,0.0,-1.9774878089811156,0,0,0,0,0,0,-0.28957153096151944,0.22546491498500407,0.5554016317313996,0.0,0.0,0.0
image_1281.png,surface,0.0,0.0,1.1829759851256503,0.11101503345986384,-13.633954754527165,0.0,2.478372189622598,-0.20636312573012494,0.0,0.0,0.0,1.698007377062285,0,0,0,0,0,0,0.3357593703755717,-0.06109615467076645,0.5136667911166627,0.0,0.0,0.0
image_1282.png,surface,0.0,0.0,1.2437136076707043,23.126113753737073,9.667747253444603,0.0,-1.4096263709173416,1.004780174304408,0.0,0.0,0.0,1.180339794689961,0,0,0,0,0,0,-0.3779735550164815,0.37421748683905603,1.0776788854168393,0.0,0.0,0.0
image_1283.png,surface,0.0,0.0,1.7932825200511313,22.348302893071175,8.02648903775332,0.0,-2.475993520518454,0.9741043720467545,0.0,0.0,0.0,-0.4151683199251197,0,0,0,0,0,0,-1.3077220242021097,0.7891059655638419,2.0906542533562775,0.0,0.0,0.0
image_1284.png,surface,0.0,0.0,2.986327576949626,3.5679731435903226,-8.839142713561216,0.0,-1.204845098192593,1.7750292350660277,0.0,0.0,0.0,2.866311403687294,0,0,0,0,0,0,-0.36442416840396363,0.8618399324868963,2.2059710344705774,0.0,0.0,0.0
image_1285.png,surface,0.0,0.0,1.724814196856767,-11.355757066032549,-0.4211684489886838,0.0,0.3753093391294967,2.861790713010089,0.0,0.0,0.0,1.9484121724072025,0,0,0,0,0,0,0.020839239681591484,0.37299046689355947,0.5964062801106623,0.0,0.0,0.0
image_1286.png,surface,0.0,0.0,0.6394935498660992,-6.839539691183356,13.056519399238365,0.0,0.41940270600879187,-0.5600985342749804,0.0,0.0,0.0,1.073302547353851,0,0,0,0,0,0,0.10358896430053346,-0.15760127338407584,0.20504333893031654,0.0,0.0,0.0
image_1287.png,surface,0.0,0.0,2.846738540678235,-7.488610598697974,-6.281323515356306,0.0,-1.524572784890105,-1.1650931784395113,0.0,0.0,0.0,2.373974440150314,0,0,0,0,0,0,-0.5546923772867683,-0.7641172324430551,2.0074078725046225,0.0,0.0,0.0
image_1288.png,surface,0.0,0.0,1.2649272402295473,-0.08495764220373542,-24.141353790740954,0.0,-0.47588829502858565,-2.492626812191859,0.0,0.0,0.0,-1.3010873114668524,0,0,0,0,0,0,0.05609077760204004,-0.5758703493689545,1.021626024576222,0.0,0.0,0.0
image_1289.png,surface,0.0,0.0,0.5995634418352798,-15.450008452983658,-8.191713233094225,0.0,2.3447464200494124,1.3009841986451331,0.0,0.0,0.0,-0.282740895970357,0,0,0,0,0,0,0.16864671774453183,0.0296860171685471,0.3127143151080263,0.0,0.0,0.0
image_1290.png,surface,0.0,0.0,0.6807144034894597,0.45804686014487805,1.1530181899952068,0.0,0.9731498761063113,-0.5827906514139692,0.0,0.0,0.0,2.17934139780729,0,0,0,0,0,0,0.05505284862644342,-0.016729945026098203,0.11252999239909357,0.0,0.0,0.0
image_1291.png,surface,0.0,0.0,0.927836510273947,1.924933871659217,-4.181173447778147,0.0,1.4269776171951696,0.7442587301196739,0.0,0.0,0.0,-0.867153498546207,0,0,0,0,0,0,0.10352808870079164,0.05906213314573151,0.2168068028339247,0.0,0.0,0.0
image_1292.png,surface,0.0,0.0,2.0853910175635892,-3.007922869950015,-9.784692163889634,0.0,-1.6137295588587757,0.767169296147079,0.0,0.0,0.0,-1.6443767444791204,0,0,0,0,0,0,-0.6443256103465075,0.24729328519489033,0.8247018873834759,0.0,0.0,0.0
image_1293.png,surface,0.0,0.0,1.4199652061425603,17.611930274668037,-16.164578196671023,0.0,-2.219170577750804,-0.7156768724054366,0.0,0.0,0.0,0.7253398806041034,0,0,0,0,0,0,-0.49689099533198566,-0.0944097461909997,0.9536578555750782,0.0,0.0,0.0
image_1294.png,surface,0.0,0.0,2.7932501028088494,-5.6529183767638695,-6.650803730085518,0.0,0.34859724461881547,1.0675390209962163,0.0,0.0,0.0,-0.013591312843137082,0,0,0,0,0,0,0.43088967009198986,0.4407125292700075,2.07452526706627,0.0,0.0,0.0
image_1295.png,surface,0.0,0.0,2.483183910864747,-14.759793763254198,-1.8784571708581133,0.0,2.051675539530641,0.4418736064326435,0.0,0.0,0.0,2.2753955188144523,0,0,0,0,0,0,1.1579726145074072,-2.3596537413433927e-05,1.803695403826119,0.0,0.0,0.0
image_1296.png,surface,0.0,0.0,1.3020920988533762,-10.987458580966626,3.672081616476376,0.0,-0.7933454075529692,0.30044897678455273,0.0,0.0,0.0,-2.840411100146456,0,0,0,0,0,0,-0.3059546767420152,0.0821285350185738,0.3929506068666529,0.0,0.0,0.0
image_1297.png,surface,0.0,0.0,2.965289505767431,20.512401464525883,9.91342251907314,0.0,1.8564566614175608,1.1134459413474733,0.0,0.0,0.0,-2.228402899577465,0,0,0,0,0,0,0.9717937240372547,1.4605391452520646,4.1966202136197355,0.0,0.0,0.0
image_1298.png,surface,0.0,0.0,2.166246995746038,-6.886888673504248,22.847257495809373,0.0,0.5802060063698155,2.5820949191202587,0.0,0.0,0.0,-0.9588491205434222,0,0,0,0,0,0,0.036974317393139944,0.8857904179614937,1.5409534802706453,0.0,0.0,0.0
image_1299.png,surface,0.0,0.0,0.5435968986279576,-11.155990497578482,19.86890206451971,0.0,-2.082059282257958,2.0221458407666617,0.0,0.0,0.0,2.3712107140900516,0,0,0,0,0,0,-0.16464414706151215,0.15042792601040308,0.3038537561160906,0.0,0.0,0.0
image_1300.png,surface,0.0,0.0,1.657720622989182,15.8726711690344,-5.869216725863793,0.0,-2.8322933935790737,-0.38169594413361185,0.0,0.0,0.0,2.8746365883819767,0,0,0,0,0,0,-0.45159041778416864,0.05896774699607794,0.7604472036654951,0.0,0.0,0.0
image_1301.png,surface,0.0,0.0,2.7758096870529334,8.676293664299761,-7.769125480291674,0.0,0.3152260382582424,0.8565691668510493,0.0,0.0,0.0,-0.6902435167816412,0,0,0,0,0,0,0.48484067036310824,0.6123065493402272,2.423206574029918,0.0,0.0,0.0
image_1302.png,surface,0.0,0.0,1.2399008688665376,6.550344711386465,-8.69040610163344,0.0,-0.4288039374664486,0.498982862568126,0.0,0.0,0.0,0.416762244977015,0,0,0,0,0,0,-0.18240764706615217,0.24717058320034066,0.3906729430128791,0.0,0.0,0.0
image_1303.png,surface,0.0,0.0,2.817165974887088,18.547739993419416,-7.402707342608449,0.0,2.1075701925187933,0.8704569782953283,0.0,0.0,0.0,-2.291521842309991,0,0,0,0,0,0,1.7592348255966075,1.1873164116448403,4.6688625516468365,0.0,0.0,0.0
image_1304.png,surface,0.0,0.0,2.03840788560823,3.0046412023051836,-17.307960639010226,0.0,-0.282662679050579,-1.122938471221536,0.0,0.0,0.0,-1.7562745870312524,0,0,0,0,0,0,0.05929892170842986,-0.6069737318847999,1.2883940539438077,0.0,0.0,0.0
image_1305.png,surface,0.0,0.0,1.9576091038214458,-13.312092924498023,-13.13599794273923,0.0,1.5977706234207723,-1.7470090705478714,0.0,0.0,0.0,-0.9644673744384047,0,0,0,0,0,0,1.17696580162683,-1.2414468684711721,2.418195713551613,0.0,0.0,0.0
image_1306.png,surface,0.0,0.0,1.4145677581726643,0.269047854945119,-23.176581590351645,0.0,0.5517341610301568,2.8482416597358062,0.0,0.0,0.0,2.3958442671851925,0,0,0,0,0,0,0.12983852290917197,0.5857399944177312,1.0466401328997266,0.0,0.0,0.0
image_1307.png,surface,0.0,0.0,2.8923090266646563,15.754619546171613,-18.842623248221425,0.0,-1.5692406058865256,0.8039486130336029,0.0,0.0,0.0,1.896833886724889,0,0,0,0,0,0,-0.24984259268006578,1.0417226295991955,3.790412263321852,0.0,0.0,0.0
image_1308.png,surface,0.0,0.0,1.5765404255552355,21.626307606001834,10.09675296719997,0.0,1.805351955722193,-0.10468422249170597,0.0,0.0,0.0,-2.4785175762180525,0,0,0,0,0,0,0.5411140747643729,0.005579794547021134,0.8763959248490273,0.0,0.0,0.0
image_1309.png,surface,0.0,0.0,2.0859655993821082,12.103945152251882,1.1354121262513077,0.0,2.2452060800893316,1.8626640658825915,0.0,0.0,0.0,0.6654207078156689,0,0,0,0,0,0,0.6315873911005486,0.46388432900996296,1.1552534366718394,0.0,0.0,0.0
image_1310.png,surface,0.0,0.0,2.092713422816513,-16.04107053998827,1.6183272319223565,0.0,1.668657959024423,1.2941714255844046,0.0,0.0,0.0,-2.0545371915327384,0,0,0,0,0,0,0.6723131673277731,0.3984275342252009,1.0496457559851966,0.0,0.0,0.0
image_1311.png,surface,0.0,0.0,2.108483463395795,6.52328214864129,17.6332364798605,0.0,1.577341209079908,-1.4511611255328403,0.0,0.0,0.0,1.151249177680449,0,0,0,0,0,0,0.4166934802322162,-0.43268970654945293,0.9929140619960036,0.0,0.0,0.0
image_1312.png,surface,0.0,0.0,1.265106945569746,-16.367287722495355,-6.010823497901613,0.0,0.6362572903434229,2.7259213426933817,0.0,0.0,0.0,-1.8984741232849294,0,0,0,0,0,0,0.015240206395344921,0.33509442780764453,0.5370150786216227,0.0,0.0,0.0
image_1313.png,surface,0.0,0.0,2.6618537030853706,12.569904612335836,0.16300681792525806,0.0,-0.8410192620064724,-2.0438322030120144,0.0,0.0,0.0,-2.4783535027453056,0,0,0,0,0,0,-0.3206561340796455,-0.7931661431014413,1.3006666427088478,0.0,0.0,0.0
image_1314.png,surface,0.0,0.0,1.9840088512614629,9.992239786932538,-7.406740490630418,0.0,-0.3460179512812925,0.7896179959887608,0.0,0.0,0.0,-2.849082937500934,0,0,0,0,0,0,-0.03638991163561907,0.3373596953993305,0.9507281546180675,0.0,0.0,0.0
image_1315.png,surface,0.0,0.0,1.4711139547703027,-9.756690239166797,-8.853227638735467,0.0,-2.119233981612474,0.3541417516489518,0.0,0.0,0.0,0.9703477712715562,0,0,0,0,0,0,-0.3710839590157104,0.08197909028162233,0.5823830163835064,0.0,0.0,0.0
image_1316.png,surface,0.0,0.0,1.3056858989205027,-14.06028868195892,-12.546897147228133,0.0,-0.5406225940406388,-1.3961712739220307,0.0,0.0,0.0,-2.7231793129188846,0,0,0,0,0,0,-0.14697804801645906,-0.5857163978803179,0.8144032739583728,0.0,0.0,0.0
image_1317.png,surface,0.0,0.0,0.7842118525064898,4.154856047451619,18.136725702271843,0.0,-0.4534166860008729,-2.957699637552528,0.0,0.0,0.0,-0.5645089666994645,0,0,0,0,0,0,-0.026763957426456247,-0.19700119845447117,0.2980702763305278,0.0,0.0,0.0
image_1318.png,surface,0.0,0.0,2.025606229621594,17.845982838194715,11.710581323967862,0.0,1.197898907306003,-1.3186889440442686,0.0,0.0,0.0,-1.7799626200412249,0,0,0,0,0,0,0.5089717581007345,-0.4659041926125499,0.990937853652288,0.0,0.0,0.0
image_1319.png,surface,0.0,0.0,2.4565186073407683,10.751922499381445,-5.733992302116945,0.0,1.6535773964870202,2.4308882046825935,0.0,0.0,0.0,-0.09825945195601182,0,0,0,0,0,0,1.0377524363574306,1.2752748645070178,2.417682122682628,0.0,0.0,0.0
image_1320.png,surface,0.0,0.0,1.556164485645172,15.648399574145289,18.57226555790125,0.0,1.058139745656737,0.7053202574522883,0.0,0.0,0.0,-2.4920102710927114,0,0,0,0,0,0,0.40971713650181296,0.41214184176986696,0.9803869108002481,0.0,0.0,0.0
image_1321.png,surface,0.0,0.0,2.789152122487518,11.394534167857914,-1.0618968497250172,0.0,0.02202598814357028,-2.343116704325939,0.0,0.0,0.0,0.3266055466289508,0,0,0,0,0,0,0.07167188735593871,-1.001822457935636,1.6237197653099844,0.0,0.0,0.0
image_1322.png,surface,0.0,0.0,0.8138391256890671,-20.553582480192095,1.907330439261941,0.0,0.5637338850751754,-1.011282031122071,0.0,0.0,0.0,-2.2938234605498087,0,0,0,0,0,0,0.13120213634338712,-0.3752966351500955,0.5665219905468833,0.0,0.0,0.0
image_1323.png,surface,0.0,0.0,1.7197232354851042,-14.567010720897352,12.976085704901811,0.0,-1.4837865685105724,0.07489943072991499,0.0,0.0,0.0,0.6532771370648529,0,0,0,0,0,0,-0.8094567622059541,-0.21950600273687465,1.3524611653444185,0.0,0.0,0.0
image_1324.png,surface,0.0,0.0,2.106064517688914,7.059033235415952,-3.317369143968428,0.0,-0.2877940803910368,1.7740980241285509,0.0,0.0,0.0,-1.7797196621687077,0,0,0,0,0,0,-0.05501175759661759,0.7755945882409315,1.0298256144498081,0.0,0.0,0.0
image_1325.png,surface,0.0,0.0,1.9240102783966053,9.459283311117343,5.452743069303266,0.0,-0.2476250206158238,-1.6233389390566793,0.0,0.0,0.0,-0.8913507717085851,0,0,0,0,0,0,-0.04363562989487981,-0.4469892082219714,0.7028468712065784,0.0,0.0,0.0
image_1326.png,surface,0.0,0.0,2.72373577528379,-21.02303597462998,-8.411611256382665,0.0,-1.3645443815498128,-2.6353698166916772,0.0,0.0,0.0,-2.784732955004515,0,0,0,0,0,0,-0.21612359798311542,-2.6105242616064177,5.148824383735203,0.0,0.0,0.0
image_1327.png,surface,0.0,0.0,2.2100836392050147,10.11275367825911,-22.00518468030076,0.0,0.3203015618820569,-1.3547659611728171,0.0,0.0,0.0,2.567160305731134,0,0,0,0,0,0,0.5928887723447238,-0.47025539411158,2.171984716966226,0.0,0.0,0.0
image_1328.png,surface,0.0,0.0,2.562582827483514,0.6240389074681546,-16.328689865042932,0.0,-0.8672279297585548,0.25437138285330013,0.0,0.0,0.0,-2.282106609317359,0,0,0,0,0,0,-0.1959463804487154,-0.0600484684096116,1.790297381156863,0.0,0.0,0.0
image_1329.png,surface,0.0,0.0,2.155314776805863,8.168219661962791,22.748591344540802,0.0,2.280050802065792,-0.38310080310218353,0.0,0.0,0.0,-2.327522355519603,0,0,0,0,0,0,0.6504618708004756,-0.09626600713418691,1.1518101448458409,0.0,0.0,0.0
image_1330.png,surface,0.0,0.0,1.3606086804113502,1.0096984189780025,-0.20136514397866107,0.0,-2.233007594412317,-1.9101576736053758,0.0,0.0,0.0,2.2807494673029005,0,0,0,0,0,0,-0.18941138481643943,-0.1340047359706791,0.3116246092642599,0.0,0.0,0.0
image_1331.png,surface,0.0,0.0,1.1814594912109784,5.378951532796612,-17.692800914983348,0.0,2.3862818693815138,0.21959995269075275,0.0,0.0,0.0,-0.6105141022649119,0,0,0,0,0,0,0.39614492153939174,-0.05292703341824855,0.7346448450082835,0.0,0.0,0.0
image_1332.png,surface,0.0,0.0,1.3749033572811467,22.78488290448405,1.8806245608373502,0.0,0.9200283557574834,1.547541071627002,0.0,0.0,0.0,2.8975308242467337,0,0,0,0,0,0,0.17195226281050843,0.6382627404949638,1.1231026482731783,0.0,0.0,0.0
image_1333.png,surface,0.0,0.0,1.5204453605398258,12.669354277946603,14.663675767952482,0.0,1.3974308723848856,-2.644805242673638,0.0,0.0,0.0,-1.163410559550629,0,0,0,0,0,0,0.20351473938660739,-0.33384223822224046,0.5628375343128377,0.0,0.0,0.0
image_1334.png,surface,0.0,0.0,2.5670186837620994,-22.98703837614252,-2.16613863541068,0.0,1.029625848576214,-1.1353702786683655,0.0,0.0,0.0,0.9353119487239065,0,0,0,0,0,0,1.1071019195832215,-1.835267890401745,4.624850047178323,0.0,0.0,0.0
image_1335.png,surface,0.0,0.0,2.277340126926113,9.364017111313427,-5.193907109659247,0.0,1.0197526629687206,-1.3624665346110592,0.0,0.0,0.0,-2.767211058527467,0,0,0,0,0,0,0.5239014989373962,-0.5712485742409176,1.098014850824994,0.0,0.0,0.0
image_1336.png,surface,0.0,0.0,2.567105911100112,-12.717835155692356,0.11349870791884302,0.0,-1.8961775335211573,-0.921295435498433,0.0,0.0,0.0,2.625005338490798,0,0,0,0,0,0,-0.7565162968905488,-0.7434482387714145,1.8769825878269588,0.0,0.0,0.0
image_1337.png,surface,0.0,0.0,2.8128409903020226,1.0792559136642754,7.488065579607809,0.0,-1.5275133484137713,1.8784880676289175,0.0,0.0,0.0,-0.3605720455784418,0,0,0,0,0,0,-0.9028977640295385,0.8856016456621869,2.080900492853056,0.0,0.0,0.0
image_1338.png,surface,0.0,0.0,2.536992896999047,1.6066272255125253,7.543014108659549,0.0,-0.8571753130382005,-0.9545636126668927,0.0,0.0,0.0,-2.446884165117287,0,0,0,0,0,0,-0.48870627094670865,-0.46152467526862356,1.285258916639201,0.0,0.0,0.0
image_1339.png,surface,0.0,0.0,2.9056939370726123,9.519725759098304,18.738391126815667,0.0,-0.9930449340930695,-1.3061332283094833,0.0,0.0,0.0,1.4621392810946956,0,0,0,0,0,0,-1.0965004338881963,-0.5716371305569913,3.54657718275648,0.0,0.0,0.0
image_1340.png,surface,0.0,0.0,2.874653598886241,7.126765657626492,-1.8478641287396207,0.0,1.894252424683376,-1.647667517094612,0.0,0.0,0.0,1.518150182904293,0,0,0,0,0,0,0.9932006286864371,-0.7149514870885022,1.779578963021457,0.0,0.0,0.0
image_1341.png,surface,0.0,0.0,1.3024044606412133,-20.130518335104014,7.5276888942721385,0.0,2.9278965427557004,-0.6287731544717323,0.0,0.0,0.0,0.2969637721139029,0,0,0,0,0,0,0.5082914732736198,-0.23329896540625203,0.855126563861581,0.0,0.0,0.0
image_1342.png,surface,0.0,0.0,1.480767648203357,13.131678716119202,-17.29538573886097,0.0,2.092022225768464,1.1508339926917077,0.0,0.0,0.0,0.2650501828807563,0,0,0,0,0,0,0.597815130253824,0.2353660220836655,1.3048356607627651,0.0,0.0,0.0
image_1343.png,surface,0.0,0.0,1.9380144860818276,5.9103650404173385,-1.649420636132526,0.0,1.9513864258682048,-0.4275268811693476,0.0,0.0,0.0,2.313538180767015,0,0,0,0,0,0,0.4393178968762339,-0.11024302279538878,0.6775915984750288,0.0,0.0,0.0
image_1344.png,surface,0.0,0.0,2.226365490762877,-8.403781809136948,1.0679921559103043,0.0,-0.9456027259579114,-1.0285171398824984,0.0,0.0,0.0,-1.0264018116401548,0,0,0,0,0,0,-0.47716730101566174,-0.635693864121892,1.2211158831101312,0.0,0.0,0.0
image_1345.png,surface,0.0,0.0,1.661764176996771,12.622220681580258,-5.573612978158684,0.0,-0.9002889484764736,-2.680559001804257,0.0,0.0,0.0,-2.547821265116704,0,0,0,0,0,0,-0.041638910223350666,-0.3150845640810845,0.586284073984038,0.0,0.0,0.0
image_1346.png,surface,0.0,0.0,2.469422571310163,-6.246832418075048,-0.8093213938346123,0.0,0.7054240780852439,0.9432240840629686,0.0,0.0,0.0,-0.4907693033854157,0,0,0,0,0,0,0.41925634298134357,0.3858899073462163,1.221551318846882,0.0,0.0,0.0
image_1347.png,surface,0.0,0.0,2.0800170321278686,22.29837307453217,-3.4689844688953304,0.0,2.0997464805549364,1.368002226240013,0.0,0.0,0.0,-2.3026532621302698,0,0,0,0,0,0,1.1971095375813723,1.050182774813145,2.645613750339591,0.0,0.0,0.0
image_1348.png,surface,0.0,0.0,1.9896756974392504,-16.73773258778317,-2.5548289930108155,0.0,0.06502807855135173,2.1810161813818816,0.0,0.0,0.0,2.8097100278839227,0,0,0,0,0,0,0.0695884199547776,0.5702103265947278,0.9137317480206911,0.0,0.0,0.0
image_1349.png,surface,0.0,0.0,0.8634877974788481,-2.2860626416815863,-0.9779162805795407,0.0,0.1793220708710387,-2.6038941825688253,0.0,0.0,0.0,0.3162482043092707,0,0,0,0,0,0,0.02253462513439896,-0.06496126749908075,0.16612208307612344,0.0,0.0,0.0
image_1350.png,surface,0.0,0.0,0.9282860768249073,-10.617042466040546,19.153619596297546,0.0,-1.065820544220046,2.5032778140547394,0.0,0.0,0.0,2.837765188714936,0,0,0,0,0,0,-0.147328082714974,0.27784922804274453,0.44047785928206584,0.0,0.0,0.0
image_1351.png,surface,0.0,0.0,1.2832180726539815,1.6943440274302486,-15.953875825617313,0.0,0.3260159736475691,0.37642786337452383,0.0,0.0,0.0,2.2364117777384473,0,0,0,0,0,0,0.2100177753290189,0.23485633687553606,0.6020267506204161,0.0,0.0,0.0
image_1352.png,surface,0.0,0.0,2.9061875101376407,-16.313181459195356,2.5063248227239647,0.0,-0.0959445559235836,-0.14351253809729175,0.0,0.0,0.0,1.3281246774670494,0,0,0,0,0,0,0.08263101719944557,-0.6530813659905768,3.0339688354306884,0.0,0.0,0.0
image_1353.png,surface,0.0,0.0,0.6905258700221621,-17.52591172718771,15.35251836457804,0.0,1.8100299181943202,-0.9352002214092544,0.0,0.0,0.0,-0.6112710042775538,0,0,0,0,0,0,0.2897374169708156,-0.23976441665752263,0.43955339571788643,0.0,0.0,0.0
image_1354.png,surface,0.0,0.0,2.9006280942904707,-3.498984631634404,-16.396987352470173,0.0,1.2010103355226347,1.1780400415626187,0.0,0.0,0.0,-0.2527360825402587,0,0,0,0,0,0,1.6080989741177876,0.45100061958224874,3.9241334615761576,0.0,0.0,0.0
image_1355.png,surface,0.0,0.0,1.6927680785400405,7.924402670196551,20.944608751322278,0.0,-1.310986596941452,-1.2069812963807438,0.0,0.0,0.0,-1.6326999124999308,0,0,0,0,0,0,-0.7049394450093587,-0.3882023680127291,1.218009774854642,0.0,0.0,0.0
image_1356.png,surface,0.0,0.0,1.5899031329870754,15.708273232385144,1.3496198142445253,0.0,0.5740916667374766,-0.5669115835696055,0.0,0.0,0.0,0.6248870696146795,0,0,0,0,0,0,0.2865779733442194,-0.21130699253696628,0.7120915068483668,0.0,0.0,0.0
image_1357.png,surface,0.0,0.0,2.617199659759792,-0.4918539575652035,-6.9706009961898765,0.0,2.317083841866289,-1.1902451794889632,0.0,0.0,0.0,1.701093838911782,0,0,0,0,0,0,1.2524089323867698,-0.6577440417834635,1.9589114964494674,0.0,0.0,0.0
image_1358.png,surface,0.0,0.0,2.578690370027597,-14.674821856221909,-0.6937927910974828,0.0,-2.346174605589992,0.9903216526812606,0.0,0.0,0.0,1.344408663992052,0,0,0,0,0,0,-1.120756316605294,0.17095691356005813,1.59866769592225,0.0,0.0,0.0
image_1359.png,surface,0.0,0.0,0.8349600220798443,-6.337905753797205,-0.2608003655628711,0.0,0.5098980052213997,2.3391630643858186,0.0,0.0,0.0,-1.1387035135411891,0,0,0,0,0,0,0.004812216159584664,0.08964324563349353,0.18575911830169864,0.0,0.0,0.0
image_1360.png,surface,0.0,0.0,2.5293609997434108,-10.035909330310634,-5.258002348552265,0.0,-0.36517027325499496,1.2470619310387179,0.0,0.0,0.0,1.0266235519870053,0,0,0,0,0,0,-0.06121650310029455,0.5081986262723214,1.3886916516458705,0.0,0.0,0.0
image_1361.png,surface,0.0,0.0,1.776758406254392,-8.37962608197752,-20.149212932892098,0.0,1.627096490537272,-2.0952853721524125,0.0,0.0,0.0,0.7613011700824952,0,0,0,0,0,0,1.2967781132585376,-1.1914694022295982,2.5983455263624515,0.0,0.0,0.0
image_1362.png,surface,0.0,0.0,1.3078177370926163,5.732502233117653,10.770687480788876,0.0,2.0190111716013144,-1.2228730842990785,0.0,0.0,0.0,0.8832468173041974,0,0,0,0,0,0,0.21133573206342768,-0.1259913518650896,0.4110602675079328,0.0,0.0,0.0
image_1363.png,surface,0.0,0.0,0.7709480728877189,-6.564612814440526,-4.317421487468294,0.0,-1.3828062069091744,1.258026297403298,0.0,0.0,0.0,-1.4055518130496232,0,0,0,0,0,0,-0.09997904123584794,0.053870894914784355,0.16484927092254412,0.0,0.0,0.0
image_1364.png,surface,0.0,0.0,1.980569346123934,11.648694335884446,8.662452266029499,0.0,-1.3872968730835775,-0.8434877892437014,0.0,0.0,0.0,0.7212360074265032,0,0,0,0,0,0,-0.638381108031727,-0.29244604608667185,1.002848695805258,0.0,0.0,0.0
image_1365.png,surface,0.0,0.0,2.4508287644925364,-5.841503531139758,17.969870973168092,0.0,1.2308547656326985,2.6485507171956035,0.0,0.0,0.0,-1.7938266782188417,0,0,0,0,0,0,0.23221606277484466,0.8091488644427817,1.4487817833174896,0.0,0.0,0.0
image_1366.png,surface,0.0,0.0,2.7141862890791013,1.4140191490437843,-12.474722532081067,0.0,-1.345629144736469,0.8307888565302008,0.0,0.0,0.0,-0.5956335122984964,0,0,0,0,0,0,-0.533845528155209,0.3610034258875541,1.7754255759939856,0.0,0.0,0.0
image_1367.png,surface,0.0,0.0,2.9290477570156295,11.94178457187762,-18.511013301585287,0.0,-1.1254997466859824,1.8665012529953977,0.0,0.0,0.0,0.32843122025986204,0,0,0,0,0,0,0.18663545746821616,1.511546993627356,4.391009891524214,0.0,0.0,0.0
image_1368.png,surface,0.0,0.0,0.8079713027801878,6.524936571079154,24.083326738333216,0.0,0.76527256190102,2.2584658962593296,0.0,0.0,0.0,0.9654217672832077,0,0,0,0,0,0,0.04710858286014628,0.305620779475818,0.47962241551407925,0.0,0.0,0.0
image_1369.png,surface,0.0,0.0,1.4919600009043152,-4.682602130223055,-19.544702601719003,0.0,1.44924702458598,0.05698933126845134,0.0,0.0,0.0,0.43380857004678486,0,0,0,0,0,0,0.5810149866150972,-0.06473788694490058,1.3297403519011366,0.0,0.0,0.0
image_1370.png,surface,0.0,0.0,0.6216911491728427,13.835624733480723,-15.428390761264083,0.0,0.1451051667760204,-1.5053955003549686,0.0,0.0,0.0,-1.4924831795965974,0,0,0,0,0,0,0.07947918302281697,-0.17719583805216008,0.3538909047782109,0.0,0.0,0.0
image_1371.png,surface,0.0,0.0,2.0893599584876883,3.754203562724222,9.21916293818804,0.0,-0.3552800661588088,2.3478887300011295,0.0,0.0,0.0,1.8036870001942678,0,0,0,0,0,0,-0.11417066542564133,0.5418944816986518,1.0012342340736118,0.0,0.0,0.0
image_1372.png,surface,0.0,0.0,2.7191740241109166,-21.753960257086266,-6.759903525214489,0.0,0.7513402428336791,1.4691930280659804,0.0,0.0,0.0,-2.912103999018276,0,0,0,0,0,0,0.5352395793892953,0.24170877134038624,2.5756090818927206,0.0,0.0,0.0
image_1373.png,surface,0.0,0.0,2.218157672203275,-4.836662211101999,-3.2765559320104587,0.0,-1.8938256995498675,-0.9663055957103657,0.0,0.0,0.0,-2.998301300853603,0,0,0,0,0,0,-0.5777946673887587,-0.33051669954944585,0.909404186698522,0.0,0.0,0.0
image_1374.png,surface,0.0,0.0,1.4717728399593577,5.943483979058547,23.176395431735386,0.0,0.893678435749338,-2.3617687194340244,0.0,0.0,0.0,-1.8597592623853834,0,0,0,0,0,0,0.18371342868061274,-0.41900371484968296,0.7416341468340791,0.0,0.0,0.0
image_1375.png,surface,0.0,0.0,2.3998096399721556,5.25147508852933,13.23003379559637,0.0,-2.048066732660707,-1.5815048352950123,0.0,0.0,0.0,-2.036598947319811,0,0,0,0,0,0,-0.9852076624403471,-0.632410799216441,1.6283152870855397,0.0,0.0,0.0
image_1376.png,surface,0.0,0.0,2.991532358054432,-10.22630645763287,-7.405419897511934,0.0,0.2003439485195285,-0.9476195705733101,0.0,0.0,0.0,2.7062671213647143,0,0,0,0,0,0,0.5122133837869818,-0.8744955420529469,3.148689404536206,0.0,0.0,0.0
image_1377.png,surface,0.0,0.0,0.5028050984261654,-2.4779762519673283,7.673029410740877,0.0,-0.5097555348868449,-0.13690272734371,0.0,0.0,0.0,-1.1448357303708205,0,0,0,0,0,0,-0.07137055313721687,0.0007786857346420456,0.13224518275690594,0.0,0.0,0.0
image_1378.png,surface,0.0,0.0,2.5701395258273827,-18.062301099566344,3.3697089499683743,0.0,-0.6875088289036606,-1.2215093640796508,0.0,0.0,0.0,-2.1193126522136296,0,0,0,0,0,0,-0.45321275251728615,-1.2831561080030915,2.9843961515544355,0.0,0.0,0.0
image_1379.png,surface,0.0,0.0,1.315679042172853,-0.8071716497504574,-5.694904124242415,0.0,0.438706106667236,-1.9720666784856773,0.0,0.0,0.0,-0.4056428203570164,0,0,0,0,0,0,0.07486785634238009,-0.14202755869123396,0.4474805591305308,0.0,0.0,0.0
image_1380.png,surface,0.0,0.0,2.3676661759992097,16.62987993362654,5.260597528582806,0.0,-2.24495890982142,-0.35689726561989377,0.0,0.0,0.0,1.853929003666284,0,0,0,0,0,0,-1.0684215635073189,-0.04954486305566171,1.6905267723464588,0.0,0.0,0.0
image_1381.png,surface,0.0,0.0,1.092602150511028,14.945250936528605,-17.04438247347878,0.0,0.6864709177674375,-2.773841163046539,0.0,0.0,0.0,-2.1982582452102886,0,0,0,0,0,0,0.18097402669223425,-0.3290631528447803,0.7249067155315115,0.0,0.0,0.0
image_1382.png,surface,0.0,0.0,1.0045510116522798,21.618133018028452,2.2073491479891065,0.0,0.6492325718075965,-1.2722891031472625,0.0,0.0,0.0,0.48032057930429684,0,0,0,0,0,0,0.14190558866797867,-0.15638369205354444,0.6028306319805715,0.0,0.0,0.0
image_1383.png,surface,0.0,0.0,2.523995341741495,1.0929008619167435,7.745658551064558,0.0,-0.5158789761017156,0.7391164028327445,0.0,0.0,0.0,-1.3172866279575648,0,0,0,0,0,0,-0.30283632414524464,0.31844313790625756,1.3780402236238105,0.0,0.0,0.0
image_1384.png,surface,0.0,0.0,2.4184704216070565,-11.227919672674588,13.255572967008769,0.0,-0.34161786630493396,-1.8845423560454315,0.0,0.0,0.0,2.4582576584220597,0,0,0,0,0,0,-0.28403946083498866,-1.2346321884661833,2.210262867732294,0.0,0.0,0.0
image_1385.png,surface,0.0,0.0,2.5280512271714493,19.539934466593778,13.051044972318106,0.0,1.9467867977517703,2.254290887204256,0.0,0.0,0.0,-1.9477103595702763,0,0,0,0,0,0,0.8322759807691454,1.6539992899920315,3.430617296554058,0.0,0.0,0.0
image_1386.png,surface,0.0,0.0,2.3933503415598385,-15.531924340226416,-14.06519218814362,0.0,0.4351233356645735,-1.813449659754756,0.0,0.0,0.0,-0.7509996353635615,0,0,0,0,0,0,0.8950904683626605,-1.7188740368539301,3.7749464791539755,0.0,0.0,0.0
image_1387.png,surface,0.0,0.0,0.7396551147219328,-0.3756012514306277,6.021233193342742,0.0,-1.3909642410498015,-2.0799691038126524,0.0,0.0,0.0,-1.2005748851202944,0,0,0,0,0,0,-0.06982735668376379,-0.11517469911478871,0.16360325481430302,0.0,0.0,0.0
image_1388.png,surface,0.0,0.0,2.7071960396526897,3.993163908439702,-10.160312118065688,0.0,1.8581842441841132,1.8413203035218606,0.0,0.0,0.0,0.7127047914284281,0,0,0,0,0,0,1.3111599736975237,0.9593361057715676,2.7540238507678874,0.0,0.0,0.0
image_1389.png,surface,0.0,0.0,1.4440438724352354,-23.90180080135089,2.490522798748212,0.0,1.9438169839027784,0.07204073492773201,0.0,0.0,0.0,0.5007812586128586,0,0,0,0,0,0,0.48056720326123803,-0.24391740724228045,1.2385556426179478,0.0,0.0,0.0
image_1390.png,surface,0.0,0.0,1.0491612827451011,-0.6814052065007677,-20.308956496102077,0.0,2.016199209030559,2.15695100686623,0.0,0.0,0.0,-0.19897390562512385,0,0,0,0,0,0,0.37627512578368716,0.2731723943274095,0.7459215140882415,0.0,0.0,0.0
image_1391.png,surface,0.0,0.0,1.91891740299782,-20.680382822269717,-7.805481644515274,0.0,-0.2602986324696868,2.374933330011317,0.0,0.0,0.0,2.362056389045792,0,0,0,0,0,0,0.006245836533502702,0.667748973646744,1.1172477123667126,0.0,0.0,0.0
image_1392.png,surface,0.0,0.0,1.3646618908354942,-5.829359111647769,17.552754254061988,0.0,-1.8710110448112816,1.0808291151670182,0.0,0.0,0.0,0.7646559636213972,0,0,0,0,0,0,-0.4904990573591025,0.12772805701871556,0.7275796210540277,0.0,0.0,0.0
image_1393.png,surface,0.0,0.0,2.27467443589093,0.6884638933594797,8.158709111055956,0.0,-0.5393516617803097,-1.0188543149160525,0.0,0.0,0.0,2.340551752822808,0,0,0,0,0,0,-0.30234779745731716,-0.5400728290103378,1.0759728705302876,0.0,0.0,0.0
image_1394.png,surface,0.0,0.0,2.2365465299471863,17.055434943554236,3.23910921178335,0.0,-0.20865324435734436,0.7743420703662025,0.0,0.0,0.0,-1.9913840987956326,0,0,0,0,0,0,-0.012519067086888935,0.6404635108843866,1.7198974710412496,0.0,0.0,0.0
image_1395.png,surface,0.0,0.0,2.6252686330868773,-12.418426953716349,13.298408767124421,0.0,-0.5419209195968753,1.7937312456491088,0.0,0.0,0.0,-1.4285013287909518,0,0,0,0,0,0,-0.4265614149503525,0.7292509887610205,1.849114700674903,0.0,0.0,0.0
image_1396.png,surface,0.0,0.0,2.9838963938256997,-5.3114606034623595,15.763079776550413,0.0,1.774774752043097,-0.385733430982603,0.0,0.0,0.0,2.517353032670587,0,0,0,0,0,0,0.7177141896151631,-0.3748781898866311,2.049975623528634,0.0,0.0,0.0
image_1397.png,surface,0.0,0.0,2.4989098250560913,15.430223073595842,19.568515669943505,0.0,2.305150716325686,0.6174809703800725,0.0,0.0,0.0,0.10405451732045812,0,0,0,0,0,0,1.0350617348488447,0.6611041887111319,2.0954373474492005,0.0,0.0,0.0
image_1398.png,surface,0.0,0.0,0.853872430443475,8.520339192901707,10.302141245295795,0.0,1.6316501872963272,1.1595440854246657,0.0,0.0,0.0,2.7056619531101846,0,0,0,0,0,0,0.13252922441775702,0.05656090017991151,0.21994863914986534,0.0,0.0,0.0
image_1399.png,surface,0.0,0.0,2.406606987392248,8.949790217560098,-8.803620882379482,0.0,-0.4521425295868722,0.9986600110967888,0.0,0.0,0.0,-0.7281845470019013,0,0,0,0,0,0,-0.06707882335542424,0.5745332122488623,1.6160226012864956,0.0,0.0,0.0
image_1400.png,surface,0.0,0.0,1.9172488459649388,9.402247140690786,-13.800531995368353,0.0,-0.858604882097587,2.173876685395152,0.0,0.0,0.0,-0.1702000909438599,0,0,0,0,0,0,-0.1558871920386629,0.44538464367786007,1.2144392018132852,0.0,0.0,0.0
image_1401.png,surface,0.0,0.0,1.9079531023818717,17.88295264949144,-1.6251694747105871,0.0,-1.275486110948571,1.7060526226660775,0.0,0.0,0.0,-0.31579428235761364,0,0,0,0,0,0,-0.5824973074688082,1.0830197162776272,1.7788420717746474,0.0,0.0,0.0
image_1402.png,surface,0.0,0.0,1.3431141140621343,-14.012830501096113,1.262651325182505,0.0,1.89407338959895,-0.39223243085924736,0.0,0.0,0.0,2.3855164623984884,0,0,0,0,0,0,0.34798623458370054,-0.1307106593477689,0.5485284461020707,0.0,0.0,0.0
image_1403.png,surface,0.0,0.0,0.9018324520844665,-15.711342357876868,-19.522835415864236,0.0,-2.2546907012309534,0.1816740395509474,0.0,0.0,0.0,-1.1851984508345128,0,0,0,0,0,0,-0.43808516598146363,0.015597311230255095,0.6588901918325235,0.0,0.0,0.0
image_1404.png,surface,0.0,0.0,0.9326298529510542,-8.145139009861449,2.214919236146609,0.0,0.2917710975286463,0.8027322697336096,0.0,0.0,0.0,-2.1941998560553806,0,0,0,0,0,0,0.00938701748017653,0.14353773708569137,0.2272840565612839,0.0,0.0,0.0
image_1405.png,surface,0.0,0.0,0.6439987656825146,8.019663890873769,23.505465240438898,0.0,2.612303224878077,0.7801367616562818,0.0,0.0,0.0,0.7495833036919533,0,0,0,0,0,0,0.21886908753146803,0.031100236310856635,0.37781084125039205,0.0,0.0,0.0
image_1406.png,surface,0.0,0.0,2.5133745623731034,18.091213996456066,-15.916748519921809,0.0,0.7359288992838954,-1.8661136616504685,0.0,0.0,0.0,2.018326900446233,0,0,0,0,0,0,0.7454917257773198,-0.610513212496809,2.4805635090770077,0.0,0.0,0.0
image_1407.png,surface,0.0,0.0,2.3598710699607772,-23.29105143008172,-6.509809817554609,0.0,1.137002109472166,2.2515907441692105,0.0,0.0,0.0,2.194276403439039,0,0,0,0,0,0,0.740941274696625,0.7586617129930784,1.815686634115105,0.0,0.0,0.0
image_1408.png,surface,0.0,0.0,2.6418215193992767,-0.7769155881618148,-15.381395673931788,0.0,-1.0283500664278293,2.674119313312463,0.0,0.0,0.0,-0.07227017761132082,0,0,0,0,0,0,-0.23885454692668134,1.2266659974354208,1.88093500451439,0.0,0.0,0.0
image_1409.png,surface,0.0,0.0,2.260357825122857,15.584580779532605,11.721896371356744,0.0,2.8601097474755424,0.6932178309272118,0.0,0.0,0.0,-1.9936048240846826,0,0,0,0,0,0,0.7163110070411165,0.1920286214702212,1.4044343282822473,0.0,0.0,0.0
image_1410.png,surface,0.0,0.0,0.9194650076466875,3.1432752485039246,18.750137860341667,0.0,-2.52619542933529,0.0645154433653598,0.0,0.0,0.0,2.896407549465966,0,0,0,0,0,0,-0.2438250396455945,0.038202794072288986,0.3500367402570213,0.0,0.0,0.0
image_1411.png,surface,0.0,0.0,2.3398975495079872,-2.410417078873145,19.211445742072325,0.0,-1.5448315977863427,-2.187116808198079,0.0,0.0,0.0,2.9438855710551337,0,0,0,0,0,0,-0.9103124120780822,-1.1442196957130126,2.295793611449056,0.0,0.0,0.0
image_1412.png,surface,0.0,0.0,1.8946298288402617,-5.900026092641463,-1.4115449121171786,0.0,-2.245806375289285,1.311411628255694,0.0,0.0,0.0,-1.2756011448475015,0,0,0,0,0,0,-0.39640059905830666,0.1898813365656021,0.6318373510595133,0.0,0.0,0.0
image_1413.png,surface,0.0,0.0,0.7716823832888358,-20.124874453531415,-10.312918602554575,0.0,-2.413985134556426,-0.37526850492912356,0.0,0.0,0.0,-2.7693764808321797,0,0,0,0,0,0,-0.33548543017673377,-0.023431361651502836,0.4881279269052798,0.0,0.0,0.0
image_1414.png,surface,0.0,0.0,2.7628058740133046,0.5181287480624691,15.064234633812614,0.0,-0.49496310272742083,-0.7702257629033552,0.0,0.0,0.0,-2.2888592568966253,0,0,0,0,0,0,-0.531361803685746,-0.3936138405928683,2.179643919925486,0.0,0.0,0.0
image_1415.png,surface,0.0,0.0,2.7557927566527756,-2.4395578794984862,-23.794164429392566,0.0,-0.3827923589033381,0.9567253888964238,0.0,0.0,0.0,-0.12432457166823507,0,0,0,0,0,0,0.8385309486426089,0.3492523502556823,3.9994973390907274,0.0,0.0,0.0
image_1416.png,surface,0.0,0.0,2.0696605116692224,-6.319709132336159,8.636241533016275,0.0,1.3504113469150794,-1.691883815035447,0.0,0.0,0.0,-2.3519315996287986,0,0,0,0,0,0,0.3778457162570242,-0.5152870261113064,0.8825947433373369,0.0,0.0,0.0
image_1417.png,surface,0.0,0.0,1.549103049485198,-17.990475347936567,6.032341452566169,0.0,2.8786917645823484,-0.7137461426709426,0.0,0.0,0.0,1.918134493048914,0,0,0,0,0,0,0.5548719603060068,-0.1850204498584426,0.8545124878225738,0.0,0.0,0.0
image_1418.png,surface,0.0,0.0,1.0948102580274364,4.072416740319232,18.86094969290767,0.0,-1.6017954214052492,-0.7025852493152233,0.0,0.0,0.0,2.609633049076086,0,0,0,0,0,0,-0.2959193341245895,-0.1124375007748347,0.46629584896572496,0.0,0.0,0.0
image_1419.png,surface,0.0,0.0,0.7440013142450481,3.1766916899730107,-2.6150869614567442,0.0,1.4736494149682058,-0.29046166461846473,0.0,0.0,0.0,1.6492944144090549,0,0,0,0,0,0,0.06353129778047435,-0.035795947256122645,0.1395939981909936,0.0,0.0,0.0
image_1420.png,surface,0.0,0.0,2.514998747292444,-5.1138651699551705,-9.58082030213167,0.0,0.42987990242139174,-0.1725132538123621,0.0,0.0,0.0,-2.6117562687901468,0,0,0,0,0,0,0.3632355723190065,-0.2605765626561382,1.637006137790332,0.0,0.0,0.0
image_1421.png,surface,0.0,0.0,2.916882694644253,16.50349012279875,-5.203652481017124,0.0,-0.3067924193364174,-1.1364402589895135,0.0,0.0,0.0,-0.8196786481159952,0,0,0,0,0,0,0.015285863095151175,-0.2846639080477335,2.351306085375346,0.0,0.0,0.0
image_1422.png,surface,0.0,0.0,0.5351015803080592,-7.1317515144224775,17.9257573249381,0.0,0.8483819478190134,-1.5623002008683908,0.0,0.0,0.0,1.8270328476367155,0,0,0,0,0,0,0.10554915861221746,-0.1591397676234292,0.29875580849043787,0.0,0.0,0.0
image_1423.png,surface,0.0,0.0,1.6984032174626105,3.254024420997632,-6.59640261154235,0.0,-2.764018105952101,0.7364445823048034,0.0,0.0,0.0,0.3857749525861669,0,0,0,0,0,0,-0.3759905323548944,0.10784089528670492,0.6201810713372601,0.0,0.0,0.0
image_1424.png,surface,0.0,0.0,0.7650894689951644,3.5248448982925398,13.379755574950586,0.0,0.26148389212377837,-0.7218806331674293,0.0,0.0,0.0,-1.7517861401536436,0,0,0,0,0,0,0.05537244552508749,-0.1166140878970059,0.2248054223674714,0.0,0.0,0.0
image_1425.png,surface,0.0,0.0,1.5463476047508877,16.379237699215064,8.341354264730896,0.0,1.4922744386377924,1.0271826813424993,0.0,0.0,0.0,-0.3788744466780747,0,0,0,0,0,0,0.3136889216892037,0.19945838455045273,0.8124873567166687,0.0,0.0,0.0
image_1426.png,surface,0.0,0.0,1.951531986385837,19.254103048655015,7.304203647832108,0.0,-2.276476249024776,-0.8700733829943922,0.0,0.0,0.0,2.0843813014313177,0,0,0,0,0,0,-0.7578403411849319,-0.15085266368384428,1.308504485970363,0.0,0.0,0.0
image_1427.png,surface,0.0,0.0,1.5727516506648151,10.634831187405988,20.320400766781514,0.0,0.8244221698126023,0.31333493432201637,0.0,0.0,0.0,2.1783388099959673,0,0,0,0,0,0,0.29783995929644136,0.18417412071654854,0.8109019240341409,0.0,0.0,0.0
image_1428.png,surface,0.0,0.0,0.5430587076978957,21.756458459197887,-0.011476236641748705,0.0,-0.3582518972021785,2.786777915759367,0.0,0.0,0.0,1.191902323803955,0,0,0,0,0,0,-0.06018466168467202,0.1409893110450444,0.3194222584577676,0.0,0.0,0.0
image_1429.png,surface,0.0,0.0,2.9696119190186883,22.064220542535697,-0.5308071082739796,0.0,1.9707132549396211,1.4164161900682615,0.0,0.0,0.0,1.1702675737150612,0,0,0,0,0,0,1.4712932388181739,2.057169728237326,5.978090530841336,0.0,0.0,0.0
image_1430.png,surface,0.0,0.0,2.8145106509793645,10.053710248251255,8.541613609672934,0.0,1.93926134242116,1.2934071996746943,0.0,0.0,0.0,1.7784378938924288,0,0,0,0,0,0,0.9380305945304911,0.7511957685554796,2.032265670563653,0.0,0.0,0.0
image_1431.png,surface,0.0,0.0,2.430932769342574,-12.613075854394943,6.412998288637097,0.0,-0.8967595902573552,0.7705623986389776,0.0,0.0,0.0,0.08494376248687541,0,0,0,0,0,0,-0.5323053754817432,0.17657288946444635,1.5534873304777366,0.0,0.0,0.0
image_1432.png,surface,0.0,0.0,1.50170224713964,-3.785674310502932,-19.41119512652651,0.0,-1.1552223916345128,1.9782658171635532,0.0,0.0,0.0,1.95844560669424,0,0,0,0,0,0,-0.2714899559482288,0.4060822509621068,0.752531205271742,0.0,0.0,0.0
image_1433.png,surface,0.0,0.0,2.2237254535574045,10.157992320290516,1.9802290360026022,0.0,-0.9671700270639151,1.1285897430062573,0.0,0.0,0.0,2.71592142148603,0,0,0,0,0,0,-0.48789662547014295,0.5282965837385584,1.1963384731871183,0.0,0.0,0.0
image_1434.png,surface,0.0,0.0,2.2744209411482315,10.499927796949613,21.49932357897178,0.0,0.6880511424946214,0.8943130844201787,0.0,0.0,0.0,-1.086050950819659,0,0,0,0,0,0,0.15869051340677015,0.6894200336072074,2.052342607533534,0.0,0.0,0.0
image_1435.png,surface,0.0,0.0,1.350636602994245,-4.563788752028161,-20.7612460172223,0.0,0.43851631006436687,-0.7270101229414507,0.0,0.0,0.0,-0.7716886793151083,0,0,0,0,0,0,0.4342773972176182,-0.4926296308869632,1.1653131186926735,0.0,0.0,0.0
image_1436.png,surface,0.0,0.0,0.5992162848980991,0.7623457368143701,-5.92157120362996,0.0,1.4532975431568238,1.7621072583789676,0.0,0.0,0.0,-0.002576076315120801,0,0,0,0,0,0,0.028389335939560945,0.029406004924574746,0.1196979345271463,0.0,0.0,0.0
image_1437.png,surface,0.0,0.0,2.055786292740039,-21.619576315352326,-0.13032046209043519,0.0,2.0843205538413483,-1.1348400459625096,0.0,0.0,0.0,-0.40326449585550117,0,0,0,0,0,0,1.2404194830176345,-1.2813627711596736,2.68066297764237,0.0,0.0,0.0
image_1438.png,surface,0.0,0.0,2.8702093631869503,5.602863818924369,-17.140893278021906,0.0,2.0481218875745477,1.8764766534901172,0.0,0.0,0.0,-2.616178702455615,0,0,0,0,0,0,2.0633084463066016,1.0142877220998854,4.903930859378959,0.0,0.0,0.0
image_1439.png,surface,0.0,0.0,2.3694682246636574,18.052070334762814,-16.41743450790045,0.0,-1.6745935908274938,1.662189717581866,0.0,0.0,0.0,-0.6238743952515944,0,0,0,0,0,0,-0.3930220032726404,1.3479317494078533,3.1386743825909367,0.0,0.0,0.0
image_1440.png,surface,0.0,0.0,1.0699684715757884,-11.268546934771818,13.719874655805786,0.0,0.8557813768446555,-0.9911268516478421,0.0,0.0,0.0,0.8972489973220306,0,0,0,0,0,0,0.22202853115806456,-0.29224311586491664,0.44562269998706033,0.0,0.0,0.0
image_1441.png,surface,0.0,0.0,1.8895257536035521,17.019503737170147,8.368402177238497,0.0,-0.21809013388926574,1.0272843219872434,0.0,0.0,0.0,0.09655222185222545,0,0,0,0,0,0,-0.17128871877332327,0.7178397032679019,1.5235159537666079,0.0,0.0,0.0
image_1442.png,surface,0.0,0.0,1.4755368277978695,2.9974262792771986,22.68626875564308,0.0,0.3228777540179216,1.4382254584608463,0.0,0.0,0.0,-2.8430426426538276,0,0,0,0,0,0,0.06389807326891832,0.581206313029371,0.7929485736573351,0.0,0.0,0.0
image_1443.png,surface,0.0,0.0,1.8662513241190894,-14.065037594392814,19.59595419189684,0.0,2.23182047415593,1.7489196691956923,0.0,0.0,0.0,0.6085382389184248,0,0,0,0,0,0,0.5030363871259138,0.3013450868965106,1.1043856106042256,0.0,0.0,0.0
image_1444.png,surface,0.0,0.0,2.3101487261352744,-17.765576497096433,-15.766576644121665,0.0,1.485626240236429,0.9797054774565167,0.0,0.0,0.0,1.8210034017040853,0,0,0,0,0,0,1.484655432961486,0.021206994724666563,3.105273112076478,0.0,0.0,0.0
image_1445.png,surface,0.0,0.0,1.7167928865238997,-12.38542962644802,-14.14479867500981,0.0,0.16950519792407542,2.4616173191086452,0.0,0.0,0.0,2.6168041213677027,0,0,0,0,0,0,0.06744103317388764,0.5321255152095059,0.8944720904336336,0.0,0.0,0.0
image_1446.png,surface,0.0,0.0,2.780790653014704,19.643825016609988,1.8886803607444071,0.0,0.08296234264267587,1.4725574651675273,0.0,0.0,0.0,1.1006047418343021,0,0,0,0,0,0,0.09682872894921304,1.6249975724084724,4.130233011293567,0.0,0.0,0.0
image_1447.png,surface,0.0,0.0,2.2302867197806346,-0.47865452818804827,-0.7572431834265783,0.0,-0.7509437007985487,-2.6678851152356375,0.0,0.0,0.0,2.1206842102581893,0,0,0,0,0,0,-0.10297259885314822,-0.6242196545290042,0.9100271947526413,0.0,0.0,0.0
image_1448.png,surface,0.0,0.0,1.3807971036127848,10.383805408140958,15.808819587991321,0.0,-0.8065636257062175,-2.5241053817309527,0.0,0.0,0.0,1.2516415579068294,0,0,0,0,0,0,-0.0756394545691065,-0.30588191448985946,0.6444314923686157,0.0,0.0,0.0
image_1449.png,surface,0.0,0.0,2.030834564348183,-0.008543468592051516,10.69220209573258,0.0,-1.213142854705278,-1.897024219049391,0.0,0.0,0.0,2.4752784379077966,0,0,0,0,0,0,-0.2514223144933639,-0.4713597120625274,0.8939495675495323,0.0,0.0,0.0
image_1450.png,surface,0.0,0.0,1.638441804863353,-18.743229808924678,-3.159354516112157,0.0,-2.524640970989581,-0.3955515628957811,0.0,0.0,0.0,-2.7887217342995054,0,0,0,0,0,0,-0.5563816751796012,-0.0942162545842098,0.9399918724524358,0.0,0.0,0.0
image_1451.png,surface,0.0,0.0,2.4800770973628694,22.08113700907589,11.719020981396925,0.0,-0.998571577754623,1.7433964955749668,0.0,0.0,0.0,0.6505101163528799,0,0,0,0,0,0,-1.0862733331315857,2.096552349180286,5.366390407853717,0.0,0.0,0.0
image_1452.png,surface,0.0,0.0,0.518623944075379,14.360711320854875,-2.7975208459254928,0.0,-2.413466965550172,-0.0049526602879170975,0.0,0.0,0.0,1.0195831338115466,0,0,0,0,0,0,-0.07433823862462675,-0.00850891139127084,0.1697797432648308,0.0,0.0,0.0
image_1453.png,surface,0.0,0.0,1.963913779368171,7.8400873562024715,19.84503715698414,0.0,0.25253403480084136,0.9830659729249491,0.0,0.0,0.0,-2.2636466275519,0,0,0,0,0,0,-0.015395439174686165,0.6070303635745922,1.3275296781607084,0.0,0.0,0.0
image_1454.png,surface,0.0,0.0,0.5587285028954823,-15.815311492700106,7.034201467499364,0.0,-0.3686141651845792,-1.9688132482087937,0.0,0.0,0.0,-2.7993873462077614,0,0,0,0,0,0,-0.0393104185332291,-0.16680392297530042,0.24636060783852834,0.0,0.0,0.0
image_1455.png,surface,0.0,0.0,2.948335990168202,-16.095066336624043,13.107894669394252,0.0,-2.4348443943386853,-1.2672623446638147,0.0,0.0,0.0,-2.176349670594798,0,0,0,0,0,0,-1.748341137022822,-1.610729532785841,5.416628526855875,0.0,0.0,0.0
image_1456.png,surface,0.0,0.0,1.7688313538063625,20.97546853154389,9.301011933753285,0.0,-1.1924490206678664,0.13552669478168602,0.0,0.0,0.0,-0.5379803476766796,0,0,0,0,0,0,-0.7910297181641287,0.28917556600117494,1.5574665432105055,0.0,0.0,0.0
image_1457.png,surface,0.0,0.0,1.1969987653125342,-18.479660733163474,10.368365779956118,0.0,0.8682534450287707,-2.19378699060051,0.0,0.0,0.0,0.17543074133572212,0,0,0,0,0,0,0.16920372948216875,-0.5774780601180539,0.8487692021050185,0.0,0.0,0.0
image_1458.png,surface,0.0,0.0,0.7767487853330706,11.465241157539321,6.585447154485867,0.0,1.8231515024999567,-1.3954437934961905,0.0,0.0,0.0,-1.547716856142264,0,0,0,0,0,0,0.08614506119453756,-0.08817082169889767,0.19180162652553384,0.0,0.0,0.0
image_1459.png,surface,0.0,0.0,1.354238031944882,-19.61708260705323,12.395845420210705,0.0,-2.0860082933533386,2.129232554332222,0.0,0.0,0.0,-1.2824172927137163,0,0,0,0,0,0,-0.41037915864900404,0.30640103831295445,0.7869864535695161,0.0,0.0,0.0
image_1460.png,surface,0.0,0.0,2.0851980554526737,24.026781345838998,-6.025818965227364,0.0,-1.193139167227211,-2.0623066527398692,0.0,0.0,0.0,-1.578192735435069,0,0,0,0,0,0,-0.27923028845539105,-0.5672371628806405,1.3407579925428217,0.0,0.0,0.0
image_1461.png,surface,0.0,0.0,2.9322208028150634,-4.435656236837226,-23.453596219948363,0.0,-1.419615183033281,2.364134652769844,0.0,0.0,0.0,2.739950666942663,0,0,0,0,0,0,-0.12439320051227325,1.036997029706538,2.872924602946215,0.0,0.0,0.0
image_1462.png,surface,0.0,0.0,0.736000846307056,-18.99008366786768,-3.21665013274785,0.0,2.380025182377204,-0.40018805335890173,0.0,0.0,0.0,-0.09729478515576773,0,0,0,0,0,0,0.23527506166186732,-0.18605869750463191,0.46067761145974917,0.0,0.0,0.0
image_1463.png,surface,0.0,0.0,1.0255924968347743,-15.241867282374034,-18.0717147815964,0.0,0.2659905376687383,0.028015219935713712,0.0,0.0,0.0,-0.9088772435598775,0,0,0,0,0,0,0.2529746422867784,-0.13103157225659123,0.9493302942529084,0.0,0.0,0.0
image_1464.png,surface,0.0,0.0,1.192358336961356,8.340071497116748,-5.284308817889311,0.0,-2.6710307023890913,0.21783171127909823,0.0,0.0,0.0,-1.2583081256109874,0,0,0,0,0,0,-0.20214960406239885,0.05085053812586955,0.33002456039670675,0.0,0.0,0.0
image_1465.png,surface,0.0,0.0,2.415010314889882,-8.233839065543751,7.335178278896674,0.0,2.2940257401510604,0.9676052490168354,0.0,0.0,0.0,-1.0055764109990886,0,0,0,0,0,0,0.6607863725166745,0.17817116159858049,1.2085552368577026,0.0,0.0,0.0
image_1466.png,surface,0.0,0.0,0.6974335256184487,6.054377824372936,11.076714865738799,0.0,-0.1764708641244366,1.2455973182510425,0.0,0.0,0.0,2.6046571732029804,0,0,0,0,0,0,-0.034568209313347475,0.09280203544190013,0.1642597579250966,0.0,0.0,0.0
image_1467.png,surface,0.0,0.0,2.73599335295763,19.247263783099203,10.696827236407461,0.0,1.7855278743673173,-0.5113168697620888,0.0,0.0,0.0,-1.039467106793375,0,0,0,0,0,0,0.8738601029527292,0.16814420630038115,2.2367864866098675,0.0,0.0,0.0
image_1468.png,surface,0.0,0.0,1.0474674925139351,-0.017540508388408534,-12.198781533528138,0.0,0.29487218369581836,-0.3468676285816257,0.0,0.0,0.0,-1.2837057322619643,0,0,0,0,0,0,0.17111217953407232,-0.19979502848421715,0.4374945662343773,0.0,0.0,0.0
image_1469.png,surface,0.0,0.0,2.295068991932363,4.378937841296333,20.73296298535679,0.0,2.926130341020982,0.31379385765531137,0.0,0.0,0.0,1.4144379701538767,0,0,0,0,0,0,0.7452603984983006,0.033200328140648966,1.2037721427647778,0.0,0.0,0.0
image_1470.png,surface,0.0,0.0,2.4013794112917215,20.47988570587111,10.337405951517889,0.0,-1.87896116744502,-0.5598448809460035,0.0,0.0,0.0,-1.4026258452027913,0,0,0,0,0,0,-1.0887387949211247,0.07246811260152924,2.4503174729011614,0.0,0.0,0.0
image_1471.png,surface,0.0,0.0,2.7327092729911078,10.916345475707436,2.334527804702845,0.0,-0.7649839875394102,-0.5704399942394736,0.0,0.0,0.0,-0.0721550206727617,0,0,0,0,0,0,-0.4398201205741036,-0.22544918396006183,1.6748064257478625,0.0,0.0,0.0
image_1472.png,surface,0.0,0.0,1.0188472974581095,17.749402329801196,-5.161606900434245,0.0,-1.6371606970274462,2.018402039993734,0.0,0.0,0.0,-2.224982616112665,0,0,0,0,0,0,-0.18169996821915457,0.24608828868431257,0.517016296783977,0.0,0.0,0.0
image_1473.png,surface,0.0,0.0,2.3081691937509095,-21.50594994281759,-7.927241147967432,0.0,-2.504868749410286,-0.31180209590129127,0.0,0.0,0.0,1.231278685430384,0,0,0,0,0,0,-1.1031297867000733,-0.5816467817277544,2.261662148699122,0.0,0.0,0.0
image_1474.png,surface,0.0,0.0,1.3826899375804986,-5.358462392239216,4.217149122136864,0.0,0.9501518440025787,0.99029769784995,0.0,0.0,0.0,-2.8925939838863863,0,0,0,0,0,0,0.17724539620805274,0.19785696621133023,0.3544178936698682,0.0,0.0,0.0
image_1475.png,surface,0.0,0.0,1.4707177425069964,-19.090983421453586,2.0788507145241546,0.0,-0.10660216048423403,-1.1950634553865762,0.0,0.0,0.0,0.776036870467427,0,0,0,0,0,0,0.005926239634858554,-0.7965357286440735,1.1347321319500943,0.0,0.0,0.0
image_1476.png,surface,0.0,0.0,1.770780142067235,10.774373349923161,-1.9482491167270393,0.0,1.0798696189645416,1.4833417900017123,0.0,0.0,0.0,-1.1745482014437063,0,0,0,0,0,0,0.28660384547410955,0.38507189404921854,0.764075834805085,0.0,0.0,0.0
image_1477.png,surface,0.0,0.0,0.8279343163803885,23.361947008829084,2.9592474120184673,0.0,0.6575803894986177,1.1523517553855893,0.0,0.0,0.0,2.3677990474487256,0,0,0,0,0,0,0.06486903908479918,0.30978635488052947,0.5630385046528765,0.0,0.0,0.0
image_1478.png,surface,0.0,0.0,1.396811321556636,-15.109242782567929,-18.09158908185936,0.0,-1.7288568805773357,-2.001382175527951,0.0,0.0,0.0,2.508171728264725,0,0,0,0,0,0,-0.29632111308288483,-0.6338863693560256,1.166630590921817,0.0,0.0,0.0
image_1479.png,surface,0.0,0.0,2.851223377659746,19.354739016101313,1.2791809996762236,0.0,-1.536316397465155,-0.8270435527068253,0.0,0.0,0.0,2.9781036119229363,0,0,0,0,0,0,-0.8504427816220741,-0.1128056067584836,2.4058137076014443,0.0,0.0,0.0
image_1480.png,surface,0.0,0.0,0.9515718205393218,6.501662259392328,-13.518189068132648,0.0,2.452055977378117,-0.9398444548445553,0.0,0.0,0.0,2.549317898818364,0,0,0,0,0,0,0.21959959472836874,-0.08849173460771984,0.3557576959367939,0.0,0.0,0.0
image_1481.png,surface,0.0,0.0,1.287909880081152,14.338996806316995,-16.89166539210282,0.0,0.1889427863434174,-0.5553722798878885,0.0,0.0,0.0,1.5110894760879745,0,0,0,0,0,0,0.16762705144885773,-0.2029066252177971,0.8070164974600554,0.0,0.0,0.0
image_1482.png,surface,0.0,0.0,2.5181958542707017,-2.748757259964226,-12.867900023368948,0.0,-0.32043370769524854,-1.7867326008895537,0.0,0.0,0.0,0.7251585024742973,0,0,0,0,0,0,0.07778988512998364,-0.973991128607781,1.6653608197660363,0.0,0.0,0.0
image_1483.png,surface,0.0,0.0,1.1249467314463588,10.093575630876737,-20.29078864196638,0.0,1.5720173962488906,-0.8783682129963989,0.0,0.0,0.0,-1.2199536173413557,0,0,0,0,0,0,0.4866091065356059,-0.22928755404597462,0.8743326293579623,0.0,0.0,0.0
image_1484.png,surface,0.0,0.0,0.9119760572776737,6.58070609664414,-8.984239332402357,0.0,0.7255981796076659,1.3942219730946697,0.0,0.0,0.0,-1.5280632251244315,0,0,0,0,0,0,0.05270913803638636,0.1363643897120186,0.2758116946693345,0.0,0.0,0.0
image_1485.png,surface,0.0,0.0,0.9762862263598377,1.9420699308837215,-8.666403780392217,0.0,2.939517902839375,0.10008482525788427,0.0,0.0,0.0,0.6438937393059394,0,0,0,0,0,0,0.13088862700471712,-0.026734876889378353,0.28265138524199057,0.0,0.0,0.0
image_1486.png,surface,0.0,0.0,2.964191036938821,7.250584903225493,19.425902261745676,0.0,0.28328251559968876,1.3872302900768483,0.0,0.0,0.0,-2.1272818064357537,0,0,0,0,0,0,-0.25515703253751965,1.0340757783747598,3.4391942640661597,0.0,0.0,0.0
image_1487.png,surface,0.0,0.0,1.5332690252101218,-19.394597759705263,-8.510198344722571,0.0,1.2603177769642602,1.495898156620361,0.0,0.0,0.0,2.8202162834774853,0,0,0,0,0,0,0.495411718258261,0.3715369201888944,0.9146964056528784,0.0,0.0,0.0
image_1488.png,surface,0.0,0.0,1.4899183231561515,-9.282111460028817,-9.912536098413337,0.0,1.8996695163985462,-0.3505825601333931,0.0,0.0,0.0,2.5567002140666553,0,0,0,0,0,0,0.48281046911172115,-0.10115835589123105,0.743710840347814,0.0,0.0,0.0
image_1489.png,surface,0.0,0.0,2.3925450417498872,-0.7006530266501027,12.077552890696325,0.0,2.646838261529138,-1.2380135348953105,0.0,0.0,0.0,1.5187855148781004,0,0,0,0,0,0,0.6280900878953856,-0.36120950231429794,1.1443720092606247,0.0,0.0,0.0
image_1490.png,surface,0.0,0.0,0.6568491918316344,6.471278014039147,23.224876647168397,0.0,-1.7325202861614815,1.893653217498993,0.0,0.0,0.0,-0.503526746394237,0,0,0,0,0,0,-0.23613645139821254,0.1824153921280033,0.4369541793200507,0.0,0.0,0.0
image_1491.png,surface,0.0,0.0,0.9238446239490699,-3.758888881790313,-4.407174200110361,0.0,-0.820709409841238,0.16470594583336523,0.0,0.0,0.0,-0.4579289868054568,0,0,0,0,0,0,-0.10265300195450397,0.038533145596076575,0.22803434583076246,0.0,0.0,0.0
image_1492.png,surface,0.0,0.0,2.299700253934365,-1.5652809792713678,-19.105212062146897,0.0,-2.48297170730735,-0.21845106811075357,0.0,0.0,0.0,-1.7828282765419254,0,0,0,0,0,0,-0.7847564876107426,-0.06243171868836468,1.2961559750768648,0.0,0.0,0.0
image_1493.png,surface,0.0,0.0,1.2991281673467863,-19.512715621151045,-11.153331617453377,0.0,-1.154383198860862,-0.7930040483162429,0.0,0.0,0.0,0.7131466061867013,0,0,0,0,0,0,-0.48113639011882303,-0.5786578869887239,1.0472564419425123,0.0,0.0,0.0
image_1494.png,surface,0.0,0.0,2.254195776455395,-10.280202089352333,22.307407111118916,0.0,-1.8593194875039671,0.4882068488201727,0.0,0.0,0.0,-1.6973673943422865,0,0,0,0,0,0,-1.6978235205771388,-0.14207475176606088,3.254835239133399,0.0,0.0,0.0
image_1495.png,surface,0.0,0.0,0.5571508599499784,-12.232409285989991,17.81179620615504,0.0,2.567595717891188,-0.16491479978704746,0.0,0.0,0.0,-0.5922322809997045,0,0,0,0,0,0,0.2068476784724677,-0.051747206547578736,0.2923984467338752,0.0,0.0,0.0
image_1496.png,surface,0.0,0.0,1.9758990468784283,-17.080238189162408,-14.807956956971175,0.0,-0.9958713571050058,1.1981584174071869,0.0,0.0,0.0,-0.022153269902523753,0,0,0,0,0,0,-0.34773055706478506,0.4440946996325942,1.3939749385851123,0.0,0.0,0.0
image_1497.png,surface,0.0,0.0,1.8606143718329475,-23.489663006942088,5.33584992259347,0.0,-0.2162408140754418,2.527086015526926,0.0,0.0,0.0,-1.4668264386452394,0,0,0,0,0,0,-0.14723068175538737,0.6082951379799498,1.1029118281106067,0.0,0.0,0.0
image_1498.png,surface,0.0,0.0,0.8621409383219187,11.725050456997309,11.81655840889839,0.0,0.760290150263726,-2.7457781968081623,0.0,0.0,0.0,1.5381718135862457,0,0,0,0,0,0,0.04304513657738498,-0.14787635376476782,0.2810190594801191,0.0,0.0,0.0
image_1499.png,surface,0.0,0.0,0.7968396568575937,-5.8609465469635,2.5981599335427243,0.0,0.9257870164784615,-1.6387301780649053,0.0,0.0,0.0,-1.1184495885398837,0,0,0,0,0,0,0.06473206898538025,-0.07916009061196859,0.2056551819655459,0.0,0.0,0.0
image_1500.png,surface,0.0,0.0,2.820385495759096,-4.6043591075276105,-11.45788225687586,0.0,1.0747161405003285,1.566092001923017,0.0,0.0,0.0,-2.8197099199292373,0,0,0,0,0,0,0.8518672706560307,0.539086493746458,2.348392015444782,0.0,0.0,0.0
image_1501.png,surface,0.0,0.0,1.7625423458228289,-4.2972830478514545,24.59259836818587,0.0,2.0642858068459407,2.1674605380897924,0.0,0.0,0.0,2.1208779134597116,0,0,0,0,0,0,0.4781534857314776,0.4572395440743506,0.9839463188227132,0.0,0.0,0.0
image_1502.png,surface,0.0,0.0,0.6247513231884245,-7.1139818717378045,8.09867380090685,0.0,-1.2268186058446136,-0.8102522100232834,0.0,0.0,0.0,0.768844004870612,0,0,0,0,0,0,-0.1059387624505644,-0.048868428983144314,0.1450469934173815,0.0,0.0,0.0
image_1503.png,surface,0.0,0.0,0.8713945984810857,12.074461906849232,-2.158910337860761,0.0,2.777721949424239,-1.0667930653331616,0.0,0.0,0.0,0.8149235584300096,0,0,0,0,0,0,0.11060335528077542,-0.10177186586397945,0.22045329800374083,0.0,0.0,0.0
image_1504.png,surface,0.0,0.0,2.1813820515086713,-0.368818233988901,-15.802265559521963,0.0,-1.8156935199525304,-0.567207081907046,0.0,0.0,0.0,2.3669960505262164,0,0,0,0,0,0,-0.6590407646940796,-0.2648239393905498,1.0763837432254775,0.0,0.0,0.0
image_1505.png,surface,0.0,0.0,1.691911106972664,-13.67962566791825,19.098705157726133,0.0,-1.3056075462948724,-0.9966768756910115,0.0,0.0,0.0,-1.535570523118938,0,0,0,0,0,0,-0.9563343654828383,-0.7811633710704935,1.8573544846164955,0.0,0.0,0.0
image_1506.png,surface,0.0,0.0,1.994156965806941,5.2160258103014225,-21.6529109497832,0.0,1.0818192123788395,0.1570961076730645,0.0,0.0,0.0,-1.1671270712588833,0,0,0,0,0,0,1.2514866670506823,0.16559892646472288,2.650785387089925,0.0,0.0,0.0
image_1507.png,surface,0.0,0.0,1.645687710525542,-19.05340194711436,2.1060099951121076,0.0,0.388816554660987,2.5581228958029096,0.0,0.0,0.0,-1.3322103190861827,0,0,0,0,0,0,0.003095524246867598,0.4382553431740258,0.7618205009890937,0.0,0.0,0.0
image_1508.png,surface,0.0,0.0,2.8137874313128353,17.527064495033002,1.861155112959971,0.0,2.0640076703866064,-0.3034961409351173,0.0,0.0,0.0,1.3483262407563856,0,0,0,0,0,0,1.1315160788596463,0.1462277423508186,2.5138575954101143,0.0,0.0,0.0
image_1509.png,surface,0.0,0.0,2.563121819226993,0.3487840955239727,-20.68191610708215,0.0,0.700966994813595,2.0437996269773704,0.0,0.0,0.0,1.3691714860482733,0,0,0,0,0,0,1.233182896098334,1.0701265682349475,3.385465960158658,0.0,0.0,0.0
image_1510.png,surface,0.0,0.0,2.9503612474321375,1.5306901572346119,-10.150561142712748,0.0,0.7815804654468433,-0.5642978628877605,0.0,0.0,0.0,0.19694705688547742,0,0,0,0,0,0,0.8685182690753911,-0.36154771935055624,2.9159188576918624,0.0,0.0,0.0
image_1511.png,surface,0.0,0.0,2.8480823542838793,13.27700683509712,13.843541930323354,0.0,0.2965879719423921,-0.3638434148920646,0.0,0.0,0.0,-0.43507637900960505,0,0,0,0,0,0,0.019741956996246635,0.01908959876743778,2.625217493829426,0.0,0.0,0.0
image_1512.png,surface,0.0,0.0,2.321744746670603,17.597288009797353,0.8238531004157235,0.0,-0.7462554233965515,-0.498910751191905,0.0,0.0,0.0,2.1142171400493357,0,0,0,0,0,0,-0.4498098064917232,-0.13844088500439777,1.445242472329027,0.0,0.0,0.0
image_1513.png,surface,0.0,0.0,0.6313260525534536,2.2775513690957734,-18.797418509512646,0.0,-0.6041078710609888,1.0701910727055108,0.0,0.0,0.0,1.214973386754803,0,0,0,0,0,0,-0.10458732413629782,0.1856260943187196,0.327099325447252,0.0,0.0,0.0
image_1514.png,surface,0.0,0.0,2.997754441642433,5.605368307694079,-21.727299124652536,0.0,-0.5691339179260664,-0.07407646354703373,0.0,0.0,0.0,2.399096672255914,0,0,0,0,0,0,0.5526682635953558,0.2992276909392818,3.9575258000755005,0.0,0.0,0.0
image_1515.png,surface,0.0,0.0,1.6832967391466374,3.9092751136326576,19.741313977122477,0.0,2.032604483326239,-1.2058638634177057,0.0,0.0,0.0,-1.3223166658576035,0,0,0,0,0,0,0.3937616418095025,-0.27166693524043484,0.709677629764122,0.0,0.0,0.0
image_1516.png,surface,0.0,0.0,0.6524925890910835,-23.84429401140505,-1.775463185420887,0.0,-0.7363825007948765,1.729709427827654,0.0,0.0,0.0,-1.6392499439286947,0,0,0,0,0,0,-0.15688555187442735,0.24010420679627537,0.4188847127467786,0.0,0.0,0.0
image_1517.png,surface,0.0,0.0,2.978558276256607,15.32965059959266,11.919782920374775,0.0,2.5659719369440306,1.4802485519423951,0.0,0.0,0.0,-1.6688078806528464,0,0,0,0,0,0,1.2010177510847924,1.0946197740700538,3.133855560437559,0.0,0.0,0.0
image_1518.png,surface,0.0,0.0,1.925941794053608,8.874490001715722,-9.119572639697308,0.0,2.2988310850258626,-1.3547416569556212,0.0,0.0,0.0,0.9962242005101256,0,0,0,0,0,0,0.6327622901755642,-0.33547197240625887,0.9193589175417795,0.0,0.0,0.0
image_1519.png,surface,0.0,0.0,1.647510056872426,12.514165059017445,-9.465202351404255,0.0,-0.43739615948588373,1.9863097293100624,0.0,0.0,0.0,0.1109559612768285,0,0,0,0,0,0,0.0352834976103131,0.2617831322692098,0.8730017591061489,0.0,0.0,0.0
image_1520.png,surface,0.0,0.0,0.5494735770826582,15.008523943490594,0.6604039195101384,0.0,1.8680934086636591,-0.21210239601802428,0.0,0.0,0.0,0.8135793844318,0,0,0,0,0,0,0.11258029038238855,0.005139325848637732,0.19362822361610912,0.0,0.0,0.0
image_1521.png,surface,0.0,0.0,1.571002923641272,-5.504439842123745,-20.122929325792114,0.0,0.24638108781847895,-2.9679151360286995,0.0,0.0,0.0,-2.5309961212759684,0,0,0,0,0,0,0.31232074258500797,-0.8822509373494837,1.3233093010198926,0.0,0.0,0.0
image_1522.png,surface,0.0,0.0,0.958176867970298,-7.528280706140923,18.93854800820849,0.0,0.5539404170635658,-1.6754894291059221,0.0,0.0,0.0,0.3653622623326873,0,0,0,0,0,0,0.10198793602732566,-0.2691373864297186,0.48585696206284074,0.0,0.0,0.0
image_1523.png,surface,0.0,0.0,2.297372480385186,-11.31315681300468,-6.468706973622144,0.0,-1.7430521430210588,1.1241176119097,0.0,0.0,0.0,-0.7218906980632309,0,0,0,0,0,0,-0.8137484919877467,0.32027894851702005,1.1438204573274073,0.0,0.0,0.0
image_1524.png,surface,0.0,0.0,0.5196672563089393,-11.586023809330603,21.231331670365197,0.0,0.8333392292593098,-1.673171928981789,0.0,0.0,0.0,2.2663497460025175,0,0,0,0,0,0,0.14951656052568976,-0.20808842483377896,0.36427883835444186,0.0,0.0,0.0
image_1525.png,surface,0.0,0.0,1.832589201266542,-4.017853533845871,3.5367026065892713,0.0,0.5869770722022257,2.1469153093538567,0.0,0.0,0.0,-1.2305037170676314,0,0,0,0,0,0,0.09828974334301485,0.4294145071564736,0.6358567578602908,0.0,0.0,0.0
image_1526.png,surface,0.0,0.0,0.6092905459127453,20.65975667113297,-11.10651307417685,0.0,-0.665508686956594,1.2013614655337375,0.0,0.0,0.0,2.6982594579561052,0,0,0,0,0,0,-0.16263829605002184,0.26371804833710843,0.4847270621510667,0.0,0.0,0.0
image_1527.png,surface,0.0,0.0,2.287074989755684,3.35804454992472,15.509839066297303,0.0,1.3065467775187225,-1.2044036598479204,0.0,0.0,0.0,1.3022928155562656,0,0,0,0,0,0,0.5323175506016915,-0.5781906755479385,1.1053904623044202,0.0,0.0,0.0
image_1528.png,surface,0.0,0.0,2.8825487320233334,13.430412711801672,-20.54589813032795,0.0,1.2552498260026308,0.7292557735594932,0.0,0.0,0.0,1.4540822697772313,0,0,0,0,0,0,2.4241516075557588,1.377007402808642,6.834451945792268,0.0,0.0,0.0
image_1529.png,surface,0.0,0.0,0.6083013706196134,-20.59538129564392,-11.624935248558856,0.0,1.8848870817903973,0.4861953680497032,0.0,0.0,0.0,1.1491427748500378,0,0,0,0,0,0,0.376262950663739,0.03225646664411309,0.6042374243608433,0.0,0.0,0.0
image_1530.png,surface,0.0,0.0,0.7577104029171016,12.557594985468922,-14.553355236174038,0.0,0.5559659735719593,1.7655319976365589,0.0,0.0,0.0,-1.6864302493738166,0,0,0,0,0,0,0.07208279765419537,0.2309959433547041,0.40737581127388683,0.0,0.0,0.0
image_1531.png,surface,0.0,0.0,1.7889824343588367,-5.536277339929739,5.7652870164200865,0.0,-0.9709448288429424,0.9274550212844449,0.0,0.0,0.0,-1.2260878367706405,0,0,0,0,0,0,-0.4457554915489233,0.3119729673475043,0.669753755213513,0.0,0.0,0.0
image_1532.png,surface,0.0,0.0,2.9561552610279582,13.686356017783336,-16.304706064580348,0.0,-2.210715059607199,-1.6705680481743896,0.0,0.0,0.0,2.486441054717945,0,0,0,0,0,0,-0.7633891521013917,-0.679333300414227,1.9307086587306803,0.0,0.0,0.0
image_1533.png,surface,0.0,0.0,1.5286418270269997,-2.3627985954349238,20.982307002623354,0.0,-2.124670326439127,1.860302109820122,0.0,0.0,0.0,2.0788308771922726,0,0,0,0,0,0,-0.6509367004784606,0.2363476380400625,1.0293566836563837,0.0,0.0,0.0
image_1534.png,surface,0.0,0.0,2.038932386385664,16.69589580408965,-10.971357482408079,0.0,1.2558349245578642,-1.219156088556733,0.0,0.0,0.0,2.674524594475061,0,0,0,0,0,0,0.7410599821161211,-0.3767659128797031,1.4783244233032018,0.0,0.0,0.0
image_1535.png,surface,0.0,0.0,2.404133325800094,-8.118216023932005,9.767580592074887,0.0,-1.0230727285278618,2.690208487582917,0.0,0.0,0.0,-0.9494587960285079,0,0,0,0,0,0,-0.3215236113759657,0.7491350042880427,1.2668500334916426,0.0,0.0,0.0
image_1536.png,surface,0.0,0.0,2.819800223041071,-19.158823121699463,-6.8334992523843265,0.0,1.8684476086332447,-0.015344156976780056,0.0,0.0,0.0,-0.7126260890226384,0,0,0,0,0,0,1.6923599355003174,-0.9360982357268559,4.302379738563301,0.0,0.0,0.0
image_1537.png,surface,0.0,0.0,0.9425416277307961,10.703193550703405,-0.44669066098527194,0.0,1.3484828040313233,1.9372140923841539,0.0,0.0,0.0,2.843505953823792,0,0,0,0,0,0,0.09711180048801223,0.12344607202943125,0.28844603004644415,0.0,0.0,0.0
image_1538.png,surface,0.0,0.0,2.778565038301309,20.540631140915156,-6.070379457043902,0.0,1.9960426042793236,-0.6626545023991246,0.0,0.0,0.0,2.115995992400353,0,0,0,0,0,0,1.385123827383739,0.23941518790380406,3.3353171613076267,0.0,0.0,0.0
image_1539.png,surface,0.0,0.0,2.0660606178728287,-19.05444484344102,-0.8584514821261143,0.0,0.8863728495582297,-2.680419472844156,0.0,0.0,0.0,1.9983167331824951,0,0,0,0,0,0,0.7332115954194173,-1.7686029529014167,2.718967924453776,0.0,0.0,0.0
image_1540.png,surface,0.0,0.0,2.514017290393328,-0.4369900417324059,1.55346006580326,0.0,1.8083409912054862,-0.583796804897286,0.0,0.0,0.0,-1.3820199264296607,0,0,0,0,0,0,0.8834936666118591,-0.3501018256025647,1.2377763242993536,0.0,0.0,0.0
image_1541.png,surface,0.0,0.0,1.238888056090292,-15.349300663096882,10.27947021047936,0.0,-2.25591187170844,-1.5733762732282304,0.0,0.0,0.0,0.7434019678104837,0,0,0,0,0,0,-0.3417038726903527,-0.28133679627244473,0.703583762453388,0.0,0.0,0.0
image_1542.png,surface,0.0,0.0,1.7502523990733605,6.286344558948516,11.586863301531123,0.0,1.4057526005640029,2.1942314847286863,0.0,0.0,0.0,0.16970651696114025,0,0,0,0,0,0,0.18685613151727998,0.34383143906057806,0.7622671017447357,0.0,0.0,0.0
image_1543.png,surface,0.0,0.0,1.0223979753354953,17.88510312373694,-4.564838222930515,0.0,2.6734026634749903,0.2129093538525187,0.0,0.0,0.0,0.7556630001428633,0,0,0,0,0,0,0.26653468212925097,0.038297180221942596,0.5525925129784122,0.0,0.0,0.0
image_1544.png,surface,0.0,0.0,2.6365103338919895,-17.858300683072844,8.260242185552972,0.0,1.1053119082124896,-1.3283384012573134,0.0,0.0,0.0,2.591204294740341,0,0,0,0,0,0,0.6450104608436021,-1.2984466642469734,2.9877456572217507,0.0,0.0,0.0
image_1545.png,surface,0.0,0.0,1.0114477312752064,-13.618215602822492,14.594301977342347,0.0,0.7769651312153067,0.776722382186218,0.0,0.0,0.0,-1.513905782413312,0,0,0,0,0,0,0.23113247709944157,0.22442352113382624,0.42034956322528444,0.0,0.0,0.0
image_1546.png,surface,0.0,0.0,1.8708169464433415,6.121194145918055,-1.5614214238080786,0.0,0.49465454489758653,-0.2033874457041957,0.0,0.0,0.0,-1.2060832518163824,0,0,0,0,0,0,0.3186776770880392,-0.07965719100014416,0.7148381014955643,0.0,0.0,0.0
image_1547.png,surface,0.0,0.0,1.5447830334309494,-1.1179586563569754,-11.861268532368472,0.0,0.8847376811975329,0.3191381783949946,0.0,0.0,0.0,2.684558330104373,0,0,0,0,0,0,0.4598466709991423,0.15151336673141932,0.70237124140182,0.0,0.0,0.0
image_1548.png,surface,0.0,0.0,0.6239737830138039,16.97755039817589,14.644937070028437,0.0,-1.4807672349976009,1.2175865786270241,0.0,0.0,0.0,0.21248987466019642,0,0,0,0,0,0,-0.1469323913166528,0.09876881320250105,0.37969996244675713,0.0,0.0,0.0
image_1549.png,surface,0.0,0.0,1.5303691230572685,6.956232697090552,1.8195627282987412,0.0,-1.6749592327032015,-0.1650024735189524,0.0,0.0,0.0,1.202386310562952,0,0,0,0,0,0,-0.25617669883319366,0.016424763142218197,0.48260570856176777,0.0,0.0,0.0
image_1550.png,surface,0.0,0.0,2.4609935483151495,-18.72012701335086,-13.548880888737616,0.0,-0.7105260319718804,2.8007627949749527,0.0,0.0,0.0,0.9737393731883484,0,0,0,0,0,0,-0.06774236739260919,0.8637984450922077,1.7754255759939856,0.0,0.0,0.0
image_1551.png,surface,0.0,0.0,1.8223313025061099,-10.019937047628547,18.953801816541908,0.0,-0.021938553308338965,-1.3633445057780256,0.0,0.0,0.0,-2.8250561876303677,0,0,0,0,0,0,-0.2333605240499894,-0.7569706278117851,1.4203779752586627,0.0,0.0,0.0
image_1552.png,surface,0.0,0.0,1.261992226647103,6.378582538076407,-1.3832464581799087,0.0,-0.5549817375418611,-2.506646341463841,0.0,0.0,0.0,-2.7498239480584625,0,0,0,0,0,0,0.013984647150671483,-0.17855499860717186,0.2938320351594859,0.0,0.0,0.0
image_1553.png,surface,0.0,0.0,1.6135332885776104,-15.281867826267234,8.176029750969132,0.0,-1.728064803954119,1.656262031205053,0.0,0.0,0.0,-2.273500733960346,0,0,0,0,0,0,-0.37736175523907717,0.2906637209607129,0.7332603826657934,0.0,0.0,0.0
image_1554.png,surface,0.0,0.0,2.4356639994332836,-3.306767436348462,-10.766886254550936,0.0,2.5674501326324246,0.6369811945975986,0.0,0.0,0.0,-0.9133934164732418,0,0,0,0,0,0,1.4957500110144173,0.209423988851377,2.2150481948289973,0.0,0.0,0.0
image_1555.png,surface,0.0,0.0,2.170384399459958,-6.616627258033884,-7.33628069854011,0.0,-0.833899266720422,-1.6798466123448983,0.0,0.0,0.0,2.4444057404213195,0,0,0,0,0,0,-0.24293929966935232,-0.801692358620148,1.1230088621144931,0.0,0.0,0.0
image_1556.png,surface,0.0,0.0,0.7772581030604032,-17.36750325106424,2.5992142566308063,0.0,-1.8114552621978264,0.9989521267783694,0.0,0.0,0.0,0.4238895688566391,0,0,0,0,0,0,-0.18207435315756607,0.08667480122688823,0.37740890057031423,0.0,0.0,0.0
image_1557.png,surface,0.0,0.0,1.8281164454856633,10.029984383394412,-7.317445597846009,0.0,-2.8949651974333914,0.7284323802133463,0.0,0.0,0.0,-1.6519513457852968,0,0,0,0,0,0,-0.44569461594918114,0.14773792074527584,0.7582744909892974,0.0,0.0,0.0
image_1558.png,surface,0.0,0.0,0.9967380974815427,-3.3744856540696797,-23.996538186338114,0.0,-2.5439777372068746,0.7158977461228366,0.0,0.0,0.0,1.9119666532500768,0,0,0,0,0,0,-0.34729225274664444,0.12527401712772243,0.6179034074834856,0.0,0.0,0.0
image_1559.png,surface,0.0,0.0,2.946018272782015,-13.517295652856625,-5.150080781704944,0.0,0.48387981562409677,-2.579924925949583,0.0,0.0,0.0,-2.175518243940087,0,0,0,0,0,0,0.5546893335067814,-1.8998280167647985,4.063111150724361,0.0,0.0,0.0
image_1560.png,surface,0.0,0.0,2.346563432562107,-5.089949760356934,7.209356683294997,0.0,-1.381419271188977,0.12645398656771026,0.0,0.0,0.0,-0.5272928639913808,0,0,0,0,0,0,-0.7196043769871443,-0.09667501378268581,1.3279986089541327,0.0,0.0,0.0
image_1561.png,surface,0.0,0.0,0.7025019874143854,-12.449504103886603,3.244330108751909,0.0,-1.5005687909300565,-0.9233656850330296,0.0,0.0,0.0,0.7144760352655277,0,0,0,0,0,0,-0.12940021859103146,-0.08818026031386299,0.24979273464563637,0.0,0.0,0.0
image_1562.png,surface,0.0,0.0,1.120573147965025,-2.2771148868596627,11.47417751788553,0.0,0.1818519601261843,0.1592256523003304,0.0,0.0,0.0,-0.5583538609084906,0,0,0,0,0,0,0.09169995967097141,0.06467810905011989,0.3384876447161211,0.0,0.0,0.0
image_1563.png,surface,0.0,0.0,0.6953141890306149,0.03753692550706935,-22.070113597096547,0.0,-2.1686761536468127,-0.8282422871883124,0.0,0.0,0.0,2.169336614213857,0,0,0,0,0,0,-0.22926055240738286,-0.05509791486028103,0.43623515210346714,0.0,0.0,0.0
image_1564.png,surface,0.0,0.0,1.4252408941469568,1.9195533700848475,11.262634337335976,0.0,1.8956801007121182,1.0115636969968205,0.0,0.0,0.0,0.5833494246912774,0,0,0,0,0,0,0.27981165043292466,0.11323978304689009,0.46925234596807425,0.0,0.0,0.0
image_1565.png,surface,0.0,0.0,2.5567113862234825,-10.496980906651476,-1.3174199778349163,0.0,2.385678572168655,0.37243380499619627,0.0,0.0,0.0,1.2748471529599046,0,0,0,0,0,0,1.2496999681982621,0.035371209582681445,1.7472495343205383,0.0,0.0,0.0
image_1566.png,surface,0.0,0.0,0.6668888708610516,8.153499325283905,-16.10139147100578,0.0,-0.8362939047306586,-0.7717595531614839,0.0,0.0,0.0,0.2604169971033743,0,0,0,0,0,0,-0.11673505006476216,-0.1214985711415789,0.3132457700072401,0.0,0.0,0.0
image_1567.png,surface,0.0,0.0,0.9133929984730078,-15.935103041780721,6.99099732854549,0.0,-1.7601855328938325,2.10324103144108,0.0,0.0,0.0,-2.639238855017647,0,0,0,0,0,0,-0.16843669692542268,0.1653377914506812,0.3644128185811343,0.0,0.0,0.0
image_1568.png,surface,0.0,0.0,1.1686131092056302,13.546674847060348,1.7306198675167588,0.0,2.829732341158353,0.4433226103754545,0.0,0.0,0.0,0.46041446225934113,0,0,0,0,0,0,0.21313004036581526,-0.0027230404175060006,0.44168368132229846,0.0,0.0,0.0
image_1569.png,surface,0.0,0.0,2.0602007541032505,8.422874649707895,4.65185176538693,0.0,-0.09442166668732772,-1.1767406454332403,0.0,0.0,0.0,-1.1762108276435987,0,0,0,0,0,0,-0.016472937290114988,-0.5402427240797144,0.8348218605063215,0.0,0.0,0.0
image_1570.png,surface,0.0,0.0,2.9367086196459793,12.794141990417465,19.93060730646006,0.0,0.09217133649513978,0.6186166008547055,0.0,0.0,0.0,-2.311308037109174,0,0,0,0,0,0,-0.3880454229937526,1.0070608892414104,3.9820933076433613,0.0,0.0,0.0
image_1571.png,surface,0.0,0.0,2.556830164176386,13.359065782550331,6.0643814582824795,0.0,1.624015391309372,1.8016171500430622,0.0,0.0,0.0,2.4337034512943365,0,0,0,0,0,0,0.7218232925977308,1.029984138787278,2.081105929200653,0.0,0.0,0.0
image_1572.png,surface,0.0,0.0,1.0023162922650972,-0.8343914307257585,-18.83714946044844,0.0,0.273683013456125,1.1616001291872886,0.0,0.0,0.0,2.6421279783320992,0,0,0,0,0,0,0.11455570359400792,0.33948338376653636,0.5226166702597265,0.0,0.0,0.0
image_1573.png,surface,0.0,0.0,2.2751570166868467,1.775241837739056,11.335625579769893,0.0,1.9095257990746697,-0.09935683030987244,0.0,0.0,0.0,1.4321878588321422,0,0,0,0,0,0,0.7437978622145053,-0.015219766631640819,0.9525190236481923,0.0,0.0,0.0
image_1574.png,surface,0.0,0.0,1.890969380595114,-12.47054246274947,-3.7252816664164285,0.0,2.3640504528955257,-0.7233234603105846,0.0,0.0,0.0,-0.16197173338252213,0,0,0,0,0,0,0.49732929965012584,-0.22040581736357218,1.0987316450377993,0.0,0.0,0.0
image_1575.png,surface,0.0,0.0,1.7290696629933433,-16.32319038906952,5.865503309008767,0.0,-0.6737797751509991,1.6353933855156113,0.0,0.0,0.0,0.3385586355693966,0,0,0,0,0,0,-0.2270598994767192,0.49848629147296813,0.870762056316604,0.0,0.0,0.0
image_1576.png,surface,0.0,0.0,2.770964517510826,-11.250804653063451,-10.747744466012922,0.0,-1.8824386708929945,-0.8498838222872123,0.0,0.0,0.0,2.4106568321129096,0,0,0,0,0,0,-0.5669283728348584,-0.657696848708637,2.1825914849127206,0.0,0.0,0.0
image_1577.png,surface,0.0,0.0,1.9703243898729852,-14.560436662996404,-4.661940422316914,0.0,-0.5538565054028268,-1.432018937347342,0.0,0.0,0.0,-0.6973127049307499,0,0,0,0,0,0,-0.22144412540054345,-0.9356011353386797,1.5281204075572756,0.0,0.0,0.0
image_1578.png,surface,0.0,0.0,0.8430241869824222,-16.878268346452614,8.124287603820287,0.0,1.2476920244344745,0.8971056315194934,0.0,0.0,0.0,2.0452173031678456,0,0,0,0,0,0,0.24913947950304863,0.11571584637280245,0.3514837267053009,0.0,0.0,0.0
image_1579.png,surface,0.0,0.0,0.9124194763911959,-19.060005308673343,-8.976240217132931,0.0,-1.6667001941338926,-2.3354966539337583,0.0,0.0,0.0,1.0098182176197685,0,0,0,0,0,0,-0.12565028164694023,-0.38408555878533845,0.7228367210291109,0.0,0.0,0.0
image_1580.png,surface,0.0,0.0,2.8049335347138076,2.435550076188642,3.134848251095633,0.0,2.455976541686275,1.1940409469567321,0.0,0.0,0.0,-2.2284024718190487,0,0,0,0,0,0,1.1091473397345437,0.4751162808187401,1.5857363710426402,0.0,0.0,0.0
image_1581.png,surface,0.0,0.0,0.7005129895404028,-4.698277298493645,-5.335025215572892,0.0,-0.2428008162592731,0.03133467214426124,0.0,0.0,0.0,0.9236478533515342,0,0,0,0,0,0,-0.06899640474728905,0.018910265083095974,0.16433568005355592,0.0,0.0,0.0
image_1582.png,surface,0.0,0.0,0.8447852760434491,3.117296086042206,14.79759692321768,0.0,1.3774392432879736,-0.1621120522329885,0.0,0.0,0.0,0.8306751824192711,0,0,0,0,0,0,0.19412315623645043,-0.02708410564309661,0.2670828829003132,0.0,0.0,0.0
image_1583.png,surface,0.0,0.0,2.132784209525068,-0.9218844172907067,12.408870027553585,0.0,2.084150888697444,-0.2499962665004407,0.0,0.0,0.0,-1.4224919634636268,0,0,0,0,0,0,0.6096447811736377,-0.08658513438471743,0.9238338571133118,0.0,0.0,0.0
image_1584.png,surface,0.0,0.0,1.060843528501087,17.55714085310019,15.997075048495121,0.0,2.4545035592056177,-0.6029493080939711,0.0,0.0,0.0,1.266876007076215,0,0,0,0,0,0,0.3143889910862336,-0.0827530567087818,0.5152075637236275,0.0,0.0,0.0
image_1585.png,surface,0.0,0.0,2.5652477585278644,-20.915079217458473,11.083909405681483,0.0,0.02704260358024859,0.2475075836317712,0.0,0.0,0.0,-2.1888138619026227,0,0,0,0,0,0,-0.2429940877091197,-0.4275267841634017,2.7464428029408667,0.0,0.0,0.0
image_1586.png,surface,0.0,0.0,1.5400161946783906,23.05029303922187,-9.573138735581285,0.0,0.21395654368263756,-1.5139866513081597,0.0,0.0,0.0,-2.483176991709797,0,0,0,0,0,0,0.23517766070228024,-0.502063526544839,0.9385180899588182,0.0,0.0,0.0
image_1587.png,surface,0.0,0.0,1.7059995319700965,-3.4638445037065333,-14.589471861586885,0.0,1.2947081931425417,1.6296339031064353,0.0,0.0,0.0,-0.403040016818653,0,0,0,0,0,0,0.40522147346088516,0.2655790285877782,0.965649085864065,0.0,0.0,0.0
image_1588.png,surface,0.0,0.0,0.8215953941923089,11.59371124057548,-19.574527753287168,0.0,-1.4560205549496164,-1.2379428463110758,0.0,0.0,0.0,1.8170671756931638,0,0,0,0,0,0,-0.2229888437439903,-0.1689276113425061,0.4808885286563242,0.0,0.0,0.0
image_1589.png,surface,0.0,0.0,0.5704090243833835,12.389208451198547,-16.023780616399097,0.0,1.1910774456976752,1.8628816053215307,0.0,0.0,0.0,0.7408480957926731,0,0,0,0,0,0,0.09586993825328069,0.21274480821668929,0.38316558431053843,0.0,0.0,0.0
image_1590.png,surface,0.0,0.0,2.398090580604343,-7.471636751932477,14.037382858049,0.0,1.262653528617038,-1.6766124399784654,0.0,0.0,0.0,0.458674744328154,0,0,0,0,0,0,0.5039951778218463,-0.9701810743667649,1.5600121675176646,0.0,0.0,0.0
image_1591.png,surface,0.0,0.0,0.6849742593870121,-1.328885927550619,3.253104416984972,0.0,0.9911743235412933,-0.2979566345928909,0.0,0.0,0.0,-0.11889697018618639,0,0,0,0,0,0,0.03746284408106737,-0.0007598085047114123,0.14933436067154376,0.0,0.0,0.0
image_1592.png,surface,0.0,0.0,2.100397551084587,-13.806956969747437,-3.4514964790151335,0.0,-1.688885730603065,0.7767907121680242,0.0,0.0,0.0,-1.4009613751758165,0,0,0,0,0,0,-0.7334520540383966,0.15788443183303622,1.0104654716927302,0.0,0.0,0.0
image_1593.png,surface,0.0,0.0,1.8438286283608625,14.78927571813619,6.256241382041687,0.0,0.9625022568300031,-1.2111991924304448,0.0,0.0,0.0,0.7350912408565544,0,0,0,0,0,0,0.3416551722105592,-0.43108514200534204,0.7689594140680304,0.0,0.0,0.0
image_1594.png,surface,0.0,0.0,1.7962263659689646,5.238730972063251,-3.362968585734551,0.0,0.014168803585193882,-0.9906611054943434,0.0,0.0,0.0,2.6550425241147426,0,0,0,0,0,0,0.03484214951218547,-0.4046570201023378,0.5854801926238832,0.0,0.0,0.0
image_1595.png,surface,0.0,0.0,1.2492125554076858,-7.83843735485045,-2.992115457634429,0.0,1.1118320572074125,-2.2263576492713204,0.0,0.0,0.0,-0.6328078075878256,0,0,0,0,0,0,0.18508312967480192,-0.2871462637836226,0.41309676695365943,0.0,0.0,0.0
image_1596.png,surface,0.0,0.0,2.3900715891777407,1.7413962732369015,-9.553644305029191,0.0,1.293216569578398,1.0251743765544779,0.0,0.0,0.0,-1.261845903540513,0,0,0,0,0,0,0.8673768515802326,0.4485229831538416,1.6871750336753653,0.0,0.0,0.0
image_1597.png,surface,0.0,0.0,1.5015338784617307,-0.16614161976124422,-0.9690745890708498,0.0,-2.204857808773655,1.2596363373547301,0.0,0.0,0.0,-0.9233167762478098,0,0,0,0,0,0,-0.21550875442572376,0.11670375473917678,0.3864972259476271,0.0,0.0,0.0
image_1598.png,surface,0.0,0.0,0.8781364295243892,-14.049142320315056,5.1467637813770075,0.0,-0.8478991563060683,0.4751848160048119,0.0,0.0,0.0,-1.7806977385423413,0,0,0,0,0,0,-0.1949023639131445,0.08600937887183054,0.30375996995740573,0.0,0.0,0.0
image_1599.png,surface,0.0,0.0,0.6401078509441804,16.804484054093617,7.887068883273263,0.0,-1.4731514475072602,0.6728572958305956,0.0,0.0,0.0,-1.8868290168337765,0,0,0,0,0,0,-0.13845850783260244,0.06047792539053541,0.26727715422901777,0.0,0.0,0.0
image_1600.png,surface,0.0,0.0,1.3563699894686625,6.195506075579848,-18.584913210238078,0.0,2.290285207665448,0.11777311577801736,0.0,0.0,0.0,-2.950510869911794,0,0,0,0,0,0,0.6240266416126244,-0.03956667393478339,1.0166151640979195,0.0,0.0,0.0
image_1601.png,surface,0.0,0.0,2.020137448625228,-11.375432242845202,6.564031079536169,0.0,1.3342940816155315,1.4505352304662615,0.0,0.0,0.0,1.3257872260984804,0,0,0,0,0,0,0.461628804181582,0.3856303454346691,0.8483694944287183,0.0,0.0,0.0
image_1602.png,surface,0.0,0.0,1.0508052329788569,9.889073186742747,-20.294615290516166,0.0,0.07845557066668651,-1.3415714011941324,0.0,0.0,0.0,-2.7357445880071785,0,0,0,0,0,0,0.15824003396868117,-0.3758692444579938,0.6624518328587675,0.0,0.0,0.0
image_1603.png,surface,0.0,0.0,2.3555119834326534,18.461552628949818,-12.104641726318794,0.0,-0.756810613562418,0.2276887773349883,0.0,0.0,0.0,-2.0540311945829437,0,0,0,0,0,0,0.013786801451510853,0.37308485304321326,2.3778364032642556,0.0,0.0,0.0
image_1604.png,surface,0.0,0.0,0.7718145331625199,10.251339151964777,-18.164634256547735,0.0,-1.3311816821441165,2.177198729950459,0.0,0.0,0.0,-0.715201526853102,0,0,0,0,0,0,-0.15941493304369667,0.22207330600745182,0.45735043583021734,0.0,0.0,0.0
image_1605.png,surface,0.0,0.0,1.6799118931207766,-19.447512533788892,-5.7720992738812,0.0,-0.7669874338832265,0.26821704048820405,0.0,0.0,0.0,-1.463661718138354,0,0,0,0,0,0,-0.39176644402796656,-0.0902190011463805,1.0855948838105922,0.0,0.0,0.0
image_1606.png,surface,0.0,0.0,1.8417606333114929,13.414297641967158,-0.20189523655224434,0.0,0.6359844327010502,0.6974419202869747,0.0,0.0,0.0,-0.3932847225510221,0,0,0,0,0,0,0.39407210736818554,0.4333976026718548,0.9429394374396729,0.0,0.0,0.0
image_1607.png,surface,0.0,0.0,2.552530240667351,-3.672158262444727,-7.914398982168753,0.0,1.7420634523146292,-1.9452444637345143,0.0,0.0,0.0,0.8189524421212466,0,0,0,0,0,0,1.105993983667922,-1.0323721083735125,2.0431716610164274,0.0,0.0,0.0
image_1608.png,surface,0.0,0.0,0.79486920739454,-5.480174578699707,8.322454393919719,0.0,1.1997143990987873,1.825138939132647,0.0,0.0,0.0,0.863039251213964,0,0,0,0,0,0,0.07887803647536731,0.1038168991064737,0.21140739969821373,0.0,0.0,0.0
image_1609.png,surface,0.0,0.0,0.5041874851845525,3.342188079084211,4.6941005212464395,0.0,0.9386728379827302,-1.7226432207612612,0.0,0.0,0.0,-0.17318578950449126,0,0,0,0,0,0,0.023778009259124034,-0.03953993119238154,0.09555469767714433,0.0,0.0,0.0
image_1610.png,surface,0.0,0.0,1.834274279378217,-7.231892884332982,-11.488458405293791,0.0,-1.9404481485120222,1.9132194771450557,0.0,0.0,0.0,-0.424288977949387,0,0,0,0,0,0,-0.37704215834043336,0.33192934558926107,0.8310056570493611,0.0,0.0,0.0
image_1611.png,surface,0.0,0.0,0.8768126804603635,1.6438069434525062,-4.347570476331642,0.0,-0.14578673878160292,1.0593695633096942,0.0,0.0,0.0,-0.5498231023555014,0,0,0,0,0,0,-0.030462150110767108,0.07210315282286875,0.20448508798576429,0.0,0.0,0.0
image_1612.png,surface,0.0,0.0,1.9292334158645914,-2.761143135676399,-17.949602005798653,0.0,0.7666193877661415,-2.5643414244191356,0.0,0.0,0.0,0.07338150116737818,0,0,0,0,0,0,0.4996364848803377,-0.602867934374869,1.6343443972867056,0.0,0.0,0.0
image_1613.png,surface,0.0,0.0,0.5822570143985759,-5.369063008166961,-15.854296000586245,0.0,0.5764091770544456,-2.534265244970109,0.0,0.0,0.0,-2.9306156065049818,0,0,0,0,0,0,0.08212727161158268,-0.1657184822542841,0.27250238307002816,0.0,0.0,0.0
image_1614.png,surface,0.0,0.0,1.7266875489026048,-5.887704979716907,-5.000234009359497,0.0,-1.1821094777891061,-0.3691388516211408,0.0,0.0,0.0,0.422976289645808,0,0,0,0,0,0,-0.44116699321838937,-0.20587978893188494,0.6709327812084072,0.0,0.0,0.0
image_1615.png,surface,0.0,0.0,1.4768500145540178,6.462641266710966,0.24975673088397474,0.0,1.366904567108206,-2.0350619910312053,0.0,0.0,0.0,2.96300661401739,0,0,0,0,0,0,0.1709112900549245,-0.21824437453650497,0.3814283073710916,0.0,0.0,0.0
image_1616.png,surface,0.0,0.0,0.8906184560929427,-13.01940397995618,18.353217957832538,0.0,0.6442553967645955,2.7465279356941736,0.0,0.0,0.0,-2.9312601993483955,0,0,0,0,0,0,0.015833743492826846,0.29630172030002055,0.4183666558702342,0.0,0.0,0.0
image_1617.png,surface,0.0,0.0,1.669618103422054,4.8442942185855165,13.998774940324509,0.0,-0.27779083562514,0.4765582700065506,0.0,0.0,0.0,1.6406865036666751,0,0,0,0,0,0,-0.18382300476014776,0.18711110307326942,0.7477302471485917,0.0,0.0,0.0
image_1618.png,surface,0.0,0.0,1.6929235207588273,12.443573273290037,20.148667245198812,0.0,2.3549903049436822,-1.4451093103438037,0.0,0.0,0.0,-1.0917815870801209,0,0,0,0,0,0,0.4343961046371142,-0.38804505776330683,0.8388368012995426,0.0,0.0,0.0
image_1619.png,surface,0.0,0.0,0.6697035858457641,3.5641384905393605,1.1645263421262562,0.0,-2.4996485230262793,0.6558963682867678,0.0,0.0,0.0,-2.4309648637368886,0,0,0,0,0,0,-0.050943745643875736,0.011397127570670518,0.11746939675649329,0.0,0.0,0.0
image_1620.png,surface,0.0,0.0,2.1922694821115956,13.018670597651093,-6.553082343224093,0.0,-2.167087843138421,-0.003855949130847594,0.0,0.0,0.0,-1.8752438527324033,0,0,0,0,0,0,-0.8071739272156389,0.024792095309008597,1.1254272052062946,0.0,0.0,0.0
image_1621.png,surface,0.0,0.0,2.7842499327252916,-15.701162873913955,-2.915140840829267,0.0,1.1366407932963127,-0.17926559565133915,0.0,0.0,0.0,2.9802480156931583,0,0,0,0,0,0,0.9343552301960829,-0.4952205306949535,2.7784015530146036,0.0,0.0,0.0
image_1622.png,surface,0.0,0.0,2.0336068337577347,13.37041969402014,20.15140334188203,0.0,1.3852331840399577,1.8775006640295948,0.0,0.0,0.0,1.74636144857734,0,0,0,0,0,0,0.4526344343197398,0.9775809484996064,1.68425203172969,0.0,0.0,0.0
image_1623.png,surface,0.0,0.0,2.067978236394071,-0.6948972332337624,4.736932577443458,0.0,-2.106291833808773,-1.3540619556271352,0.0,0.0,0.0,1.0242451962206376,0,0,0,0,0,0,-0.45333450371676964,-0.19451569651359335,0.8604076177970473,0.0,0.0,0.0
image_1624.png,surface,0.0,0.0,2.371007638349685,-9.362845334164227,3.9803068943096727,0.0,2.4909782645474117,-1.3403261295262678,0.0,0.0,0.0,-0.8758762026903089,0,0,0,0,0,0,0.4500852685805546,-0.3613337774113418,1.3274626880473621,0.0,0.0,0.0
image_1625.png,surface,0.0,0.0,2.840176521517356,13.134471234736193,14.584111319400758,0.0,0.6708748727397662,0.20504245728716694,0.0,0.0,0.0,1.361873747809355,0,0,0,0,0,0,0.14191472000793992,0.3061178798639936,2.6657777744568247,0.0,0.0,0.0
image_1626.png,surface,0.0,0.0,2.9561925249688885,-1.2928945327925376,15.041789304629008,0.0,2.9032186742171495,-0.09158596748355984,0.0,0.0,0.0,-2.598671490870878,0,0,0,0,0,0,1.1382200042812058,0.04254455695635398,1.607615342061536,0.0,0.0,0.0
image_1627.png,surface,0.0,0.0,1.7317121881373685,3.6315052985446696,5.8955276886754575,0.0,2.7999522779356103,0.3447169896650742,0.0,0.0,0.0,1.8870894883190594,0,0,0,0,0,0,0.3572164973945417,-0.02501390276069461,0.5276677248060367,0.0,0.0,0.0
image_1628.png,surface,0.0,0.0,2.8625195851100136,-5.124847941657799,21.778644185854162,0.0,-0.7038057631381089,-0.8643053472645578,0.0,0.0,0.0,-0.6132277046920316,0,0,0,0,0,0,-1.2483546174439695,-0.919741115991889,4.568140683226913,0.0,0.0,0.0
image_1629.png,surface,0.0,0.0,1.3981066015566088,0.5918659557386095,12.914869409470338,0.0,-1.636617358964012,2.3192884024843456,0.0,0.0,0.0,-2.93415015938071,0,0,0,0,0,0,-0.23226476325463796,0.25735799495295086,0.4786309618365548,0.0,0.0,0.0
image_1630.png,surface,0.0,0.0,2.3191120046337743,-13.939629702870922,-15.277496829024791,0.0,-0.6093691953172562,0.5598515401033821,0.0,0.0,0.0,0.6849353241539844,0,0,0,0,0,0,-0.04425047345227139,-0.01743784114850011,1.961075277110554,0.0,0.0,0.0
image_1631.png,surface,0.0,0.0,2.8419892129107858,14.658127961869434,-10.362450366721388,0.0,-2.2388778853527715,1.1433078326655772,0.0,0.0,0.0,-1.0813508943738102,0,0,0,0,0,0,-0.8311893513137558,0.8279348544288337,2.650999755452632,0.0,0.0,0.0
image_1632.png,surface,0.0,0.0,0.5405819434528989,-3.55872313136392,-8.883075008300695,0.0,-1.471248997205987,0.3919442194932966,0.0,0.0,0.0,0.6449432274469871,0,0,0,0,0,0,-0.06548083886220347,0.0035001530496537796,0.15299202086025118,0.0,0.0,0.0
image_1633.png,surface,0.0,0.0,2.801358105552965,7.582685686080965,10.915176090319397,0.0,-0.7800949346765272,-2.09574107561911,0.0,0.0,0.0,-1.8850652306630753,0,0,0,0,0,0,-0.48725743167285474,-0.8486022749979804,1.807810829789361,0.0,0.0,0.0
image_1634.png,surface,0.0,0.0,2.7126252817941254,-7.4608933687198284,10.009919616765321,0.0,-2.8632496583524634,0.06968460571026429,0.0,0.0,0.0,-2.9518693212770186,0,0,0,0,0,0,-1.385650401321505,-0.17016249680047374,2.2110622830848934,0.0,0.0,0.0
image_1635.png,surface,0.0,0.0,1.0137145065562763,-17.06589722395267,-5.916711381160757,0.0,-2.624062549693858,0.6307903853895321,0.0,0.0,0.0,1.6012084012632801,0,0,0,0,0,0,-0.2711642714896106,0.06977496113141358,0.46717565245433906,0.0,0.0,0.0
image_1636.png,surface,0.0,0.0,1.5242839993666712,-7.625784957091254,20.650524240102637,0.0,-0.08185385378636433,2.2848702067407074,0.0,0.0,0.0,2.2878053666486116,0,0,0,0,0,0,-0.06902379876717285,0.5610076770035035,0.8119201737570038,0.0,0.0,0.0
image_1637.png,surface,0.0,0.0,0.8072991082147114,-7.944529234416801,17.324194656165396,0.0,0.149551079156673,-2.879683251512593,0.0,0.0,0.0,1.4402432803487404,0,0,0,0,0,0,0.048094767575962455,-0.17952560284610955,0.33560706984223093,0.0,0.0,0.0
image_1638.png,surface,0.0,0.0,2.367967017567112,7.0631526176170745,16.925326786630134,0.0,1.600850481378387,-0.6302543584987317,0.0,0.0,0.0,-0.04705432261386644,0,0,0,0,0,0,0.6708719375038872,-0.23749914906583633,1.2769521425842616,0.0,0.0,0.0
image_1639.png,surface,0.0,0.0,2.4435339004485415,-24.114297260206182,-4.1258230576375805,0.0,-0.4456912353539576,2.5290522748977162,0.0,0.0,0.0,2.4186489903825654,0,0,0,0,0,0,0.039298243413280844,0.9291278185749382,1.5464533685763773,0.0,0.0,0.0
image_1640.png,surface,0.0,0.0,2.702354801077546,15.780299096668946,4.385140731784247,0.0,0.8233173897391888,2.3074123043596373,0.0,0.0,0.0,-2.5294430481348127,0,0,0,0,0,0,0.5201728684532141,1.470937352738901,3.1836917387596437,0.0,0.0,0.0
image_1641.png,surface,0.0,0.0,1.6036299016792168,19.796163809863614,-13.466623897701833,0.0,-0.456418969883229,-0.4231484384361662,0.0,0.0,0.0,0.39496624113203627,0,0,0,0,0,0,-0.12291696721853597,-0.07015250573002801,1.2755453502039906,0.0,0.0,0.0
image_1642.png,surface,0.0,0.0,2.075153725423561,11.268823040647618,3.8989608838472836,0.0,-2.9165014368904045,-0.08246045000442978,0.0,0.0,0.0,0.3704303699072149,0,0,0,0,0,0,-0.6560350319568319,0.013234511283926975,1.000617925030827,0.0,0.0,0.0
image_1643.png,surface,0.0,0.0,2.6091188006489956,7.657444992434279,-6.142214841373386,0.0,-1.2747473665337163,0.6124606749300538,0.0,0.0,0.0,-2.216993510735451,0,0,0,0,0,0,-0.5097661846773639,0.28900409782930425,1.5011680519542854,0.0,0.0,0.0
image_1644.png,surface,0.0,0.0,0.733445793120395,-0.15228234956175193,21.828061803314817,0.0,-2.135967238016324,-0.32581145247575816,0.0,0.0,0.0,0.5551779897309954,0,0,0,0,0,0,-0.21347246561436245,-0.014747835883372902,0.42201091803627233,0.0,0.0,0.0
image_1645.png,surface,0.0,0.0,0.7978954189694177,-0.18288490526579287,-10.007409314805098,0.0,-0.19252507668312965,0.7285465844223039,0.0,0.0,0.0,1.7593277517252979,0,0,0,0,0,0,-0.030835013159185225,0.1326833298755288,0.21671301667523996,0.0,0.0,0.0
image_1646.png,surface,0.0,0.0,2.5444616334492176,9.416836245559333,14.560271134423889,0.0,2.061965111788044,-1.4200939070980267,0.0,0.0,0.0,-2.522682406392778,0,0,0,0,0,0,0.6772623535867766,-0.4361127775768894,1.2338015775741398,0.0,0.0,0.0
image_1647.png,surface,0.0,0.0,1.604923684283715,0.24989924481769044,-2.934426725811244,0.0,-0.7828485510706864,0.41755179676855053,0.0,0.0,0.0,-1.1625884378977356,0,0,0,0,0,0,-0.3140359126077312,0.1447175639563611,0.47431679853705355,0.0,0.0,0.0
image_1648.png,surface,0.0,0.0,2.5071734695680936,-12.968676198611856,6.197322747452793,0.0,-1.6690982958431155,1.002465783262213,0.0,0.0,0.0,2.931630189154415,0,0,0,0,0,0,-0.7282030554506655,0.16656795760116633,1.525431871008311,0.0,0.0,0.0
image_1649.png,surface,0.0,0.0,0.5003759527021387,0.40493486932200495,-15.970222238210908,0.0,1.2674237568317408,0.49893104574148295,0.0,0.0,0.0,0.599635007549276,0,0,0,0,0,0,0.16300354964847255,0.02885856525658393,0.2468451696583998,0.0,0.0,0.0
image_1650.png,surface,0.0,0.0,0.7875701990193338,-12.318390243764334,-8.169102437556749,0.0,-1.2335780336336366,-0.5002991232179078,0.0,0.0,0.0,-1.4795252487460515,0,0,0,0,0,0,-0.18589277515136687,-0.07227147478975104,0.30966179894321366,0.0,0.0,0.0
image_1651.png,surface,0.0,0.0,1.4208581609195365,-3.2078858265751884,-9.679017235309207,0.0,2.222190905752135,0.6551481080625664,0.0,0.0,0.0,1.1313438436409946,0,0,0,0,0,0,0.34509159981598064,0.03695217758937898,0.5402618661151384,0.0,0.0,0.0
image_1652.png,surface,0.0,0.0,1.4941430014891868,-21.052746635015477,12.623234341781034,0.0,-2.393684150398821,0.397507484501828,0.0,0.0,0.0,-1.0523491762301413,0,0,0,0,0,0,-0.6533108488683886,-0.09856273677575743,1.2570203508599638,0.0,0.0,0.0
image_1653.png,surface,0.0,0.0,2.584394701765003,-13.207774674310645,13.671712956929326,0.0,1.5657128094160504,-1.8238133508762773,0.0,0.0,0.0,2.857562519962669,0,0,0,0,0,0,0.6334654033525816,-1.2312437256936193,2.3274241099673967,0.0,0.0,0.0
image_1654.png,surface,0.0,0.0,1.7744562458225708,-10.58453981001548,19.433600988010628,0.0,1.911047965956975,-0.5270221542073648,0.0,0.0,0.0,0.1661466548965942,0,0,0,0,0,0,0.4763713525490381,-0.23066401872842274,1.0864992503407676,0.0,0.0,0.0
image_1655.png,surface,0.0,0.0,2.794911335130936,5.1122221030573805,24.146670223003923,0.0,-0.26267502092806283,2.1264833280389537,0.0,0.0,0.0,-0.9741533033136145,0,0,0,0,0,0,-0.9440983699347484,1.3961363291384352,4.5024948381551075,0.0,0.0,0.0
image_1656.png,surface,0.0,0.0,1.5617442642299038,-14.920432027919663,13.058764977492244,0.0,0.6695833443666751,1.2485052636999885,0.0,0.0,0.0,-1.639755542773972,0,0,0,0,0,0,0.23242912737394075,0.4427607087174908,0.6520884623240963,0.0,0.0,0.0
image_1657.png,surface,0.0,0.0,0.6674096315407583,19.097518076466166,-10.985873291936024,0.0,1.0390265015178786,0.3603506928566643,0.0,0.0,0.0,1.92232999931438,0,0,0,0,0,0,0.30301438527448926,0.13862965730370472,0.5154130000712221,0.0,0.0,0.0
image_1658.png,surface,0.0,0.0,1.6449051118011635,-19.737768599015542,-0.20913237423083866,0.0,0.12024621043876554,1.02111508796899,0.0,0.0,0.0,-2.0903246130428066,0,0,0,0,0,0,0.054641938328186646,0.31794761062057647,0.8324772065392015,0.0,0.0,0.0
image_1659.png,surface,0.0,0.0,1.5275219592871592,12.643671100073153,20.314339752419993,0.0,1.89525199966561,-2.2384782410721917,0.0,0.0,0.0,-1.0642473403390502,0,0,0,0,0,0,0.3133784561305208,-0.3637406242275079,0.7662329164548363,0.0,0.0,0.0
image_1660.png,surface,0.0,0.0,1.8736431297934935,12.525657069528839,7.373375293622498,0.0,-0.8541958916683957,1.4653945003274302,0.0,0.0,0.0,0.45488084859487277,0,0,0,0,0,0,-0.4065363864153065,0.7554997769796835,1.2048439845783185,0.0,0.0,0.0
image_1661.png,surface,0.0,0.0,2.0995728848898105,-16.967137228653545,17.39666942906202,0.0,-2.232679164140975,0.4747110550243149,0.0,0.0,0.0,-0.8392036569296759,0,0,0,0,0,0,-1.4945811994993765,-0.30481063169129136,2.640129493060307,0.0,0.0,0.0
image_1662.png,surface,0.0,0.0,0.6472611761056668,-12.07179841339124,-3.466258291802535,0.0,-1.605182131161435,1.9558276363122695,0.0,0.0,0.0,-0.8003309627489577,0,0,0,0,0,0,-0.07173580673566743,0.0841405331086895,0.20865633904345962,0.0,0.0,0.0
image_1663.png,surface,0.0,0.0,2.04382358164613,17.10379597699477,-5.77759903783632,0.0,-0.576350510240389,-1.9590285604713655,0.0,0.0,0.0,2.5381882474049497,0,0,0,0,0,0,-0.2026213899603974,-0.6443034540727932,0.9357714953116201,0.0,0.0,0.0
image_1664.png,surface,0.0,0.0,0.8306841757648484,-11.691041991747463,9.016482404523458,0.0,-0.7764401127202082,-0.6364638572407462,0.0,0.0,0.0,1.5384589627153575,0,0,0,0,0,0,-0.15424811651561654,-0.1540145996972395,0.30358579566270544,0.0,0.0,0.0
image_1665.png,surface,0.0,0.0,1.5795329596962377,-22.056333566190457,1.1533098700946784,0.0,1.0381506558781308,2.291137555317703,0.0,0.0,0.0,-0.2867380048075736,0,0,0,0,0,0,0.21148639917278853,0.44363849990926896,0.8949075261703852,0.0,0.0,0.0
image_1666.png,surface,0.0,0.0,2.7308254326913364,8.86743098067598,-0.6924887197183541,0.0,-0.39073492937141124,0.9685635376739044,0.0,0.0,0.0,1.0359072417191904,0,0,0,0,0,0,-0.1316982724812821,0.5604413601055818,1.8535360481557588,0.0,0.0,0.0
image_1667.png,surface,0.0,0.0,0.8345913201762402,-9.61148708672482,20.603842072528316,0.0,-1.0338082853702977,2.7002542585003053,0.0,0.0,0.0,1.880047423640704,0,0,0,0,0,0,-0.13396588857166197,0.3016817308302749,0.4421079520401588,0.0,0.0,0.0
image_1668.png,surface,0.0,0.0,1.0218987665223307,18.16145994753163,-2.0646434326228795,0.0,0.788585684781282,1.6168649889587776,0.0,0.0,0.0,1.6217044279986856,0,0,0,0,0,0,0.08500364369937995,0.2787867971293033,0.5195887171364747,0.0,0.0,0.0
image_1669.png,surface,0.0,0.0,1.5575469085457325,24.264903937322547,1.7220930573020723,0.0,-1.3133860748719066,1.8901275101362367,0.0,0.0,0.0,1.3345080621250984,0,0,0,0,0,0,-0.6870968067250548,1.2029750738723703,2.027107431835988,0.0,0.0,0.0
image_1670.png,surface,0.0,0.0,0.6509846781233493,-1.8297686766202543,-16.71513006604638,0.0,1.377832064294727,-0.6135530523183667,0.0,0.0,0.0,1.179327881411898,0,0,0,0,0,0,0.21229452275936014,-0.07919312576434737,0.34612451763759794,0.0,0.0,0.0
image_1671.png,surface,0.0,0.0,1.2156915347909871,13.615266621185164,2.0501613372965566,0.0,1.8441475444501587,1.4439954809746074,0.0,0.0,0.0,0.9543331159826169,0,0,0,0,0,0,0.24247360133132823,0.1259347201752975,0.46342420610694723,0.0,0.0,0.0
image_1672.png,surface,0.0,0.0,0.693672819564656,-22.954478899509486,-6.818598595476645,0.0,-1.1685911037364471,-1.4180728793535737,0.0,0.0,0.0,1.5547746423465991,0,0,0,0,0,0,-0.17537651529598106,-0.45338229675850733,0.6919944728444801,0.0,0.0,0.0
image_1673.png,surface,0.0,0.0,1.6926090526844408,15.294783604391409,11.672358039415325,0.0,2.6719669746278396,1.2092495185754222,0.0,0.0,0.0,-1.251089265300562,0,0,0,0,0,0,0.4379786336819161,0.130031079070263,0.8206154904693517,0.0,0.0,0.0
image_1674.png,surface,0.0,0.0,1.9334468120695347,-7.992030760152763,3.775344477613608,0.0,-0.5237490653560378,0.07355211361136733,0.0,0.0,0.0,-0.39396808589912924,0,0,0,0,0,0,-0.2544082626606963,-0.06324029337039705,0.8630336302402211,0.0,0.0,0.0
image_1675.png,surface,0.0,0.0,2.373205888755486,3.2410815173202527,18.346383048520817,0.0,2.703967648392366,-0.8765095697733398,0.0,0.0,0.0,-1.5565878110912115,0,0,0,0,0,0,0.6883569316397089,-0.24272184934666807,1.1768019231315627,0.0,0.0,0.0
image_1676.png,surface,0.0,0.0,2.808098450300069,3.614766974165715,12.395654034228606,0.0,0.6656807468952723,-0.07307306969594267,0.0,0.0,0.0,0.7122388382776172,0,0,0,0,0,0,0.2849799888509987,-0.01663555887644462,1.8461001455743191,0.0,0.0,0.0
image_1677.png,surface,0.0,0.0,1.5940522352999846,17.614989701686625,-12.24975516374326,0.0,-2.025435943987051,-0.8508284546314768,0.0,0.0,0.0,1.5714136755847843,0,0,0,0,0,0,-0.4671684837580804,-0.1352789489910026,0.9728840181054641,0.0,0.0,0.0
image_1678.png,surface,0.0,0.0,2.0695248790672576,-6.789360783740145,17.37748875322496,0.0,-1.3029356012315743,-0.26290627328594185,0.0,0.0,0.0,-0.5399829632782644,0,0,0,0,0,0,-0.9058837121968714,-0.3319136145643187,1.8794143289414278,0.0,0.0,0.0
image_1679.png,surface,0.0,0.0,0.6501707272291104,-0.5084542527782924,-8.58595373429498,0.0,1.2901601131240894,-1.7651348333117447,0.0,0.0,0.0,-1.6471585425853366,0,0,0,0,0,0,0.07737897483172684,-0.05086626915081187,0.18285621339002606,0.0,0.0,0.0
image_1680.png,surface,0.0,0.0,1.6882845708000203,16.458694859933733,0.8157200225186192,0.0,-0.5214550246180726,2.712481698793736,0.0,0.0,0.0,-2.053380472208662,0,0,0,0,0,0,-0.01019057539676732,0.6416323260375969,1.0877988585396854,0.0,0.0,0.0
image_1681.png,surface,0.0,0.0,2.6750184073992456,10.729845273777828,17.86976958399853,0.0,-0.7463039070485715,-0.9998297404972791,0.0,0.0,0.0,-0.44220299480834946,0,0,0,0,0,0,-0.880042020106502,-0.3165695728356342,2.826098513717161,0.0,0.0,0.0
image_1682.png,surface,0.0,0.0,1.9806967177064143,8.733318881846072,-1.7518456538042548,0.0,-2.0099364668547013,-0.7340500926548951,0.0,0.0,0.0,1.5150422466819702,0,0,0,0,0,0,-0.4548411748103783,-0.11611856061132461,0.782772775440034,0.0,0.0,0.0
image_1683.png,surface,0.0,0.0,1.4377535324955826,-13.13000535580025,14.25744174213961,0.0,-0.01689839948054369,-1.4251123048204137,0.0,0.0,0.0,0.5548532694409678,0,0,0,0,0,0,-0.027996688321226555,-0.7916307950670766,1.0355867641975889,0.0,0.0,0.0
image_1684.png,surface,0.0,0.0,0.7231156758670549,3.049913350264098,-2.3475129380379123,0.0,-0.0764048110526913,-1.6178071993658514,0.0,0.0,0.0,-0.8237818211835055,0,0,0,0,0,0,0.018165278962935547,-0.08091252679053688,0.14502019737204294,0.0,0.0,0.0
image_1685.png,surface,0.0,0.0,1.7464646971623659,3.3325984933862056,-17.5292258785198,0.0,2.8250188703337544,-0.8958269024485946,0.0,0.0,0.0,1.529801831962855,0,0,0,0,0,0,0.9675720011951648,-0.1668668470750694,1.5183175209709365,0.0,0.0,0.0
image_1686.png,surface,0.0,0.0,2.7967582933433652,-1.6033185255340587,-1.246617928110931,0.0,-2.6496329711045425,-1.1093306699538894,0.0,0.0,0.0,-1.5101129823500925,0,0,0,0,0,0,-0.9996625735990224,-0.5957732421259079,1.6174762867461108,0.0,0.0,0.0
image_1687.png,surface,0.0,0.0,0.6847355704148257,5.242962693254633,-13.874530766983646,0.0,0.9841326128408859,0.729371163479843,0.0,0.0,0.0,2.798948894045549,0,0,0,0,0,0,0.15508667790205904,0.11211658786601238,0.25012768521236795,0.0,0.0,0.0
image_1688.png,surface,0.0,0.0,1.8271785475617093,-4.196266332424008,14.621904180148434,0.0,-1.045440874657443,1.7635784040907818,0.0,0.0,0.0,1.0806551654534706,0,0,0,0,0,0,-0.4989912035230756,0.6437843302496981,0.9223109485365729,0.0,0.0,0.0
image_1689.png,surface,0.0,0.0,1.565808213684488,16.5765588805452,-1.1855822443684856,0.0,-1.766490418332899,1.426694455870232,0.0,0.0,0.0,1.7988651197226915,0,0,0,0,0,0,-0.40761084075074805,0.29035539287184453,0.8576610231498486,0.0,0.0,0.0
image_1690.png,surface,0.0,0.0,2.3986596485107965,-1.854365451626817,-23.312295241224565,0.0,-0.37135050937136266,0.5225764736245964,0.0,0.0,0.0,-0.9877984701569327,0,0,0,0,0,0,0.5170484282964698,0.07109636722656384,2.639872697625813,0.0,0.0,0.0
image_1691.png,surface,0.0,0.0,0.8778761911133255,9.904588470571506,-0.4427988847534382,0.0,0.6337367026448956,-1.1524382149883325,0.0,0.0,0.0,0.7166418271448127,0,0,0,0,0,0,0.10568612871163639,-0.11602417446167092,0.23277724585567944,0.0,0.0,0.0
image_1692.png,surface,0.0,0.0,0.9279881934039544,-17.440795709908414,7.3103168663812506,0.0,-0.6727738076239794,1.8091637260328162,0.0,0.0,0.0,-0.07658777784355486,0,0,0,0,0,0,-0.09474373965805824,0.19897072277724254,0.4484854108307253,0.0,0.0,0.0
image_1693.png,surface,0.0,0.0,2.290010878240719,12.87329521507493,3.150586424497487,0.0,2.1284645048430186,0.3092201374551646,0.0,0.0,0.0,2.633869684444777,0,0,0,0,0,0,0.8805625064842946,0.26469022567854034,1.2554617142227729,0.0,0.0,0.0
image_1694.png,surface,0.0,0.0,2.199893783681117,-19.66077589594524,-13.680205613979746,0.0,0.5004320854510026,-0.5101280517702633,0.0,0.0,0.0,0.6829648429957711,0,0,0,0,0,0,0.961794906779673,-1.0792505627014615,3.5812825274774154,0.0,0.0,0.0
image_1695.png,surface,0.0,0.0,1.7942069837906707,5.245950628528321,-1.888310444249197,0.0,0.7771714323374668,-0.16538690575758674,0.0,0.0,0.0,1.9660233405927574,0,0,0,0,0,0,0.38578998202332154,-0.03149193883191906,0.6127049746878146,0.0,0.0,0.0
image_1696.png,surface,0.0,0.0,0.5113951772819432,-9.787211531075668,-1.8426169627829014,0.0,-0.7388958561220785,-1.14885971940359,0.0,0.0,0.0,0.26635695971798823,0,0,0,0,0,0,-0.04256117555943808,-0.06392459295538559,0.19528287941576242,0.0,0.0,0.0
image_1697.png,surface,0.0,0.0,2.639161940038124,-3.6102450988739405,21.027776541279138,0.0,-2.919710665393092,0.14089166923052374,0.0,0.0,0.0,2.19477488439243,0,0,0,0,0,0,-2.1135810384633262,-0.3576055245000251,4.365296853018135,0.0,0.0,0.0
image_1698.png,surface,0.0,0.0,2.9684941823184863,-4.935096114591837,-22.208205110176362,0.0,-0.24157636829961726,0.03214162177472464,0.0,0.0,0.0,-0.035394691651729815,0,0,0,0,0,0,1.224077428266963,-0.31119270851036834,4.993228680469559,0.0,0.0,0.0
image_1699.png,surface,0.0,0.0,2.168610518535379,18.199524548427334,8.794082393127114,0.0,-0.6302628438259853,-2.224793895646822,0.0,0.0,0.0,-1.5288835067967297,0,0,0,0,0,0,-0.16231261159140356,-0.6244351695707132,1.0840206161469543,0.0,0.0,0.0
image_1700.png,surface,0.0,0.0,2.8330698640364154,-13.643018165736166,-20.752219793747077,0.0,2.2679839744624957,1.5476489383186363,0.0,0.0,0.0,-2.284222650269143,0,0,0,0,0,0,2.7473979984044172,-0.2594439288602954,5.940133932619328,0.0,0.0,0.0
image_1701.png,surface,0.0,0.0,2.3945365074342924,16.570312382300195,5.5936286297712225,0.0,2.8363211858878374,-0.5669621736381802,0.0,0.0,0.0,0.8760898000357624,0,0,0,0,0,0,0.7162760035712644,-0.20007504072818966,1.4381303552954285,0.0,0.0,0.0
image_1702.png,surface,0.0,0.0,2.21040480801023,-7.372783985242194,12.430313309296116,0.0,-1.2996689508118764,0.669414412735614,0.0,0.0,0.0,1.0242973680054916,0,0,0,0,0,0,-0.6886034778186627,0.10667994564596577,1.3358364522156494,0.0,0.0,0.0
image_1703.png,surface,0.0,0.0,1.3781587398392574,-1.571028386963985,5.874511702535123,0.0,-2.3102520266164404,-0.28245110329532686,0.0,0.0,0.0,1.8822836134703902,0,0,0,0,0,0,-0.22276512591493944,-0.00946221150277207,0.3614652535938976,0.0,0.0,0.0
image_1704.png,surface,0.0,0.0,0.6991491627496889,-18.763213889570434,-7.185917096855808,0.0,2.8409544121604875,0.6243279267610989,0.0,0.0,0.0,-2.5529682518396877,0,0,0,0,0,0,0.3089040995495029,0.01078361759792218,0.4174689883513937,0.0,0.0,0.0
image_1705.png,surface,0.0,0.0,0.5804272272146167,16.295871392890486,8.853876875226716,0.0,0.11849435036784746,-0.3130443873621,0.0,0.0,0.0,-0.8108588050181003,0,0,0,0,0,0,0.08998022397826722,-0.10361239578222432,0.24731410045182395,0.0,0.0,0.0
image_1706.png,surface,0.0,0.0,1.6264038339061708,-5.511020975291401,-10.702707515044418,0.0,0.6152844505736433,-1.838463083242895,0.0,0.0,0.0,2.510031048696333,0,0,0,0,0,0,0.28068825906920575,-0.46385915937005523,0.7656701995027272,0.0,0.0,0.0
image_1707.png,surface,0.0,0.0,1.6488393540265944,5.658463237164725,-21.021082839405697,0.0,1.37552168439896,1.0405008228349768,0.0,0.0,0.0,2.4706947686858802,0,0,0,0,0,0,1.0068124127886906,0.6041799018550534,1.799796579229366,0.0,0.0,0.0
image_1708.png,surface,0.0,0.0,1.4654631081041123,4.546157861615744,8.02468638258412,0.0,2.9585583163890825,-0.23354757741682805,0.0,0.0,0.0,2.5854386988438103,0,0,0,0,0,0,0.2785576130782449,-0.03725893257575321,0.3749972564898479,0.0,0.0,0.0
image_1709.png,surface,0.0,0.0,0.5748075359733242,-9.391913095381344,-5.784003692282764,0.0,-0.9100531402927431,1.898209906731337,0.0,0.0,0.0,2.4057511532266638,0,0,0,0,0,0,-0.05020715088700075,0.09420681596924445,0.16199102608643573,0.0,0.0,0.0
image_1710.png,surface,0.0,0.0,0.9983630922048852,8.307989752269634,7.52670517034538,0.0,0.07209274311571096,-0.8129073058346967,0.0,0.0,0.0,-1.117258088852022,0,0,0,0,0,0,0.04499772143910132,-0.22050964212819107,0.2522713688394492,0.0,0.0,0.0
image_1711.png,surface,0.0,0.0,0.8412862492727717,-1.7227994049880648,18.905116794145282,0.0,-1.919750186659533,-0.3980048362104721,0.0,0.0,0.0,1.1950089150997787,0,0,0,0,0,0,-0.23633734087736033,-0.08176200213741906,0.3597547726997894,0.0,0.0,0.0
image_1712.png,surface,0.0,0.0,0.531846503998961,4.574426038581975,0.2602653977437923,0.0,-2.0353368549513235,1.3280358468203488,0.0,0.0,0.0,-1.5277694049949189,0,0,0,0,0,0,-0.03023386661173555,-0.0020875070098385325,0.08693976910081176,0.0,0.0,0.0
image_1713.png,surface,0.0,0.0,2.047833910308075,10.616724318629,12.562422289519098,0.0,0.566397460143527,1.931773566476433,0.0,0.0,0.0,1.985473848229848,0,0,0,0,0,0,0.16024588498017156,0.8988628996885158,1.2669036255823187,0.0,0.0,0.0
image_1714.png,surface,0.0,0.0,0.7473649116203525,-8.18471279320361,-23.31529888275913,0.0,-2.2582883041617707,-1.007288911240442,0.0,0.0,0.0,-2.0889812773659457,0,0,0,0,0,0,-0.3289656534443933,-0.13504770292435128,0.5855382507221161,0.0,0.0,0.0
image_1715.png,surface,0.0,0.0,0.8709738387923969,14.395441037014669,-16.686385896319134,0.0,-1.696128742318354,-0.24185845563717454,0.0,0.0,0.0,0.9991169653896264,0,0,0,0,0,0,-0.2578751280659884,-0.011821865244111718,0.49240636214432965,0.0,0.0,0.0
image_1716.png,surface,0.0,0.0,0.7477829073216284,5.4064891025857165,-21.58070181722918,0.0,2.405541148451016,1.6076284945068136,0.0,0.0,0.0,0.2095711056183709,0,0,0,0,0,0,0.34822364942269307,0.12220646726398068,0.6490850722424043,0.0,0.0,0.0
image_1717.png,surface,0.0,0.0,2.411663523012798,22.887994015140713,5.618407879287171,0.0,2.1940681615452573,0.6393374819958382,0.0,0.0,0.0,0.3194648036685894,0,0,0,0,0,0,1.1651041910171525,1.0159961114086153,2.85604309438295,0.0,0.0,0.0
image_1718.png,surface,0.0,0.0,2.7084460087080267,-0.3788892456258537,-15.963721675594208,0.0,2.326358570783053,0.2007238992383771,0.0,0.0,0.0,1.5502641577441905,0,0,0,0,0,0,1.9535010394924506,0.09580351500088424,3.7512766391049515,0.0,0.0,0.0
image_1719.png,surface,0.0,0.0,0.7969850744534358,-8.549370368219154,10.036432442097691,0.0,1.2822920625762912,-2.711291309772523,0.0,0.0,0.0,2.0512841126062966,0,0,0,0,0,0,0.1067316671372008,-0.13679699289793115,0.2404342158111601,0.0,0.0,0.0
image_1720.png,surface,0.0,0.0,2.039162333480344,23.738990522843693,6.181512692250237,0.0,-0.3200822993830128,1.5775125260503087,0.0,0.0,0.0,-2.186875231343243,0,0,0,0,0,0,-0.03936520657299664,1.416509579541161,2.9953825301432278,0.0,0.0,0.0
image_1721.png,surface,0.0,0.0,2.0492216114700126,7.396126338588039,-18.707950186327025,0.0,2.0246201003112025,0.41995090292190085,0.0,0.0,0.0,-2.68920585993804,0,0,0,0,0,0,1.5395728333785037,0.2539223391055605,2.5369468544768012,0.0,0.0,0.0
image_1722.png,surface,0.0,0.0,1.2033162264604862,9.147088473052941,3.33193767850744,0.0,-2.652522518544644,-0.7253754582123435,0.0,0.0,0.0,2.2484869409036587,0,0,0,0,0,0,-0.16542335473820652,-0.025319084644574552,0.3184576008255811,0.0,0.0,0.0
image_1723.png,surface,0.0,0.0,1.9712830625782534,-18.93303026868725,16.398467847249115,0.0,0.7905835683854219,-0.2313162900141138,0.0,0.0,0.0,-0.33334795038663767,0,0,0,0,0,0,0.2742841459763748,-0.4608797032459908,1.738514023540183,0.0,0.0,0.0
image_1724.png,surface,0.0,0.0,1.58320437302994,-19.865418427237167,4.89980499829861,0.0,-1.377746945434189,0.1418920235281478,0.0,0.0,0.0,-2.8876982086435374,0,0,0,0,0,0,-0.6363722132402497,-0.10739728038333314,0.9987489008684646,0.0,0.0,0.0
image_1725.png,surface,0.0,0.0,0.7691131234074634,-6.539531909633251,-21.17973024356476,0.0,1.6691834116109472,-0.8569486856399606,0.0,0.0,0.0,1.7519753040639223,0,0,0,0,0,0,0.38551604182448374,-0.15702709097368311,0.6658906586772098,0.0,0.0,0.0
image_1726.png,surface,0.0,0.0,2.8956176656648833,9.895558662098667,7.575195353662698,0.0,1.3175181038598136,-1.2106820759699994,0.0,0.0,0.0,-0.33298337458913085,0,0,0,0,0,0,0.6327470712756286,-0.5110349300694117,1.9378810668662907,0.0,0.0,0.0
image_1727.png,surface,0.0,0.0,2.196588606335395,-12.446194191250473,12.53065705380011,0.0,-0.2593236492244601,0.22518852441870618,0.0,0.0,0.0,-1.7678217041471067,0,0,0,0,0,0,-0.2600818685566264,-0.06349828217945014,1.416760509137965,0.0,0.0,0.0
image_1728.png,surface,0.0,0.0,2.8848987754487347,7.301626405931223,5.851045109219898,0.0,-0.7390805696847348,2.8184242743203556,0.0,0.0,0.0,2.825490824504369,0,0,0,0,0,0,-0.33581415841533885,1.3179688662003224,2.46272627489667,0.0,0.0,0.0
image_1729.png,surface,0.0,0.0,0.8775582684818433,4.527227095523951,-14.555419970691045,0.0,0.505379346078805,-2.278396764251973,0.0,0.0,0.0,0.4542887240317848,0,0,0,0,0,0,0.1307973136051044,-0.2054739284883746,0.4150618102784841,0.0,0.0,0.0
image_1730.png,surface,0.0,0.0,2.4853841956806013,-15.204167027175773,10.54866346261463,0.0,2.210536230472478,-0.8666394355386949,0.0,0.0,0.0,1.13342938577643,0,0,0,0,0,0,1.0194304027251595,-0.7320353801758017,2.0482249485665163,0.0,0.0,0.0
image_1731.png,surface,0.0,0.0,1.551564544559105,-13.246509878475488,9.385182345245957,0.0,1.5451382430889846,-1.7558297623917958,0.0,0.0,0.0,-0.7574972847392658,0,0,0,0,0,0,0.3374623652783469,-0.46537405707199536,0.7586496356240356,0.0,0.0,0.0
image_1732.png,surface,0.0,0.0,2.824215367166328,-5.111969344325402,-4.0069088262304255,0.0,0.8048876858218197,1.001334315934717,0.0,0.0,0.0,0.9280225285417592,0,0,0,0,0,0,0.6099187213724756,0.3555101519777151,1.912782104399214,0.0,0.0,0.0
image_1733.png,surface,0.0,0.0,2.217477392636444,-7.977799139706576,-19.72465553054379,0.0,-2.0944638743807347,-0.2567101126523229,0.0,0.0,0.0,-0.987790378700665,0,0,0,0,0,0,-0.7709833831691736,-0.2666644693087947,1.3910363056129897,0.0,0.0,0.0
image_1734.png,surface,0.0,0.0,0.86791360750839,-18.63057196072075,11.929531978033413,0.0,1.250220566479614,2.28832843881031,0.0,0.0,0.0,2.1514664472158413,0,0,0,0,0,0,0.13472378978844665,0.24821197705151835,0.42089441614716777,0.0,0.0,0.0
image_1735.png,surface,0.0,0.0,0.5811864448342272,12.750796389005659,-9.49727445298358,0.0,1.2084923043743645,-1.6289897201159622,0.0,0.0,0.0,0.046206743330882816,0,0,0,0,0,0,0.13410894623105524,-0.13343841907275766,0.24833681618224387,0.0,0.0,0.0
image_1736.png,surface,0.0,0.0,0.8140556043971956,5.943577628779617,-10.61885652662671,0.0,-1.186419985575282,1.363095934777467,0.0,0.0,0.0,-1.0841124417022976,0,0,0,0,0,0,-0.11717031060291558,0.13641472899183388,0.2536111711063747,0.0,0.0,0.0
image_1737.png,surface,0.0,0.0,2.2817244429040464,-13.449445726071817,15.711714090856262,0.0,-0.266306698004228,0.9875347322942803,0.0,0.0,0.0,-2.3899274134649273,0,0,0,0,0,0,-0.3249935205612447,0.2921959227900894,1.5897959719114236,0.0,0.0,0.0
image_1738.png,surface,0.0,0.0,0.5263545352200785,17.142069994528743,-7.885598686899797,0.0,-1.5520259597917427,0.23754303680400857,0.0,0.0,0.0,2.070529119481029,0,0,0,0,0,0,-0.1563818062865644,0.02120542162217234,0.25039564566575306,0.0,0.0,0.0
image_1739.png,surface,0.0,0.0,1.6956612505001376,2.5919238066209402,-20.01761516859385,0.0,1.5301694367325844,-2.0797517788339954,0.0,0.0,0.0,2.5310062496167456,0,0,0,0,0,0,0.6860558339694707,-0.40031525721827255,1.436120651895041,0.0,0.0,0.0
image_1740.png,surface,0.0,0.0,1.8826333084418336,14.058817455294047,-5.926280873456307,0.0,0.4321760258085996,-0.07881378426135492,0.0,0.0,0.0,-2.3211353534979833,0,0,0,0,0,0,0.36209415482384877,0.051832154082266886,0.9975006517564451,0.0,0.0,0.0
image_1741.png,surface,0.0,0.0,2.530668954912331,1.4520114464251457,-19.63724704300881,0.0,-0.05310084883967175,-1.4149812248587084,0.0,0.0,0.0,1.692114492422217,0,0,0,0,0,0,0.5352669734091793,-0.7045690106266078,2.4871017441396073,0.0,0.0,0.0
image_1742.png,surface,0.0,0.0,1.6164871256513753,-2.642411104118158,-15.626916462124063,0.0,0.00017208559468874103,1.5579827433441367,0.0,0.0,0.0,-2.3525471879012145,0,0,0,0,0,0,0.11320883094972205,0.5114549484353703,0.7522855748561385,0.0,0.0,0.0
image_1743.png,surface,0.0,0.0,0.513716738162739,-9.426375203441063,-15.745783010271834,0.0,1.568346379151372,1.1592233937869765,0.0,0.0,0.0,2.20460290256427,0,0,0,0,0,0,0.17960432569804516,0.10502976112952224,0.31001684654394884,0.0,0.0,0.0
image_1744.png,surface,0.0,0.0,1.046955449037947,11.737967864441936,5.877306327316159,0.0,-2.3968201647044887,-1.418144554396026,0.0,0.0,0.0,0.30502020598190516,0,0,0,0,0,0,-0.16047721225919015,-0.06632986666905775,0.34297598231032234,0.0,0.0,0.0
image_1745.png,surface,0.0,0.0,0.6188857330790407,-4.433061189325882,15.189495792314723,0.0,-2.5484322521955436,-1.5484688817034111,0.0,0.0,0.0,-2.9527535155191686,0,0,0,0,0,0,-0.10944824077567583,-0.04139933834055719,0.20535595945926585,0.0,0.0,0.0
image_1746.png,surface,0.0,0.0,2.952381012303361,-2.6048809824203696,12.914897823201892,0.0,0.22588175019846352,1.8141215954314045,0.0,0.0,0.0,-2.0061024538496017,0,0,0,0,0,0,-0.012418622347315056,0.796406734239547,2.129535315142462,0.0,0.0,0.0
image_1747.png,surface,0.0,0.0,2.0960558370431075,0.13654562715933993,20.040966552104862,0.0,-1.9843246259732943,-0.8799291401566672,0.0,0.0,0.0,1.6554008365053727,0,0,0,0,0,0,-1.2090289800108052,-0.5303793714409148,1.9851626888660987,0.0,0.0,0.0
image_1748.png,surface,0.0,0.0,0.5048000692565213,0.8694936986849996,-9.967401531912296,0.0,-1.0231882197656261,-0.47665215902248315,0.0,0.0,0.0,-2.0215359593448685,0,0,0,0,0,0,-0.06538495979261025,-0.046320002942497523,0.1289068421084827,0.0,0.0,0.0
image_1749.png,surface,0.0,0.0,0.5963229862532917,0.11256063271840817,19.017123105614168,0.0,2.85027329390999,-0.6760186865788581,0.0,0.0,0.0,-1.550121101553619,0,0,0,0,0,0,0.1604285117793969,-0.04004332399053401,0.2207190254533478,0.0,0.0,0.0
image_1750.png,surface,0.0,0.0,1.0638050827217218,5.710397301363773,-18.154024358850307,0.0,0.3408479827516852,-1.8368354729859862,0.0,0.0,0.0,-0.09830623055275556,0,0,0,0,0,0,0.19016472036324353,-0.42881987441365566,0.5853216493556302,0.0,0.0,0.0
image_1751.png,surface,0.0,0.0,2.4471388037525603,-8.057544622853023,-21.16437766704308,0.0,-0.04550047755729541,-2.7492447660606034,0.0,0.0,0.0,-1.673131767915599,0,0,0,0,0,0,0.8615830163748132,-1.7487629842442325,3.6198420367195356,0.0,0.0,0.0
image_1752.png,surface,0.0,0.0,1.4975479636490254,13.613742061366324,-16.941937949760124,0.0,1.0994429801682308,0.07711304154076924,0.0,0.0,0.0,-1.2916272163108207,0,0,0,0,0,0,0.8279751196473911,0.1231078549931726,1.4366565728018108,0.0,0.0,0.0
image_1753.png,surface,0.0,0.0,1.7634062764599299,-3.016075699162491,2.6373212621265165,0.0,1.8697020900612789,1.2639359534812533,0.0,0.0,0.0,-0.8635292314021061,0,0,0,0,0,0,0.3610440507283037,0.17416604264828006,0.567540240269747,0.0,0.0,0.0
image_1754.png,surface,0.0,0.0,2.6812719386881136,19.15084017172741,-2.7866714918239195,0.0,-0.08034907697595729,-2.4757344121779807,0.0,0.0,0.0,-2.9766559569859226,0,0,0,0,0,0,0.14595533794079787,-0.842105361696826,1.5247351738295103,0.0,0.0,0.0
image_1755.png,surface,0.0,0.0,2.7281073173950676,-5.784520013257726,3.9908333528515363,0.0,-2.1759547552533114,-1.1409948800059075,0.0,0.0,0.0,-2.993939731701883,0,0,0,0,0,0,-0.950464435777742,-0.6543083859360731,1.7889709769126072,0.0,0.0,0.0
image_1756.png,surface,0.0,0.0,1.5695955334118035,3.881828667616089,5.513124555145616,0.0,0.702289792844927,1.9258204143528634,0.0,0.0,0.0,0.9077085631799164,0,0,0,0,0,0,0.09746640085650775,0.2761502773489799,0.49188830526778454,0.0,0.0,0.0
image_1757.png,surface,0.0,0.0,2.400398694098884,-12.90656211658601,-19.049868314727732,0.0,-1.927769482757232,-1.5729112375835528,0.0,0.0,0.0,2.116218726977353,0,0,0,0,0,0,-0.413640568905168,-1.0741757340550868,2.2654582551220788,0.0,0.0,0.0
image_1758.png,surface,0.0,0.0,1.0854395231567724,-8.577418987200721,-9.397953010318995,0.0,-0.5145416707127032,1.9039806314658652,0.0,0.0,0.0,-1.97657044743698,0,0,0,0,0,0,-0.08840354594495595,0.21442173547553448,0.3634749569942864,0.0,0.0,0.0
image_1759.png,surface,0.0,0.0,0.9379659988827717,-16.75996031057431,-13.568689802247198,0.0,0.5234356470427495,-1.7258156888696567,0.0,0.0,0.0,0.9080634035600044,0,0,0,0,0,0,0.289869821400254,-0.4857504536797104,0.8376533092970911,0.0,0.0,0.0
image_1760.png,surface,0.0,0.0,2.9407357164521084,21.018073940532002,13.493537927419768,0.0,-0.7974052273942703,-1.4772264022633443,0.0,0.0,0.0,-2.4701626915048824,0,0,0,0,0,0,-0.6358852084423156,-0.17586499334204467,3.075837656272118,0.0,0.0,0.0
image_1761.png,surface,0.0,0.0,2.095502526548428,16.079292717580447,19.20674205611413,0.0,0.12471400572749826,-1.7739380267303886,0.0,0.0,0.0,2.6268152693481372,0,0,0,0,0,0,-0.0652753837130751,-0.7114890884987105,1.1508767492665486,0.0,0.0,0.0
image_1762.png,surface,0.0,0.0,2.143218656730506,-14.00585260551951,-15.61785353224864,0.0,1.5835972532047324,2.1847080425180776,0.0,0.0,0.0,-2.6423317640507715,0,0,0,0,0,0,0.9906042843574511,0.647842934684803,1.8517273150954092,0.0,0.0,0.0
image_1763.png,surface,0.0,0.0,2.6945947021464907,9.770757877471322,16.035300344530327,0.0,-0.5562476425604643,1.0909410750967863,0.0,0.0,0.0,-2.6106367325623996,0,0,0,0,0,0,-0.4813616298378675,0.8063172799531736,2.7240055809774177,0.0,0.0,0.0
image_1764.png,surface,0.0,0.0,0.5675860049771617,-15.857698804158039,16.13703916293204,0.0,0.35545991964659346,-1.8947681421065188,0.0,0.0,0.0,-0.8668387953247523,0,0,0,0,0,0,0.05938719132805538,-0.28837485683161385,0.37660501921015854,0.0,0.0,0.0
image_1765.png,surface,0.0,0.0,1.214720969670207,6.494873825641064,8.47067990455806,0.0,1.8533659562982454,2.115545127870386,0.0,0.0,0.0,1.4225988090485915,0,0,0,0,0,0,0.14595533794079787,0.16919189256153613,0.31943565648043687,0.0,0.0,0.0
image_1766.png,surface,0.0,0.0,2.297925041629466,24.776016441187114,2.282778565999228,0.0,2.3889656956584893,1.2882530376275252,0.0,0.0,0.0,0.3649423285659692,0,0,0,0,0,0,1.3777959270648272,1.4735801649292026,3.54878785649691,0.0,0.0,0.0
image_1767.png,surface,0.0,0.0,1.6365579765716463,9.448138123856328,-5.978930608751482,0.0,-2.8997269320976122,-0.2811881110168385,0.0,0.0,0.0,0.9448660794747679,0,0,0,0,0,0,-0.30627427364065946,-0.0008164401945035538,0.5889413484801078,0.0,0.0,0.0
image_1768.png,surface,0.0,0.0,2.8571723988837805,-19.575859737217982,7.300661701837623,0.0,1.7246618472779323,0.9300031394312399,0.0,0.0,0.0,-1.5615501373422018,0,0,0,0,0,0,0.8146890200037559,-0.020398420042634258,2.48753048086502,0.0,0.0,0.0
image_1769.png,surface,0.0,0.0,1.6264362410476365,-0.6940210264323842,6.62514884912813,0.0,-1.8438361362495825,-2.2402194146513286,0.0,0.0,0.0,-0.19122992644630532,0,0,0,0,0,0,-0.19886536545633185,-0.3134328064621467,0.5767044877755191,0.0,0.0,0.0
image_1770.png,surface,0.0,0.0,0.8175805451060737,-5.394152494396597,7.964369463761471,0.0,0.36841376983884694,-1.2176919742307404,0.0,0.0,0.0,-0.6367823823643022,0,0,0,0,0,0,0.07902261602475384,-0.12977623646619849,0.2518649621518149,0.0,0.0,0.0
image_1771.png,surface,0.0,0.0,2.7682506653795316,0.927232320767537,-11.17276214112231,0.0,-2.748219208106217,0.8475175080754821,0.0,0.0,0.0,1.790975697342887,0,0,0,0,0,0,-1.049976256785572,0.3136687718362802,1.4390637508747208,0.0,0.0,0.0
image_1772.png,surface,0.0,0.0,0.5127919314061542,6.536721202875774,15.027786288893823,0.0,-2.3621533366376988,0.640455015658949,0.0,0.0,0.0,1.2633633943701579,0,0,0,0,0,0,-0.09237263504811748,0.05071682441386028,0.18536164362917723,0.0,0.0,0.0
image_1773.png,surface,0.0,0.0,2.3969087367572834,-6.0474705488419325,-9.688692754572486,0.0,-0.09557039660125423,-0.5466666311324737,0.0,0.0,0.0,2.4667997005616726,0,0,0,0,0,0,0.1512591245682971,-0.34528813197023206,1.4665341633542546,0.0,0.0,0.0
image_1774.png,surface,0.0,0.0,0.5208441455490747,21.36879049307048,-2.999544703846002,0.0,0.027147147506950582,-1.5090397334141163,0.0,0.0,0.0,0.8182329869391838,0,0,0,0,0,0,0.011487225671266555,-0.24925022469770777,0.2764614987687937,0.0,0.0,0.0
image_1775.png,surface,0.0,0.0,1.6580376163623838,12.87145766299832,4.93520809728049,0.0,-2.416716172034803,0.319833252967932,0.0,0.0,0.0,2.548029249812169,0,0,0,0,0,0,-0.4136557878051031,0.0821395467360334,0.7082730703876278,0.0,0.0,0.0
image_1776.png,surface,0.0,0.0,1.0138667498480733,-14.898346918697474,0.8417158799010179,0.0,0.5736820144204725,-0.292305808359882,0.0,0.0,0.0,1.4735019146561292,0,0,0,0,0,0,0.30272218239572896,-0.16958831439008115,0.4295316747612819,0.0,0.0,0.0
image_1777.png,surface,0.0,0.0,2.879157134408743,-19.639273254388012,-4.840645293524869,0.0,-1.8047752608278775,0.918263587737452,0.0,0.0,0.0,-2.6256427134806346,0,0,0,0,0,0,-0.8336548131032953,-0.16649244868144367,2.5642788207220857,0.0,0.0,0.0
image_1778.png,surface,0.0,0.0,1.4918512400253634,4.380875669163984,0.0021472733712815384,0.0,-0.310501165898224,0.7327518964466428,0.0,0.0,0.0,1.5532509306786224,0,0,0,0,0,0,-0.12067978892802692,0.2729930606430676,0.4452832834127726,0.0,0.0,0.0
image_1779.png,surface,0.0,0.0,0.5773820603729105,12.397663496500039,-21.058169368393855,0.0,-1.465031351709729,0.4982977305733567,0.0,0.0,0.0,1.4004715017936107,0,0,0,0,0,0,-0.2749081208737276,0.11304314523511179,0.45346947526368875,0.0,0.0,0.0
image_1780.png,surface,0.0,0.0,2.4419859334064125,13.260571154152638,7.604807405240349,0.0,0.9768589040330015,2.5734857199299124,0.0,0.0,0.0,1.5391521361210323,0,0,0,0,0,0,0.36464179867304086,1.3828278820372786,2.2651902946686935,0.0,0.0,0.0
image_1781.png,surface,0.0,0.0,1.2914598717181909,11.16241510490212,-4.259125182785104,0.0,-0.7110795489356613,-2.3251942147778593,0.0,0.0,0.0,-2.21457106885069,0,0,0,0,0,0,-0.008683904303159259,-0.24113301582749963,0.38986906165272345,0.0,0.0,0.0
image_1782.png,surface,0.0,0.0,2.0986458502299534,19.332408243896758,10.99710801901437,0.0,2.3033809073926306,-1.9010741803358868,0.0,0.0,0.0,0.9482231203979099,0,0,0,0,0,0,0.4965759641033219,-0.35029059790187195,1.183902875146269,0.0,0.0,0.0
image_1783.png,surface,0.0,0.0,1.5130701312761956,5.159088139646088,-13.898750856170814,0.0,0.5391146122492178,0.21150937950001572,0.0,0.0,0.0,0.838104946238571,0,0,0,0,0,0,0.4000348723628891,0.1285492165207017,0.8238980060233202,0.0,0.0,0.0
image_1784.png,surface,0.0,0.0,1.5962852292522964,-13.169182832106548,-6.888401851539466,0.0,-0.7659766050467236,-1.5373459185814444,0.0,0.0,0.0,-1.6174963176624755,0,0,0,0,0,0,-0.2391589249253902,-0.6899423036352911,0.9013430430591854,0.0,0.0,0.0
image_1785.png,surface,0.0,0.0,1.1594911066805014,-13.295895744459093,1.9571067471918393,0.0,-1.0597789772813149,1.8407260003024328,0.0,0.0,0.0,-0.5414410354778161,0,0,0,0,0,0,-0.11016657285262833,0.17908828035271454,0.4102630851591117,0.0,0.0,0.0
image_1786.png,surface,0.0,0.0,2.470831521060172,-7.687145293264057,-1.2599818398836353,0.0,-1.5367686882676743,1.2654174748121436,0.0,0.0,0.0,1.2046889019031592,0,0,0,0,0,0,-0.659657130141465,0.40225174638866523,1.1963652692324565,0.0,0.0,0.0
image_1787.png,surface,0.0,0.0,1.6593012253445456,1.3870422623665237,-21.065450647908925,0.0,-0.581505322217509,-1.4049772032661594,0.0,0.0,0.0,1.9507237791983414,0,0,0,0,0,0,-0.11725097077257353,-0.5697635654863676,1.0573094249520119,0.0,0.0,0.0
image_1788.png,surface,0.0,0.0,0.599043740944968,13.111129434657661,-14.522556307846227,0.0,0.9438054660033055,-1.290760352057669,0.0,0.0,0.0,-0.40627070581267155,0,0,0,0,0,0,0.10303804012287059,-0.10612935977298665,0.3037175428856198,0.0,0.0,0.0
image_1789.png,surface,0.0,0.0,2.861917923945564,24.75079674830567,2.090639017272759,0.0,0.35868302090787235,2.200717005074359,0.0,0.0,0.0,0.6614567676112904,0,0,0,0,0,0,0.4205316867959332,2.984085764705382,7.341165163143586,0.0,0.0,0.0
image_1790.png,surface,0.0,0.0,1.742301959057119,-10.203180908753628,16.954707504594545,0.0,-0.31492869536396156,1.3037333785643612,0.0,0.0,0.0,-2.506082142611494,0,0,0,0,0,0,-0.204048922774341,0.48459265024396003,0.9056393423284604,0.0,0.0,0.0
image_1791.png,surface,0.0,0.0,1.714929868632163,-4.12974765270384,1.491628825856441,0.0,1.8542526771607644,0.2739623775057853,0.0,0.0,0.0,-0.8896103088049716,0,0,0,0,0,0,0.39216822298626236,0.014175226575474384,0.5682123744069879,0.0,0.0,0.0
image_1792.png,surface,0.0,0.0,1.3661266385000712,13.560838251612575,10.582600248726678,0.0,-2.189326082407019,-1.8737278298399347,0.0,0.0,0.0,-2.644520033479088,0,0,0,0,0,0,-0.25436108407089647,-0.21092944793835205,0.531017230473351,0.0,0.0,0.0
image_1793.png,surface,0.0,0.0,2.087869588725835,0.9190400488104633,-4.176297846140278,0.0,-2.0001102843126475,0.5369491658866146,0.0,0.0,0.0,0.3071652356422163,0,0,0,0,0,0,-0.4634611597338087,0.10644398027183181,0.831999343730665,0.0,0.0,0.0
image_1794.png,surface,0.0,0.0,1.5038565146127132,14.093445600435613,-1.8946914076818346,0.0,0.3798923816144291,-2.3352600847086884,0.0,0.0,0.0,-2.8186527346606454,0,0,0,0,0,0,0.13756972407637313,-0.2838427485457472,0.5155961063810357,0.0,0.0,0.0
image_1795.png,surface,0.0,0.0,2.3736983732368993,-11.774826075708207,13.913201804729713,0.0,0.11740912091692406,-1.5917180595243952,0.0,0.0,0.0,0.8803109481014815,0,0,0,0,0,0,-0.06607437595968552,-1.1481052588737521,2.262510690134844,0.0,0.0,0.0
image_1796.png,surface,0.0,0.0,2.6914564341728813,15.758833026799154,18.86981905833316,0.0,-0.5434547753562468,-2.804759497933427,0.0,0.0,0.0,1.6188652351775552,0,0,0,0,0,0,-0.42694493122872507,-1.0968787492517624,2.097648021189628,0.0,0.0,0.0
image_1797.png,surface,0.0,0.0,1.7243286619156382,-0.8303063121391777,-3.491012424158312,0.0,2.186330001660723,-1.963479180928047,0.0,0.0,0.0,-1.505770007193054,0,0,0,0,0,0,0.333777869603978,-0.2793594064372018,0.5906562953817723,0.0,0.0,0.0
image_1798.png,surface,0.0,0.0,2.1313808125875826,24.47863347207573,-2.314692229221295,0.0,-1.5333903751536127,-0.15780253139144787,0.0,0.0,0.0,-0.2522812702852124,0,0,0,0,0,0,-0.6649472197590228,0.2967123000510138,2.0579228839752806,0.0,0.0,0.0
image_1799.png,surface,0.0,0.0,1.2388424820788697,-18.18724557836834,-15.593465009126708,0.0,1.3739434359433957,-1.6370487271202627,0.0,0.0,0.0,-1.1568667682985172,0,0,0,0,0,0,0.8076031001938179,-0.9374196418220048,1.714464572848866,0.0,0.0,0.0
image_1800.png,surface,0.0,0.0,2.0635069950668763,-19.978401595063975,4.6667440161841025,0.0,0.5556647366177168,-0.31780542694631203,0.0,0.0,0.0,-2.1950130392325398,0,0,0,0,0,0,0.2069070321822161,-0.5133395252234534,1.7268599768217074,0.0,0.0,0.0
image_1801.png,surface,0.0,0.0,2.088098483862412,5.176419755753415,5.618013661126806,0.0,-1.6188652348359907,-0.10006445192190287,0.0,0.0,0.0,1.1015217572993112,0,0,0,0,0,0,-0.6844943748360953,-0.06536240863510857,0.9279917101483374,0.0,0.0,0.0
image_1802.png,surface,0.0,0.0,1.7799373123963709,-11.802479587626008,21.684369149629926,0.0,-1.0875204965761944,-0.6669579319942907,0.0,0.0,0.0,1.7178677711499075,0,0,0,0,0,0,-0.8738174900329093,-0.7491759049528933,2.0530169746745544,0.0,0.0,0.0
image_1803.png,surface,0.0,0.0,0.8996151449201499,18.320766665478082,3.865561356239461,0.0,-0.5607673264403256,1.9555395273979923,0.0,0.0,0.0,-1.5401481665877192,0,0,0,0,0,0,-0.055600729024118924,0.21805560223719758,0.42450295025275386,0.0,0.0,0.0
image_1804.png,surface,0.0,0.0,2.313274667288871,-0.7801275796068049,-0.06775472278255235,0.0,-2.1156618986105373,-0.0003530313908377513,0.0,0.0,0.0,2.3065864484242145,0,0,0,0,0,0,-0.752979424545554,-0.02297044262069448,0.9432788540139614,0.0,0.0,0.0
image_1805.png,surface,0.0,0.0,1.2991602740816321,-12.917410034029889,-18.847193551742688,0.0,1.714719388871867,0.3455733430095887,0.0,0.0,0.0,-1.745391761811501,0,0,0,0,0,0,1.0312250501751217,-0.03636226415404417,1.3582781401866553,0.0,0.0,0.0
image_1806.png,surface,0.0,0.0,1.4705369760026008,-3.1747740204836687,11.26871972539511,0.0,0.8074757262571672,-0.904934382447742,0.0,0.0,0.0,2.1234957056286206,0,0,0,0,0,0,0.24670902118335977,-0.24467249643950886,0.46148149281990486,0.0,0.0,0.0
image_1807.png,surface,0.0,0.0,2.628859630620911,-12.76565586501723,-2.175341483953687,0.0,1.7686188141872297,-1.174682352199084,0.0,0.0,0.0,-2.384248864614846,0,0,0,0,0,0,0.9467358052935604,-0.9665377689901363,2.4037928391821612,0.0,0.0,0.0
image_1808.png,surface,0.0,0.0,2.2028126352263655,-17.456634672995968,-8.210498172452523,0.0,0.8891591668185721,-0.09216636032938529,0.0,0.0,0.0,0.9588881577738246,0,0,0,0,0,0,0.8508034695505448,-0.41542647977781183,2.194013299238263,0.0,0.0,0.0
image_1809.png,surface,0.0,0.0,0.7066772428123786,5.161348669502292,-6.780004999729943,0.0,1.6430841021993121,-1.6278153777646118,0.0,0.0,0.0,-0.4459880683918289,0,0,0,0,0,0,0.08719820907006967,-0.04797176056143523,0.17717545177826102,0.0,0.0,0.0
image_1810.png,surface,0.0,0.0,1.9134477212435579,19.724955590452634,13.990247012273883,0.0,2.440338715838326,-0.6308626161539268,0.0,0.0,0.0,-2.8579887420247716,0,0,0,0,0,0,0.628469038503778,-0.11083293623072374,1.050096822748394,0.0,0.0,0.0
image_1811.png,surface,0.0,0.0,0.7173002860211586,19.82302353720915,-4.196021743900251,0.0,1.4043218542786975,1.1139870852477762,0.0,0.0,0.0,2.643397796934627,0,0,0,0,0,0,0.19964761691301336,0.1675369887376099,0.40510931243900383,0.0,0.0,0.0
image_1812.png,surface,0.0,0.0,2.1136412256343853,4.682491477831533,-13.818233769795192,0.0,-1.5531944347647573,1.78507396540548,0.0,0.0,0.0,-1.7970752840900126,0,0,0,0,0,0,-0.5335533252764488,0.6895852093691014,1.1206374121020348,0.0,0.0,0.0
image_1813.png,surface,0.0,0.0,1.4866307804017571,-0.27213205433758,-21.40209042885334,0.0,0.45531342253909424,2.813314398869824,0.0,0.0,0.0,1.9568865798255342,0,0,0,0,0,0,0.13796998114467499,0.5540734412089534,1.008942563115992,0.0,0.0,0.0
image_1814.png,surface,0.0,0.0,2.5324973928602614,-22.389210343439522,-6.242917882066287,0.0,-2.690066691466933,-0.7571515712952024,0.0,0.0,0.0,1.6244510383418556,0,0,0,0,0,0,-1.0147292845351037,-1.0533730266714365,3.0305702036802527,0.0,0.0,0.0
image_1815.png,surface,0.0,0.0,2.4504470460407783,10.658931775677662,-20.25172758470033,0.0,2.324568005092052,-1.5238005262032235,0.0,0.0,0.0,2.3604125009672483,0,0,0,0,0,0,2.0376950377152663,-0.32738465248344084,3.784514900343604,0.0,0.0,0.0
image_1816.png,surface,0.0,0.0,2.999270946937317,-11.087279854481219,15.680606580551162,0.0,0.4487269631060958,-2.310937995170431,0.0,0.0,0.0,2.7262670037418992,0,0,0,0,0,0,-0.003037692427112807,-1.720730297797118,3.790220224996929,0.0,0.0,0.0
image_1817.png,surface,0.0,0.0,1.2479256818817706,7.9261874501959735,-20.995793802865713,0.0,-2.1422293977434044,-0.5959980621620568,0.0,0.0,0.0,-1.8112219232180213,0,0,0,0,0,0,-0.40035446926153306,-0.09294676087136904,0.6820799360692292,0.0,0.0,0.0
image_1818.png,surface,0.0,0.0,0.9376969894099805,9.12403825074835,4.027862048542957,0.0,1.889269344688131,2.0734761461152638,0.0,0.0,0.0,0.846822154816127,0,0,0,0,0,0,0.11755687066127593,0.12433015563118648,0.24787235139637634,0.0,0.0,0.0
image_1819.png,surface,0.0,0.0,0.9632955959601939,17.130684720227688,9.912189212575518,0.0,0.8872639005592947,0.3005383299186408,0.0,0.0,0.0,-1.022334305126359,0,0,0,0,0,0,0.26304042270407524,0.09087026557899014,0.4238330491192915,0.0,0.0,0.0
image_1820.png,surface,0.0,0.0,1.9972974667293217,-9.374458833462018,11.49547732643923,0.0,0.6086634383744143,-2.1810514935099126,0.0,0.0,0.0,1.56101529925661,0,0,0,0,0,0,0.14526135610374213,-0.4776647068593865,1.0300935749031934,0.0,0.0,0.0
image_1821.png,surface,0.0,0.0,1.3363603776956237,-7.403570233194947,11.556276432780846,0.0,-2.8485368527336843,-0.44198544664795264,0.0,0.0,0.0,-2.123956425606357,0,0,0,0,0,0,-0.28413077423460115,-0.002845742412055674,0.4884852075097933,0.0,0.0,0.0
image_1822.png,surface,0.0,0.0,2.7671370747483786,8.308177644154462,4.5420733852702435,0.0,0.7457331040758273,0.9896429712443109,0.0,0.0,0.0,-1.0874895094896517,0,0,0,0,0,0,0.41336662870632973,0.5843399331978701,1.9077980399662517,0.0,0.0,0.0
image_1823.png,surface,0.0,0.0,0.6983906267411386,4.906670377352237,-0.6339790795515331,0.0,-0.6423983153773972,-1.2531125943330166,0.0,0.0,0.0,-1.9091352757826499,0,0,0,0,0,0,-0.01827181126248345,-0.03992534130346701,0.12985363571044348,0.0,0.0,0.0
image_1824.png,surface,0.0,0.0,2.412042029798484,-2.6190109333783784,-2.1843859722546255,0.0,-2.8967543756786225,0.774294672724811,0.0,0.0,0.0,2.5367060670553325,0,0,0,0,0,0,-0.6954017604198219,0.17662008253927325,1.0171644830273587,0.0,0.0,0.0
image_1825.png,surface,0.0,0.0,1.7242766125760132,15.461923986283796,-17.7646477475644,0.0,-0.445174321548138,-0.850908801148748,0.0,0.0,0.0,-2.4194202029878644,0,0,0,0,0,0,0.0008142111465458661,-0.4115472090270493,1.1119822894576954,0.0,0.0,0.0
image_1826.png,surface,0.0,0.0,2.0935835900275204,20.32928306363765,3.6426217913999848,0.0,0.10664728958428593,-1.5511037199350088,0.0,0.0,0.0,-1.406569694692367,0,0,0,0,0,0,0.12787528481750077,-0.5594282820992997,1.0905856472548905,0.0,0.0,0.0
image_1827.png,surface,0.0,0.0,1.969560611374401,15.058069812273613,-14.079303381874325,0.0,1.2287260374054545,1.3517990239617605,0.0,0.0,0.0,-2.379300196916587,0,0,0,0,0,0,1.0162131272788082,0.8680599797490679,2.1927069920280093,0.0,0.0,0.0
image_1828.png,surface,0.0,0.0,1.8256465098103851,-11.11899841607202,15.892557465186329,0.0,-2.7588483571581928,-0.19154242710012956,0.0,0.0,0.0,-1.7759572618745956,0,0,0,0,0,0,-0.775889956508358,-0.18738010359978216,1.3258370612968262,0.0,0.0,0.0
image_1829.png,surface,0.0,0.0,2.2458683874209546,-11.618143824261702,-10.16129568348964,0.0,1.4806479542345583,-0.335150781590654,0.0,0.0,0.0,-0.19537579204802613,0,0,0,0,0,0,1.0367175511618212,-0.41544063770026024,2.274756482854544,0.0,0.0,0.0
image_1830.png,surface,0.0,0.0,1.864265846964562,-11.332364427459684,9.547287021050224,0.0,1.3328874164669007,0.8598794791778703,0.0,0.0,0.0,-1.3800689549928495,0,0,0,0,0,0,0.499399070041345,0.25727304741826273,0.7449345264182732,0.0,0.0,0.0
image_1831.png,surface,0.0,0.0,2.8061792441815405,-9.401501186464415,-9.167571172067387,0.0,-0.5091084986311705,-1.7997692108486614,0.0,0.0,0.0,-1.1033611467219662,0,0,0,0,0,0,0.056376892920826295,-1.2456659293606869,2.8506794193076894,0.0,0.0,0.0
image_1832.png,surface,0.0,0.0,1.8791939647435938,0.3526126403901634,14.557406389730971,0.0,1.59039499830171,-1.2466965774515577,0.0,0.0,0.0,-2.572253852728761,0,0,0,0,0,0,0.36655024872494446,-0.3058016862626543,0.7011721183729214,0.0,0.0,0.0
image_1833.png,surface,0.0,0.0,2.799164331041608,-6.9175882718515505,-19.884988324319888,0.0,-0.2797961747722337,-1.7036722322679967,0.0,0.0,0.0,-0.46353167312673227,0,0,0,0,0,0,0.8316002616120117,-1.416193385939821,4.038217624604884,0.0,0.0,0.0
image_1834.png,surface,0.0,0.0,2.5158376942719194,17.301365873570024,-2.5587729607763237,0.0,-0.11926762839194242,-1.648279901643927,0.0,0.0,0.0,2.325718217456875,0,0,0,0,0,0,-0.08216836264140817,-0.6673808676630949,1.3456170087642072,0.0,0.0,0.0
image_1835.png,surface,0.0,0.0,2.6188696418855253,-16.418967038011267,14.3174501652133,0.0,-2.4366889886583185,0.8811762587883801,0.0,0.0,0.0,2.5090440697140286,0,0,0,0,0,0,-1.441350053195205,-0.30635384523812786,3.1453064038122176,0.0,0.0,0.0
image_1836.png,surface,0.0,0.0,2.7432186854816463,-7.352599529701937,-1.8166774450028915,0.0,-2.749140900010582,0.023946962181854346,0.0,0.0,0.0,-2.0768261423715515,0,0,0,0,0,0,-1.1551266802194802,-0.09722717275815929,1.5403996953336512,0.0,0.0,0.0
image_1837.png,surface,0.0,0.0,1.0063910571124133,17.547812542230826,0.9988434218743462,0.0,0.7626807469341474,-2.369924783802185,0.0,0.0,0.0,-0.05408234853821847,0,0,0,0,0,0,0.08367959940499699,-0.16362153662948026,0.460543631233057,0.0,0.0,0.0
image_1838.png,surface,0.0,0.0,1.3563865447675996,-2.4516672650992963,-15.282271742958658,0.0,-0.15469378919452187,-0.04734089840609983,0.0,0.0,0.0,1.4320328586133506,0,0,0,0,0,0,-0.004506316270882271,-0.025743822318015714,0.6162286546498287,0.0,0.0,0.0
image_1839.png,surface,0.0,0.0,2.7484348814391986,-1.2881031962224438,-3.0693284417015856,0.0,0.17670265878310967,0.8670256541360227,0.0,0.0,0.0,0.03275908668385785,0,0,0,0,0,0,0.22886790478904911,0.381044751663999,1.680540779450306,0.0,0.0,0.0
image_1840.png,surface,0.0,0.0,0.8730369788026161,3.296901198526172,9.552640920894333,0.0,2.6300746039721155,1.01110842787137,0.0,0.0,0.0,-1.9484725162732661,0,0,0,0,0,0,0.11437003301479572,0.03733916080295866,0.1852031003609244,0.0,0.0,0.0
image_1841.png,surface,0.0,0.0,1.7253622304354461,-2.8321572188249093,-6.94424929561646,0.0,-2.2501341669953656,-0.23404470780036493,0.0,0.0,0.0,2.9325966104404007,0,0,0,0,0,0,-0.36626717718614527,0.0006276678951963099,0.5382164346542989,0.0,0.0,0.0
image_1842.png,surface,0.0,0.0,0.7618713706941805,2.9744627176798906,14.551061082977396,0.0,-2.6671255870465895,-0.7178499026796413,0.0,0.0,0.0,1.2550018887832364,0,0,0,0,0,0,-0.12723913480019955,-0.044526666099079314,0.23592578118295487,0.0,0.0,0.0
image_1843.png,surface,0.0,0.0,0.8813670164507912,4.322731123951282,-20.71277199794587,0.0,1.1338825486955704,2.553821030481887,0.0,0.0,0.0,2.7521171612832926,0,0,0,0,0,0,0.07747028823133957,0.33985620905766784,0.5253900609522634,0.0,0.0,0.0
image_1844.png,surface,0.0,0.0,1.9722232145593654,-12.914495007699694,15.440793245946997,0.0,1.5451037912185954,-1.0178753649566021,0.0,0.0,0.0,1.2332614699783493,0,0,0,0,0,0,0.642768716883113,-0.627691491733762,1.2580609306206088,0.0,0.0,0.0
image_1845.png,surface,0.0,0.0,1.4902537890034881,18.479893634446594,5.838221863383762,0.0,2.426470109105706,0.41880984349190936,0.0,0.0,0.0,0.7000952433153875,0,0,0,0,0,0,0.43360776562045855,0.10092553672208555,0.7579127443772268,0.0,0.0,0.0
image_1846.png,surface,0.0,0.0,1.559230314054271,-15.88449035535643,7.552113736596666,0.0,-1.9583550948313455,-1.3794809576184182,0.0,0.0,0.0,0.9433245996054778,0,0,0,0,0,0,-0.43936355357604034,-0.4237418995622932,0.9719238264808332,0.0,0.0,0.0
image_1847.png,surface,0.0,0.0,1.7703286293837484,5.959257910537233,-4.196760305393784,0.0,0.45411033479008717,-0.5836051814989748,0.0,0.0,0.0,1.3389681818809613,0,0,0,0,0,0,0.23704045405437782,-0.24585232331017884,0.6116063368289347,0.0,0.0,0.0
image_1848.png,surface,0.0,0.0,2.1518197799915137,1.5233565029142937,-18.37604941173132,0.0,1.3674109040320377,-1.8748379997133533,0.0,0.0,0.0,1.4832895136591002,0,0,0,0,0,0,1.2113087712211337,-0.8462961067414444,2.237489882800005,0.0,0.0,0.0
image_1849.png,surface,0.0,0.0,1.7483236860511957,11.007820274657929,-3.3764153161381794,0.0,-1.174751029401159,2.1750319229399104,0.0,0.0,0.0,-1.3961594708688876,0,0,0,0,0,0,-0.22576629298220727,0.400013221539381,0.7710495056044341,0.0,0.0,0.0
image_1850.png,surface,0.0,0.0,1.3544309724429542,14.358085725418718,18.160826843226236,0.0,2.2502520045420313,1.2264758169326353,0.0,0.0,0.0,-0.27034054219138515,0,0,0,0,0,0,0.35218665096588053,0.13228061563700694,0.687975066043703,0.0,0.0,0.0
image_1851.png,surface,0.0,0.0,0.9820211868053417,0.9468338155590165,-11.318841383388687,0.0,-0.8172389569923928,-1.5490662329817841,0.0,0.0,0.0,2.0450116118588184,0,0,0,0,0,0,-0.0536557536123703,-0.1738231063045387,0.3058902555618177,0.0,0.0,0.0
image_1852.png,surface,0.0,0.0,1.6611828436145126,14.233526797213313,-17.86819277677845,0.0,2.5969463942698754,1.3593318143612632,0.0,0.0,0.0,2.808449893245445,0,0,0,0,0,0,1.0586784237686542,0.5636111616314478,1.8974145723975762,0.0,0.0,0.0
image_1853.png,surface,0.0,0.0,1.4388825711360147,17.041682526749508,-7.703622333397684,0.0,1.4236732941114598,1.841321076274125,0.0,0.0,0.0,1.3138810987189373,0,0,0,0,0,0,0.287369356140862,0.43375312383554976,0.931216167604073,0.0,0.0,0.0
image_1854.png,surface,0.0,0.0,2.5386131045976255,15.213440648748902,2.0212311576416355,0.0,0.49459962659246426,-1.2632701239284332,0.0,0.0,0.0,1.9193747184434047,0,0,0,0,0,0,0.2339068825576718,-0.43386953342012247,1.410787224031253,0.0,0.0,0.0
image_1855.png,surface,0.0,0.0,0.5382429637185757,-5.023086020167252,-11.703040803595297,0.0,-1.576540677334981,2.217171059528663,0.0,0.0,0.0,2.643471007330273,0,0,0,0,0,0,-0.06671356975697368,0.08739685527173818,0.16258053908388315,0.0,0.0,0.0
image_1856.png,surface,0.0,0.0,1.9259944677849288,7.837800666436104,-16.134907050476443,0.0,-1.3801804136623317,-1.74078282097089,0.0,0.0,0.0,1.0766855692966875,0,0,0,0,0,0,-0.36098621890854893,-0.539434149397682,0.9797170096667841,0.0,0.0,0.0
image_1857.png,surface,0.0,0.0,2.0461481624603968,-5.632877736321359,-18.155577305844105,0.0,0.41054452164766625,-0.833344943825916,0.0,0.0,0.0,2.0479012283600566,0,0,0,0,0,0,0.6253506859070072,-0.5111843748063634,1.8515263447553703,0.0,0.0,0.0
image_1858.png,surface,0.0,0.0,2.9697413601972196,4.601870195375991,-8.334625760517838,0.0,1.1073497893689657,2.037785954424707,0.0,0.0,0.0,-1.0669976784794013,0,0,0,0,0,0,0.9392861537751643,1.0457340409594726,2.897543469600974,0.0,0.0,0.0
image_1859.png,surface,0.0,0.0,2.71341054365162,-2.4741402374833696,24.704861368112983,0.0,1.3155246427374343,2.5688347252442236,0.0,0.0,0.0,-2.228909850108515,0,0,0,0,0,0,0.28752154514021633,1.1853248638871494,2.1961904779220167,0.0,0.0,0.0
image_1860.png,surface,0.0,0.0,1.7939181813141292,2.3430938283606215,-10.17222634294562,0.0,0.4512753550378373,-1.402289737336309,0.0,0.0,0.0,1.5425322715005185,0,0,0,0,0,0,0.297791258816648,-0.54415660308535,0.7625618582434598,0.0,0.0,0.0
image_1861.png,surface,0.0,0.0,1.2212886315542821,-7.786592845750317,-19.57815849711114,0.0,-2.4522228657895657,0.8006647845058914,0.0,0.0,0.0,-1.4087542890722344,0,0,0,0,0,0,-0.3843015736096356,0.11213389199344896,0.6361716113930186,0.0,0.0,0.0
image_1862.png,surface,0.0,0.0,0.5254624977793292,-7.399737023184796,23.649428015898227,0.0,-1.1359014337168782,-1.3918640062961378,0.0,0.0,0.0,0.46883081481288436,0,0,0,0,0,0,-0.20834065255613385,-0.2860136299877798,0.46557235574158473,0.0,0.0,0.0
image_1863.png,surface,0.0,0.0,1.1019519461581344,17.178361024758967,-18.040279576938843,0.0,-0.638997405520942,-0.03158117057702153,0.0,0.0,0.0,1.494324939639137,0,0,0,0,0,0,-0.25018197414862564,0.07557970933510916,0.8431911586670504,0.0,0.0,0.0
image_1864.png,surface,0.0,0.0,2.618588472050394,-16.817249034268727,13.982426682824876,0.0,0.7913583308846921,1.4396187865713959,0.0,0.0,0.0,0.979288072135025,0,0,0,0,0,0,0.3746314845906602,0.42754566139333205,1.860904960623849,0.0,0.0,0.0
image_1865.png,surface,0.0,0.0,2.9331406048296147,8.323588478923538,-22.742573310155077,0.0,-0.3079108754848054,-1.3665390505330874,0.0,0.0,0.0,-0.11223389143636897,0,0,0,0,0,0,1.0157611259507258,-0.5595022179165287,4.283267459225604,0.0,0.0,0.0
image_1866.png,surface,0.0,0.0,2.2526356042127977,-3.7686026481769566,-21.511068011144314,0.0,-2.397743143762653,1.3537890724531327,0.0,0.0,0.0,-2.0679108504704073,0,0,0,0,0,0,-0.7849254174000256,0.33061108569909925,1.3129392314738881,0.0,0.0,0.0
image_1867.png,surface,0.0,0.0,2.0096355204941907,-14.150913752518017,13.937688732518243,0.0,-0.5247377903825409,0.6679762570624248,0.0,0.0,0.0,0.7939650472276663,0,0,0,0,0,0,-0.35658795682720823,0.12997444738047087,1.4015403553856873,0.0,0.0,0.0
image_1868.png,surface,0.0,0.0,2.0155853289772354,-2.2474737715883295,-11.264030919702387,0.0,-1.491776294260301,-1.4246641532034872,0.0,0.0,0.0,-0.46426292631987653,0,0,0,0,0,0,-0.29237028665964576,-0.40918755528571,0.9553995985220818,0.0,0.0,0.0
image_1869.png,surface,0.0,0.0,2.124769072842017,6.753172121749448,2.0264089791173414,0.0,0.10609472399709348,-2.5666562134372772,0.0,0.0,0.0,-2.484037932667487,0,0,0,0,0,0,0.08363394270519069,-0.4703969733360603,0.7547642090499519,0.0,0.0,0.0
image_1870.png,surface,0.0,0.0,0.5044727966165983,-2.9418515230589306,4.079969644187461,0.0,-1.1001375554599628,-0.8690720852233438,0.0,0.0,0.0,2.5021841668978144,0,0,0,0,0,0,-0.03744762518113179,-0.026632625227253647,0.08744219495090898,0.0,0.0,0.0
image_1871.png,surface,0.0,0.0,1.4248960095876393,-7.985613472996795,-14.051085609895344,0.0,-2.853893887435572,-0.8374443411841476,0.0,0.0,0.0,-1.53933444423829,0,0,0,0,0,0,-0.36503444629137494,-0.07808094230092925,0.6677574498357937,0.0,0.0,0.0
image_1872.png,surface,0.0,0.0,1.3231970552876686,-4.907960829757763,18.511757091027228,0.0,-1.7045839267048706,-2.0149450908045208,0.0,0.0,0.0,-2.8792229382304644,0,0,0,0,0,0,-0.2941341571621627,-0.2930453981369718,0.6542567089927382,0.0,0.0,0.0
image_1873.png,surface,0.0,0.0,2.9448329727631233,8.426451712223793,13.559135483144914,0.0,-2.303756082203263,1.2056252739418094,0.0,0.0,0.0,2.4979333151780754,0,0,0,0,0,0,-1.5030352984135098,0.6519015391199069,3.7216379799567756,0.0,0.0,0.0
image_1874.png,surface,0.0,0.0,0.5018167475701643,20.095902861369158,-7.540219706889764,0.0,1.739977105648138,0.9521442191337559,0.0,0.0,0.0,-1.8652693166334502,0,0,0,0,0,0,0.20599389818608996,0.08717504782005224,0.34864781190697475,0.0,0.0,0.0
image_1875.png,surface,0.0,0.0,2.3408617924416095,-14.350010398303718,10.922201860233114,0.0,2.3634489735152155,-1.28832085685224,0.0,0.0,0.0,-2.317696666607019,0,0,0,0,0,0,0.9386226097379793,-0.7715296913958508,1.6768027311255824,0.0,0.0,0.0
image_1876.png,surface,0.0,0.0,1.5132172793099725,11.87727782856014,-5.85218340371484,0.0,2.010051263344493,0.5948983626215556,0.0,0.0,0.0,0.04558535090374827,0,0,0,0,0,0,0.34063854969487234,0.06288477220670184,0.6647294967125407,0.0,0.0,0.0
image_1877.png,surface,0.0,0.0,0.6619009363360693,23.259083442946437,-7.487255721480814,0.0,-2.0255252753812614,-1.9848437822116864,0.0,0.0,0.0,-2.9315627559348565,0,0,0,0,0,0,-0.14192537323789461,-0.19978716297174598,0.4141864727974259,0.0,0.0,0.0
image_1878.png,surface,0.0,0.0,1.4023821519843285,11.537978042801914,-10.455480020981755,0.0,-0.2921675930843607,-2.220477620483867,0.0,0.0,0.0,2.2001159349522705,0,0,0,0,0,0,-0.005996246574561385,-0.3594932474930967,0.5399269155484077,0.0,0.0,0.0
image_1879.png,surface,0.0,0.0,0.8196220254226045,7.139311369492764,4.625576365696446,0.0,1.54526644275935,0.25911249865653263,0.0,0.0,0.0,0.6019310972549112,0,0,0,0,0,0,0.12720869700032889,0.02848102065796964,0.17541584480103184,0.0,0.0,0.0
image_1880.png,surface,0.0,0.0,0.5933999087653514,-22.025542325663647,2.632786136732022,0.0,-0.8770194793072104,-0.7509621569135821,0.0,0.0,0.0,2.225669079409938,0,0,0,0,0,0,-0.186875916087196,-0.28809012528015887,0.46115100826072997,0.0,0.0,0.0
image_1881.png,surface,0.0,0.0,2.208632655721511,1.1161627469874909,-11.001992958265053,0.0,-1.2228569049617992,0.9212932532954214,0.0,0.0,0.0,1.2681896468408365,0,0,0,0,0,0,-0.4843186620953225,0.34071040371203287,1.042640823132952,0.0,0.0,0.0
image_1882.png,surface,0.0,0.0,0.5617114351151637,2.444926971882219,-7.38396979623075,0.0,-0.15691486351056605,-0.1635865463229728,0.0,0.0,0.0,-0.4655235648575853,0,0,0,0,0,0,-0.033886402596239984,-0.00016989506937649298,0.13628915259924354,0.0,0.0,0.0
image_1883.png,surface,0.0,0.0,0.5299102600259225,-10.857126282007021,-17.027623785333315,0.0,0.3627776264311367,0.7929197427103537,0.0,0.0,0.0,0.29004462871501513,0,0,0,0,0,0,0.12462452779129188,0.19842328310925164,0.3867160603178915,0.0,0.0,0.0
image_1884.png,surface,0.0,0.0,1.5649600612903947,2.7201360699332393,21.450381412835803,0.0,1.1004220329997039,-0.9357848077303454,0.0,0.0,0.0,0.5184115208948756,0,0,0,0,0,0,0.31402982504775706,-0.3318066435947114,0.7299108769984787,0.0,0.0,0.0
image_1885.png,surface,0.0,0.0,0.8264133747514966,-2.3000564760527062,-5.197408075404669,0.0,0.23323090466005883,-1.8859437958275864,0.0,0.0,0.0,-1.063041348808536,0,0,0,0,0,0,0.045510598366925524,-0.10664219118610453,0.21236759132284388,0.0,0.0,0.0
image_1886.png,surface,0.0,0.0,1.6153190385741996,19.14686926417484,6.7706754270844955,0.0,0.4673710512832078,0.997830449631223,0.0,0.0,0.0,-0.9308636921015809,0,0,0,0,0,0,0.2681783233222781,0.6353839629305291,1.1259340970639482,0.0,0.0,0.0
image_1887.png,surface,0.0,0.0,1.4150857947853672,18.1440378040963,11.106748038763415,0.0,-1.5123669746840598,-1.836605636015246,0.0,0.0,0.0,1.5845446901830105,0,0,0,0,0,0,-0.2958645460848217,-0.3482691611967908,0.7017526993552562,0.0,0.0,0.0
image_1888.png,surface,0.0,0.0,0.7556933825987304,-2.0637247672870953,-19.612400703520873,0.0,-1.4713326367375783,2.4600742942515725,0.0,0.0,0.0,0.15635335493934743,0,0,0,0,0,0,-0.14245803473563476,0.19926803914865127,0.3879531444110195,0.0,0.0,0.0
image_1889.png,surface,0.0,0.0,2.099267939974283,19.596746347873083,-12.518448079486532,0.0,1.9801632937882092,-1.0853112206398743,0.0,0.0,0.0,0.14602274322542197,0,0,0,0,0,0,1.345859065550315,-0.1332968398482773,2.448743205237521,0.0,0.0,0.0
image_1890.png,surface,0.0,0.0,2.124305465746439,-4.504877933166062,-1.4873253518061702,0.0,2.641738577631624,0.8761040718451608,0.0,0.0,0.0,-0.8027517023733908,0,0,0,0,0,0,0.6192174692330266,0.11508031296513499,0.9376271214513126,0.0,0.0,0.0
image_1891.png,surface,0.0,0.0,2.111694758456175,-8.473807344697786,-22.981601518862455,0.0,-2.6590738526622104,0.4792913017089119,0.0,0.0,0.0,-0.21064081397189494,0,0,0,0,0,0,-0.6400704059245599,0.09973784433894466,1.501456109441676,0.0,0.0,0.0
image_1892.png,surface,0.0,0.0,2.661575025153467,-19.716343382049757,-1.3213484300055138,0.0,2.236982214303091,-0.5184024863521685,0.0,0.0,0.0,0.31607147270290437,0,0,0,0,0,0,1.4268175256468574,-1.0461147317630755,3.7090951977345705,0.0,0.0,0.0
image_1893.png,surface,0.0,0.0,0.5169343518561205,15.194564947605416,-8.591983636086256,0.0,0.9772050424449277,-1.072430169326944,0.0,0.0,0.0,2.4219851599183135,0,0,0,0,0,0,0.11409000525598363,-0.1170545565953893,0.23907431651023067,0.0,0.0,0.0
image_1894.png,surface,0.0,0.0,0.5693375524453541,-6.76011515533398,2.7490211067239168,0.0,1.4791790714688897,1.4839678230105078,0.0,0.0,0.0,-0.9476056378613658,0,0,0,0,0,0,0.09043679097633021,0.07964303307769607,0.15501958829086554,0.0,0.0,0.0
image_1895.png,surface,0.0,0.0,1.807913214955306,2.845189256410256,-4.523163553882327,0.0,2.1675289349780753,0.5582344709496486,0.0,0.0,0.0,2.1690121285627795,0,0,0,0,0,0,0.4831757227101716,0.08563183427321608,0.6954779587384866,0.0,0.0,0.0
image_1896.png,surface,0.0,0.0,1.6650388201041537,-19.4358981426801,13.226131000152144,0.0,-0.5641942442139005,2.29364998617375,0.0,0.0,0.0,-2.5505416959554466,0,0,0,0,0,0,-0.22699141442700974,0.565613721106598,0.9100696218244277,0.0,0.0,0.0
image_1897.png,surface,0.0,0.0,2.976418688250169,11.835265169845444,14.156592668716877,0.0,1.9316092916782284,-2.040788916778631,0.0,0.0,0.0,0.2971459541698733,0,0,0,0,0,0,0.8218114651735401,-0.8747063377871745,1.8332715388685055,0.0,0.0,0.0
image_1898.png,surface,0.0,0.0,1.3938401741229616,9.244288872114726,0.857568129236935,0.0,-0.9764614058488188,2.7026004820778047,0.0,0.0,0.0,-0.414102739874739,0,0,0,0,0,0,-0.11479007465301362,0.19903364687701147,0.41805403534128516,0.0,0.0,0.0
image_1899.png,surface,0.0,0.0,1.4727604859409003,2.33511442942849,-12.68125106405249,0.0,-0.6914205746982409,-1.907529867221244,0.0,0.0,0.0,1.7069933782592859,0,0,0,0,0,0,-0.08917666606167617,-0.39922981649725625,0.6040230559981352,0.0,0.0,0.0
image_1900.png,surface,0.0,0.0,2.589265923100701,15.468432457593206,-9.665109273489623,0.0,-0.8916387965184177,0.39146950097365474,0.0,0.0,0.0,2.9555877932310786,0,0,0,0,0,0,-0.3375262846580754,0.4282535575157343,2.138511990330864,0.0,0.0,0.0
image_1901.png,surface,0.0,0.0,2.0577304459097654,18.816507495156326,-11.903597632097664,0.0,0.6997896734205423,-0.8371242687652195,0.0,0.0,0.0,-2.5757865781706784,0,0,0,0,0,0,0.6828781276629523,-0.2009308084850487,1.6481443606360395,0.0,0.0,0.0
image_1902.png,surface,0.0,0.0,0.6776878024959214,-14.413158802387324,-5.862934681980214,0.0,-1.7284275339132602,1.4215532472388763,0.0,0.0,0.0,-2.214383261757512,0,0,0,0,0,0,-0.1354421218653991,0.14335840340134945,0.25650514400293445,0.0,0.0,0.0
image_1903.png,surface,0.0,0.0,0.6441482371044613,-10.287411373688176,-21.98408001141786,0.0,1.6459063942243903,1.0146246878379512,0.0,0.0,0.0,-2.7017634367763255,0,0,0,0,0,0,0.44992851391121985,0.1335799982972379,0.6576955348111805,0.0,0.0,0.0
image_1904.png,surface,0.0,0.0,1.8213795074684893,-5.470691568796949,9.176732268530841,0.0,-1.2971945352258956,-1.337915379354351,0.0,0.0,0.0,0.18236537945253373,0,0,0,0,0,0,-0.22947970456645342,-0.24486126873881625,0.8541328771802779,0.0,0.0,0.0
image_1905.png,surface,0.0,0.0,1.491930879565368,2.7071777682392946,22.2437896028325,0.0,1.2999764313867606,0.3101166533558355,0.0,0.0,0.0,2.6774922928247378,0,0,0,0,0,0,0.44226731968372174,0.08546193920383961,0.6663417254404082,0.0,0.0,0.0
image_1906.png,surface,0.0,0.0,2.338578328375423,-10.755392029443259,3.612173180515906,0.0,0.5665882528264881,2.7453094008935235,0.0,0.0,0.0,0.933500626650797,0,0,0,0,0,0,0.129418481270954,0.6635110355272978,1.0430271327865823,0.0,0.0,0.0
image_1907.png,surface,0.0,0.0,2.0701554614425732,4.755907915887673,14.167771595049004,0.0,-0.7788091641278462,1.8921644416397334,0.0,0.0,0.0,-0.026464762708070744,0,0,0,0,0,0,-0.45296925011831973,0.9349247012661623,1.3673887956017503,0.0,0.0,0.0
image_1908.png,surface,0.0,0.0,0.5007663430278431,10.361541778175875,21.502483635636246,0.0,-2.0074515546964977,0.8290476303972861,0.0,0.0,0.0,-0.3612379187861432,0,0,0,0,0,0,-0.15857484976726074,0.07540666806074421,0.34407462016920165,0.0,0.0,0.0
image_1909.png,surface,0.0,0.0,0.5421941433227557,-12.311005202000477,14.775468107910399,0.0,-1.2292248196016924,-0.7824431755200325,0.0,0.0,0.0,0.9670507123129024,0,0,0,0,0,0,-0.17875511108164768,-0.0894072802593596,0.2640928908412906,0.0,0.0,0.0
image_1910.png,surface,0.0,0.0,2.5992862163133736,5.120596484922546,7.087028900910038,0.0,1.5120154444264955,-0.0678362581805605,0.0,0.0,0.0,1.2645159796646883,0,0,0,0,0,0,0.7115961918411184,0.024954124865913974,1.390143104101706,0.0,0.0,0.0
image_1911.png,surface,0.0,0.0,0.91146295030953,-6.67509593457478,10.036428444748186,0.0,-1.726443242385077,-2.351722025174447,0.0,0.0,0.0,2.492756865765821,0,0,0,0,0,0,-0.10004296061557691,-0.1678185740840764,0.25733582140842853,0.0,0.0,0.0
image_1912.png,surface,0.0,0.0,1.923988794047488,-0.9143220200497538,0.1996079411760128,0.0,1.8209760196154725,2.04511935528556,0.0,0.0,0.0,1.935368430602403,0,0,0,0,0,0,0.3352023586379348,0.3696586358107876,0.6295730852284093,0.0,0.0,0.0
image_1913.png,surface,0.0,0.0,2.8512420244072487,-14.161266022269832,1.1811578982064193,0.0,1.7791914403284188,-2.0605546519815054,0.0,0.0,0.0,0.8329398956927205,0,0,0,0,0,0,1.1000099122133085,-1.6268160788917994,3.345807813057657,0.0,0.0,0.0
image_1914.png,surface,0.0,0.0,2.9165166112206493,-18.089144597574006,-0.9231604229189132,0.0,2.2976998555268677,-0.438299844651346,0.0,0.0,0.0,-2.923665589517502,0,0,0,0,0,0,1.3100124686423917,-0.9125960844631119,3.7083985005557727,0.0,0.0,0.0
image_1915.png,surface,0.0,0.0,2.610631840175314,-5.582047564540304,-17.962006601573762,0.0,0.9464392824332282,1.3760452361737256,0.0,0.0,0.0,-2.659761074984015,0,0,0,0,0,0,1.1073941224619823,0.3849932389245073,2.9316883303735755,0.0,0.0,0.0
image_1916.png,surface,0.0,0.0,2.722308127411411,-23.105609210231805,-7.6207525664072335,0.0,1.5091666016535423,-2.5197455177029604,0.0,0.0,0.0,0.5268427883786422,0,0,0,0,0,0,1.8180406549471282,-3.283944269744849,7.496448245880286,0.0,0.0,0.0
image_1917.png,surface,0.0,0.0,2.7626468757382874,22.8863383543427,4.241839699647455,0.0,-1.5329918460590175,-1.8967262810624734,0.0,0.0,0.0,-2.56892982760823,0,0,0,0,0,0,-0.7105339126256252,-0.7378432745844852,1.9725707805607762,0.0,0.0,0.0
image_1918.png,surface,0.0,0.0,0.6913895245184394,3.4693489344212014,-23.092658298900588,0.0,1.008243020374673,0.7241479024447475,0.0,0.0,0.0,-1.7473050135234698,0,0,0,0,0,0,0.4511795074859126,0.18756887589908924,0.6148888523829029,0.0,0.0,0.0
image_1919.png,surface,0.0,0.0,2.6431070526742775,15.626906490812248,-15.288439209837751,0.0,-1.0199806964575364,2.4713211008079106,0.0,0.0,0.0,-1.996467876897334,0,0,0,0,0,0,0.2508287773958821,1.7388052454557803,4.021135145701579,0.0,0.0,0.0
image_1920.png,surface,0.0,0.0,1.5393303180943767,-15.80236007893411,8.367487005748071,0.0,-0.428330434423321,0.9662910655791545,0.0,0.0,0.0,0.28503689471033766,0,0,0,0,0,0,-0.18386866145995392,0.3585808480464453,0.7607330281491052,0.0,0.0,0.0
image_1921.png,surface,0.0,0.0,0.6066641359310385,11.326205793506476,-16.90424053446538,0.0,-2.11829311335363,1.1123842296586637,0.0,0.0,0.0,0.09582725601842101,0,0,0,0,0,0,-0.1613599084554452,0.07017295606245294,0.3526471216737478,0.0,0.0,0.0
image_1922.png,surface,0.0,0.0,1.8329277503140122,19.04833531894591,4.490320832908503,0.0,1.127058160825542,2.67054897537847,0.0,0.0,0.0,-2.4708978673316717,0,0,0,0,0,0,0.3312758824545926,0.841197681557657,1.5399553275817865,0.0,0.0,0.0
image_1923.png,surface,0.0,0.0,0.7917601138793637,2.688056856093497,17.642503248828252,0.0,-0.15533736741201795,2.0753913037619296,0.0,0.0,0.0,0.801284612998586,0,0,0,0,0,0,-0.020356800553638043,0.18208189439922728,0.27914780231397984,0.0,0.0,0.0
image_1924.png,surface,0.0,0.0,0.6977861767198523,-13.734341076466098,16.55815183542804,0.0,2.3760752512425642,-1.415949043572721,0.0,0.0,0.0,2.164327460142948,0,0,0,0,0,0,0.23133336657858936,-0.11688623462850706,0.34552160661748127,0.0,0.0,0.0
image_1925.png,surface,0.0,0.0,1.6689470465312557,-8.354366807065183,-23.100779118692852,0.0,0.7366233428908053,-1.7277545590998102,0.0,0.0,0.0,0.029602268982634516,0,0,0,0,0,0,1.164527394709599,-1.2170386101707542,2.6254966193016998,0.0,0.0,0.0
image_1926.png,surface,0.0,0.0,1.2869224643880965,15.952175231043412,-4.487292902920146,0.0,0.6885527894026459,0.35304287347892255,0.0,0.0,0.0,-0.26508167655525394,0,0,0,0,0,0,0.3376221637276691,0.22303604473391853,0.7118369444176501,0.0,0.0,0.0
image_1927.png,surface,0.0,0.0,2.703294201484631,4.475033627679862,-13.237611862408473,0.0,-1.0655260372505144,1.8000629710318683,0.0,0.0,0.0,0.27691629473080415,0,0,0,0,0,0,-0.21254106893831387,0.9384846322105972,2.2031574497100332,0.0,0.0,0.0
image_1928.png,surface,0.0,0.0,1.2889771086416955,9.66509949311517,22.97751413491693,0.0,-1.7793322267873617,-0.576670291758895,0.0,0.0,0.0,-0.3816299867464159,0,0,0,0,0,0,-0.47036445274452215,-0.07538779083081362,0.979650019553439,0.0,0.0,0.0
image_1929.png,surface,0.0,0.0,2.5564407529283524,19.40057971519772,11.004134096044742,0.0,1.6025472943228058,0.8347285976975992,0.0,0.0,0.0,-2.0443060611544337,0,0,0,0,0,0,0.7718173788856358,0.8915290958604309,2.4817782631323544,0.0,0.0,0.0
image_1930.png,surface,0.0,0.0,0.5122280369581875,-15.722169461993808,-19.348189635389534,0.0,-1.0957263926893979,-2.596507593981126,0.0,0.0,0.0,0.09714368695693842,0,0,0,0,0,0,-0.07482372153256714,-0.4803547121245141,0.6643275560324633,0.0,0.0,0.0
image_1931.png,surface,0.0,0.0,2.8730213369383177,-8.025104920179755,13.71254302005707,0.0,-2.1740893503888286,0.29874128464674127,0.0,0.0,0.0,2.516947804756656,0,0,0,0,0,0,-1.3013924837189619,-0.2721168425537834,3.0280737054562175,0.0,0.0,0.0
image_1932.png,surface,0.0,0.0,0.63582256154803,-3.998247032291631,24.641736320762718,0.0,1.2977818573227393,2.3906157244349178,0.0,0.0,0.0,2.0205358291701607,0,0,0,0,0,0,0.11635457756637635,0.2216894689988607,0.35216702586143306,0.0,0.0,0.0
image_1933.png,surface,0.0,0.0,1.1572083865076217,-15.633393215794625,-10.377374424100388,0.0,-1.6134135260977607,-1.7356889552754158,0.0,0.0,0.0,-2.4332950359313728,0,0,0,0,0,0,-0.28897342819405664,-0.38063574501549985,0.6239593137299901,0.0,0.0,0.0
image_1934.png,surface,0.0,0.0,0.5622164233851588,14.76869392497234,7.109230286769868,0.0,0.7489625766012177,1.9782412379208236,0.0,0.0,0.0,2.689559626778621,0,0,0,0,0,0,0.023275785561254692,0.13340066461289599,0.19658472061845872,0.0,0.0,0.0
image_1935.png,surface,0.0,0.0,2.8983873452684454,8.30372021687623,-13.017322955418901,0.0,-0.07850457697885169,1.3193496162792964,0.0,0.0,0.0,-1.9693970831661438,0,0,0,0,0,0,0.5126242940852385,0.8251945098838906,3.044285312886015,0.0,0.0,0.0
image_1936.png,surface,0.0,0.0,0.6292127957836664,0.6064350150377666,14.735878449287435,0.0,0.9891134973323921,1.3701724567494324,0.0,0.0,0.0,-1.1847722857089666,0,0,0,0,0,0,0.07386340894664128,0.10505178456444143,0.17194798993347224,0.0,0.0,0.0
image_1937.png,surface,0.0,0.0,1.3725076039671797,12.055545055589644,-10.771817083802203,0.0,-2.2447823723693454,0.16325678741672295,0.0,0.0,0.0,0.2639219383364182,0,0,0,0,0,0,-0.3177188863921066,0.024460170682726826,0.6128121588691683,0.0,0.0,0.0
image_1938.png,surface,0.0,0.0,2.159600746035722,12.45534587880893,12.407168042766834,0.0,-1.640962656452018,0.942790022987694,0.0,0.0,0.0,1.875783309718586,0,0,0,0,0,0,-0.9396696700535367,0.533863793465626,1.8138109109414111,0.0,0.0,0.0
image_1939.png,surface,0.0,0.0,1.305039491527277,-7.531235431716251,23.0372887942602,0.0,-0.3728358332032309,-0.664251927149546,0.0,0.0,0.0,-2.7429393704282363,0,0,0,0,0,0,-0.3841615597302297,-0.29085092015752606,0.998273271063706,0.0,0.0,0.0
image_1940.png,surface,0.0,0.0,0.5187168514390581,-0.6037789700188838,19.68021076663159,0.0,-1.3493976523541835,2.471771980133226,0.0,0.0,0.0,2.9608310244309255,0,0,0,0,0,0,-0.07050307584089714,0.11607136753649762,0.20685207199066633,0.0,0.0,0.0
image_1941.png,surface,0.0,0.0,1.1014313326216814,19.5123170633789,2.742498569073597,0.0,-1.1654757272926501,-2.5251723656093343,0.0,0.0,0.0,-2.3174872978442975,0,0,0,0,0,0,-0.039045609674352534,-0.281026895081082,0.45232171132168886,0.0,0.0,0.0
image_1942.png,surface,0.0,0.0,2.286731616671546,-4.110033946300598,-17.190529019911654,0.0,-0.812144688125738,1.9495323575734311,0.0,0.0,0.0,2.9148989125440785,0,0,0,0,0,0,-0.12155335378432093,0.8079218444972854,1.3177491216121517,0.0,0.0,0.0
image_1943.png,surface,0.0,0.0,1.445696069553029,-5.755675271769167,3.4634161655442623,0.0,0.8892829492157535,2.1335993827203894,0.0,0.0,0.0,-1.6799232056330073,0,0,0,0,0,0,0.08463839010092937,0.24533791879456668,0.37545725526815893,0.0,0.0,0.0
image_1944.png,surface,0.0,0.0,2.5507133453320154,12.173138534549746,6.306793931135688,0.0,0.5418496835114708,2.077595286284464,0.0,0.0,0.0,-1.2155126383421708,0,0,0,0,0,0,0.30572639324298384,1.1865094100653018,2.200504641221521,0.0,0.0,0.0
image_1945.png,surface,0.0,0.0,2.3474499284099375,22.05663024531516,9.412643684256908,0.0,-2.717230669528581,-0.7316108710570125,0.0,0.0,0.0,-1.080875541771998,0,0,0,0,0,0,-1.4025007673300187,0.023195396277368774,2.469733440752691,0.0,0.0,0.0
image_1946.png,surface,0.0,0.0,1.9649664347415499,-13.016834184734234,-2.633571782372441,0.0,-2.500222098586591,0.5044086310876789,0.0,0.0,0.0,-0.18601723214853827,0,0,0,0,0,0,-0.6131451281587881,0.11361732764550446,0.8860648312086746,0.0,0.0,0.0
image_1947.png,surface,0.0,0.0,0.7361883128734328,-10.485140877127991,-3.665881762006422,0.0,-1.3453474513977057,1.7872292426064198,0.0,0.0,0.0,0.6020729035855328,0,0,0,0,0,0,-0.09419890304036976,0.07343399753298434,0.21060351833805852,0.0,0.0,0.0
image_1948.png,surface,0.0,0.0,2.954998523226142,2.4035241823481486,-1.2796017839027662,0.0,-0.9669674648352113,-0.9707313363201309,0.0,0.0,0.0,0.4589629583335908,0,0,0,0,0,0,-0.432035653257128,-0.49276649080396057,1.8240603982833927,0.0,0.0,0.0
image_1949.png,surface,0.0,0.0,1.8016821422442193,10.545311104348416,15.95728157080518,0.0,2.931951459016908,-0.5409625451507327,0.0,0.0,0.0,-2.924669010946336,0,0,0,0,0,0,0.4629041479961717,-0.10974120309973061,0.7561710014302238,0.0,0.0,0.0
image_1950.png,surface,0.0,0.0,1.1504482122270125,-3.4524789757086802,4.8339732547112,0.0,2.0839025154619986,-0.9893678003125586,0.0,0.0,0.0,-1.1108614438171445,0,0,0,0,0,0,0.18051745969417132,-0.09089386211640366,0.30583666347114036,0.0,0.0,0.0
image_1951.png,surface,0.0,0.0,2.0053365963146623,-14.21856132120095,-17.58997066814473,0.0,2.4336054182364086,0.3679217292696026,0.0,0.0,0.0,0.03308353793155838,0,0,0,0,0,0,2.0422835360457987,-0.3238152829240412,3.214976121692359,0.0,0.0,0.0
image_1952.png,surface,0.0,0.0,2.2669495490137113,-1.3307846774354823,18.422172059634715,0.0,2.383625386787161,0.6662265697109682,0.0,0.0,0.0,-2.673358279135286,0,0,0,0,0,0,0.6292193302705947,0.172561478104169,1.0726724909460925,0.0,0.0,0.0
image_1953.png,surface,0.0,0.0,1.668761245868462,15.474633382868268,2.208341951962831,0.0,2.953162565598317,0.17000696665068274,0.0,0.0,0.0,2.5471497770636944,0,0,0,0,0,0,0.4641429664509159,-0.0404586230490098,0.713551891319315,0.0,0.0,0.0
image_1954.png,surface,0.0,0.0,2.1045774572632485,-21.054846633605564,7.52812350291969,0.0,-2.911687818574006,-0.007199131526695477,0.0,0.0,0.0,-2.876469194920422,0,0,0,0,0,0,-1.3597706619812968,-0.34448584969817664,1.9857276388219853,0.0,0.0,0.0
image_1955.png,surface,0.0,0.0,0.7701002954368625,17.887362987335507,-12.580480936684342,0.0,0.7288154551674794,-2.594024225619729,0.0,0.0,0.0,-0.7941104489661988,0,0,0,0,0,0,0.12093546644694252,-0.21237670223304017,0.4463417272036438,0.0,0.0,0.0
image_1956.png,surface,0.0,0.0,2.6851638777043263,-12.964682106514006,-8.769311473491125,0.0,0.19575409165622315,0.7513446610770346,0.0,0.0,0.0,1.2747814192022604,0,0,0,0,0,0,0.46804052672438134,0.07826971460023642,2.1943817448616674,0.0,0.0,0.0
image_1957.png,surface,0.0,0.0,2.201812828451107,-13.48828357716875,-8.687003626457429,0.0,-1.2881057647384149,1.075213609166157,0.0,0.0,0.0,-0.6262479098414424,0,0,0,0,0,0,-0.580762352876169,0.30856248114002127,1.1723850416582637,0.0,0.0,0.0
image_1958.png,surface,0.0,0.0,2.432467400932324,-5.474223067764436,-11.015581259567737,0.0,0.9181384598182956,0.6344761792057273,0.0,0.0,0.0,-2.3892144549025085,0,0,0,0,0,0,0.6655498881964657,0.16327388097825618,1.6331832353220368,0.0,0.0,0.0
image_1959.png,surface,0.0,0.0,0.7843376506892925,4.503982315340891,-1.9817404248814798,0.0,-0.7812474074264678,1.646943425999411,0.0,0.0,0.0,1.0477963233690746,0,0,0,0,0,0,-0.03393205929604634,0.03564021010919412,0.14273583450693458,0.0,0.0,0.0
image_1960.png,surface,0.0,0.0,1.7982567064926571,-11.68870307506206,2.5689870550669123,0.0,0.7901026173148369,-0.5614084858122536,0.0,0.0,0.0,2.2795896563364835,0,0,0,0,0,0,0.4197813950291157,-0.32966722420256345,0.7868122792748159,0.0,0.0,0.0
image_1961.png,surface,0.0,0.0,2.2314869513524265,13.064658486800699,2.117645285177527,0.0,-1.2379256271700512,1.3496331346086003,0.0,0.0,0.0,-2.052751155805801,0,0,0,0,0,0,-0.521536481887429,0.7116479718506273,1.495344378100715,0.0,0.0,0.0
image_1962.png,surface,0.0,0.0,1.8057071237800586,-3.5376745078838634,20.52466967925788,0.0,2.0277580165599614,-1.997062925972122,0.0,0.0,0.0,-2.815381261154236,0,0,0,0,0,0,0.3948117459050474,-0.35906850981965555,0.8785753365365603,0.0,0.0,0.0
image_1963.png,surface,0.0,0.0,0.7480224863996665,23.561158628453352,-1.8866713663327137,0.0,2.137105903630403,-0.09225649390666829,0.0,0.0,0.0,1.4779519205700673,0,0,0,0,0,0,0.26905949762854,-0.02441297760790011,0.47976979376344164,0.0,0.0,0.0
image_1964.png,surface,0.0,0.0,0.651647978376543,2.665414593632471,12.162977870580951,0.0,-1.109760402909703,-0.45720545355546577,0.0,0.0,0.0,-1.537204181964398,0,0,0,0,0,0,-0.10107784581118641,-0.020835742536029222,0.1813288388057307,0.0,0.0,0.0
image_1965.png,surface,0.0,0.0,2.0400405891402587,-9.15215181984461,-22.13371496519853,0.0,-1.9169448001151552,-0.7016741172243348,0.0,0.0,0.0,1.4752241281496055,0,0,0,0,0,0,-0.633917404680664,-0.4438272722085762,1.5060471652096747,0.0,0.0,0.0
image_1966.png,surface,0.0,0.0,2.4922281573998246,-7.595051775505923,9.113265264331682,0.0,0.49459243378809115,0.5716875496741841,0.0,0.0,0.0,2.5112043998321942,0,0,0,0,0,0,0.2490938228032424,0.1618502232209812,1.269074105254738,0.0,0.0,0.0
image_1967.png,surface,0.0,0.0,2.9915726022421127,-5.429135879983111,12.82704675054603,0.0,-0.9737438663420591,-0.09316735560933742,0.0,0.0,0.0,1.317934787700648,0,0,0,0,0,0,-0.7945270213692925,-0.3901215530556854,2.946131398811038,0.0,0.0,0.0
image_1968.png,surface,0.0,0.0,1.920543693876778,-22.326232005268764,7.186897786671422,0.0,1.217895163948744,-0.5383148700684659,0.0,0.0,0.0,0.5479204464232073,0,0,0,0,0,0,0.669226774420867,-0.7021668831179241,1.950604722394529,0.0,0.0,0.0
image_1969.png,surface,0.0,0.0,1.0737433679167836,1.1253923047682306,12.726104855182152,0.0,1.0289224086751454,2.365522925690677,0.0,0.0,0.0,-1.990845336035152,0,0,0,0,0,0,0.05284610813580532,0.21394980472726657,0.30945859559939665,0.0,0.0,0.0
image_1970.png,surface,0.0,0.0,1.5126914095922506,-6.621882698565256,-7.495959204632379,0.0,-0.7179946319529952,1.3057161171749683,0.0,0.0,0.0,2.0257474341810013,0,0,0,0,0,0,-0.17240122035860353,0.30510794806270014,0.4777600903630525,0.0,0.0,0.0
image_1971.png,surface,0.0,0.0,0.7665991244794461,-21.252253071517213,11.26020767787586,0.0,2.50885009112143,-0.7812807919876522,0.0,0.0,0.0,1.0511045150600644,0,0,0,0,0,0,0.3191768570059212,-0.1526460005272624,0.5261760782821929,0.0,0.0,0.0
image_1972.png,surface,0.0,0.0,1.5346766724408774,7.754126770413239,-18.063721756110507,0.0,-2.8149850030674437,0.41705273078245003,0.0,0.0,0.0,-1.4785251097478154,0,0,0,0,0,0,-0.46779245865543323,0.06703776279145958,0.7738608573611993,0.0,0.0,0.0
image_1973.png,surface,0.0,0.0,2.6004181998673084,0.8127479924329613,-17.862534807809837,0.0,-0.5805688308197483,1.5115735626516236,0.0,0.0,0.0,2.4975593071197633,0,0,0,0,0,0,0.10397552435889344,0.7555689934894289,2.1138596286194304,0.0,0.0,0.0
image_1974.png,surface,0.0,0.0,1.4754992797285635,-4.873822018737118,21.294572452921603,0.0,-1.1288696565561829,1.6523091203156832,0.0,0.0,0.0,2.9176942347713846,0,0,0,0,0,0,-0.5831821579659029,0.5534095919563897,0.9635969553918903,0.0,0.0,0.0
image_1975.png,surface,0.0,0.0,0.6293339395234407,-2.760566055223962,5.467796878227161,0.0,-0.03795636691910642,-0.8497372729130717,0.0,0.0,0.0,-2.9803119518882335,0,0,0,0,0,0,0.011599845530788803,-0.06864232733557069,0.11651590414319767,0.0,0.0,0.0
image_1976.png,surface,0.0,0.0,0.9147785519901013,-1.2497508357695648,6.873599162058209,0.0,-0.8664507520579252,-1.8509675749508214,0.0,0.0,0.0,-0.3027409430606971,0,0,0,0,0,0,-0.025896480130136457,-0.10539314780568866,0.25553155435563524,0.0,0.0,0.0
image_1977.png,surface,0.0,0.0,2.1741942570801087,0.9536802037152396,14.585794301477208,0.0,0.5488069565312873,-2.7546985574051197,0.0,0.0,0.0,-1.3266786516417,0,0,0,0,0,0,0.18199369298790855,-0.7325073109240702,1.0503915792471183,0.0,0.0,0.0
image_1978.png,surface,0.0,0.0,2.2280637867373034,-5.0495293278669235,15.87109495001829,0.0,-2.8944533696157997,-0.7603343803869813,0.0,0.0,0.0,1.3691463930984975,0,0,0,0,0,0,-1.4722124603742728,-0.5822917537503867,2.0604015181690936,0.0,0.0,0.0
image_1979.png,surface,0.0,0.0,0.9951043739572238,1.0175812833516074,0.22471471006907742,0.0,-2.4150049201901003,-0.980743564890775,0.0,0.0,0.0,-2.206674637852152,0,0,0,0,0,0,-0.09871891632119394,-0.02299718536309634,0.20144820284739912,0.0,0.0,0.0
image_1980.png,surface,0.0,0.0,2.5253538554437673,21.850525217168148,4.91382150751964,0.0,1.462081751718587,-0.048033172490250166,0.0,0.0,0.0,0.3559406517119825,0,0,0,0,0,0,0.8165152879960084,0.566895799639393,2.829057243723287,0.0,0.0,0.0
image_1981.png,surface,0.0,0.0,1.2021390797182836,-7.4072005871486555,-7.588350798760094,0.0,-0.2767287184113606,-0.8563414102478215,0.0,0.0,0.0,0.852665344565009,0,0,0,0,0,0,-0.051555545421280234,-0.3379260122972523,0.4443722178712633,0.0,0.0,0.0
image_1982.png,surface,0.0,0.0,1.889288084027063,-13.487428818273798,-7.55459913695062,0.0,-0.04103046380327342,1.1199098568428085,0.0,0.0,0.0,1.5921539751880625,0,0,0,0,0,0,0.12280739113900092,0.4061939412391966,0.9099133115599535,0.0,0.0,0.0
image_1983.png,surface,0.0,0.0,1.2692641055769143,4.255617435030753,19.187340865576285,0.0,-0.8080061980257189,-0.44831954610714775,0.0,0.0,0.0,-1.6259779567192048,0,0,0,0,0,0,-0.4241050845007731,-0.17246709195451554,0.6234568878798932,0.0,0.0,0.0
image_1984.png,surface,0.0,0.0,2.232792547847192,19.671399345612556,11.543377994697913,0.0,-0.44804658337103315,0.2855237209076365,0.0,0.0,0.0,-0.16821453616853033,0,0,0,0,0,0,-0.46897648907040995,0.5859256205120501,2.4220811401256985,0.0,0.0,0.0
image_1985.png,surface,0.0,0.0,1.4391877871204233,-13.91617088176711,11.73525624843631,0.0,-2.9153202841144537,-0.3414711595391319,0.0,0.0,0.0,-2.6785026696336316,0,0,0,0,0,0,-0.45267704723955926,-0.01960872259053259,0.7248397254181652,0.0,0.0,0.0
image_1986.png,surface,0.0,0.0,2.404517307048472,9.559421079649857,-12.138852099509666,0.0,-2.089510586934898,-0.4131481932906772,0.0,0.0,0.0,-0.3047210892729719,0,0,0,0,0,0,-0.8432701140825037,-0.12871911159007832,1.2851829945107425,0.0,0.0,0.0
image_1987.png,surface,0.0,0.0,1.708565241632684,-11.806518075776141,-17.905873817561492,0.0,1.0281220292361934,-0.8371787295890024,0.0,0.0,0.0,2.125455845963561,0,0,0,0,0,0,0.957777117196719,-0.5617784972256745,1.8511244040752926,0.0,0.0,0.0
image_1988.png,surface,0.0,0.0,2.1006755842098626,13.96264781772764,9.563113418448784,0.0,-0.4036616516579997,-1.265700394235423,0.0,0.0,0.0,2.3445686530565615,0,0,0,0,0,0,-0.27308185288147524,-0.49739141213698623,0.9652069511159794,0.0,0.0,0.0
image_1989.png,surface,0.0,0.0,2.81513284440024,-20.85015796394749,-12.821191266973324,0.0,1.6020668223584777,-1.9947935404563066,0.0,0.0,0.0,-2.111871252607692,0,0,0,0,0,0,2.1031697890174947,-2.8612453371362263,7.428437649807349,0.0,0.0,0.0
image_1990.png,surface,0.0,0.0,1.58836195250236,19.056400497118286,-10.583631670388769,0.0,-0.5410118111940595,0.44781295622258394,0.0,0.0,0.0,2.5968250023465114,0,0,0,0,0,0,-0.24144175991570546,0.3445015807231187,1.1244424505401036,0.0,0.0,0.0
image_1991.png,surface,0.0,0.0,1.876612437823169,3.559598248322462,15.31740509913467,0.0,0.2716036323100929,1.760799043418083,0.0,0.0,0.0,-2.009995751924401,0,0,0,0,0,0,0.036607541904695944,0.6592164657180593,0.8607604323940039,0.0,0.0,0.0
image_1992.png,surface,0.0,0.0,0.9727944738720974,2.939023123552949,16.348150944083912,0.0,-1.0364564954596318,-0.11024634789241282,0.0,0.0,0.0,0.5544697897387181,0,0,0,0,0,0,-0.19774829820107084,0.00016360265939950418,0.3690797964775925,0.0,0.0,0.0
image_1993.png,surface,0.0,0.0,2.2335806579005433,13.814832937019466,18.006180127975178,0.0,-0.9045961908934544,-1.8640762541830977,0.0,0.0,0.0,2.1754706763865226,0,0,0,0,0,0,-0.6615747115333298,-0.7432516009596365,1.573316404028238,0.0,0.0,0.0
image_1994.png,surface,0.0,0.0,1.0317686218060174,15.422778897740288,4.564327562853464,0.0,2.8097083748685834,-0.8547384340532885,0.0,0.0,0.0,1.2289325555466792,0,0,0,0,0,0,0.22480445850628777,-0.10353688686250151,0.358004097737673,0.0,0.0,0.0
image_1995.png,surface,0.0,0.0,2.224895518716749,5.8339704277633055,-19.882924252360674,0.0,-0.5522625639600188,-0.8672811285786329,0.0,0.0,0.0,-1.3504347357346185,0,0,0,0,0,0,0.05758222979571277,-0.515513552870475,1.689678230910738,0.0,0.0,0.0
image_1996.png,surface,0.0,0.0,2.8079585758580214,16.202805973011575,0.19097133619959328,0.0,-1.4315042961790008,2.1103711138059764,0.0,0.0,0.0,-2.3168354625889185,0,0,0,0,0,0,-0.5160668092506335,1.40194107734213,3.392075651342161,0.0,0.0,0.0
image_1997.png,surface,0.0,0.0,2.853252223151428,-20.04510404085757,6.555919332676927,0.0,-0.1066443027022151,2.6660050437814165,0.0,0.0,0.0,-0.6872021089076465,0,0,0,0,0,0,-0.051372918622055064,1.055759423155178,2.0220831733350164,0.0,0.0,0.0
image_1998.png,surface,0.0,0.0,2.5045704635841357,-5.235891289520579,15.19067722085792,0.0,-2.546678227658136,0.05553361678718966,0.0,0.0,0.0,0.585373750671121,0,0,0,0,0,0,-1.530604335646551,-0.1826859657570104,2.534829966895057,0.0,0.0,0.0
image_1999.png,surface,0.0,0.0,1.847861491482172,-10.061005061413839,8.454076662477377,0.0,0.45886838454605233,-2.760866206725892,0.0,0.0,0.0,2.5817177794214077,0,0,0,0,0,0,0.12822684140600957,-0.49371035230049637,0.8259680005257207,0.0,0.0,0.0
image_2000.png,surface,0.0,0.0,2.593046322074859,8.768236741180084,8.773661348866723,0.0,1.5396693072231122,0.8181110543082014,0.0,0.0,0.0,-1.2886331865671163,0,0,0,0,0,0,0.7537829824621447,0.5036476407565249,1.5559481006413247,0.0,0.0,0.0
image_2001.png,surface,0.0,0.0,1.644399249658465,-8.645125796681311,10.89336100570144,0.0,-0.34109478681746797,-2.3285302216371244,0.0,0.0,0.0,-1.8079474916482927,0,0,0,0,0,0,-0.050870694924185715,-0.4034819125391507,0.7182010051855474,0.0,0.0,0.0
image_2002.png,surface,0.0,0.0,1.4422942543311217,-2.0419314924380156,-7.746315960912201,0.0,1.6750522561381391,-1.1091264805812178,0.0,0.0,0.0,0.566078068192196,0,0,0,0,0,0,0.2749903029333789,-0.1373554442833815,0.4494232724175729,0.0,0.0,0.0
image_2003.png,surface,0.0,0.0,2.255837823639391,7.147378633547128,-13.871254109188342,0.0,-1.720696858289153,1.553862892865116,0.0,0.0,0.0,0.9508782652195031,0,0,0,0,0,0,-0.6535847890672265,0.6947921786249905,1.3231864858120914,0.0,0.0,0.0
image_2004.png,surface,0.0,0.0,1.018310262574879,-7.965124912495749,12.08499909408328,0.0,0.34709947357181664,1.9268470828324002,0.0,0.0,0.0,2.0585008434718883,0,0,0,0,0,0,0.02797842564130417,0.21777244378823674,0.30528734454170103,0.0,0.0,0.0
image_2005.png,surface,0.0,0.0,0.6856988486918119,1.9245291465216632,-5.280328592425227,0.0,2.8167756934866888,0.8397865888883108,0.0,0.0,0.0,-0.8525596463940919,0,0,0,0,0,0,0.05943589180784879,0.02597978769214956,0.13200625135263747,0.0,0.0,0.0
image_2006.png,surface,0.0,0.0,1.415066562797631,12.092465537503983,2.1250273672030673,0.0,0.6198779295286347,0.37990441388060253,0.0,0.0,0.0,-2.8309023091595895,0,0,0,0,0,0,0.28353267146713873,0.1563270603637523,0.4616154730465975,0.0,0.0,0.0
image_2007.png,surface,0.0,0.0,1.351588361804919,4.397211721520388,-7.8420760307990225,0.0,-1.3242066288055603,-2.3032395715654155,0.0,0.0,0.0,2.8857947800310617,0,0,0,0,0,0,-0.10125742883042457,-0.2509491753914724,0.38504577349179087,0.0,0.0,0.0
image_2008.png,surface,0.0,0.0,0.8013102576954108,15.947363837289721,-8.14628986959198,0.0,0.8170628581386601,2.7205212150435503,0.0,0.0,0.0,1.5904032702925708,0,0,0,0,0,0,0.017130393767325967,0.18875184897474767,0.37452832569642397,0.0,0.0,0.0
image_2009.png,surface,0.0,0.0,2.636405739615957,16.32990966235229,12.810234349498925,0.0,-1.91384807548894,-0.677556857420482,0.0,0.0,0.0,-2.4918514663036,0,0,0,0,0,0,-1.1310564680815958,0.028968682431179827,2.6779766740971835,0.0,0.0,0.0
image_2010.png,surface,0.0,0.0,2.1703694702705203,-8.106951738882925,-18.250627535371308,0.0,-0.34785654877776806,-2.0211011956370752,0.0,0.0,0.0,-0.6787675671053011,0,0,0,0,0,0,0.2341640819665806,-1.2683689445573634,2.315432879678411,0.0,0.0,0.0
image_2011.png,surface,0.0,0.0,0.5644779087239213,18.561337361730924,-12.099382865939079,0.0,-1.9432505714707666,1.1726518202543994,0.0,0.0,0.0,2.568161597129519,0,0,0,0,0,0,-0.2176378785266912,0.12047605452033168,0.3784137522705085,0.0,0.0,0.0
image_2012.png,surface,0.0,0.0,1.8503988927694626,8.050065020776346,3.0447292831339485,0.0,2.2256192061527322,0.8031775604115337,0.0,0.0,0.0,2.8742081100100645,0,0,0,0,0,0,0.419238080301421,0.12140418499192537,0.6420756733826052,0.0,0.0,0.0
image_2013.png,surface,0.0,0.0,0.8845079673754295,6.307090711440392,-24.140417097985985,0.0,-0.9577773847213323,-1.2179580052605001,0.0,0.0,0.0,1.3740250199604116,0,0,0,0,0,0,-0.2047505140613648,-0.31750714192219315,0.6261230943910749,0.0,0.0,0.0
image_2014.png,surface,0.0,0.0,1.778050341866657,-6.657646839260318,-5.385015265647425,0.0,-1.8053783352537263,-0.1443772669168829,0.0,0.0,0.0,1.0686838556138731,0,0,0,0,0,0,-0.4485801193769399,-0.018485527409654902,0.6736503468064879,0.0,0.0,0.0
image_2015.png,surface,0.0,0.0,2.428131398432374,-12.75515715072203,-21.591315320001897,0.0,0.021532850354485763,-0.6544752759866269,0.0,0.0,0.0,-1.3145399451040003,0,0,0,0,0,0,0.9246303531373398,-1.1128677630030805,3.7440640369013343,0.0,0.0,0.0
image_2016.png,surface,0.0,0.0,1.532634040162652,1.0229609362305705,8.616245157791903,0.0,0.3228062236046401,-2.301436731579062,0.0,0.0,0.0,-1.6697015433999898,0,0,0,0,0,0,0.0781094820286277,-0.31878450114750506,0.5102636933586715,0.0,0.0,0.0
image_2017.png,surface,0.0,0.0,1.992162221714749,-14.79641419237138,12.610982755800586,0.0,1.121535775234377,-1.0378408192690587,0.0,0.0,0.0,-1.6736038605730867,0,0,0,0,0,0,0.43575210862136193,-0.7155461198313204,1.4008659882446681,0.0,0.0,0.0
image_2018.png,surface,0.0,0.0,1.8660973226479924,5.31425888728904,-21.400550839849583,0.0,-1.3568219600643954,0.9315250758048355,0.0,0.0,0.0,-1.5310661816607156,0,0,0,0,0,0,-0.489357639863945,0.35339904843046355,1.2474429976552222,0.0,0.0,0.0
image_2019.png,surface,0.0,0.0,1.9440146493950476,22.089379836013894,6.9677569396097025,0.0,0.36431914961731016,-0.6093373205321383,0.0,0.0,0.0,-1.6151212738582297,0,0,0,0,0,0,0.25388777628290443,-0.12657339978795337,1.2571186030262043,0.0,0.0,0.0
image_2020.png,surface,0.0,0.0,1.6952928362766444,-5.74483531943955,16.55946994184124,0.0,-0.08555021445086326,-1.0897553521828625,0.0,0.0,0.0,1.6296380113313083,0,0,0,0,0,0,-0.07703198391319878,-0.6043875513842915,0.9131511670383572,0.0,0.0,0.0
image_2021.png,surface,0.0,0.0,0.9175799121461132,-15.068993778692768,-5.8716794291563525,0.0,0.2558461536284462,-0.9457026421166056,0.0,0.0,0.0,-1.9578728471722413,0,0,0,0,0,0,0.06308842779235324,-0.2846450308178028,0.4303980802272277,0.0,0.0,0.0
image_2022.png,surface,0.0,0.0,1.1040356737823969,-7.084964464867294,19.349117183581132,0.0,2.546408784344021,0.8358118171579076,0.0,0.0,0.0,1.3655356838013883,0,0,0,0,0,0,0.29405654077249205,0.05160562732309826,0.4386467961839339,0.0,0.0,0.0
image_2023.png,surface,0.0,0.0,2.735123366542374,-2.6910647369210836,12.62449500762274,0.0,-0.985209210683911,-0.407448120655137,0.0,0.0,0.0,-2.335256736084428,0,0,0,0,0,0,-0.6806135553525592,-0.298291694955217,2.088220279238029,0.0,0.0,0.0
image_2024.png,surface,0.0,0.0,2.3455162183992404,-1.2568555193294009,-22.427296705199698,0.0,0.959498480922534,-2.357859339282837,0.0,0.0,0.0,2.153222052712433,0,0,0,0,0,0,1.401400440864688,-1.188427022005764,3.3548514783594032,0.0,0.0,0.0
image_2025.png,surface,0.0,0.0,2.957164596391341,-16.478561435418936,0.7689215504263014,0.0,-1.3296073035083795,-2.6480676900067706,0.0,0.0,0.0,-2.007026410831209,0,0,0,0,0,0,-0.5158841824514085,-2.1884089500231543,4.648832507756294,0.0,0.0,0.0
image_2026.png,surface,0.0,0.0,0.6353251906109743,-20.252642774831067,-0.6149621168327158,0.0,-0.4909672753447845,-2.655641388928584,0.0,0.0,0.0,1.064079136210812,0,0,0,0,0,0,0.023686695859511442,-0.27021181543327527,0.49377072745281514,0.0,0.0,0.0
image_2027.png,surface,0.0,0.0,1.2914302613007838,-13.706897419453613,15.253603788843742,0.0,-2.2585023638042494,-1.3223139274560334,0.0,0.0,0.0,-2.079564528567891,0,0,0,0,0,0,-0.4354370773926982,-0.20507750665982968,0.77770162385972,0.0,0.0,0.0
image_2028.png,surface,0.0,0.0,2.8982192263263293,-10.244592418251292,20.45490658479704,0.0,1.736870693166534,-0.9284816287301317,0.0,0.0,0.0,0.5651781399717248,0,0,0,0,0,0,0.5694486226641666,-1.0011774859130034,2.994056125898972,0.0,0.0,0.0
image_2029.png,surface,0.0,0.0,1.598447027266678,-21.0357181637614,2.437679892374718,0.0,-0.48110023214239694,0.24081390112208584,0.0,0.0,0.0,-2.200630912559792,0,0,0,0,0,0,-0.301949062279009,-0.041279782550995986,1.025739217535684,0.0,0.0,0.0
image_2030.png,surface,0.0,0.0,2.0108436158320995,-3.4067988031828293,-3.9893561686798407,0.0,0.11214009493140066,1.516564911564809,0.0,0.0,0.0,1.1911704681326594,0,0,0,0,0,0,0.1114540917871663,0.6107491778709433,0.7469933559017824,0.0,0.0,0.0
image_2031.png,surface,0.0,0.0,1.9243535981580957,-10.978079495240488,-9.393064672281504,0.0,-2.148223491898136,0.9948155666473689,0.0,0.0,0.0,-0.9246947164223496,0,0,0,0,0,0,-0.5223278646840714,0.2035201351905452,0.9074346773661405,0.0,0.0,0.0
image_2032.png,surface,0.0,0.0,0.8517235080053643,22.26831502825526,9.642562016221467,0.0,0.3382111009970072,-1.1840828491597595,0.0,0.0,0.0,0.24398262615464006,0,0,0,0,0,0,0.1318002391108496,-0.30131205174413184,0.4963520798204259,0.0,0.0,0.0
image_2033.png,surface,0.0,0.0,2.3277607463206103,3.1556046190590865,-11.174692274265894,0.0,-1.0555249609565,1.8105512635097174,0.0,0.0,0.0,2.0474356300050314,0,0,0,0,0,0,-0.3385535604037175,0.7646457948811155,1.2064785433439686,0.0,0.0,0.0
image_2034.png,surface,0.0,0.0,0.6457814961922697,-18.29999100080321,12.962526627399825,0.0,0.8805872775854331,1.1942524172846527,0.0,0.0,0.0,0.27427320719348236,0,0,0,0,0,0,0.13234964139851882,0.18969099116380067,0.384576842698367,0.0,0.0,0.0
image_2035.png,surface,0.0,0.0,1.8449072287297676,-12.928026510105479,-10.557569344458788,0.0,-1.5914877367614415,-1.5519976814150236,0.0,0.0,0.0,-0.8700299473142428,0,0,0,0,0,0,-0.32237586977234967,-0.5559344214596232,1.1350670825168256,0.0,0.0,0.0
image_2036.png,surface,0.0,0.0,1.8815944605453305,-11.189960288050097,0.7172539323674785,0.0,-0.8628345438863523,1.786977747571045,0.0,0.0,0.0,-0.24520027387678356,0,0,0,0,0,0,-0.20755383542947195,0.37003303420441397,0.7503428615690962,0.0,0.0,0.0
image_2037.png,surface,0.0,0.0,1.0046211260061406,-2.7344456420653924,-1.931986026189829,0.0,-1.6067481690330967,0.99922521175861,0.0,0.0,0.0,2.2398524667561377,0,0,0,0,0,0,-0.11198979706489351,0.06972776805658684,0.216512046335201,0.0,0.0,0.0
image_2038.png,surface,0.0,0.0,2.376060563837823,-16.54260576360907,-6.17029113508323,0.0,0.8530803554875018,-0.6989006686123003,0.0,0.0,0.0,-1.3634401804939837,0,0,0,0,0,0,0.6517737399749098,-0.8046246216693862,2.399259841512398,0.0,0.0,0.0
image_2039.png,surface,0.0,0.0,2.7404420406256333,8.25202947515452,5.123345618204327,0.0,0.665288429078713,1.8004810101252222,0.0,0.0,0.0,2.7437571634610043,0,0,0,0,0,0,0.3186655019680907,0.9268011999859772,1.9231387759225513,0.0,0.0,0.0
image_2040.png,surface,0.0,0.0,2.947669998893794,-14.870309807330628,17.511755653954932,0.0,-0.6465134279588862,-0.4989147266127665,0.0,0.0,0.0,1.866278611245507,0,0,0,0,0,0,-0.9015919824150785,-1.3294053213333492,4.641318450042619,0.0,0.0,0.0
image_2041.png,surface,0.0,0.0,0.5670423403490776,-18.54415246476642,0.05486103736634188,0.0,1.3545982531627536,0.6601366003994643,0.0,0.0,0.0,-0.8833714745533117,0,0,0,0,0,0,0.20432895053315317,0.06529161902286827,0.2880440893663667,0.0,0.0,0.0
image_2042.png,surface,0.0,0.0,1.2743122670372693,5.950290523183524,10.740655163215084,0.0,-0.02902673354097802,2.003000951855917,0.0,0.0,0.0,0.8026013942543413,0,0,0,0,0,0,-0.01370614128185288,0.23160945332745264,0.409256000455139,0.0,0.0,0.0
image_2043.png,surface,0.0,0.0,2.812059533566282,10.503422471393492,-14.358031750286877,0.0,1.2433871975417947,-2.308760975827037,0.0,0.0,0.0,2.0265400441202868,0,0,0,0,0,0,1.0645681380436676,-0.8640060946214458,2.661704775565369,0.0,0.0,0.0
image_2044.png,surface,0.0,0.0,0.6262635175754698,-2.7383987298772836,-18.008885808468996,0.0,-2.10483794657769,-0.8172543506758982,0.0,0.0,0.0,-0.12885087620610847,0,0,0,0,0,0,-0.1646471908414994,-0.0067092821378758,0.36687135574094315,0.0,0.0,0.0
image_2045.png,surface,0.0,0.0,1.1800629839599048,10.537546744848013,15.512965323227457,0.0,0.3711318740021122,1.1863644554433666,0.0,0.0,0.0,-0.8363442785373505,0,0,0,0,0,0,0.06468641228557392,0.3241786696002072,0.5084951543663294,0.0,0.0,0.0
image_2046.png,surface,0.0,0.0,1.8334713858345226,20.993631265429165,11.81407558508848,0.0,0.7862274826067827,0.9781346691069843,0.0,0.0,0.0,-1.6507834007676168,0,0,0,0,0,0,0.43439914841710175,0.7543577045688749,1.6033279748073734,0.0,0.0,0.0
image_2047.png,surface,0.0,0.0,2.350492848436441,-6.682746403959147,15.21452152088867,0.0,-1.7274527797320431,-0.1138073926589499,0.0,0.0,0.0,-0.9871285075679821,0,0,0,0,0,0,-1.0702934881993782,-0.2501091386595558,2.1610876585285648,0.0,0.0,0.0
image_2048.png,surface,0.0,0.0,1.070141051393727,11.671794426884926,-22.193561785651386,0.0,2.324332279128532,1.4172183714112345,0.0,0.0,0.0,0.31185115986949086,0,0,0,0,0,0,0.5964956516294218,0.1783662263078645,1.1045865809442645,0.0,0.0,0.0
image_2049.png,surface,0.0,0.0,1.2508604695340986,-17.90206224572753,-10.200501624322957,0.0,-0.9366031295301046,-2.241928045182661,0.0,0.0,0.0,-0.3144887906562661,0,0,0,0,0,0,-0.09617583814198274,-0.683615285403512,1.001622776731021,0.0,0.0,0.0
image_2050.png,surface,0.0,0.0,0.9863460730722367,-0.34083600338459646,-4.6790647306120405,0.0,-2.9513481765944114,-0.054419625398321965,0.0,0.0,0.0,2.3870792931798572,0,0,0,0,0,0,-0.11090925516947757,0.019401073061294623,0.1995099555679132,0.0,0.0,0.0
image_2051.png,surface,0.0,0.0,1.6076551358217372,10.27406795006405,-6.632615371559391,0.0,1.107526327146556,-1.3642677790991,0.0,0.0,0.0,2.419531091052277,0,0,0,0,0,0,0.27411369429709787,-0.2920983904354479,0.5972369575161568,0.0,0.0,0.0
image_2052.png,surface,0.0,0.0,1.7608651241658997,-2.492015551665922,3.2490953502102937,0.0,0.16633910787939368,-2.813753912068587,0.0,0.0,0.0,2.0907236845325983,0,0,0,0,0,0,0.07339771060861702,-0.42537477995129974,0.5966005514393662,0.0,0.0,0.0
image_2053.png,surface,0.0,0.0,2.7480674267517404,21.014661310110043,-12.17365134872213,0.0,-0.8255295622274852,2.4238260320766405,0.0,0.0,0.0,-2.712242350473621,0,0,0,0,0,0,0.5997372773156697,2.291141981511106,5.775619612263517,0.0,0.0,0.0
image_2054.png,surface,0.0,0.0,2.4268859510946488,0.5057830565462625,-17.66138001133811,0.0,-1.7568967463690788,0.8315353037821895,0.0,0.0,0.0,-1.7223734075017307,0,0,0,0,0,0,-0.6718474689897487,0.2898457076637155,1.367337436514851,0.0,0.0,0.0
image_2055.png,surface,0.0,0.0,2.2883626265099037,-15.596150999782717,-18.437269080708113,0.0,1.6581045718961196,-0.7213979287145413,0.0,0.0,0.0,-1.8975368875190988,0,0,0,0,0,0,1.8556145969977242,-1.234264082482533,4.237441755689188,0.0,0.0,0.0
image_2056.png,surface,0.0,0.0,1.9316743953932503,17.567722173820496,-10.41085624418757,0.0,1.653534095665411,-1.108666298271901,0.0,0.0,0.0,-2.459340377804379,0,0,0,0,0,0,0.9113899101935122,-0.41256657944330843,1.4229995216942821,0.0,0.0,0.0
image_2057.png,surface,0.0,0.0,1.3214505064214022,18.508424251288947,-1.268865331144757,0.0,2.116123357099638,-0.17871097173970815,0.0,0.0,0.0,0.2760396741493407,0,0,0,0,0,0,0.35170877750790785,0.007952033108314605,0.6101995444486631,0.0,0.0,0.0
image_2058.png,surface,0.0,0.0,0.6751923507708006,8.504522726120118,-1.4430506157229535,0.0,-0.32744461926982404,-1.9480357358255431,0.0,0.0,0.0,-1.4111875295285776,0,0,0,0,0,0,0.009593994519298451,-0.10738784176836787,0.1399736088332894,0.0,0.0,0.0
image_2059.png,surface,0.0,0.0,1.1470190125179567,-6.153840794745353,15.65547958599113,0.0,0.827839860396458,-1.4214039508435337,0.0,0.0,0.0,1.2476323168447543,0,0,0,0,0,0,0.17289583460650523,-0.2944926524316603,0.4427242610829442,0.0,0.0,0.0
image_2060.png,surface,0.0,0.0,0.9867181475603938,14.63267333154727,18.61647944836817,0.0,-2.948254887472599,0.26830580081759475,0.0,0.0,0.0,-2.2668264186955716,0,0,0,0,0,0,-0.3686808947159052,0.05514510793510774,0.6089937224084297,0.0,0.0,0.0
image_2061.png,surface,0.0,0.0,1.0697431969491762,-17.182206729174553,-0.26249951454770687,0.0,-1.3378933290325092,1.2451937534771917,0.0,0.0,0.0,0.47995068926096707,0,0,0,0,0,0,-0.25107532357483575,0.16050679369091175,0.4672225455336819,0.0,0.0,0.0
image_2062.png,surface,0.0,0.0,1.0669372029492,-2.9098055718816744,-14.608926943644029,0.0,-0.03453664606332868,0.24613658032705088,0.0,0.0,0.0,0.4316119420011151,0,0,0,0,0,0,0.03930128719326797,0.10229098968707404,0.4619705206473325,0.0,0.0,0.0
image_2063.png,surface,0.0,0.0,1.5763667038648614,20.887243547709918,3.0750074822664013,0.0,-0.7691529112238977,1.9319398296262809,0.0,0.0,0.0,0.6538399984403025,0,0,0,0,0,0,-0.38913814000911734,1.079713054834764,1.6267611164559064,0.0,0.0,0.0
image_2064.png,surface,0.0,0.0,1.451787199169796,-2.3630476448897,-1.9857692289272302,0.0,-1.7397013795555434,-0.6968973608999794,0.0,0.0,0.0,2.9137589665315815,0,0,0,0,0,0,-0.24285711760970077,-0.07787329277169137,0.3913115820934467,0.0,0.0,0.0
image_2065.png,surface,0.0,0.0,1.3426169066122497,-20.45432056803843,6.906766391178791,0.0,0.6915018324808665,0.7751533930573989,0.0,0.0,0.0,-0.7911388987786161,0,0,0,0,0,0,0.3247850216321294,0.29781189869447816,0.7147711113822183,0.0,0.0,0.0
image_2066.png,surface,0.0,0.0,2.70309392872103,-7.070145314405431,-20.781069371800882,0.0,-1.282406426076703,-0.4060901240901945,0.0,0.0,0.0,-0.2837563455192349,0,0,0,0,0,0,-0.06083298682192159,-0.4876224456478403,2.933081724731181,0.0,0.0,0.0
image_2067.png,surface,0.0,0.0,1.006843536437912,9.31969559848532,21.985085134670133,0.0,-0.5697030923863251,-2.0392175518604985,0.0,0.0,0.0,-2.6032396268664835,0,0,0,0,0,0,-0.041465414764086696,-0.30451331531988246,0.5307492700199657,0.0,0.0,0.0
image_2068.png,surface,0.0,0.0,0.9091341804843318,19.192054238584433,-16.135886511212508,0.0,1.9230585465411834,0.10044529740407925,0.0,0.0,0.0,0.8198404697134016,0,0,0,0,0,0,0.5015266722523187,0.018192930345728716,0.8778250472670809,0.0,0.0,0.0
image_2069.png,surface,0.0,0.0,0.6900072365915175,-8.214811573031174,-17.037325342727215,0.0,-0.49203437610869816,-1.820122657952861,0.0,0.0,0.0,-0.3552992396330916,0,0,0,0,0,0,-0.02557688323149232,-0.2348563368755359,0.44777084962169805,0.0,0.0,0.0
image_2070.png,surface,0.0,0.0,2.8121503886897705,-6.351665719094519,7.948702625782182,0.0,-1.1907340128657125,1.7199114142416063,0.0,0.0,0.0,-2.105242531370524,0,0,0,0,0,0,-0.63094819730326,0.6136342478453539,1.7989391057785349,0.0,0.0,0.0
image_2071.png,surface,0.0,0.0,0.9858657613537226,20.436206748070916,-12.281898885654087,0.0,-0.4240692176879362,-0.9152683332356003,0.0,0.0,0.0,-1.8623312835575572,0,0,0,0,0,0,-0.08250774410996842,-0.3149429848566038,0.536557312847089,0.0,0.0,0.0
image_2072.png,surface,0.0,0.0,1.9306699626326023,7.262004767109391,-1.1401645570532233,0.0,-0.8832583879346682,-2.022091735672867,0.0,0.0,0.0,2.25490521458174,0,0,0,0,0,0,-0.13775539465558537,-0.40179397356284585,0.6569273815114767,0.0,0.0,0.0
image_2073.png,surface,0.0,0.0,1.4342945483417833,-9.031501675686947,-2.1148656767439022,0.0,-2.6670730230837756,0.8366179749362173,0.0,0.0,0.0,2.6896275628982202,0,0,0,0,0,0,-0.2940382780925697,0.12959847588435072,0.4469446382237604,0.0,0.0,0.0
image_2074.png,surface,0.0,0.0,1.888249376835038,-23.222819295396384,0.15591596780116843,0.0,-1.717904550901506,-1.6143172458044854,0.0,0.0,0.0,2.5877690536400166,0,0,0,0,0,0,-0.5788173774644203,-1.3566608951483154,2.3712088480505282,0.0,0.0,0.0
image_2075.png,surface,0.0,0.0,2.1064158468009477,14.086747653053225,13.370052108666249,0.0,-2.455603993907123,-1.14817803923634,0.0,0.0,0.0,2.7810548987723545,0,0,0,0,0,0,-0.8174664692419727,-0.23703036452255685,1.487385952635177,0.0,0.0,0.0
image_2076.png,surface,0.0,0.0,2.600192574442121,-18.77586605306625,-1.3321676778925582,0.0,-0.007383829565532369,-1.3984225058732227,0.0,0.0,0.0,-2.475415321323392,0,0,0,0,0,0,0.05012192504736237,-1.4673884335119278,3.391803224881217,0.0,0.0,0.0
image_2077.png,surface,0.0,0.0,1.7681575823889333,-5.379087969642064,3.5770940690306836,0.0,-0.7828956483367133,-1.0778055714220036,0.0,0.0,0.0,0.002316940546262636,0,0,0,0,0,0,-0.1431428852327294,-0.26089432935997187,0.6785964501752226,0.0,0.0,0.0
image_2078.png,surface,0.0,0.0,1.3181017788484646,14.565961059792064,-2.936994083952652,0.0,2.1216313293345843,1.2372349700018437,0.0,0.0,0.0,2.299410606694911,0,0,0,0,0,0,0.29205677732097607,0.15498205773118862,0.5168555205119458,0.0,0.0,0.0
image_2079.png,surface,0.0,0.0,0.9526998092671369,1.8799815372878061,2.0898732785959915,0.0,2.742387971135384,0.24272934918455363,0.0,0.0,0.0,2.131618461682944,0,0,0,0,0,0,0.12308133133783891,0.01146005167043957,0.18514280925891272,0.0,0.0,0.0
image_2080.png,surface,0.0,0.0,2.0170425535970526,-15.159162057964906,-19.973274605535785,0.0,-1.879576615686215,1.240395243766196,0.0,0.0,0.0,-2.779452471093641,0,0,0,0,0,0,-0.7805104145287559,0.3226511870783135,1.259646363303137,0.0,0.0,0.0
image_2081.png,surface,0.0,0.0,0.8300109708698316,-9.587619678547027,11.059796843068291,0.0,1.9036079955922627,1.3706288550321597,0.0,0.0,0.0,2.0801934132572812,0,0,0,0,0,0,0.17391397901218592,0.060525118465362134,0.23411704812260517,0.0,0.0,0.0
image_2082.png,surface,0.0,0.0,2.6395178807665727,-21.09643883717182,-7.5178955618278795,0.0,2.0563838571774085,-1.9874880133088508,0.0,0.0,0.0,2.4872128596836625,0,0,0,0,0,0,1.9058110946547706,-2.30568846027522,5.7966411098315795,0.0,0.0,0.0
image_2083.png,surface,0.0,0.0,0.5694737199498614,5.767372251896364,20.111593084114304,0.0,0.08250202381063183,-0.4953085777245217,0.0,0.0,0.0,-1.4071404523426698,0,0,0,0,0,0,0.0292065908660938,-0.17075398333830302,0.2708008341910323,0.0,0.0,0.0
image_2084.png,surface,0.0,0.0,2.613249605821429,5.8393341700188826,-17.902411255362665,0.0,0.17937023782985215,2.1352205073896084,0.0,0.0,0.0,-1.6539644651775258,0,0,0,0,0,0,0.8065179926284212,1.1431027929421125,3.082121328904001,0.0,0.0,0.0
image_2085.png,surface,0.0,0.0,1.0481165546679143,-0.11741024786875606,20.454081291676403,0.0,-2.2982495984867555,0.19480011497843167,0.0,0.0,0.0,0.7265098105174284,0,0,0,0,0,0,-0.30784029844401567,0.049444184496031135,0.5805854483420472,0.0,0.0,0.0
image_2086.png,surface,0.0,0.0,1.7196446100899188,7.26492434903925,-4.312446834579405,0.0,-2.1619084835175553,0.46150716525558105,0.0,0.0,0.0,-1.76342436917602,0,0,0,0,0,0,-0.3908563538118279,0.11777031823026228,0.5914423127117026,0.0,0.0,0.0
image_2087.png,surface,0.0,0.0,2.3263017571818625,16.661465248932263,8.174208300956478,0.0,-0.9278078829568019,-0.9520858642450818,0.0,0.0,0.0,-1.0371942133111915,0,0,0,0,0,0,-0.5386364378548838,-0.33213542201600477,1.5401473659067118,0.0,0.0,0.0
image_2088.png,surface,0.0,0.0,2.460417097238226,-3.2796444641572307,13.205258866014896,0.0,-1.1984601060193238,2.1563912620754726,0.0,0.0,0.0,1.3041720733791378,0,0,0,0,0,0,-0.6458231501001542,0.8888642602352118,1.6000990513440831,0.0,0.0,0.0
image_2089.png,surface,0.0,0.0,1.5044494732315676,9.54575139664468,-16.32768230838776,0.0,2.4748862178818016,-0.48865403803487895,0.0,0.0,0.0,-2.053423321197485,0,0,0,0,0,0,0.5801962097985707,-0.048821235908317544,1.029343285633714,0.0,0.0,0.0
image_2090.png,surface,0.0,0.0,1.748636897164253,2.185452274989786,-12.77350945508539,0.0,-0.7254263108307503,1.020518389631238,0.0,0.0,0.0,0.5694659546605498,0,0,0,0,0,0,-0.26781611350381473,0.41607774421042143,0.7871874239095543,0.0,0.0,0.0
image_2091.png,surface,0.0,0.0,0.5739316453207575,2.6376918200834045,-7.639076432867409,0.0,-0.8542872950618403,-0.0596634012148993,0.0,0.0,0.0,2.130646950461177,0,0,0,0,0,0,-0.04879940264297293,0.007999226183141389,0.12208054955849594,0.0,0.0,0.0
image_2092.png,surface,0.0,0.0,1.3600651480323696,6.061600584859937,-6.372610081612627,0.0,2.3584419487372776,-1.3897652932509017,0.0,0.0,0.0,2.142789129562516,0,0,0,0,0,0,0.25078616447606267,-0.14218486894065657,0.3926156562999215,0.0,0.0,0.0
image_2093.png,surface,0.0,0.0,1.153947119635139,9.147489177135968,0.5525164421136899,0.0,1.3258758942658941,-0.3280983214660454,0.0,0.0,0.0,-2.611859502878996,0,0,0,0,0,0,0.17936234518907182,-0.06642425281871135,0.29628387330795997,0.0,0.0,0.0
image_2094.png,surface,0.0,0.0,1.4751726852758322,10.898765803537065,-19.608443581545053,0.0,-1.1123043698569313,0.057394829862957734,0.0,0.0,0.0,-0.045441551943973923,0,0,0,0,0,0,-0.4351950968837244,0.0753437439609752,1.0280838715028044,0.0,0.0,0.0
image_2095.png,surface,0.0,0.0,1.2522334257990764,-17.652232165141562,-6.711154941843374,0.0,0.08740769625594726,1.1194443474516471,0.0,0.0,0.0,-1.5315381121545535,0,0,0,0,0,0,0.018892742379849347,0.40305245555822655,0.575565655848632,0.0,0.0,0.0
image_2096.png,surface,0.0,0.0,0.8993495091252517,13.449617979124824,-13.33253355902879,0.0,1.6325622488965477,1.5070437469364781,0.0,0.0,0.0,-2.9333188767541385,0,0,0,0,0,0,0.2843103572538393,0.17407165649862658,0.490046077150762,0.0,0.0,0.0
image_2097.png,surface,0.0,0.0,2.8543257959945842,0.05253721092944193,12.553658293207231,0.0,1.170955613366824,2.311045518838621,0.0,0.0,0.0,2.263946501221775,0,0,0,0,0,0,0.47861005272954105,1.0104178899640892,1.8115823731707557,0.0,0.0,0.0
image_2098.png,surface,0.0,0.0,1.5731970858795548,-17.762039578808366,-14.325102826824464,0.0,2.2108859093525224,-0.46549675381308625,0.0,0.0,0.0,-0.49177093816972484,0,0,0,0,0,0,1.5253812091887105,-0.6115498870405047,2.2928438134580427,0.0,0.0,0.0
image_2099.png,surface,0.0,0.0,2.094506780108296,-0.5837961909456816,13.892326516400011,0.0,1.10432921467105,0.2804726330411886,0.0,0.0,0.0,1.629377523758862,0,0,0,0,0,0,0.5090006740106113,0.08742517111663427,0.8656998367514035,0.0,0.0,0.0
image_2100.png,surface,0.0,0.0,2.816902840492785,-3.3965227179113495,-13.797150724352601,0.0,0.4255222736630902,-0.6554779311273042,0.0,0.0,0.0,0.941364524014074,0,0,0,0,0,0,0.7378031375299373,-0.5382039832471968,2.9176070085481878,0.0,0.0,0.0
image_2101.png,surface,0.0,0.0,1.9311845371255831,2.715414474965535,-4.07575718662525,0.0,2.3697891432958462,-1.4376507624202328,0.0,0.0,0.0,-1.7150585167025012,0,0,0,0,0,0,0.4479287504597031,-0.25749485486994866,0.7714447472731767,0.0,0.0,0.0
image_2102.png,surface,0.0,0.0,0.8174979126248045,-15.970132237984666,0.889326922340592,0.0,1.351089565354206,0.8472743755600204,0.0,0.0,0.0,-1.587077521804556,0,0,0,0,0,0,0.2090985537729185,0.10978682307206294,0.31340431327549284,0.0,0.0,0.0
image_2103.png,surface,0.0,0.0,2.471453392143921,-15.900883480559573,1.7482336592059524,0.0,-0.30091625519079024,-2.6432833471112436,0.0,0.0,0.0,1.884264137135177,0,0,0,0,0,0,0.03809595031838149,-1.7724539078072834,3.0487736504802183,0.0,0.0,0.0
image_2104.png,surface,0.0,0.0,2.4366601799349077,-5.97075514178069,16.458990102612475,0.0,1.7349492962160182,1.6774020853142728,0.0,0.0,0.0,-0.600372120308521,0,0,0,0,0,0,0.6547201190024103,0.5314648121619304,1.2762152513374538,0.0,0.0,0.0
image_2105.png,surface,0.0,0.0,1.5115243512457741,-11.970646733347238,-4.8908584477760595,0.0,-1.4540148519882874,-0.8129805156228235,0.0,0.0,0.0,-2.710125031180598,0,0,0,0,0,0,-0.3724308316599962,-0.23653955654435838,0.616706517458366,0.0,0.0,0.0
image_2106.png,surface,0.0,0.0,1.8484840617537874,4.437593519674958,-8.958801058014137,0.0,-0.7713814251793778,1.9269722918961771,0.0,0.0,0.0,-2.7919243271362584,0,0,0,0,0,0,-0.1803530955748683,0.4620233487592929,0.7358104729805085,0.0,0.0,0.0
image_2107.png,surface,0.0,0.0,1.5622150116735276,15.556515086287536,6.374859995582896,0.0,-1.527421848685416,-2.250553639715956,0.0,0.0,0.0,-1.1860640286210558,0,0,0,0,0,0,-0.1634479415265869,-0.35151761784736896,0.6785964501752226,0.0,0.0,0.0
image_2108.png,surface,0.0,0.0,1.060611134674571,12.618328493253836,6.161602985874708,0.0,1.5633009363677945,-2.435937769677078,0.0,0.0,0.0,0.08785566327570926,0,0,0,0,0,0,0.15748822031187082,-0.12890788388938554,0.30787316291686767,0.0,0.0,0.0
image_2109.png,surface,0.0,0.0,2.407304277019198,7.512592155991818,-13.238156951592517,0.0,1.0504627410905247,1.0857538361860035,0.0,0.0,0.0,2.1561873207264792,0,0,0,0,0,0,0.8957692312997809,0.6714866651730262,2.187146812620271,0.0,0.0,0.0
image_2110.png,surface,0.0,0.0,2.361087565749148,-8.860153740536102,-8.188498810153828,0.0,2.369357642313572,-1.2764397287588523,0.0,0.0,0.0,-2.941018187093984,0,0,0,0,0,0,1.2119418774584478,-0.815567122619225,2.078555838885938,0.0,0.0,0.0
image_2111.png,surface,0.0,0.0,2.117639729785149,-13.55503318350768,0.8922156632841751,0.0,-0.4955391250881834,1.513554595058807,0.0,0.0,0.0,0.3007133983614758,0,0,0,0,0,0,-0.1608089842777825,0.6002251221845684,0.9624715214876717,0.0,0.0,0.0
image_2112.png,surface,0.0,0.0,1.6391012263846427,13.337022350457561,7.879723819491751,0.0,0.25501364945760224,-1.4217980404246289,0.0,0.0,0.0,-2.969526279862106,0,0,0,0,0,0,0.13044575701659583,-0.3893066859636761,0.5616317122726042,0.0,0.0,0.0
image_2113.png,surface,0.0,0.0,1.6620150816966504,18.742825445192796,7.979654112405278,0.0,0.9117746416356357,1.9749242472661834,0.0,0.0,0.0,0.9949349700197816,0,0,0,0,0,0,0.18394171217964414,0.5153908508759252,1.0959247592885897,0.0,0.0,0.0
image_2114.png,surface,0.0,0.0,1.246109621069051,17.239433487644675,-10.375675675743121,0.0,1.4578310545980107,-0.5080701704527402,0.0,0.0,0.0,-1.367265504501395,0,0,0,0,0,0,0.42485689815758326,-0.058629529959819404,0.7892641174232898,0.0,0.0,0.0
image_2115.png,surface,0.0,0.0,1.1643114763805904,23.768136737068,3.5718706130194833,0.0,-0.8883237701010607,-2.652189071019871,0.0,0.0,0.0,-1.4248056909594413,0,0,0,0,0,0,-0.021376466849312204,-0.25815398481502955,0.6858805084997421,0.0,0.0,0.0
image_2116.png,surface,0.0,0.0,2.62242849205503,-6.239740850503908,-24.151860318165497,0.0,0.3780701135571103,-0.18928487946174355,0.0,0.0,0.0,1.8310904751827337,0,0,0,0,0,0,1.6182012798949281,-0.3914272281258933,4.777587505607857,0.0,0.0,0.0
image_2117.png,surface,0.0,0.0,2.6484355560344968,17.087810020076663,18.236251866505576,0.0,1.276371379056718,-0.3811945692579163,0.0,0.0,0.0,-0.20282805899431544,0,0,0,0,0,0,0.4111751071156272,0.13932182240116445,2.6463372435637322,0.0,0.0,0.0
image_2118.png,surface,0.0,0.0,0.5383621948725992,23.481806258395327,-5.619678867773482,0.0,-1.2328649833374548,1.9503875020899346,0.0,0.0,0.0,-1.0762075682186318,0,0,0,0,0,0,-0.12844142789509896,0.28918500461614005,0.49835061820192306,0.0,0.0,0.0
image_2119.png,surface,0.0,0.0,2.299015867162132,13.941314673583447,-13.236923775248181,0.0,2.069594779428269,0.9475784881725455,0.0,0.0,0.0,1.4398795592591895,0,0,0,0,0,0,1.4844728061622594,0.8664978889723011,2.9101711059667497,0.0,0.0,0.0
image_2120.png,surface,0.0,0.0,1.3248052842478284,6.523502824649374,-6.306348205436556,0.0,0.5336392089258271,-1.3354243211823278,0.0,0.0,0.0,-0.6306897945889274,0,0,0,0,0,0,0.13718925157798714,-0.23829513892791518,0.3836501461304099,0.0,0.0,0.0
image_2121.png,surface,0.0,0.0,2.798368359242793,-10.506525931277318,-3.902059119368957,0.0,-2.061108941999439,-1.6522277719166891,0.0,0.0,0.0,2.1857302172564097,0,0,0,0,0,0,-0.7415652495939776,-1.0653443366525,2.228680682894968,0.0,0.0,0.0
image_2122.png,surface,0.0,0.0,1.1053003829326633,-24.710557995857226,-0.8354510121563099,0.0,-0.7028859433524892,-0.7272508051823338,0.0,0.0,0.0,-2.7359418840059826,0,0,0,0,0,0,-0.3972680763546267,-0.5079626608981882,1.0049633503832223,0.0,0.0,0.0
image_2123.png,surface,0.0,0.0,1.338507847624523,8.549231259079093,11.444774188225255,0.0,-0.7566680991577726,2.0701583511815125,0.0,0.0,0.0,-1.4057199135971097,0,0,0,0,0,0,-0.10810593380137039,0.24953338314666862,0.5087095227290374,0.0,0.0,0.0
image_2124.png,surface,0.0,0.0,2.368340236242428,-2.9891377894016156,14.208341175755951,0.0,1.9175837286764315,-1.324027653425286,0.0,0.0,0.0,2.4700950221180786,0,0,0,0,0,0,0.5613095549786955,-0.44311937608617435,1.1631359400089203,0.0,0.0,0.0
image_2125.png,surface,0.0,0.0,0.6852484001719126,-13.882690171303446,11.755525774164147,0.0,-1.7035290430952867,0.4122792247326981,0.0,0.0,0.0,-2.541195013724632,0,0,0,0,0,0,-0.18069552082341575,0.05308119746268262,0.27967032519808055,0.0,0.0,0.0
image_2126.png,surface,0.0,0.0,2.2700976170389,0.29627866467474745,-1.3361496784034912,0.0,-1.7271698697482458,1.8084103126680744,0.0,0.0,0.0,-1.3774992983843266,0,0,0,0,0,0,-0.48034805110216766,0.44491271292959184,0.9284695729568747,0.0,0.0,0.0
image_2127.png,surface,0.0,0.0,2.1866970591916766,-18.046598434538595,-4.211083446826045,0.0,-0.9676299621835422,-0.2302930990680184,0.0,0.0,0.0,-1.0176192284129537,0,0,0,0,0,0,-0.4517791321433684,-0.4614774821937965,1.6887403693238903,0.0,0.0,0.0
image_2128.png,surface,0.0,0.0,1.2600541147239739,7.710691910144823,-5.726947115155264,0.0,2.916139916902585,0.41611662227337404,0.0,0.0,0.0,1.821460490189457,0,0,0,0,0,0,0.24417811812409693,-0.005262027843187467,0.3789496731772785,0.0,0.0,0.0
image_2129.png,surface,0.0,0.0,2.281923297059931,10.114668809821815,13.226993674492876,0.0,-1.0364232896354688,-0.6693322045963382,0.0,0.0,0.0,0.603241232259399,0,0,0,0,0,0,-0.7073607719890862,-0.2847866100422831,1.544032792480798,0.0,0.0,0.0
image_2130.png,surface,0.0,0.0,2.7573117605921906,6.861496542585068,2.4634918612904464,0.0,1.5932903739690807,-0.18473574426836,0.0,0.0,0.0,2.442202056629461,0,0,0,0,0,0,0.7538742958617571,0.012548638596444261,1.5322514645469643,0.0,0.0,0.0
image_2131.png,surface,0.0,0.0,2.5098530518889985,10.60725323842788,-1.621863013216808,0.0,-1.6611894987923863,2.297066543082392,0.0,0.0,0.0,-2.805354472410107,0,0,0,0,0,0,-0.6373690511860199,1.0622940909161946,1.7597833845276294,0.0,0.0,0.0
image_2132.png,surface,0.0,0.0,1.7946058566153469,-2.720718533571359,15.02566607917565,0.0,1.5267119055799618,-2.423461823197483,0.0,0.0,0.0,-2.7340187332845947,0,0,0,0,0,0,0.2795377102340869,-0.38964962230741723,0.7291739857516694,0.0,0.0,0.0
image_2133.png,surface,0.0,0.0,0.831113755167858,2.832234113368465,-17.83085783381189,0.0,-1.2397488066544056,-2.2784843047329497,0.0,0.0,0.0,-0.3675479987364172,0,0,0,0,0,0,-0.08187159409266723,-0.2555080264197406,0.437257867833887,0.0,0.0,0.0
image_2134.png,surface,0.0,0.0,2.7308480837053173,-2.3799224293208887,19.638352812354498,0.0,-0.1480635949280872,-1.3136919247985577,0.0,0.0,0.0,2.7683884640846106,0,0,0,0,0,0,-0.3496937951564563,-0.9147559541876853,2.4971770571868883,0.0,0.0,0.0
image_2135.png,surface,0.0,0.0,1.724295198571277,-24.031443067769533,5.322356996571867,0.0,-1.4191085378310866,1.1279811734263692,0.0,0.0,0.0,-2.895105630531357,0,0,0,0,0,0,-0.7035332186553246,0.23311963172190986,1.1465380229254878,0.0,0.0,0.0
image_2136.png,surface,0.0,0.0,1.5196938231273778,4.47153987839659,-6.718204978113161,0.0,0.4418946212516654,-2.3807377563364054,0.0,0.0,0.0,-1.5066270790473484,0,0,0,0,0,0,0.10205185540705446,-0.2257952665087917,0.4775769840532398,0.0,0.0,0.0
image_2137.png,surface,0.0,0.0,1.8693829464234648,-0.8631975972418701,8.083260505923572,0.0,1.21691712733789,-2.2327638798544336,0.0,0.0,0.0,-1.5563979954772766,0,0,0,0,0,0,0.28033365870071036,-0.40626158464644874,0.6790653809686469,0.0,0.0,0.0
image_2138.png,surface,0.0,0.0,1.0338690642188997,0.48276488345795265,-1.0012053637123939,0.0,-0.7127323340892795,2.332889109769772,0.0,0.0,0.0,1.9337885948854039,0,0,0,0,0,0,-0.038406415877064254,0.09657433522305517,0.19512880215506603,0.0,0.0,0.0
image_2139.png,surface,0.0,0.0,1.3404778945015026,2.5167218445374844,12.876622991827876,0.0,0.3247216965887151,-2.113716914941838,0.0,0.0,0.0,0.8090230512864678,0,0,0,0,0,0,0.08486667359996102,-0.23464396803881535,0.41840684993824173,0.0,0.0,0.0
image_2140.png,surface,0.0,0.0,2.338763857609946,-22.09556380371724,-3.457439350815201,0.0,-0.45403959298633345,2.2787944879545456,0.0,0.0,0.0,-2.077374325706797,0,0,0,0,0,0,-0.16820841342639115,0.8623213018501298,1.3298676331164936,0.0,0.0,0.0
image_2141.png,surface,0.0,0.0,1.9086859551676625,-16.822372704785028,11.679956550279167,0.0,-2.7437170814194136,-0.310807078474394,0.0,0.0,0.0,1.3542456432875678,0,0,0,0,0,0,-1.289655668088755,-0.4101314167822458,1.7681236536392428,0.0,0.0,0.0
image_2142.png,surface,0.0,0.0,2.4056971380095518,2.4725254451272036,-22.454764719393836,0.0,0.7276928521411583,2.289132678511853,0.0,0.0,0.0,-1.7328206892002267,0,0,0,0,0,0,1.3287834598227584,1.1671696880012825,3.5030135120473895,0.0,0.0,0.0
image_2143.png,surface,0.0,0.0,2.4049115051049403,-23.97809563107536,-6.546757716657197,0.0,-0.4428208519623911,-0.06356036332459183,0.0,0.0,0.0,0.5488925584970183,0,0,0,0,0,0,0.08514365757878589,-0.9959390546072281,3.3328117310684755,0.0,0.0,0.0
image_2144.png,surface,0.0,0.0,2.3839484962273922,-18.08414933629003,16.184015447485095,0.0,-1.087814501228145,0.24607504206370254,0.0,0.0,0.0,-1.1434218252128057,0,0,0,0,0,0,-1.0143366369167692,-0.5042344079868712,2.8695750972788985,0.0,0.0,0.0
image_2145.png,surface,0.0,0.0,0.8604715466312208,-20.21037975129177,5.201975119074983,0.0,0.7120610640704351,2.0215471409855414,0.0,0.0,0.0,2.121650588528662,0,0,0,0,0,0,0.08817830622591162,0.2582641019896253,0.3938884684535006,0.0,0.0,0.0
image_2146.png,surface,0.0,0.0,2.1255036278719373,3.6670718087522625,0.7966686918464805,0.0,1.1611505827028086,1.7098496295842884,0.0,0.0,0.0,1.6071407773916233,0,0,0,0,0,0,0.34757532428544374,0.5207519841762488,0.8344467158715818,0.0,0.0,0.0
image_2147.png,surface,0.0,0.0,1.700449812670896,-6.248671776161562,-0.7240448465542341,0.0,2.643937334895535,-1.1838774201325384,0.0,0.0,0.0,-0.9174219862090336,0,0,0,0,0,0,0.3525214667644601,-0.21116541331248587,0.5942558974722465,0.0,0.0,0.0
image_2148.png,surface,0.0,0.0,0.6552273808120512,21.496010843237027,-12.836729844628158,0.0,-2.695966835505465,0.6893566628871449,0.0,0.0,0.0,-2.210406292605829,0,0,0,0,0,0,-0.3158652243799707,0.1282471808418104,0.5131308702098921,0.0,0.0,0.0
image_2149.png,surface,0.0,0.0,2.5876344562796096,4.096287994664682,-15.609999147800725,0.0,-1.1130024973260462,-1.658096808164104,0.0,0.0,0.0,-2.169765004651895,0,0,0,0,0,0,-0.28924432461290733,-0.7800590531195465,1.6289181981056566,0.0,0.0,0.0
image_2150.png,surface,0.0,0.0,1.0492879366306078,-11.027805447059079,19.67547872301868,0.0,-2.738408121701952,-0.7078370243821482,0.0,0.0,0.0,-2.1610178059847867,0,0,0,0,0,0,-0.4129648497480341,-0.0677456589138616,0.6751799543945617,0.0,0.0,0.0
image_2151.png,surface,0.0,0.0,0.5323506931573978,-0.7446285130873238,18.30668059402098,0.0,-2.12054045367073,2.0647272014450846,0.0,0.0,0.0,-0.8162749481015403,0,0,0,0,0,0,-0.09599473323275112,0.07265373869584794,0.2131223465998787,0.0,0.0,0.0
image_2152.png,surface,0.0,0.0,2.108592216142404,23.452229419994065,-5.855911306458986,0.0,-2.8088554289240975,-0.1138648188566108,0.0,0.0,0.0,-2.4156565387017803,0,0,0,0,0,0,-1.0872169049275824,0.12786963624319594,1.6022561329938347,0.0,0.0,0.0
image_2153.png,surface,0.0,0.0,0.9302632805859994,-7.5385813923907845,20.101740604687187,0.0,-0.7031445912838502,-1.0351265048727794,0.0,0.0,0.0,2.978740313133841,0,0,0,0,0,0,-0.14409863214867466,-0.32367370369956044,0.48151153671044467,0.0,0.0,0.0
image_2154.png,surface,0.0,0.0,0.6542666820772669,-7.9084760446798,-17.30392015157963,0.0,2.4440954336450944,-0.6965424755865703,0.0,0.0,0.0,-0.21833576515051423,0,0,0,0,0,0,0.1975474087219232,-0.09061856917991394,0.43555855195866955,0.0,0.0,0.0
image_2155.png,surface,0.0,0.0,2.834427341824371,4.251839818041348,15.304047758112256,0.0,-1.163752242204694,-0.3001650046888663,0.0,0.0,0.0,-1.6197336891382619,0,0,0,0,0,0,-0.9210417365325652,-0.08799148801455586,2.69827244543733,0.0,0.0,0.0
image_2156.png,surface,0.0,0.0,0.8711964969768469,2.3371988326333324,16.903513717925673,0.0,-0.4261929142928907,-2.2760859325819918,0.0,0.0,0.0,2.5673242678399832,0,0,0,0,0,0,0.007798164326917101,-0.1572363136054152,0.2905227235601793,0.0,0.0,0.0
image_2157.png,surface,0.0,0.0,1.8001233290981098,-1.8342272740221714,3.3014264469362953,0.0,1.5760857207752823,2.280570919470346,0.0,0.0,0.0,1.7526541433030314,0,0,0,0,0,0,0.21749938653727877,0.32409844137300164,0.5775083691356747,0.0,0.0,0.0
image_2158.png,surface,0.0,0.0,1.418248228771679,-11.039389561642365,2.8331878651529037,0.0,1.897287584059018,-0.051671171007652984,0.0,0.0,0.0,-2.9015180107442227,0,0,0,0,0,0,0.34364884810210117,-0.03800772936300502,0.46782322355001965,0.0,0.0,0.0
image_2159.png,surface,0.0,0.0,0.6118514945808422,-24.514062986877978,-0.931572512574902,0.0,-2.0668428089450295,-1.400626147865147,0.0,0.0,0.0,-1.7921576115652935,0,0,0,0,0,0,-0.27509074767295255,-0.1658317456338684,0.535614985252685,0.0,0.0,0.0
image_2160.png,surface,0.0,0.0,1.2858844219046208,3.376203468912699,15.271719473684561,0.0,2.5297211749215784,0.06478869423143625,0.0,0.0,0.0,2.6181000773004746,0,0,0,0,0,0,0.3142915901266468,-0.021402059433950692,0.40152534137497764,0.0,0.0,0.0
image_2161.png,surface,0.0,0.0,1.3761759666387283,-6.341288305954864,-4.24262970056046,0.0,1.916909976873741,-1.4047049921301933,0.0,0.0,0.0,-0.6812891779411485,0,0,0,0,0,0,0.29497880610857946,-0.19055147822814258,0.5351706175008211,0.0,0.0,0.0
image_2162.png,surface,0.0,0.0,1.733594217446547,-11.293559585299409,-10.853539714908893,0.0,-0.18858569364972164,0.2753589323120521,0.0,0.0,0.0,-1.6298890567386692,0,0,0,0,0,0,-0.04256726311941228,-0.005733958591455396,0.9377142085986632,0.0,0.0,0.0
image_2163.png,surface,0.0,0.0,2.2668364362515083,-0.5265147309872558,8.827458607910069,0.0,-1.4138227970686805,2.1510893497610835,0.0,0.0,0.0,-2.9430253570214595,0,0,0,0,0,0,-0.5840526790422099,0.8065060522524806,1.1674166082517476,0.0,0.0,0.0
image_2164.png,surface,0.0,0.0,2.999944879451807,-17.013103794674286,16.002115961023723,0.0,-1.1620692102938126,-0.0843432540412854,0.0,0.0,0.0,0.03202247115447365,0,0,0,0,0,0,-1.3155156228590454,-1.3581270266729364,5.834704892234943,0.0,0.0,0.0
image_2165.png,surface,0.0,0.0,1.7964281751216211,22.965194075941895,-4.933816047963792,0.0,0.8690273436446597,-1.4264743262124644,0.0,0.0,0.0,2.158322364111621,0,0,0,0,0,0,0.41490373759980886,-0.515513552870475,1.0653303745233407,0.0,0.0,0.0
image_2166.png,surface,0.0,0.0,2.856882792524548,-14.653807020434508,18.900525305113018,0.0,-1.9755849028348602,-0.17343046514269106,0.0,0.0,0.0,0.689899269277439,0,0,0,0,0,0,-1.983896226443503,-1.210525965844657,5.645989276930894,0.0,0.0,0.0
image_2167.png,surface,0.0,0.0,1.818627433537015,2.0072178518148625,-3.0851875449007182,0.0,-1.4406309685157872,1.4911318949891341,0.0,0.0,0.0,-2.0750739991707325,0,0,0,0,0,0,-0.3297874740409068,0.3127579454921235,0.5825192296139773,0.0,0.0,0.0
image_2168.png,surface,0.0,0.0,1.9842057939569628,-18.64096965006906,-13.339390346550498,0.0,1.7768056878305636,-1.5061161715160711,0.0,0.0,0.0,0.42136372566548275,0,0,0,0,0,0,1.5425024716160747,-1.5496789980874057,3.6786772202678066,0.0,0.0,0.0
image_2169.png,surface,0.0,0.0,0.8476675728726286,7.928401980403176,-13.224628258247858,0.0,1.3728824869530523,2.004396255502638,0.0,0.0,0.0,2.3090453450503983,0,0,0,0,0,0,0.10089217523197425,0.19217806620717265,0.31365217669487416,0.0,0.0,0.0
image_2170.png,surface,0.0,0.0,1.9270644934929322,-9.296292179451761,-4.761839770488374,0.0,-0.030043105692911177,0.19201155628477393,0.0,0.0,0.0,0.9191688146946939,0,0,0,0,0,0,0.07234760651307202,0.02282729029371979,0.9241152155893665,0.0,0.0,0.0
image_2171.png,surface,0.0,0.0,1.1514050440808172,-11.936610056311117,-1.4629841484433332,0.0,0.4688468275091208,-0.7962595412886446,0.0,0.0,0.0,1.1597058323217881,0,0,0,0,0,0,0.2028040167596227,-0.29744221960833495,0.41264570019046143,0.0,0.0,0.0
image_2172.png,surface,0.0,0.0,1.185121066980525,-16.60422718955152,-3.8252656377552325,0.0,2.703533167120748,0.5809427271746624,0.0,0.0,0.0,0.7154225528035765,0,0,0,0,0,0,0.37782288790712104,-0.01660566992905432,0.6219898043976094,0.0,0.0,0.0
image_2173.png,surface,0.0,0.0,1.5846941404140074,13.120743829553932,-2.868044564308139,0.0,0.275988696682596,0.6603116238237866,0.0,0.0,0.0,-0.745328591859165,0,0,0,0,0,0,0.1982322592190178,0.368743090159148,0.7357166868218241,0.0,0.0,0.0
image_2174.png,surface,0.0,0.0,2.1343456697352017,-10.980333084501243,20.64078080040067,0.0,-0.19149375066305496,-1.761312792932895,0.0,0.0,0.0,1.4026796445606955,0,0,0,0,0,0,-0.39416189887780423,-1.2659778287661394,2.4092056403405424,0.0,0.0,0.0
image_2175.png,surface,0.0,0.0,2.04332429904911,6.981261361871259,-5.261697953095624,0.0,-2.1184207528122276,1.8266698501587386,0.0,0.0,0.0,-0.2795683090521499,0,0,0,0,0,0,-0.4423768957632567,0.28410231045729456,0.8346923462871852,0.0,0.0,0.0
image_2176.png,surface,0.0,0.0,1.2656891228637386,15.593844216508241,10.776347944790121,0.0,-2.181478781153199,1.4150327375335123,0.0,0.0,0.0,1.7994449582630727,0,0,0,0,0,0,-0.3342983559817696,0.19342081717761153,0.6169655458966382,0.0,0.0,0.0
image_2177.png,surface,0.0,0.0,0.5718790548434078,-8.793807514039086,-11.091415387531192,0.0,-0.6608276088048163,0.11468490955522875,0.0,0.0,0.0,2.596623719708334,0,0,0,0,0,0,-0.1357464998641079,0.06982215420624044,0.20269868496319646,0.0,0.0,0.0
image_2178.png,surface,0.0,0.0,1.1101164503091907,-1.3640955751097472,-8.40000654384795,0.0,2.1522497861432153,0.9007379309170414,0.0,0.0,0.0,1.9031102296761802,0,0,0,0,0,0,0.20622218168512146,0.0619645072475793,0.31116907649350506,0.0,0.0,0.0
image_2179.png,surface,0.0,0.0,1.6320776195929483,6.224593449326868,9.927277695910766,0.0,1.887323180430809,-1.9334046550274242,0.0,0.0,0.0,0.5357325922976495,0,0,0,0,0,0,0.26351220860207386,-0.2500525069697633,0.5376492516946333,0.0,0.0,0.0
image_2180.png,surface,0.0,0.0,2.7737885674806706,11.932674253281736,-15.623058057467933,0.0,1.8975534540382295,0.45543937933269174,0.0,0.0,0.0,-2.1641196100123237,0,0,0,0,0,0,1.94925801019045,0.6181742216436915,4.639922822681236,0.0,0.0,0.0
image_2181.png,surface,0.0,0.0,2.0259071225672116,-21.996597269525118,-3.889743439577225,0.0,-1.851406017626808,0.4253870262723446,0.0,0.0,0.0,2.7834585651291777,0,0,0,0,0,0,-0.710701320524915,-0.09835508724651955,1.4602728207601567,0.0,0.0,0.0
image_2182.png,surface,0.0,0.0,2.693769811635645,-6.342031914983384,18.394899858039082,0.0,-0.023776993087048923,-0.7211909460454552,0.0,0.0,0.0,0.9942794030196658,0,0,0,0,0,0,-0.3747593233501178,-0.7317522217268407,2.645448508060004,0.0,0.0,0.0
image_2183.png,surface,0.0,0.0,1.9850686079004904,-5.165524500679449,-18.22519084458889,0.0,-2.8532586624069953,-0.0019911117867399603,0.0,0.0,0.0,-0.9381119731415142,0,0,0,0,0,0,-0.6191779000931945,0.020275718048084545,1.0468411032397642,0.0,0.0,0.0
image_2184.png,surface,0.0,0.0,1.6079185900023498,-1.7427067184913865,16.705010211380984,0.0,0.45726634775119956,1.6931544708206934,0.0,0.0,0.0,1.680059232516503,0,0,0,0,0,0,0.08290343550828982,0.4477442974192,0.6526444802648704,0.0,0.0,0.0
image_2185.png,surface,0.0,0.0,1.321454521924193,16.502971264654498,-5.483804796880614,0.0,0.34717361098111243,-2.5091798328729085,0.0,0.0,0.0,1.0019403690780182,0,0,0,0,0,0,0.06882747495800583,-0.3156036879041792,0.5363094494277081,0.0,0.0,0.0
image_2186.png,surface,0.0,0.0,2.9252330298050944,-1.7820762844848492,13.78452916115356,0.0,1.6169574543113243,0.7063188844594904,0.0,0.0,0.0,-2.309445534950953,0,0,0,0,0,0,0.6860040897096903,0.3430228643785458,1.8340821192399972,0.0,0.0,0.0
image_2187.png,surface,0.0,0.0,1.6956217738829982,-7.335213223060718,16.98982747409448,0.0,0.5543742006950793,-2.5385482077780432,0.0,0.0,0.0,1.4703144103659174,0,0,0,0,0,0,0.13673268457992419,-0.5953013113776394,0.9958951220399134,0.0,0.0,0.0
image_2188.png,surface,0.0,0.0,1.3981167203171447,-20.048561932233145,-0.7620153574649169,0.0,-0.8347294432980311,2.487158099740802,0.0,0.0,0.0,1.1249927243397693,0,0,0,0,0,0,-0.14241237803582854,0.3888567786503275,0.686545943625649,0.0,0.0,0.0
image_2189.png,surface,0.0,0.0,2.769320494209403,3.754656834492803,17.26566835309578,0.0,0.24206842917686888,2.4537073635960445,0.0,0.0,0.0,2.949909734749297,0,0,0,0,0,0,-0.1380354224143973,1.1650318417116283,2.3684220593353236,0.0,0.0,0.0
image_2190.png,surface,0.0,0.0,2.5296608977837884,8.054313993238983,-5.1738894666501665,0.0,2.061608513041991,-1.1185592515340694,0.0,0.0,0.0,-1.6429102836616878,0,0,0,0,0,0,1.0604133783612932,-0.48969579473523045,1.5475073463596918,0.0,0.0,0.0
image_2191.png,surface,0.0,0.0,1.9718486787777012,6.513486358305348,21.27560315260633,0.0,1.505580439728144,-1.3821340302523146,0.0,0.0,0.0,1.0638426914366086,0,0,0,0,0,0,0.4013832668971686,-0.4004348130078343,1.0700464785029182,0.0,0.0,0.0
image_2192.png,surface,0.0,0.0,1.915160585955598,-21.781887804036234,6.39446437290307,0.0,0.07726846063518103,1.2541277785309308,0.0,0.0,0.0,1.3080681941244974,0,0,0,0,0,0,0.16287571088901479,0.43217058272635833,1.1242816742680728,0.0,0.0,0.0
image_2193.png,surface,0.0,0.0,1.7433765461685309,22.199058904759756,-5.6424195195215745,0.0,-1.328138815537896,2.1075835995194407,0.0,0.0,0.0,1.2245025258726168,0,0,0,0,0,0,-0.5456066940253134,1.3733924132769078,2.1881516643204644,0.0,0.0,0.0
image_2194.png,surface,0.0,0.0,0.7407941306145971,-8.280945964421711,-10.163917849215398,0.0,-0.634445632820535,2.1756762781614167,0.0,0.0,0.0,-2.0353082156921163,0,0,0,0,0,0,-0.06216311867627863,0.1624904759361314,0.23338685588713062,0.0,0.0,0.0
image_2195.png,surface,0.0,0.0,2.2187430366646224,-4.759026964754966,-21.416111431231087,0.0,-2.3771417736366462,0.5153393089369889,0.0,0.0,0.0,-0.4531464035827977,0,0,0,0,0,0,-0.6018100914868755,0.16092838515936453,1.4493578982922677,0.0,0.0,0.0
image_2196.png,surface,0.0,0.0,1.438833842853647,-19.823852910784243,-6.915317718989852,0.0,0.23294633626241482,-0.7890969063938659,0.0,0.0,0.0,-1.1011154790323825,0,0,0,0,0,0,0.14705109873614927,-0.6608493461070675,1.297069273622152,0.0,0.0,0.0
image_2197.png,surface,0.0,0.0,0.5425556909631184,2.7452523902603803,14.311444540879961,0.0,-1.8686253437149867,1.6802855471239666,0.0,0.0,0.0,0.12269239057455739,0,0,0,0,0,0,-0.08981585985896445,0.03579594725612257,0.1534609516536752,0.0,0.0,0.0
image_2198.png,surface,0.0,0.0,2.315139218131774,-21.558536409199043,6.841167042466266,0.0,-1.3333523294029987,-0.08903051561088385,0.0,0.0,0.0,-1.50064083416336,0,0,0,0,0,0,-0.8897516782653105,-0.6611041887111319,2.5221643694650537,0.0,0.0,0.0
image_2199.png,surface,0.0,0.0,0.8232675311843172,17.7040582519061,8.274117472501526,0.0,2.1290731658674833,0.951465820689234,0.0,0.0,0.0,-0.03710410782509754,0,0,0,0,0,0,0.1988714530163061,0.054010901036770496,0.37821278193046953,0.0,0.0,0.0
image_2200.png,surface,0.0,0.0,2.4947916021840397,16.735611377027503,-11.2493114814976,0.0,0.9624921929989348,2.0755998023020363,0.0,0.0,0.0,2.8452637336154964,0,0,0,0,0,0,0.9372589963037641,1.6087883243079655,3.8803219274476826,0.0,0.0,0.0
image_2201.png,surface,0.0,0.0,1.1489139406360085,-13.26401715811884,6.125140546537197,0.0,0.5687185802984572,-1.0503465351877457,0.0,0.0,0.0,1.6742563887142579,0,0,0,0,0,0,0.19998547649157986,-0.30611787986399364,0.4416256232240651,0.0,0.0,0.0
image_2202.png,surface,0.0,0.0,1.966019053350365,11.959435369958415,-0.11721906715470348,0.0,-0.6997096470510361,-2.398186709695063,0.0,0.0,0.0,1.7548160439429825,0,0,0,0,0,0,-0.07246631393256824,-0.4249972353526857,0.739825413773729,0.0,0.0,0.0
image_2203.png,surface,0.0,0.0,1.924410297531665,-23.290019948198385,-0.9607919807380383,0.0,-2.4868168961630537,-0.9084383294236497,0.0,0.0,0.0,1.5651453579370749,0,0,0,0,0,0,-1.0146836278352973,-0.9142006490072229,2.074424781896251,0.0,0.0,0.0
image_2204.png,surface,0.0,0.0,0.9421754466275696,10.019114093683973,-4.895343379176679,0.0,-2.604142540188698,0.42995518018031426,0.0,0.0,0.0,2.4074903555622917,0,0,0,0,0,0,-0.11766644674081084,0.02618114481141056,0.2270116301003423,0.0,0.0,0.0
image_2205.png,surface,0.0,0.0,1.5975933748049118,8.157462254002189,-16.001688552948835,0.0,-0.6694514707734952,1.430646864327314,0.0,0.0,0.0,1.9194481095732652,0,0,0,0,0,0,-0.19916365589506643,0.6431582354569965,0.8682901211341271,0.0,0.0,0.0
image_2206.png,surface,0.0,0.0,2.5475941690009076,-2.0563977089639125,2.8290723743229593,0.0,0.7687965882264239,1.1819886427214896,0.0,0.0,0.0,1.6216938180883211,0,0,0,0,0,0,0.406061556737321,0.5059805517554626,1.2250526687711152,0.0,0.0,0.0
image_2207.png,surface,0.0,0.0,2.929949301473732,-6.8753424065738615,-11.159362197860037,0.0,-2.3587710723715816,1.005665522599437,0.0,0.0,0.0,1.148936349380496,0,0,0,0,0,0,-0.9753275526022624,0.3214241671328166,1.7820441991926006,0.0,0.0,0.0
image_2208.png,surface,0.0,0.0,0.5454127171838152,-1.5211666313322971,2.2174689835460493,0.0,1.135125739547067,-2.4236731242885794,0.0,0.0,0.0,1.4739218910446183,0,0,0,0,0,0,0.028629794558540794,0.005686765516628528,0.08050871821956827,0.0,0.0,0.0
image_2209.png,surface,0.0,0.0,0.8666354575319806,-4.152813581693235,4.0622898516792265,0.0,0.3101405245909556,0.009262083408751018,0.0,0.0,0.0,-2.8463611268162614,0,0,0,0,0,0,0.0970570124482446,0.009037473829330855,0.18416921961161334,0.0,0.0,0.0
image_2210.png,surface,0.0,0.0,2.043598928182136,0.8560839591402296,14.571157798988157,0.0,-0.18580371583222727,-0.8776005019749287,0.0,0.0,0.0,1.1017672492544328,0,0,0,0,0,0,-0.1971943302434211,-0.4877640248723201,1.0825222706117754,0.0,0.0,0.0
image_2211.png,surface,0.0,0.0,0.5062827657626623,-0.2160365542535914,18.490178464780655,0.0,-2.345900312279896,-0.5427454877994666,0.0,0.0,0.0,1.0065373545737284,0,0,0,0,0,0,-0.11744272891176001,-0.0724649663965409,0.1817977695991547,0.0,0.0,0.0
image_2212.png,surface,0.0,0.0,2.394975043580863,15.55668947806273,-16.153366870357303,0.0,-1.5573781895858787,0.531706792262873,0.0,0.0,0.0,1.2484117241809933,0,0,0,0,0,0,-0.5576646284441585,0.5298791248477503,2.0589455997056993,0.0,0.0,0.0
image_2213.png,surface,0.0,0.0,1.957532271960298,15.048365799968126,16.760374181681247,0.0,1.2276194837014465,-1.1201226230237622,0.0,0.0,0.0,1.5425233955477022,0,0,0,0,0,0,0.46444125688965054,-0.4713408348325961,0.9286705432969136,0.0,0.0,0.0
image_2214.png,surface,0.0,0.0,2.1821613501037773,-2.8070871125485364,-5.35920633663538,0.0,0.32061539849040427,-2.36685389203572,0.0,0.0,0.0,2.5357941841265186,0,0,0,0,0,0,0.1986553446372229,-0.5320940531596215,0.956739400789008,0.0,0.0,0.0
image_2215.png,surface,0.0,0.0,2.060602235415834,20.207584484473873,14.394570325817064,0.0,1.0661150732085407,-0.39022592184064236,0.0,0.0,0.0,0.9540803015288528,0,0,0,0,0,0,0.4521839548816511,-0.16109356092125837,1.4018060828352938,0.0,0.0,0.0
image_2216.png,surface,0.0,0.0,1.9975344748259822,21.131421026815048,-5.021084704187226,0.0,2.492555503402326,-1.4569327442060094,0.0,0.0,0.0,-0.4056245116997479,0,0,0,0,0,0,0.6395499195467679,-0.22464690168800655,1.4731818156019847,0.0,0.0,0.0
image_2217.png,surface,0.0,0.0,0.7560309812678047,-20.30692827640205,-14.600812119614428,0.0,1.467752806696997,2.4538184943141084,0.0,0.0,0.0,-2.535852050786608,0,0,0,0,0,0,0.18161322048952255,0.33964541332344195,0.5728391582354385,0.0,0.0,0.0
image_2218.png,surface,0.0,0.0,1.0880618704699845,-6.899782449186222,-1.7134969903714803,0.0,0.10219704308218341,-1.7580280047852894,0.0,0.0,0.0,2.4726583697439226,0,0,0,0,0,0,0.05033194586647138,-0.20455838283673494,0.2869454515074876,0.0,0.0,0.0
image_2219.png,surface,0.0,0.0,1.6597936058716258,3.922387363963369,-6.2057684649105065,0.0,-1.3735121190559763,0.10778637991485304,0.0,0.0,0.0,-1.5537216994956125,0,0,0,0,0,0,-0.3532093610415414,0.025356839104435893,0.5452861246161104,0.0,0.0,0.0
image_2220.png,surface,0.0,0.0,1.335976239952991,4.908032678238643,-16.992923321216463,0.0,-2.4708731675518028,-0.4112028838666757,0.0,0.0,0.0,-2.082092291517788,0,0,0,0,0,0,-0.386401781800726,-0.030038392127253892,0.5586171571720213,0.0,0.0,0.0
image_2221.png,surface,0.0,0.0,2.457651317481689,-8.827041763326672,-13.09111324899254,0.0,-2.9155175940510767,0.07563309735409379,0.0,0.0,0.0,-0.4623136971066275,0,0,0,0,0,0,-0.8487884871990923,0.04254455695635398,1.420873702097427,0.0,0.0,0.0
image_2222.png,surface,0.0,0.0,2.188182503583656,10.630067710758173,-22.23117976910491,0.0,-2.7325479448978367,0.4569230301800957,0.0,0.0,0.0,2.771482227582773,0,0,0,0,0,0,-0.7827475928192652,0.30209073747877385,1.4321682352076108,0.0,0.0,0.0
image_2223.png,surface,0.0,0.0,1.2786759410668105,0.05444627144287136,-13.692253891320549,0.0,1.3875193170052893,-0.32968303743459454,0.0,0.0,0.0,1.4913627909102507,0,0,0,0,0,0,0.4150011385593959,-0.09190851322517966,0.5773185638145267,0.0,0.0,0.0
image_2224.png,surface,0.0,0.0,2.877723094839334,-3.024402056321336,14.4799048656897,0.0,-0.9262728041439356,2.6832438313046536,0.0,0.0,0.0,1.3485749092378763,0,0,0,0,0,0,-0.6092064768554978,1.1418128488968469,2.5442041167559792,0.0,0.0,0.0
image_2225.png,surface,0.0,0.0,2.110604839428702,2.6844517548053375,-1.4744798340212733,0.0,-1.7593694676625578,0.1867774753832075,0.0,0.0,0.0,0.5762635394523281,0,0,0,0,0,0,-0.49264492224999923,0.07598085047113687,0.8590454854923384,0.0,0.0,0.0
image_2226.png,surface,0.0,0.0,2.6165629178898557,-22.32860169000231,-8.683673540173341,0.0,-1.0786850043717076,-1.1758408772888358,0.0,0.0,0.0,-0.04475734312927848,0,0,0,0,0,0,-0.06141739257944233,-1.8980818729962066,4.687677841482027,0.0,0.0,0.0
image_2227.png,surface,0.0,0.0,2.761463219682477,-2.8455244278332583,21.311022906734436,0.0,1.0929384352826086,-2.766957005906216,0.0,0.0,0.0,-1.335350286034404,0,0,0,0,0,0,0.2824384325617808,-1.444603616985551,2.38991472070059,0.0,0.0,0.0
image_2228.png,surface,0.0,0.0,0.9940831409481741,-7.845204005892452,-9.415051983653802,0.0,0.2348313367930712,2.0207137884195006,0.0,0.0,0.0,0.9796523623564433,0,0,0,0,0,0,0.004389130741379588,0.18695536592634096,0.3400820094137628,0.0,0.0,0.0
image_2229.png,surface,0.0,0.0,1.4943279840746164,16.054199336975703,5.461647639288875,0.0,-0.7038760884955708,2.1585699422261273,0.0,0.0,0.0,1.4463334298283286,0,0,0,0,0,0,-0.18482745215588642,0.47709838996146525,0.851551524812668,0.0,0.0,0.0
image_2230.png,surface,0.0,0.0,0.6524223927706805,-5.9035962425103055,6.560930099475729,0.0,-0.7050227318111257,2.2187254793864946,0.0,0.0,0.0,-2.9508302892900744,0,0,0,0,0,0,-0.026703081826714548,0.0955895730616694,0.14229593276262745,0.0,0.0,0.0
image_2231.png,surface,0.0,0.0,0.8695528559995067,-7.430119545256072,-5.714697278884321,0.0,-2.269699457234163,0.0324485889637496,0.0,0.0,0.0,1.8035348121035542,0,0,0,0,0,0,-0.13652114187082154,0.066943376641806,0.23504821069811854,0.0,0.0,0.0
image_2232.png,surface,0.0,0.0,1.9686656011931796,-20.31440932450023,-3.7840468688515108,0.0,-0.22057473735762728,0.06544452718839684,0.0,0.0,0.0,0.6652138682342015,0,0,0,0,0,0,0.01574243009321425,-0.262964532242374,1.6085532036483843,0.0,0.0,0.0
image_2233.png,surface,0.0,0.0,1.7928330107397301,-11.796840666286025,-11.13850866149653,0.0,-0.9241309224603815,-2.785468552689852,0.0,0.0,0.0,-1.4990612289285001,0,0,0,0,0,0,-0.10049952761363998,-0.745424055504163,1.287223959964026,0.0,0.0,0.0
image_2234.png,surface,0.0,0.0,1.5938086051311977,-15.276846049147913,11.644032936400855,0.0,0.9684093007761307,2.5157015863318124,0.0,0.0,0.0,2.152272045142512,0,0,0,0,0,0,0.15090908986978208,0.4264523551598449,0.6799317864345915,0.0,0.0,0.0
image_2235.png,surface,0.0,0.0,2.2924059741746743,2.5172521962671213,-1.6774286044862685,0.0,-1.5259755378003959,-0.8390931338915748,0.0,0.0,0.0,0.5893720425630864,0,0,0,0,0,0,-0.6077911191615013,-0.37313204611804,1.0051285926628097,0.0,0.0,0.0
image_2236.png,surface,0.0,0.0,1.1647663847616263,-3.688932751129461,16.37388339223174,0.0,-0.13238583410944035,1.0104123631588138,0.0,0.0,0.0,-2.8668880454686327,0,0,0,0,0,0,-0.0694986284451584,0.34228350620625947,0.4109307532887962,0.0,0.0,0.0
image_2237.png,surface,0.0,0.0,1.5361177435506006,10.694544933693868,6.038270596010267,0.0,0.9969918471971951,-0.7227446823503586,0.0,0.0,0.0,0.8598301027450557,0,0,0,0,0,0,0.2901391959291111,-0.18187109866500112,0.5954081274218029,0.0,0.0,0.0
image_2238.png,surface,0.0,0.0,2.8455406767767997,5.1907154894078715,-18.487513266549275,0.0,0.08116068260851705,-2.977596759731888,0.0,0.0,0.0,0.8699213356375397,0,0,0,0,0,0,0.7048085624699144,-1.3895906496599582,2.9601055364550737,0.0,0.0,0.0
image_2239.png,surface,0.0,0.0,1.9177258408878366,11.806904639476022,4.204371166440641,0.0,0.7739004729552853,-2.517811388224455,0.0,0.0,0.0,1.4044855948012485,0,0,0,0,0,0,0.16184386947339222,-0.32942968572593506,0.8033923323280218,0.0,0.0,0.0
image_2240.png,surface,0.0,0.0,2.203583747703277,-5.958766607674816,-0.26981590068895484,0.0,-0.44865883523592814,0.6202015482774903,0.0,0.0,0.0,0.8628086544667215,0,0,0,0,0,0,-0.16793447322755328,0.16839275649446903,0.977376821707221,0.0,0.0,0.0
image_2241.png,surface,0.0,0.0,2.363742921559033,-5.902121625825842,-10.65441444005412,0.0,0.9364168303149263,0.794221810422335,0.0,0.0,0.0,-2.733836891684886,0,0,0,0,0,0,0.6297245977484516,0.2171463489955346,1.5285670083129184,0.0,0.0,0.0
image_2242.png,surface,0.0,0.0,1.6167858589478072,2.9497883636440196,-1.4439813506066934,0.0,0.44428031756036596,1.4862024990751233,0.0,0.0,0.0,2.4987068915303414,0,0,0,0,0,0,0.07495916974199268,0.29063225891082856,0.44686425008774483,0.0,0.0,0.0
image_2243.png,surface,0.0,0.0,1.577023634790547,-10.560428692732776,1.9857016874418392,0.0,1.5465718446957721,1.276522949329841,0.0,0.0,0.0,-2.6370710364092584,0,0,0,0,0,0,0.3078539954539578,0.22900439559701374,0.4901153002678861,0.0,0.0,0.0
image_2244.png,surface,0.0,0.0,1.6755108431597363,14.921303803251032,15.051331149529211,0.0,1.7645236159289879,-0.1588047635233052,0.0,0.0,0.0,-0.27279756156808554,0,0,0,0,0,0,0.4148641684599767,0.01508133361214884,0.9625005505367883,0.0,0.0,0.0
image_2245.png,surface,0.0,0.0,2.6550492490129964,11.186673095468372,-20.3420240181877,0.0,-0.7868538678449764,-1.8793327226552665,0.0,0.0,0.0,-1.1880548135381481,0,0,0,0,0,0,0.059381103768081145,-0.8369172696708672,2.372169039675158,0.0,0.0,0.0
image_2246.png,surface,0.0,0.0,1.4090390390519845,3.5628960333631596,21.917223370752986,0.0,-1.611173821170408,-2.2842310761515647,0.0,0.0,0.0,0.6511880395021028,0,0,0,0,0,0,-0.30043021606545234,-0.44024059852173986,0.8644582866507184,0.0,0.0,0.0
image_2247.png,surface,0.0,0.0,2.713205159057574,1.0855657932753937,11.273726140229293,0.0,0.6232190389866223,0.5538994799871547,0.0,0.0,0.0,-2.934351222386046,0,0,0,0,0,0,0.23820013422945774,0.2851452774109667,1.5546261624046236,0.0,0.0,0.0
image_2248.png,surface,0.0,0.0,0.602292081007129,-13.370471772417439,15.192672294870963,0.0,0.6634707117907673,0.394070295521176,0.0,0.0,0.0,1.6809980762227825,0,0,0,0,0,0,0.22462487548704957,0.09138938940208478,0.2561567954135339,0.0,0.0,0.0
image_2249.png,surface,0.0,0.0,1.1320878996885941,-0.6346141484834908,8.707915037782287,0.0,0.8878022964025797,1.1316189671573618,0.0,0.0,0.0,-1.9857683409834361,0,0,0,0,0,0,0.11708204098329027,0.15414359410176584,0.2882450597064057,0.0,0.0,0.0
image_2250.png,surface,0.0,0.0,2.743472044606474,9.239807764050049,4.608209645197565,0.0,-1.3770709483526304,-2.170654553983578,0.0,0.0,0.0,-0.36890887644905446,0,0,0,0,0,0,-0.6744316381987852,-0.9166216537458379,1.6849487289084926,0.0,0.0,0.0
image_2251.png,surface,0.0,0.0,2.8319274692594503,13.760282742075267,15.140838957674667,0.0,-2.2309475143365267,-1.8437114313429182,0.0,0.0,0.0,-1.3060725342302135,0,0,0,0,0,0,-1.4110492234237522,-0.6543083859360731,2.9415894691261575,0.0,0.0,0.0
image_2252.png,surface,0.0,0.0,1.0191872964940942,12.061425006777899,-11.472120180998285,0.0,0.2459581894727196,-2.2848219777538996,0.0,0.0,0.0,0.381349004792634,0,0,0,0,0,0,0.0887931497833032,-0.29630172030002083,0.4344308850506739,0.0,0.0,0.0
image_2253.png,surface,0.0,0.0,1.0428994091873072,1.0762127750936301,-16.84795410602516,0.0,-1.2767014053263714,-1.8030042175833012,0.0,0.0,0.0,2.883571622285765,0,0,0,0,0,0,-0.14012954304551328,-0.2590191911868543,0.4290448799376325,0.0,0.0,0.0
image_2254.png,surface,0.0,0.0,2.3856147814851454,-6.892406063959534,12.559894746115422,0.0,2.4594519229354246,-1.4370518084339186,0.0,0.0,0.0,1.6179948153716772,0,0,0,0,0,0,0.6517828713148713,-0.4808266428727816,1.3205627063726952,0.0,0.0,0.0
image_2255.png,surface,0.0,0.0,1.4036635985519532,1.8055338838121817,-14.519907261383993,0.0,-0.382848198617565,0.8499654341509657,0.0,0.0,0.0,2.2439449170382098,0,0,0,0,0,0,-0.09181714520047414,0.34758328850930825,0.5898345499913913,0.0,0.0,0.0
image_2256.png,surface,0.0,0.0,1.0141396965397305,14.26469925185508,8.683729979459196,0.0,-2.691061026764409,-0.9764388424286302,0.0,0.0,0.0,2.2765822732217407,0,0,0,0,0,0,-0.22012008110616058,-0.053216484277186206,0.3765514271194818,0.0,0.0,0.0
image_2257.png,surface,0.0,0.0,1.0680884810153197,23.230361186509043,1.4222347633394714,0.0,-0.9469873550499862,-2.4524203115341376,0.0,0.0,0.0,2.866149143764537,0,0,0,0,0,0,-0.09812537922371202,-0.27893938807124335,0.5155425142903591,0.0,0.0,0.0
image_2258.png,surface,0.0,0.0,1.26046064582742,-5.927185435503551,7.641616988084944,0.0,1.8577656826750035,0.17040464374775635,0.0,0.0,0.0,0.9155876767602527,0,0,0,0,0,0,0.2574337799678607,-0.04211981928291288,0.3530914894256119,0.0,0.0,0.0
image_2259.png,surface,0.0,0.0,2.582469864450258,17.59765288829845,4.4082685744608145,0.0,1.8505037970857152,1.8270516588877967,0.0,0.0,0.0,0.11170520078405577,0,0,0,0,0,0,1.0399135201482617,1.3756340843311805,3.111308921288975,0.0,0.0,0.0
image_2260.png,surface,0.0,0.0,1.6409441471198392,1.6323835943411729,-0.9258252172428914,0.0,-2.551716525805685,-0.9802981236472751,0.0,0.0,0.0,-2.20211171666066,0,0,0,0,0,0,-0.3007117657142578,-0.08549025504873581,0.4849213334797705,0.0,0.0,0.0
image_2261.png,surface,0.0,0.0,0.8177215301992506,12.275404258988393,17.127047678011124,0.0,1.7395597525408832,-0.7924657451119196,0.0,0.0,0.0,1.277115019510763,0,0,0,0,0,0,0.20412197349403122,-0.11322405202194787,0.3563963350173622,0.0,0.0,0.0
image_2262.png,surface,0.0,0.0,1.4288401944878346,-15.174462895976193,-17.047654822281554,0.0,-1.6821075849267653,1.9803236496716028,0.0,0.0,0.0,-0.35710636584002975,0,0,0,0,0,0,-0.3075983179350423,0.3236862885195144,0.8501893925079596,0.0,0.0,0.0
image_2263.png,surface,0.0,0.0,1.3079194823070086,11.293721592401454,19.965406008107795,0.0,2.6476070015160396,1.085385143021194,0.0,0.0,0.0,-1.5003299327404043,0,0,0,0,0,0,0.3539216055585202,0.13484005339511332,0.6288473590004912,0.0,0.0,0.0
image_2264.png,surface,0.0,0.0,0.6902542602218003,-20.533175913595628,-3.09269552037657,0.0,1.2622326680582237,-0.31901428561514367,0.0,0.0,0.0,0.0617057413173292,0,0,0,0,0,0,0.23188124697626503,-0.09518056641317063,0.5061326363689834,0.0,0.0,0.0
image_2265.png,surface,0.0,0.0,2.5582288393279007,-6.681275707166078,11.761544682979856,0.0,-0.5121220430394717,1.0222786546721674,0.0,0.0,0.0,0.819530230697104,0,0,0,0,0,0,-0.32937656374265006,0.34840759421628265,1.7159383553424836,0.0,0.0,0.0
image_2266.png,surface,0.0,0.0,2.328376370601573,-2.280569658128058,6.889114324187633,0.0,1.0605937628711146,-1.1214279978926731,0.0,0.0,0.0,2.036453423039509,0,0,0,0,0,0,0.47701206823632,-0.5587707252567131,1.0597925251533797,0.0,0.0,0.0
image_2267.png,surface,0.0,0.0,1.5889052462721585,12.981397860980845,3.854875307524615,0.0,0.5765143512252714,-0.9306424677729127,0.0,0.0,0.0,-0.7245234778971064,0,0,0,0,0,0,0.2660781151311882,-0.3319891234840418,0.5664728644637631,0.0,0.0,0.0
image_2268.png,surface,0.0,0.0,2.253857140457707,-10.843367076074449,20.539361627381865,0.0,0.2228342450207001,-1.2453507587107964,0.0,0.0,0.0,-2.232717006563072,0,0,0,0,0,0,-0.2596998741682472,-0.9435075484746623,2.2586922536741048,0.0,0.0,0.0
image_2269.png,surface,0.0,0.0,1.3467735217836336,0.29349136201945136,11.96662920374749,0.0,1.8307265281231337,-0.33767173431864994,0.0,0.0,0.0,-0.767248188033272,0,0,0,0,0,0,0.25637454453235464,-0.09902680201155428,0.4064714447437118,0.0,0.0,0.0
image_2270.png,surface,0.0,0.0,2.839590035749404,-13.872602586954311,-15.852475427757152,0.0,1.2944439068385996,-0.4563493665352494,0.0,0.0,0.0,-0.007415665816718153,0,0,0,0,0,0,2.0720790983393935,-1.1321854616321803,5.4425782637624485,0.0,0.0,0.0
image_2271.png,surface,0.0,0.0,1.7519542909217563,14.255922933870385,6.6349850494571605,0.0,-2.958633127501831,0.3825812417524697,0.0,0.0,0.0,2.474273990357614,0,0,0,0,0,0,-0.49069994683825047,0.11932768969954642,0.8669056587916371,0.0,0.0,0.0
image_2272.png,surface,0.0,0.0,0.7780073114363293,-3.1403051635550407,-7.633768724968047,0.0,-0.9182462782028203,2.259137365384411,0.0,0.0,0.0,-2.4653709405045072,0,0,0,0,0,0,-0.0434286528557579,0.10708895229446476,0.17399565439809053,0.0,0.0,0.0
image_2273.png,surface,0.0,0.0,1.6879548357108596,-10.049627524888152,4.218643527384342,0.0,1.6403136162276517,-2.4112112388997686,0.0,0.0,0.0,-2.140620615603976,0,0,0,0,0,0,0.28544873096900986,-0.38865856773605495,0.6626729002328102,0.0,0.0,0.0
image_2274.png,surface,0.0,0.0,1.400326984883699,19.00845211031944,11.74197435892082,0.0,1.784025304237341,1.705744811476046,0.0,0.0,0.0,2.3219425500211903,0,0,0,0,0,0,0.3605387832504471,0.4324065481004919,0.8441960103672451,0.0,0.0,0.0
image_2275.png,surface,0.0,0.0,0.5852604749510979,-23.180573734320376,8.212483097985963,0.0,-0.18557464628095194,-1.159200066067325,0.0,0.0,0.0,0.17439479427250326,0,0,0,0,0,0,-0.031156131947822897,-0.42060827939379364,0.5861500937573463,0.0,0.0,0.0
image_2276.png,surface,0.0,0.0,1.3742744940477352,-0.8659159521900183,-18.2127307519915,0.0,-2.947035589063235,-0.12402292747617252,0.0,0.0,0.0,-1.954271340304755,0,0,0,0,0,0,-0.40991498220097344,0.007093119146466968,0.6396082042076833,0.0,0.0,0.0
image_2277.png,surface,0.0,0.0,2.940852044482421,-6.976030302972341,19.22090365737726,0.0,2.9027649488881018,0.45428920635808145,0.0,0.0,0.0,-0.5388305742886645,0,0,0,0,0,0,1.1649063453179918,0.1472266624346523,2.0210113315214766,0.0,0.0,0.0
image_2278.png,surface,0.0,0.0,1.1491234134603283,14.675926671828254,11.002811739466008,0.0,1.5748026654271037,1.7869088418379557,0.0,0.0,0.0,-1.082457807746617,0,0,0,0,0,0,0.19538328115110437,0.22683351415498107,0.5002375063945107,0.0,0.0,0.0
image_2279.png,surface,0.0,0.0,2.310006927030832,9.806133622825485,-6.905597757369168,0.0,1.524173765207816,-0.894559603636015,0.0,0.0,0.0,-0.5009574272314583,0,0,0,0,0,0,0.9396057506738094,-0.36175851508478263,1.48588537409622,0.0,0.0,0.0
image_2280.png,surface,0.0,0.0,0.8853496138936499,14.494119917219644,-18.08893759252782,0.0,1.1513689117692338,1.701485034867039,0.0,0.0,0.0,-0.03765409166456024,0,0,0,0,0,0,0.2600788247766395,0.2999355870616836,0.7646966098554278,0.0,0.0,0.0
image_2281.png,surface,0.0,0.0,0.9233012112496268,-23.26581252915143,-0.7386244313177308,0.0,-1.3193865429525238,2.5840539813642893,0.0,0.0,0.0,1.2355427349248576,0,0,0,0,0,0,-0.14620188411975177,0.27880095505175156,0.522020458250945,0.0,0.0,0.0
image_2282.png,surface,0.0,0.0,1.2412274254013047,3.5879076830167644,-12.255054145599239,0.0,0.20422647520002166,-1.0789055621529873,0.0,0.0,0.0,-0.09047975144641551,0,0,0,0,0,0,0.10504693491434805,-0.21065258189936797,0.6482901228973621,0.0,0.0,0.0
image_2283.png,surface,0.0,0.0,0.5365368012888878,-11.759814981615818,11.58716591809796,0.0,2.9202913565326516,0.18002253806462645,0.0,0.0,0.0,-2.0586545767537268,0,0,0,0,0,0,0.15652029827597705,-0.011680286019631336,0.19198026682779043,0.0,0.0,0.0
image_2284.png,surface,0.0,0.0,1.7091134104047012,-0.9565518846045715,-3.3647401686268172,0.0,-2.228164364140379,0.5730891653869401,0.0,0.0,0.0,0.8700391517438884,0,0,0,0,0,0,-0.33423139282205383,0.09089386211640352,0.5752976953952467,0.0,0.0,0.0
image_2285.png,surface,0.0,0.0,2.924563759327654,-16.11353196657298,6.458630219097922,0.0,1.3737007669998231,0.23077052849264434,0.0,0.0,0.0,-1.512313224308281,0,0,0,0,0,0,0.6899549161329296,-0.3033838277290282,2.7486445446661816,0.0,0.0,0.0
image_2286.png,surface,0.0,0.0,1.2038272786122888,-21.29112670785747,-11.443363020761401,0.0,-1.8319462300770881,0.3920786535725605,0.0,0.0,0.0,1.8300716216162254,0,0,0,0,0,0,-0.4461450953872706,0.04608403756836347,0.8108349339207945,0.0,0.0,0.0
image_2287.png,surface,0.0,0.0,2.1745689051602346,-7.839235419398577,1.0694426567734496,0.0,-1.2107607993338287,2.5072338492359454,0.0,0.0,0.0,-1.2330372516324475,0,0,0,0,0,0,-0.3339072302534289,0.6063130288372244,0.8723318579726859,0.0,0.0,0.0
image_2288.png,surface,0.0,0.0,2.610702786028407,3.9118780036461893,10.98860411042022,0.0,-1.6892580898383491,0.6675920459606275,0.0,0.0,0.0,-2.3330694331468176,0,0,0,0,0,0,-0.938802192757218,0.3415567328539269,1.9794886262656692,0.0,0.0,0.0
image_2289.png,surface,0.0,0.0,2.8486400447810487,12.1103438327623,18.270347072779657,0.0,-0.7725417022437411,0.05002921775953087,0.0,0.0,0.0,2.770628189875273,0,0,0,0,0,0,-1.0599750740431524,0.23266657820357273,3.7627542785249513,0.0,0.0,0.0
image_2290.png,surface,0.0,0.0,0.5633158305114077,-7.922352918155608,-5.6444291566291875,0.0,0.6108124924619723,0.34780590781711374,0.0,0.0,0.0,-1.990925503289247,0,0,0,0,0,0,0.09020850747729876,0.04682968815062678,0.14863766349274246,0.0,0.0,0.0
image_2291.png,surface,0.0,0.0,2.6127960615275394,-13.482717399061416,17.587237811952665,0.0,-0.2430127790349167,-0.8406669125759861,0.0,0.0,0.0,0.11818003131950583,0,0,0,0,0,0,-0.6290823601711755,-1.1917903151384197,3.6670477365908893,0.0,0.0,0.0
image_2292.png,surface,0.0,0.0,0.70349896567599,13.087084395664359,14.190039026570986,0.0,-0.8554223425419123,-0.9959066487149747,0.0,0.0,0.0,-1.360780577063636,0,0,0,0,0,0,-0.12370530623519146,-0.14522882226698475,0.29133553693544745,0.0,0.0,0.0
image_2293.png,surface,0.0,0.0,1.2834666785074584,2.999879393253644,20.099419035415536,0.0,-0.04107502377944665,2.7141568643096883,0.0,0.0,0.0,1.4009585312552835,0,0,0,0,0,0,-0.04246986215982542,0.40082808863139063,0.6242004781380371,0.0,0.0,0.0
image_2294.png,surface,0.0,0.0,2.3566302759208333,6.354082094078627,17.01174762769533,0.0,0.4504732222781733,-1.1802487699718038,0.0,0.0,0.0,0.4908095549471332,0,0,0,0,0,0,0.1286210109143372,-0.6137050374575949,1.4655963017674076,0.0,0.0,0.0
image_2295.png,surface,0.0,0.0,1.4205989665994088,9.944527940096952,-17.138447223352543,0.0,-0.8804536191225422,2.2386392564377613,0.0,0.0,0.0,2.229935162767328,0,0,0,0,0,0,-0.20051813798932,0.5675769530193931,0.8463597910283304,0.0,0.0,0.0
image_2296.png,surface,0.0,0.0,0.6412890627329508,16.713981608695335,3.655356852731812,0.0,1.967459368066748,1.0201736047367431,0.0,0.0,0.0,0.01665392691966927,0,0,0,0,0,0,0.15483100038314365,0.03782524947367463,0.2652317227681777,0.0,0.0,0.0
image_2297.png,surface,0.0,0.0,2.358112528437359,-19.302340086482488,6.765161434929028,0.0,1.8280152442659434,-0.2390167290198674,0.0,0.0,0.0,-2.8399649573518118,0,0,0,0,0,0,0.8000484382658681,-0.4007871879665407,1.96211362386742,0.0,0.0,0.0
image_2298.png,surface,0.0,0.0,1.8919151892088668,-2.6683702421115068,23.15971617852901,0.0,-1.6973566894802379,0.31959616023302684,0.0,0.0,0.0,-2.0806214736402433,0,0,0,0,0,0,-1.2065452555413427,0.06425337137667884,2.0557792003481983,0.0,0.0,0.0
image_2299.png,surface,0.0,0.0,1.6631506030396155,-4.793872819246828,-6.546306145314128,0.0,2.24430727962967,-0.33901422910975815,0.0,0.0,0.0,-0.8368289287314901,0,0,0,0,0,0,0.5258099489892994,-0.17109849278453854,0.6686372533244077,0.0,0.0,0.0
image_2300.png,surface,0.0,0.0,1.5338922227618776,-10.268874751629353,3.223724793346773,0.0,0.8764637449262652,1.6946706730319634,0.0,0.0,0.0,2.1292622679150632,0,0,0,0,0,0,0.16119554433614272,0.29586125160163734,0.4839901709042577,0.0,0.0,0.0
image_2301.png,surface,0.0,0.0,2.0703891772039524,2.5664025550876643,-6.256235715938888,0.0,0.010326148340170548,-1.0990057662532173,0.0,0.0,0.0,-0.8591901706770475,0,0,0,0,0,0,0.09188563025018373,-0.5176325219301974,0.9096721471519068,0.0,0.0,0.0
image_2302.png,surface,0.0,0.0,2.7926240531462247,17.7006922024504,6.797983828641198,0.0,-1.7965535477566095,0.3697264639836514,0.0,0.0,0.0,-0.9620518881078866,0,0,0,0,0,0,-1.026782653283969,0.6680321320957049,3.249636806337726,0.0,0.0,0.0
image_2303.png,surface,0.0,0.0,1.5511491773764634,1.2900983774919832,-24.532323756743597,0.0,1.7319772444527295,-2.118858962732609,0.0,0.0,0.0,-0.7044984289267306,0,0,0,0,0,0,0.9028977640295394,-0.4063229356437239,2.2214948767366907,0.0,0.0,0.0
image_2304.png,surface,0.0,0.0,1.4690352016855683,-10.676707323403523,19.32895937834813,0.0,1.9577983175894524,1.2224867130738937,0.0,0.0,0.0,0.5364456130850752,0,0,0,0,0,0,0.3909309264215113,0.19162748033419338,0.705392495513738,0.0,0.0,0.0
image_2305.png,surface,0.0,0.0,1.4031670739170183,2.0829671128659633,12.789433341267435,0.0,-0.3873663360275898,0.9601389559551157,0.0,0.0,0.0,-1.2057196307689642,0,0,0,0,0,0,-0.17895295678080841,0.4036093338411831,0.5340183875512647,0.0,0.0,0.0
image_2306.png,surface,0.0,0.0,0.9979767870012899,3.4407016335177225,-15.267293216826085,0.0,0.047914867013692665,-0.7383314497176756,0.0,0.0,0.0,-2.54262243858427,0,0,0,0,0,0,0.06820197817065937,-0.2982256246504595,0.4402724229344703,0.0,0.0,0.0
image_2307.png,surface,0.0,0.0,2.581907994532153,10.142907016616789,10.785236658609175,0.0,0.38434205257429305,1.6608911131595854,0.0,0.0,0.0,-1.6279287646380154,0,0,0,0,0,0,0.16723136005053643,0.947141415236324,2.0589947257888213,0.0,0.0,0.0
image_2308.png,surface,0.0,0.0,1.0754039441363026,-2.2496330762902663,8.4091437407736,0.0,0.5783364124684793,1.9750961728408467,0.0,0.0,0.0,0.31088760989534503,0,0,0,0,0,0,0.04710858286014628,0.1361614594902635,0.295868534605213,0.0,0.0,0.0
image_2309.png,surface,0.0,0.0,1.8860289636647773,23.535717111820833,3.04410034411596,0.0,-1.8173267490089016,-1.0208492209435642,0.0,0.0,0.0,-2.2722258845075483,0,0,0,0,0,0,-0.7179150790943111,-0.2994951183633004,1.1547934378935283,0.0,0.0,0.0
image_2310.png,surface,0.0,0.0,2.453353492037473,10.399987697449204,10.589980666673249,0.0,0.19335451832782144,-0.16708850628337152,0.0,0.0,0.0,-0.10923257115059481,0,0,0,0,0,0,0.019635424696698576,0.02593259461732278,1.64959134708432,0.0,0.0,0.0
image_2311.png,surface,0.0,0.0,0.56448620249765,4.101544254506833,-21.666295107181714,0.0,1.1021417101680149,1.9442734313047354,0.0,0.0,0.0,-1.1120059679898544,0,0,0,0,0,0,0.12251518826024065,0.24467249643950886,0.4463372611960878,0.0,0.0,0.0
image_2312.png,surface,0.0,0.0,1.7587852648097617,5.445669588242356,-19.36756945930204,0.0,-0.6157961414054698,2.9168456926617274,0.0,0.0,0.0,1.9844916521053175,0,0,0,0,0,0,-0.048405233134645176,0.8152462097104035,1.2043951508188977,0.0,0.0,0.0
image_2313.png,surface,0.0,0.0,1.5055458858474566,17.407168619297323,-5.471831442061827,0.0,1.0839854881686022,0.07820995401557541,0.0,0.0,0.0,2.007337907764353,0,0,0,0,0,0,0.5133319729322364,0.12198937911977752,0.8807056221409723,0.0,0.0,0.0
image_2314.png,surface,0.0,0.0,0.6819576247308219,-3.30573177962047,0.07976007638990862,0.0,1.4400209391332117,-2.0636688300957884,0.0,0.0,0.0,-2.4728498431076735,0,0,0,0,0,0,0.061627413398551475,-0.06267712267746396,0.13625342453879222,0.0,0.0,0.0
image_2315.png,surface,0.0,0.0,2.5468108964474396,7.92776868960501,12.205472943576893,0.0,-0.31530804139759516,-1.054742378310523,0.0,0.0,0.0,1.604310902438824,0,0,0,0,0,0,-0.29950795072936504,-0.4692643395402173,1.5112165689562291,0.0,0.0,0.0
image_2316.png,surface,0.0,0.0,1.5074656157643302,6.635013934156805,-16.610077733413267,0.0,2.030327250084809,-0.024796173777141144,0.0,0.0,0.0,0.8094307863384751,0,0,0,0,0,0,0.6115623625655027,-0.0072504293958896866,1.018839235861016,0.0,0.0,0.0
image_2317.png,surface,0.0,0.0,1.4317567703406393,-0.07265740849561511,-7.208257468784233,0.0,-1.8130914999211865,-1.4821693650735837,0.0,0.0,0.0,-2.3637922328026013,0,0,0,0,0,0,-0.23446085051532126,-0.18601150442980513,0.40768843180283604,0.0,0.0,0.0
image_2318.png,surface,0.0,0.0,2.183542106387592,-6.615075248783359,-8.518615906164953,0.0,1.393189412863985,-1.8203159953742358,0.0,0.0,0.0,0.04944693083218343,0,0,0,0,0,0,0.8751019651874604,-0.9680951404594201,1.683961741238523,0.0,0.0,0.0
image_2319.png,surface,0.0,0.0,1.6086909321191194,-0.9232945888159935,4.542822063371221,0.0,0.7003137577343415,-0.5350591611834159,0.0,0.0,0.0,1.362547730223664,0,0,0,0,0,0,0.31229182667513056,-0.24976305611082586,0.4803838698024494,0.0,0.0,0.0
image_2320.png,surface,0.0,0.0,1.4302102885669394,11.273108846337653,8.72986333130962,0.0,-2.0967894418576574,-0.6679171496254217,0.0,0.0,0.0,0.9299317248972656,0,0,0,0,0,0,-0.2802864801109103,-0.10795415866628932,0.5572974519390995,0.0,0.0,0.0
image_2321.png,surface,0.0,0.0,1.906104032704401,-13.323678075217991,-13.12709121167195,0.0,-1.4035579955398503,0.5506953147966277,0.0,0.0,0.0,-1.4347106339931486,0,0,0,0,0,0,-0.6045951501750603,0.08737325873432474,1.01716448302736,0.0,0.0,0.0
image_2322.png,surface,0.0,0.0,1.4030895283532216,-18.463700087186474,11.36358931971305,0.0,0.4077409480415098,1.2953665636791165,0.0,0.0,0.0,-1.6508192645962163,0,0,0,0,0,0,0.12144529959477958,0.4413732323175826,0.656241849351566,0.0,0.0,0.0
image_2323.png,surface,0.0,0.0,2.3840919622999244,-1.5124373810712015,-18.787587949401434,0.0,0.47022665030326816,2.640810641954541,0.0,0.0,0.0,0.7964546853426491,0,0,0,0,0,0,0.6833346946610149,1.2571841858234125,2.319331704275164,0.0,0.0,0.0
image_2324.png,surface,0.0,0.0,2.39571298426349,7.789717358509728,0.09054655980101886,0.0,-0.9881097567634992,-1.4960916397918762,0.0,0.0,0.0,-2.3208201252838467,0,0,0,0,0,0,-0.42257406316726837,-0.614005500033992,1.0184015671204871,0.0,0.0,0.0
image_2325.png,surface,0.0,0.0,2.3876014408427926,-13.959769599044998,-4.454489746067888,0.0,0.7144456743511038,-1.1856442017888105,0.0,0.0,0.0,-0.359271178216229,0,0,0,0,0,0,0.5824333880890794,-1.018657800828847,2.4732705187373742,0.0,0.0,0.0
image_2326.png,surface,0.0,0.0,2.475864422448881,19.374303001734617,-12.536617829891105,0.0,0.010803243741834608,2.141099630042883,0.0,0.0,0.0,-0.20721147501275716,0,0,0,0,0,0,0.8046719400662526,2.128289692001304,4.815436919648508,0.0,0.0,0.0
image_2327.png,surface,0.0,0.0,1.8586813906159514,4.450722669281002,11.117975646536502,0.0,-0.7287916455959084,-1.8670705696092937,0.0,0.0,0.0,-1.6597194905914885,0,0,0,0,0,0,-0.17130393767325874,-0.4352475712050653,0.7441395770732299,0.0,0.0,0.0
image_2328.png,surface,0.0,0.0,2.5501692061179853,15.768373240162411,13.986483688822569,0.0,0.3188125711116229,-1.5677147682289854,0.0,0.0,0.0,-2.421961109706088,0,0,0,0,0,0,0.1604513401292999,-0.5597806570580065,1.530241761146575,0.0,0.0,0.0
image_2329.png,surface,0.0,0.0,1.171208938998089,-12.084990725592782,-5.854258619477805,0.0,-1.2248513650303066,-1.0765867077929148,0.0,0.0,0.0,2.498689407092076,0,0,0,0,0,0,-0.2242748407885344,-0.27511202970279053,0.4678991456784792,0.0,0.0,0.0
image_2330.png,surface,0.0,0.0,2.7859854020880443,-16.09543873526349,-7.130688298707274,0.0,1.8147563637084583,-2.3488409557956396,0.0,0.0,0.0,0.18730155651386982,0,0,0,0,0,0,1.7113379037198067,-2.1247030183144684,5.058349769653485,0.0,0.0,0.0
image_2331.png,surface,0.0,0.0,1.505090845982457,-13.741787651242005,9.025863745207442,0.0,-1.2023571054089217,1.7267270021801393,0.0,0.0,0.0,-0.3580956143540517,0,0,0,0,0,0,-0.25600015959394257,0.30790964360491757,0.6467091562223893,0.0,0.0,0.0
image_2332.png,surface,0.0,0.0,1.8255394197022177,9.620553520288881,-20.364956443034373,0.0,-0.5003850378206449,0.3678361315247053,0.0,0.0,0.0,-2.895315778930444,0,0,0,0,0,0,0.07787663285961552,0.1402342218478157,1.3942295010158285,0.0,0.0,0.0
image_2333.png,surface,0.0,0.0,0.9156128932903008,-6.297757626791658,-6.510254620232873,0.0,2.646846330597996,-0.4340693036895831,0.0,0.0,0.0,-0.7702030672265372,0,0,0,0,0,0,0.15230161921387442,-0.032195115646838315,0.25213738861275653,0.0,0.0,0.0
image_2334.png,surface,0.0,0.0,0.5876099936461814,3.0250353651635766,20.93758167374688,0.0,-2.016293768295592,-1.6077232533792656,0.0,0.0,0.0,0.3247238746564314,0,0,0,0,0,0,-0.11003112464320292,-0.12003558582194833,0.3337983367818808,0.0,0.0,0.0
image_2335.png,surface,0.0,0.0,0.7293871115108113,-13.967042680245356,-0.06334701068423625,0.0,1.9613858550043928,0.2675244690915643,0.0,0.0,0.0,-0.26531719207825644,0,0,0,0,0,0,0.15864790048695096,-0.03197330819515237,0.32099206011384906,0.0,0.0,0.0
image_2336.png,surface,0.0,0.0,0.5054455814887722,16.560534068546023,2.156682152747892,0.0,-0.7270528885354451,-2.071767094357643,0.0,0.0,0.0,1.0709786388712184,0,0,0,0,0,0,-0.00889088134228118,-0.08969043870832041,0.20149286292296328,0.0,0.0,0.0
image_2337.png,surface,0.0,0.0,2.4265645294177274,-4.194465382717906,1.6703592334702673,0.0,-0.6317895210682557,-2.7415918392752836,0.0,0.0,0.0,-0.38658097286074167,0,0,0,0,0,0,-0.06994910788324724,-0.48748086642335975,1.2176658922727979,0.0,0.0,0.0
image_2338.png,surface,0.0,0.0,2.399080556006097,1.4593145488873314,-16.07217988152062,0.0,0.8224080811368571,0.3978047534991632,0.0,0.0,0.0,2.3142954058937173,0,0,0,0,0,0,0.8395353960383485,0.26853646127692404,2.1434022686051435,0.0,0.0,0.0
image_2339.png,surface,0.0,0.0,1.5418915612316326,0.15562847226775442,2.0716923779798453,0.0,-0.6282797943631915,-2.1372970450827773,0.0,0.0,0.0,-1.2137805701324353,0,0,0,0,0,0,-0.02891895365731391,-0.2863282504866252,0.4385262139799106,0.0,0.0,0.0
image_2340.png,surface,0.0,0.0,2.0215846497209764,-5.032694180376758,19.233499482677754,0.0,-1.5794141806289343,-0.2869982600519425,0.0,0.0,0.0,-1.2691280451617484,0,0,0,0,0,0,-1.0365075303427114,-0.2893690576079649,1.9383343666332673,0.0,0.0,0.0
image_2341.png,surface,0.0,0.0,0.8751107066214145,8.961173057783164,-3.3895884210200404,0.0,0.0942577762181226,-2.669594281431883,0.0,0.0,0.0,-1.2603085076911946,0,0,0,0,0,0,0.04248812483974811,-0.079968665294001,0.23271025574233312,0.0,0.0,0.0
image_2342.png,surface,0.0,0.0,2.61137370866985,-10.514928001236564,21.80524938142538,0.0,2.3612292817847806,0.18651426376195313,0.0,0.0,0.0,-1.523015355118728,0,0,0,0,0,0,0.9669541138577851,0.04833986654508413,1.7698854936202486,0.0,0.0,0.0
image_2343.png,surface,0.0,0.0,2.0526652689700335,15.025529226779724,-13.05219964061508,0.0,-1.2659312222354573,2.1054936660608052,0.0,0.0,0.0,2.134636147186283,0,0,0,0,0,0,-0.4245707828387974,1.1154602359135652,1.8119351877677141,0.0,0.0,0.0
image_2344.png,surface,0.0,0.0,1.3809155884011193,2.500827404121716,-20.69055493055662,0.0,-1.2457435678639506,-0.04302067691974604,0.0,0.0,0.0,2.7739375667263273,0,0,0,0,0,0,-0.4337934361996712,0.0545315979623594,0.6793780014975963,0.0,0.0,0.0
image_2345.png,surface,0.0,0.0,2.64072279326608,-12.344394980968717,5.94626704902922,0.0,2.1616972722603456,-1.7126708037870937,0.0,0.0,0.0,-0.4153310332401299,0,0,0,0,0,0,1.0346766966804795,-1.1646071040381871,2.185940990580036,0.0,0.0,0.0
image_2346.png,surface,0.0,0.0,2.276571201024968,7.459983617044953,-7.465633047888996,0.0,1.1504457759582911,-2.2099353312382015,0.0,0.0,0.0,1.8385056055026343,0,0,0,0,0,0,0.4392874590763635,-0.5380466729977741,1.1478398641281842,0.0,0.0,0.0
image_2347.png,surface,0.0,0.0,1.545692588712447,1.1864431773328148,0.3641807464002776,0.0,-0.0913671023217454,-2.4945646380784243,0.0,0.0,0.0,-1.970731869317543,0,0,0,0,0,0,0.040429007678483765,-0.22966509864458892,0.4291252680736478,0.0,0.0,0.0
image_2348.png,surface,0.0,0.0,1.407803713524681,-13.471393427839574,9.333343702430362,0.0,0.20587722202685765,0.2525019463758229,0.0,0.0,0.0,-0.6123390130346533,0,0,0,0,0,0,0.08724082198988893,0.05542826638406854,0.6073859596881187,0.0,0.0,0.0
image_2349.png,surface,0.0,0.0,1.0037878281092176,2.712695844733478,-24.63944338318807,0.0,0.6342930997026138,2.763403363488753,0.0,0.0,0.0,2.6039650204922644,0,0,0,0,0,0,0.10030624758446008,0.49323842155222813,0.8502898776779785,0.0,0.0,0.0
image_2350.png,surface,0.0,0.0,0.9369719282517601,5.052906952842368,-6.874857974411865,0.0,2.4983249791557425,-1.065555301599955,0.0,0.0,0.0,1.4829127667882407,0,0,0,0,0,0,0.14380034170994024,-0.08552329020111456,0.23841781339943713,0.0,0.0,0.0
image_2351.png,surface,0.0,0.0,1.6287101909893396,-16.41356268612583,12.762710795050477,0.0,0.4568442079346775,0.2726619012278812,0.0,0.0,0.0,-1.542226134114631,0,0,0,0,0,0,0.14627493483944207,0.050756151976215934,0.9154065008543489,0.0,0.0,0.0
image_2352.png,surface,0.0,0.0,1.42493933349611,5.655719130356344,-12.231951823349464,0.0,-1.9826856981632288,-1.9361998894306036,0.0,0.0,0.0,0.6036967450301272,0,0,0,0,0,0,-0.2568280677504306,-0.2512984041451908,0.526193942312418,0.0,0.0,0.0
image_2353.png,surface,0.0,0.0,0.6534697575741899,18.632758047919815,3.1683709159113267,0.0,-2.445694532233293,1.1812403884891394,0.0,0.0,0.0,1.6653664151829126,0,0,0,0,0,0,-0.14129226700058048,0.044300139339910706,0.29206349616714383,0.0,0.0,0.0
image_2354.png,surface,0.0,0.0,1.2753725812481285,4.166604671656902,10.35920344780198,0.0,2.1657230948634663,1.1895376201498042,0.0,0.0,0.0,-1.870174098704289,0,0,0,0,0,0,0.20800279297756735,0.09228605782379394,0.3348255185198573,0.0,0.0,0.0
image_2355.png,surface,0.0,0.0,0.8343485318585218,-12.761269654267595,2.0610212629225697,0.0,-0.32823095652014744,2.5006108577982156,0.0,0.0,0.0,-2.345392412452716,0,0,0,0,0,0,-0.05178382892031186,0.14117493713936305,0.24798400158528658,0.0,0.0,0.0
image_2356.png,surface,0.0,0.0,2.5052107067218614,-21.89491243416692,7.228416782937487,0.0,-1.5071290324853999,-0.6828193436877148,0.0,0.0,0.0,-2.5035995671621727,0,0,0,0,0,0,-1.0184776995892013,-1.1512514638622053,3.4655191456074728,0.0,0.0,0.0
image_2357.png,surface,0.0,0.0,1.6955403424668576,-15.233984042501355,11.87197471560797,0.0,0.05969341591300365,-1.3473951674227582,0.0,0.0,0.0,1.3758498093880593,0,0,0,0,0,0,0.007752507627110772,-0.873520218506527,1.2933379243087644,0.0,0.0,0.0
image_2358.png,surface,0.0,0.0,0.960373547350546,6.4259885352176624,-12.199317866353566,0.0,-0.31562708649629145,-1.0056550352509703,0.0,0.0,0.0,-2.0377154242754463,0,0,0,0,0,0,-0.02343101834059595,-0.20234030831987573,0.3195205106240089,0.0,0.0,0.0
image_2359.png,surface,0.0,0.0,0.9035786699835211,6.786463436364073,16.135736124507186,0.0,-1.3930335596278027,-2.63686310296796,0.0,0.0,0.0,-1.518140885476489,0,0,0,0,0,0,-0.07911697320435344,-0.21385541857761312,0.3311187322480294,0.0,0.0,0.0
image_2360.png,surface,0.0,0.0,2.5465814033766176,18.09986486153976,-11.698477600367507,0.0,2.0555651770362933,-0.4133883984324646,0.0,0.0,0.0,-1.415603981265903,0,0,0,0,0,0,1.6544253055212514,0.3630327281051061,3.7305990241187317,0.0,0.0,0.0
image_2361.png,surface,0.0,0.0,1.8919718651997735,-10.592878948859136,0.13688437457897987,0.0,-1.821934288555807,-1.290331751949984,0.0,0.0,0.0,1.256358818226901,0,0,0,0,0,0,-0.4689034383507202,-0.40174992669300746,0.9065303108359657,0.0,0.0,0.0
image_2362.png,surface,0.0,0.0,1.7572917322947594,18.229387725337233,-6.575215903904703,0.0,-2.5966414871078953,-1.281615078715167,0.0,0.0,0.0,-2.562634346929487,0,0,0,0,0,0,-0.48714328992333916,-0.25849849426126525,0.9148705799475784,0.0,0.0,0.0
image_2363.png,surface,0.0,0.0,1.6199975408552785,-0.40432270841619494,-14.912034895160168,0.0,0.8765698730451348,-1.019338891868537,0.0,0.0,0.0,-2.937508404134348,0,0,0,0,0,0,0.4767837847372883,-0.49243141997269063,0.9027319714092312,0.0,0.0,0.0
image_2364.png,surface,0.0,0.0,2.3612557270251235,7.367791681669249,23.948601201404784,0.0,0.0928012092203146,0.937838622653066,0.0,0.0,0.0,-1.679973635267072,0,0,0,0,0,0,-0.3658562668878884,0.7553817942926162,2.5749525787819274,0.0,0.0,0.0
image_2365.png,surface,0.0,0.0,1.8757950957653167,15.736650315044791,-16.701660805697678,0.0,1.5626151838508668,1.6597652663847358,0.0,0.0,0.0,-2.5249417849830027,0,0,0,0,0,0,1.3534106836982787,1.0570068934330985,2.681868799682603,0.0,0.0,0.0
image_2366.png,surface,0.0,0.0,0.7983153472723363,-17.5188518204759,0.46935194875935826,0.0,0.8552661436834441,-2.456039752213815,0.0,0.0,0.0,-2.391924203973821,0,0,0,0,0,0,0.1088729663581165,-0.2620867410505958,0.3796865644240876,0.0,0.0,0.0
image_2367.png,surface,0.0,0.0,0.6736438190486533,-3.8586534969449597,17.105015227719484,0.0,-0.4738404535253518,1.4024737338542195,0.0,0.0,0.0,0.7810633969127609,0,0,0,0,0,0,-0.06958994184477098,0.17491169323054345,0.24550536739147436,0.0,0.0,0.0
image_2368.png,surface,0.0,0.0,1.1696833318883928,13.507708825089157,-7.169507128081296,0.0,-1.8443149738070002,1.5547922752866057,0.0,0.0,0.0,0.5720133491284027,0,0,0,0,0,0,-0.17775827313587664,0.13592077480864687,0.5101833052226558,0.0,0.0,0.0
image_2369.png,surface,0.0,0.0,2.9331599825814285,-3.641661099918803,-21.32076198169458,0.0,-1.4657769257855873,-0.5133368731455075,0.0,0.0,0.0,1.762965883245295,0,0,0,0,0,0,-0.13743579775694126,-0.34519374582057855,2.884982823348546,0.0,0.0,0.0
image_2370.png,surface,0.0,0.0,0.704182508476225,-10.46326993015848,-11.64496228151344,0.0,1.3526008356294519,-0.41404059132630844,0.0,0.0,0.0,1.2374121498904778,0,0,0,0,0,0,0.20252398900081045,-0.05940192328448452,0.34092608484192594,0.0,0.0,0.0
image_2371.png,surface,0.0,0.0,1.8449759306562936,6.869395676529011,7.742973658222113,0.0,-0.7610202690418052,-0.22009340184322215,0.0,0.0,0.0,2.747836077842793,0,0,0,0,0,0,-0.35713127155490343,-0.11281504537344898,0.7126609228118095,0.0,0.0,0.0
image_2372.png,surface,0.0,0.0,2.802147981943218,-0.038900832474564224,5.425409809937941,0.0,1.393177289052195,1.7648243307752864,0.0,0.0,0.0,-1.3874258524929874,0,0,0,0,0,0,0.6543426902840112,0.7764676601252273,1.5691630170007678,0.0,0.0,0.0
image_2373.png,surface,0.0,0.0,0.6921411978968133,20.392422587152996,-9.8609391989998,0.0,2.1552652015667015,-0.17577472048769546,0.0,0.0,0.0,0.5537582229610356,0,0,0,0,0,0,0.3078996521537639,-0.013001692114781546,0.525792001632341,0.0,0.0,0.0
image_2374.png,surface,0.0,0.0,0.9756461018080358,4.376915404989826,8.095571437702494,0.0,0.41763170350861556,1.249873675502448,0.0,0.0,0.0,2.6686935728750214,0,0,0,0,0,0,0.04231462938048414,0.1328437863299399,0.21783845057945753,0.0,0.0,0.0
image_2375.png,surface,0.0,0.0,2.052470559849091,-5.96032487807031,-16.466874717073118,0.0,-1.4146473627109568,0.5050623712015004,0.0,0.0,0.0,2.788875210262529,0,0,0,0,0,0,-0.49144262915509945,0.1828967614912367,1.0698544401779926,0.0,0.0,0.0
image_2376.png,surface,0.0,0.0,0.5345784311542021,1.8069383199371587,-22.1292867995647,0.0,2.220574461398995,0.7390007217557651,0.0,0.0,0.0,0.6999835869178836,0,0,0,0,0,0,0.29004788252949865,0.03915766728628447,0.5021712876664398,0.0,0.0,0.0
image_2377.png,surface,0.0,0.0,2.8156294910599504,-1.605104297392353,-22.883886819518825,0.0,0.4942845532181035,1.7139832926791851,0.0,0.0,0.0,1.4968386145900983,0,0,0,0,0,0,1.5134648105392638,0.8807942444398308,4.4027242293447015,0.0,0.0,0.0
image_2378.png,surface,0.0,0.0,0.7684023308859851,-4.374252455279502,22.947337915011538,0.0,-2.76774412613688,0.37729789636747074,0.0,0.0,0.0,0.5326458629236774,0,0,0,0,0,0,-0.3006889373643546,0.028197862209008877,0.4997998376539812,0.0,0.0,0.0
image_2379.png,surface,0.0,0.0,0.6510657441610295,-0.615759216364817,2.3567442001773244,0.0,-1.1883080148793228,-0.06856818263954685,0.0,0.0,0.0,1.6063710286736566,0,0,0,0,0,0,-0.05338637908351318,0.01068923144826861,0.10480379932648848,0.0,0.0,0.0
image_2380.png,surface,0.0,0.0,0.9805743803087534,10.494630720422636,-8.853849662373426,0.0,0.5011595781600822,0.16291347678080587,0.0,0.0,0.0,-0.8912414427600281,0,0,0,0,0,0,0.2155376703356013,0.07086040185242987,0.32676437488052085,0.0,0.0,0.0
image_2381.png,surface,0.0,0.0,2.02586215884945,17.581063963229752,3.115127359103928,0.0,-2.258762772672567,-1.090006198484181,0.0,0.0,0.0,-1.138679005774942,0,0,0,0,0,0,-0.6556849972583162,-0.18830980717387,1.1626000191021502,0.0,0.0,0.0
image_2382.png,surface,0.0,0.0,2.8526593689756172,-17.33426790654382,-14.640056839842856,0.0,0.5684407730565256,-2.879264790327725,0.0,0.0,0.0,0.19858472870951438,0,0,0,0,0,0,1.6486542986657347,-3.099850377255507,7.675298450492199,0.0,0.0,0.0
image_2383.png,surface,0.0,0.0,1.6976872894824084,-3.7964112430975314,21.32679372482197,0.0,1.7668415790508165,0.06838082934975404,0.0,0.0,0.0,1.5923538654841636,0,0,0,0,0,0,0.504497401519716,-0.03160992151898609,0.8229221833722424,0.0,0.0,0.0
image_2384.png,surface,0.0,0.0,1.838174773792552,-12.616748680869556,-15.529350040610481,0.0,1.9632223083377522,2.0990310150828986,0.0,0.0,0.0,-2.175690929457533,0,0,0,0,0,0,0.7805378085486402,0.4087345017673728,1.424299129893199,0.0,0.0,0.0
image_2385.png,surface,0.0,0.0,1.6077008275770917,2.263664600605088,-7.962894584116021,0.0,-1.2419788569385783,-1.542145239033151,0.0,0.0,0.0,1.0024719888445075,0,0,0,0,0,0,-0.21883256217162284,-0.34021015711886887,0.4847940522644127,0.0,0.0,0.0
image_2386.png,surface,0.0,0.0,1.8408683209326928,-0.5394780076300032,11.920644891554685,0.0,-1.482298057242231,-1.8581277440465902,0.0,0.0,0.0,-0.09165117223632357,0,0,0,0,0,0,-0.3215997058756426,-0.46119432374483604,0.8307086675468592,0.0,0.0,0.0
image_2387.png,surface,0.0,0.0,1.1733818663975009,10.363190553709893,22.86918042131412,0.0,0.3733420904843619,-2.929853489034804,0.0,0.0,0.0,-1.7741113114074012,0,0,0,0,0,0,0.11846087331744073,-0.3695925655060304,0.6282868750521612,0.0,0.0,0.0
image_2388.png,surface,0.0,0.0,2.237317039307489,-24.552924382706788,-4.001757418269943,0.0,0.12590660810044912,-1.1019371703039593,0.0,0.0,0.0,-1.215184094299494,0,0,0,0,0,0,0.2917828371221382,-1.7761381138487613,3.7531077022030823,0.0,0.0,0.0
image_2389.png,surface,0.0,0.0,2.274821463408312,-7.248946974701907,-12.418999104577871,0.0,-0.594254886173166,0.4256187756429394,0.0,0.0,0.0,2.9939072591555984,0,0,0,0,0,0,-0.08560022457684886,0.11597698138684409,1.3183163045718158,0.0,0.0,0.0
image_2390.png,surface,0.0,0.0,1.802102580760829,-18.902589827216048,8.050177761944104,0.0,0.9576109230055271,2.3520332350348525,0.0,0.0,0.0,1.9482368876403333,0,0,0,0,0,0,0.21434907425064362,0.505115345383638,0.8810405727077036,0.0,0.0,0.0
image_2391.png,surface,0.0,0.0,2.648770967187544,11.817670902766773,-13.935487995226415,0.0,0.7579402655729767,-1.1099490057878607,0.0,0.0,0.0,1.9692904712949817,0,0,0,0,0,0,0.7596803061871253,-0.30724107504487125,2.4670315061810584,0.0,0.0,0.0
image_2392.png,surface,0.0,0.0,2.1519919679131254,8.123327868718244,8.95082033490365,0.0,-2.048489756935684,-0.6353033968547268,0.0,0.0,0.0,-0.17769983331868655,0,0,0,0,0,0,-0.5311335201867142,-0.0549138618684565,1.2048171885329793,0.0,0.0,0.0
image_2393.png,surface,0.0,0.0,1.7337387723556188,-16.234971672368353,10.57839036522065,0.0,2.8243719049551532,-0.41569754926062397,0.0,0.0,0.0,-0.2511259505627157,0,0,0,0,0,0,0.6266838615413513,-0.21484647314897568,1.032983081792196,0.0,0.0,0.0
image_2394.png,surface,0.0,0.0,2.605283152466049,9.915453628891624,16.99194635970309,0.0,-1.2177195254595907,2.1481573396485594,0.0,0.0,0.0,-2.4108441937294662,0,0,0,0,0,0,-0.9037180627360593,1.3663574989227276,3.410252302096784,0.0,0.0,0.0
image_2395.png,surface,0.0,0.0,1.9608013671298874,9.035202346522071,-0.08645717148445385,0.0,2.137539142686392,-1.727450819113659,0.0,0.0,0.0,0.2371793425768085,0,0,0,0,0,0,0.37236691228026747,-0.27382208565752486,0.8199679193736709,0.0,0.0,0.0
image_2396.png,surface,0.0,0.0,0.6900060827682388,0.7833998171889139,-2.425450703088867,0.0,-1.768584688654356,1.6367328739269247,0.0,0.0,0.0,2.575916390394739,0,0,0,0,0,0,-0.04288077245808223,0.015266959706467536,0.11621444863313936,0.0,0.0,0.0
image_2397.png,surface,0.0,0.0,2.5065202669112017,5.923340163966179,-23.162144737782477,0.0,-0.6103522550866374,-1.6112250431088058,0.0,0.0,0.0,-1.2542496842389201,0,0,0,0,0,0,0.31474815712470966,-0.8421651395916064,2.4895401842654095,0.0,0.0,0.0
image_2398.png,surface,0.0,0.0,2.6139758470453063,19.310541377309416,5.450813947543226,0.0,-0.43172064585241543,0.929083915072906,0.0,0.0,0.0,-1.8016301693566563,0,0,0,0,0,0,-0.17102999747442074,0.9488403659300888,3.07543571559204,0.0,0.0,0.0
image_2399.png,surface,0.0,0.0,0.6201902403860435,19.145542278256062,-13.858636270946443,0.0,0.7547140192248148,-1.2254930835393885,0.0,0.0,0.0,2.376751652343983,0,0,0,0,0,0,0.15172634479631503,-0.2502695951139666,0.4272495448999521,0.0,0.0,0.0
image_2400.png,surface,0.0,0.0,2.426039679868896,-14.52608526700904,18.508544004492702,0.0,2.5830682668638905,0.723502960396875,0.0,0.0,0.0,-1.4358992838899785,0,0,0,0,0,0,0.8818500254188316,0.13613786295285,1.539227368350091,0.0,0.0,0.0
image_2401.png,surface,0.0,0.0,2.952147177714434,14.13892390935938,-8.079709124143404,0.0,1.6489807123824367,0.8251658501772174,0.0,0.0,0.0,2.1501834557047426,0,0,0,0,0,0,1.338614869181049,0.9667265412894432,3.8515697707994576,0.0,0.0,0.0
image_2402.png,surface,0.0,0.0,2.4768327693073786,11.416138791731248,12.157953063017063,0.0,0.33520953632795564,1.1930252679464264,0.0,0.0,0.0,-0.6178438217922642,0,0,0,0,0,0,0.10139135514985655,0.7771551059152039,1.9166630649657428,0.0,0.0,0.0
image_2403.png,surface,0.0,0.0,1.494698640649947,1.8683040918990492,21.335238341085194,0.0,0.8510344006125863,0.6760562061408023,0.0,0.0,0.0,-1.179315171024925,0,0,0,0,0,0,0.3430553110046192,0.33522656841715964,0.673572191674251,0.0,0.0,0.0
image_2404.png,surface,0.0,0.0,2.294323409853029,-2.691318885192067,-13.507953339478748,0.0,-1.7811448129493748,2.23819815745283,0.0,0.0,0.0,-0.1475139363577216,0,0,0,0,0,0,-0.5078486032854989,0.5839623885992558,1.1703038821369727,0.0,0.0,0.0
image_2405.png,surface,0.0,0.0,1.2304355509384675,7.0753440078795045,14.249068048814545,0.0,0.8913043297208961,-2.086816486306269,0.0,0.0,0.0,0.4834215951665124,0,0,0,0,0,0,0.14968092464499247,-0.2717613213900884,0.4348462237534213,0.0,0.0,0.0
image_2406.png,surface,0.0,0.0,2.144366461002443,8.468440025425382,-14.769393724319189,0.0,-0.8872882378781641,-0.048433822708123096,0.0,0.0,0.0,2.3474285736593323,0,0,0,0,0,0,-0.30969548234614513,0.03645665030369763,1.212105712865056,0.0,0.0,0.0
image_2407.png,surface,0.0,0.0,1.793802371640581,23.226957332069347,-6.129310506244553,0.0,-2.5702619513828022,0.46787962045495796,0.0,0.0,0.0,-1.116538592230261,0,0,0,0,0,0,-0.682777682923378,0.3200398369378975,1.5097427864626103,0.0,0.0,0.0
image_2408.png,surface,0.0,0.0,2.1555685185723528,11.559784862342756,-8.441489327530594,0.0,0.4661422354482447,1.3037193358676527,0.0,0.0,0.0,0.881662602784381,0,0,0,0,0,0,0.42015273618754073,0.8301969758155313,1.6243539383829957,0.0,0.0,0.0
image_2409.png,surface,0.0,0.0,1.5345894749395703,1.123845535511723,19.301357580096468,0.0,1.6311265480503898,1.975621903962109,0.0,0.0,0.0,-0.047505595963245995,0,0,0,0,0,0,0.2399198699221619,0.33705765972043916,0.7088089912943982,0.0,0.0,0.0
image_2410.png,surface,0.0,0.0,0.8854188852161089,-18.009376597053024,4.736620434520011,0.0,-0.6578393612554291,2.6234981693371284,0.0,0.0,0.0,1.6463846169851397,0,0,0,0,0,0,-0.05551245940449338,0.2376407282903168,0.37070988923568554,0.0,0.0,0.0
image_2411.png,surface,0.0,0.0,1.5526076097651227,7.3515159139485045,-13.985240387513805,0.0,1.4640406589345667,-1.9146454792371204,0.0,0.0,0.0,-0.5749860208383026,0,0,0,0,0,0,0.3584507501793058,-0.33537758625660535,0.8494346372309243,0.0,0.0,0.0
image_2412.png,surface,0.0,0.0,1.6935227961795718,3.1275195521448205,8.520053705794778,0.0,2.0227083660362903,1.8191112397687401,0.0,0.0,0.0,1.373175752408324,0,0,0,0,0,0,0.3382659231949378,0.24349266956883925,0.5558393004719291,0.0,0.0,0.0
image_2413.png,surface,0.0,0.0,2.1946543789735737,-15.678212348674405,2.275848047367318,0.0,-1.3434162684145718,2.270915945903207,0.0,0.0,0.0,-1.3732154166376664,0,0,0,0,0,0,-0.4352970635132917,0.6008858252321437,1.0937096195406057,0.0,0.0,0.0
image_2414.png,surface,0.0,0.0,1.211284238921456,7.574587084103186,-21.644330654300628,0.0,-0.7528541646881863,-1.746162828258557,0.0,0.0,0.0,0.9981108642082344,0,0,0,0,0,0,-0.1064014170086017,-0.4286594179592446,0.8101248387193232,0.0,0.0,0.0
image_2415.png,surface,0.0,0.0,2.114126941007415,-14.55116062480672,-6.342197255590159,0.0,-1.5334014046718023,-0.6162164605416266,0.0,0.0,0.0,0.8707354217154872,0,0,0,0,0,0,-0.6108957747483305,-0.5083307668818368,1.373257129530885,0.0,0.0,0.0
image_2416.png,surface,0.0,0.0,1.0845937370936174,14.099225714710219,-1.411737306769272,0.0,-1.1056289014639535,-2.0883805877321593,0.0,0.0,0.0,0.5402871408523984,0,0,0,0,0,0,-0.07765291503056454,-0.22131192440024636,0.35816934001726025,0.0,0.0,0.0
image_2417.png,surface,0.0,0.0,2.412271694197929,-19.175872867596627,-3.2667136915597745,0.0,0.49801114838307264,1.3957265133620458,0.0,0.0,0.0,0.02504083297057491,0,0,0,0,0,0,0.451147547796048,0.4104255869486657,1.890574881824919,0.0,0.0,0.0
image_2418.png,surface,0.0,0.0,2.305278998636177,8.490269933397743,-3.3262302410039615,0.0,-0.19536620785620354,-0.24044973911318657,0.0,0.0,0.0,0.8361012447089271,0,0,0,0,0,0,-0.061135842930636716,-0.06591614071307626,1.159732842250928,0.0,0.0,0.0
image_2419.png,surface,0.0,0.0,0.794370768107341,7.120407519013105,8.87356520584037,0.0,-0.8824997349185135,1.3318468189140946,0.0,0.0,0.0,0.024582623396505632,0,0,0,0,0,0,-0.08198269206219587,0.04565929989492234,0.21636020207828258,0.0,0.0,0.0
image_2420.png,surface,0.0,0.0,1.9816372596583574,3.6790210050936056,22.732328884735455,0.0,0.6369820641615224,-0.6512382943146341,0.0,0.0,0.0,-1.8012937533305404,0,0,0,0,0,0,0.1669574198516984,-0.2598434968938289,1.184898794831351,0.0,0.0,0.0
image_2421.png,surface,0.0,0.0,0.7201250673240085,-1.9809117353115289,18.687074349842813,0.0,-2.416202048776222,1.366411728035299,0.0,0.0,0.0,-0.7976246634961774,0,0,0,0,0,0,-0.15798435644976586,0.05382370183995751,0.28884797072652196,0.0,0.0,0.0
image_2422.png,surface,0.0,0.0,2.922810796377073,-12.350511471523077,-20.180374711519928,0.0,-1.5930164640019906,-1.893453701181838,0.0,0.0,0.0,-2.3928220944511738,0,0,0,0,0,0,0.046880299361114694,-1.7079409745190561,3.9668731538910866,0.0,0.0,0.0
image_2423.png,surface,0.0,0.0,1.3480990706098688,-9.037146852043595,16.720323194087154,0.0,1.7273322002492033,0.09501611963776323,0.0,0.0,0.0,0.8159621980684522,0,0,0,0,0,0,0.35742195254367,-0.06661302511801857,0.528806556732924,0.0,0.0,0.0
image_2424.png,surface,0.0,0.0,0.5506528741197032,-4.582175500168093,0.4255098911740508,0.0,0.4804835773395161,-2.2506689517431777,0.0,0.0,0.0,0.5757804259768982,0,0,0,0,0,0,0.03279825125085651,0.0020528987549654765,0.08633685808069518,0.0,0.0,0.0
image_2425.png,surface,0.0,0.0,1.759037621830053,0.14255209141415273,-14.256222857329853,0.0,2.008613487819074,-1.2883451656572393,0.0,0.0,0.0,-0.3997664844238349,0,0,0,0,0,0,0.6167489636634991,-0.2593023496358151,1.0830380944845428,0.0,0.0,0.0
image_2426.png,surface,0.0,0.0,0.8046566715576959,12.646451862891997,4.169998368049962,0.0,0.8222775109921663,1.5998206128090997,0.0,0.0,0.0,0.06539645374603076,0,0,0,0,0,0,0.0711696636580693,0.09936501904781285,0.27151762840383736,0.0,0.0,0.0
image_2427.png,surface,0.0,0.0,2.1273570303167784,19.010351061407672,2.520861254480674,0.0,-1.1195447408769879,-0.9374169258846238,0.0,0.0,0.0,0.2807257024521679,0,0,0,0,0,0,-0.5550500214352515,-0.3055610015810376,1.3154714577583773,0.0,0.0,0.0
image_2428.png,surface,0.0,0.0,2.3275152148484404,12.412384319084008,0.6566291655400631,0.0,-2.185217953136946,-2.0551430228523118,0.0,0.0,0.0,0.2871292179286451,0,0,0,0,0,0,-0.5944624065980479,-0.5691248858737121,1.1383964911501356,0.0,0.0,0.0
image_2429.png,surface,0.0,0.0,2.6481649332820956,6.7662201391208,16.766603259950532,0.0,-2.906657408505734,-0.3258616695989002,0.0,0.0,0.0,-0.5907711440180297,0,0,0,0,0,0,-1.8153651723384807,-0.06035994270346847,3.4279533230466517,0.0,0.0,0.0
image_2430.png,surface,0.0,0.0,2.7216087548244423,10.406453817095034,1.6610518842109916,0.0,0.0171982269017638,-1.8382848851545428,0.0,0.0,0.0,-0.07973655426054016,0,0,0,0,0,0,0.04856959725394796,-0.8182948823442142,1.5593913924673226,0.0,0.0,0.0
image_2431.png,surface,0.0,0.0,1.273623840748178,-13.452855579517047,-6.818098058250825,0.0,1.4671391230192312,0.2665664213557466,0.0,0.0,0.0,2.067196521130411,0,0,0,0,0,0,0.4140058225036185,0.01729626192401966,0.5835374793368403,0.0,0.0,0.0
image_2432.png,surface,0.0,0.0,1.394399356252393,24.52769781337581,1.6622160364624425,0.0,-0.001577786202970954,-1.697733554468495,0.0,0.0,0.0,0.18418354760175326,0,0,0,0,0,0,0.07656628557517461,-0.47053855256054083,0.8152696794243177,0.0,0.0,0.0
image_2433.png,surface,0.0,0.0,2.9361822383515865,-4.1374939293808985,-13.221049433492261,0.0,-0.6419201658229168,0.11601250239732311,0.0,0.0,0.0,0.5687020772553595,0,0,0,0,0,0,0.0457860604557569,-0.12258401186259517,2.52095854742482,0.0,0.0,0.0
image_2434.png,surface,0.0,0.0,1.5848045557964523,-4.638792574078191,7.89434007885399,0.0,-0.2329846074726788,1.5554702810948444,0.0,0.0,0.0,1.6610453913695178,0,0,0,0,0,0,-0.07159274907627428,0.37327834465000304,0.5178335761668023,0.0,0.0,0.0
image_2435.png,surface,0.0,0.0,1.511764665708691,2.2732083346268896,5.496236084294174,0.0,1.2093526198940467,1.0772561891558923,0.0,0.0,0.0,-1.5062409271991943,0,0,0,0,0,0,0.2255075716833049,0.17336376037622445,0.40460688658890664,0.0,0.0,0.0
image_2436.png,surface,0.0,0.0,2.8134015797851504,-16.15089130760252,-10.641612346797272,0.0,-0.5595757647986641,1.0311060791640279,0.0,0.0,0.0,0.7398699930759456,0,0,0,0,0,0,0.06282970649345082,0.07491900628753402,2.6115381126841117,0.0,0.0,0.0
image_2437.png,surface,0.0,0.0,0.9682558245552931,-17.288308551425303,-2.075240030132075,0.0,-0.31777582124953835,-0.6513972212821545,0.0,0.0,0.0,0.157925525509361,0,0,0,0,0,0,-0.12809139319658405,-0.31967173095424867,0.5042211851348365,0.0,0.0,0.0
image_2438.png,surface,0.0,0.0,1.6851894362521977,-0.9130474170955912,-4.078470598208085,0.0,2.4377822631402015,0.033119397872155086,0.0,0.0,0.0,0.06957997022925522,0,0,0,0,0,0,0.34353014068260473,-0.03551278880716183,0.6133882738439463,0.0,0.0,0.0
image_2439.png,surface,0.0,0.0,1.7135649351354059,-6.212220145997165,-9.50347193831966,0.0,-0.09341209852634963,1.3421150448374781,0.0,0.0,0.0,-0.6918091099172683,0,0,0,0,0,0,0.030672170929876175,0.517596340572831,0.6769886874549121,0.0,0.0,0.0
image_2440.png,surface,0.0,0.0,2.3563206467338507,-9.968297047632856,-5.788474188026672,0.0,-2.1880307677288577,-2.0114307855696083,0.0,0.0,0.0,2.8554216855157915,0,0,0,0,0,0,-0.6707517081943972,-0.9130570034939206,1.4107760590123626,0.0,0.0,0.0
image_2441.png,surface,0.0,0.0,1.5885337561670982,-9.965706471715393,-17.02416505563288,0.0,-2.1043048557409385,-1.0274816859928027,0.0,0.0,0.0,-0.8901523139208671,0,0,0,0,0,0,-0.520343320132491,-0.2771271739978947,0.9198948384485492,0.0,0.0,0.0
image_2442.png,surface,0.0,0.0,2.658055280137253,-16.432736880252925,-8.779797795728587,0.0,1.7211864385317746,-0.8585068453290216,0.0,0.0,0.0,2.155247425674837,0,0,0,0,0,0,1.4864086502340477,-1.1079282211712096,3.7871386797829985,0.0,0.0,0.0
image_2443.png,surface,0.0,0.0,2.175617453305562,15.290672284241491,19.834381093499463,0.0,-0.47473099457621354,-2.180919458096276,0.0,0.0,0.0,-1.1313456060412082,0,0,0,0,0,0,-0.28970089161097057,-0.9026383456746593,1.404166367828862,0.0,0.0,0.0
image_2444.png,surface,0.0,0.0,2.8274188314319924,-1.9141354051159094,-22.02710338214303,0.0,-1.718908537468479,0.02458702096499905,0.0,0.0,0.0,-0.9140557469768447,0,0,0,0,0,0,-0.3695498939022184,-0.12003558582194838,2.4573849298591934,0.0,0.0,0.0
image_2445.png,surface,0.0,0.0,1.1550529711070214,4.6932101072834005,16.754716228308897,0.0,-0.4319904231345805,2.6663271349616666,0.0,0.0,0.0,-1.1835879799173536,0,0,0,0,0,0,-0.06970864926426737,0.2662869247101803,0.43280972430769366,0.0,0.0,0.0
image_2446.png,surface,0.0,0.0,2.531006270396178,-8.268806322041112,-20.116513703761587,0.0,0.16832437675065975,-0.06313684605570612,0.0,0.0,0.0,2.705802514128452,0,0,0,0,0,0,0.8550221486126474,-0.1834630783891583,3.1005346780591148,0.0,0.0,0.0
image_2447.png,surface,0.0,0.0,0.7919330223976688,16.901894684531783,15.956350739363538,0.0,1.9339325125947873,1.2082990369365696,0.0,0.0,0.0,1.5202225248258987,0,0,0,0,0,0,0.25224109130989025,0.08812677482905922,0.3949603102670415,0.0,0.0,0.0
image_2448.png,surface,0.0,0.0,2.5048252460651077,-19.24260733955947,10.512735467434528,0.0,2.7154783957952113,-0.5781254390455786,0.0,0.0,0.0,0.6161669739591282,0,0,0,0,0,0,1.2934451741726773,-0.6638382408460972,2.4366849848351904,0.0,0.0,0.0
image_2449.png,surface,0.0,0.0,2.621823098867441,-7.009957647522378,12.219238476868233,0.0,0.07511069624761131,2.8884780673906145,0.0,0.0,0.0,-0.6251469005670072,0,0,0,0,0,0,-0.07178146343547366,0.990983781750415,1.497304955417983,0.0,0.0,0.0
image_2450.png,surface,0.0,0.0,1.5164912076635093,-0.4492329046076571,-21.29433692889388,0.0,-2.4395608455103304,0.0841998267147706,0.0,0.0,0.0,2.5993692421182875,0,0,0,0,0,0,-0.48506895386213944,0.05552265253372204,0.7784117190611907,0.0,0.0,0.0
image_2451.png,surface,0.0,0.0,2.2500345911047477,6.747770070671895,-13.528760539403804,0.0,-2.403757249395739,0.6750799936293026,0.0,0.0,0.0,0.27783359944682307,0,0,0,0,0,0,-0.6313043195617495,0.23930821693419665,1.2908860861602895,0.0,0.0,0.0
image_2452.png,surface,0.0,0.0,2.9217561366845644,12.322446995785736,-1.312982709972906,0.0,2.231508941945881,1.259855580900943,0.0,0.0,0.0,-0.10223257812532527,0,0,0,0,0,0,1.3055441996213488,0.9628755863835777,2.9829223690608164,0.0,0.0,0.0
image_2453.png,surface,0.0,0.0,0.9623347562899865,-5.788014531923206,-22.325075547343005,0.0,0.3392547400681467,-1.0987111277085073,0.0,0.0,0.0,1.8843560477463868,0,0,0,0,0,0,0.3599635088328879,-0.5121219438929226,0.849354249094909,0.0,0.0,0.0
image_2454.png,surface,0.0,0.0,2.0453523956771886,21.940674180930444,-10.782819695979805,0.0,0.4770865802812538,2.219548379415786,0.0,0.0,0.0,-2.415231648398152,0,0,0,0,0,0,0.8829457862141831,1.8089719091082548,3.654607672542484,0.0,0.0,0.0
image_2455.png,surface,0.0,0.0,0.6185763268946354,-4.359600335460138,17.023191901571565,0.0,2.074500488629645,1.7958433321390193,0.0,0.0,0.0,-2.2415529037829307,0,0,0,0,0,0,0.13973689542717907,0.10049765284365587,0.20669576172619164,0.0,0.0,0.0
image_2456.png,surface,0.0,0.0,1.346509187565573,-23.659399227204872,3.869615806350425,0.0,-2.3400227013486785,0.9859870483716696,0.0,0.0,0.0,-2.6076267090777847,0,0,0,0,0,0,-0.5488863669613999,0.15953933565696266,0.8121881342103896,0.0,0.0,0.0
image_2457.png,surface,0.0,0.0,0.8529669603156813,4.103935280777572,13.558657886890547,0.0,-0.17579288908004145,-0.847848588757253,0.0,0.0,0.0,0.7230548176311631,0,0,0,0,0,0,-0.01754130406558257,-0.1768654865283726,0.2582602849726072,0.0,0.0,0.0
image_2458.png,surface,0.0,0.0,1.8419574790849915,3.7613655448737227,-17.36327698285457,0.0,2.0620262304207837,-0.9317741811526188,0.0,0.0,0.0,2.83302031816452,0,0,0,0,0,0,1.1371166340358871,-0.33008409636353353,1.6097858217339573,0.0,0.0,0.0
image_2459.png,surface,0.0,0.0,2.008039641404049,-5.487018773571005,13.544983267228085,0.0,-0.6434315548035451,-0.2232818498248598,0.0,0.0,0.0,-0.7498198320469793,0,0,0,0,0,0,-0.4668945435592425,-0.20921476621964505,1.1503676244051175,0.0,0.0,0.0
image_2460.png,surface,0.0,0.0,2.9735144200753107,-2.0260749060241574,0.29540782987889846,0.0,0.7048596493900139,-1.152453573063885,0.0,0.0,0.0,-0.23856237550289583,0,0,0,0,0,0,0.48806098958944594,-0.7314737825853633,2.208056659999424,0.0,0.0,0.0
image_2461.png,surface,0.0,0.0,2.9170062125471583,7.814939303031423,18.715207861037364,0.0,0.8862695471937929,2.656458141793008,0.0,0.0,0.0,2.4414714411939205,0,0,0,0,0,0,0.0410590701358107,1.4445894590631023,3.1225297652744795,0.0,0.0,0.0
image_2462.png,surface,0.0,0.0,2.706653351730646,-6.539333056295816,-1.3621412660183672,0.0,-1.9604492478016597,1.7294042217771668,0.0,0.0,0.0,-0.47048158525230477,0,0,0,0,0,0,-0.8689474420535702,0.6406003708013841,1.422729328237118,0.0,0.0,0.0
image_2463.png,surface,0.0,0.0,1.918703211641278,-1.418181969612764,11.889907634169877,0.0,-0.6845438124890636,-0.3162782025052517,0.0,0.0,0.0,-0.6576562129663652,0,0,0,0,0,0,-0.45114298212606746,-0.19969749612957519,0.9700704333449189,0.0,0.0,0.0
image_2464.png,surface,0.0,0.0,2.715157128368363,-18.523824029060332,15.388171366566796,0.0,-0.6635835080236995,2.0942517082814565,0.0,0.0,0.0,2.3318802935929366,0,0,0,0,0,0,-0.3904104400437196,0.6189607728908052,2.2868169362606534,0.0,0.0,0.0
image_2465.png,surface,0.0,0.0,1.3872945428934096,-3.5804840183698077,4.525956378988129,0.0,-2.4622951142180005,-0.9089223389878768,0.0,0.0,0.0,-2.219738255094132,0,0,0,0,0,0,-0.20816259142688934,-0.04027928936466796,0.37309473727081316,0.0,0.0,0.0
image_2466.png,surface,0.0,0.0,1.0023281295756257,15.249005832150642,3.1018963916242166,0.0,2.7465257097727505,0.711853736715914,0.0,0.0,0.0,2.609358669548172,0,0,0,0,0,0,0.20713531568124746,0.0296765785535817,0.3372148325625416,0.0,0.0,0.0
image_2467.png,surface,0.0,0.0,1.8151134675767253,-6.669560661945155,-8.45808095470068,0.0,-0.0009397820690296929,-0.6928944393765483,0.0,0.0,0.0,-1.0274578917152157,0,0,0,0,0,0,0.07218019861378225,-0.42725778363688866,0.8983173229397104,0.0,0.0,0.0
image_2468.png,surface,0.0,0.0,1.8280232458392418,7.543675394521921,23.62919222610288,0.0,-0.08266783924938627,-2.1132772972912175,0.0,0.0,0.0,0.42790620337035357,0,0,0,0,0,0,-0.058632333891257625,-0.547656756135004,1.3264154092753828,0.0,0.0,0.0
image_2469.png,surface,0.0,0.0,2.775179097617826,-19.894999957214427,-0.7771892042142999,0.0,2.1312297369422577,-1.408092588949578,0.0,0.0,0.0,1.3605577226721541,0,0,0,0,0,0,1.5103144982526284,-1.7896982573489935,4.724776966253204,0.0,0.0,0.0
image_2470.png,surface,0.0,0.0,0.5143406188052044,-9.353081393963604,4.672739975563748,0.0,1.2126276858055036,-2.639303786381906,0.0,0.0,0.0,-1.497209728408086,0,0,0,0,0,0,0.05879669801056052,-0.07157301728231445,0.1669594594929521,0.0,0.0,0.0
image_2471.png,surface,0.0,0.0,2.6388786319046793,6.715115508171657,18.93535577224547,0.0,2.871063338187744,0.6701453967151697,0.0,0.0,0.0,2.597798608265945,0,0,0,0,0,0,0.8683843427559584,0.18407658836190657,1.4048184049320995,0.0,0.0,0.0
image_2472.png,surface,0.0,0.0,2.0205887421717175,10.182758122727451,18.394540370941954,0.0,0.5682084619413709,2.5809770590908268,0.0,0.0,0.0,0.24986498629785014,0,0,0,0,0,0,0.04450615097118682,0.489510168640912,1.534846214937242,0.0,0.0,0.0
image_2473.png,surface,0.0,0.0,2.849111242008251,-2.3617287733088435,5.861560793971966,0.0,-0.641175551789573,2.647369635253191,0.0,0.0,0.0,-0.9427170513434495,0,0,0,0,0,0,-0.2847988839417667,1.1628609602695967,1.7935307706277093,0.0,0.0,0.0
image_2474.png,surface,0.0,0.0,2.363039830232167,8.325306397419052,-17.914460061224023,0.0,-1.5438597786305284,-2.093203964504801,0.0,0.0,0.0,2.3649281323163027,0,0,0,0,0,0,-0.427081901328144,-0.6683719222344577,1.3608505605391525,0.0,0.0,0.0
image_2475.png,surface,0.0,0.0,1.415648627712864,-13.223250647391444,-12.039646192898438,0.0,-0.23478529958109223,-2.491769679068533,0.0,0.0,0.0,0.9262226630908241,0,0,0,0,0,0,0.06719753077492065,-0.5936652847836441,0.9702245106056158,0.0,0.0,0.0
image_2476.png,surface,0.0,0.0,2.0869978919183807,-10.487456033760662,-8.208659687925373,0.0,-2.1435028435427084,0.23526556385649405,0.0,0.0,0.0,-2.1844916795824156,0,0,0,0,0,0,-0.6645058716608949,0.0179664035865601,0.9891626156486107,0.0,0.0,0.0
image_2477.png,surface,0.0,0.0,1.4242991603243458,-5.594578615538273,13.621152450153843,0.0,1.7941378429889197,-0.06168225526430055,0.0,0.0,0.0,2.9546839559413662,0,0,0,0,0,0,0.31905662769643145,-0.040515254738801916,0.4552826743315952,0.0,0.0,0.0
image_2478.png,surface,0.0,0.0,2.8039137077377996,-12.670823178615393,9.701730755560385,0.0,2.408921681938623,-0.19059250681233944,0.0,0.0,0.0,0.9983277076680812,0,0,0,0,0,0,1.1709117232325141,-0.28511696156607075,2.082508255573367,0.0,0.0,0.0
image_2479.png,surface,0.0,0.0,0.5492118955410348,-5.634878902048297,16.743083691891677,0.0,-0.013803222840847887,-0.838008602366585,0.0,0.0,0.0,-1.3597675376884892,0,0,0,0,0,0,0.004707205750030185,-0.12315032876051678,0.22125494636011814,0.0,0.0,0.0
image_2480.png,surface,0.0,0.0,1.8869753444074415,18.587113645271305,12.839167352655803,0.0,2.728758558686738,0.4051965163562535,0.0,0.0,0.0,-1.6718438214458264,0,0,0,0,0,0,0.6126520358008801,0.060147573866747836,1.1146350979462083,0.0,0.0,0.0
image_2481.png,surface,0.0,0.0,1.7683284778833377,10.82072173048744,-4.617132164514554,0.0,1.0573749437902789,-1.7193607272992064,0.0,0.0,0.0,0.6579373484806137,0,0,0,0,0,0,0.3326075361989433,-0.3717760317680168,0.6022947110738011,0.0,0.0,0.0
image_2482.png,surface,0.0,0.0,0.9753489078114106,-11.946532527877734,-20.50050623874464,0.0,-2.3469346462153644,1.2590532096426834,0.0,0.0,0.0,1.8520706413384405,0,0,0,0,0,0,-0.32094224939843197,0.18525641523257627,0.5971364723461366,0.0,0.0,0.0
image_2483.png,surface,0.0,0.0,1.5703666547236868,2.7479587466790507,-7.888122802261497,0.0,-0.6046543521708077,-0.1502475746304773,0.0,0.0,0.0,-1.2076872780366834,0,0,0,0,0,0,-0.27577559817004726,-0.12470770022980084,0.5191599804110578,0.0,0.0,0.0
image_2484.png,surface,0.0,0.0,1.2422300634423236,7.460318308607147,-4.810659845723576,0.0,-0.07533946937806685,-0.05916351175835518,0.0,0.0,0.0,-1.2031457464132775,0,0,0,0,0,0,-0.016445543270231233,-0.018811159625959757,0.36452446877004474,0.0,0.0,0.0
image_2485.png,surface,0.0,0.0,2.176024604159811,-10.549418492655095,2.525988265113722,0.0,-1.9383146517732281,1.5669637012092485,0.0,0.0,0.0,1.622136586679968,0,0,0,0,0,0,-0.5793332981722316,0.3701777596338824,0.9602898767963605,0.0,0.0,0.0
image_2486.png,surface,0.0,0.0,2.3828218206442324,9.965331499332324,-0.5685214042306538,0.0,1.9166911856345592,-2.107721742867483,0.0,0.0,0.0,0.11100848749144454,0,0,0,0,0,0,0.48760442259138326,-0.4495344880576292,1.2120431887592664,0.0,0.0,0.0
image_2487.png,surface,0.0,0.0,2.4284892200680392,-18.454799251454006,-11.57658142249777,0.0,1.367287106647983,-1.7944623409649754,0.0,0.0,0.0,1.9502062689216269,0,0,0,0,0,0,1.5614956587354973,-1.8505694583630858,4.666310228328342,0.0,0.0,0.0
image_2488.png,surface,0.0,0.0,1.4858798123054946,8.870370123184475,-11.203715125017768,0.0,-0.47221649080257266,-0.42050086855734353,0.0,0.0,0.0,-1.0601606183668006,0,0,0,0,0,0,-0.17473275582871212,-0.2504772446432045,0.5968551138700827,0.0,0.0,0.0
image_2489.png,surface,0.0,0.0,0.9784733953721598,10.186403531499334,7.670063760124915,0.0,1.9684927517731925,2.129562419118543,0.0,0.0,0.0,-1.0468979043711748,0,0,0,0,0,0,0.12361551472557263,0.10498099495220133,0.28851302015979047,0.0,0.0,0.0
image_2490.png,surface,0.0,0.0,1.2351252741862262,12.556084583978706,-8.068221105767337,0.0,-0.08406214926562791,-1.3012542404032663,0.0,0.0,0.0,2.2474231702424046,0,0,0,0,0,0,-0.003768199624013683,-0.2579809435406648,0.42527333655623684,0.0,0.0,0.0
image_2491.png,surface,0.0,0.0,1.8368352748667875,-5.00922307885588,9.879408550434853,0.0,1.0934687278373447,-2.7935712069882666,0.0,0.0,0.0,-0.6048426023895876,0,0,0,0,0,0,0.22306950391364827,-0.41872055640072237,0.9346371293922903,0.0,0.0,0.0
image_2492.png,surface,0.0,0.0,2.0382565252520886,19.227588049702558,-12.03368699720028,0.0,-0.604460680240151,1.693869848950596,0.0,0.0,0.0,-1.351273814985234,0,0,0,0,0,0,0.16499418176002748,1.2938217429139462,2.775963112888798,0.0,0.0,0.0
image_2493.png,surface,0.0,0.0,2.487182444343432,-0.5411092358867954,19.10827672836306,0.0,-2.6733750888185503,-0.09313899912758394,0.0,0.0,0.0,-2.7772422902773752,0,0,0,0,0,0,-1.699643701009418,-0.07524935781132165,3.0981453640164323,0.0,0.0,0.0
image_2494.png,surface,0.0,0.0,2.2993409787796053,13.143556091946696,-0.19054344729918993,0.0,0.6720965950845729,-2.0063537761624053,0.0,0.0,0.0,-0.41950673253765824,0,0,0,0,0,0,0.24856116130550227,-0.5938540570829515,1.0287537726362677,0.0,0.0,0.0
image_2495.png,surface,0.0,0.0,0.9359247664786667,-0.3947929797224602,-24.992647900369995,0.0,-1.245586976143074,0.9390644044481974,0.0,0.0,0.0,-1.6047501494548067,0,0,0,0,0,0,-0.43976533253433586,0.2463242540584467,0.6288227959589309,0.0,0.0,0.0
image_2496.png,surface,0.0,0.0,2.359977471932133,-23.507523961190593,-4.735156356444877,0.0,-1.9890752462952406,1.0693975652034389,0.0,0.0,0.0,0.050009399680918776,0,0,0,0,0,0,-0.9518995780416528,0.06970259841667917,2.104949943544376,0.0,0.0,0.0
image_2497.png,surface,0.0,0.0,0.7877767613719315,11.248804159522482,17.53700603631821,0.0,-1.1635637188201118,-2.6782058157518356,0.0,0.0,0.0,-2.0391244101061536,0,0,0,0,0,0,-0.04269814565885701,-0.2043035402326701,0.34538762639078874,0.0,0.0,0.0
image_2498.png,surface,0.0,0.0,2.794386182018596,10.065440293486226,9.007870955294527,0.0,0.4191996232902278,1.9918315586905169,0.0,0.0,0.0,2.696024515576182,0,0,0,0,0,0,0.09072290629511638,1.0703625336090814,2.4223982266622053,0.0,0.0,0.0
image_2499.png,surface,0.0,0.0,2.2244251486165743,-2.889583789730518,-3.619325097618185,0.0,-1.817045147561314,0.4589756153024541,0.0,0.0,0.0,2.137483584680851,0,0,0,0,0,0,-0.7076423216378916,0.14115920611442087,0.83701913622408,0.0,0.0,0.0
image_2500.png,surface,0.0,0.0,0.779783416224848,-17.968849947926383,-0.9922868931161739,0.0,-2.0748074691151945,1.1875656183712395,0.0,0.0,0.0,1.6261989041999731,0,0,0,0,0,0,-0.20131560834593692,0.11012504010832172,0.34840218149137153,0.0,0.0,0.0
image_2501.png,surface,0.0,0.0,2.591444626658891,21.7894757134368,2.591283435322557,0.0,2.4062533245281306,0.8533992742686736,0.0,0.0,0.0,2.2210347036488267,0,0,0,0,0,0,1.263594823839315,1.1431342549919963,3.255210383768137,0.0,0.0,0.0
image_2502.png,surface,0.0,0.0,2.1960472865085134,-13.947208649803965,2.7393074749073913,0.0,0.9673819250020921,-0.47199121565267976,0.0,0.0,0.0,2.5795366128187647,0,0,0,0,0,0,0.5676893178316301,-0.41136158293273106,1.3308791838280236,0.0,0.0,0.0
image_2503.png,surface,0.0,0.0,2.279742816886878,21.12840880502329,10.099434532270456,0.0,0.10279591789904946,0.9063033363977027,0.0,0.0,0.0,-1.6025681786826709,0,0,0,0,0,0,0.08275733406890969,1.0350149205638137,2.63281863869045,0.0,0.0,0.0
image_2504.png,surface,0.0,0.0,1.7185721896392046,3.081286727067882,21.817610978698266,0.0,1.7017368917512101,-0.595848863878801,0.0,0.0,0.0,-0.27177110395457227,0,0,0,0,0,0,0.38085905844424056,-0.1521583387540522,0.861269557255436,0.0,0.0,0.0
image_2505.png,surface,0.0,0.0,2.011763037024724,19.08701300920244,-14.00810824443283,0.0,-1.41228480217758,-1.1199868175449017,0.0,0.0,0.0,2.175503194618294,0,0,0,0,0,0,-0.5689372676263355,-0.3988145174387805,1.2320017765289024,0.0,0.0,0.0
image_2506.png,surface,0.0,0.0,1.5702840557819093,12.441915152224864,13.559814888437607,0.0,0.9300204653918297,1.2570272080326688,0.0,0.0,0.0,-1.282774423022628,0,0,0,0,0,0,0.2416517807348146,0.41766657772959037,0.7241497272506977,0.0,0.0,0.0
image_2507.png,surface,0.0,0.0,1.9187738937199512,6.6693214672093015,18.330120890597435,0.0,-1.7055876500205986,-0.6785500673947905,0.0,0.0,0.0,1.3131460491976155,0,0,0,0,0,0,-0.9677257120845122,-0.34047443833789903,1.395859593773921,0.0,0.0,0.0
image_2508.png,surface,0.0,0.0,2.4744779064261353,-13.263726609178454,4.0180256546805575,0.0,-2.326384502341604,-0.40108837698929384,0.0,0.0,0.0,-2.1366820546449583,0,0,0,0,0,0,-1.1086238095767655,-0.3758220513831673,1.7834554575804291,0.0,0.0,0.0
image_2509.png,surface,0.0,0.0,0.9994110283223446,-19.555500188412363,-6.333743234011792,0.0,-1.0656006922422352,-1.9451150656276313,0.0,0.0,0.0,-0.8396992890967332,0,0,0,0,0,0,-0.10269104920434251,-0.4072951129851555,0.7109303448836977,0.0,0.0,0.0
image_2510.png,surface,0.0,0.0,2.6897401000253436,-2.642167210027882,-4.036159202136583,0.0,2.700444369664211,1.0912209145170728,0.0,0.0,0.0,-0.5664962472025978,0,0,0,0,0,0,1.3602409259893025,0.3929169561879255,1.8689102791687315,0.0,0.0,0.0
image_2511.png,surface,0.0,0.0,1.265022595130738,9.979870746208544,-3.0758155444880293,0.0,0.7093157574097066,-0.3763134284960683,0.0,0.0,0.0,0.1139456350131951,0,0,0,0,0,0,0.1968138577450354,-0.03862753174573021,0.4602086806663252,0.0,0.0,0.0
image_2512.png,surface,0.0,0.0,0.8689162716064296,-12.122160457903862,11.759427801985842,0.0,-1.2050956787363432,-0.34220686431946307,0.0,0.0,0.0,1.487733339377482,0,0,0,0,0,0,-0.2309407189602552,-0.07001564581303037,0.35314508151628876,0.0,0.0,0.0
image_2513.png,surface,0.0,0.0,2.086372653253422,-10.327169507393336,21.299616075549757,0.0,-0.9252457998671483,-1.3769114100941777,0.0,0.0,0.0,0.22743145079319227,0,0,0,0,0,0,-1.0010414059331731,-1.2046740245661351,2.744236595207997,0.0,0.0,0.0
image_2514.png,surface,0.0,0.0,1.8110243732492433,7.676219570840845,-17.15847822912609,0.0,1.9057008578217112,-0.8410299288422223,0.0,0.0,0.0,-0.20137732432528832,0,0,0,0,0,0,1.0681293606285598,-0.3017320701100904,1.7318820023188992,0.0,0.0,0.0
image_2515.png,surface,0.0,0.0,1.2288337232634465,-20.692923161642636,-6.261183789745459,0.0,0.6913502024096339,-1.5365650381385456,0.0,0.0,0.0,-0.8940819878027537,0,0,0,0,0,0,0.3888033242105375,-0.945598201689488,1.3660489933348243,0.0,0.0,0.0
image_2516.png,surface,0.0,0.0,2.070426804308349,15.52941856711405,14.21875679692231,0.0,-1.8520883314884335,-2.1784556062582054,0.0,0.0,0.0,-0.5738867850921965,0,0,0,0,0,0,-0.5747904565415041,-0.4262714483730091,1.402558605108552,0.0,0.0,0.0
image_2517.png,surface,0.0,0.0,2.285879685110257,-5.754908006553162,5.3917692394456616,0.0,1.7902975644892103,-1.6915977272470437,0.0,0.0,0.0,-0.28468769324568033,0,0,0,0,0,0,0.3076089711649971,-0.33632144775314116,1.1770832816076173,0.0,0.0,0.0
image_2518.png,surface,0.0,0.0,1.1814700194224543,-0.15919008958013942,-6.882249628961831,0.0,1.0745026358567007,-2.307867153074694,0.0,0.0,0.0,-2.3120085467346905,0,0,0,0,0,0,0.10879078429846518,-0.16920605048398413,0.3413436565484513,0.0,0.0,0.0
image_2519.png,surface,0.0,0.0,0.7916021011560224,17.7144607061235,7.997111030129714,0.0,1.3074365493707432,2.0790756556898127,0.0,0.0,0.0,-0.7448143211425675,0,0,0,0,0,0,0.08879314978330329,0.1540617927720661,0.37663628126305365,0.0,0.0,0.0
image_2520.png,surface,0.0,0.0,1.7757627928691473,-8.647187972533489,-22.18175965139608,0.0,-1.827933209909641,1.0405353697206068,0.0,0.0,0.0,-1.0500875789080573,0,0,0,0,0,0,-0.6226615062884151,0.29925600678417796,1.1708398030437435,0.0,0.0,0.0
image_2521.png,surface,0.0,0.0,1.2074482927615735,17.594987028665667,9.966759291619448,0.0,1.339838275748925,0.27844242042746437,0.0,0.0,0.0,2.9990027499929726,0,0,0,0,0,0,0.32963224126156554,0.08911468319543342,0.5593942424868384,0.0,0.0,0.0
image_2522.png,surface,0.0,0.0,1.3130628524761083,-3.063526448399119,11.081574350510808,0.0,-2.485234058656417,1.4693063924378715,0.0,0.0,0.0,1.0410384272859572,0,0,0,0,0,0,-0.24993390607967833,0.11406094254887629,0.44143135189536115,0.0,0.0,0.0
image_2523.png,surface,0.0,0.0,1.7349223052435279,8.50643179153403,8.977337136379985,0.0,-0.8428752260532472,1.2758760619277567,0.0,0.0,0.0,-0.9895570486046781,0,0,0,0,0,0,-0.4153481294779234,0.5909186478287245,0.8707263282561529,0.0,0.0,0.0
image_2524.png,surface,0.0,0.0,2.328001164106296,15.204453545259106,13.903255707451338,0.0,0.4263969451416987,1.351703447901794,0.0,0.0,0.0,2.598889799955751,0,0,0,0,0,0,-0.0012372965647508116,0.875124783050638,2.186476911486806,0.0,0.0,0.0
image_2525.png,surface,0.0,0.0,0.5373999504418236,17.83105785673462,15.706770226256674,0.0,1.1230722031802531,-0.3620423662988918,0.0,0.0,0.0,0.909227442846003,0,0,0,0,0,0,0.18284595138429285,-0.09461739572023758,0.3457225769575202,0.0,0.0,0.0
image_2526.png,surface,0.0,0.0,1.695543429259709,0.5580777214445592,11.184344089171224,0.0,0.5045145589238202,0.38200704691673243,0.0,0.0,0.0,1.900849806383638,0,0,0,0,0,0,0.22768083059408514,0.16002699743017276,0.5654233526880043,0.0,0.0,0.0
image_2527.png,surface,0.0,0.0,0.8087253542031276,15.27313063858179,-15.881456318775802,0.0,1.8446563476297626,1.4281772554722567,0.0,0.0,0.0,2.2024263949280094,0,0,0,0,0,0,0.3046884642673873,0.22168317658888367,0.5953947293991335,0.0,0.0,0.0
image_2528.png,surface,0.0,0.0,2.633069558528721,11.142391248597411,-13.440351970756083,0.0,-0.5709039280803355,-1.4569080831565386,0.0,0.0,0.0,0.5635700954722385,0,0,0,0,0,0,-0.08735039806942389,-0.5676335847091851,2.128396483215575,0.0,0.0,0.0
image_2529.png,surface,0.0,0.0,1.1494418720448667,21.850921099378557,-3.2181570919485987,0.0,-2.4545916794510543,-1.3518189453528011,0.0,0.0,0.0,0.4727780017524523,0,0,0,0,0,0,-0.3344901141209563,-0.06968057498176011,0.6666722099995834,0.0,0.0,0.0
image_2530.png,surface,0.0,0.0,1.5100085861524397,2.321522034996054,-10.84748079211119,0.0,0.19805023965919272,0.6805770799098111,0.0,0.0,0.0,0.8099349150334838,0,0,0,0,0,0,0.15860224378714446,0.32184575860126957,0.61922087971263,0.0,0.0,0.0
image_2531.png,surface,0.0,0.0,0.6185586218736743,21.107939375392572,10.158385650388862,0.0,-0.9073424199202622,2.7594843549409545,0.0,0.0,0.0,2.9942936972868033,0,0,0,0,0,0,-0.12189425714287479,0.22008490445474957,0.4334796254411565,0.0,0.0,0.0
image_2532.png,surface,0.0,0.0,0.8728569645167199,19.012085480950827,-4.08079814708621,0.0,2.0643626225702345,-0.12321899534429658,0.0,0.0,0.0,2.843517655911464,0,0,0,0,0,0,0.25388777628290443,-0.04129865978092669,0.40941231071961365,0.0,0.0,0.0
image_2533.png,surface,0.0,0.0,0.5044744758055513,-14.58020115222437,3.5109391749069365,0.0,2.6872433976390964,1.0490525534937516,0.0,0.0,0.0,-2.572844035515268,0,0,0,0,0,0,0.1307516569052982,0.027452211626745503,0.18809484025370585,0.0,0.0,0.0
image_2534.png,surface,0.0,0.0,1.4000882732255557,-6.864813274442326,-19.823381391844187,0.0,1.9397932647794696,0.23019217706687364,0.0,0.0,0.0,0.6841187622001654,0,0,0,0,0,0,0.6843847987565607,-0.11477355797876083,1.3621233726927322,0.0,0.0,0.0
image_2535.png,surface,0.0,0.0,2.5267195172929693,-4.590704091025933,20.11355584708319,0.0,2.349038748824129,-1.5384059596311874,0.0,0.0,0.0,0.17827031260181414,0,0,0,0,0,0,0.678677711280772,-0.5899370318723278,1.7233541608899179,0.0,0.0,0.0
image_2536.png,surface,0.0,0.0,1.9394461130897505,-0.44882267464403547,-11.629293073497765,0.0,2.294269499760508,0.9206595681218758,0.0,0.0,0.0,-0.22123053404291682,0,0,0,0,0,0,0.5934366527423995,0.09536933871247773,1.1231182792996255,0.0,0.0,0.0
image_2537.png,surface,0.0,0.0,2.5997653635625517,1.1983643261000947,-0.08072729724180518,0.0,1.9396802498907149,0.7046255556022958,0.0,0.0,0.0,-2.646094330780691,0,0,0,0,0,0,0.9272023472264288,0.30050662326708794,1.3574295987509355,0.0,0.0,0.0
image_2538.png,surface,0.0,0.0,0.9386457518584025,-2.9379497863476374,4.720805993058618,0.0,0.022075028430246352,-2.00645879263742,0.0,0.0,0.0,-0.2889486030536279,0,0,0,0,0,0,0.03971219749152469,-0.08511271045012146,0.21455593502548947,0.0,0.0,0.0
image_2539.png,surface,0.0,0.0,2.1933538825025973,-19.36216450940999,15.30520677221487,0.0,1.2714074477060269,1.3896222442560586,0.0,0.0,0.0,-0.08833547844533829,0,0,0,0,0,0,0.6265194974220487,0.43896638550141626,1.4460150916362882,0.0,0.0,0.0
image_2540.png,surface,0.0,0.0,2.3646439097334735,-6.803103846261877,-16.676418564743216,0.0,1.1222692077555314,-0.6216993335582298,0.0,0.0,0.0,-1.2815757704156552,0,0,0,0,0,0,1.181370151268145,-0.6097109302247539,2.6604900215100233,0.0,0.0,0.0
image_2541.png,surface,0.0,0.0,1.3600022149764226,3.9431987784764773,-16.043164903759365,0.0,-2.6158173528861557,0.212275014322366,0.0,0.0,0.0,2.141137521678713,0,0,0,0,0,0,-0.34599103680216464,0.04754702288799403,0.5525880469708556,0.0,0.0,0.0
image_2542.png,surface,0.0,0.0,0.7857442028207141,0.3359300131368273,14.63616767237574,0.0,-2.481295974023566,1.3189894513466909,0.0,0.0,0.0,0.9630257883176272,0,0,0,0,0,0,-0.13486684744783972,0.06916145115866533,0.23425102834929776,0.0,0.0,0.0
image_2543.png,surface,0.0,0.0,2.355506891568739,14.828785338784197,18.26957231359114,0.0,-2.0761384567317593,-0.056052382264358935,0.0,0.0,0.0,-2.0817637838006244,0,0,0,0,0,0,-1.4739839403267576,0.3842507345472322,3.199394221328012,0.0,0.0,0.0
image_2544.png,surface,0.0,0.0,1.8036763149579358,10.370838959882395,-17.681014498518444,0.0,1.2186747539156046,1.545070599963632,0.0,0.0,0.0,-0.1815800609873337,0,0,0,0,0,0,0.5839400591826877,0.32266849120574986,1.5511426765106158,0.0,0.0,0.0
image_2545.png,surface,0.0,0.0,1.6743283092595416,18.587879041400097,-14.923589518202915,0.0,1.832442352796109,1.8539047613608264,0.0,0.0,0.0,2.3455212282196527,0,0,0,0,0,0,1.1357925897415049,1.2651755464940841,2.5482123585378673,0.0,0.0,0.0
image_2546.png,surface,0.0,0.0,2.59277509924708,-5.833925387547752,9.433606022687659,0.0,-0.2732119186181129,0.865398375429403,0.0,0.0,0.0,-0.9176994234032607,0,0,0,0,0,0,-0.1923151509241205,0.30637272246805847,1.5875852981709975,0.0,0.0,0.0
image_2547.png,surface,0.0,0.0,1.7322653182424481,2.538382491694585,19.831459905940317,0.0,-1.7687663085081486,-0.19571754865597302,0.0,0.0,0.0,2.5191533174479517,0,0,0,0,0,0,-0.892287146994553,-0.15071108445936388,1.268109447622552,0.0,0.0,0.0
image_2548.png,surface,0.0,0.0,1.2374386484604232,-18.28085140172314,-15.437789192059784,0.0,2.637518985867322,-0.8877399970381001,0.0,0.0,0.0,2.6807140824416837,0,0,0,0,0,0,0.7193578308081902,-0.39283987416570887,1.3961945443406527,0.0,0.0,0.0
image_2549.png,surface,0.0,0.0,2.371079320105375,4.603726023397847,-17.98578350121183,0.0,1.440410959309585,2.2052247923993527,0.0,0.0,0.0,-0.270308752560549,0,0,0,0,0,0,1.4686664566893166,1.152714449181836,3.337891814663903,0.0,0.0,0.0
image_2550.png,surface,0.0,0.0,1.174617969040065,6.473022635310174,-10.606208759223247,0.0,0.03988551363333374,2.955317824023228,0.0,0.0,0.0,-0.04608139628186869,0,0,0,0,0,0,-0.02407021213788425,0.20819224959839774,0.4574263579586762,0.0,0.0,0.0
image_2551.png,surface,0.0,0.0,1.190713720379397,7.529336320769254,10.104416861616206,0.0,-0.5415309409522272,-0.852595679916275,0.0,0.0,0.0,2.038989146060131,0,0,0,0,0,0,-0.1462795005094226,-0.21871630528477287,0.3409662789099338,0.0,0.0,0.0
image_2552.png,surface,0.0,0.0,1.0218369736541093,-14.228266423726424,4.628271354688765,0.0,0.22423917195008505,2.9280022601131024,0.0,0.0,0.0,1.7436274406597905,0,0,0,0,0,0,0.00820907462517384,0.2202831153690222,0.343665980477789,0.0,0.0,0.0
image_2553.png,surface,0.0,0.0,0.7584683096199116,12.640884513864666,-19.109688960476845,0.0,0.5850126780664593,-2.230395191902285,0.0,0.0,0.0,-2.714041502783365,0,0,0,0,0,0,0.15609112529779784,-0.24410617954158736,0.5259259818590336,0.0,0.0,0.0
image_2554.png,surface,0.0,0.0,2.5039389901710343,-20.843398264709815,-5.950996768303201,0.0,-0.8667794465438106,0.5462049487735823,0.0,0.0,0.0,-0.19887508552363187,0,0,0,0,0,0,-0.3332710802361278,-0.30050190395960535,2.577766163542472,0.0,0.0,0.0
image_2555.png,surface,0.0,0.0,2.251712335514002,-0.585001195584907,-20.409633902651272,0.0,-0.219354143779564,-0.5600967756514093,0.0,0.0,0.0,-2.239666782185167,0,0,0,0,0,0,0.3014437948011523,-0.4549648378676992,1.8934018646081325,0.0,0.0,0.0
image_2556.png,surface,0.0,0.0,1.458032963496124,-3.1376118969065434,18.728724337026822,0.0,-1.424028196957372,-0.27105141822134965,0.0,0.0,0.0,-1.6173610960795173,0,0,0,0,0,0,-0.6598549758406255,-0.10597204952356397,0.9180191152748546,0.0,0.0,0.0
image_2557.png,surface,0.0,0.0,2.312461172111708,22.321621570296678,-9.209933700525488,0.0,0.9198761816269774,-2.66017372684096,0.0,0.0,0.0,0.3105352036527709,0,0,0,0,0,0,0.4630411180955906,-0.7269338087870251,1.721525330795564,0.0,0.0,0.0
image_2558.png,surface,0.0,0.0,2.9031144420093202,-1.0098852287264404,-11.77123572768743,0.0,0.8302246738646324,-0.5349769703468412,0.0,0.0,0.0,-2.5279434570214767,0,0,0,0,0,0,0.8593869291141301,-0.46422254604622165,2.721227724277324,0.0,0.0,0.0
image_2559.png,surface,0.0,0.0,1.6656214875757502,21.08968920819694,8.809354724687072,0.0,-1.0440319239273699,0.8210356525320045,0.0,0.0,0.0,-0.7183563225683827,0,0,0,0,0,0,-0.6152788179297358,0.6516970357956571,1.5748728076616494,0.0,0.0,0.0
image_2560.png,surface,0.0,0.0,1.7207133913475081,11.559934178906653,18.64907555794138,0.0,-1.5735584578324662,-0.41942122049128955,0.0,0.0,0.0,-1.4164920912143981,0,0,0,0,0,0,-0.9212837170415374,-0.13155069607968584,1.3548616444059938,0.0,0.0,0.0
image_2561.png,surface,0.0,0.0,1.8226518862823367,-2.9988188151161665,-4.4191699872228325,0.0,1.6325469624391256,-2.1599858233672875,0.0,0.0,0.0,-1.9573266976153547,0,0,0,0,0,0,0.2925209537690067,-0.2963835216297206,0.6540110785771348,0.0,0.0,0.0
image_2562.png,surface,0.0,0.0,1.1664004511390278,-21.84166807247346,5.257661630924761,0.0,2.024216500352511,2.0164548319917612,0.0,0.0,0.0,-0.2958769831189274,0,0,0,0,0,0,0.37688692556109166,0.24884751045918602,0.6706826847852476,0.0,0.0,0.0
image_2563.png,surface,0.0,0.0,1.1200101496256438,11.646495712812822,-6.879692498299171,0.0,1.261957679666384,-1.52785172959888,0.0,0.0,0.0,-1.3309848818920285,0,0,0,0,0,0,0.14453998024680242,-0.14345593575599164,0.40068796495814873,0.0,0.0,0.0
image_2564.png,surface,0.0,0.0,1.720961805624565,20.09723890611202,14.533662628800668,0.0,-0.7993871146396404,0.29484678924348684,0.0,0.0,0.0,2.5347841068886607,0,0,0,0,0,0,-0.6218077260020377,0.29590215226648703,1.4630506774602476,0.0,0.0,0.0
image_2565.png,surface,0.0,0.0,1.7518261525675498,-15.577405923472975,19.43220339110443,0.0,2.4441647344837665,-1.526725151765903,0.0,0.0,0.0,2.0974808008972,0,0,0,0,0,0,0.6773764953362925,-0.5860200066617038,1.1788719176339624,0.0,0.0,0.0
image_2566.png,surface,0.0,0.0,1.2232049337379218,-11.474137622459185,-9.467852900565873,0.0,1.3314101834818215,-0.662176853252686,0.0,0.0,0.0,-0.6771523547365259,0,0,0,0,0,0,0.3918288415177021,-0.249014259323574,0.6579634952645662,0.0,0.0,0.0
image_2567.png,surface,0.0,0.0,1.9557823337106748,0.6679874498331785,8.314464313825143,0.0,0.12296327401792272,-0.7879713330774164,0.0,0.0,0.0,-1.0043654628876386,0,0,0,0,0,0,0.05998377220552437,-0.3590401939747594,0.7497935426396568,0.0,0.0,0.0
image_2568.png,surface,0.0,0.0,2.42697838713291,13.771845277701335,9.703130619568443,0.0,2.1325070985319905,1.138466487495838,0.0,0.0,0.0,2.2202961088745745,0,0,0,0,0,0,0.908830091224371,0.631230972345772,1.5497358841303444,0.0,0.0,0.0
image_2569.png,surface,0.0,0.0,2.2239465904330156,-7.844570035544137,-17.72500745857239,0.0,-1.8817889143963233,-0.34628568696553647,0.0,0.0,0.0,-0.5766818863064187,0,0,0,0,0,0,-0.6991745257138166,-0.23903764330519006,1.3951896926404594,0.0,0.0,0.0
image_2570.png,surface,0.0,0.0,0.867771178641762,-21.262742409110036,-5.189505699813981,0.0,1.3381027046221512,-0.7933841876949547,0.0,0.0,0.0,-0.9659221914077083,0,0,0,0,0,0,0.33005076100978986,-0.36430694112542933,0.7098138429945923,0.0,0.0,0.0
image_2571.png,surface,0.0,0.0,2.105979424872855,-22.439083431636615,4.772609613834596,0.0,-0.4792345412395318,0.3245068080311542,0.0,0.0,0.0,1.42456612046219,0,0,0,0,0,0,-0.1465671377182023,-0.296761066228335,1.8532680877023724,0.0,0.0,0.0
image_2572.png,surface,0.0,0.0,0.5085457237257711,4.033326317893507,17.5929027191323,0.0,0.3126390512266215,0.49222091258641976,0.0,0.0,0.0,0.8348620378083469,0,0,0,0,0,0,0.08145307434444289,0.1319125096533579,0.1789171947252645,0.0,0.0,0.0
image_2573.png,surface,0.0,0.0,1.4817419171852664,10.477064466678307,-19.5441199726611,0.0,-1.5506836689173664,-1.2112793057667415,0.0,0.0,0.0,-2.5692649809502854,0,0,0,0,0,0,-0.3164100609976595,-0.37072834550686196,0.8340023481197185,0.0,0.0,0.0
image_2574.png,surface,0.0,0.0,1.6525696228825735,9.798641961197335,5.44563518269165,0.0,1.827111902643084,0.4756489680664084,0.0,0.0,0.0,-1.5544233479721157,0,0,0,0,0,0,0.3402672085364474,0.0609561485487802,0.5767446818435268,0.0,0.0,0.0
image_2575.png,surface,0.0,0.0,2.4888919673049714,-0.41521200532023156,-8.060977423312744,0.0,1.2077227743700352,0.3212270451401436,0.0,0.0,0.0,1.3752951764896864,0,0,0,0,0,0,0.8201678239805129,0.16420830385982663,1.6080865058587384,0.0,0.0,0.0
image_2576.png,surface,0.0,0.0,2.7002347324548635,14.574429646957045,-1.8446072804974878,0.0,-2.8195959038101974,-0.9990103961632134,0.0,0.0,0.0,-2.773646221917046,0,0,0,0,0,0,-1.079981839898276,-0.3548872033900016,1.5956955678934535,0.0,0.0,0.0
image_2577.png,surface,0.0,0.0,2.295494309070013,-7.5239914718110255,-23.81252743554381,0.0,1.493718440771071,-1.1196849795318393,0.0,0.0,0.0,-2.782889583088008,0,0,0,0,0,0,2.030023190257814,-1.2067033267836866,4.680652811595779,0.0,0.0,0.0
image_2578.png,surface,0.0,0.0,2.438130624823867,18.40155534898204,-15.129633237773051,0.0,-0.6007483268247917,0.7959633561718673,0.0,0.0,0.0,-1.0651619515085031,0,0,0,0,0,0,0.34039048162592456,0.9134455598099941,3.36563465360438,0.0,0.0,0.0
image_2579.png,surface,0.0,0.0,2.829034481015776,-7.927354934645632,15.773264765870154,0.0,-2.2428211546240835,0.06434708594908,0.0,0.0,0.0,0.3939237577894552,0,0,0,0,0,0,-1.6860243074571977,-0.41305738742150677,3.7801493779571995,0.0,0.0,0.0
image_2580.png,surface,0.0,0.0,1.711367869876612,7.842917589515128,-11.586204424483423,0.0,1.6385435480845216,-1.5176446401157138,0.0,0.0,0.0,1.2650411719233512,0,0,0,0,0,0,0.5143592486778776,-0.3364079683903237,0.8464915382512443,0.0,0.0,0.0
image_2581.png,surface,0.0,0.0,1.1993005378780741,11.80446597863134,21.548046454881877,0.0,0.8764263392548168,1.3970049508765887,0.0,0.0,0.0,-0.7926925916800096,0,0,0,0,0,0,0.1733493578245814,0.4114717001073268,0.7571758531304182,0.0,0.0,0.0
image_2582.png,surface,0.0,0.0,1.425352213816518,-8.009932520493427,6.450584040668364,0.0,1.6555284814775064,2.3623152257453834,0.0,0.0,0.0,-1.1124156548678668,0,0,0,0,0,0,0.15002791556352027,0.21400958262204722,0.43910679496224464,0.0,0.0,0.0
image_2583.png,surface,0.0,0.0,1.5715596052426695,7.823864122851434,7.894612985810532,0.0,2.3469648427298573,-1.5841076504677594,0.0,0.0,0.0,-0.3083009626981439,0,0,0,0,0,0,0.2510570608949135,-0.16899682785225212,0.5923935723212203,0.0,0.0,0.0
image_2584.png,surface,0.0,0.0,1.2903831207145187,-4.989615298303436,-8.20586991898907,0.0,-0.9130120959510486,-1.9117270390017937,0.0,0.0,0.0,-2.2304734868390614,0,0,0,0,0,0,-0.08011381115012446,-0.2790762479882413,0.4202155829985918,0.0,0.0,0.0
image_2585.png,surface,0.0,0.0,1.2592853469657257,-0.24874869728551827,-11.105905534718476,0.0,-0.9789588692823835,-2.4369852438982105,0.0,0.0,0.0,-1.964804872900847,0,0,0,0,0,0,-0.06520689866336561,-0.2757916099802963,0.4438563939984964,0.0,0.0,0.0
image_2586.png,surface,0.0,0.0,2.956724609347904,-8.087973353680479,-2.150783148200701,0.0,0.943796665671116,0.9270226645384269,0.0,0.0,0.0,-2.427630934318326,0,0,0,0,0,0,0.6027643165128282,0.23106201365946194,2.0982888932739745,0.0,0.0,0.0
image_2587.png,surface,0.0,0.0,2.98081722768239,13.881134602563382,-10.980090501283069,0.0,-1.7928486322949146,-0.7717368049505956,0.0,0.0,0.0,1.9877253306675406,0,0,0,0,0,0,-0.6404052217231396,-0.19707828047668824,2.144407120305338,0.0,0.0,0.0
image_2588.png,surface,0.0,0.0,2.107320228894085,-7.904057772616786,18.032353112624705,0.0,-1.1776073694967824,-2.0476740065944323,0.0,0.0,0.0,0.038502810192099446,0,0,0,0,0,0,-0.8471235395461562,-1.2350820957795312,2.34874483004174,0.0,0.0,0.0
image_2589.png,surface,0.0,0.0,2.5244845895154002,15.678496592177027,-9.08839997623874,0.0,-1.4145508722771132,-2.0563100419232154,0.0,0.0,0.0,-1.3663610720592145,0,0,0,0,0,0,-0.383160156114478,-0.6842350877862369,1.5619727448349325,0.0,0.0,0.0
image_2590.png,surface,0.0,0.0,2.302862133368134,-2.4409994088856948,0.6820301938089163,0.0,-2.1148946013152803,0.24231906999770003,0.0,0.0,0.0,-0.5686750870476551,0,0,0,0,0,0,-0.8118309105958812,0.06206361270471561,1.0316276484988234,0.0,0.0,0.0
image_2591.png,surface,0.0,0.0,2.205279316763131,21.103340348138207,7.233536224546406,0.0,-0.500883033301392,-0.880684778035873,0.0,0.0,0.0,-2.525242710121461,0,0,0,0,0,0,-0.18496442225530532,-0.23147259341045506,1.4824108202173252,0.0,0.0,0.0
image_2592.png,surface,0.0,0.0,0.8662704782543067,-3.79669379926856,-7.4549769086729984,0.0,0.0040419418129416,-0.10072211247161177,0.0,0.0,0.0,1.8955002984020144,0,0,0,0,0,0,0.039305852863248544,-0.02521054057247292,0.24858691260540328,0.0,0.0,0.0
image_2593.png,surface,0.0,0.0,0.8418045181347118,0.5362075869220622,-1.4352948109821673,0.0,1.4679094094344607,-0.3843707154889063,0.0,0.0,0.0,1.2787716859783682,0,0,0,0,0,0,0.09947377375799168,-0.05018983507829455,0.17495138001516417,0.0,0.0,0.0
image_2594.png,surface,0.0,0.0,2.714599656633508,19.21060187779549,-10.96713472779593,0.0,2.3518821313636185,-1.353220133786678,0.0,0.0,0.0,-2.1468116914769433,0,0,0,0,0,0,1.7441589833205642,-0.1908251980621379,3.1925433657364666,0.0,0.0,0.0
image_2595.png,surface,0.0,0.0,0.535667818071712,-8.365475873116777,-6.078035372514134,0.0,0.01976926982009934,1.0488508577061313,0.0,0.0,0.0,0.7731512497985635,0,0,0,0,0,0,-0.007387254028660195,0.08695324036836637,0.1562455073651026,0.0,0.0,0.0
image_2596.png,surface,0.0,0.0,2.1994096976203417,-14.522516381539052,-5.654592194550626,0.0,-1.4373403256701422,1.9437835843913087,0.0,0.0,0.0,-2.540825516934519,0,0,0,0,0,0,-0.5107341067132576,0.5665292667582379,1.0256722274223373,0.0,0.0,0.0
image_2597.png,surface,0.0,0.0,2.511963346371359,-1.984771418831976,-18.835239327803635,0.0,-1.2726151640851817,2.3227408464641215,0.0,0.0,0.0,-0.4092435231974343,0,0,0,0,0,0,-0.38115126132300087,1.009920789575914,1.838985795536943,0.0,0.0,0.0
image_2598.png,surface,0.0,0.0,2.294782595522611,2.3307076460851244,-21.03806723373854,0.0,-0.594571582527737,-1.447952083251007,0.0,0.0,0.0,2.5344978177319906,0,0,0,0,0,0,0.01355090850251156,-0.6273139471351479,1.7845563284430852,0.0,0.0,0.0
image_2599.png,surface,0.0,0.0,0.8610231564637212,8.333867696202187,-8.343256424422734,0.0,2.320671321110188,-1.3226696339633255,0.0,0.0,0.0,-1.5318073923550626,0,0,0,0,0,0,0.11929182525391546,-0.046933512915245806,0.30160065530387714,0.0,0.0,0.0
image_2600.png,surface,0.0,0.0,2.1012599894414885,-7.534319278169242,-0.06401322130749028,0.0,2.9037477968940615,0.21986387527845758,0.0,0.0,0.0,-1.777068083257262,0,0,0,0,0,0,0.6879916780412583,-0.020146723643558,0.9694407262794641,0.0,0.0,0.0
image_2601.png,surface,0.0,0.0,0.8087169303304647,9.082223801779042,10.219951994476286,0.0,-1.258539807200084,1.3034583491035974,0.0,0.0,0.0,-2.326875336314297,0,0,0,0,0,0,-0.11032789319194396,0.12455353618536671,0.250797586345831,0.0,0.0,0.0
image_2602.png,surface,0.0,0.0,1.6556181960051135,18.277340287080612,-12.828455872340374,0.0,1.9564994743039485,-0.3095636723365882,0.0,0.0,0.0,0.6320771186373904,0,0,0,0,0,0,1.1542470278032122,0.11380609994481168,1.731614041865514,0.0,0.0,0.0
image_2603.png,surface,0.0,0.0,2.1370813077662056,13.75518659223809,-4.852355641500147,0.0,-1.6297047512616243,-0.7024991729240242,0.0,0.0,0.0,-1.7242925526459139,0,0,0,0,0,0,-0.6382897946321139,-0.2737434305328137,0.9867509715681452,0.0,0.0,0.0
image_2604.png,surface,0.0,0.0,1.4296751179690668,-10.572581975464525,-0.6625754678171148,0.0,2.6295381118825207,-0.7655983609336009,0.0,0.0,0.0,-0.8690116047642427,0,0,0,0,0,0,0.3672731464718774,-0.1372610581337278,0.5679287829271558,0.0,0.0,0.0
image_2605.png,surface,0.0,0.0,1.7931145910284396,4.877018928690813,23.24654000718824,0.0,2.462646775983548,0.9053727896437503,0.0,0.0,0.0,-0.9642414588294952,0,0,0,0,0,0,0.5288598165363606,0.16044544269363703,0.9682215062165622,0.0,0.0,0.0
image_2606.png,surface,0.0,0.0,2.86738637596241,10.03167129865398,13.84535400411447,0.0,1.0671215964194756,0.41277969165126027,0.0,0.0,0.0,-2.279157515223557,0,0,0,0,0,0,0.4622649541988832,0.44429920295684366,2.1046529540418724,0.0,0.0,0.0
image_2607.png,surface,0.0,0.0,1.2759741197904648,-13.550550617038027,-8.477903734085158,0.0,-1.2528733492019382,0.14339588717147125,0.0,0.0,0.0,1.1767609689330243,0,0,0,0,0,0,-0.390548932033132,-0.0018295182007853868,0.5470278675631142,0.0,0.0,0.0
image_2608.png,surface,0.0,0.0,0.9375247599203671,-17.147834517736086,-15.825471778662411,0.0,1.1000023194016961,-1.7489931080584524,0.0,0.0,0.0,-0.0548016506480149,0,0,0,0,0,0,0.3260923251365833,-0.44217551458963855,0.9530549445549629,0.0,0.0,0.0
image_2609.png,surface,0.0,0.0,2.7689127895424837,-17.387385167350576,-14.180163466027038,0.0,-1.5682254292015763,-0.7405358198623362,0.0,0.0,0.0,2.6857895179576614,0,0,0,0,0,0,-0.14438322557746733,-0.9890708891174356,3.4097163811900133,0.0,0.0,0.0
image_2610.png,surface,0.0,0.0,1.7081342612980681,0.13648917124837326,-17.643219794820098,0.0,1.497432619891409,0.9751564330056081,0.0,0.0,0.0,0.4306093279431038,0,0,0,0,0,0,0.576087106816003,0.07884232390813478,1.3003227601270033,0.0,0.0,0.0
image_2611.png,surface,0.0,0.0,1.7408914978337882,18.869464509145036,4.813736199872293,0.0,0.36690763195486226,-1.2819296919776506,0.0,0.0,0.0,-2.639432409024341,0,0,0,0,0,0,0.23855930026793404,-0.4677714652731965,0.7423040479675416,0.0,0.0,0.0
image_2612.png,surface,0.0,0.0,2.883906483090591,13.25124774639774,0.024511053755047727,0.0,-1.972554712639577,0.3503122470969551,0.0,0.0,0.0,1.434547938837472,0,0,0,0,0,0,-0.9144215150606511,0.38063574501549985,2.352598994562931,0.0,0.0,0.0
image_2613.png,surface,0.0,0.0,1.1695191655458026,-10.571062466318521,-6.628850571839621,0.0,1.7401423374951535,2.0948193507020956,0.0,0.0,0.0,1.2208868773219788,0,0,0,0,0,0,0.1915694248272843,0.2147520869993222,0.42316314798582855,0.0,0.0,0.0
image_2614.png,surface,0.0,0.0,2.4911941912313016,-0.1503662729576246,-11.315386789872228,0.0,-1.9432902393655664,-0.6696989493309589,0.0,0.0,0.0,-1.6574945923849769,0,0,0,0,0,0,-0.7384149373073423,-0.34933729779037065,1.2366910844631431,0.0,0.0,0.0
image_2615.png,surface,0.0,0.0,1.9003898421452727,13.230202158119246,12.113471695400644,0.0,-1.65754109220734,-0.556804958114164,0.0,0.0,0.0,-2.095651666529969,0,0,0,0,0,0,-0.7709255513494185,-0.16298128391433017,1.1214010993941828,0.0,0.0,0.0
image_2616.png,surface,0.0,0.0,2.2250444090010095,-3.5613182036657225,-23.652328095103133,0.0,0.1520827434014337,0.6288611031696085,0.0,0.0,0.0,-2.2835559479393934,0,0,0,0,0,0,0.7769765859637481,0.05889223807635515,2.6490749061958168,0.0,0.0,0.0
image_2617.png,surface,0.0,0.0,1.6766090450255107,4.263569105134285,-4.892954906811502,0.0,1.410138073024683,-0.3987478001054961,0.0,0.0,0.0,1.6790469749664707,0,0,0,0,0,0,0.4260226658926379,-0.08643411654527164,0.5709433380277383,0.0,0.0,0.0
image_2618.png,surface,0.0,0.0,1.4596470889654365,9.844799500669723,22.43569826046823,0.0,-2.0985369934205993,-1.4967316271153548,0.0,0.0,0.0,0.2975032131251272,0,0,0,0,0,0,-0.5592032592276315,-0.14600750800162682,1.1532883933470157,0.0,0.0,0.0
image_2619.png,surface,0.0,0.0,0.8601504757719737,-11.16737145117695,-18.864757287636497,0.0,-0.7275186934397065,0.2287031287963888,0.0,0.0,0.0,-1.9569455831209561,0,0,0,0,0,0,-0.2985278535735228,-0.026218899271272064,0.5111345648321733,0.0,0.0,0.0
image_2620.png,surface,0.0,0.0,2.9687505029333523,-21.23738414645296,6.383110074723613,0.0,-0.03913285816913964,1.853143649277268,0.0,0.0,0.0,-0.8194288119529971,0,0,0,0,0,0,-0.06358912960022892,0.47983558830141926,2.6202378954040175,0.0,0.0,0.0
image_2621.png,surface,0.0,0.0,2.318002743476491,-9.701547472009132,-18.22052896322214,0.0,-2.33902074937956,1.458796525800321,0.0,0.0,0.0,-1.194643567713893,0,0,0,0,0,0,-0.7564036770310266,0.37969188351896405,1.4569545771457368,0.0,0.0,0.0
image_2622.png,surface,0.0,0.0,1.6376737304968554,10.36690380035222,1.829736509135103,0.0,-0.03614256713318044,-2.3232113252151243,0.0,0.0,0.0,-0.9681614069381204,0,0,0,0,0,0,0.04032704104891628,-0.272884516570966,0.5407307969085626,0.0,0.0,0.0
image_2623.png,surface,0.0,0.0,1.732294338587236,21.956914485454803,11.226293715102871,0.0,1.5413292343224476,-0.26149903919901174,0.0,0.0,0.0,1.9911406508157707,0,0,0,0,0,0,0.6380295514432178,-0.0021000918297923166,1.0204871926493355,0.0,0.0,0.0
image_2624.png,surface,0.0,0.0,0.5006346067800593,5.722329807059871,13.396656144481797,0.0,0.6981914410043568,-1.626939070463246,0.0,0.0,0.0,-0.47143851654908486,0,0,0,0,0,0,0.0453294934576939,-0.03141485680970202,0.19311909875467734,0.0,0.0,0.0
image_2625.png,surface,0.0,0.0,0.5740187666414027,16.66753229783196,14.441465728544163,0.0,-0.3173190536930173,-2.8355900457370464,0.0,0.0,0.0,-2.3656598192375773,0,0,0,0,0,0,0.04323232904659091,-0.1986435174584434,0.2851210874206904,0.0,0.0,0.0
image_2626.png,surface,0.0,0.0,2.518941608683785,4.575686089939844,21.110948843831775,0.0,-1.8241265554896604,-0.7475156891691341,0.0,0.0,0.0,2.3371785298624514,0,0,0,0,0,0,-1.4207543159125797,-0.48493244038271305,3.2929392156047674,0.0,0.0,0.0
image_2627.png,surface,0.0,0.0,0.6154242386311162,-2.252533593923512,-24.043200479000507,0.0,-2.3269335027257556,-1.3675099119268685,0.0,0.0,0.0,2.041356509635187,0,0,0,0,0,0,-0.23920458162519662,-0.10355891029742072,0.4400312585264237,0.0,0.0,0.0
image_2628.png,surface,0.0,0.0,2.429281524668762,21.563534284491322,-0.5071582604228532,0.0,-1.890044682337474,0.07552016194587086,0.0,0.0,0.0,1.685445336965726,0,0,0,0,0,0,-0.9436996347564409,0.36869589708432154,2.270098436973199,0.0,0.0,0.0
image_2629.png,surface,0.0,0.0,2.2834101486399287,-14.306187754751539,-2.232752965958854,0.0,-0.7712302399699453,2.5859953372861226,0.0,0.0,0.0,1.495987614778878,0,0,0,0,0,0,-0.19379442799784485,0.6504385538002765,1.08211809692792,0.0,0.0,0.0
image_2630.png,surface,0.0,0.0,2.198309831978123,1.138205343101731,-3.408323461129235,0.0,0.5245929709533732,0.015503634944671479,0.0,0.0,0.0,-2.154820697100244,0,0,0,0,0,0,0.31438290352625947,0.012285930479908424,0.9431538058023804,0.0,0.0,0.0
image_2631.png,surface,0.0,0.0,1.8612644221055352,-10.097918427074765,-6.526994518386461,0.0,1.6067795042763684,2.172369592911025,0.0,0.0,0.0,-0.6084520902481065,0,0,0,0,0,0,0.3374395369284436,0.4043738616533766,0.8224599515901526,0.0,0.0,0.0
image_2632.png,surface,0.0,0.0,1.3683204703102476,-14.63720924296556,14.162530133251858,0.0,-1.9990646827374658,-0.15765069197744452,0.0,0.0,0.0,0.4085384969175454,0,0,0,0,0,0,-0.36581061018808175,-0.1290274396789467,0.865163915844633,0.0,0.0,0.0
image_2633.png,surface,0.0,0.0,2.9314952988210066,-6.930729087159391,8.87383085400419,0.0,2.1439302331832453,0.5127266820654861,0.0,0.0,0.0,1.1133007374689523,0,0,0,0,0,0,1.0046665478977947,0.1572142901704959,1.8030478327304402,0.0,0.0,0.0
image_2634.png,surface,0.0,0.0,2.7768439025130984,-5.473792158746706,-17.337009650483214,0.0,1.4518305407211105,0.5128070470346958,0.0,0.0,0.0,-0.9423167417874132,0,0,0,0,0,0,1.8293178597992872,-0.04450149645917174,4.030993857382378,0.0,0.0,0.0
image_2635.png,surface,0.0,0.0,1.6857873289774978,-16.61128840794404,-12.967101100053457,0.0,1.814340630281875,-0.590453537646057,0.0,0.0,0.0,2.9496743986879963,0,0,0,0,0,0,1.133783694950026,-0.4562642205279302,1.8281021351219515,0.0,0.0,0.0
image_2636.png,surface,0.0,0.0,0.9385499149241388,2.8474214328618834,-10.842757175202138,0.0,0.7208544803718193,0.7929622200736489,0.0,0.0,0.0,1.8915895576738952,0,0,0,0,0,0,0.1308977583446782,0.14318378902449036,0.3031168648692813,0.0,0.0,0.0
image_2637.png,surface,0.0,0.0,1.0864439783560382,1.9496320857031513,-17.19026462756852,0.0,2.4638474689380883,0.8826745405273237,0.0,0.0,0.0,-2.5341169035488464,0,0,0,0,0,0,0.3851310036561169,0.05892055392125117,0.5496404819836193,0.0,0.0,0.0
image_2638.png,surface,0.0,0.0,0.5350404323862776,1.7127329006339436,-19.071053389150638,0.0,0.25799055408989957,-1.6659331816393947,0.0,0.0,0.0,0.7031999715187869,0,0,0,0,0,0,0.11428785095514425,-0.2682690338529055,0.3282068953212439,0.0,0.0,0.0
image_2639.png,surface,0.0,0.0,2.6806881304006525,-24.562094060196788,2.415714668773551,0.0,-2.5588709425761818,0.6296415887908065,0.0,0.0,0.0,2.5586882800102924,0,0,0,0,0,0,-1.213025463133851,-0.5469441407051187,3.120667440123454,0.0,0.0,0.0
image_2640.png,surface,0.0,0.0,1.4085346884964882,-9.981727707647696,-1.5188903010131738,0.0,2.0074283191312112,-0.7327917020366609,0.0,0.0,0.0,1.2741457366813496,0,0,0,0,0,0,0.32897021911437396,-0.11866698665197138,0.49939789697390335,0.0,0.0,0.0
image_2641.png,surface,0.0,0.0,1.7145497456663126,-5.965180934488786,20.325128495179545,0.0,1.137994531942541,1.3547632345307021,0.0,0.0,0.0,1.9825272986578968,0,0,0,0,0,0,0.40954668482253564,0.43405830571942994,0.7315856298321358,0.0,0.0,0.0
image_2642.png,surface,0.0,0.0,1.8161331379694836,7.943054285911532,1.185806326430276,0.0,1.7636603380161577,-0.7110490940000544,0.0,0.0,0.0,2.4726750187861093,0,0,0,0,0,0,0.39186993254752756,-0.21074067563904467,0.6036992704502947,0.0,0.0,0.0
image_2643.png,surface,0.0,0.0,2.482833224538834,-6.982232884796378,-3.962179377560032,0.0,1.0290743675741791,2.337548605445323,0.0,0.0,0.0,0.9665259606984113,0,0,0,0,0,0,0.5011644624338557,0.8845508131960425,1.3295304495459848,0.0,0.0,0.0
image_2644.png,surface,0.0,0.0,2.037824274685246,7.0201689356376145,-8.749246601625538,0.0,1.492056186238518,-1.3087509914620223,0.0,0.0,0.0,-2.453741904716307,0,0,0,0,0,0,0.5010731490342429,-0.2919693960309211,1.0414171370624927,0.0,0.0,0.0
image_2645.png,surface,0.0,0.0,0.6732024118446216,-14.022925343016436,14.613034242422785,0.0,-0.4213624656061069,2.0719776135836123,0.0,0.0,0.0,1.5987108416440279,0,0,0,0,0,0,-0.04257639445937353,0.24037792663027077,0.31216053017103,0.0,0.0,0.0
image_2646.png,surface,0.0,0.0,1.4427399317444682,22.323125751951416,-1.6523775708537782,0.0,-0.49536450047761577,1.6666652772110124,0.0,0.0,0.0,-0.10033288324927092,0,0,0,0,0,0,-0.17126132475343944,1.0411500202912969,1.4818748993105546,0.0,0.0,0.0
image_2647.png,surface,0.0,0.0,1.6406713331379552,-4.3320151533343,-18.546662495126007,0.0,0.4549040677663819,-2.204757961804472,0.0,0.0,0.0,-0.46324258110579564,0,0,0,0,0,0,0.3095295963368491,-0.31654754940071494,1.3119879718643694,0.0,0.0,0.0
image_2648.png,surface,0.0,0.0,2.295590014326957,4.8383353862900575,-22.233804113101026,0.0,-1.851821210221193,-0.28654887333209056,0.0,0.0,0.0,2.747897245768062,0,0,0,0,0,0,-0.6555936838587036,-0.008068442692887432,1.4777661723586506,0.0,0.0,0.0
image_2649.png,surface,0.0,0.0,2.4601064625084685,5.002487506143569,14.579889181853522,0.0,0.5302755407485646,-2.318222614083334,0.0,0.0,0.0,1.0570527875715792,0,0,0,0,0,0,0.13823935567353235,-0.6688186833428179,1.4155680851204004,0.0,0.0,0.0
image_2650.png,surface,0.0,0.0,0.5129068651020945,14.219752433381387,-13.488566486349912,0.0,-1.0615321866136793,-0.5791258853624811,0.0,0.0,0.0,-2.7640489754610673,0,0,0,0,0,0,-0.13398719503157158,-0.09082307250416342,0.24531332906654799,0.0,0.0,0.0
image_2651.png,surface,0.0,0.0,1.9966612488288165,10.22257836032244,9.608160235610457,0.0,-1.7726938229401712,1.1868743034284135,0.0,0.0,0.0,2.5277953316418316,0,0,0,0,0,0,-0.8267149947327371,0.4565473789768907,1.2960108298312811,0.0,0.0,0.0
image_2652.png,surface,0.0,0.0,0.5743626266913222,4.090759957075434,-4.785692993792015,0.0,1.8219558795317303,1.289988872114513,0.0,0.0,0.0,1.2300339103842086,0,0,0,0,0,0,0.05911325112921754,0.023261466582126276,0.11770162914942703,0.0,0.0,0.0
image_2653.png,surface,0.0,0.0,2.5886379638386705,13.52885110629046,11.1108370393664,0.0,2.90088433688409,-0.6602371440219151,0.0,0.0,0.0,0.4444568700145588,0,0,0,0,0,0,0.8199395404814821,-0.2010660952995522,1.554291211837892,0.0,0.0,0.0
image_2654.png,surface,0.0,0.0,1.1000984001996892,22.3415150228033,10.899843541386193,0.0,0.6156699997843406,2.6791761591085654,0.0,0.0,0.0,-2.190575830651375,0,0,0,0,0,0,0.08660162819260055,0.4865558821567546,0.8671624542261307,0.0,0.0,0.0
image_2655.png,surface,0.0,0.0,1.3328280625778308,-6.307285331376382,17.000930145074612,0.0,1.83837066298631,-1.3992439415147562,0.0,0.0,0.0,0.22378524151991375,0,0,0,0,0,0,0.2495047331014992,-0.2200943430697153,0.5928491050919749,0.0,0.0,0.0
image_2656.png,surface,0.0,0.0,1.0823535430888112,-15.206904284918286,8.487774776417098,0.0,0.16229828466787286,0.2208769813200296,0.0,0.0,0.0,-2.5573912388702444,0,0,0,0,0,0,0.006976343730403567,0.0957626143360344,0.4429252314229829,0.0,0.0,0.0
image_2657.png,surface,0.0,0.0,2.6694323170644085,16.485698181573966,-2.9442028810387533,0.0,0.2685991862553201,2.0879788554965804,0.0,0.0,0.0,1.5413244654939318,0,0,0,0,0,0,0.35655143146736307,1.518224813715349,3.412788994388831,0.0,0.0,0.0
image_2658.png,surface,0.0,0.0,1.2517112398260553,-19.169382450709332,-7.354816970024466,0.0,0.10952989888747985,0.08191045882841433,0.0,0.0,0.0,-1.2869683163288042,0,0,0,0,0,0,0.058203160913078436,-0.09099296757353993,0.8415432018787317,0.0,0.0,0.0
image_2659.png,surface,0.0,0.0,2.3553033046322787,5.623344037401796,-14.879047519165717,0.0,1.9428686210511052,0.14444546693337326,0.0,0.0,0.0,2.0075868274312842,0,0,0,0,0,0,1.3452198717530282,0.26204741348823973,2.373013115103321,0.0,0.0,0.0
image_2660.png,surface,0.0,0.0,2.0324216892977915,5.676921936902252,-23.2987166857096,0.0,1.5409667558939026,-0.7396930278680475,0.0,0.0,0.0,1.0020114361459687,0,0,0,0,0,0,1.716384490938397,-0.2511458132032509,3.3475495560046613,0.0,0.0,0.0
image_2661.png,surface,0.0,0.0,2.65680371064573,3.173902401483724,-9.808367784335799,0.0,0.7622083979629277,0.13592454858513517,0.0,0.0,0.0,2.9538264619190624,0,0,0,0,0,0,0.6166835223937769,0.14802107919423657,1.8760447262401105,0.0,0.0,0.0
image_2662.png,surface,0.0,0.0,0.9944028518424498,-13.012828199556465,6.413545688374363,0.0,-1.0332082043822823,-1.9903081622651093,0.0,0.0,0.0,-0.12830324170990348,0,0,0,0,0,0,-0.06998106757311169,-0.28332362472265255,0.40604494102207395,0.0,0.0,0.0
image_2663.png,surface,0.0,0.0,1.793053947483277,-2.2925183855588207,-3.9189223600154017,0.0,-2.496555834271869,0.5682971509055419,0.0,0.0,0.0,2.359670919998088,0,0,0,0,0,0,-0.37408056041299725,0.0769955015799129,0.5476307785832302,0.0,0.0,0.0
image_2664.png,surface,0.0,0.0,2.584175515761754,-14.301168450049834,-18.656055620036422,0.0,0.11249141262220949,0.7141552169062403,0.0,0.0,0.0,-2.6360743806191733,0,0,0,0,0,0,0.5731437715684902,-0.2688101811109193,3.1008919586636288,0.0,0.0,0.0
image_2665.png,surface,0.0,0.0,2.026495082165566,20.58441002588231,7.263410682776375,0.0,0.09317794747332347,-0.11104534848329377,0.0,0.0,0.0,2.0047394267231624,0,0,0,0,0,0,-0.10921995727664426,0.12985646469340395,1.4712234712884962,0.0,0.0,0.0
image_2666.png,surface,0.0,0.0,0.5306370071241091,-7.014274797076142,3.2406128477609726,0.0,1.7804701903740165,-2.140018275202025,0.0,0.0,0.0,0.5329920064556042,0,0,0,0,0,0,0.036216416176355244,-0.03541840265750825,0.10777369435150726,0.0,0.0,0.0
image_2667.png,surface,0.0,0.0,1.133910231742527,-1.0100809073337524,-18.612129041119935,0.0,-0.1792293114180608,-2.1595557477803022,0.0,0.0,0.0,0.8197536882239378,0,0,0,0,0,0,0.054078839030575594,-0.4056952677485271,0.6058049930131467,0.0,0.0,0.0
image_2668.png,surface,0.0,0.0,2.210869130743215,-19.59606955192055,0.34388149893213626,0.0,-1.4408417136705023,2.1613116242446333,0.0,0.0,0.0,-2.2842383139892144,0,0,0,0,0,0,-0.5902422056459515,0.6876266967637895,1.1619971080820333,0.0,0.0,0.0
image_2669.png,surface,0.0,0.0,2.028972764922732,12.83164555107682,-13.619550952751533,0.0,0.1627935003966232,-1.932993392670637,0.0,0.0,0.0,1.0645855437620142,0,0,0,0,0,0,0.18064986412360948,-0.7828402983293385,1.2051141780354817,0.0,0.0,0.0
image_2670.png,surface,0.0,0.0,2.7412065630463234,-3.754334805723083,6.946644482768443,0.0,0.4023968616783206,-1.611289164707686,0.0,0.0,0.0,-2.634969158857908,0,0,0,0,0,0,0.15649899181606744,-0.8177883433410739,1.729550746374448,0.0,0.0,0.0
image_2671.png,surface,0.0,0.0,2.8137951379744917,-14.886938922961125,-10.788879058863417,0.0,-0.647456329838785,-2.82448125509138,0.0,0.0,0.0,-1.9393963609678326,0,0,0,0,0,0,0.22352607091171137,-2.170014662558166,4.335988678429131,0.0,0.0,0.0
image_2672.png,surface,0.0,0.0,2.500788918327533,11.133563497007819,3.0832312570253246,0.0,0.2523070271237658,-0.6575162008986631,0.0,0.0,0.0,1.5686253255283562,0,0,0,0,0,0,0.10687320290660023,-0.2940160023759096,1.286926970461524,0.0,0.0,0.0
image_2673.png,surface,0.0,0.0,0.9590974937285461,14.878378478808983,-15.937995101207106,0.0,2.7361691579020677,-0.6923266159851319,0.0,0.0,0.0,0.9975878392448978,0,0,0,0,0,0,0.34901351032934197,-0.07789217000162212,0.6580974754912589,0.0,0.0,0.0
image_2674.png,surface,0.0,0.0,1.4299902218902953,5.58911132885712,-7.994300925122552,0.0,-0.7045266129855146,-2.2300093114719695,0.0,0.0,0.0,0.5973361335339291,0,0,0,0,0,0,-0.047903009436775834,-0.23759353521549015,0.5736542046144847,0.0,0.0,0.0
image_2675.png,surface,0.0,0.0,2.9117140267669814,-4.079374478316106,1.513925320430223,0.0,1.1193101144182946,2.3929708822824396,0.0,0.0,0.0,0.7876008522311686,0,0,0,0,0,0,0.609060375416117,0.99740203992686,1.7824595378953474,0.0,0.0,0.0
image_2676.png,surface,0.0,0.0,1.7095647563269507,-14.615042496164019,17.802344404494676,0.0,0.15678846565754925,-2.302091561082732,0.0,0.0,0.0,1.8236396658858833,0,0,0,0,0,0,0.05181122294019569,-1.1925359657206835,1.623235203490112,0.0,0.0,0.0
image_2677.png,surface,0.0,0.0,1.3349968069300577,1.2256756599030922,14.407667280555522,0.0,0.07834463014582033,2.9968107076429256,0.0,0.0,0.0,2.8437754426050557,0,0,0,0,0,0,-0.019134722888822633,0.3165003563258881,0.4451359051634109,0.0,0.0,0.0
image_2678.png,surface,0.0,0.0,2.9049936040163886,-16.151179884232736,-12.274521176745763,0.0,0.37045280265750036,1.8174335123281258,0.0,0.0,0.0,2.455994267486054,0,0,0,0,0,0,0.7576942397455517,0.5162686420677036,2.88476398897828,0.0,0.0,0.0
image_2679.png,surface,0.0,0.0,2.248798056572012,-1.5775508087645023,-16.675280592611895,0.0,-2.33750825949287,-0.044694587720532385,0.0,0.0,0.0,-2.1626252860609876,0,0,0,0,0,0,-0.8009646160419807,-0.061988103784992775,1.0978875696096362,0.0,0.0,0.0
image_2680.png,surface,0.0,0.0,2.2411063336397445,-3.1459281378635398,-2.9802675327597967,0.0,-0.4793435769699003,0.7391725602151462,0.0,0.0,0.0,2.5192514079382464,0,0,0,0,0,0,-0.17743106678726492,0.2615487399975703,0.8501313344097263,0.0,0.0,0.0
image_2681.png,surface,0.0,0.0,1.5309114315509218,12.57513650909575,-14.244679302292333,0.0,0.40454330501404206,1.893135659720021,0.0,0.0,0.0,-2.9853066331605085,0,0,0,0,0,0,0.34799536592366176,0.6893256474575541,1.0906526373682366,0.0,0.0,0.0
image_2682.png,surface,0.0,0.0,0.7337814927705153,-10.974645356472305,-2.8033635632553406,0.0,2.073132162893007,0.053921884069676705,0.0,0.0,0.0,-2.6781172427568,0,0,0,0,0,0,0.15433790802523553,-0.024328030073211864,0.21870932205295907,0.0,0.0,0.0
image_2683.png,surface,0.0,0.0,2.958738780946444,-0.5064550074951804,-9.821161961146537,0.0,1.2544424906715268,2.0191094620088106,0.0,0.0,0.0,-2.1533384840259417,0,0,0,0,0,0,1.0315005122639531,0.8325094364820446,2.694610319241067,0.0,0.0,0.0
image_2684.png,surface,0.0,0.0,0.712002199115503,-6.295032043970002,-15.355931040397785,0.0,-1.0462717646517272,-0.8829893234026214,0.0,0.0,0.0,1.8660004622988664,0,0,0,0,0,0,-0.13430374815022864,-0.12640665092356548,0.30110716146889266,0.0,0.0,0.0
image_2685.png,surface,0.0,0.0,2.1649220452744533,-1.1144160014123727,-10.008263791539918,0.0,1.4157930858976355,0.9970190838462308,0.0,0.0,0.0,-2.9275545918264125,0,0,0,0,0,0,0.7678817713623318,0.3315738244255658,1.21726395159272,0.0,0.0,0.0
image_2686.png,surface,0.0,0.0,0.6277731973392937,-8.28585775940199,-6.623656272536168,0.0,-0.2447740828711822,-2.9063698579110886,0.0,0.0,0.0,-1.309700648688081,0,0,0,0,0,0,0.022316994865322303,-0.10318765810878318,0.17985505631211246,0.0,0.0,0.0
image_2687.png,surface,0.0,0.0,0.535807368537462,-0.8890731433502066,15.491855201202984,0.0,-1.3072341046827383,-1.7839426553122,0.0,0.0,0.0,1.347151936910734,0,0,0,0,0,0,-0.0403239972689291,-0.08874657721178454,0.17783642089661086,0.0,0.0,0.0
image_2688.png,surface,0.0,0.0,0.5248459630754976,1.9966347783099336,-7.673960113507237,0.0,-2.167018628366065,-1.933903658759707,0.0,0.0,0.0,-0.886599835487011,0,0,0,0,0,0,-0.02585538910031079,-0.04226139850739327,0.13611497830454314,0.0,0.0,0.0
image_2689.png,surface,0.0,0.0,2.856086236917819,4.413535927953159,9.240494111985273,0.0,0.8800151539794517,1.9347135084188196,0.0,0.0,0.0,-2.748099229087847,0,0,0,0,0,0,0.38252552798717077,0.9294125501263931,1.946116384800327,0.0,0.0,0.0
image_2690.png,surface,0.0,0.0,1.655405030168013,7.265456324193268,11.62584877737448,0.0,-1.384920081392378,-0.7676538273031722,0.0,0.0,0.0,1.828236883092936,0,0,0,0,0,0,-0.3825711846869765,-0.19068361883765758,0.6826716820704551,0.0,0.0,0.0
image_2691.png,surface,0.0,0.0,2.005074306303718,-6.161058122952447,16.38129883014741,0.0,-1.486979225330847,-1.5672219507401115,0.0,0.0,0.0,-0.2898286095477749,0,0,0,0,0,0,-0.3344444574211499,-0.33743520431905366,1.524748571852179,0.0,0.0,0.0
image_2692.png,surface,0.0,0.0,0.8533018430235557,2.127469450269068,14.746586008010139,0.0,1.9429366454528665,-1.7363009487649126,0.0,0.0,0.0,-1.173701943707527,0,0,0,0,0,0,0.13396588857166206,-0.13504298361686864,0.23549704445753875,0.0,0.0,0.0
image_2693.png,surface,0.0,0.0,1.7193321742355625,4.376919089761277,18.336692559855514,0.0,-1.1358468183644856,1.4873927602026356,0.0,0.0,0.0,1.0961968991760234,0,0,0,0,0,0,-0.6826681068438429,0.6145026004221678,1.2094797004218816,0.0,0.0,0.0
image_2694.png,surface,0.0,0.0,1.7970084596669276,-1.0186782695609282,7.8452328924119135,0.0,-2.1075130454041235,-1.2536890010722057,0.0,0.0,0.0,1.9452543994535265,0,0,0,0,0,0,-0.4056734747889672,-0.1819528999947009,0.6619159119519971,0.0,0.0,0.0
image_2695.png,surface,0.0,0.0,0.8816086074207423,0.8601579345451956,6.708292346709892,0.0,-2.8168409333559516,0.20877330194436916,0.0,0.0,0.0,-0.011086942915534692,0,0,0,0,0,0,-0.07493177572210878,0.00039642182854502663,0.21566573790325944,0.0,0.0,0.0
image_2696.png,surface,0.0,0.0,1.64506672958136,7.228599478035358,-0.8025112494732726,0.0,-0.6064162683232434,2.8197652774378805,0.0,0.0,0.0,-0.038410608115976075,0,0,0,0,0,0,-0.07596970469770546,0.2600574388330435,0.5782296293560365,0.0,0.0,0.0
image_2697.png,surface,0.0,0.0,2.7162952432436605,4.582186839334835,-2.487682496736465,0.0,0.16869750155389132,-0.7349810303766952,0.0,0.0,0.0,2.8554480203963166,0,0,0,0,0,0,0.12355159534584377,-0.3016345377554483,1.4461691688969842,0.0,0.0,0.0
image_2698.png,surface,0.0,0.0,1.937994715061301,-7.135045484380863,-13.524164336577215,0.0,1.534693880091375,-1.496900914513705,0.0,0.0,0.0,-1.5341146134454233,0,0,0,0,0,0,0.9576401470973,-0.8516603862467563,1.6764588485437388,0.0,0.0,0.0
image_2699.png,surface,0.0,0.0,0.9648833688846297,-6.59402288350421,-10.145831387245318,0.0,2.2610041578442734,1.950522759715978,0.0,0.0,0.0,2.985970823341339,0,0,0,0,0,0,0.1814777722800972,0.1296629730866141,0.33122591642938354,0.0,0.0,0.0
image_2700.png,surface,0.0,0.0,2.8883034891326167,15.150174250343998,7.947219551118675,0.0,1.727999950897368,1.2005482796402571,0.0,0.0,0.0,-1.6742592789579631,0,0,0,0,0,0,0.910453947847483,0.9251022492922124,2.8307811226400634,0.0,0.0,0.0
image_2701.png,surface,0.0,0.0,2.732118359370227,-6.972887546276264,12.30892009945767,0.0,0.12543142284952233,-0.40286731865852243,0.0,0.0,0.0,-2.1684856115113513,0,0,0,0,0,0,-0.09382756188194512,-0.3644327893249676,1.9376086404053496,0.0,0.0,0.0
image_2702.png,surface,0.0,0.0,2.817516961872451,-22.484061803716084,6.80254106448506,0.0,0.9767670023312854,-2.302368446824502,0.0,0.0,0.0,2.843525382174221,0,0,0,0,0,0,0.7074962201985124,-2.6983348428341376,5.680547243402467,0.0,0.0,0.0
image_2703.png,surface,0.0,0.0,2.452292849052018,-9.13017651257149,5.903549231936627,0.0,-1.9991366067389313,-1.9828363332402645,0.0,0.0,0.0,-2.205187366172863,0,0,0,0,0,0,-0.8797132918678973,-1.0150522499120804,1.6904151221575476,0.0,0.0,0.0
image_2704.png,surface,0.0,0.0,1.9033991534437493,6.295746317104745,8.589847037668175,0.0,1.0767972494640279,-0.7152884669036913,0.0,0.0,0.0,1.248737408021749,0,0,0,0,0,0,0.4591602986120543,-0.32268264912819805,0.6647183316936495,0.0,0.0,0.0
image_2705.png,surface,0.0,0.0,2.439419739873255,7.4551072394568845,2.3043855111884004,0.0,2.582909831584998,0.04877317559755247,0.0,0.0,0.0,2.1517243418251315,0,0,0,0,0,0,0.7269672807759086,0.013898360536490536,1.1772038638116407,0.0,0.0,0.0
image_2706.png,surface,0.0,0.0,2.0485340812721584,19.52500104770685,-0.44248643820773753,0.0,0.7298865100400146,0.553675922757295,0.0,0.0,0.0,-0.16921383500317688,0,0,0,0,0,0,0.5521082080777319,0.6291072839785662,1.7263218229111585,0.0,0.0,0.0
image_2707.png,surface,0.0,0.0,0.5142361388644783,-5.3327448800589305,-6.350342741748577,0.0,-2.2773277753542756,0.18853616641857227,0.0,0.0,0.0,-2.1491450757332684,0,0,0,0,0,0,-0.05006257133761411,0.021551504170902156,0.11427396834987533,0.0,0.0,0.0
image_2708.png,surface,0.0,0.0,0.790705313662718,-6.762236999391366,0.9905897697410407,0.0,1.8679316336313123,-1.9556006739106753,0.0,0.0,0.0,-2.628082203729295,0,0,0,0,0,0,0.0919434620699384,-0.06236564838360712,0.190430562205713,0.0,0.0,0.0
image_2709.png,surface,0.0,0.0,0.7738641134391187,-24.122836587022555,2.3008693582562283,0.0,-2.2732555189270953,-0.660011210705507,0.0,0.0,0.0,-1.3820720797298858,0,0,0,0,0,0,-0.33367285919442324,-0.08936008718453284,0.6048403353809598,0.0,0.0,0.0
image_2710.png,surface,0.0,0.0,1.8846579536644494,-5.692049566460362,3.4855582656285344,0.0,0.037737283010468185,1.9783539221340536,0.0,0.0,0.0,-0.48718686164544733,0,0,0,0,0,0,-0.01945888545744739,0.40576605736076704,0.6880532211759405,0.0,0.0,0.0
image_2711.png,surface,0.0,0.0,2.239337570434135,13.572360707681327,-3.509354123301583,0.0,2.4101053807068795,0.4931127491452046,0.0,0.0,0.0,-0.18514850622410695,0,0,0,0,0,0,0.5310696008069864,0.21407250672181632,1.4706540553250531,0.0,0.0,0.0
image_2712.png,surface,0.0,0.0,2.84838138206519,-15.33064867327994,3.9556967504193414,0.0,-0.7210964080076545,2.067138010258012,0.0,0.0,0.0,0.6731750475837339,0,0,0,0,0,0,-0.2632656624231195,0.7926312882534039,1.913282297245533,0.0,0.0,0.0
image_2713.png,surface,0.0,0.0,2.753069059712962,-5.962899588850754,-19.037606403590612,0.0,0.8369771881477142,-2.7365614637296334,0.0,0.0,0.0,-0.41471800085127963,0,0,0,0,0,0,1.560993435037628,-1.8632061906992072,4.669934393460378,0.0,0.0,0.0
image_2714.png,surface,0.0,0.0,1.994586071681988,-7.575458439193978,18.444288367041572,0.0,-1.3918985425130164,1.2616206077473804,0.0,0.0,0.0,-0.8981026356494572,0,0,0,0,0,0,-0.8564375063066418,0.4553769907211868,1.5436464828271672,0.0,0.0,0.0
image_2715.png,surface,0.0,0.0,1.9280340084047882,3.9656626864865197,-1.183949603155041,0.0,-1.3770891227358035,2.3740503427297632,0.0,0.0,0.0,1.3408966091409322,0,0,0,0,0,0,-0.2959102027846281,0.4616064765983232,0.6647294967125412,0.0,0.0,0.0
image_2716.png,surface,0.0,0.0,0.6707867187787531,-7.444145626259779,5.73586363315743,0.0,1.4609310909042716,-0.44585662952922106,0.0,0.0,0.0,2.3349385688295863,0,0,0,0,0,0,0.126094673525055,-0.02860844196000205,0.17429264390059232,0.0,0.0,0.0
image_2717.png,surface,0.0,0.0,2.4280288979570033,12.860162006180941,20.708167044875026,0.0,-2.3132464398870867,-0.3395264614952756,0.0,0.0,0.0,-2.027844136053026,0,0,0,0,0,0,-1.6957446188459577,0.1721178632007973,3.692012718831269,0.0,0.0,0.0
image_2718.png,surface,0.0,0.0,1.1648974728681285,-14.559855084727506,6.468374070546227,0.0,-1.0098588850634032,0.7597415501813686,0.0,0.0,0.0,-2.9058260673888734,0,0,0,0,0,0,-0.2698173988453243,0.147926693044583,0.42989788738090834,0.0,0.0,0.0
image_2719.png,surface,0.0,0.0,2.7947908962161803,8.073229666554239,12.971280768312274,0.0,-1.658592658374053,1.7424371408144983,0.0,0.0,0.0,0.2824954160033526,0,0,0,0,0,0,-1.1818586779560727,0.9890960587573437,3.4136553998547763,0.0,0.0,0.0
image_2720.png,surface,0.0,0.0,1.05301390808404,1.340231674917114,2.8036128711231796,0.0,-0.32636658339496466,-1.9185373649674702,0.0,0.0,0.0,-0.9543605495807248,0,0,0,0,0,0,0.012820401305610685,-0.102998885809476,0.25374291832928925,0.0,0.0,0.0
image_2721.png,surface,0.0,0.0,2.2408060216422823,3.4503817673953727,3.895118583004221,0.0,1.2065155469677404,-0.32031149200444925,0.0,0.0,0.0,2.3554465366416224,0,0,0,0,0,0,0.5530456923137542,-0.15184371825520684,0.8675755599250997,0.0,0.0,0.0
image_2722.png,surface,0.0,0.0,0.780733840541687,7.1597305774338205,0.2566200753002412,0.0,1.3027671475536162,2.098004088849674,0.0,0.0,0.0,-1.6969880916413038,0,0,0,0,0,0,0.06404721848828564,0.04848144576956457,0.15774831890783766,0.0,0.0,0.0
image_2723.png,surface,0.0,0.0,1.734706164282338,-16.699396622497318,-9.727141839482215,0.0,0.5104663327818387,-0.8065077210841762,0.0,0.0,0.0,-1.113501987820253,0,0,0,0,0,0,0.4409219689294291,-0.7203236321062856,1.5957848880445824,0.0,0.0,0.0
image_2724.png,surface,0.0,0.0,0.872452241919376,-10.701487390214076,-8.980654831661512,0.0,0.5035302731927491,2.9543116899357043,0.0,0.0,0.0,1.6253902172897394,0,0,0,0,0,0,0.035237840910506746,0.18241539212800334,0.31745274912538685,0.0,0.0,0.0
image_2725.png,surface,0.0,0.0,2.606713576393478,-0.3395671770718823,-0.6635080264555236,0.0,-2.0566304541038476,1.2246880560730256,0.0,0.0,0.0,-1.95615738624717,0,0,0,0,0,0,-0.8829944866939772,0.4157001996118072,1.2933647203541028,0.0,0.0,0.0
image_2726.png,surface,0.0,0.0,2.035017757760276,-7.60575297306706,-8.023502924385982,0.0,2.3639949368655118,0.11488248060900351,0.0,0.0,0.0,1.4404966007800324,0,0,0,0,0,0,0.6365928872893133,-0.044809824548040146,1.160061093806325,0.0,0.0,0.0
image_2727.png,surface,0.0,0.0,2.943100837250359,-12.91923042878097,18.245084407192355,0.0,0.6418892658349313,1.621954014900299,0.0,0.0,0.0,-1.261776875944645,0,0,0,0,0,0,0.053333112933739206,0.5346173095603601,2.5964564051660854,0.0,0.0,0.0
image_2728.png,surface,0.0,0.0,0.8525613189176882,7.7561356330711035,-10.452135847052125,0.0,-0.8318348567745483,-0.03725000222936727,0.0,0.0,0.0,1.9557298983200733,0,0,0,0,0,0,-0.13465073906875652,-0.005922730890762562,0.2455053673914742,0.0,0.0,0.0
image_2729.png,surface,0.0,0.0,2.640252751891876,20.781221494724438,-3.9424941639151023,0.0,-1.2947677344876747,-0.6263155037112591,0.0,0.0,0.0,2.163096591852108,0,0,0,0,0,0,-0.5965595710091506,-0.002487075043372041,2.190882627941215,0.0,0.0,0.0
image_2730.png,surface,0.0,0.0,2.3357753743367735,-13.131712475984411,1.5834672787646566,0.0,1.6177418410611026,2.25410089469374,0.0,0.0,0.0,2.312513576124579,0,0,0,0,0,0,0.5458167148444225,0.5701631335199013,1.0891587578406143,0.0,0.0,0.0
image_2731.png,surface,0.0,0.0,1.4680321351611068,-17.484948590503393,6.341934292751597,0.0,-2.0238544247700334,-0.5929622866679265,0.0,0.0,0.0,-0.03932292773511392,0,0,0,0,0,0,-0.31609046409901503,-0.2150824385231097,0.9230433737758259,0.0,0.0,0.0
image_2732.png,surface,0.0,0.0,0.5447555454835773,9.974441523904574,2.6570437779366656,0.0,-1.6016600142456054,-2.2391320342675862,0.0,0.0,0.0,1.1089871258545863,0,0,0,0,0,0,0.008136023905483746,-0.04726386443903332,0.12530724001800891,0.0,0.0,0.0
image_2733.png,surface,0.0,0.0,2.3399211774433057,4.994185830585746,15.097295948445407,0.0,-1.4658801272307145,-0.648407120592968,0.0,0.0,0.0,-0.13752238744164647,0,0,0,0,0,0,-0.888260226071637,-0.3361830147336492,1.98302793725413,0.0,0.0,0.0
image_2734.png,surface,0.0,0.0,0.7453698354735436,-2.5718017932572237,-12.213435416680383,0.0,-0.7833848981419842,0.852958171970487,0.0,0.0,0.0,0.6828153457121817,0,0,0,0,0,0,-0.11124711474804429,0.08015743759330807,0.23605976140964752,0.0,0.0,0.0
image_2735.png,surface,0.0,0.0,2.522358434878035,9.10409864058068,-14.64576096360837,0.0,-0.0446434890192183,-0.12687896087254596,0.0,0.0,0.0,-0.5034446781055304,0,0,0,0,0,0,0.37725826671951673,0.11563719124809116,2.369225940695478,0.0,0.0,0.0
image_2736.png,surface,0.0,0.0,2.496235084707581,9.371450884684585,14.571760964957827,0.0,-1.5437757642681667,-2.54149981858552,0.0,0.0,0.0,-0.30371311444852234,0,0,0,0,0,0,-0.47812609171159354,-0.6983867178242983,1.4651943610873295,0.0,0.0,0.0
image_2737.png,surface,0.0,0.0,1.039318008831592,-19.394029036273746,-0.6491428186223215,0.0,-2.7826704239155644,0.8026806943705403,0.0,0.0,0.0,-0.5062939312332695,0,0,0,0,0,0,-0.28330895363808756,0.09494774724402508,0.508039621595575,0.0,0.0,0.0
image_2738.png,surface,0.0,0.0,2.914771600574917,23.77249155866307,1.1150335664674478,0.0,-1.3775779437073474,1.8963658327138628,0.0,0.0,0.0,2.037993234831749,0,0,0,0,0,0,-0.7494775556704101,2.261798900686301,6.084564616993929,0.0,0.0,0.0
image_2739.png,surface,0.0,0.0,2.4822547971174944,8.409840971051425,-9.4308210094203,0.0,1.0376077398545418,-1.268239546754114,0.0,0.0,0.0,-0.2541509706688121,0,0,0,0,0,0,0.8100381241834872,-0.5390157041342181,1.6125145523509288,0.0,0.0,0.0
image_2740.png,surface,0.0,0.0,2.011474919376637,-9.001303699139552,18.856600355713873,0.0,1.5639319998693595,0.5942888486110844,0.0,0.0,0.0,1.9204597346526384,0,0,0,0,0,0,0.7185588385615801,0.19342081717761153,0.9620986098567104,0.0,0.0,0.0
image_2741.png,surface,0.0,0.0,2.337378348952055,9.694963761997485,-15.23647919027593,0.0,-1.953667504684316,-1.836997476883892,0.0,0.0,0.0,-0.11478310440886563,0,0,0,0,0,0,-0.4741996155282512,-0.5339802030501987,1.443552088468923,0.0,0.0,0.0
image_2742.png,surface,0.0,0.0,1.670784311420391,8.992019516825408,-9.465485356368484,0.0,2.402179288941955,0.005890946252492128,0.0,0.0,0.0,1.3659219917174354,0,0,0,0,0,0,0.5324849585009818,0.0160078909812482,0.7981604044756766,0.0,0.0,0.0
image_2743.png,surface,0.0,0.0,0.7321175877688404,-6.123950343952414,19.169503743325432,0.0,2.009179583267025,-0.5929742585304801,0.0,0.0,0.0,2.505807905126514,0,0,0,0,0,0,0.21469910894915867,-0.1058493475290144,0.2872268099835421,0.0,0.0,0.0
image_2744.png,surface,0.0,0.0,2.09232563461187,-12.558937763132123,3.334929229026945,0.0,-0.071210005017096,-2.821742792896111,0.0,0.0,0.0,1.7726920184565147,0,0,0,0,0,0,0.03070260872974705,-0.7695538746631027,1.3188633904974778,0.0,0.0,0.0
image_2745.png,surface,0.0,0.0,1.5405713287179004,12.342571095069468,-20.738889773020322,0.0,0.40438429932590625,1.6741930993930862,0.0,0.0,0.0,1.365193613419435,0,0,0,0,0,0,0.5765406300340794,0.9725784825679656,1.8417323901841434,0.0,0.0,0.0
image_2746.png,surface,0.0,0.0,2.947144764614546,15.775687162721342,-6.3977546531180645,0.0,0.7384939768702101,-0.7039815015499965,0.0,0.0,0.0,-0.49162759950033896,0,0,0,0,0,0,0.8766603805408486,-0.07391064758873499,3.1534122075271185,0.0,0.0,0.0
image_2747.png,surface,0.0,0.0,0.6583625628223408,-1.2977336207978853,-15.32401230517227,0.0,-0.802784315110077,1.0448026522614051,0.0,0.0,0.0,2.3885300144397057,0,0,0,0,0,0,-0.10250842240511737,0.1313304617304941,0.2516148657286555,0.0,0.0,0.0
image_2748.png,surface,0.0,0.0,0.9012799484942977,6.726356356989659,3.82648529729591,0.0,-1.8501440081317657,0.9956886374688622,0.0,0.0,0.0,-0.6032875634172012,0,0,0,0,0,0,-0.10724150028503776,0.024139257773904677,0.22875783905490213,0.0,0.0,0.0
image_2749.png,surface,0.0,0.0,2.7508742330809675,9.064834815710165,5.145614034147475,0.0,-1.4224072968286214,1.8047378851483156,0.0,0.0,0.0,1.4221940311501164,0,0,0,0,0,0,-0.7626342946645938,0.9315677005434824,2.396653926103226,0.0,0.0,0.0
image_2750.png,surface,0.0,0.0,1.717481421469585,8.588136962851236,2.6134637021732554,0.0,1.6651304137427119,-1.8997012069276744,0.0,0.0,0.0,-2.0286678265137525,0,0,0,0,0,0,0.2516049412925893,-0.23962283743304205,0.5317853837730554,0.0,0.0,0.0
image_2751.png,surface,0.0,0.0,0.9828386272912993,-9.584215293668958,-11.07873090768933,0.0,2.254358519013099,-1.7590585739302227,0.0,0.0,0.0,1.729758306748015,0,0,0,0,0,0,0.2319725603758776,-0.18832711130130644,0.46657274143422306,0.0,0.0,0.0
image_2752.png,surface,0.0,0.0,1.2816671605369412,4.657807963896566,8.723510998783992,0.0,-1.7251594537394856,0.688327209553034,0.0,0.0,0.0,1.5152598611352506,0,0,0,0,0,0,-0.20995385594929,0.10057001555839043,0.3845433476416938,0.0,0.0,0.0
image_2753.png,surface,0.0,0.0,0.690749865801279,22.060961725124677,8.271371203781705,0.0,2.079068295021537,1.478868359388573,0.0,0.0,0.0,2.666888324861106,0,0,0,0,0,0,0.22138020602081482,0.15170056592823214,0.4199967486283273,0.0,0.0,0.0
image_2754.png,surface,0.0,0.0,2.084777802029294,1.561450633351842,-22.29641158848556,0.0,1.5687812684544806,1.35847304399045,0.0,0.0,0.0,1.7019738284095887,0,0,0,0,0,0,1.6246236556676834,0.7247204535776486,3.1792703912787847,0.0,0.0,0.0
image_2755.png,surface,0.0,0.0,2.800201362358387,3.274812207848865,-11.271034602044514,0.0,2.8793084232839328,-0.5907620982562134,0.0,0.0,0.0,0.7211076319225911,0,0,0,0,0,0,1.9293592985248689,-0.17397727034897292,3.3440660701106557,0.0,0.0,0.0
image_2756.png,surface,0.0,0.0,1.9254950617265851,6.177354414074131,22.12961098340067,0.0,-1.3114586289623422,-0.19039337224254316,0.0,0.0,0.0,0.3165126949210073,0,0,0,0,0,0,-1.0994224626758007,-0.11880856587645182,1.9643689576834118,0.0,0.0,0.0
image_2757.png,surface,0.0,0.0,2.1049546501020773,-20.030834041664352,8.058859238989454,0.0,-2.1264200645750666,-1.6868638643903162,0.0,0.0,0.0,-2.6144636306021276,0,0,0,0,0,0,-1.0588336565479954,-1.3056955205403689,2.701988163724269,0.0,0.0,0.0
image_2758.png,surface,0.0,0.0,1.232010921816766,-22.49055234257811,6.906960964345299,0.0,-0.13075584869222204,1.2183103335519379,0.0,0.0,0.0,-0.4448102186471221,0,0,0,0,0,0,-0.05273044449629587,0.4330530932256188,0.6914920469943832,0.0,0.0,0.0
image_2759.png,surface,0.0,0.0,2.2710474987292164,-3.636438513812586,-12.876996158224925,0.0,-1.9947716519493763,-0.9020492037268357,0.0,0.0,0.0,-0.06657423830780829,0,0,0,0,0,0,-0.552980251044032,-0.20838731430768212,1.1593175035481809,0.0,0.0,0.0
image_2760.png,surface,0.0,0.0,2.787923808075126,5.992574867848088,-0.6729512428422886,0.0,-2.206841172346029,1.9675722492443708,0.0,0.0,0.0,1.2167110967788775,0,0,0,0,0,0,-0.9977906489069641,0.887536561730084,1.8249268037493371,0.0,0.0,0.0
image_2761.png,surface,0.0,0.0,0.6159297366156928,2.1754044338975436,10.412010645455313,0.0,1.5932570280899385,-0.9177678576027338,0.0,0.0,0.0,-1.3588477685651144,0,0,0,0,0,0,0.09444544921932395,-0.08534867582425541,0.15841822004130054,0.0,0.0,0.0
image_2762.png,surface,0.0,0.0,1.0432020996719447,-15.864145140979709,1.3695537780700715,0.0,-2.5192546489764203,-0.8603992601817879,0.0,0.0,0.0,0.8945630967981968,0,0,0,0,0,0,-0.2589419729514625,-0.10493380187737462,0.46818050415453355,0.0,0.0,0.0
image_2763.png,surface,0.0,0.0,2.8415721869239876,-8.723473516106163,-22.859740239446587,0.0,0.04239955843208979,1.7385161326302307,0.0,0.0,0.0,-2.93029354078904,0,0,0,0,0,0,0.9326796293131916,0.37652050889060357,3.8020774750592206,0.0,0.0,0.0
image_2764.png,surface,0.0,0.0,2.5124329850089873,-21.181588780863486,-2.600308480760731,0.0,-1.0196667063722256,-2.3519626213129645,0.0,0.0,0.0,-0.7996245560024535,0,0,0,0,0,0,-0.23888498472655237,-2.299002774674756,4.42479077268097,0.0,0.0,0.0
image_2765.png,surface,0.0,0.0,0.6756431228485911,0.45139533146421434,2.370621504540665,0.0,-0.14179164142666126,2.668049386189449,0.0,0.0,0.0,-1.2538776721800842,0,0,0,0,0,0,-0.006349325053063482,0.02612136691662999,0.11695133987994856,0.0,0.0,0.0
image_2766.png,surface,0.0,0.0,1.0823300806483465,13.265338656428664,-5.52451061204475,0.0,2.9594743196112705,0.21848954641209187,0.0,0.0,0.0,0.01868755412133538,0,0,0,0,0,0,0.23128770987878328,-0.004790097094919533,0.4308737100319862,0.0,0.0,0.0
image_2767.png,surface,0.0,0.0,1.4129849394680154,0.5609942894905349,9.615755051015583,0.0,-2.5382263529527567,0.2756508477566073,0.0,0.0,0.0,0.5829495808295508,0,0,0,0,0,0,-0.2664981567694059,0.00035394806120092603,0.4802610545946473,0.0,0.0,0.0
image_2768.png,surface,0.0,0.0,1.2982270775367888,11.509719262503552,-1.8862505955123456,0.0,2.317189317060657,0.8941741495285829,0.0,0.0,0.0,2.382334029875202,0,0,0,0,0,0,0.249915643399756,0.05907629106817959,0.3985241842970638,0.0,0.0,0.0
image_2769.png,surface,0.0,0.0,0.6281695472224822,2.5867056304390257,-18.005694178207623,0.0,2.7700886632090413,0.253860774089812,0.0,0.0,0.0,2.737200788462393,0,0,0,0,0,0,0.2544950103903283,0.01720187577436605,0.3494963533426945,0.0,0.0,0.0
image_2770.png,surface,0.0,0.0,0.9267916197780103,-8.042549800892166,-2.5720205414578845,0.0,1.6715755468083473,0.6714752438319024,0.0,0.0,0.0,-1.7505993164419855,0,0,0,0,0,0,0.17038167233717152,0.04910439435727824,0.263766872289672,0.0,0.0,0.0
image_2771.png,surface,0.0,0.0,1.205924750923497,-16.57704112313682,-11.134657930025133,0.0,-1.5449967055022666,2.011524845136426,0.0,0.0,0.0,1.5914928988755515,0,0,0,0,0,0,-0.212997635936377,0.27489966086607,0.5783122504958306,0.0,0.0,0.0
image_2772.png,surface,0.0,0.0,0.8828341211024755,1.2740238274685731,-0.6614194351269114,0.0,-2.4156215496335314,0.731993859379733,0.0,0.0,0.0,-2.3124251991184828,0,0,0,0,0,0,-0.091307312052637,0.030085585202080593,0.1801542788183925,0.0,0.0,0.0
image_2773.png,surface,0.0,0.0,2.5686292560818735,2.6884721547400368,-20.676684199944543,0.0,1.8442291006319593,1.239162031414669,0.0,0.0,0.0,-2.653793506468065,0,0,0,0,0,0,2.0835967618105307,0.5434518531679365,4.260131307079571,0.0,0.0,0.0
image_2774.png,surface,0.0,0.0,1.801031077671402,13.894388173127963,17.158367968196508,0.0,-1.2416347480639827,-2.038596592288488,0.0,0.0,0.0,1.8451769562850373,0,0,0,0,0,0,-0.40124020923777515,-0.543738157821886,1.0483372157711643,0.0,0.0,0.0
image_2775.png,surface,0.0,0.0,1.0536183070223568,11.72117997811622,18.052778416910957,0.0,0.7033437195049028,-2.4611134487312905,0.0,0.0,0.0,2.01367835899723,0,0,0,0,0,0,0.08722560308995343,-0.25009970004459015,0.43642719042839323,0.0,0.0,0.0
image_2776.png,surface,0.0,0.0,2.6193117771091967,0.2041594054564359,-2.518116014170437,0.0,-2.7841613261132094,0.4421204949288727,0.0,0.0,0.0,1.329581942153144,0,0,0,0,0,0,-0.8131732175701871,0.10719906946906048,1.2946375325076815,0.0,0.0,0.0
image_2777.png,surface,0.0,0.0,2.401666651096728,24.130630636174544,3.744687750635212,0.0,2.525443195527373,1.4366372035391908,0.0,0.0,0.0,-2.4324250088857013,0,0,0,0,0,0,1.352464068122294,1.4278343443970976,3.4349046638082212,0.0,0.0,0.0
image_2778.png,surface,0.0,0.0,1.4656934230450476,14.962421087021415,20.12836241112158,0.0,-1.3268728655330393,-1.7577613578960978,0.0,0.0,0.0,2.7072499302224324,0,0,0,0,0,0,-0.39085178814184685,-0.40564807467370007,0.8961133482106182,0.0,0.0,0.0
image_2779.png,surface,0.0,0.0,2.6030230107474255,-21.78780117123113,-10.023875605020171,0.0,1.6990828876914401,1.7970204674130623,0.0,0.0,0.0,-2.3125373913726275,0,0,0,0,0,0,1.1693959207989448,0.2708772377883329,2.803134302862054,0.0,0.0,0.0
image_2780.png,surface,0.0,0.0,2.0936214292390405,-21.179870608645516,-11.469723209716259,0.0,1.9759175699165947,-0.8822222223529728,0.0,0.0,0.0,2.253560951923718,0,0,0,0,0,0,1.7547559033456086,-1.1973590979679825,3.7542800291866447,0.0,0.0,0.0
image_2781.png,surface,0.0,0.0,2.0586485457408763,19.827549229077206,14.871935574627319,0.0,0.6208547635160664,2.411323566127233,0.0,0.0,0.0,-0.224327640030058,0,0,0,0,0,0,0.0645098730463229,1.800533787329224,3.0063019186186737,0.0,0.0,0.0
image_2782.png,surface,0.0,0.0,0.7597953138022226,20.559868669635186,3.756235292474028,0.0,0.048316146246963676,-1.7267772979578815,0.0,0.0,0.0,2.8755179424598056,0,0,0,0,0,0,0.008072104525754908,-0.20522537829428703,0.33710541537740923,0.0,0.0,0.0
image_2783.png,surface,0.0,0.0,1.5205119262615392,-8.097142963532654,-9.62598009750104,0.0,1.455135108606604,0.5558215324100482,0.0,0.0,0.0,-0.7271814857124159,0,0,0,0,0,0,0.43660284512775294,0.06802881736282228,0.7074624900161378,0.0,0.0,0.0
image_2784.png,surface,0.0,0.0,0.6785359241609679,-2.846923650925688,-12.510224016762532,0.0,0.6919760841648762,1.6163435049761172,0.0,0.0,0.0,2.9632596779272404,0,0,0,0,0,0,0.030717827629682528,0.12263120493742187,0.20182781348969486,0.0,0.0,0.0
image_2785.png,surface,0.0,0.0,1.502281830771197,3.2535093650170444,-0.7545353840505798,0.0,-1.0275173346280346,0.9993587132617586,0.0,0.0,0.0,-0.1108604230045982,0,0,0,0,0,0,-0.2363069030774895,0.12366945258361138,0.4374320421285879,0.0,0.0,0.0
image_2786.png,surface,0.0,0.0,0.6486200522243928,6.402103105637528,-0.5538674114257668,0.0,-0.668872489156105,-1.654207964430123,0.0,0.0,0.0,-2.79744254407162,0,0,0,0,0,0,-0.021011213250861794,-0.07845848689954364,0.12676315848140143,0.0,0.0,0.0
image_2787.png,surface,0.0,0.0,0.9821922404463388,3.1990166674930105,5.0273707510558925,0.0,-0.03217054735867494,1.699440507002307,0.0,0.0,0.0,1.0316736388818022,0,0,0,0,0,0,-0.015949407132336023,0.09497606308892115,0.2311694831353686,0.0,0.0,0.0
image_2788.png,surface,0.0,0.0,1.64095253128255,-8.824315989508216,11.263974504087917,0.0,2.754021682337085,0.18735954983353315,0.0,0.0,0.0,2.50941649385274,0,0,0,0,0,0,0.3943734415869072,-0.012136485742957004,0.5924159023590018,0.0,0.0,0.0
image_2789.png,surface,0.0,0.0,2.0452052961108076,-18.85928154470487,3.835090663125232,0.0,-2.3231159659291327,-0.62071321107667,0.0,0.0,0.0,-0.5760484092215084,0,0,0,0,0,0,-1.1379567173123226,-0.5801680653831816,1.8470067451082728,0.0,0.0,0.0
image_2790.png,surface,0.0,0.0,0.9524190660845542,22.39201875953166,-7.87271287569005,0.0,0.040923854750881235,-0.7131063202133558,0.0,0.0,0.0,2.8933244179216384,0,0,0,0,0,0,-0.06881377794806377,-0.2550644115163688,0.5153147479049814,0.0,0.0,0.0
image_2791.png,surface,0.0,0.0,0.7059838270687679,-4.5818034740753175,3.198150588385172,0.0,-1.67006400830937,1.666443694728837,0.0,0.0,0.0,0.4247439157565318,0,0,0,0,0,0,-0.07528789798059791,0.042355784657046806,0.145690098505506,0.0,0.0,0.0
image_2792.png,surface,0.0,0.0,2.6843016653251595,-10.680484296651624,-6.375864466774779,0.0,-2.742764349343236,0.1434595361952826,0.0,0.0,0.0,2.888739540177836,0,0,0,0,0,0,-1.0452279600057155,-0.04696497496513033,1.5621379871145196,0.0,0.0,0.0
image_2793.png,surface,0.0,0.0,0.7086358354646787,-15.600860282687767,3.5650985265037,0.0,0.43655917810687683,-0.20554503627470377,0.0,0.0,0.0,2.137451532370557,0,0,0,0,0,0,0.19704518502405396,-0.067783413373723,0.2781608146440109,0.0,0.0,0.0
image_2794.png,surface,0.0,0.0,1.9218009975985944,-15.449720659844559,-11.861851556338516,0.0,-2.0600098091990167,-0.11001386039503804,0.0,0.0,0.0,0.022803561361662616,0,0,0,0,0,0,-0.47876528550888187,-0.040356371386885075,1.2473157164398645,0.0,0.0,0.0
image_2795.png,surface,0.0,0.0,2.4781310180432117,0.164493791975296,-3.315606646516259,0.0,-1.4398182828016735,1.406227615681557,0.0,0.0,0.0,0.3874146606674773,0,0,0,0,0,0,-0.6560045941569609,0.5956521132338519,1.2378209843749168,0.0,0.0,0.0
image_2796.png,surface,0.0,0.0,0.9188516230711031,19.8328033861223,-9.811509722600599,0.0,-2.2691630383724632,1.9391836833347162,0.0,0.0,0.0,2.1781465178337704,0,0,0,0,0,0,-0.27600388166907863,0.20940353851895205,0.5960981255892693,0.0,0.0,0.0
image_2797.png,surface,0.0,0.0,2.1157918744530084,1.5930680472798429,-22.675050396886324,0.0,0.08099584312925796,-2.7254768075607316,0.0,0.0,0.0,-1.353803287305436,0,0,0,0,0,0,0.4849563340026171,-1.2928558579824923,2.069713143924226,0.0,0.0,0.0
image_2798.png,surface,0.0,0.0,2.326555010654168,1.2639487086003842,22.8502749648809,0.0,-1.5368840489881097,0.4232872942085187,0.0,0.0,0.0,2.048310996894797,0,0,0,0,0,0,-1.4176496603257507,0.03015480171182651,3.062968855498296,0.0,0.0,0.0
image_2799.png,surface,0.0,0.0,2.267978315744092,13.97654589210521,-5.164442641294415,0.0,0.056110023935637764,-0.4598849135311727,0.0,0.0,0.0,-1.5253935646906331,0,0,0,0,0,0,0.1650854951596399,-0.13935171134855479,1.3494220472022758,0.0,0.0,0.0
image_2800.png,surface,0.0,0.0,0.6292743118426309,-12.433620199435948,6.10861351407115,0.0,-0.37664311297552716,-1.7552335763182796,0.0,0.0,0.0,2.782529508443533,0,0,0,0,0,0,0.015844396722781675,-0.12678419552217968,0.22065203534000147,0.0,0.0,0.0
image_2801.png,surface,0.0,0.0,2.1039716636948005,-18.890027917994672,9.731363261286111,0.0,-0.11193557494378967,0.7563315321301647,0.0,0.0,0.0,-2.6738567976400187,0,0,0,0,0,0,-0.19478061271366096,0.13536704273067915,1.4170753626706911,0.0,0.0,0.0
image_2802.png,surface,0.0,0.0,0.8927903305967326,-2.4464498886765433,23.398321878068938,0.0,0.2139490079968187,-2.3020080058602677,0.0,0.0,0.0,1.3895707046462658,0,0,0,0,0,0,0.04611326680436875,-0.27376230776274446,0.5079056413688824,0.0,0.0,0.0
image_2803.png,surface,0.0,0.0,1.254915640716355,-18.732442714384987,10.828574598183113,0.0,0.6332569016483108,2.7532645148218506,0.0,0.0,0.0,-2.583673731550074,0,0,0,0,0,0,0.01163332711064674,0.3577722733644129,0.5783122504958306,0.0,0.0,0.0
image_2804.png,surface,0.0,0.0,2.8220342789587156,6.398201007943665,8.608443036930758,0.0,-0.7844447789495027,-1.2079058523985795,0.0,0.0,0.0,-0.8618734090407565,0,0,0,0,0,0,-0.48937590254386726,-0.5460285950534794,1.8173613869487626,0.0,0.0,0.0
image_2805.png,surface,0.0,0.0,0.6305788607202685,-14.961153387798115,-19.88650206625966,0.0,1.126726288371495,-0.5067703280066985,0.0,0.0,0.0,1.9772156942094492,0,0,0,0,0,0,0.45431155709262516,-0.14113089026952486,0.7772058970209575,0.0,0.0,0.0
image_2806.png,surface,0.0,0.0,2.6543216334146242,-24.138906102423196,1.2023322737799802,0.0,-1.6606828290475242,0.49772474182277376,0.0,0.0,0.0,-0.5130133596139719,0,0,0,0,0,0,-0.9450115039308746,-0.6426988895286823,3.2629187128105164,0.0,0.0,0.0
image_2807.png,surface,0.0,0.0,1.878068890254445,4.781170062578428,4.2965484152438425,0.0,-0.02432850481114401,0.7325406900882265,0.0,0.0,0.0,-0.073213992895369,0,0,0,0,0,0,-0.010300151476302451,0.3644768361948059,0.7416341468340786,0.0,0.0,0.0
image_2808.png,surface,0.0,0.0,0.578307979932871,2.7398299592494033,7.235277343374628,0.0,-2.508443354322265,-0.8902440018735512,0.0,0.0,0.0,-0.023610780171899215,0,0,0,0,0,0,-0.014552312118263093,-0.012803481200509033,0.12247132521968272,0.0,0.0,0.0
image_2809.png,surface,0.0,0.0,2.3849913271450944,-10.949876676598597,-22.245484247953865,0.0,-0.9547319397889926,2.830666797480354,0.0,0.0,0.0,0.8242666842047122,0,0,0,0,0,0,-0.16898457732309835,1.1453822184562463,1.8893757587960207,0.0,0.0,0.0
image_2810.png,surface,0.0,0.0,2.6437551833969097,-21.093498249223224,4.6924819545502325,0.0,1.511685588724919,-1.735607225789792,0.0,0.0,0.0,-0.28375224114854447,0,0,0,0,0,0,0.9487781816648954,-2.0160173669883634,4.418989428865184,0.0,0.0,0.0
image_2811.png,surface,0.0,0.0,1.6438789220991028,3.3752323930847585,-21.929363114733817,0.0,-0.7029010409218731,0.21731006651260285,0.0,0.0,0.0,2.1401662238352017,0,0,0,0,0,0,-0.1664414991438872,0.10762380714250167,1.0787953873059442,0.0,0.0,0.0
image_2812.png,surface,0.0,0.0,2.4795979802334243,5.8710438868751,-20.289082761908833,0.0,-2.3802902854320824,-0.7065132647690098,0.0,0.0,0.0,0.8412607802539602,0,0,0,0,0,0,-0.8391336170800524,-0.26215281135535334,1.5467123970146497,0.0,0.0,0.0
image_2813.png,surface,0.0,0.0,2.776177075511643,-8.163816429443155,-1.1859059290358438,0.0,2.0362221146454815,1.6806062902264784,0.0,0.0,0.0,1.7923230956473537,0,0,0,0,0,0,1.0339781491734426,0.5807532595110335,1.6489616400188656,0.0,0.0,0.0
image_2814.png,surface,0.0,0.0,1.9205742699689488,4.396740051101274,22.5686797745304,0.0,-0.20564825783245405,-1.5232327649755855,0.0,0.0,0.0,1.1652584921131837,0,0,0,0,0,0,-0.2801342911115557,-0.7464638762528465,1.4177876908759401,0.0,0.0,0.0
image_2815.png,surface,0.0,0.0,2.7917277805477223,14.616634760364386,15.160892595814257,0.0,-1.7339414815658711,0.35057890646338014,0.0,0.0,0.0,-1.546462524975145,0,0,0,0,0,0,-1.3291608885411572,0.6789809254555206,3.9739741059057954,0.0,0.0,0.0
image_2816.png,surface,0.0,0.0,1.5424374067446678,6.57376410781965,-9.97752443830283,0.0,-0.9488863342847857,0.551209337012858,0.0,0.0,0.0,2.131819886772594,0,0,0,0,0,0,-0.35780242504205584,0.21088225486352502,0.5710058621335286,0.0,0.0,0.0
image_2817.png,surface,0.0,0.0,2.5296628649794752,14.732101559440949,-18.712196598730237,0.0,2.2321579803239775,1.0416219392626067,0.0,0.0,0.0,1.104395407541162,0,0,0,0,0,0,2.4998260655947173,1.3797603321735372,5.625280399891779,0.0,0.0,0.0
image_2818.png,surface,0.0,0.0,2.4516649985719425,10.13806989111742,-7.548673052918459,0.0,-0.1243752763689604,0.22076064333939666,0.0,0.0,0.0,0.8167356734358866,0,0,0,0,0,0,0.053310284583836035,0.2058797889318849,1.5631339067996015,0.0,0.0,0.0
image_2819.png,surface,0.0,0.0,2.2973246810282264,1.148011015580885,-6.933789678812255,0.0,1.3832758140023629,-0.29719196770167056,0.0,0.0,0.0,1.0319424821927425,0,0,0,0,0,0,0.7917937069408877,-0.11854428465742167,1.3203170759570926,0.0,0.0,0.0
image_2820.png,surface,0.0,0.0,1.5286151100084124,-1.5552738915204796,-10.241159080207856,0.0,2.173629883921348,-1.4178721368983083,0.0,0.0,0.0,1.0621743412281015,0,0,0,0,0,0,0.32502091458112864,-0.1924203239912838,0.6327752126463616,0.0,0.0,0.0
image_2821.png,surface,0.0,0.0,1.6705672781642753,-12.346586679974289,7.785775437311461,0.0,2.2253845976655615,1.5640856296169405,0.0,0.0,0.0,-2.7876781364054186,0,0,0,0,0,0,0.36183695541494,0.21328910167969156,0.6045969379691354,0.0,0.0,0.0
image_2822.png,surface,0.0,0.0,1.0234858035716359,-2.3046951337808776,-15.605588909915086,0.0,2.982865624515278,-0.2610506913028253,0.0,0.0,0.0,2.601187230511222,0,0,0,0,0,0,0.3023295347773948,-0.04500803546231264,0.47275592889608525,0.0,0.0,0.0
image_2823.png,surface,0.0,0.0,1.1952158519424274,-15.55804020048239,8.749001853777889,0.0,-1.938270871667788,-1.99688609244565,0.0,0.0,0.0,-2.6693711844269474,0,0,0,0,0,0,-0.3084627514513751,-0.31095359693124575,0.6118742972823202,0.0,0.0,0.0
image_2824.png,surface,0.0,0.0,2.205650386267486,1.346774078295463,19.77400496874118,0.0,-0.43425126346986376,-1.0474614620064429,0.0,0.0,0.0,-2.6416647094877237,0,0,0,0,0,0,-0.44972762443207154,-0.45872140662391225,1.5767328998088979,0.0,0.0,0.0
image_2825.png,surface,0.0,0.0,1.3135968178275041,-13.165996398501267,-0.6791782356623551,0.0,2.8724828726513096,-0.1877261609247644,0.0,0.0,0.0,0.18023908887671425,0,0,0,0,0,0,0.253842119583098,-0.0743054963147858,0.5940415291095386,0.0,0.0,0.0
image_2826.png,surface,0.0,0.0,2.3107407635179653,-10.606600331935134,-12.736068359326477,0.0,0.5265165260960624,2.179247948913913,0.0,0.0,0.0,2.017891629940089,0,0,0,0,0,0,0.4683372952731216,0.8680143597767352,1.528567008312917,0.0,0.0,0.0
image_2827.png,surface,0.0,0.0,2.061026126158536,-7.00409113277878,-4.067070116818454,0.0,-0.5838171688020352,1.0804296047635062,0.0,0.0,0.0,-1.2265371732249997,0,0,0,0,0,0,-0.24357849346664048,0.3795031112196571,0.8000137976115911,0.0,0.0,0.0
image_2828.png,surface,0.0,0.0,1.3911590326109684,0.12906347244108468,-17.139892772416125,0.0,0.769558379427352,0.28981475131575407,0.0,0.0,0.0,0.5304957872196989,0,0,0,0,0,0,0.5714757801355665,0.15094704983349774,0.9014859553009907,0.0,0.0,0.0
image_2829.png,surface,0.0,0.0,0.9190457404900385,24.805014957217765,2.4290353386249732,0.0,-0.7791838387984693,-1.0824141728750125,0.0,0.0,0.0,1.1498937189745,0,0,0,0,0,0,-0.22976277610525228,-0.3024777206923535,0.5247871499321465,0.0,0.0,0.0
image_2830.png,surface,0.0,0.0,1.299382714004163,6.987706974162435,-3.893361627764802,0.0,-1.7127990198757865,1.000033509607217,0.0,0.0,0.0,-1.1821294132499827,0,0,0,0,0,0,-0.18213370686731445,0.08426795441072178,0.35389537078576727,0.0,0.0,0.0
image_2831.png,surface,0.0,0.0,1.4130743952212028,6.687022676912742,-10.92819915712195,0.0,0.20336316833367726,-2.774509393573877,0.0,0.0,0.0,0.2799604855700184,0,0,0,0,0,0,0.05897932480978564,-0.2927339238431151,0.6620722222164712,0.0,0.0,0.0
image_2832.png,surface,0.0,0.0,2.1144554519276446,4.829730381781181,20.4133351275415,0.0,0.020510434525204013,-2.1607708799390837,0.0,0.0,0.0,-0.49658569719267476,0,0,0,0,0,0,-0.11017874797257667,-0.9963449150507387,1.485309259121441,0.0,0.0,0.0
image_2833.png,surface,0.0,0.0,0.6545553271577516,4.176232124839587,-15.603271234517072,0.0,-1.6594002666347425,-0.06257394787649605,0.0,0.0,0.0,0.7408606937086573,0,0,0,0,0,0,-0.15305038909069776,-0.0039972534378294065,0.2664509428310799,0.0,0.0,0.0
image_2834.png,surface,0.0,0.0,2.6652875195585617,12.746558572552793,12.793850269497053,0.0,-0.7026812742217019,2.616153190101082,0.0,0.0,0.0,1.9983324939348384,0,0,0,0,0,0,-0.630576856144835,1.553232636621864,3.4489055974975953,0.0,0.0,0.0
image_2835.png,surface,0.0,0.0,2.0632505119673468,14.17124797335297,-10.015925152209405,0.0,-0.2889282985922996,-2.4424394707375057,0.0,0.0,0.0,1.565184604269338,0,0,0,0,0,0,-0.030507806810573333,-0.6383445418246633,1.0178120541230404,0.0,0.0,0.0
image_2836.png,surface,0.0,0.0,0.6329439496189075,22.63611940275772,-7.268154697045111,0.0,2.3473515626153985,1.8550699591364088,0.0,0.0,0.0,2.931101164672052,0,0,0,0,0,0,0.25922352260026804,0.19351520332726516,0.5100091309279557,0.0,0.0,0.0
image_2837.png,surface,0.0,0.0,1.128639655197829,-19.48527471450995,-5.096921062186941,0.0,0.7315826293826992,-2.3204681257571504,0.0,0.0,0.0,-1.1608499322254477,0,0,0,0,0,0,0.19257082844303594,-0.4864898118519973,0.873691757273615,0.0,0.0,0.0
image_2838.png,surface,0.0,0.0,0.8765157234317501,16.981632890899714,-4.305207024274171,0.0,1.9436495163085017,2.0160299709611396,0.0,0.0,0.0,2.5973895889794063,0,0,0,0,0,0,0.14836601169057098,0.16505777920670894,0.38722965118687974,0.0,0.0,0.0
image_2839.png,surface,0.0,0.0,1.9546014160212994,10.436868647248007,-12.329766331296632,0.0,0.42607441383448547,2.033655270192183,0.0,0.0,0.0,1.74042840813141,0,0,0,0,0,0,0.3720594905015717,1.0282883342985014,1.498354467193742,0.0,0.0,0.0
image_2840.png,surface,0.0,0.0,1.922541191267892,-23.867123968769373,-0.6559488433596398,0.0,2.135130739770591,-1.3944466851398079,0.0,0.0,0.0,-1.2939040517907703,0,0,0,0,0,0,1.2137651016707127,-1.436911145788784,2.8408341056495643,0.0,0.0,0.0
image_2841.png,surface,0.0,0.0,1.410517428189351,13.347227053946892,-9.81655647149605,0.0,-2.0665618232518996,1.5840644503181693,0.0,0.0,0.0,-1.1521753635872032,0,0,0,0,0,0,-0.3133054054108306,0.21545998312172404,0.6838216790162334,0.0,0.0,0.0
image_2842.png,surface,0.0,0.0,2.3994423968281224,-3.856536726908831,16.63491934787482,0.0,-0.6500959143778425,0.8047872469863337,0.0,0.0,0.0,0.013145280112573321,0,0,0,0,0,0,-0.6010491464901039,0.2635025332953995,1.8975485526242701,0.0,0.0,0.0
image_2843.png,surface,0.0,0.0,0.6544304052486689,4.198457295638998,-19.894707829243472,0.0,-0.3684018050586961,-1.157374938645814,0.0,0.0,0.0,-0.16101445635110911,0,0,0,0,0,0,-0.05338181341353245,-0.21965702057632014,0.4644692518751493,0.0,0.0,0.0
image_2844.png,surface,0.0,0.0,2.5684244423964926,-1.5315374579605556,3.30398219793329,0.0,2.180420213206228,0.0706057600609491,0.0,0.0,0.0,-1.0265250529540715,0,0,0,0,0,0,1.012793440463316,0.05757397818619335,1.331783550358199,0.0,0.0,0.0
image_2845.png,surface,0.0,0.0,2.7213203110248596,-0.5825089666365149,-1.0746997953522845,0.0,-2.7989153938053737,0.02200335910690958,0.0,0.0,0.0,-2.1623134817700462,0,0,0,0,0,0,-1.0831686775447553,-0.031265412072750486,1.3742753792537494,0.0,0.0,0.0
image_2846.png,surface,0.0,0.0,0.9646901629802405,-18.963738324980824,-13.415347341507381,0.0,-1.6437853094967476,1.6393771156205958,0.0,0.0,0.0,-2.45782447217306,0,0,0,0,0,0,-0.26253667711621226,0.2463242540584467,0.5651821882799575,0.0,0.0,0.0
image_2847.png,surface,0.0,0.0,2.851110858062852,-2.0414918951000596,-14.932684481190789,0.0,-2.7857221535308634,-0.4263551847322421,0.0,0.0,0.0,1.7481137335896948,0,0,0,0,0,0,-1.0458032344232755,-0.1923353764565955,1.6469385385958084,0.0,0.0,0.0
image_2848.png,surface,0.0,0.0,2.3309129204951873,2.5270258028389168,9.10012050798327,0.0,2.5399039799709633,0.3324260830504686,0.0,0.0,0.0,-1.6140050631204796,0,0,0,0,0,0,0.6740542094803865,0.06911425808383848,1.003002773065955,0.0,0.0,0.0
image_2849.png,surface,0.0,0.0,2.7336144703539897,5.579236762736685,-15.830476130219656,0.0,-0.35297303010742165,-2.0155445412932758,0.0,0.0,0.0,-0.5825491848284186,0,0,0,0,0,0,0.1900597099536891,-1.074279558819705,2.219904978046605,0.0,0.0,0.0
image_2850.png,surface,0.0,0.0,2.4787046370740793,-16.36958382460213,-7.750474632183569,0.0,-1.9237290968650822,0.38267877493027963,0.0,0.0,0.0,2.352021596263791,0,0,0,0,0,0,-0.7356846666589257,-0.08482955200116069,1.7014684908596869,0.0,0.0,0.0
image_2851.png,surface,0.0,0.0,0.6697800976365891,16.162397155200704,-16.798242712834305,0.0,-0.3290929557581174,-0.5306189440915394,0.0,0.0,0.0,-2.530455141076198,0,0,0,0,0,0,-0.042926429157888496,-0.2452293747224653,0.4211713086156656,0.0,0.0,0.0
image_2852.png,surface,0.0,0.0,1.1172336852015312,-17.62129731832619,-5.345091921845272,0.0,1.5505693102572187,-1.224453506856053,0.0,0.0,0.0,2.5382514684350657,0,0,0,0,0,0,0.41765835848812266,-0.3158726884306918,0.6826493520326729,0.0,0.0,0.0
image_2853.png,surface,0.0,0.0,2.627216485378462,6.231498638228253,-21.885316486461587,0.0,-0.9039941714961552,2.8258424249024494,0.0,0.0,0.0,2.7857146780315176,0,0,0,0,0,0,0.2097073097703359,1.4778401264835668,2.9934532148788553,0.0,0.0,0.0
image_2854.png,surface,0.0,0.0,0.6202158119552563,-2.676597719109263,-9.346505723529885,0.0,1.4921556959291307,0.07560721467695211,0.0,0.0,0.0,2.4072264889920607,0,0,0,0,0,0,0.09731725563714058,0.02143666768882364,0.16831489278632528,0.0,0.0,0.0
image_2855.png,surface,0.0,0.0,2.273022193640621,-4.810855258594808,-19.289047808049563,0.0,1.287179195158775,-0.9739133523439779,0.0,0.0,0.0,-1.6264515904775148,0,0,0,0,0,0,1.3978985719895438,-0.811442447879364,2.960302040787556,0.0,0.0,0.0
image_2856.png,surface,0.0,0.0,2.20336361807224,9.194200341748381,2.786142438829803,0.0,-1.0366478815729272,2.493921376129059,0.0,0.0,0.0,-1.4082533216352973,0,0,0,0,0,0,-0.40818002760833333,1.0820192230912988,1.3044895451771426,0.0,0.0,0.0
image_2857.png,surface,0.0,0.0,1.6100289235047693,-11.212461346071482,-4.86531922249438,0.0,0.6770436248208879,-2.390038033644075,0.0,0.0,0.0,2.946627039063981,0,0,0,0,0,0,0.2835098431172355,-0.58728792727205,0.8154572517416875,0.0,0.0,0.0
image_2858.png,surface,0.0,0.0,1.93706361232806,4.738417721183591,2.2331662359873423,0.0,-0.5836789968012848,-2.7679332539185206,0.0,0.0,0.0,-1.8219234882320572,0,0,0,0,0,0,-0.0346351724730634,-0.3473646272626107,0.6258886289943635,0.0,0.0,0.0
image_2859.png,surface,0.0,0.0,1.1513351362604243,21.163370037752433,-12.139378094098578,0.0,-1.0454240590462545,-1.8337897426510432,0.0,0.0,0.0,1.4705827216744138,0,0,0,0,0,0,-0.16706699593123361,-0.4219469896163803,0.7108186946947869,0.0,0.0,0.0
image_2860.png,surface,0.0,0.0,1.976647777959275,24.153183926724797,4.996072323656535,0.0,-1.0699905343648013,-1.8027963159399731,0.0,0.0,0.0,2.1876866448461296,0,0,0,0,0,0,-0.47976973290462116,-0.5957055987186559,1.1834339443528457,0.0,0.0,0.0
image_2861.png,surface,0.0,0.0,2.2202052799886665,16.642001411253766,8.549322432321178,0.0,-1.9010574713970334,-0.8084604637502277,0.0,0.0,0.0,-0.049387158050688384,0,0,0,0,0,0,-0.9585030587236381,-0.26749034811826344,1.691152013404356,0.0,0.0,0.0
image_2862.png,surface,0.0,0.0,1.4640503239927354,-5.073682200746995,-5.427163659716585,0.0,2.060838631237547,-1.961573502782929,0.0,0.0,0.0,1.7149383683632244,0,0,0,0,0,0,0.24558282258813738,-0.21947139448200134,0.4610125620264806,0.0,0.0,0.0
image_2863.png,surface,0.0,0.0,0.8700733656200508,-19.492314456318123,-14.392176814906154,0.0,2.0684495358829547,1.91401090228938,0.0,0.0,0.0,-2.7582525814614014,0,0,0,0,0,0,0.38575650044346355,0.2546302352279622,0.6773236380216432,0.0,0.0,0.0
image_2864.png,surface,0.0,0.0,2.8623859216672876,1.3744451643856197,-3.8578941061852667,0.0,-1.3247835459726827,0.30387221537380604,0.0,0.0,0.0,-2.7188281436559345,0,0,0,0,0,0,-0.5519803693182741,0.09676625372735083,1.6185793906125467,0.0,0.0,0.0
image_2865.png,surface,0.0,0.0,2.97375951033217,15.938765908192481,8.57890692960457,0.0,-2.387648691672495,-1.5197687888866687,0.0,0.0,0.0,1.3534362444513626,0,0,0,0,0,0,-1.2558879729120107,-0.5101555657751399,2.6935742054879768,0.0,0.0,0.0
image_2866.png,surface,0.0,0.0,0.6747979174696981,17.685533460511216,-1.214297773347847,0.0,0.22601378577478498,2.287736118807858,0.0,0.0,0.0,-2.7643807836231216,0,0,0,0,0,0,0.01599354194214895,0.18719133130047502,0.3027372542269857,0.0,0.0,0.0
image_2867.png,surface,0.0,0.0,0.6391312738585346,1.7459754211805794,-2.51963185120373,0.0,2.2411275547794896,-1.32764377683481,0.0,0.0,0.0,0.052894949382882306,0,0,0,0,0,0,0.04356257917518983,-0.03258681816790066,0.13052353684390652,0.0,0.0,0.0
image_2868.png,surface,0.0,0.0,1.4066937334840497,-13.571925331483117,-8.510305451001354,0.0,0.1819493399349334,2.5015087390575785,0.0,0.0,0.0,-0.5867588939877688,0,0,0,0,0,0,-0.04201329516176242,0.2954522449531385,0.6350908375643652,0.0,0.0,0.0
image_2869.png,surface,0.0,0.0,2.848673099335191,14.786931241326629,-5.799769554517603,0.0,1.6478392447162205,1.9064714694882299,0.0,0.0,0.0,0.43050828742989955,0,0,0,0,0,0,1.3051789460228986,1.55396884858916,4.075598107852113,0.0,0.0,0.0
image_2870.png,surface,0.0,0.0,1.449919118855248,-2.136861859101075,-14.852368051004873,0.0,2.8207492781780843,0.13902841755295264,0.0,0.0,0.0,-0.4290728439330511,0,0,0,0,0,0,0.4923725039411547,-0.0070081716117788295,0.7876027626123017,0.0,0.0,0.0
image_2871.png,surface,0.0,0.0,1.0720321168216527,21.649408045876363,-12.388492638710662,0.0,1.33517418592451,-0.22493665911940566,0.0,0.0,0.0,1.281105560565332,0,0,0,0,0,0,0.6696315971591491,0.03565436803164215,1.0136809971333525,0.0,0.0,0.0
image_2872.png,surface,0.0,0.0,2.9405473980244077,18.100091430913363,-4.631841751083122,0.0,0.1285541442683894,2.3248041751082917,0.0,0.0,0.0,1.5385796678327228,0,0,0,0,0,0,0.48127640399822913,2.013752099396676,5.230945330682639,0.0,0.0,0.0
image_2873.png,surface,0.0,0.0,1.0838889452164733,5.166123910283792,-17.42784312968559,0.0,-0.4786234068315718,0.8263486522055259,0.0,0.0,0.0,-2.145310344703489,0,0,0,0,0,0,-0.12533677230827014,0.2805864263826983,0.539920216537073,0.0,0.0,0.0
image_2874.png,surface,0.0,0.0,2.2117021282432434,-8.353702340417032,-20.43402877772143,0.0,2.466285808444703,-0.0367958659880269,0.0,0.0,0.0,1.7247195972682023,0,0,0,0,0,0,2.2662068202458268,-0.27867038754473084,4.058582619062154,0.0,0.0,0.0
image_2875.png,surface,0.0,0.0,0.779273843524353,-7.435298834434608,-11.142834924609708,0.0,1.9648637262318103,1.3447954864192986,0.0,0.0,0.0,0.21096185297845516,0,0,0,0,0,0,0.12381183853473975,0.06234991735866483,0.29460912047430277,0.0,0.0,0.0
image_2876.png,surface,0.0,0.0,2.080352422969774,-23.156741751959363,6.620782434035452,0.0,1.4280928591391429,0.9053770705469828,0.0,0.0,0.0,0.28766722271451073,0,0,0,0,0,0,0.778711540556387,0.16707764280929574,1.5376508676826748,0.0,0.0,0.0
image_2877.png,surface,0.0,0.0,0.8623809405267503,2.638130876880483,-14.09878602701666,0.0,-0.3808382765992307,1.2763058326230559,0.0,0.0,0.0,-0.33336451045162585,0,0,0,0,0,0,-0.08457294883120699,0.1990839861568269,0.3491524707608501,0.0,0.0,0.0
image_2878.png,surface,0.0,0.0,1.1967648837421332,-16.825433668298096,-18.759783023892542,0.0,-0.15563927488425341,-1.9675812033629856,0.0,0.0,0.0,1.899444509983537,0,0,0,0,0,0,0.30116985460231444,-1.142756710393382,1.5741202853883938,0.0,0.0,0.0
image_2879.png,surface,0.0,0.0,1.5912482309470548,7.42284064258018,14.43627645442071,0.0,-0.733012887580997,-1.4782405957436,0.0,0.0,0.0,0.6790046694151561,0,0,0,0,0,0,-0.20059423248899727,-0.40309964863305386,0.6613130009318803,0.0,0.0,0.0
image_2880.png,surface,0.0,0.0,2.412542172928779,-4.412903609752842,21.126156098135908,0.0,-0.920195587101862,-2.0256865211862767,0.0,0.0,0.0,2.9583066395382103,0,0,0,0,0,0,-0.8278792405777986,-1.2289218264121406,2.6819648188450653,0.0,0.0,0.0
image_2881.png,surface,0.0,0.0,1.8878960653651182,-16.673804543691944,-9.655874694496891,0.0,-2.5195201014489417,0.5705324232308704,0.0,0.0,0.0,-0.46275536633475234,0,0,0,0,0,0,-0.5820407404707454,0.08229685698545611,1.0650400840321725,0.0,0.0,0.0
image_2882.png,surface,0.0,0.0,0.9501891673319538,-5.85820012883106,-18.592921772376343,0.0,1.3187885592870827,0.852070518900331,0.0,0.0,0.0,-1.4832971192455602,0,0,0,0,0,0,0.36926225669343893,0.14772218972033363,0.5985432647264091,0.0,0.0,0.0
image_2883.png,surface,0.0,0.0,2.3872446023196487,-9.375990187372587,-5.6507185432153095,0.0,-1.617541425322754,-0.42012621247764176,0.0,0.0,0.0,2.075322980673575,0,0,0,0,0,0,-0.6424445543144873,-0.3065677871773426,1.2813556260348913,0.0,0.0,0.0
image_2884.png,surface,0.0,0.0,2.094310282084108,-16.756339094905403,7.888591836262152,0.0,0.047125515327789684,-1.8760906429286628,0.0,0.0,0.0,-0.26400765751378463,0,0,0,0,0,0,-0.043930876553627256,-1.3857758761114598,2.289235279352456,0.0,0.0,0.0
image_2885.png,surface,0.0,0.0,0.5480656408626048,13.246262766376667,6.583962536143991,0.0,-0.1092279060999958,1.373589582659133,0.0,0.0,0.0,2.5732199536408675,0,0,0,0,0,0,-0.03290478355040439,0.11758154593095504,0.1866880478734337,0.0,0.0,0.0
image_2886.png,surface,0.0,0.0,0.663997306798052,23.56315706882896,-6.289618954989674,0.0,-0.6107065179380753,0.47223692002445683,0.0,0.0,0.0,-0.45976689468210186,0,0,0,0,0,0,-0.2523978459792253,0.2673723654311964,0.6461062452022727,0.0,0.0,0.0
image_2887.png,surface,0.0,0.0,0.7302924850059054,15.259992632801833,18.46226640533071,0.0,-1.6552493971563746,-1.5837164223433047,0.0,0.0,0.0,-1.3597208698525256,0,0,0,0,0,0,-0.20834978389609518,-0.1378273750316494,0.44041086916871924,0.0,0.0,0.0
image_2888.png,surface,0.0,0.0,1.1237657620560153,-5.3589028510453485,-3.2380409263683796,0.0,-2.764983261705857,-0.3064989715993098,0.0,0.0,0.0,-1.1783032375289477,0,0,0,0,0,0,-0.14887888861839485,0.004223780196997956,0.3250896220468638,0.0,0.0,0.0
image_2889.png,surface,0.0,0.0,1.1917995725344326,22.10867325827638,11.44890219820899,0.0,-1.5930564277417947,0.5519647025560058,0.0,0.0,0.0,-2.1540400580998065,0,0,0,0,0,0,-0.7188647384502824,0.3656283472205798,1.0899827362347738,0.0,0.0,0.0
image_2890.png,surface,0.0,0.0,2.193720502140365,10.864779609366202,3.470890224554379,0.0,-0.5153486463892835,0.9752360085006785,0.0,0.0,0.0,-1.4278237079096867,0,0,0,0,0,0,-0.21491521732824195,0.5335885005291368,1.2419699053948312,0.0,0.0,0.0
image_2891.png,surface,0.0,0.0,2.125821616796358,9.203559919360057,-16.339873764565688,0.0,0.26561550116058297,-0.550602770455108,0.0,0.0,0.0,-1.9429170839981966,0,0,0,0,0,0,0.4317206220284647,-0.23040131061188665,1.6699831375869303,0.0,0.0,0.0
image_2892.png,surface,0.0,0.0,2.680007946790309,-11.186077658812152,0.22239835762898322,0.0,2.970703476405835,0.33413945152689106,0.0,0.0,0.0,1.8680100543836522,0,0,0,0,0,0,1.3978620466296983,0.02640452536559072,1.8921223534432199,0.0,0.0,0.0
image_2893.png,surface,0.0,0.0,2.5382862885446857,16.09717877546562,7.617252786383644,0.0,-2.831268784968017,-0.0009444990795723419,0.0,0.0,0.0,2.389040826011726,0,0,0,0,0,0,-1.374456900418992,0.22952351942010824,2.2318292182222446,0.0,0.0,0.0
image_2894.png,surface,0.0,0.0,2.4713772311810933,0.9867853958040032,-11.381620770440742,0.0,-2.051465268631876,-0.17347681571674825,0.0,0.0,0.0,0.1852182357276555,0,0,0,0,0,0,-0.8556917802098053,-0.10771819329215537,1.1950299329730876,0.0,0.0,0.0
image_2895.png,surface,0.0,0.0,1.9722663270716299,-7.759484070211646,22.641755132046928,0.0,1.503329160259326,2.173312720092831,0.0,0.0,0.0,-0.043841960862534,0,0,0,0,0,0,0.321459691996237,0.6185203041924214,1.3462199197843236,0.0,0.0,0.0
image_2896.png,surface,0.0,0.0,0.7665816706996244,18.134234145468923,-1.283308491652841,0.0,-0.3305373637310332,-1.376053124000456,0.0,0.0,0.0,-1.5910439873469915,0,0,0,0,0,0,0.011313730212002604,-0.18519978354278435,0.3312482464671656,0.0,0.0,0.0
image_2897.png,surface,0.0,0.0,2.2193713507664676,-14.463434671656076,-16.609868587379577,0.0,2.5159991962492363,-0.9419721698405504,0.0,0.0,0.0,-1.1391002481943675,0,0,0,0,0,0,2.2201483414812246,-1.1826348586220232,4.190557608361895,0.0,0.0,0.0
image_2898.png,surface,0.0,0.0,1.255803738738373,7.969169027427676,4.303288655222276,0.0,1.4239575395441617,0.42999549321823544,0.0,0.0,0.0,-2.8746652384651425,0,0,0,0,0,0,0.19554155771043308,0.03815560099746219,0.3188595415056589,0.0,0.0,0.0
image_2899.png,surface,0.0,0.0,2.458486876013028,-5.198230921621908,-4.8347995641754204,0.0,-1.7339684144198397,1.174984767355456,0.0,0.0,0.0,2.894654173864131,0,0,0,0,0,0,-0.6557991390078323,0.3486388402829342,1.0744410299384344,0.0,0.0,0.0
image_2900.png,surface,0.0,0.0,1.416716959533417,20.7949615025055,1.0603048606589,0.0,1.1875227703243958,0.0877103673108089,0.0,0.0,0.0,1.0323221614229094,0,0,0,0,0,0,0.5203859330523103,0.18112230187774922,0.8846580388284025,0.0,0.0,0.0
image_2901.png,surface,0.0,0.0,0.8360150873496228,-0.08453786063019518,15.41294835550601,0.0,0.3565430174883899,-1.4967449990802284,0.0,0.0,0.0,0.2634843556808888,0,0,0,0,0,0,0.0692383852562626,-0.18596431135497846,0.28296400577093966,0.0,0.0,0.0
image_2902.png,surface,0.0,0.0,2.0132710264710916,6.098020058425951,22.468915150919933,0.0,1.791425864501896,0.5345337300603596,0.0,0.0,0.0,-1.5218010696906756,0,0,0,0,0,0,0.6376277724849224,0.25127952691526007,1.1060380334001003,0.0,0.0,0.0
image_2903.png,surface,0.0,0.0,2.7070135433449876,5.8970323278591605,-6.437880882904543,0.0,-0.2292556032194028,-0.6211102308392755,0.0,0.0,0.0,2.625476079405737,0,0,0,0,0,0,-0.02027157471399963,-0.22588650645345684,1.5420052250501837,0.0,0.0,0.0
image_2904.png,surface,0.0,0.0,0.9396452937106599,16.670633186063743,16.97782581264904,0.0,-0.3067218009116401,1.1619971996712861,0.0,0.0,0.0,2.6113199107633998,0,0,0,0,0,0,-0.23931263581473802,0.4368867440040487,0.6928385482726434,0.0,0.0,0.0
image_2905.png,surface,0.0,0.0,1.2360647913148144,-10.131759921113929,17.049415416762937,0.0,-0.05562332594652122,-2.209851465266595,0.0,0.0,0.0,-2.77475581884831,0,0,0,0,0,0,-0.03822378907783899,-0.3819807476480636,0.6423547988548816,0.0,0.0,0.0
image_2906.png,surface,0.0,0.0,1.1610849571575927,-6.941867456217661,18.464992778684792,0.0,-1.3893750648968817,-1.9534638672966955,0.0,0.0,0.0,0.7459020519194661,0,0,0,0,0,0,-0.1844850269073392,-0.3258445851415932,0.5582688085826211,0.0,0.0,0.0
image_2907.png,surface,0.0,0.0,2.4556929109333487,2.360913681055712,8.720011978927673,0.0,0.7361500531662118,-2.3785770108949307,0.0,0.0,0.0,-1.1865002281422077,0,0,0,0,0,0,0.2515136278929765,-0.5679450590030422,1.174426007111547,0.0,0.0,0.0
image_2908.png,surface,0.0,0.0,0.8804482865690434,19.807715302619513,12.4320880589706,0.0,-2.1976037074147423,-1.07385084820023,0.0,0.0,0.0,0.35812338181440984,0,0,0,0,0,0,-0.20830260530629516,-0.11586371800725982,0.5692373231411865,0.0,0.0,0.0
image_2909.png,surface,0.0,0.0,1.6009741041661005,-10.208794664461855,-20.0148111115882,0.0,1.985633972355551,1.6627522562726487,0.0,0.0,0.0,2.64689644432932,0,0,0,0,0,0,0.8777409224362652,0.3190047354966966,1.5511426765106158,0.0,0.0,0.0
image_2910.png,surface,0.0,0.0,1.4415070791175548,17.696069232263035,5.6964142278323315,0.0,-1.0571710558394793,0.42235808561547317,0.0,0.0,0.0,1.3804134282232328,0,0,0,0,0,0,-0.5333387387873588,0.2203208698288837,0.8167300638952674,0.0,0.0,0.0
image_2911.png,surface,0.0,0.0,2.4233272376713106,-5.8981767281342306,21.31091498877023,0.0,-0.4546923902963623,-1.9493256035835977,0.0,0.0,0.0,1.9672179766248545,0,0,0,0,0,0,-0.610813592688679,-1.283344880302399,2.661436815111984,0.0,0.0,0.0
image_2912.png,surface,0.0,0.0,1.598531268898601,-5.44649589773467,-12.589272946590517,0.0,-2.179067854682057,0.3279250040145231,0.0,0.0,0.0,2.771485174950695,0,0,0,0,0,0,-0.37420231161248074,0.08666064330444025,0.5988782152931406,0.0,0.0,0.0
image_2913.png,surface,0.0,0.0,1.1222635238396637,-12.788528537520932,17.75555370126454,0.0,2.798887219880291,0.9796845500084805,0.0,0.0,0.0,0.3142336777952801,0,0,0,0,0,0,0.3345144643608529,0.035918649250672265,0.5687460623099799,0.0,0.0,0.0
image_2914.png,surface,0.0,0.0,0.7015410955883792,0.5106510104797229,-3.912434136669717,0.0,0.04521814573378655,1.5888069997469092,0.0,0.0,0.0,2.4539183907886617,0,0,0,0,0,0,-0.006081472414199818,0.05331401663182813,0.13472604995449694,0.0,0.0,0.0
image_2915.png,surface,0.0,0.0,1.714548501045816,-15.350586457240984,-12.87923917961397,0.0,0.07312631083412072,2.645287224708441,0.0,0.0,0.0,-0.2999618831324309,0,0,0,0,0,0,0.01527520986519642,0.49545649606908737,1.014216918040123,0.0,0.0,0.0
image_2916.png,surface,0.0,0.0,1.1225422516912484,-16.576287958824924,-16.1521646632118,0.0,-1.341733356983083,-1.6178874662498988,0.0,0.0,0.0,-1.0464752393553414,0,0,0,0,0,0,-0.2252701568443121,-0.5109830176871027,0.8498231798883328,0.0,0.0,0.0
image_2917.png,surface,0.0,0.0,2.213767014710122,-5.35122919807394,8.948016862496868,0.0,-1.890927942819229,-1.9019118993456385,0.0,0.0,0.0,0.8935094147754556,0,0,0,0,0,0,-0.38930859168839416,-0.4182203098075582,1.2348153612894468,0.0,0.0,0.0
image_2918.png,surface,0.0,0.0,1.10020783803322,6.786097392167291,-12.382231277030774,0.0,-1.110557562673829,-1.4228132169959729,0.0,0.0,0.0,0.7538312891820933,0,0,0,0,0,0,-0.15606373127791393,-0.22508737038638987,0.3469283989977534,0.0,0.0,0.0
image_2919.png,surface,0.0,0.0,1.8424780262562084,21.76194241374919,1.4005182739134285,0.0,-1.678880323198779,2.3119468226929354,0.0,0.0,0.0,-1.955639125447393,0,0,0,0,0,0,-0.7387801909057927,1.50538043184999,2.4395030356032925,0.0,0.0,0.0
image_2920.png,surface,0.0,0.0,2.091424123802039,-14.196003080145909,-15.133060145395998,0.0,-0.8256147700024972,0.2458048261130948,0.0,0.0,0.0,-1.0585512671251525,0,0,0,0,0,0,-0.2961263111637113,-0.15984451754084258,1.606903013856287,0.0,0.0,0.0
image_2921.png,surface,0.0,0.0,2.751694352973152,24.288002713983534,5.150914811136947,0.0,0.27238551967399627,-1.3850241438856188,0.0,0.0,0.0,-1.2753996071355338,0,0,0,0,0,0,0.26303890081408177,-0.301304186231661,2.5166577821479867,0.0,0.0,0.0
image_2922.png,surface,0.0,0.0,2.7634622727333493,2.993123918697333,10.584392340689135,0.0,-0.1721804394200364,-1.1695982280849597,0.0,0.0,0.0,1.9388250135815905,0,0,0,0,0,0,-0.1629578929486661,-0.6011689836811043,1.6135104720360114,0.0,0.0,0.0
image_2923.png,surface,0.0,0.0,2.171246191384363,17.64744844859371,-3.4898086122726935,0.0,-0.5819766897083871,0.031143439178565484,0.0,0.0,0.0,1.199237189788728,0,0,0,0,0,0,-0.29020311530883963,0.11483648207852991,1.4351827903081924,0.0,0.0,0.0
image_2924.png,surface,0.0,0.0,1.0335649090697623,13.158882079355804,-14.320669037994556,0.0,1.5858003031520538,-1.063695163609515,0.0,0.0,0.0,2.704570296532741,0,0,0,0,0,0,0.27647566756707737,-0.13918024317668407,0.5202385212359331,0.0,0.0,0.0
image_2925.png,surface,0.0,0.0,0.6505624029272357,3.0876562620815173,19.678532898113133,0.0,-0.5149890637166048,2.5746298469032607,0.0,0.0,0.0,0.8756074700639123,0,0,0,0,0,0,-0.049820590828640654,0.16039195720883334,0.2826312882079865,0.0,0.0,0.0
image_2926.png,surface,0.0,0.0,2.3805436241928772,-17.906720848442117,-3.6822452789871214,0.0,0.22006789678388838,1.2770226586532705,0.0,0.0,0.0,-2.0049500064131625,0,0,0,0,0,0,0.15951537778327066,0.3632215004044135,1.5753796995193023,0.0,0.0,0.0
image_2927.png,surface,0.0,0.0,1.3999494256177023,-2.51912680869094,-7.444539501751172,0.0,-1.361286590593021,1.540978185580241,0.0,0.0,0.0,-1.7423579042897097,0,0,0,0,0,0,-0.19989416309196714,0.20654363818444849,0.40477212886849423,0.0,0.0,0.0
image_2928.png,surface,0.0,0.0,0.8016935884722044,2.062784902791439,-14.378515172559906,0.0,1.1814688682895493,-2.527536236677367,0.0,0.0,0.0,0.23258783647333647,0,0,0,0,0,0,0.11924616855410917,-0.17802328996412317,0.3364154172099427,0.0,0.0,0.0
image_2929.png,surface,0.0,0.0,2.5880797637233712,16.79919953426868,-7.68713856122418,0.0,-1.5989690292378052,0.9106275252445205,0.0,0.0,0.0,-1.835657520253951,0,0,0,0,0,0,-0.5414975910427464,0.7541406164246711,2.4690412095814476,0.0,0.0,0.0
image_2930.png,surface,0.0,0.0,1.8426625826293375,0.6542695451795427,-24.885652061779314,0.0,0.0604832744347216,1.705173629600395,0.0,0.0,0.0,0.4333645303195599,0,0,0,0,0,0,0.5745165163426666,0.8864511210090681,2.1369712177238984,0.0,0.0,0.0
image_2931.png,surface,0.0,0.0,2.8725307607326322,5.7269350815308115,-4.398115457031578,0.0,0.11007696449479695,-0.2154440742894906,0.0,0.0,0.0,-1.2957115413683196,0,0,0,0,0,0,0.18969445635523882,-0.07414975916785735,1.9150999623209966,0.0,0.0,0.0
image_2932.png,surface,0.0,0.0,1.9471859314966908,-13.20683612969407,-15.81458560563064,0.0,-0.40668899970924793,2.2441931730878295,0.0,0.0,0.0,-0.18633867024573547,0,0,0,0,0,0,-0.12114244348606418,0.5866335166344518,1.2479766855582146,0.0,0.0,0.0
image_2933.png,surface,0.0,0.0,2.8782006948508654,11.704891059863684,-19.91032578090873,0.0,-1.5016124527116625,-1.158817099172693,0.0,0.0,0.0,1.8010659268524165,0,0,0,0,0,0,-0.37955327682977996,-0.3981601068011823,2.3718162250782004,0.0,0.0,0.0
image_2934.png,surface,0.0,0.0,1.8713269349380177,-16.092242386035302,-15.33360381417544,0.0,0.5927274235592724,1.8211189967064072,0.0,0.0,0.0,1.8075503902234882,0,0,0,0,0,0,0.5049098337079667,0.6799814186418484,1.3338401468379304,0.0,0.0,0.0
image_2935.png,surface,0.0,0.0,0.9299700185473723,-13.021885063275617,10.69138358754387,0.0,-2.2425533488241953,-1.8625436224834995,0.0,0.0,0.0,0.1562370699404383,0,0,0,0,0,0,-0.1815706075697032,-0.09350363915432527,0.3329944554217256,0.0,0.0,0.0
image_2936.png,surface,0.0,0.0,2.909924857689859,-8.877843789314971,13.575861784006781,0.0,1.4025497631046893,-0.48815515707038004,0.0,0.0,0.0,-0.4312316902429969,0,0,0,0,0,0,0.54485792414849,-0.4852470608815577,2.430220438897273,0.0,0.0,0.0
image_2937.png,surface,0.0,0.0,0.7245010919359183,-2.6505863698679786,-21.505206454738328,0.0,-1.9036478124877423,-0.9605664551923464,0.0,0.0,0.0,-1.5092248318655828,0,0,0,0,0,0,-0.26521063783486826,-0.11885575895127862,0.45203588683807866,0.0,0.0,0.0
image_2938.png,surface,0.0,0.0,0.9566354334570683,-11.56266840644274,-13.661515710356367,0.0,2.5419393117987568,-0.6620467053645122,0.0,0.0,0.0,1.7984011714446542,0,0,0,0,0,0,0.31566129112083613,-0.10896094426259423,0.6126379845744679,0.0,0.0,0.0
image_2939.png,surface,0.0,0.0,2.9897572113581483,2.7320108952524396,-4.460644012530991,0.0,2.306478541847731,0.016854165678090668,0.0,0.0,0.0,2.1365981247568175,0,0,0,0,0,0,1.3268202217310872,0.10440838564430278,2.4835110740642437,0.0,0.0,0.0
image_2940.png,surface,0.0,0.0,2.4464920579971237,11.386303613064136,-19.00294712643051,0.0,-1.0839706397990103,1.9389182759496773,0.0,0.0,0.0,-0.9253102172772039,0,0,0,0,0,0,-0.042972085857694825,1.1877789037781428,2.834704510278379,0.0,0.0,0.0
image_2941.png,surface,0.0,0.0,2.6020670422281986,12.051343020465632,-10.498410199353357,0.0,-0.6352072176299887,2.28635533730561,0.0,0.0,0.0,0.392269869540228,0,0,0,0,0,0,0.07016521626233053,1.463303086334421,2.9033381144054284,0.0,0.0,0.0
image_2942.png,surface,0.0,0.0,1.67871470227255,-10.852156460180842,-8.632103406663406,0.0,-0.23485851016082684,-1.3298885930894226,0.0,0.0,0.0,0.5561924101244449,0,0,0,0,0,0,-0.014835383657062162,-0.7933391843758063,1.038199378618093,0.0,0.0,0.0
image_2943.png,surface,0.0,0.0,1.4466991264789517,-11.086434524070993,4.339331887506153,0.0,2.4036381629757093,0.685847958485778,0.0,0.0,0.0,-1.3964330499645152,0,0,0,0,0,0,0.33789153825652607,0.07420481775515529,0.4977901342535923,0.0,0.0,0.0
image_2944.png,surface,0.0,0.0,1.1787930123142216,-9.950779978623114,0.935966975876237,0.0,-2.455167780868575,1.162232285980873,0.0,0.0,0.0,-0.46627239126973397,0,0,0,0,0,0,-0.21877168657188126,0.08704762651801982,0.3684992154952577,0.0,0.0,0.0
image_2945.png,surface,0.0,0.0,0.6345850347873789,11.915279732479371,9.050422594204761,0.0,1.3468230662703,0.3226892689273256,0.0,0.0,0.0,-2.3784712013196367,0,0,0,0,0,0,0.11227591238367976,0.009509404577598779,0.19620064396860656,0.0,0.0,0.0
image_2946.png,surface,0.0,0.0,0.6182934390098398,17.162429815859,-11.020029641130117,0.0,-2.05674348478174,0.5042235980012916,0.0,0.0,0.0,-2.034308723225119,0,0,0,0,0,0,-0.20815802575690864,0.05368212261547712,0.3464416041741036,0.0,0.0,0.0
image_2947.png,surface,0.0,0.0,1.3199702156684223,7.587523971728387,-18.00748436262244,0.0,-1.795600092510246,0.21064074043906963,0.0,0.0,0.0,2.4749402299854193,0,0,0,0,0,0,-0.39066307378264775,0.10535853955081557,0.6292917267523549,0.0,0.0,0.0
image_2948.png,surface,0.0,0.0,1.0596927260150761,-10.6162687487907,6.622852397815847,0.0,-0.9673139786026848,1.5877598729165538,0.0,0.0,0.0,1.766550655025962,0,0,0,0,0,0,-0.1212870230354508,0.19046181138597162,0.34384685378382396,0.0,0.0,0.0
image_2949.png,surface,0.0,0.0,2.166972509633726,-13.057896226693611,11.866780725442315,0.0,-0.39110362371466617,1.1139254668388037,0.0,0.0,0.0,-1.0156648720334445,0,0,0,0,0,0,-0.27098164469038527,0.4167431665654792,1.2733525404937889,0.0,0.0,0.0
image_2950.png,surface,0.0,0.0,0.9240522556973494,11.41339752301486,-2.930721096217718,0.0,-0.948709438651706,2.2866127673725867,0.0,0.0,0.0,-1.641218786647981,0,0,0,0,0,0,-0.0689811858473536,0.13013490383488202,0.27548121011015947,0.0,0.0,0.0
image_2951.png,surface,0.0,0.0,2.7726265190196866,-2.124174382661874,16.619341455484253,0.0,1.0730126425668811,-0.7645196898546909,0.0,0.0,0.0,-0.8745734128786085,0,0,0,0,0,0,0.3543233845168155,-0.49578684759287495,2.0433190392657896,0.0,0.0,0.0
image_2952.png,surface,0.0,0.0,2.919316358753704,13.461374741514764,-14.10476927535359,0.0,-1.2970321828989229,-1.8001721903917391,0.0,0.0,0.0,-0.5049535895285171,0,0,0,0,0,0,-0.3688756966350785,-0.8409098038012138,2.0743354617451213,0.0,0.0,0.0
image_2953.png,surface,0.0,0.0,1.687230561787135,-2.3156906861752513,4.946136746513267,0.0,-1.4674978031399197,-0.15282183333170918,0.0,0.0,0.0,-2.2379351786201758,0,0,0,0,0,0,-0.375938788095114,-0.0187592472436503,0.5608010348671103,0.0,0.0,0.0
image_2954.png,surface,0.0,0.0,0.6277906197591543,1.805370455400794,-12.899970474636419,0.0,0.2651963858601617,1.0741112724628807,0.0,0.0,0.0,-1.742213059099972,0,0,0,0,0,0,0.016195953311290232,0.1318810476034734,0.2171819474686637,0.0,0.0,0.0
image_2955.png,surface,0.0,0.0,0.9265860785677487,4.177695968146863,19.1271343039748,0.0,0.6948990412647886,-1.3984025980501622,0.0,0.0,0.0,-2.447302844534332,0,0,0,0,0,0,0.12407969117360332,-0.19304327257899728,0.35282352897222674,0.0,0.0,0.0
image_2956.png,surface,0.0,0.0,1.167937661217518,12.728721165420614,3.3145026588047917,0.0,0.7511080369761121,-1.7790326100583316,0.0,0.0,0.0,-0.9756341374968889,0,0,0,0,0,0,0.08614506119453756,-0.12228512238869226,0.3847286869552851,0.0,0.0,0.0
image_2957.png,surface,0.0,0.0,2.6899449703224123,-12.283095553117322,12.571832106827728,0.0,1.1694038246704446,0.28027453954157405,0.0,0.0,0.0,-0.9348593621897474,0,0,0,0,0,0,0.5308945834577284,-0.07661795698129865,1.9701301074311928,0.0,0.0,0.0
image_2958.png,surface,0.0,0.0,2.7206724035616983,2.56218315536848,6.068335380986577,0.0,1.2833256272456033,2.6855783415215657,0.0,0.0,0.0,-0.541840105798042,0,0,0,0,0,0,0.540840134565535,1.1371596117189249,1.6893790084044584,0.0,0.0,0.0
image_2959.png,surface,0.0,0.0,2.915742732732458,3.9449514384472573,-9.970186045044205,0.0,1.4812925376425168,-2.5946904675931184,0.0,0.0,0.0,-0.9099782296462156,0,0,0,0,0,0,1.0891375300994335,-1.1825845193422078,2.4837790345176303,0.0,0.0,0.0
image_2960.png,surface,0.0,0.0,1.156614128980131,-19.851248450416257,-13.616711268005961,0.0,-0.6875295310781155,1.8055111515227675,0.0,0.0,0.0,-2.7871165614065756,0,0,0,0,0,0,-0.21438255583050156,0.40125911871480835,0.6778595589284141,0.0,0.0,0.0
image_2961.png,surface,0.0,0.0,0.939553999253362,1.1199728799076303,-7.878870741048567,0.0,1.0606336711279423,-1.6425284367050867,0.0,0.0,0.0,1.952261623287539,0,0,0,0,0,0,0.09080204457478076,-0.1102823503577445,0.2503152575297375,0.0,0.0,0.0
image_2962.png,surface,0.0,0.0,1.8120695475943156,3.420295357343117,8.838895988817587,0.0,0.7658101943915292,-2.2367510754779523,0.0,0.0,0.0,0.231460655913291,0,0,0,0,0,0,0.18971728470514188,-0.4363707663859429,0.6904291371959552,0.0,0.0,0.0
image_2963.png,surface,0.0,0.0,1.3608963668274585,3.897222628031405,-2.7526582622453977,0.0,-2.2982612549614956,-1.461230829497599,0.0,0.0,0.0,0.9060175311264551,0,0,0,0,0,0,-0.18890916111857028,-0.12395261103257217,0.33587503029561583,0.0,0.0,0.0
image_2964.png,surface,0.0,0.0,1.495328420257562,6.487714848666324,14.705649085348728,0.0,2.779759676234343,0.29265653796702706,0.0,0.0,0.0,1.0869607567512638,0,0,0,0,0,0,0.3391744915210833,-0.013970723251225019,0.5641773365797639,0.0,0.0,0.0
image_2965.png,surface,0.0,0.0,1.6309773859186134,5.138352568165536,17.441979700593915,0.0,1.6904673174472764,2.0026224270190895,0.0,0.0,0.0,1.2197729534355553,0,0,0,0,0,0,0.27854239417830945,0.38270594789790185,0.7267623416712038,0.0,0.0,0.0
image_2966.png,surface,0.0,0.0,0.652252128428144,11.48129353728079,-21.369605519518203,0.0,-1.821622014255677,-2.1441358180365375,0.0,0.0,0.0,1.7953937253305359,0,0,0,0,0,0,-0.16149383477487717,-0.2089473387956265,0.4775725180456828,0.0,0.0,0.0
image_2967.png,surface,0.0,0.0,1.3114991570796635,-13.179204867157045,12.375937540547381,0.0,-1.4423948493910186,1.4172670892658015,0.0,0.0,0.0,-0.20669293566522828,0,0,0,0,0,0,-0.28499825153092107,0.22465319409798315,0.60532713020461,0.0,0.0,0.0
image_2968.png,surface,0.0,0.0,2.358032351528478,-12.067131897401493,12.283848303770583,0.0,2.7322208713833662,0.13317129561214827,0.0,0.0,0.0,-1.8805531644737221,0,0,0,0,0,0,0.8291713251823164,0.020057056801387054,1.28673269913282,0.0,0.0,0.0
image_2969.png,surface,0.0,0.0,1.696645309763131,16.538993865382544,-18.335883071151734,0.0,0.9464441357846567,-2.1914921615808747,0.0,0.0,0.0,-2.2186756198674353,0,0,0,0,0,0,0.5243580659354591,-0.5344096600311229,1.4502444007922173,0.0,0.0,0.0
image_2970.png,surface,0.0,0.0,2.4137270262965793,10.780544366504706,-5.839194895121419,0.0,-0.7715225196605271,-1.0392829333263534,0.0,0.0,0.0,0.36784504121525563,0,0,0,0,0,0,-0.3117074209176098,-0.45253282141162493,1.2707220620430568,0.0,0.0,0.0
image_2971.png,surface,0.0,0.0,2.1808485733272445,-17.947525543017246,10.324773533166859,0.0,-0.08053752539967593,-1.0252069960103294,0.0,0.0,0.0,0.21970217603916975,0,0,0,0,0,0,-0.16987944863930196,-1.124894131571441,2.250653440072549,0.0,0.0,0.0
image_2972.png,surface,0.0,0.0,2.8528970696846567,-14.70327696655493,2.7042004834225803,0.0,-2.961336625841264,-0.08311611813987045,0.0,0.0,0.0,-2.822092603390046,0,0,0,0,0,0,-1.3852790601630793,-0.3957784296249234,2.4506591224792245,0.0,0.0,0.0
image_2973.png,surface,0.0,0.0,2.2258758065758926,-9.44439502689267,-9.8261385717398,0.0,-1.3117229429451276,2.5383444997733173,0.0,0.0,0.0,-2.0883523467286125,0,0,0,0,0,0,-0.376792568381492,0.6040477612455389,1.0590333038687896,0.0,0.0,0.0
image_2974.png,surface,0.0,0.0,1.8988732590899668,6.160577777478132,15.927884192625942,0.0,1.1337825689383707,0.5940512820054253,0.0,0.0,0.0,-2.002710141309046,0,0,0,0,0,0,0.44053540887106885,0.3145733057704606,0.8330086614384153,0.0,0.0,0.0
image_2975.png,surface,0.0,0.0,0.892928691077624,0.3027601405688886,16.507993871471832,0.0,1.7377679514704552,1.2091394426610589,0.0,0.0,0.0,-1.0417955093510778,0,0,0,0,0,0,0.1708108453153506,0.0841688489535855,0.2771157688758088,0.0,0.0,0.0
image_2976.png,surface,0.0,0.0,2.8027642541361284,0.5034383953488553,4.51402092956406,0.0,-2.0087954922462314,-1.1118706751523408,0.0,0.0,0.0,0.3889093239288872,0,0,0,0,0,0,-1.0066434829994069,-0.6184888421425375,1.9116723015214454,0.0,0.0,0.0
image_2977.png,surface,0.0,0.0,2.991800365177865,11.18228732133394,-4.756873849373203,0.0,-0.25121959960952606,0.9012412233840554,0.0,0.0,0.0,2.541229302755079,0,0,0,0,0,0,-0.02333361738100922,0.6636998078266053,2.8269693851906608,0.0,0.0,0.0
image_2978.png,surface,0.0,0.0,2.606194277255757,14.037711408884142,-1.9465864709793064,0.0,0.6689549142515487,2.7117915312836045,0.0,0.0,0.0,-0.4707295562433855,0,0,0,0,0,0,0.5447346510590133,1.6946042115730044,3.0457992894476424,0.0,0.0,0.0
image_2979.png,surface,0.0,0.0,0.7336976750142983,5.640200375197784,11.88150845135289,0.0,-1.1130787760723402,0.3697909758177569,0.0,0.0,0.0,-1.7801442644836776,0,0,0,0,0,0,-0.1281674876962611,0.04861358637907956,0.20994701522726472,0.0,0.0,0.0
image_2980.png,surface,0.0,0.0,0.7785560167655452,-6.235224982388243,-7.942109533119692,0.0,-0.9365376243539855,-2.1125170241822415,0.0,0.0,0.0,0.668097238905565,0,0,0,0,0,0,-0.05575596180346042,-0.11568910363040066,0.31871439626007514,0.0,0.0,0.0
image_2981.png,surface,0.0,0.0,1.4122886308225098,-12.370515541010878,21.07336430546982,0.0,2.1302289727783292,0.1813066760568971,0.0,0.0,0.0,1.5145049335147887,0,0,0,0,0,0,0.5092000415997654,-0.04152518654009531,0.7935001255905535,0.0,0.0,0.0
image_2982.png,surface,0.0,0.0,2.2400582856350386,6.6648089719346775,17.215478155030237,0.0,0.43382084602315457,0.08031744936262604,0.0,0.0,0.0,0.6352040435863571,0,0,0,0,0,0,0.12958741106023738,0.02918891678037154,1.4327778452390627,0.0,0.0,0.0
image_2983.png,surface,0.0,0.0,2.567261180012022,0.6007798298409134,20.255740518546425,0.0,-1.0006076851102965,0.44088599448513366,0.0,0.0,0.0,0.42771312108268766,0,0,0,0,0,0,-1.0598381039437335,0.1169633166507241,2.980376744753657,0.0,0.0,0.0
image_2984.png,surface,0.0,0.0,0.9520380904310839,11.042341201238647,-16.574466038246065,0.0,2.5920948947928784,-0.22422196141611136,0.0,0.0,0.0,-2.0571966166940276,0,0,0,0,0,0,0.3207748414991423,-0.051869908542128355,0.5521593102454397,0.0,0.0,0.0
image_2985.png,surface,0.0,0.0,2.0631009443830335,20.230264760109673,-13.751834681768335,0.0,-0.32040772355247954,-1.0897423293926454,0.0,0.0,0.0,-2.221583002400333,0,0,0,0,0,0,0.14822447592117124,-0.3879978646884796,1.5280422524250388,0.0,0.0,0.0
image_2986.png,surface,0.0,0.0,0.8989162064923057,-14.793043932112129,-19.951223716990402,0.0,2.54324557743637,-0.8977021674953172,0.0,0.0,0.0,2.892312860221633,0,0,0,0,0,0,0.6074989162827416,-0.2373622891488386,1.0333046343362577,0.0,0.0,0.0
image_2987.png,surface,0.0,0.0,0.7802601165337582,1.3458050606914134,-12.449193449985819,0.0,1.0738681735596565,0.5969271871358977,0.0,0.0,0.0,-2.8339833721410974,0,0,0,0,0,0,0.15695860259411756,0.038492244931226646,0.26373114422922084,0.0,0.0,0.0
image_2988.png,surface,0.0,0.0,1.6774307037038034,-15.55609484341456,17.391623148312277,0.0,0.5019451193914618,-2.6111042503500252,0.0,0.0,0.0,-2.2893281169399553,0,0,0,0,0,0,-0.07602753651746008,-0.578104154910756,1.410284798181156,0.0,0.0,0.0
image_2989.png,surface,0.0,0.0,2.6526097233746,5.92780627468467,-6.301994183365524,0.0,1.4019670458279592,-2.0277916034986276,0.0,0.0,0.0,-1.5980223975338341,0,0,0,0,0,0,0.838935771380892,-0.8354354071213058,1.5947532402990492,0.0,0.0,0.0
image_2990.png,surface,0.0,0.0,2.0692641590434224,-8.82361745857435,14.20657359485063,0.0,0.250689375047443,-1.238370172503917,0.0,0.0,0.0,2.3210962413742013,0,0,0,0,0,0,0.11698768380369044,-0.7261362458224525,1.221082388053458,0.0,0.0,0.0
image_2991.png,surface,0.0,0.0,2.2038591260394433,-19.280928960555766,5.229758727162997,0.0,0.48074240331861307,-2.264988164877406,0.0,0.0,0.0,2.8056732388221564,0,0,0,0,0,0,0.4098510628212443,-1.6269639505262568,2.749595804275699,0.0,0.0,0.0
image_2992.png,surface,0.0,0.0,1.4829153760240403,23.410720881356173,6.770188158763309,0.0,0.3747627536442639,1.0580696303330235,0.0,0.0,0.0,2.510923674214512,0,0,0,0,0,0,0.06343846249086817,0.7419459258894284,1.3928673687111204,0.0,0.0,0.0
image_2993.png,surface,0.0,0.0,1.1672009151804992,-4.251036039945515,22.338206728012537,0.0,-0.3267743193053524,-1.9335379429300743,0.0,0.0,0.0,-2.869490891996284,0,0,0,0,0,0,-0.09883153618071622,-0.3865915110586411,0.6765867467748343,0.0,0.0,0.0
image_2994.png,surface,0.0,0.0,2.8302411994516308,9.385472647628369,2.277380498402225,0.0,0.48983716051493037,0.7415130459929544,0.0,0.0,0.0,0.24121622794221853,0,0,0,0,0,0,0.3755111370069288,0.5514746758884909,2.2038273508434956,0.0,0.0,0.0
image_2995.png,surface,0.0,0.0,1.528521179598266,-20.74076833015552,-13.393802226067196,0.0,-2.563725980726906,0.9887474350414751,0.0,0.0,0.0,-1.2052710701165323,0,0,0,0,0,0,-0.6434520454902136,0.21328910167969156,1.0073169363654555,0.0,0.0,0.0
image_2996.png,surface,0.0,0.0,1.7835112570304261,16.985886103919817,6.752013566335295,0.0,1.587494519639977,1.8185277096441688,0.0,0.0,0.0,0.3266740999240776,0,0,0,0,0,0,0.33108564620539926,0.5485219625068282,1.1699689315702413,0.0,0.0,0.0
image_2997.png,surface,0.0,0.0,0.6805550330773651,20.961064376463586,-2.357397590576665,0.0,-1.7298983586689622,2.3293392195593565,0.0,0.0,0.0,-2.4583174798215914,0,0,0,0,0,0,-0.12812183099645488,0.1779414886344234,0.38176325793782256,0.0,0.0,0.0
image_2998.png,surface,0.0,0.0,0.6728784751785575,-15.36363259543446,3.751902966034771,0.0,0.9478806388157964,2.0968795288431648,0.0,0.0,0.0,2.6774980178776087,0,0,0,0,0,0,0.06217529379622715,0.16169763227904121,0.24319420848102727,0.0,0.0,0.0
image_2999.png,surface,0.0,0.0,2.395159945887485,11.642565325776824,-12.334476305388167,0.0,-0.8276133911540164,-2.1459817606131635,0.0,0.0,0.0,2.820258092145476,0,0,0,0,0,0,-0.3194066623949464,-0.7684212408672589,1.1911378073876684,0.0,0.0,0.0
image_3000.png,surface,0.0,0.0,2.830015004110636,2.402548878552017,-0.8239332466845604,0.0,1.638059936201981,1.3911243859078637,0.0,0.0,0.0,-0.6966324213450621,0,0,0,0,0,0,0.9518417462218987,0.6255206102917298,1.9927482027006784,0.0,0.0,0.0
