sensor_image,object_label,pose_x,pose_y,pose_z,pose_Rx,pose_Ry,pose_Rz,shear_x,shear_y,shear_z,shear_Rx,shear_Ry,shear_Rz,object_x,object_y,object_z,object_Rx,object_Ry,object_Rz,Fx,Fy,Fz,Tx,Ty,Tz
image_1.png,surface,0.0,0.0,1.4369838277066043,18.67897347150388,-8.270680217208728,0.0,2.0718503774730004,0.49030337174561617,0.0,0.0,0.0,2.5057929389871285,0,0,0,0,0,0,0.20785669153818692,0.024041725419262618,0.6341954030493039,0.0,0.0,0.0
image_2.png,surface,0.0,0.0,1.5717149520323734,7.889426140533854,-5.88137599705744,0.0,0.07105918492822819,0.003509014444615558,0.0,0.0,0.0,-1.4269528664925804,0,0,0,0,0,0,0.05042325926608378,-0.01037775715441182,0.3514948917241925,0.0,0.0,0.0
image_3.png,surface,0.0,0.0,2.2076415472400415,-10.144135530001732,22.79191511882138,0.0,2.672247877884608,0.7094989176597983,0.0,0.0,0.0,-0.6835300026182569,0,0,0,0,0,0,0.31599458502942174,-0.02289650680346582,1.0361896752177053,0.0,0.0,0.0
image_4.png,surface,0.0,0.0,2.0023694738120335,-21.40301643933964,7.864672527195789,0.0,0.4619666853118503,-2.3562313848010925,0.0,0.0,0.0,-1.785784741634091,0,0,0,0,0,0,0.11347516169859198,-0.38891341034011967,1.1785570641012348,0.0,0.0,0.0
image_5.png,surface,0.0,0.0,0.67620744874453,-2.542309739597577,17.492365909124658,0.0,-0.32896449452939946,-0.5829454580789893,0.0,0.0,0.0,-1.9119968366456042,0,0,0,0,0,0,-0.007053960120074343,-0.021940060486976155,0.08012017556216015,0.0,0.0,0.0
image_6.png,surface,0.0,0.0,0.8936946476935175,12.697059661932995,-21.182518315484195,0.0,-2.410552749034138,-1.3104601859860374,0.0,0.0,0.0,-1.6121537308343994,0,0,0,0,0,0,-0.15734668454247128,-0.08578757142014459,0.5167081422625845,0.0,0.0,0.0
image_7.png,surface,0.0,0.0,0.6763892173058654,-5.193923477097322,-13.2572409410117,0.0,1.4660365561573472,1.1031064419712644,0.0,0.0,0.0,-1.8338814205847562,0,0,0,0,0,0,0.04870961113335374,9.59592521477907e-05,0.14746756951296117,0.0,0.0,0.0
image_8.png,surface,0.0,0.0,0.5864753143856669,13.081229626773549,19.4968827225617,0.0,1.9622911524745423,0.7364419031727547,0.0,0.0,0.0,0.09774585664084512,0,0,0,0,0,0,0.041803274342653296,-0.0003256322163048923,0.15979821637623431,0.0,0.0,0.0
image_9.png,surface,0.0,0.0,2.4400122948626013,-13.044144508387909,8.16324769205548,0.0,1.207044709464868,2.0433064955140265,0.0,0.0,0.0,2.716430078095332,0,0,0,0,0,0,0.17252449344808046,0.24291219474846942,0.856276560807359,0.0,0.0,0.0
image_10.png,surface,0.0,0.0,2.6273972691574645,-18.78201349824196,3.952440078189629,0.0,-0.7174958815741804,1.3307044842627171,0.0,0.0,0.0,-2.1428531809903415,0,0,0,0,0,0,-0.25935136135972586,0.2668390836856536,1.4059215087985348,0.0,0.0,0.0
image_11.png,surface,0.0,0.0,1.5404445805652909,4.74645452247712,5.237527451985835,0.0,2.0431878903829253,1.6096215360757034,0.0,0.0,0.0,0.6676464059804554,0,0,0,0,0,0,0.09845867313229796,0.02416757361880073,0.23205375263153988,0.0,0.0,0.0
image_12.png,surface,0.0,0.0,2.9221019613059687,-6.77767055825565,9.952259414348564,0.0,-2.061630498877263,0.04580594031584709,0.0,0.0,0.0,1.0615973942971273,0,0,0,0,0,0,-0.6722218539281606,-0.13242376796398156,1.8307728076406915,0.0,0.0,0.0
image_13.png,surface,0.0,0.0,2.6589942555908275,-12.160925897746784,4.721691133236552,0.0,-1.1584966342821807,-1.74810002709164,0.0,0.0,0.0,-1.5280738004302759,0,0,0,0,0,0,-0.20871503749454584,-0.4724262755536125,1.4565838985185546,0.0,0.0,0.0
image_14.png,surface,0.0,0.0,2.6509626096876993,10.341779774596386,-21.142259731180033,0.0,-1.150035608750567,0.5772232023549695,0.0,0.0,0.0,1.3764666624487827,0,0,0,0,0,0,-0.021294284789661066,0.3488559284271376,2.6630914709116382,0.0,0.0,0.0
image_15.png,surface,0.0,0.0,1.4179609998323421,22.526460825742916,4.219411523918802,0.0,1.0223373369075215,-1.6078379588479945,0.0,0.0,0.0,1.41244782111374,0,0,0,0,0,0,0.10141570538975302,-0.12765254809899276,0.49586081898921996,0.0,0.0,0.0
image_16.png,surface,0.0,0.0,2.8858679077608738,-8.321892309912439,22.88417708861751,0.0,0.6515854288370382,-2.2394884405500832,0.0,0.0,0.0,2.132819768149698,0,0,0,0,0,0,0.0918430173303642,-0.7147627147891952,2.077372346883487,0.0,0.0,0.0
image_17.png,surface,0.0,0.0,2.3723246140846594,-5.464727144235859,-18.419507217968594,0.0,-1.3831745599841136,0.8406241834624533,0.0,0.0,0.0,0.9532779097034063,0,0,0,0,0,0,-0.24265622813055351,0.1707020709559934,1.4010982206376021,0.0,0.0,0.0
image_18.png,surface,0.0,0.0,1.3842310727693112,-0.6751976938150156,22.823900778454046,0.0,1.33547852090674,0.45618318654460477,0.0,0.0,0.0,-0.6332530541936601,0,0,0,0,0,0,0.11585844142848109,0.004436149033718528,0.38797994045635864,0.0,0.0,0.0
image_19.png,surface,0.0,0.0,2.722082234862402,14.195425240849303,-16.1143219351123,0.0,0.8263086073981547,0.7026092977554861,0.0,0.0,0.0,1.0651497622493045,0,0,0,0,0,0,0.7792320269341798,0.5930328975809651,3.361161947036625,0.0,0.0,0.0
image_20.png,surface,0.0,0.0,0.5102807499128221,15.472784938845553,13.925683461375433,0.0,-2.285980484568646,-1.481948812533421,0.0,0.0,0.0,-0.09635931928269992,0,0,0,0,0,0,-0.014293590819360873,-0.02197152253686068,0.10960922345719579,0.0,0.0,0.0
image_21.png,surface,0.0,0.0,1.9289776030847077,7.906474003909118,2.567761947685597,0.0,-0.7901415542713569,1.2375213965172154,0.0,0.0,0.0,-1.354762376339295,0,0,0,0,0,0,-0.12765156698845012,0.1603951034138217,0.46327012884625157,0.0,0.0,0.0
image_22.png,surface,0.0,0.0,1.800431982505481,-3.2770348024727616,-20.28298790894246,0.0,0.08765230035961188,-2.056567422654695,0.0,0.0,0.0,1.6026587120696574,0,0,0,0,0,0,0.16639127677410012,-0.32996925988145503,1.1679168010980667,0.0,0.0,0.0
image_23.png,surface,0.0,0.0,0.7044748513256547,-5.231943675443229,-2.559271277788554,0.0,1.4076795738987564,0.020956541886345582,0.0,0.0,0.0,1.9118738589709743,0,0,0,0,0,0,0.015094104955964461,-0.010646757680924553,0.047228029909132996,0.0,0.0,0.0
image_24.png,surface,0.0,0.0,2.6558912237567167,6.618076139443067,-16.71575916805023,0.0,1.3218952960302928,-2.5758240816698783,0.0,0.0,0.0,1.170456036323408,0,0,0,0,0,0,0.530920455587618,-0.5420549381530632,2.072339156367404,0.0,0.0,0.0
image_25.png,surface,0.0,0.0,1.2042779190312505,1.827152021717015,-1.7487143229248592,0.0,-1.4131068268488476,-1.5556256021529151,0.0,0.0,0.0,-0.04927396564102171,0,0,0,0,0,0,-0.045268617857952186,-0.04605572172346741,0.13725604323520874,0.0,0.0,0.0
image_26.png,surface,0.0,0.0,1.4408751986326216,9.846801876223124,1.9494335899776505,0.0,2.804324822723673,0.11799703923925295,0.0,0.0,0.0,2.718451934985737,0,0,0,0,0,0,0.10522043037361192,-0.029490952459263038,0.23733257356322765,0.0,0.0,0.0
image_27.png,surface,0.0,0.0,1.6878835360735227,-18.330594107052562,9.69012342541028,0.0,-2.9229777493716997,-0.3435306764132974,0.0,0.0,0.0,2.968982855283522,0,0,0,0,0,0,-0.2511757683144101,-0.007206382526051336,0.6817583835251676,0.0,0.0,0.0
image_28.png,surface,0.0,0.0,2.542337076180997,-3.733433977107376,-11.747990566624843,0.0,-1.9493445926795832,0.24601988651552742,0.0,0.0,0.0,0.7501553256115283,0,0,0,0,0,0,-0.44001187871329017,0.002241671054272654,1.129221078625473,0.0,0.0,0.0
image_29.png,surface,0.0,0.0,1.9873450769323973,7.066505141999691,0.13784994351379135,0.0,1.700586900356412,0.3592372578341525,0.0,0.0,0.0,-2.5879504536583067,0,0,0,0,0,0,0.18488832775562822,-0.004242657426928725,0.4605034371650497,0.0,0.0,0.0
image_30.png,surface,0.0,0.0,1.909893008818642,-5.4099431375998,-14.026985993903624,0.0,0.5042435060630849,-2.100632962233778,0.0,0.0,0.0,0.4846331798105279,0,0,0,0,0,0,0.16454674610192532,-0.2564424493013113,0.8985718853704273,0.0,0.0,0.0
image_31.png,surface,0.0,0.0,1.405943939813973,6.225240199046477,-21.70320869046308,0.0,2.118095204114299,-1.6117247312834304,0.0,0.0,0.0,2.4940851780511952,0,0,0,0,0,0,0.2256323666627754,-0.17767720741539342,0.8716753548618926,0.0,0.0,0.0
image_32.png,surface,0.0,0.0,1.199211679479299,12.945888436427433,20.692207951756497,0.0,0.777195146632317,0.27265457690164063,0.0,0.0,0.0,1.77042040368738,0,0,0,0,0,0,0.11870741949639457,0.021571954503327096,0.3600718592362953,0.0,0.0,0.0
image_33.png,surface,0.0,0.0,1.6953005798429444,5.825578549299113,9.905296194502924,0.0,2.134495754990229,0.040556169206638126,0.0,0.0,0.0,2.4910761584072985,0,0,0,0,0,0,0.14517004270412934,-0.025164920600140344,0.3159477045788739,0.0,0.0,0.0
image_34.png,surface,0.0,0.0,1.1393338300789644,13.043646205549901,-3.803629049039815,0.0,2.506018799060297,1.049836315770505,0.0,0.0,0.0,2.601638016995648,0,0,0,0,0,0,0.08220032233127257,0.002411566123649095,0.2080043019402229,0.0,0.0,0.0
image_35.png,surface,0.0,0.0,1.3487785955107052,-9.192367983304575,12.024337239672285,0.0,1.329170916594715,1.1149100880509357,0.0,0.0,0.0,-1.5306554260605485,0,0,0,0,0,0,0.10088000011202576,0.04545165036568447,0.24532449408543938,0.0,0.0,0.0
image_36.png,surface,0.0,0.0,1.6009408373670668,-13.110632787366063,20.308601804365097,0.0,-2.034595110744316,-1.1290844971889151,0.0,0.0,0.0,0.9973558682377441,0,0,0,0,0,0,-0.2193043480696217,-0.13184329314361207,0.7510261607252285,0.0,0.0,0.0
image_37.png,surface,0.0,0.0,2.6087521609840763,-2.934162550414708,-20.523409805471566,0.0,1.4566642740769793,-1.6945737290319198,0.0,0.0,0.0,1.6213547860046198,0,0,0,0,0,0,0.8318011510911596,-0.5776495282899248,3.1058626250739247,0.0,0.0,0.0
image_38.png,surface,0.0,0.0,2.826276541866347,0.44754252694180136,-7.405010895760756,0.0,-0.7988992529741381,0.11329704804852583,0.0,0.0,0.0,-2.6049000736804624,0,0,0,0,0,0,-0.15192723427546279,-0.06197709206753322,1.3554779534487809,0.0,0.0,0.0
image_39.png,surface,0.0,0.0,2.5743534238899626,-17.27109289441178,17.677803831139826,0.0,-2.3395264871499823,-0.32740278838663667,0.0,0.0,0.0,2.320499990356333,0,0,0,0,0,0,-0.7115901042811444,-0.42136336859102225,2.3443190165533285,0.0,0.0,0.0
image_40.png,surface,0.0,0.0,1.8142492872327662,11.49703270095433,-6.528711260109812,0.0,0.8109255556030585,2.710819363884583,0.0,0.0,0.0,-1.5997785186460207,0,0,0,0,0,0,0.04677985462154064,0.22798817138574343,0.601727528114136,0.0,0.0,0.0
image_41.png,surface,0.0,0.0,2.2788931332356883,-16.239009599312606,-3.5631858700367327,0.0,0.5043741417562341,-2.4577861949770203,0.0,0.0,0.0,-1.9736846465716424,0,0,0,0,0,0,0.16717657201076858,-0.45934907451910806,1.3838772955000493,0.0,0.0,0.0
image_42.png,surface,0.0,0.0,1.338021523026717,3.117872902527162,-24.6090001513326,0.0,-1.3146890209259596,-0.39932711861261166,0.0,0.0,0.0,1.4575537231041729,0,0,0,0,0,0,-0.23813164917974858,-0.1126451503040725,0.7808590912021083,0.0,0.0,0.0
image_43.png,surface,0.0,0.0,1.6479923063857054,4.662220551194678,15.578424180172965,0.0,-1.6375733172612432,-1.826198443592427,0.0,0.0,0.0,-0.5047691724128467,0,0,0,0,0,0,-0.08197203883224131,-0.11789931263478887,0.46877894916709395,0.0,0.0,0.0
image_44.png,surface,0.0,0.0,2.8512241408680117,8.786911447586386,18.418619734701984,0.0,-1.0223322262738475,1.0298145637514338,0.0,0.0,0.0,-0.40073996010881263,0,0,0,0,0,0,-0.7575450945261846,0.4661779124465451,2.6159505281498547,0.0,0.0,0.0
image_45.png,surface,0.0,0.0,1.3873686999872887,-21.455828584907085,-2.10656833515657,0.0,0.8393650381631589,-0.053709985915523076,0.0,0.0,0.0,-0.015275792867124771,0,0,0,0,0,0,0.19977545567247085,-0.09030709488605713,0.6969651392547753,0.0,0.0,0.0
image_46.png,surface,0.0,0.0,0.9324641931434475,-20.05034452487638,12.178346442888524,0.0,1.8690554264373214,1.0915364176991464,0.0,0.0,0.0,-1.48380711101648,0,0,0,0,0,0,0.1015085406793592,0.007618535379538609,0.2934836865700855,0.0,0.0,0.0
image_47.png,surface,0.0,0.0,1.680235142544945,-1.9474260886690271,-16.590190697044182,0.0,2.2325457434875844,-1.1974325833442436,0.0,0.0,0.0,0.7227442646454967,0,0,0,0,0,0,0.2395880979035692,-0.1446420550366384,0.81140211688046,0.0,0.0,0.0
image_48.png,surface,0.0,0.0,2.13147904697897,-4.776580154075784,-5.9823972383622985,0.0,-0.6407771144470453,2.0509118226141747,0.0,0.0,0.0,-0.16330078847862417,0,0,0,0,0,0,-0.05594771994264702,0.23940732239133297,0.6037818915900889,0.0,0.0,0.0
image_49.png,surface,0.0,0.0,0.8162856495212396,-0.7042642475807697,-14.856385376408957,0.0,0.11369715569503762,1.2718111748491905,0.0,0.0,0.0,2.5458593683513335,0,0,0,0,0,0,-0.006720666211488302,0.08819913754379367,0.18765270550562088,0.0,0.0,0.0
image_50.png,surface,0.0,0.0,0.8052535466815265,-13.144686367467836,-13.66765256339691,0.0,-0.06906093591245538,1.3933009309022342,0.0,0.0,0.0,2.480107283416551,0,0,0,0,0,0,-0.004720902759972168,0.1300782721450898,0.2692734596067373,0.0,0.0,0.0
image_51.png,surface,0.0,0.0,1.2592372273485002,2.782889830064218,-21.304430263811202,0.0,0.3220666472091164,-0.29966685292940726,0.0,0.0,0.0,-1.9055731744501885,0,0,0,0,0,0,0.20389825566498018,-0.12859640959552857,0.7313399994165329,0.0,0.0,0.0
image_52.png,surface,0.0,0.0,2.769122753495834,14.79280512831854,14.200844819356542,0.0,-1.946838199986412,0.19999082026750675,0.0,0.0,0.0,2.0105512059352684,0,0,0,0,0,0,-0.9712732376594627,0.28539068140006585,2.6589983749861807,0.0,0.0,0.0
image_53.png,surface,0.0,0.0,2.1865096274824065,14.513588350304161,-12.33207159630155,0.0,-0.4452699927649776,0.9710428768505824,0.0,0.0,0.0,2.3529530239413683,0,0,0,0,0,0,-0.03201752168416875,0.45454953880922316,1.4493311022469295,0.0,0.0,0.0
image_54.png,surface,0.0,0.0,1.054835390950275,-2.4757651263690166,-14.012615480952745,0.0,-1.8849577196835092,-2.319459153734143,0.0,0.0,0.0,-2.6134815620362755,0,0,0,0,0,0,-0.04237550498022595,-0.11329012232670546,0.26047095871303527,0.0,0.0,0.0
image_55.png,surface,0.0,0.0,2.0087189015547966,-12.57468802001927,-7.52421884308249,0.0,-0.2320126863021022,1.1385859016430042,0.0,0.0,0.0,-0.5130870393446276,0,0,0,0,0,0,-0.0036631892144594097,0.28122825220034287,0.7382310490760879,0.0,0.0,0.0
image_56.png,surface,0.0,0.0,2.15059958452978,-15.661916715484537,15.745312285473,0.0,1.0559830059556619,-2.2805619701834066,0.0,0.0,0.0,-1.6365370762789406,0,0,0,0,0,0,0.17343153988423235,-0.37067486002205835,1.1247461390539408,0.0,0.0,0.0
image_57.png,surface,0.0,0.0,1.8076366997696123,-1.2645063147059084,-19.20791887344206,0.0,2.6293947230280876,0.42737761509184674,0.0,0.0,0.0,-2.6490681477336873,0,0,0,0,0,0,0.36756382746064403,-0.06974035287654065,1.1674411712933075,0.0,0.0,0.0
image_58.png,surface,0.0,0.0,2.398456151343322,8.413166587733473,16.941983860408268,0.0,-0.14609729205809538,-0.36178833645432235,0.0,0.0,0.0,0.2400580348710677,0,0,0,0,0,0,-0.1815569105597617,-0.07480416980545558,1.1211465369634679,0.0,0.0,0.0
image_59.png,surface,0.0,0.0,0.5618474716478923,-10.278880618728008,-16.341247181002778,0.0,-0.4459597786817412,2.4153391208962063,0.0,0.0,0.0,-0.6308020888266013,0,0,0,0,0,0,-0.03206013460398801,0.08519608488231536,0.23513529784546913,0.0,0.0,0.0
image_60.png,surface,0.0,0.0,0.9777930677598838,21.6206202825278,2.2293552163603425,0.0,-1.088867840647812,0.9320612947643228,0.0,0.0,0.0,0.774305232617067,0,0,0,0,0,0,-0.10954868551524995,0.0779204858465181,0.3611883611254003,0.0,0.0,0.0
image_61.png,surface,0.0,0.0,2.915929361062798,-0.9195067675173406,24.3503316034138,0.0,1.1732655535408956,-0.3283566605371418,0.0,0.0,0.0,-1.3091187774302384,0,0,0,0,0,0,0.2639018124404204,-0.09183300430545674,1.6967255908347683,0.0,0.0,0.0
image_62.png,surface,0.0,0.0,1.7443500043920803,5.085479015086338,12.711742269310404,0.0,1.1219738561019685,-2.533423093608049,0.0,0.0,0.0,-1.4633970657423332,0,0,0,0,0,0,0.08554239275709415,-0.14388696583940958,0.38341121472614187,0.0,0.0,0.0
image_63.png,surface,0.0,0.0,0.6912869959838228,23.772364821900787,-7.204086165093045,0.0,-0.9702444941857492,-2.472880956299803,0.0,0.0,0.0,0.376923712233308,0,0,0,0,0,0,-0.023759746579201546,-0.11008413944347192,0.37331357164107826,0.0,0.0,0.0
image_64.png,surface,0.0,0.0,1.2704492255449868,-2.2535656341465984,15.878505882630096,0.0,-0.054366635484488154,0.27087827325472363,0.0,0.0,0.0,-0.9857817041831218,0,0,0,0,0,0,-0.022755299183462883,0.06574467254120547,0.22589066220368176,0.0,0.0,0.0
image_65.png,surface,0.0,0.0,0.5044309654335168,24.818667217563032,-1.4468238589518434,0.0,-2.434087614616826,-0.417525424448536,0.0,0.0,0.0,-2.0279264350778696,0,0,0,0,0,0,-0.07726939875219178,-0.01618250535810739,0.24853332051472687,0.0,0.0,0.0
image_66.png,surface,0.0,0.0,1.9485356047140359,-2.779195167793827,-9.786606382578563,0.0,1.1102099233750347,0.7433336399961279,0.0,0.0,0.0,0.12548873425368967,0,0,0,0,0,0,0.23641647915702443,0.06163887503127447,0.6837680869255568,0.0,0.0,0.0
image_67.png,surface,0.0,0.0,2.9986956252489203,23.4237109794651,1.4783522690557624,0.0,-2.0147684642402046,-1.2741318452236816,0.0,0.0,0.0,2.0682772435324814,0,0,0,0,0,0,-0.8045349699668343,-0.03376664503857052,2.5057428596801,0.0,0.0,0.0
image_68.png,surface,0.0,0.0,1.9752487438026782,-0.5034454593082099,-13.769793687848368,0.0,-2.0895342333371367,-1.7862957252199907,0.0,0.0,0.0,1.975950551112465,0,0,0,0,0,0,-0.1980465886398057,-0.2164699149230174,0.7148514995182336,0.0,0.0,0.0
image_69.png,surface,0.0,0.0,2.025182322036112,3.2961244962015113,20.854150177463897,0.0,1.9662661953928506,-0.8189302088373603,0.0,0.0,0.0,-2.8216090083274716,0,0,0,0,0,0,0.21561833050525897,-0.11807235390915373,0.6246828069541305,0.0,0.0,0.0
image_70.png,surface,0.0,0.0,1.3193165318201974,1.4756392909981106,22.655217404446013,0.0,0.2673059107884557,-2.9351675034173863,0.0,0.0,0.0,-0.09909568099036381,0,0,0,0,0,0,0.0431197091870684,-0.14822872872347456,0.39181177493976616,0.0,0.0,0.0
image_71.png,surface,0.0,0.0,1.0925813640070245,-1.6305989688112736,-10.080579668473824,0.0,-2.1671395686823054,0.6031723152613668,0.0,0.0,0.0,-0.9919983405002837,0,0,0,0,0,0,-0.09064681179543932,0.0278423410453137,0.19748685414485578,0.0,0.0,0.0
image_72.png,surface,0.0,0.0,1.7703914301002983,-8.100208136549034,-4.770771120749975,0.0,2.552411214441872,0.19047159471989658,0.0,0.0,0.0,0.48381728170843274,0,0,0,0,0,0,0.17695167143929874,-0.04017546460004904,0.5188384278669962,0.0,0.0,0.0
image_73.png,surface,0.0,0.0,2.749465417443476,4.474563027180861,10.393267871347504,0.0,1.4800235581844203,-0.259340463442365,0.0,0.0,0.0,-0.2474354972680919,0,0,0,0,0,0,0.30971678880605497,-0.060713890764669376,1.0865126483634362,0.0,0.0,0.0
image_74.png,surface,0.0,0.0,0.5243777602867523,11.6838709549451,17.646245550169127,0.0,0.0008239047896716934,2.192325647588102,0.0,0.0,0.0,-1.879714145345944,0,0,0,0,0,0,0.006617177691927119,0.030774604094551787,0.08769005837029065,0.0,0.0,0.0
image_75.png,surface,0.0,0.0,1.9241271056046187,-22.403078906207064,10.70953676415969,0.0,-2.0425798496939347,0.8021497665905635,0.0,0.0,0.0,-1.6948070241428692,0,0,0,0,0,0,-0.4689125696906817,0.09178109192314726,1.1185115925051792,0.0,0.0,0.0
image_76.png,surface,0.0,0.0,1.5712776781757962,-3.767010976026536,15.505052008518767,0.0,-1.5189041513363886,0.5858100288141352,0.0,0.0,0.0,-2.92734728879475,0,0,0,0,0,0,-0.14169100217888897,0.06070445214970396,0.36942814506699345,0.0,0.0,0.0
image_77.png,surface,0.0,0.0,2.0529482649849764,-3.0090328107863105,-7.1466327889739825,0.0,2.4830539557210085,0.7467027882666518,0.0,0.0,0.0,-0.16096651369867665,0,0,0,0,0,0,0.22132541798104718,0.013840155744204174,0.6579099031738892,0.0,0.0,0.0
image_78.png,surface,0.0,0.0,2.5998950655200375,17.15513961449249,3.4893838005066913,0.0,0.33708383993890045,-0.18546159497968495,0.0,0.0,0.0,2.965393305081103,0,0,0,0,0,0,0.03718281632225516,0.09028507145113793,1.454087400294516,0.0,0.0,0.0
image_79.png,surface,0.0,0.0,1.6226097815665457,6.649084543401437,-5.063106650648898,0.0,2.1610465054986085,1.6464953045935347,0.0,0.0,0.0,-0.020237671430351156,0,0,0,0,0,0,0.11188630854533252,0.027438053704297496,0.3414285106920237,0.0,0.0,0.0
image_80.png,surface,0.0,0.0,1.0442069540517642,-10.160903712118412,-4.0341274807497145,0.0,-0.04568771867287433,1.2920379657588565,0.0,0.0,0.0,2.967833239171079,0,0,0,0,0,0,-0.007505961448156739,0.10520909481386415,0.16941799665276136,0.0,0.0,0.0
image_81.png,surface,0.0,0.0,1.4415174673279019,-15.169807334656658,2.540146853016742,0.0,0.6819357052643584,-2.008743588751734,0.0,0.0,0.0,-0.20915831963364528,0,0,0,0,0,0,0.09026786118704676,-0.14686012955349753,0.41299404877986257,0.0,0.0,0.0
image_82.png,surface,0.0,0.0,0.8763784291271088,-4.658284756436842,-12.621864348863232,0.0,-1.3720742333625493,0.7487269652792946,0.0,0.0,0.0,1.9167188333245475,0,0,0,0,0,0,-0.10211577478678328,0.04309199662434481,0.16968595710614656,0.0,0.0,0.0
image_83.png,surface,0.0,0.0,0.7122480355270973,-16.714353397411134,-15.568001901307438,0.0,2.270574712087236,-1.842930183040137,0.0,0.0,0.0,0.5272771028757282,0,0,0,0,0,0,0.07221063641365294,-0.10929758819635871,0.45726111567908895,0.0,0.0,0.0
image_84.png,surface,0.0,0.0,1.4396908735079088,-12.918099365684446,19.987883626667582,0.0,-0.9631052358615486,-1.7059361350962552,0.0,0.0,0.0,1.4023394064098547,0,0,0,0,0,0,-0.03920997379365538,-0.19565776892440181,0.5776557473850371,0.0,0.0,0.0
image_85.png,surface,0.0,0.0,2.0642463740286714,22.17161181751587,-7.881800305796609,0.0,-2.1316462374284653,1.841749407338978,0.0,0.0,0.0,1.1965394878744728,0,0,0,0,0,0,-0.6032345805208323,0.7959631193361753,1.9703802038543539,0.0,0.0,0.0
image_86.png,surface,0.0,0.0,1.157088340218876,-3.1047630954892957,23.79313158530413,0.0,2.6114922860120027,0.4587167077545809,0.0,0.0,0.0,-1.3537245713203212,0,0,0,0,0,0,0.0999227313060867,-0.021373743589054632,0.3203467220219469,0.0,0.0,0.0
image_87.png,surface,0.0,0.0,2.789210398672986,-10.390812418848828,-4.600150847925725,0.0,-1.7052855219223972,1.8004623374340667,0.0,0.0,0.0,-0.19913306576170742,0,0,0,0,0,0,-0.45174565056351074,0.43850389336811385,1.3159493205669142,0.0,0.0,0.0
image_88.png,surface,0.0,0.0,2.2223782486325043,11.6434583777285,-8.967685917249508,0.0,-0.9859588883213277,2.6306848767319893,0.0,0.0,0.0,-0.28196651068743606,0,0,0,0,0,0,-0.13749971713667017,0.47368161134400555,1.2124540614544579,0.0,0.0,0.0
image_89.png,surface,0.0,0.0,2.215783632754748,12.542554245210402,16.850991575603768,0.0,-2.873598965903284,0.27687962786997117,0.0,0.0,0.0,-2.3012614910648725,0,0,0,0,0,0,-0.7461400509145691,0.17531755367405374,1.5693550553256936,0.0,0.0,0.0
image_90.png,surface,0.0,0.0,2.2292767131415947,-5.6435917074378255,-11.520872448448713,0.0,-0.9971294110290064,-0.6321160356586628,0.0,0.0,0.0,-1.2038566417630752,0,0,0,0,0,0,-0.2090802910929961,-0.2701787802808963,0.9553906665069705,0.0,0.0,0.0
image_91.png,surface,0.0,0.0,0.5042112455711063,12.027022673560092,3.483628562386952,0.0,2.4406724107205258,0.10069969038556575,0.0,0.0,0.0,-0.8248950936360471,0,0,0,0,0,0,0.012659080966294867,-0.0257626995479464,0.02539595196957793,0.0,0.0,0.0
image_92.png,surface,0.0,0.0,2.5325168835397522,7.528341961955829,-10.190508857820024,0.0,-1.65286379242428,-1.7358431319285614,0.0,0.0,0.0,-2.7162572530911415,0,0,0,0,0,0,-0.26245297316656746,-0.3618151467745748,1.0576935016018638,0.0,0.0,0.0
image_93.png,surface,0.0,0.0,2.7940215698584505,-19.499442389120837,1.9792722375065583,0.0,0.370958460047896,2.0629528936078,0.0,0.0,0.0,-0.21370232240596376,0,0,0,0,0,0,0.18537076688358123,0.47066125455509017,1.5547802396653196,0.0,0.0,0.0
image_94.png,surface,0.0,0.0,0.5484949593402209,-15.849766414222854,5.677591202889655,0.0,1.5332795531163235,1.4368073880391958,0.0,0.0,0.0,0.7377131133821262,0,0,0,0,0,0,0.029247681895919198,0.014441080896998667,0.08604433458575027,0.0,0.0,0.0
image_95.png,surface,0.0,0.0,1.995734975963094,-21.91112891933399,5.313995695528319,0.0,-0.9110311217542678,0.21769035550925617,0.0,0.0,0.0,0.9416192917477346,0,0,0,0,0,0,-0.28474257401200576,-0.14921978329483734,1.1412435709673538,0.0,0.0,0.0
image_96.png,surface,0.0,0.0,2.1914394253186966,21.425760231334376,-0.6513140277263145,0.0,-0.19877056449101757,-2.415409756449805,0.0,0.0,0.0,-2.434804070952149,0,0,0,0,0,0,0.05549115294458375,-0.311705539923486,0.9869653399308537,0.0,0.0,0.0
image_97.png,surface,0.0,0.0,0.9906064523733533,6.525933339061856,-11.60192687187737,0.0,1.605127058765709,-1.0807538461843977,0.0,0.0,0.0,-2.8222208269169426,0,0,0,0,0,0,0.06875898990829607,-0.039826235846330736,0.21523923418162197,0.0,0.0,0.0
image_98.png,surface,0.0,0.0,2.595528157498227,-3.647735776499767,-14.529902618326505,0.0,1.319923575023366,1.8448981609593469,0.0,0.0,0.0,0.8587891862083805,0,0,0,0,0,0,0.5196462945154482,0.3187058460227936,1.78150827828583,0.0,0.0,0.0
image_99.png,surface,0.0,0.0,2.0645785357227204,-12.710929170665574,-16.189142151164102,0.0,0.023668602959106874,1.9860618649386415,0.0,0.0,0.0,-1.4441518268140665,0,0,0,0,0,0,0.12054586260859515,0.45593701520913094,1.169245438346102,0.0,0.0,0.0
image_100.png,surface,0.0,0.0,1.0626376833237607,-11.94232642309911,-8.404664539553567,0.0,-1.9926125969806032,0.9276485238968084,0.0,0.0,0.0,0.41038670071676675,0,0,0,0,0,0,-0.13679051639967887,0.03105776254351255,0.2556074764840949,0.0,0.0,0.0
image_101.png,surface,0.0,0.0,2.917975291793883,-14.787442632581884,13.950061017978758,0.0,-0.8377144266779433,1.492034995253494,0.0,0.0,0.0,0.0815440577068598,0,0,0,0,0,0,-0.4526131278598306,0.3218614896262118,2.065439174692736,0.0,0.0,0.0
image_102.png,surface,0.0,0.0,1.0396640616850503,-23.843311600815728,5.411253402393431,0.0,1.0638571479370513,-0.07780850513276054,0.0,0.0,0.0,0.2170440797431059,0,0,0,0,0,0,0.13357324095332768,-0.04379989274674674,0.48910151655257994,0.0,0.0,0.0
image_103.png,surface,0.0,0.0,2.1964695173329787,3.871677920247095,16.877070420392926,0.0,0.2112885519371874,0.8150803594248113,0.0,0.0,0.0,2.3297249138794704,0,0,0,0,0,0,0.02495595211412649,0.25335916841262757,0.7854680110003336,0.0,0.0,0.0
image_104.png,surface,0.0,0.0,1.6847244471498084,-12.640412432547045,-17.476984286080842,0.0,-0.9793572437182304,-1.2564750055007745,0.0,0.0,0.0,1.819077104391484,0,0,0,0,0,0,-0.06375501560952529,-0.3922169255779951,1.1177479052130324,0.0,0.0,0.0
image_105.png,surface,0.0,0.0,2.308212056397848,15.035364499073696,-9.953589114477122,0.0,0.19041027349733422,-2.557621935461799,0.0,0.0,0.0,0.9763530527672284,0,0,0,0,0,0,0.12992070496882313,-0.3843230972619666,1.111785785125213,0.0,0.0,0.0
image_106.png,surface,0.0,0.0,0.7443978098013366,16.1112519242871,12.782550106386594,0.0,1.8439002602465826,1.3069059982507352,0.0,0.0,0.0,-2.5462402707700917,0,0,0,0,0,0,0.05260564951682516,0.0005710362054041629,0.14697630868175515,0.0,0.0,0.0
image_107.png,surface,0.0,0.0,2.8813631388333856,3.0677157673710647,-22.193882730690465,0.0,-0.13156399269586191,-2.970093900433287,0.0,0.0,0.0,-1.930881436382442,0,0,0,0,0,0,0.5141720562086723,-0.9728805182468572,3.078798619282025,0.0,0.0,0.0
image_108.png,surface,0.0,0.0,1.0112225770197787,20.066085754773518,-9.132759889744586,0.0,-0.07848757131770809,-1.2995287121518664,0.0,0.0,0.0,-0.3830433409242575,0,0,0,0,0,0,0.03556352536912485,-0.10783145667173957,0.39879214475044955,0.0,0.0,0.0
image_109.png,surface,0.0,0.0,1.0509598480918818,-5.522070808445101,-7.08510265173551,0.0,0.5997075079276893,-2.4463759864417804,0.0,0.0,0.0,-0.05335077178947545,0,0,0,0,0,0,0.04661092483225729,-0.07630648268744179,0.18382087102221326,0.0,0.0,0.0
image_110.png,surface,0.0,0.0,1.8850713387305846,-1.1396508893294928,1.9196114864434104,0.0,-2.0923819027650383,-1.6579254390628557,0.0,0.0,0.0,-0.8909839398842525,0,0,0,0,0,0,-0.16179364710360541,-0.10580215445418749,0.39082032126224137,0.0,0.0,0.0
image_111.png,surface,0.0,0.0,1.3743331585521774,-16.31145509312099,12.179191298690323,0.0,-1.9439747103344598,-0.7432808014266775,0.0,0.0,0.0,-1.5057823993220483,0,0,0,0,0,0,-0.15840135430799682,-0.05266589840420693,0.4762103857409753,0.0,0.0,0.0
image_112.png,surface,0.0,0.0,1.605324214128049,-21.146420554276336,2.5208042601523286,0.0,-0.1592502254476795,-0.5544961029369286,0.0,0.0,0.0,2.1293643586301725,0,0,0,0,0,0,0.02154844041858258,-0.27447020388514615,0.845957850348253,0.0,0.0,0.0
image_113.png,surface,0.0,0.0,0.5927462413155888,-4.292221063464311,-11.227172430382323,0.0,2.2122390076669483,1.852204210330301,0.0,0.0,0.0,-0.03499532195711508,0,0,0,0,0,0,0.032184929583458276,-0.0008447560393996245,0.09341548005761997,0.0,0.0,0.0
image_114.png,surface,0.0,0.0,1.0872111130015687,-2.9099116138436494,-24.348208598430222,0.0,1.3815886192236213,-0.5518324346198366,0.0,0.0,0.0,-0.4911882685440392,0,0,0,0,0,0,0.2314612053380468,-0.12358450504892311,0.9432877860290743,0.0,0.0,0.0
image_115.png,surface,0.0,0.0,2.433832791854717,-12.877798903960754,17.650306725764423,0.0,-0.09932369646863205,-1.7948097732907324,0.0,0.0,0.0,-1.35519276122911,0,0,0,0,0,0,-0.057591361135674125,-0.5485581438641953,1.6322587717578585,0.0,0.0,0.0
image_116.png,surface,0.0,0.0,2.755537885063666,-16.985960071862877,-5.475215224081374,0.0,0.5103925897626823,-1.800580352458422,0.0,0.0,0.0,1.3061668091413514,0,0,0,0,0,0,0.3908563538118275,-0.9055485852889781,2.848071270894743,0.0,0.0,0.0
image_117.png,surface,0.0,0.0,1.0836936073459045,6.776890236949948,3.7245160782973143,0.0,2.2850279949671326,-1.4782223052981482,0.0,0.0,0.0,0.5362505670381745,0,0,0,0,0,0,0.04883440611282445,-0.03302414066129564,0.1169513398799488,0.0,0.0,0.0
image_118.png,surface,0.0,0.0,2.4333724992870915,9.751782840097153,16.72880928254188,0.0,0.030165721571554317,-2.137812588819148,0.0,0.0,0.0,-2.01023455718458,0,0,0,0,0,0,0.04263422627912807,-0.3570108917572074,0.9295771428308668,0.0,0.0,0.0
image_119.png,surface,0.0,0.0,0.5723667326985402,7.053742872878113,4.949235710906339,0.0,0.0804022531795049,0.507550049284632,0.0,0.0,0.0,-1.28929358187458,0,0,0,0,0,0,0.00034699091852774533,-0.0012694937128407654,0.00040194068007815,0.0,0.0,0.0
image_120.png,surface,0.0,0.0,0.6118107001425508,-16.488834069411684,-12.65048164558403,0.0,2.0556666206067655,0.336185347202172,0.0,0.0,0.0,2.6860435076233617,0,0,0,0,0,0,0.11334732293913419,-0.008785777430254675,0.30024968801806096,0.0,0.0,0.0
image_121.png,surface,0.0,0.0,1.4825230459663565,5.539362152417422,15.220671230084196,0.0,-0.8538735056114033,-1.9953155161160936,0.0,0.0,0.0,1.5022464167320262,0,0,0,0,0,0,-0.01691732916822995,-0.10273460459044602,0.30518462636790367,0.0,0.0,0.0
image_122.png,surface,0.0,0.0,0.8697778643366267,-15.095069577077897,-12.6635659671096,0.0,2.3845391456513636,1.5179880011214968,0.0,0.0,0.0,0.09312229696143426,0,0,0,0,0,0,0.10769654539310707,0.006706135932887269,0.38298917701206037,0.0,0.0,0.0
image_123.png,surface,0.0,0.0,0.915346421609222,-21.573452548152655,12.749264020900291,0.0,0.8771074318814236,1.4323931184395073,0.0,0.0,0.0,1.8946214396942143,0,0,0,0,0,0,0.08127349132520463,0.10968457140993836,0.33454862605135993,0.0,0.0,0.0
image_124.png,surface,0.0,0.0,2.068492562042004,-6.877228716477524,-12.122188355950136,0.0,-0.5771598085293429,0.6899726927053396,0.0,0.0,0.0,-1.8826724822123153,0,0,0,0,0,0,-0.0848529765900191,0.08835015538323936,0.8259880975597239,0.0,0.0,0.0
image_125.png,surface,0.0,0.0,2.6454106721795303,12.58897610827818,17.37524693241905,0.0,0.308888730092642,0.18832352835658273,0.0,0.0,0.0,2.4720207459388623,0,0,0,0,0,0,-0.14105180838160078,0.16665919754583142,1.6680538223225594,0.0,0.0,0.0
image_126.png,surface,0.0,0.0,2.4474181044326286,19.56246290750374,0.3191130869701696,0.0,-2.616612220601365,-0.5606162112846172,0.0,0.0,0.0,0.3822636543735305,0,0,0,0,0,0,-0.748788139503335,0.017182998544435377,1.5257623555674877,0.0,0.0,0.0
image_127.png,surface,0.0,0.0,1.3412345208935592,0.728243646659492,-23.094805284650597,0.0,-0.4746298159736432,1.7359587335023903,0.0,0.0,0.0,2.535764115466863,0,0,0,0,0,0,-0.0403635664087614,0.35417144175512877,0.7809640423796842,0.0,0.0,0.0
image_128.png,surface,0.0,0.0,2.688039917558522,-13.598481567304622,-21.055258056776285,0.0,-2.4761970869150485,-1.0624419336967674,0.0,0.0,0.0,-2.8936827017990727,0,0,0,0,0,0,-0.4205849529457073,-0.6642661247245264,2.589971762194167,0.0,0.0,0.0
image_129.png,surface,0.0,0.0,2.603364800915216,23.048454009311147,-5.892857537068403,0.0,2.3262838839938427,0.21700210646768475,0.0,0.0,0.0,-2.326951277140771,0,0,0,0,0,0,0.8620928495226496,0.3727356242894951,2.4474837911066123,0.0,0.0,0.0
image_130.png,surface,0.0,0.0,1.8105292420595716,3.7051531170774195,6.268852536745752,0.0,0.02744088680368502,-1.0121197178753147,0.0,0.0,0.0,-2.2070917990239733,0,0,0,0,0,0,0.032279286763057934,-0.17767720741539342,0.32273157005707453,0.0,0.0,0.0
image_131.png,surface,0.0,0.0,1.6896901566625695,-5.791056471743533,-18.601717610451228,0.0,1.924814584664151,0.002419946188993747,0.0,0.0,0.0,1.6210933494323463,0,0,0,0,0,0,0.3356421848460688,-0.07597613116365427,1.0450636322323104,0.0,0.0,0.0
image_132.png,surface,0.0,0.0,0.6461560466428171,-13.649498864585661,-2.013471208808561,0.0,0.23137937343905615,2.563378157341389,0.0,0.0,0.0,-0.5588692021357957,0,0,0,0,0,0,-0.00883000574253967,0.03716926573358226,0.09513489296684145,0.0,0.0,0.0
image_133.png,surface,0.0,0.0,0.8763126741410714,-14.833526528709108,19.30592442854486,0.0,0.9513135219085228,0.8059353131025158,0.0,0.0,0.0,-0.3991036751061987,0,0,0,0,0,0,0.09569035523404237,0.041487432080233845,0.2762002373267435,0.0,0.0,0.0
image_134.png,surface,0.0,0.0,0.7135329988206172,-9.351682237327084,-11.873207779920563,0.0,-0.2577802423338452,1.5761416101069698,0.0,0.0,0.0,0.5121196911798078,0,0,0,0,0,0,-0.03801985581870437,0.08075207033612573,0.17452710929730497,0.0,0.0,0.0
image_135.png,surface,0.0,0.0,1.816931255184035,18.517849862443537,-9.509815181202848,0.0,-1.077685957489194,2.5060819057568544,0.0,0.0,0.0,2.2711930965380844,0,0,0,0,0,0,-0.23068199766135297,0.5724095238816566,1.2648671261365918,0.0,0.0,0.0
image_136.png,surface,0.0,0.0,2.191596240580647,8.35986116152568,10.820438196429194,0.0,2.351677185298691,-1.7974818160037314,0.0,0.0,0.0,0.40696956603575796,0,0,0,0,0,0,0.2155270171056464,-0.1628113888449537,0.6443377062099318,0.0,0.0,0.0
image_137.png,surface,0.0,0.0,2.046955026117123,13.48593777759362,11.186942008596734,0.0,2.215732043526496,0.4811750244104692,0.0,0.0,0.0,-2.600000121817965,0,0,0,0,0,0,0.24483861838129434,0.024340614893165653,0.611005658812597,0.0,0.0,0.0
image_138.png,surface,0.0,0.0,2.682213109077005,18.100056351257496,-11.524905639773623,0.0,0.33305602706856224,-1.6994520198101504,0.0,0.0,0.0,0.6896817772516499,0,0,0,0,0,0,0.3767408241217112,-0.33182552082464206,2.1680211352599033,0.0,0.0,0.0
image_139.png,surface,0.0,0.0,2.146756009845367,-18.92864743905233,16.311154711672398,0.0,0.9072052974492855,1.6998400682903014,0.0,0.0,0.0,1.6229861368172305,0,0,0,0,0,0,0.24170504688458835,0.2869386142543851,0.9434552613124397,0.0,0.0,0.0
image_140.png,surface,0.0,0.0,2.5742692275389283,-0.44439718360361763,-24.236460581033665,0.0,-0.010212250735423624,-1.5070609037121205,0.0,0.0,0.0,2.3952597950695207,0,0,0,0,0,0,0.6884086758994891,-0.5230833220726921,3.137615938800066,0.0,0.0,0.0
image_141.png,surface,0.0,0.0,0.8510629614342342,13.901485103454473,15.533503697603676,0.0,-0.09873532601631721,-1.5178402374195432,0.0,0.0,0.0,-2.651658492905061,0,0,0,0,0,0,0.024709405935172457,-0.05502240594055816,0.1635898567916342,0.0,0.0,0.0
image_142.png,surface,0.0,0.0,0.9291201865305463,2.5287841279551255,-4.984923929980782,0.0,0.47190501651013295,2.5673842834840115,0.0,0.0,0.0,1.2561498828493391,0,0,0,0,0,0,0.010435599685727806,0.047056214909795425,0.09170946517106789,0.0,0.0,0.0
image_143.png,surface,0.0,0.0,2.7960306942951583,8.212674264458798,-1.423554855879087,0.0,1.0273818747960075,-0.5037467681644989,0.0,0.0,0.0,-2.10380281286966,0,0,0,0,0,0,0.3983820998299004,-0.09913849228864434,1.2620937354440556,0.0,0.0,0.0
image_144.png,surface,0.0,0.0,1.3867617049482912,14.617472735580842,19.339162273212306,0.0,0.6793629419620849,-2.2686358407788467,0.0,0.0,0.0,-1.654622598711188,0,0,0,0,0,0,0.08994369861842193,-0.16469911183802538,0.4206979118146853,0.0,0.0,0.0
image_145.png,surface,0.0,0.0,1.0424969168643603,-15.67119037619547,3.2959223222438028,0.0,1.1860254488924196,1.3806872538695103,0.0,0.0,0.0,0.5685572739012787,0,0,0,0,0,0,0.08652401180292972,0.06800994013289154,0.22522076107021866,0.0,0.0,0.0
image_146.png,surface,0.0,0.0,2.780173088228562,-18.95666308541297,4.398755722584698,0.0,2.093459130804701,0.424711308067481,0.0,0.0,0.0,-1.8176051852837027,0,0,0,0,0,0,0.5956190429931405,-0.12319752183534358,1.7987024073780442,0.0,0.0,0.0
image_147.png,surface,0.0,0.0,2.92526131097208,23.05961583478793,-2.0270805112039487,0.0,2.509099144361489,0.9383278876404165,0.0,0.0,0.0,-1.768365994420592,0,0,0,0,0,0,0.9199201036073231,0.8263082664498037,3.2817786627212757,0.0,0.0,0.0
image_148.png,surface,0.0,0.0,2.0944241146627185,10.487147315289407,20.896184772447228,0.0,-0.9315203071914879,0.9363269129804362,0.0,0.0,0.0,-1.3171261058333186,0,0,0,0,0,0,-0.42768761354557466,0.3635093781608569,1.3596983305895969,0.0,0.0,0.0
image_149.png,surface,0.0,0.0,1.470846502778502,-9.820586834221684,-12.007545210467079,0.0,-0.8083437460578446,2.1668354991351673,0.0,0.0,0.0,-2.600602858213515,0,0,0,0,0,0,-0.09968683835708791,0.23354751560033968,0.4330218596666242,0.0,0.0,0.0
image_150.png,surface,0.0,0.0,2.2209643884965544,13.06375617328406,14.036064127495093,0.0,0.09387582390356186,0.9738701519842183,0.0,0.0,0.0,-2.595474878296839,0,0,0,0,0,0,-0.007232021249318987,0.4043549844234464,1.0353545318046549,0.0,0.0,0.0
image_151.png,surface,0.0,0.0,0.5388946922570255,-5.236204086539658,20.046318897781177,0.0,0.23245435278717788,2.0143013348237013,0.0,0.0,0.0,-1.9200876560929672,0,0,0,0,0,0,0.002368060829953574,0.027895826530117424,0.08320172077608934,0.0,0.0,0.0
image_152.png,surface,0.0,0.0,0.8617807169544083,16.396899086787688,-2.083218474469017,0.0,-0.43624642712712175,0.12674913276652,0.0,0.0,0.0,0.024901604345779482,0,0,0,0,0,0,-0.07047568182101349,0.020108969183696535,0.19775481459824082,0.0,0.0,0.0
image_153.png,surface,0.0,0.0,1.4217861102933933,-17.292366417019476,7.154643173509148,0.0,0.673704906724143,-2.6516874759905305,0.0,0.0,0.0,2.066181381872786,0,0,0,0,0,0,0.08093106607665716,-0.16097085892670876,0.4827575528186863,0.0,0.0,0.0
image_154.png,surface,0.0,0.0,2.5805612535331943,1.2889289698330395,18.280843487547333,0.0,-0.07249370875177685,1.7423543377615363,0.0,0.0,0.0,2.684228949341084,0,0,0,0,0,0,-0.10804201442164184,0.5574178571116787,1.3001240227907431,0.0,0.0,0.0
image_155.png,surface,0.0,0.0,1.2607897659289387,9.09239749982667,-20.27019128898126,0.0,1.1902377954763443,-0.4619449427102793,0.0,0.0,0.0,0.7668891362405992,0,0,0,0,0,0,0.22977190744521359,-0.09197458352993722,0.7670367978149918,0.0,0.0,0.0
image_156.png,surface,0.0,0.0,0.6446797293721893,10.245988848552043,19.99760078197414,0.0,-1.6732693144217305,2.3155609484012984,0.0,0.0,0.0,-0.9341913322353861,0,0,0,0,0,0,-0.03814160701818792,0.03235085279376669,0.1470901918744435,0.0,0.0,0.0
image_157.png,surface,0.0,0.0,1.4468381833347097,14.151955104443664,-19.74056104382692,0.0,-2.077319078185099,-0.888382946111118,0.0,0.0,0.0,-1.428585498712918,0,0,0,0,0,0,-0.25841996468367723,-0.09584441566573419,0.7665678670215677,0.0,0.0,0.0
image_158.png,surface,0.0,0.0,1.1031353812045468,2.2319539341903756,24.153628791562614,0.0,1.6401599480241418,-2.1186293902317384,0.0,0.0,0.0,-1.100023620617532,0,0,0,0,0,0,0.09156907713152633,-0.11426229966813725,0.3141836315940885,0.0,0.0,0.0
image_159.png,surface,0.0,0.0,0.6401498451768832,23.891990658380227,4.491735144488202,0.0,0.6658678450021196,2.39018586797888,0.0,0.0,0.0,-0.17790845264198563,0,0,0,0,0,0,0.017519997605672896,0.07806206507099846,0.2878565170489973,0.0,0.0,0.0
image_160.png,surface,0.0,0.0,1.4973106438681305,0.10392053771543058,-3.1524327786098025,0.0,-2.5973199777612703,-0.4112895553543297,0.0,0.0,0.0,0.32816101658218777,0,0,0,0,0,0,-0.14003214208592654,-0.011809280424157898,0.23747995181258924,0.0,0.0,0.0
image_161.png,surface,0.0,0.0,1.378553479850254,-11.018311449564724,1.6503707202252478,0.0,-0.6041865827103143,-0.9974164393199452,0.0,0.0,0.0,0.2193510961925007,0,0,0,0,0,0,-0.039833948691008286,-0.12132867607220242,0.3006516286981385,0.0,0.0,0.0
image_162.png,surface,0.0,0.0,2.3345999523480265,-17.401842574871758,2.762155295186795,0.0,2.636588526222246,1.066114646325068,0.0,0.0,0.0,-2.4364347780590716,0,0,0,0,0,0,0.39116834126050415,0.03791334321335136,1.0803294609015741,0.0,0.0,0.0
image_163.png,surface,0.0,0.0,0.6580120530422899,6.833483769534665,0.0756773862115138,0.0,1.3607577824514117,-1.3507880524530689,0.0,0.0,0.0,-0.793783492749812,0,0,0,0,0,0,0.00171669191271695,-0.018636545249100633,0.026389638650881213,0.0,0.0,0.0
image_164.png,surface,0.0,0.0,1.4476361155597777,9.618163456539882,23.144304582207067,0.0,-1.5610849909733762,1.4393193527125958,0.0,0.0,0.0,-0.3927425271092102,0,0,0,0,0,0,-0.23953330986380197,0.20238120898472547,0.6946517473405496,0.0,0.0,0.0
image_165.png,surface,0.0,0.0,1.3560838070366166,8.388534463423486,21.759129913039228,0.0,1.1892196115027043,-1.16861517454654,0.0,0.0,0.0,-0.03841420266929063,0,0,0,0,0,0,0.10115698409085061,-0.12121541269261821,0.39523720273553997,0.0,0.0,0.0
image_166.png,surface,0.0,0.0,2.117053812335866,-1.7244680251520716,-5.165452858326124,0.0,-1.228745633266933,2.5345722945131226,0.0,0.0,0.0,-1.923184623150974,0,0,0,0,0,0,-0.16870454956428643,0.2729820489256079,0.5636548136956628,0.0,0.0,0.0
image_167.png,surface,0.0,0.0,2.719801927608204,18.617267754445788,14.660828368684175,0.0,-0.9172598664628132,1.6910207035843112,0.0,0.0,0.0,1.8306074767465237,0,0,0,0,0,0,-0.7399018238310345,1.0593004768696803,3.4844907457071437,0.0,0.0,0.0
image_168.png,surface,0.0,0.0,0.857474475319153,-14.01681947631946,1.9094567573008183,0.0,-1.7295150224497535,0.8991079187378049,0.0,0.0,0.0,1.5356684990895912,0,0,0,0,0,0,-0.07192756487485408,0.03544671850240429,0.1285540275115259,0.0,0.0,0.0
image_169.png,surface,0.0,0.0,2.540634378499559,14.101668961840982,20.333615302916847,0.0,2.079593042810926,2.0193466453783975,0.0,0.0,0.0,1.201728534535908,0,0,0,0,0,0,0.3751245769485684,0.6081346815255392,1.5764113472648371,0.0,0.0,0.0
image_170.png,surface,0.0,0.0,2.0243085068781657,-9.66594800522526,-10.635851396795518,0.0,2.149129430822274,0.2106346630036565,0.0,0.0,0.0,-0.31125463409423704,0,0,0,0,0,0,0.3514470124290181,-0.046464728371966316,1.0328535675730601,0.0,0.0,0.0
image_171.png,surface,0.0,0.0,0.5731067350349406,-7.043117212168978,-9.495663772061134,0.0,1.1940026454084098,1.7261918960822762,0.0,0.0,0.0,-0.5822891222110407,0,0,0,0,0,0,0.03470670130275983,0.023601256720879215,0.0780144529993085,0.0,0.0,0.0
image_172.png,surface,0.0,0.0,2.417221697915609,5.271443383421415,12.279832200678872,0.0,-0.7539339575004669,1.2643950966773971,0.0,0.0,0.0,2.2046181174342605,0,0,0,0,0,0,-0.27631586911775535,0.39817269162113617,1.0534865224837164,0.0,0.0,0.0
image_173.png,surface,0.0,0.0,1.8442200825848147,-16.752225607284668,9.259438237869931,0.0,-0.23530628121399583,0.9147037729429509,0.0,0.0,0.0,-2.1010306115462294,0,0,0,0,0,0,-0.1069005969264842,0.22522580340588166,0.6122226458717214,0.0,0.0,0.0
image_174.png,surface,0.0,0.0,2.4998220614503115,9.18482862612983,16.259613228375866,0.0,-0.4490480067378723,0.23663999556350335,0.0,0.0,0.0,1.9195648597867168,0,0,0,0,0,0,-0.33806046804580947,0.14513915542481376,1.4160146858760425,0.0,0.0,0.0
image_175.png,surface,0.0,0.0,1.522170082173616,-17.192207181433965,6.001445179093045,0.0,-0.34287846043544506,2.925020441327682,0.0,0.0,0.0,-0.1492086664831911,0,0,0,0,0,0,-0.04832305107499398,0.1987850966829237,0.4410740712908477,0.0,0.0,0.0
image_176.png,surface,0.0,0.0,2.1637569844701288,6.033673537148504,2.3393366613253557,0.0,1.4229721024843256,0.1372889403863846,0.0,0.0,0.0,1.8378551330513533,0,0,0,0,0,0,0.23544551334114375,0.02106856170517465,0.5438927302585079,0.0,0.0,0.0
image_177.png,surface,0.0,0.0,0.9970105134638464,5.441130940929871,20.37427426171927,0.0,-0.7591351239212006,-1.943165265578817,0.0,0.0,0.0,-2.5724457497112283,0,0,0,0,0,0,-0.010610617034985559,-0.05443249250522322,0.21237205733040063,0.0,0.0,0.0
image_178.png,surface,0.0,0.0,0.979611436869972,8.012516589800098,11.475892780717492,0.0,-1.1228627337280532,-0.4938461025109567,0.0,0.0,0.0,-0.38883873602455754,0,0,0,0,0,0,-0.04466899320049609,0.011236671116259422,0.12332879867051551,0.0,0.0,0.0
image_179.png,surface,0.0,0.0,1.3506560203140379,-18.161012544716417,-0.4669640023802708,0.0,1.3737012457843567,-1.413047785179414,0.0,0.0,0.0,1.0197222343840977,0,0,0,0,0,0,0.12762873863854662,-0.1401115198532662,0.4985136274777328,0.0,0.0,0.0
image_180.png,surface,0.0,0.0,1.798601265819287,20.12680436636706,-2.3599649290254967,0.0,1.2240967343005262,0.3261189806105621,0.0,0.0,0.0,2.712729395741385,0,0,0,0,0,0,0.2906551166369221,0.12969128893151013,0.8440084380498759,0.0,0.0,0.0
image_181.png,surface,0.0,0.0,2.291316976448318,-20.58301180136723,-10.197608027673942,0.0,0.10654253210238747,1.7224333651159962,0.0,0.0,0.0,-1.3998412507965976,0,0,0,0,0,0,0.20866329323476507,0.37934265476524587,1.4709555108351116,0.0,0.0,0.0
image_182.png,surface,0.0,0.0,2.167012056930819,13.49611572197575,-3.0070624233389225,0.0,-1.7731344323173677,0.7280715966577403,0.0,0.0,0.0,-1.0749165093441073,0,0,0,0,0,0,-0.43247852324524955,0.2525914943954449,0.9199082364712189,0.0,0.0,0.0
image_183.png,surface,0.0,0.0,2.553361407920879,17.01605596643582,2.496037891852514,0.0,1.410649553894303,2.342279419898628,0.0,0.0,0.0,1.5466165150406077,0,0,0,0,0,0,0.3524514598247565,0.824335595922044,1.8723066779153892,0.0,0.0,0.0
image_184.png,surface,0.0,0.0,1.5659922894576987,-6.21100269564335,-19.105073714298207,0.0,-0.10673583749831665,-2.347461908364514,0.0,0.0,0.0,-1.3328717033681048,0,0,0,0,0,0,0.09523987579595336,-0.32624100697013797,0.9082787527943036,0.0,0.0,0.0
image_185.png,surface,0.0,0.0,2.7813231361145867,16.92466936645901,-9.790935402074304,0.0,1.3910362724631604,-0.8753134105604659,0.0,0.0,0.0,1.5759563836561483,0,0,0,0,0,0,0.7251988446034103,-0.014332536824897102,2.362937802056043,0.0,0.0,0.0
image_186.png,surface,0.0,0.0,0.7729193102505634,-22.439536754690426,-3.6083879488805026,0.0,-1.453055266544297,1.1577512200022726,0.0,0.0,0.0,1.9138035560416675,0,0,0,0,0,0,-0.10086782499207761,0.10873756370841395,0.3005444445167846,0.0,0.0,0.0
image_187.png,surface,0.0,0.0,0.968008272011017,11.86933179753956,5.559035777885612,0.0,-1.3132497334545663,-2.535637541900508,0.0,0.0,0.0,0.019213264641201988,0,0,0,0,0,0,-0.009043070341635725,-0.055415681564114735,0.11750065880938854,0.0,0.0,0.0
image_188.png,surface,0.0,0.0,2.2092939382248713,-5.8043966458225755,-2.430133139885098,0.0,2.2950373707264107,-1.711011590032543,0.0,0.0,0.0,0.7197475253683128,0,0,0,0,0,0,0.20881548223411914,-0.19059552509798106,0.7487038367958909,0.0,0.0,0.0
image_189.png,surface,0.0,0.0,1.1344317001554343,0.09567177822278024,12.914129738752841,0.0,2.0759459711502197,1.4863541174287735,0.0,0.0,0.0,1.2947314679501654,0,0,0,0,0,0,0.07909871052443083,0.00562856072434216,0.13927244564693186,0.0,0.0,0.0
image_190.png,surface,0.0,0.0,0.9114763655085516,-18.246997596827065,-15.828309343278747,0.0,-1.6315282084911884,-2.120840949844916,0.0,0.0,0.0,-0.21706552318510397,0,0,0,0,0,0,-0.056267316841291125,-0.23101324748214078,0.6601250429218728,0.0,0.0,0.0
image_191.png,surface,0.0,0.0,2.716234362332143,-15.735188075496197,-8.58161952069499,0.0,1.6450326646632423,2.1983006771710625,0.0,0.0,0.0,1.4789668463833445,0,0,0,0,0,0,0.5620613686355059,0.330096681183487,1.7797397392934875,0.0,0.0,0.0
image_192.png,surface,0.0,0.0,0.6710021162054032,1.3914450699908316,-8.939210233434826,0.0,-1.6535472368647333,0.9757429615934945,0.0,0.0,0.0,-2.786469929593217,0,0,0,0,0,0,-0.03735326800153235,0.007508418204942774,0.06189886473197004,0.0,0.0,0.0
image_193.png,surface,0.0,0.0,2.9786777685892805,17.472056865322426,-16.999859142259094,0.0,-1.395073760282037,2.4766656138734953,0.0,0.0,0.0,0.41033603395714735,0,0,0,0,0,0,0.2613206870113706,1.6212756119071348,5.094334625539329,0.0,0.0,0.0
image_194.png,surface,0.0,0.0,2.6564732784252674,3.324578539619353,0.34769272036989285,0.0,-1.801678486720017,-1.1073349225387896,0.0,0.0,0.0,2.6746676281087964,0,0,0,0,0,0,-0.38250574341725446,-0.24020803156089435,0.9129412646832054,0.0,0.0,0.0
image_195.png,surface,0.0,0.0,2.670644368380757,14.997768885465513,-4.5329027377049735,0.0,1.0542102132649651,0.7231200904540572,0.0,0.0,0.0,0.3907843678541445,0,0,0,0,0,0,0.4609469974644746,0.4686461102599864,1.9543695667645904,0.0,0.0,0.0
image_196.png,surface,0.0,0.0,2.071782656364437,14.490978192139126,1.6546182235250395,0.0,-0.2659767545221077,-0.4879138818056928,0.0,0.0,0.0,0.8027544760648793,0,0,0,0,0,0,-0.0966278394700653,-0.07095793420707193,0.7294196161672724,0.0,0.0,0.0
image_197.png,surface,0.0,0.0,1.0621391995873601,-8.696532729621222,-21.292417127218844,0.0,0.8067943164571872,1.0385840499077268,0.0,0.0,0.0,0.32266038183241097,0,0,0,0,0,0,0.21573247225477463,0.10404971827561933,0.7153248963192145,0.0,0.0,0.0
image_198.png,surface,0.0,0.0,2.4952288868180483,13.202674202797139,5.55839294581718,0.0,0.9996008151324552,-2.1889790605514974,0.0,0.0,0.0,0.14623299276475255,0,0,0,0,0,0,0.20502597615019597,-0.28947760168006637,0.9896851385327126,0.0,0.0,0.0
image_199.png,surface,0.0,0.0,0.6345014129357662,18.38449640490148,-6.2129982910782005,0.0,-0.09653845966223121,-2.1605518508234955,0.0,0.0,0.0,-2.3469860672014784,0,0,0,0,0,0,0.041154949205403774,-0.07125682368097497,0.15959724603619543,0.0,0.0,0.0
image_200.png,surface,0.0,0.0,1.9552883623696125,-2.507897057333066,16.629732385318043,0.0,-2.404225202587235,-0.2839450838803559,0.0,0.0,0.0,2.7479541647820396,0,0,0,0,0,0,-0.30468085481741963,-0.03736275734037212,0.6703700642562989,0.0,0.0,0.0
image_201.png,surface,0.0,0.0,1.5978990878455042,11.387593669370975,-6.448902334513887,0.0,1.597355859707872,-1.9198683337107572,0.0,0.0,0.0,-0.02333491165985624,0,0,0,0,0,0,0.14819251623130683,-0.1382945864724347,0.4355451539360008,0.0,0.0,0.0
image_202.png,surface,0.0,0.0,2.376017079949407,19.28966255006126,16.108158128332807,0.0,2.5396717759180305,1.5589109779984613,0.0,0.0,0.0,-0.3235295045304367,0,0,0,0,0,0,0.48912022502495234,0.3818627649609968,1.3958060016832454,0.0,0.0,0.0
image_203.png,surface,0.0,0.0,0.5594203304902514,16.189318904034792,0.842849018222869,0.0,2.1145585442641046,1.1260158597291126,0.0,0.0,0.0,-0.4788700211758652,0,0,0,0,0,0,0.025503832511802216,0.00021079573422632577,0.08194677265273548,0.0,0.0,0.0
image_204.png,surface,0.0,0.0,1.466963759366849,2.1050159591551076,14.966932506011082,0.0,-0.3035531031383613,2.745459785769342,0.0,0.0,0.0,0.16954420912275925,0,0,0,0,0,0,-0.020311143853831988,0.11611856061132449,0.30385375611609106,0.0,0.0,0.0
image_205.png,surface,0.0,0.0,1.6927360038187351,8.662676596773192,-17.632073976949926,0.0,2.7231982479980843,-1.0635009042836543,0.0,0.0,0.0,-2.4606701100165944,0,0,0,0,0,0,0.2967244139311738,-0.1447364411862919,0.9323014074402823,0.0,0.0,0.0
image_206.png,surface,0.0,0.0,0.8808980636938886,11.194278070304673,8.389543179407006,0.0,2.631312635729069,-1.0184663918092682,0.0,0.0,0.0,-2.8826530682701152,0,0,0,0,0,0,0.052349971997909917,-0.027397153039447644,0.09261383170124272,0.0,0.0,0.0
image_207.png,surface,0.0,0.0,1.536800466958621,17.704926809119463,0.3268090982016293,0.0,-1.7111866208413518,-0.6874011052042559,0.0,0.0,0.0,0.8722999236330455,0,0,0,0,0,0,-0.1962735867973273,-0.03623956215949445,0.48705161908418343,0.0,0.0,0.0
image_208.png,surface,0.0,0.0,2.7761942151533083,-17.041990957263483,-0.30132118085960774,0.0,-1.8427017981021012,0.466586226617834,0.0,0.0,0.0,-1.703579155753568,0,0,0,0,0,0,-0.5616078454174305,-0.19150477833964383,1.8454436424635274,0.0,0.0,0.0
image_209.png,surface,0.0,0.0,1.671585560487555,20.070840829189056,4.716441239308124,0.0,1.1038748824625224,1.265422421183714,0.0,0.0,0.0,1.2972383572248845,0,0,0,0,0,0,0.16530464731871003,0.27122332033706276,0.7236830294610523,0.0,0.0,0.0
image_210.png,surface,0.0,0.0,1.1294404440416665,16.335233241470913,4.346470172069803,0.0,-0.8035525359085471,0.13414065401747807,0.0,0.0,0.0,-2.7055996397638493,0,0,0,0,0,0,-0.11251637100265983,0.03467432517773908,0.25479689611260475,0.0,0.0,0.0
image_211.png,surface,0.0,0.0,1.8308376525791905,-11.29809552661804,-6.092839945712069,0.0,1.9939568937990657,1.1792270123480684,0.0,0.0,0.0,1.9410321991214188,0,0,0,0,0,0,0.2607195404639213,0.06867064318046666,0.6238789255939755,0.0,0.0,0.0
image_212.png,surface,0.0,0.0,0.6521060864596946,-14.254083573243575,-19.46658597526602,0.0,0.021045537642632894,0.5381413324867621,0.0,0.0,0.0,1.148172190094562,0,0,0,0,0,0,0.0783286341876978,0.12234490028347268,0.428334784736162,0.0,0.0,0.0
image_213.png,surface,0.0,0.0,1.2356713569091857,-12.08542986041328,-3.1679109235972533,0.0,0.6097993779851568,1.8894390501327936,0.0,0.0,0.0,-2.9670821342945493,0,0,0,0,0,0,0.028836771597662514,0.15081018991650003,0.23279064387834925,0.0,0.0,0.0
image_214.png,surface,0.0,0.0,2.459091854225846,19.76597980150827,8.356530742304816,0.0,-0.6415605849264023,-0.9881376561246714,0.0,0.0,0.0,-0.2506845021906594,0,0,0,0,0,0,-0.32194974057415776,-0.07791104723155277,1.4829601391467646,0.0,0.0,0.0
image_215.png,surface,0.0,0.0,2.1047856256156314,-7.397771110652961,-1.7743410427361206,0.0,-0.45794962053770455,2.107691619115889,0.0,0.0,0.0,2.378581135799749,0,0,0,0,0,0,-0.05151902006143542,0.2882757513744774,0.5272702501335159,0.0,0.0,0.0
image_216.png,surface,0.0,0.0,0.5599621289692756,-15.783637540566113,6.597424119047232,0.0,0.3432232662739728,2.2368792986087103,0.0,0.0,0.0,2.7147274218405153,0,0,0,0,0,0,0.01169268082039474,0.03978848138646928,0.08166094816912471,0.0,0.0,0.0
image_217.png,surface,0.0,0.0,1.9246899967629523,18.820262681124504,-0.29565801851291257,0.0,-2.566897332788536,-0.45314497834435286,0.0,0.0,0.0,-0.3867171472848998,0,0,0,0,0,0,-0.32828993428726017,0.038976760499448426,0.8990519811827425,0.0,0.0,0.0
image_218.png,surface,0.0,0.0,1.043350201108605,15.416014140026382,-5.9884603701258,0.0,0.19233956291080068,0.8745361161307236,0.0,0.0,0.0,2.5138179798269196,0,0,0,0,0,0,0.0034973032051628383,0.10839148115968422,0.26104037467647856,0.0,0.0,0.0
image_219.png,surface,0.0,0.0,2.9393745395714435,19.86205864923427,-12.2843043456859,0.0,-0.06755547157712033,-0.3400384290802107,0.0,0.0,0.0,-1.1592977275872276,0,0,0,0,0,0,0.460665447815669,0.49482410886640865,3.4806723092464016,0.0,0.0,0.0
image_220.png,surface,0.0,0.0,2.4592174892336334,19.876959222441442,-6.934843598603534,0.0,-2.7149818503740786,-0.16856252749493106,0.0,0.0,0.0,1.9889799888245943,0,0,0,0,0,0,-0.7726589840520645,0.102366498606797,1.614609109894889,0.0,0.0,0.0
image_221.png,surface,0.0,0.0,0.8197702480692616,-16.77186259001878,-16.43842447331592,0.0,1.373449099045672,1.9648526475028398,0.0,0.0,0.0,-2.2144546824034426,0,0,0,0,0,0,0.10449296695669802,0.1407344684409798,0.43597165765763896,0.0,0.0,0.0
image_222.png,surface,0.0,0.0,1.4638641942024866,19.388630829997272,-10.509918641306768,0.0,-0.9794534380768076,0.9293891909822063,0.0,0.0,0.0,2.3784332404864443,0,0,0,0,0,0,-0.21369161777343296,0.3041168934913376,0.8707419592826006,0.0,0.0,0.0
image_223.png,surface,0.0,0.0,1.7249240787616764,-8.14516190095816,-6.427039022071788,0.0,-2.402913301121954,1.0551692194384568,0.0,0.0,0.0,1.526066252688313,0,0,0,0,0,0,-0.21773223570629105,0.09409197948716592,0.41271715631136485,0.0,0.0,0.0
image_224.png,surface,0.0,0.0,0.9559292844805624,-22.635439476944025,-2.0686142621337855,0.0,1.4258444374939712,-1.5609152583190216,0.0,0.0,0.0,0.7909803664257544,0,0,0,0,0,0,0.109283876656373,-0.1338600105412103,0.45928421710214745,0.0,0.0,0.0
image_225.png,surface,0.0,0.0,2.260709633659558,14.842017859735101,-4.15556411532375,0.0,0.8383329870850134,-2.230399627216284,0.0,0.0,0.0,1.5098409471090442,0,0,0,0,0,0,0.19726433718312383,-0.32150596846251667,0.8818913471472011,0.0,0.0,0.0
image_226.png,surface,0.0,0.0,2.6034469006720355,-5.721730967783578,3.1436325774497687,0.0,0.6215082123852498,2.7653162246532386,0.0,0.0,0.0,-2.7837802924620725,0,0,0,0,0,0,0.08510865410893423,0.4150206193343014,0.8522482219914698,0.0,0.0,0.0
image_227.png,surface,0.0,0.0,0.51116148847391,8.564942733237185,-2.701265244288834,0.0,0.41304993000295154,-1.461689403761157,0.0,0.0,0.0,-0.2619780716684037,0,0,0,0,0,0,0.008108629885599794,-0.013973869456213473,0.019806743512719233,0.0,0.0,0.0
image_228.png,surface,0.0,0.0,0.8330584703371858,17.8978051930874,17.71202661194412,0.0,0.8761736649309549,-0.0002720744731191572,0.0,0.0,0.0,0.5981580179678199,0,0,0,0,0,0,0.0955259911147396,-0.006130380420000442,0.27618907230785256,0.0,0.0,0.0
image_229.png,surface,0.0,0.0,1.2086570978858877,1.2176261274266182,10.058900747818988,0.0,0.4246734953933973,-1.2034218240498031,0.0,0.0,0.0,2.955394156448639,0,0,0,0,0,0,0.04591237732522077,-0.07338051204818069,0.14938795276222117,0.0,0.0,0.0
image_230.png,surface,0.0,0.0,2.9602755691369573,4.888785360637174,13.389863739722044,0.0,-2.049887529249991,-0.9736971511743105,0.0,0.0,0.0,-1.2585462185381453,0,0,0,0,0,0,-0.7960854367226813,-0.26300228670223547,2.0352936236869046,0.0,0.0,0.0
image_231.png,surface,0.0,0.0,1.511319696250414,10.245207877403576,4.120516793024423,0.0,-1.0219265474149124,-0.6275644785059964,0.0,0.0,0.0,-2.020024278012669,0,0,0,0,0,0,-0.11434263899491194,-0.07814701260568675,0.2728239356140904,0.0,0.0,0.0
image_232.png,surface,0.0,0.0,0.9256299074406328,2.135917465714457,-19.817936887050422,0.0,0.20427169794621816,1.7940322944900622,0.0,0.0,0.0,-2.7399505833679845,0,0,0,0,0,0,0.012537329766811359,0.14498184517539114,0.393973322597073,0.0,0.0,0.0
image_233.png,surface,0.0,0.0,0.802317794930132,2.66053094552446,-11.776756644303093,0.0,2.181435195960974,0.10048526423679272,0.0,0.0,0.0,-0.950404810856381,0,0,0,0,0,0,0.056879116618695456,-0.012897867350162595,0.14972290332895277,0.0,0.0,0.0
image_234.png,surface,0.0,0.0,2.753390409214392,-10.648917903247664,-7.118947220925903,0.0,-0.3521846864827987,-1.6298585745723917,0.0,0.0,0.0,1.4906852249259117,0,0,0,0,0,0,0.08944147492055264,-0.7272814644382496,2.0405188525279168,0.0,0.0,0.0
image_235.png,surface,0.0,0.0,2.5256102111062106,24.712442983935556,1.527800920262521,0.0,2.6738004883292272,0.07629697694652111,0.0,0.0,0.0,0.005758728812859992,0,0,0,0,0,0,0.6754726109543691,0.2221661190546113,1.993418103834142,0.0,0.0,0.0
image_236.png,surface,0.0,0.0,2.0482515182658263,8.77856963006598,-11.098609063858142,0.0,0.030053057896368994,-2.4222188851714037,0.0,0.0,0.0,0.5876875897439566,0,0,0,0,0,0,0.08010011414018253,-0.2720161639941531,0.7613426381805578,0.0,0.0,0.0
image_237.png,surface,0.0,0.0,1.8492391426733972,8.870893466507765,-21.70837392896093,0.0,1.0894334073815901,-1.7723700990148687,0.0,0.0,0.0,1.3790763450992278,0,0,0,0,0,0,0.37975264441893386,-0.32255994713364816,1.446584507599731,0.0,0.0,0.0
image_238.png,surface,0.0,0.0,2.4428844038259157,4.5396667727725575,-23.65866892697617,0.0,2.278182216474905,-0.38428744662010295,0.0,0.0,0.0,-2.1209544214842713,0,0,0,0,0,0,1.095088119974188,-0.2101932359710539,3.3018087066118134,0.0,0.0,0.0
image_239.png,surface,0.0,0.0,1.2953763457591685,3.1145238605538315,-0.40326823821376406,0.0,2.5820833758976365,-0.26439379677114105,0.0,0.0,0.0,-1.2300149904384277,0,0,0,0,0,0,0.07262915616187732,-0.04651192144679313,0.15472483179214216,0.0,0.0,0.0
image_240.png,surface,0.0,0.0,2.099636642853242,-9.191200248458603,22.026442386790148,0.0,-2.060113135491569,1.4908615317552287,0.0,0.0,0.0,0.6570182341660082,0,0,0,0,0,0,-0.6376947356446386,0.2889207233971102,1.4555611827881332,0.0,0.0,0.0
image_241.png,surface,0.0,0.0,2.342113603479919,18.757531573611654,6.690029477167565,0.0,0.5002788444848872,0.3013810810018776,0.0,0.0,0.0,1.2107584864062133,0,0,0,0,0,0,0.10330284898174695,0.3455728635216867,1.4352743434630997,0.0,0.0,0.0
image_242.png,surface,0.0,0.0,1.939121815609194,7.542574459496182,1.2113928410641426,0.0,2.6248037760335112,-1.0011210358786053,0.0,0.0,0.0,1.3230252003608145,0,0,0,0,0,0,0.17534912127609734,-0.0886049979873041,0.43991737533373537,0.0,0.0,0.0
image_243.png,surface,0.0,0.0,0.9218298837136849,-16.683730968786676,14.205102401643744,0.0,0.8817399518048336,1.4712417287430166,0.0,0.0,0.0,-2.731794040392619,0,0,0,0,0,0,0.03500042607151377,0.09650354561081505,0.23219443186956756,0.0,0.0,0.0
image_244.png,surface,0.0,0.0,2.964761991002703,10.758315074215597,7.192423027306991,0.0,-2.6338725924291233,-1.169512154655107,0.0,0.0,0.0,0.09845092587511406,0,0,0,0,0,0,-0.8001975834852357,-0.1980614695355798,2.004980597397711,0.0,0.0,0.0
image_245.png,surface,0.0,0.0,2.527988904288826,1.7958106120504298,0.4426319369557771,0.0,-1.8634901452923271,-0.41520833315115563,0.0,0.0,0.0,2.4446230363252255,0,0,0,0,0,0,-0.43231263723595337,-0.10169635694425651,0.8594764552215338,0.0,0.0,0.0
image_246.png,surface,0.0,0.0,1.72656735810025,-21.233325993704167,-6.492686242991148,0.0,-2.745701597649405,0.3248257235295438,0.0,0.0,0.0,0.990616545149539,0,0,0,0,0,0,-0.35988437055322353,0.014106010065728442,0.9082139956847352,0.0,0.0,0.0
image_247.png,surface,0.0,0.0,2.0499254389539656,5.355816879938359,19.139464732045255,0.0,2.25402473881141,0.5078358818570579,0.0,0.0,0.0,2.677035951304889,0,0,0,0,0,0,0.2589921953212491,0.026385648135660016,0.6600267907556321,0.0,0.0,0.0
image_248.png,surface,0.0,0.0,2.4001899766624604,5.6376950107493276,-4.0032855915009415,0.0,0.9992050534690969,-0.6130669207225783,0.0,0.0,0.0,1.926893131864582,0,0,0,0,0,0,0.31932752411528237,-0.14896022138328976,0.8326871088943537,0.0,0.0,0.0
image_249.png,surface,0.0,0.0,1.6464629591490183,4.238510908643884,2.5009159758898925,0.0,2.410860036299851,1.0458525636263074,0.0,0.0,0.0,2.2527457622693445,0,0,0,0,0,0,0.13320189979490302,0.02742389578184945,0.2653478389646447,0.0,0.0,0.0
image_250.png,surface,0.0,0.0,2.3477905121918776,19.91216346861316,-2.6861688682558476,0.0,1.5272638678516193,1.8606498668622735,0.0,0.0,0.0,-2.929057990666931,0,0,0,0,0,0,0.4659479279832586,0.5716324112495088,1.8202553598453224,0.0,0.0,0.0
image_251.png,surface,0.0,0.0,2.43231974458362,4.199688104180319,-7.262174483679001,0.0,2.215375109137326,0.08756818710532606,0.0,0.0,0.0,-1.0715659618210944,0,0,0,0,0,0,0.3660114996672294,-0.044495204049194804,1.0393449095563154,0.0,0.0,0.0
image_252.png,surface,0.0,0.0,1.6475184738059718,-1.2088692164857957,-21.28408070009379,0.0,2.7231286176232494,0.2691023017743932,0.0,0.0,0.0,-1.6292303739834675,0,0,0,0,0,0,0.38203700129924273,-0.07603433595594065,1.2249142225368665,0.0,0.0,0.0
image_253.png,surface,0.0,0.0,0.969420319554622,-24.07742911693217,-3.2736176207953727,0.0,2.8516973159080683,0.04476843087593529,0.0,0.0,0.0,-1.1546222722506292,0,0,0,0,0,0,0.18059811986382884,-0.059222589600142754,0.5326785852843396,0.0,0.0,0.0
image_254.png,surface,0.0,0.0,1.994417696765387,-24.446279265300458,-3.7314945398658446,0.0,1.2201833531964887,2.462440252330818,0.0,0.0,0.0,2.801391381418025,0,0,0,0,0,0,0.27127384756914524,0.3228997372724011,1.1101601583746759,0.0,0.0,0.0
image_255.png,surface,0.0,0.0,1.885722098221175,24.49261581773741,-1.8071216189450017,0.0,0.4535367413527182,-0.8953195227231897,0.0,0.0,0.0,1.0922528530883735,0,0,0,0,0,0,0.177723269666025,-0.11712849241261797,1.0776520893715005,0.0,0.0,0.0
image_256.png,surface,0.0,0.0,1.7512342145482775,11.544227622802863,-5.499083815075753,0.0,1.1171187590032996,2.677075979059429,0.0,0.0,0.0,1.2253806590952854,0,0,0,0,0,0,0.0574422159163065,0.2186895625423709,0.5541868776760546,0.0,0.0,0.0
image_257.png,surface,0.0,0.0,0.6464550579342334,3.5595396479719543,10.183026231659673,0.0,1.542242890651262,-2.364615147988943,0.0,0.0,0.0,0.9281880489118453,0,0,0,0,0,0,0.019029712479268063,-0.007734944964111423,0.022776638537738148,0.0,0.0,0.0
image_258.png,surface,0.0,0.0,2.443907985826347,-4.103575107641294,-2.7500567319808304,0.0,-1.3192281265302457,-1.3086839050192567,0.0,0.0,0.0,-1.72277657748894,0,0,0,0,0,0,-0.23259349149324368,-0.3204079429215467,0.871742344975239,0.0,0.0,0.0
image_259.png,surface,0.0,0.0,1.8467706339127932,-20.75749890400092,7.27465858977848,0.0,0.7578187023939215,0.47445735346214607,0.0,0.0,0.0,-0.34013268294841836,0,0,0,0,0,0,0.26337523850265465,0.048047269481158096,0.8587127679293862,0.0,0.0,0.0
image_260.png,surface,0.0,0.0,1.576628630670965,-5.691847579208496,9.808045587148614,0.0,-0.44951961578887295,0.32395839310843755,0.0,0.0,0.0,0.13553693629400243,0,0,0,0,0,0,-0.11104622526889664,0.05616447835136646,0.325973891543035,0.0,0.0,0.0
image_261.png,surface,0.0,0.0,2.5372305513676476,11.761657454795232,-12.84001716179305,0.0,1.7059108018875566,0.2701811298169314,0.0,0.0,0.0,-0.7712579846314127,0,0,0,0,0,0,0.7105323907356307,0.20916442693982967,2.1459612909349706,0.0,0.0,0.0
image_262.png,surface,0.0,0.0,0.9922117276576671,12.116212120500538,16.379475977345383,0.0,-0.6231355326416748,2.3372651156134663,0.0,0.0,0.0,1.9858348274762792,0,0,0,0,0,0,-0.038866026655114544,0.0873685394268421,0.21945961132243808,0.0,0.0,0.0
image_263.png,surface,0.0,0.0,1.179203395329362,9.518434678833952,11.661420358886245,0.0,-2.405520290309895,-1.4889536131400551,0.0,0.0,0.0,2.474659834240933,0,0,0,0,0,0,-0.0735255493680747,-0.050469847322266816,0.1949724918905918,0.0,0.0,0.0
image_264.png,surface,0.0,0.0,2.099317609329031,-2.409042786089881,-1.4054200106422108,0.0,2.141270555471168,-0.6439326970206417,0.0,0.0,0.0,2.6178274042282608,0,0,0,0,0,0,0.22156435471003347,-0.111717019832479,0.5427516653278432,0.0,0.0,0.0
image_265.png,surface,0.0,0.0,1.4751450932546661,3.1932637052430985,-21.710246884598735,0.0,2.237070470447076,-0.624112599340454,0.0,0.0,0.0,1.490906354186631,0,0,0,0,0,0,0.30818424558255647,-0.13857302561391271,1.0239438824980034,0.0,0.0,0.0
image_266.png,surface,0.0,0.0,1.257673223014434,-14.698410856696322,5.744827909163833,0.0,0.639895387750494,-2.8408524515742566,0.0,0.0,0.0,2.2433575171633775,0,0,0,0,0,0,0.05540897088493235,-0.11566550709298733,0.2986419252977497,0.0,0.0,0.0
image_267.png,surface,0.0,0.0,1.1365398377537996,19.20085401109042,-5.0010915837784005,0.0,-1.392303800115296,0.5501674807668523,0.0,0.0,0.0,0.3063741705069938,0,0,0,0,0,0,-0.15452053482446093,0.0802140692831002,0.4315458441692275,0.0,0.0,0.0
image_268.png,surface,0.0,0.0,1.7143269666571936,-15.738772250694709,1.7340142121897282,0.0,-1.6447916859617873,-1.0791046458558013,0.0,0.0,0.0,-1.6912990620796902,0,0,0,0,0,0,-0.18771295558364517,-0.16586320768375284,0.6025090794365097,0.0,0.0,0.0
image_269.png,surface,0.0,0.0,2.438842180752422,21.17641499665225,-5.544367052295488,0.0,-2.3503372490413814,-0.07456898606746232,0.0,0.0,0.0,-1.52400226289762,0,0,0,0,0,0,-0.675828733212859,0.19720884798370872,1.7647339539039182,0.0,0.0,0.0
image_270.png,surface,0.0,0.0,2.513314895043922,13.3068967825639,13.094042087210529,0.0,-1.191402418209577,-1.8310932612113053,0.0,0.0,0.0,2.3725945706600147,0,0,0,0,0,0,-0.3721690665811067,-0.3339460629868594,1.1491082102742076,0.0,0.0,0.0
image_271.png,surface,0.0,0.0,2.4764242517136688,-8.80962249370463,0.31326083999672083,0.0,1.43442439376801,0.48935319238533537,0.0,0.0,0.0,2.9777677386086534,0,0,0,0,0,0,0.3811512613230004,0.0325207478631431,0.9230567717984953,0.0,0.0,0.0
image_272.png,surface,0.0,0.0,2.714113126685063,13.717348897055805,-15.449069698619304,0.0,-2.0641653836677563,-1.0338292373560365,0.0,0.0,0.0,0.5864081304343793,0,0,0,0,0,0,-0.46420992961063196,-0.2240679999701312,1.7575526137531978,0.0,0.0,0.0
image_273.png,surface,0.0,0.0,0.6268545765985538,9.828570196839678,21.038163393061467,0.0,0.33764306686538986,-0.9007296624661868,0.0,0.0,0.0,1.2300988819621557,0,0,0,0,0,0,0.022590935064159882,-0.05615503973640122,0.13672682133977299,0.0,0.0,0.0
image_274.png,surface,0.0,0.0,2.9555421497750283,6.450781846244607,2.0789340043419453,0.0,-0.9050810074695117,-0.08347743013790487,0.0,0.0,0.0,-2.178557409186258,0,0,0,0,0,0,-0.2782501912995493,0.007442347900185251,1.4258309704850511,0.0,0.0,0.0
image_275.png,surface,0.0,0.0,1.566153729471493,-1.113455632097881,3.578934176077487,0.0,1.4097503066869908,1.0606199986801186,0.0,0.0,0.0,-2.4356923343742896,0,0,0,0,0,0,0.11359843478806897,0.0580459089344613,0.2267816307111873,0.0,0.0,0.0
image_276.png,surface,0.0,0.0,0.9824552698644489,0.7824883202595295,-24.986698747970173,0.0,0.9536509383799358,-1.693418232374613,0.0,0.0,0.0,-0.2038032994078094,0,0,0,0,0,0,0.19333786099978184,-0.2124113104879132,0.8306037163692843,0.0,0.0,0.0
image_277.png,surface,0.0,0.0,2.925056958419079,10.175131372444708,3.822136817223933,0.0,-1.2221626055893346,2.3999984499785674,0.0,0.0,0.0,-0.5546064798890415,0,0,0,0,0,0,-0.3807494823647055,0.8758609950179366,2.1586447523952033,0.0,0.0,0.0
image_278.png,surface,0.0,0.0,2.5629558071903293,-9.387427474910083,3.4298461256649286,0.0,2.2331240602072495,0.30257778962045373,0.0,0.0,0.0,0.9015213661034958,0,0,0,0,0,0,0.3613453849470249,-0.04747151396827124,0.9875682509509706,0.0,0.0,0.0
image_279.png,surface,0.0,0.0,2.8243088809595456,-7.868964565686696,-4.118928498520807,0.0,0.9583739795032441,0.3000328317966076,0.0,0.0,0.0,2.8076593650433246,0,0,0,0,0,0,0.44690604038404197,-0.007168628066189897,1.4698300769308925,0.0,0.0,0.0
image_280.png,surface,0.0,0.0,1.8078843143844079,-0.6765358754271213,-8.462242432222075,0.0,-1.1929325632728773,-1.3039157737042641,0.0,0.0,0.0,-1.2723386451001144,0,0,0,0,0,0,-0.14822751970115847,-0.2045143359668965,0.4802498895757569,0.0,0.0,0.0
image_281.png,surface,0.0,0.0,2.369354624038534,-7.99422383722797,-14.042758923948593,0.0,0.13140835301809292,1.9559635558205317,0.0,0.0,0.0,-0.9290888055211628,0,0,0,0,0,0,0.19909060517537638,0.4805560692437744,1.2980540282883424,0.0,0.0,0.0
image_282.png,surface,0.0,0.0,1.7986600944357087,-11.769924746905577,-20.50297025345513,0.0,-1.2953014009358554,-1.4137502270878655,0.0,0.0,0.0,1.3023142982979152,0,0,0,0,0,0,-0.08548760471732693,-0.48762716495532243,1.4128661505487665,0.0,0.0,0.0
image_283.png,surface,0.0,0.0,1.848625284528639,-7.923734020145542,-1.8461178651424763,0.0,-0.4304389008898014,-1.102461733762214,0.0,0.0,0.0,1.4697849237291791,0,0,0,0,0,0,-0.04179414300269233,-0.22560806731197872,0.5089685511673099,0.0,0.0,0.0
image_284.png,surface,0.0,0.0,2.87875241101759,6.519410286216859,-7.6260369281926454,0.0,-1.1901269155565921,1.1121527543626906,0.0,0.0,0.0,-0.5433733633694615,0,0,0,0,0,0,-0.23030913461293462,0.3779268625204419,1.6929205523966997,0.0,0.0,0.0
image_285.png,surface,0.0,0.0,2.3458924591052446,5.0640377494483895,6.640135337999979,0.0,-2.2953543280271433,1.571530939761806,0.0,0.0,0.0,-2.174633941986797,0,0,0,0,0,0,-0.33898273338189694,0.23975340494006303,0.8070499925167294,0.0,0.0,0.0
image_286.png,surface,0.0,0.0,1.9169445171187318,-16.044877501415684,-15.430460015895067,0.0,0.7441368014742149,-2.6722965814837343,0.0,0.0,0.0,2.75975994461367,0,0,0,0,0,0,0.2818205452244022,-0.5379585792580973,1.7260002703670954,0.0,0.0,0.0
image_287.png,surface,0.0,0.0,1.4818381610803497,-14.509483940042472,13.440861527493098,0.0,0.9080110006827907,-0.38741834474823694,0.0,0.0,0.0,1.3495877778357643,0,0,0,0,0,0,0.15069145960070507,-0.09749617328467196,0.4465426975436834,0.0,0.0,0.0
image_288.png,surface,0.0,0.0,0.9108190965360281,-14.321720477850718,-15.995529374973255,0.0,0.18488917800396096,2.8292006468012705,0.0,0.0,0.0,-0.6220365481023151,0,0,0,0,0,0,-0.011843347929755832,0.1426300569465226,0.4029254347439153,0.0,0.0,0.0
image_289.png,surface,0.0,0.0,0.7893259364385428,1.64717348009318,24.53235307175244,0.0,2.6217269557466962,1.389906241209907,0.0,0.0,0.0,-0.9486099096705622,0,0,0,0,0,0,0.07314812064967571,0.009962458095936015,0.21209069885434664,0.0,0.0,0.0
image_290.png,surface,0.0,0.0,1.249165363841555,-20.619184124190063,-7.560983499981142,0.0,1.2578411366700732,-0.4957021469058936,0.0,0.0,0.0,1.9721082210317942,0,0,0,0,0,0,0.214851297948513,-0.1350618608467994,0.6777657727697289,0.0,0.0,0.0
image_291.png,surface,0.0,0.0,2.2320108629933113,2.2419823440352107,-15.30676745160898,0.0,0.2832211209002996,0.762262420948481,0.0,0.0,0.0,-0.08353882694622872,0,0,0,0,0,0,0.30332485083317196,0.2215998021566897,1.3884862152982747,0.0,0.0,0.0
image_292.png,surface,0.0,0.0,0.978881546914274,0.14936975501336233,23.818401423570513,0.0,-2.3165083965831905,0.13951324514247357,0.0,0.0,0.0,-0.46743745907205003,0,0,0,0,0,0,-0.12297784281827798,0.025819331237738496,0.299445806657905,0.0,0.0,0.0
image_293.png,surface,0.0,0.0,0.8286553414767655,-7.845877384350639,2.3569776831119293,0.0,-2.78365707216101,1.0170476767966894,0.0,0.0,0.0,1.0329902925783916,0,0,0,0,0,0,-0.041772836542782736,-0.001269493712840769,0.06658817266621009,0.0,0.0,0.0
image_294.png,surface,0.0,0.0,0.6943934424328497,16.55442842047282,1.2218547821655141,0.0,0.211676692971752,0.15553120416655689,0.0,0.0,0.0,2.6814940577038024,0,0,0,0,0,0,0.016113771251638664,0.036201807699633,0.1286210176248722,0.0,0.0,0.0
image_295.png,surface,0.0,0.0,2.6156234501003994,-13.170730370555972,-15.17394397530465,0.0,-2.4910715345961076,-0.6157904914111973,0.0,0.0,0.0,0.3207382996642867,0,0,0,0,0,0,-0.4831574600302489,-0.42857289732206194,1.9888024850245811,0.0,0.0,0.0
image_296.png,surface,0.0,0.0,1.102974554401177,13.557779756124921,-5.038240406412812,0.0,1.9960518800488471,-1.480233252908139,0.0,0.0,0.0,1.9986045897654172,0,0,0,0,0,0,0.07841081624734911,-0.0716343682795893,0.21774019841321687,0.0,0.0,0.0
image_297.png,surface,0.0,0.0,1.002126160214883,-17.99819676759638,-0.8217574386122076,0.0,0.5898230490897499,-2.5468838142466885,0.0,0.0,0.0,1.4985580859965726,0,0,0,0,0,0,0.05627644818125218,-0.10448074835903727,0.3253173884322413,0.0,0.0,0.0
image_298.png,surface,0.0,0.0,1.4771346697314296,-18.659252483088128,-15.914738170103233,0.0,-0.39081345793562794,2.2511280430939276,0.0,0.0,0.0,0.8739948519941416,0,0,0,0,0,0,-0.012117288128593695,0.31285705094925975,0.8255013027360751,0.0,0.0,0.0
image_299.png,surface,0.0,0.0,2.073715501214319,-17.743173904886177,-8.626079836232158,0.0,-1.9850063161591245,-0.10626125679342131,0.0,0.0,0.0,2.4045741553876177,0,0,0,0,0,0,-0.42817614023350214,-0.14436676210014857,1.0975615510580181,0.0,0.0,0.0
image_300.png,surface,0.0,0.0,1.9656493930870071,9.761697785127684,17.451412740985404,0.0,2.8370305425626947,0.42484456824429634,0.0,0.0,0.0,1.7119789578025753,0,0,0,0,0,0,0.24092583920789423,0.013212487849007814,0.6343293832759965,0.0,0.0,0.0
image_301.png,surface,0.0,0.0,2.809144517200113,8.211896733934399,-8.791338301653024,0.0,1.5050415168683646,0.21232556175028727,0.0,0.0,0.0,-2.164621626781698,0,0,0,0,0,0,0.6307290451441895,0.13491241610984772,1.9152830686308098,0.0,0.0,0.0
image_302.png,surface,0.0,0.0,2.2049303259538684,-3.5475150778869144,13.146846988239808,0.0,-2.5288410648993156,-0.6257169826042972,0.0,0.0,0.0,-1.5234824883719738,0,0,0,0,0,0,-0.38075404803468615,-0.08775080333293919,0.8331002145933218,0.0,0.0,0.0
image_303.png,surface,0.0,0.0,1.9049288752439868,-4.245183373317512,24.429841228042566,0.0,-1.6204868281804798,-1.6296188068200435,0.0,0.0,0.0,-0.0349343023798907,0,0,0,0,0,0,-0.436194978609483,-0.31805300848768947,1.2709297313944308,0.0,0.0,0.0
image_304.png,surface,0.0,0.0,2.2789954180623306,-19.49129557997904,3.713754882507484,0.0,-2.1050165303110493,-0.18478700620654132,0.0,0.0,0.0,-0.16902573455516423,0,0,0,0,0,0,-0.5291794134350046,-0.2792540085700886,1.5037985304050168,0.0,0.0,0.0
image_305.png,surface,0.0,0.0,2.159308720225299,-20.286576023641178,8.390635661368796,0.0,-0.26859948167934555,0.6651019069433874,0.0,0.0,0.0,-1.473771357721877,0,0,0,0,0,0,-0.1210648270963938,0.041385180418109103,1.1121028716617187,0.0,0.0,0.0
image_306.png,surface,0.0,0.0,2.418695798069905,0.605055961140161,-15.030042811759408,0.0,2.974465851256647,0.04615800972759381,0.0,0.0,0.0,-1.1727710425729698,0,0,0,0,0,0,0.6154523133889997,-0.10235705999183158,1.709498372446127,0.0,0.0,0.0
image_307.png,surface,0.0,0.0,1.9310657821207695,-22.938492835473276,4.28640135692823,0.0,0.17675678071185932,-1.9827486235709237,0.0,0.0,0.0,0.7199595710941948,0,0,0,0,0,0,0.11223329946386047,-0.5049611813392043,1.3517934972147352,0.0,0.0,0.0
image_308.png,surface,0.0,0.0,2.518226987637208,6.6759017016205355,-16.38728764217773,0.0,1.8396364002598091,-2.2311113681873738,0.0,0.0,0.0,2.080104670950015,0,0,0,0,0,0,0.5131721744829136,-0.4023634366657554,1.8184466267849737,0.0,0.0,0.0
image_309.png,surface,0.0,0.0,2.7501432623383604,-18.106231225641146,9.207803135911881,0.0,0.3932316607359586,0.09756066205831435,0.0,0.0,0.0,2.9535264953137386,0,0,0,0,0,0,0.17880989912141507,-0.258802103042651,1.8205233202987066,0.0,0.0,0.0
image_310.png,surface,0.0,0.0,2.2411920735364164,21.288989118003165,3.6519148305849116,0.0,1.5331700258537717,-0.2535685931918094,0.0,0.0,0.0,2.1804018369193674,0,0,0,0,0,0,0.4170556900506792,0.06794386982813402,1.2128113420589708,0.0,0.0,0.0
image_311.png,surface,0.0,0.0,1.3940496451047053,-20.988443693263953,1.0991157373008809,0.0,-1.7181419329892056,-0.5064725627811852,0.0,0.0,0.0,-2.3828462131488717,0,0,0,0,0,0,-0.2105260865868626,-0.08003473559875847,0.5863845591540581,0.0,0.0,0.0
image_312.png,surface,0.0,0.0,1.199945589007145,-18.14664520238711,3.2726505265660726,0.0,-0.5790997572666162,0.4823209744663042,0.0,0.0,0.0,1.8206586629962143,0,0,0,0,0,0,-0.10470907533578147,0.10063293965815948,0.3373622108119037,0.0,0.0,0.0
image_313.png,surface,0.0,0.0,2.0929641630297664,10.651019683376138,-22.23391585192211,0.0,-2.012607420566333,-0.0915735488083349,0.0,0.0,0.0,2.8380018941412297,0,0,0,0,0,0,-0.4749849107649204,0.04982015599215122,1.32284037022647,0.0,0.0,0.0
image_314.png,surface,0.0,0.0,2.078572845686155,22.974557426116498,-7.512190283891986,0.0,1.4801601243912474,-1.5297036172905312,0.0,0.0,0.0,-0.1800294563300069,0,0,0,0,0,0,0.3987214812984606,-0.1565976339927592,1.3623109450101014,0.0,0.0,0.0
image_315.png,surface,0.0,0.0,0.5597764096290729,16.249342899149692,-17.117756025913426,0.0,-2.9215402802915107,0.30864296460531365,0.0,0.0,0.0,-2.1934079830185045,0,0,0,0,0,0,-0.09850889550208515,0.03790075839339755,0.3038001640254142,0.0,0.0,0.0
image_316.png,surface,0.0,0.0,2.36777347406949,10.071215031051903,10.214542997156956,0.0,0.8220994676556208,-0.9060904381194095,0.0,0.0,0.0,-2.4199425914082315,0,0,0,0,0,0,0.24009336538142573,-0.20264234399876704,0.7374271677159329,0.0,0.0,0.0
image_317.png,surface,0.0,0.0,1.054686217069376,-8.867746226768555,14.783319129757942,0.0,-0.7017562888772939,-2.806970757720312,0.0,0.0,0.0,0.38010141800558195,0,0,0,0,0,0,0.008428226784243886,-0.0882935236934473,0.20070237958547743,0.0,0.0,0.0
image_318.png,surface,0.0,0.0,0.636225405351091,9.668164678231882,-5.460765889148044,0.0,-2.607160926842663,1.163610543300722,0.0,0.0,0.0,0.4443451137935135,0,0,0,0,0,0,0.009204390680951025,-0.016591512006606243,0.05222549236476608,0.0,0.0,0.0
image_319.png,surface,0.0,0.0,0.8829980189060278,-2.093353792965986,-5.061557062890953,0.0,-1.9366654743396625,-1.2381844743459713,0.0,0.0,0.0,0.816099890753323,0,0,0,0,0,0,-0.02549470117184116,-0.03740365800522205,0.09701954815565035,0.0,0.0,0.0
image_320.png,surface,0.0,0.0,2.141952221184316,-4.839037581755588,-23.99192666474299,0.0,0.9913978487578737,0.4888059497057856,0.0,0.0,0.0,0.3525985730505692,0,0,0,0,0,0,0.7709864269491608,-0.11200647069141655,2.6468530674364983,0.0,0.0,0.0
image_321.png,surface,0.0,0.0,1.8076367202468986,17.422754992640254,6.782706243179542,0.0,-1.4432178351942255,-0.7967132156011179,0.0,0.0,0.0,0.5742910950132583,0,0,0,0,0,0,-0.22581194968201374,-0.06361154555903445,0.6772030558176201,0.0,0.0,0.0
image_322.png,surface,0.0,0.0,2.617344354074718,-11.955489373639614,-19.312401344216102,0.0,1.3959457743922803,0.35853189161957216,0.0,0.0,0.0,-0.5335384442416835,0,0,0,0,0,0,1.0221439325836483,-0.3734340817969313,3.510938442456255,0.0,0.0,0.0
image_323.png,surface,0.0,0.0,0.7656318749774761,-4.190145664884505,-21.285015268543166,0.0,-2.548149956747153,-0.7976222321139596,0.0,0.0,0.0,-0.4657925562854133,0,0,0,0,0,0,-0.1296832901298307,-0.04884640554822515,0.36082884751710864,0.0,0.0,0.0
image_324.png,surface,0.0,0.0,2.5737916013961026,20.533910521441037,-12.943494353447308,0.0,-1.8039129349547773,2.2047600145690405,0.0,0.0,0.0,2.505788035208183,0,0,0,0,0,0,-0.32568750239830085,1.2430797488601795,3.4284847779458647,0.0,0.0,0.0
image_325.png,surface,0.0,0.0,2.1272947499247064,-15.314776739288378,0.5366629793036052,0.0,-1.2279457563344183,2.573105173305802,0.0,0.0,0.0,-2.8730845313619664,0,0,0,0,0,0,-0.17502039303749226,0.29980187334967445,0.6817315874798293,0.0,0.0,0.0
image_326.png,surface,0.0,0.0,1.0373238597502863,15.216848836859821,17.852667364964827,0.0,1.9209165953898573,1.488968887383117,0.0,0.0,0.0,1.1992407901882096,0,0,0,0,0,0,0.12672473598238188,0.04273175615316696,0.30594384765249527,0.0,0.0,0.0
image_327.png,surface,0.0,0.0,2.342264039180141,0.3402907070041275,-19.689473510255343,0.0,2.751639399214659,-0.20935111698436054,0.0,0.0,0.0,-2.4460531393620264,0,0,0,0,0,0,0.7808482741073218,-0.1933956475377041,2.3155489958748765,0.0,0.0,0.0
image_328.png,surface,0.0,0.0,2.353333219802222,-4.5588501362399345,0.3568838668848319,0.0,2.3417530001024502,0.8308932494877519,0.0,0.0,0.0,2.461371969032437,0,0,0,0,0,0,0.2789898298364112,0.02894351279127217,0.690145545716123,0.0,0.0,0.0
image_329.png,surface,0.0,0.0,0.7700039612059563,9.481060685137322,-12.99979352592528,0.0,0.6312905898230333,1.9982012098200401,0.0,0.0,0.0,-2.100543537569184,0,0,0,0,0,0,0.01894753041961669,0.06482598068457725,0.18603154476264053,0.0,0.0,0.0
image_330.png,surface,0.0,0.0,1.1661170275525237,-11.2652363319808,20.961493002763504,0.0,1.4196373917531597,-1.6214255874941599,0.0,0.0,0.0,-0.9624934692594436,0,0,0,0,0,0,0.09932158475863723,-0.11645363144259478,0.3553155611887089,0.0,0.0,0.0
image_331.png,surface,0.0,0.0,2.0971622598170807,15.859827043038937,-1.1637624093058603,0.0,1.9829128249032377,-1.392986676832985,0.0,0.0,0.0,-2.3365378643291126,0,0,0,0,0,0,0.2465126973741923,-0.14284399888573754,0.7569346887223709,0.0,0.0,0.0
image_332.png,surface,0.0,0.0,1.4514366575395783,13.468635384671364,-20.489477936470646,0.0,-1.1334095606995895,0.09517280052684964,0.0,0.0,0.0,-0.4348264609542829,0,0,0,0,0,0,-0.16573382029688957,0.03660452193815497,0.9226012390277398,0.0,0.0,0.0
image_333.png,surface,0.0,0.0,2.4131123650620028,-16.580598144584297,-12.669466484300488,0.0,1.6982989425839146,0.7189862256663164,0.0,0.0,0.0,0.7136448491252616,0,0,0,0,0,0,0.6695372399795496,-0.11295662459792945,2.142605086256324,0.0,0.0,0.0
image_334.png,surface,0.0,0.0,1.8401061020190639,9.39114714530457,-14.193591651137407,0.0,-1.054039663966366,0.08330691225776976,0.0,0.0,0.0,-2.119902401187616,0,0,0,0,0,0,-0.17022643955783,-0.007366838980462428,0.752285574856139,0.0,0.0,0.0
image_335.png,surface,0.0,0.0,2.6424926870769196,-3.966167732313875,7.099809798260921,0.0,1.0371881754007515,-2.5164562659811436,0.0,0.0,0.0,-2.458188600301962,0,0,0,0,0,0,0.19333786099978162,-0.38482649006011915,1.0439560623583186,0.0,0.0,0.0
image_336.png,surface,0.0,0.0,0.7775650385197831,17.654339217632796,-12.127100411933347,0.0,-1.5495881118786254,1.1327492702770083,0.0,0.0,0.0,-0.36285243597969696,0,0,0,0,0,0,-0.11773949746050105,0.06163887503127447,0.3426544297662606,0.0,0.0,0.0
image_337.png,surface,0.0,0.0,2.3343669311560005,-9.666207416528596,7.967799430775617,0.0,-0.8983685835710898,1.763279588085341,0.0,0.0,0.0,2.8430292267115878,0,0,0,0,0,0,-0.19263474782276485,0.39132969577125115,0.7374137696932633,0.0,0.0,0.0
image_338.png,surface,0.0,0.0,1.661599925172419,7.2303407060925355,-6.558773110420946,0.0,0.541882564744505,-1.4348125444932645,0.0,0.0,0.0,0.13687874490291208,0,0,0,0,0,0,0.09455502529885888,-0.11399015293663621,0.4182192776208727,0.0,0.0,0.0
image_339.png,surface,0.0,0.0,1.7984773895615906,23.334038753497087,9.217644630233522,0.0,-0.7552385051084501,-0.3986239739126553,0.0,0.0,0.0,1.3230442816146093,0,0,0,0,0,0,-0.3280068627484612,0.029689163373535547,1.0499494444990334,0.0,0.0,0.0
image_340.png,surface,0.0,0.0,1.2101139053054364,12.535215985564477,-13.15197821603377,0.0,-1.831508044726869,-1.867226547238902,0.0,0.0,0.0,-1.7577532465564223,0,0,0,0,0,0,-0.07556183817943601,-0.13526951037603713,0.37837579120627923,0.0,0.0,0.0
image_341.png,surface,0.0,0.0,1.1726578842065298,-16.338848685001878,-9.860286219415263,0.0,1.0668519000104058,1.360007372167396,0.0,0.0,0.0,-2.607574792131471,0,0,0,0,0,0,0.13297970385584576,0.12485871806924662,0.4242751838673773,0.0,0.0,0.0
image_342.png,surface,0.0,0.0,0.9745095384709572,3.5644617338721716,-17.80261311060942,0.0,-1.056496426963133,0.03714774075938489,0.0,0.0,0.0,-2.1383133172214865,0,0,0,0,0,0,-0.15244163309328043,-0.021381609101525763,0.3060108377658413,0.0,0.0,0.0
image_343.png,surface,0.0,0.0,1.4333642063969356,-20.05095387779632,-5.186277227504528,0.0,2.855376976812998,0.040676161374499406,0.0,0.0,0.0,2.2085904031123738,0,0,0,0,0,0,0.2394663467040857,-0.08432930540799669,0.687162252668435,0.0,0.0,0.0
image_344.png,surface,0.0,0.0,1.0974696124812424,-24.529416169912277,-3.551297533273581,0.0,2.3677764188053416,0.15151692557233234,0.0,0.0,0.0,-2.606655975300952,0,0,0,0,0,0,0.19813181447944392,-0.05049344385968023,0.6146275909408531,0.0,0.0,0.0
image_345.png,surface,0.0,0.0,0.9743201907466064,-21.349526481771,-3.4943632215397877,0.0,-1.843477808148229,-0.436298864724028,0.0,0.0,0.0,0.9360512497427185,0,0,0,0,0,0,-0.14716980615564573,-0.04862774430152763,0.399191852426749,0.0,0.0,0.0
image_346.png,surface,0.0,0.0,2.9044897815149784,-5.128701128594183,16.875967319714515,0.0,-1.6544463268943914,-0.2107490519589636,0.0,0.0,0.0,0.6977765776119114,0,0,0,0,0,0,-0.7988278824910464,-0.28759145178948875,2.48720892832096,0.0,0.0,0.0
image_347.png,surface,0.0,0.0,1.6185357062066472,11.407928207593432,-14.61838088145778,0.0,-1.5603020244083121,-0.15202777565130737,0.0,0.0,0.0,-2.4026732357092655,0,0,0,0,0,0,-0.2590287206810944,-0.05296950718559265,0.600298405696082,0.0,0.0,0.0
image_348.png,surface,0.0,0.0,2.1953058315328047,-7.6194354424310085,5.503174402800474,0.0,1.8383325578659875,0.912175107357302,0.0,0.0,0.0,-1.7686388424516581,0,0,0,0,0,0,0.23602687531867758,0.057724996025639054,0.5971833654254795,0.0,0.0,0.0
image_349.png,surface,0.0,0.0,1.4353703962691977,-21.395520835313253,-11.106968351709279,0.0,-0.0948602203009612,0.11498523235043184,0.0,0.0,0.0,-1.247499495888059,0,0,0,0,0,0,0.05266956889655409,-0.16673156026056588,0.9970138569327962,0.0,0.0,0.0
image_350.png,surface,0.0,0.0,1.9244843595159684,-5.643421056625125,-20.72724436675278,0.0,2.036298999865705,1.2747076599354128,0.0,0.0,0.0,2.3785570011047534,0,0,0,0,0,0,0.4769572801965526,0.1106677604688299,1.504151345001975,0.0,0.0,0.0
image_351.png,surface,0.0,0.0,1.7480052725840816,13.199957445595645,-16.36297659102837,0.0,-1.6589167383529286,0.9464185363714216,0.0,0.0,0.0,-0.39352285639286855,0,0,0,0,0,0,-0.3116252388579586,0.30900609604339346,0.9856478677017088,0.0,0.0,0.0
image_352.png,surface,0.0,0.0,2.0317203708769767,3.097313515684793,-1.864693939342828,0.0,-0.5846451698644521,-2.530992270424095,0.0,0.0,0.0,-2.3953547222149694,0,0,0,0,0,0,0.010739977684436512,-0.19315653595858162,0.47931426099268737,0.0,0.0,0.0
image_353.png,surface,0.0,0.0,2.3068218861223126,-21.61675442608685,-11.759298244993033,0.0,-2.0852442815997883,-0.9242739320357359,0.0,0.0,0.0,-0.5129676962799086,0,0,0,0,0,0,-0.30946263317713335,-0.6646059148632798,2.237670756106041,0.0,0.0,0.0
image_354.png,surface,0.0,0.0,2.1597730143782847,22.14310636266487,8.129836041305225,0.0,2.2847645257392024,-1.4942062496829633,0.0,0.0,0.0,-1.1308973773145765,0,0,0,0,0,0,0.3190003177666705,-0.13602459957326596,0.9485130148700841,0.0,0.0,0.0
image_355.png,surface,0.0,0.0,2.4052584716242547,-21.913764934217642,-9.603864785016402,0.0,0.3738847339198839,-2.916246721477466,0.0,0.0,0.0,-1.7446785283095934,0,0,0,0,0,0,0.33995978675775174,-1.0284267673179928,2.8956476493932737,0.0,0.0,0.0
image_356.png,surface,0.0,0.0,0.8657610197806321,-17.600240979704257,-15.279044048601731,0.0,1.6803238907837026,-1.2180015178207293,0.0,0.0,0.0,2.5565765540673144,0,0,0,0,0,0,0.15342477402910928,-0.11527852387940767,0.5575810434189331,0.0,0.0,0.0
image_357.png,surface,0.0,0.0,0.7350778512588572,15.530967583893043,-18.84455335403155,0.0,-0.6738624092347154,-2.899448522911904,0.0,0.0,0.0,0.9448266941916357,0,0,0,0,0,0,0.01669208944918521,-0.14912539714518364,0.42077383394314466,0.0,0.0,0.0
image_358.png,surface,0.0,0.0,1.3472485826981417,11.275099960771497,7.501744824814462,0.0,-1.4550206230324578,-2.433608282270376,0.0,0.0,0.0,-0.22853883892231064,0,0,0,0,0,0,-0.009834453138278354,-0.09837396447645026,0.26270842849880116,0.0,0.0,0.0
image_359.png,surface,0.0,0.0,1.704569652187726,4.764503633867613,-12.357941965874803,0.0,2.779802046214533,-0.7361537730133033,0.0,0.0,0.0,2.93879183524606,0,0,0,0,0,0,0.2202753138855019,-0.08574509765280042,0.5823316572966077,0.0,0.0,0.0
image_360.png,surface,0.0,0.0,1.0610064660733092,-5.84765209799118,-4.9954099621632695,0.0,0.651912347208509,2.2054382386383304,0.0,0.0,0.0,-2.8510372326721383,0,0,0,0,0,0,0.02517966994317743,0.08594330856707297,0.1359899300929639,0.0,0.0,0.0
image_361.png,surface,0.0,0.0,2.4330613249248696,6.449501887993616,-12.251710026861906,0.0,-0.7759409160004258,-1.6726767334887003,0.0,0.0,0.0,0.34367786797511535,0,0,0,0,0,0,-0.06755060925342289,-0.4244497956846946,1.1151978148983166,0.0,0.0,0.0
image_362.png,surface,0.0,0.0,2.298889860557729,14.853728713422658,-15.517962373237964,0.0,2.6919966929906125,0.6063198560853593,0.0,0.0,0.0,-2.0149561191644234,0,0,0,0,0,0,0.744125068563117,0.061491003396817186,2.0395206998390547,0.0,0.0,0.0
image_363.png,surface,0.0,0.0,2.783947295742003,-21.379883623333967,8.306273006171855,0.0,-0.7856927815616942,1.6297789195779944,0.0,0.0,0.0,0.13366001673674432,0,0,0,0,0,0,-0.23428278938607686,0.2841133221747542,1.8558271100322015,0.0,0.0,0.0
image_364.png,surface,0.0,0.0,2.322400494113317,12.294580142479537,6.156057094593232,0.0,2.622737884753057,-0.573833076960066,0.0,0.0,0.0,-1.2958199756759559,0,0,0,0,0,0,0.29487836136900547,-0.09457964126037609,0.8039617482914648,0.0,0.0,0.0
image_365.png,surface,0.0,0.0,0.7678632946547423,18.88740215514141,3.4179792680054364,0.0,-0.511967833136054,-1.7009274796616645,0.0,0.0,0.0,0.471921721913235,0,0,0,0,0,0,0.007921437416393872,-0.08281912701353929,0.1611558826733857,0.0,0.0,0.0
image_366.png,surface,0.0,0.0,2.162487059585156,22.787694100630958,-4.438136904278008,0.0,0.64102972613239,2.4112736917513433,0.0,0.0,0.0,2.463926187641717,0,0,0,0,0,0,0.1795799754581483,0.9256308117302727,2.3945616015630455,0.0,0.0,0.0
image_367.png,surface,0.0,0.0,1.5301483442790385,6.666492434856464,-23.021124148780828,0.0,-1.7695880789400549,1.8172036556559847,0.0,0.0,0.0,2.7064235122326554,0,0,0,0,0,0,-0.22012921244612207,0.3106594267648254,0.8789929082430856,0.0,0.0,0.0
image_368.png,surface,0.0,0.0,1.1490369428416096,-13.582735190000376,10.892161900604567,0.0,-0.15431270119221957,-0.4509516788924005,0.0,0.0,0.0,0.7177281475249657,0,0,0,0,0,0,0.004748296779855665,-0.11363620487543526,0.2589078560682887,0.0,0.0,0.0
image_369.png,surface,0.0,0.0,2.004878556004993,10.500603487242406,-3.999849673804249,0.0,1.0563149585686333,-1.7162233749350495,0.0,0.0,0.0,0.6674537299993282,0,0,0,0,0,0,0.15663900569547326,-0.17146345256319906,0.6043848026102056,0.0,0.0,0.0
image_370.png,surface,0.0,0.0,1.2554754183483174,11.725557930053043,21.886898385559373,0.0,0.8035796054100561,1.0060514993627985,0.0,0.0,0.0,2.8434392889432933,0,0,0,0,0,0,0.09114903549330848,0.1104365144021786,0.4076415387234943,0.0,0.0,0.0
image_371.png,surface,0.0,0.0,1.8271408142021888,19.21319971895428,-14.091172370992231,0.0,-2.8171890374098782,-0.09411113557593323,0.0,0.0,0.0,1.1296458338760065,0,0,0,0,0,0,-0.426223555371786,0.06269599990739466,1.1328363117423943,0.0,0.0,0.0
image_372.png,surface,0.0,0.0,1.9399434633910233,-3.5091405049755333,17.294499798100876,0.0,2.9197875067935994,-0.11934246755577417,0.0,0.0,0.0,1.1364736250249825,0,0,0,0,0,0,0.2151617635071957,-0.04709396936965693,0.5592825922979286,0.0,0.0,0.0
image_373.png,surface,0.0,0.0,1.8226672882938717,-14.826313023784577,4.94440354695416,0.0,2.0744088368147673,0.2057182083119685,0.0,0.0,0.0,-0.5579777575508862,0,0,0,0,0,0,0.22890443014889397,-0.04132697562582279,0.604719753176937,0.0,0.0,0.0
image_374.png,surface,0.0,0.0,0.5267163006338198,3.103615241171575,-13.502148602160087,0.0,1.1902199523814012,0.8093641524023629,0.0,0.0,0.0,-0.45377718313919857,0,0,0,0,0,0,0.029384651995338143,0.0364456385862381,0.10986378588791175,0.0,0.0,0.0
image_375.png,surface,0.0,0.0,1.3718472854174975,-14.242013451506047,-9.143461016804777,0.0,-0.832668751781236,0.1902452624953454,0.0,0.0,0.0,-1.472003868488364,0,0,0,0,0,0,-0.16445543270231294,-0.03663283778305107,0.4567385927949879,0.0,0.0,0.0
image_376.png,surface,0.0,0.0,2.4761556607066764,-4.475786578261284,-18.501690579035557,0.0,2.014042688272633,-1.550183019752917,0.0,0.0,0.0,2.3273656262921225,0,0,0,0,0,0,0.6913017887772154,-0.4500661967006782,2.4546517332346647,0.0,0.0,0.0
image_377.png,surface,0.0,0.0,1.36723911036535,1.7452046741151095,-1.9633473458892614,0.0,1.7461964786845985,1.742732702404649,0.0,0.0,0.0,-1.4644926967576437,0,0,0,0,0,0,0.0907350814150647,0.05786342904513104,0.18609853487598685,0.0,0.0,0.0
image_378.png,surface,0.0,0.0,1.7734487494325766,-6.037028531878296,-8.25966043533125,0.0,2.438768953385602,-1.1759996016894574,0.0,0.0,0.0,-1.0279059596487612,0,0,0,0,0,0,0.1915115930075295,-0.11492614892070095,0.5664951945015455,0.0,0.0,0.0
image_379.png,surface,0.0,0.0,1.3665801992281597,7.6520540063972415,-1.3882817372872536,0.0,-0.8958531569732929,-0.3533929746314895,0.0,0.0,0.0,-0.1207640703188031,0,0,0,0,0,0,-0.082629495309452,-0.02396936270452828,0.22094232583116927,0.0,0.0,0.0
image_380.png,surface,0.0,0.0,0.9980947687211296,-16.650709645531727,-7.253270326634736,0.0,-0.17532222715464213,2.0516372091967434,0.0,0.0,0.0,0.38022770911620185,0,0,0,0,0,0,-0.03627424799610999,0.09844947339617309,0.2939526173635095,0.0,0.0,0.0
image_381.png,surface,0.0,0.0,0.999383676663217,5.279003724200137,23.16612690049035,0.0,0.39844433531295903,-0.7115964125975744,0.0,0.0,0.0,2.5452981910612085,0,0,0,0,0,0,0.05231344663806485,-0.07861894335395463,0.26548181919133734,0.0,0.0,0.0
image_382.png,surface,0.0,0.0,2.372148961601005,-9.930025954182852,6.712938329989625,0.0,-1.6307928142405217,2.3271005520187784,0.0,0.0,0.0,-1.326695703500477,0,0,0,0,0,0,-0.2433228159477254,0.31723656829318625,0.8126079389206924,0.0,0.0,0.0
image_383.png,surface,0.0,0.0,2.06988164909209,-12.358947842099836,-19.950907732142838,0.0,-1.2987628959435984,-1.4836419953358444,0.0,0.0,0.0,0.12651407160433115,0,0,0,0,0,0,-0.03712194072251367,-0.6334207310177348,1.8433245218780054,0.0,0.0,0.0
image_384.png,surface,0.0,0.0,2.830142602722395,14.134426697784592,-12.826697790536572,0.0,-2.5948853877314266,1.2814761200997218,0.0,0.0,0.0,1.6160409487987941,0,0,0,0,0,0,-0.6649441759790353,0.6164217854651238,2.331613225055317,0.0,0.0,0.0
image_385.png,surface,0.0,0.0,1.5525116498425933,-10.628822704809435,3.4777651632177173,0.0,0.6539583654854725,-1.2534612294974283,0.0,0.0,0.0,-0.6733214293252345,0,0,0,0,0,0,0.09292355922578022,-0.14015871292809298,0.35344653702634726,0.0,0.0,0.0
image_386.png,surface,0.0,0.0,2.0914181484313095,0.1206446028911952,16.61022132685293,0.0,1.4531261649092515,2.294642734680619,0.0,0.0,0.0,-0.07087677490403177,0,0,0,0,0,0,0.14027716637488682,0.22115146794583512,0.6478747841946153,0.0,0.0,0.0
image_387.png,surface,0.0,0.0,1.6713489395999586,-13.693753632322172,19.19434106814661,0.0,2.5935684554429668,-0.9631570417585135,0.0,0.0,0.0,0.28623972652368224,0,0,0,0,0,0,0.19936454537421405,-0.128140209872203,0.6589683469647606,0.0,0.0,0.0
image_388.png,surface,0.0,0.0,1.6848446821726548,-20.150163844867905,11.61553184043714,0.0,-0.15857489608312036,1.4807460548891822,0.0,0.0,0.0,-1.9582713311521391,0,0,0,0,0,0,-0.028279759860025844,0.28454120605318356,0.6163760328991913,0.0,0.0,0.0
image_389.png,surface,0.0,0.0,2.6352184390021938,-22.372267701802702,-3.0874859712904787,0.0,1.968436684044216,1.211931849143675,0.0,0.0,0.0,0.6680213046751984,0,0,0,0,0,0,0.6735778579124071,0.0022699868991687133,1.9816345428965294,0.0,0.0,0.0
image_390.png,surface,0.0,0.0,1.6357568593712755,-12.199213860373638,-13.636409585522436,0.0,-2.5761718971317054,-0.8932062739402404,0.0,0.0,0.0,0.28472081789440207,0,0,0,0,0,0,-0.22404046972952915,-0.12099832454841496,0.6872471068120073,0.0,0.0,0.0
image_391.png,surface,0.0,0.0,2.8204170015782095,-3.3085353847964987,-5.178968377687878,0.0,0.5300594304340223,-1.932752574052901,0.0,0.0,0.0,0.9603680349291666,0,0,0,0,0,0,0.26547544669374457,-0.5265425744574961,1.5612849796712447,0.0,0.0,0.0
image_392.png,surface,0.0,0.0,2.051268142869098,11.706015677532035,-21.48269192826956,0.0,-2.05662092705846,1.929992030264739,0.0,0.0,0.0,1.895046318242918,0,0,0,0,0,0,-0.39911869458677585,0.6362523155073424,1.6120500875650612,0.0,0.0,0.0
image_393.png,surface,0.0,0.0,0.713560732427859,-15.600628387299993,0.6625452198799431,0.0,-0.969214651308035,-0.4040310351999829,0.0,0.0,0.0,0.06596588930411018,0,0,0,0,0,0,-0.025403387772228614,-0.010786763802910703,0.1402973943811302,0.0,0.0,0.0
image_394.png,surface,0.0,0.0,0.669957290127261,-4.724230264495185,-6.015069972019157,0.0,-1.7645537840112504,-2.138564687255814,0.0,0.0,0.0,-2.854635742868556,0,0,0,0,0,0,-0.006681097071656191,-0.03279446769713856,0.05399403135710812,0.0,0.0,0.0
image_395.png,surface,0.0,0.0,2.9557855308617023,-1.6236495848706665,-23.840232045962853,0.0,1.4737971334969273,0.8782519085342431,0.0,0.0,0.0,-2.035874374882731,0,0,0,0,0,0,1.4105911345356956,-0.057586563006147236,4.849003432442556,0.0,0.0,0.0
image_396.png,surface,0.0,0.0,1.4983984651119537,-24.024390170603404,-4.856285010370498,0.0,-0.05041236746874119,-2.0824989385291377,0.0,0.0,0.0,-1.168552281136454,0,0,0,0,0,0,0.0753609487002879,-0.3471003460435807,1.0215992285308844,0.0,0.0,0.0
image_397.png,surface,0.0,0.0,1.9686470796264293,17.65317272972135,0.8649140915843843,0.0,0.213078003610669,-1.0370568235262803,0.0,0.0,0.0,1.2881258267529265,0,0,0,0,0,0,0.07256675867214205,-0.2196790440112393,0.7113188875411064,0.0,0.0,0.0
image_398.png,surface,0.0,0.0,1.5789651741754809,-11.774071509174888,15.500181315214007,0.0,-1.6341009397980577,-2.379800578784263,0.0,0.0,0.0,2.574268707950515,0,0,0,0,0,0,-0.03217732013349082,-0.17574229134749506,0.5048374941776221,0.0,0.0,0.0
image_399.png,surface,0.0,0.0,0.8972410962365175,1.1896984149683565,-3.439866479627095,0.0,-0.8464315053361522,-1.996426245519553,0.0,0.0,0.0,0.6311667309892792,0,0,0,0,0,0,0.004714815199997672,-0.02368620425556749,0.07221534218729818,0.0,0.0,0.0
image_400.png,surface,0.0,0.0,0.8138792576273344,0.008161969516473255,19.84401869919786,0.0,-2.1543017604278782,0.4065485494811833,0.0,0.0,0.0,1.4703369813179243,0,0,0,0,0,0,-0.046862036681192265,0.006212181749700185,0.15095998742208086,0.0,0.0,0.0
image_401.png,surface,0.0,0.0,1.0317403815623956,22.656296492252732,-4.855666230560013,0.0,-0.09917409917765459,1.728380660425962,0.0,0.0,0.0,2.601576114042496,0,0,0,0,0,0,-0.05498892924671458,0.1948806562922537,0.5358271206116153,0.0,0.0,0.0
image_402.png,surface,0.0,0.0,2.013344528073889,8.654430018421257,-10.842687261063238,0.0,1.1346947771037743,-1.2374228890949068,0.0,0.0,0.0,-0.2706152830214599,0,0,0,0,0,0,0.22207875352785092,-0.1421282372508645,0.8164755014645521,0.0,0.0,0.0
image_403.png,surface,0.0,0.0,1.866333968439397,-1.7279754358896766,-18.95458324380686,0.0,0.41720872748969184,2.9371561148393384,0.0,0.0,0.0,-2.6299826176266827,0,0,0,0,0,0,0.09362362862281022,0.3852307774011351,0.9789466233633033,0.0,0.0,0.0
image_404.png,surface,0.0,0.0,1.321471080716262,-21.68797193735908,-7.1720045832877375,0.0,0.9550430580662554,0.5036161683134436,0.0,0.0,0.0,2.1046431211083094,0,0,0,0,0,0,0.23511374132255114,0.021194409904712774,0.6980369810683161,0.0,0.0,0.0
image_405.png,surface,0.0,0.0,0.6104355992704202,22.512038251331134,4.9520924711434615,0.0,1.9335471270676954,1.3479264517099445,0.0,0.0,0.0,1.7198975861412444,0,0,0,0,0,0,0.05886213928028262,0.021194409904712774,0.2122179800697045,0.0,0.0,0.0
image_406.png,surface,0.0,0.0,1.310070125280571,5.732383568437991,-7.753498084137923,0.0,-2.5056596736534127,-1.5784270330837298,0.0,0.0,0.0,2.218697710388705,0,0,0,0,0,0,-0.10256321044488517,-0.06516891702831867,0.24108401991061956,0.0,0.0,0.0
image_407.png,surface,0.0,0.0,1.4957583091310074,-2.9754299941685347,-10.922968861925082,0.0,2.7434939979988737,0.5179639628299545,0.0,0.0,0.0,0.8628543320482942,0,0,0,0,0,0,0.13941729852853474,-0.026258226833627753,0.41339152345238345,0.0,0.0,0.0
image_408.png,surface,0.0,0.0,2.391059457335169,-17.345473349999796,2.124519912753814,0.0,1.8020444731806116,1.9121874595869295,0.0,0.0,0.0,0.7166671241260212,0,0,0,0,0,0,0.3748415054097691,0.18910737013844273,1.0862446879100505,0.0,0.0,0.0
image_409.png,surface,0.0,0.0,2.3437099737335583,17.871040079464297,-0.6494436530641315,0.0,1.9177412992845384,1.5112030212931853,0.0,0.0,0.0,-2.6402248403779582,0,0,0,0,0,0,0.4401123234528636,0.35172054806912356,1.4187434164930146,0.0,0.0,0.0
image_410.png,surface,0.0,0.0,1.0535202413400815,-3.2211115941169046,10.127477222810747,0.0,-1.217295967080323,0.5053350599944961,0.0,0.0,0.0,-0.6250532392017245,0,0,0,0,0,0,-0.03532915431011945,-0.009679299646975299,0.11448610370880556,0.0,0.0,0.0
image_411.png,surface,0.0,0.0,1.0691848799856216,-6.021039647963966,-10.49794198787416,0.0,0.6995277284973985,1.2231239832326553,0.0,0.0,0.0,-1.512451882081794,0,0,0,0,0,0,0.05490674718706301,0.07675953620577904,0.21624408588181607,0.0,0.0,0.0
image_412.png,surface,0.0,0.0,2.069707068469424,-8.063870884930441,10.345553917388878,0.0,2.0575308846359217,-1.5196874366651587,0.0,0.0,0.0,0.9920923579986196,0,0,0,0,0,0,0.1802800448551781,-0.16016857665465317,0.6070912031893958,0.0,0.0,0.0
image_413.png,surface,0.0,0.0,2.1294408684882242,4.490299235375704,21.89179554161531,0.0,0.9506073137767979,0.8036821458949753,0.0,0.0,0.0,0.5851198863086999,0,0,0,0,0,0,0.20502597615019597,0.25043319777336626,0.8942510230595919,0.0,0.0,0.0
image_414.png,surface,0.0,0.0,1.9027569401762976,6.532883303890471,17.70869510087875,0.0,2.7016469686696873,0.23062356907457168,0.0,0.0,0.0,-0.9347988411038672,0,0,0,0,0,0,0.18550317131301985,-0.017544812118107506,0.5349160550701056,0.0,0.0,0.0
image_415.png,surface,0.0,0.0,0.7799284508194844,-10.86273832829894,11.06971653849883,0.0,0.04026751869732608,-2.6532172616655236,0.0,0.0,0.0,2.620479975052387,0,0,0,0,0,0,0.020550080582818042,-0.045253439451411935,0.09653275333200062,0.0,0.0,0.0
image_416.png,surface,0.0,0.0,1.2143003709789761,-6.968471847004412,9.771897441728923,0.0,-0.5932672351758945,-0.3788479063449712,0.0,0.0,0.0,2.1887913001872175,0,0,0,0,0,0,-0.057454391036255194,-0.059631596248641554,0.184651548427707,0.0,0.0,0.0
image_417.png,surface,0.0,0.0,0.5792580286526827,23.554372251706976,-1.3037454010860923,0.0,0.4974065060275369,-1.246370087928757,0.0,0.0,0.0,-0.014147906867123083,0,0,0,0,0,0,0.06272317419390258,-0.06346996633455414,0.2535776760497021,0.0,0.0,0.0
image_418.png,surface,0.0,0.0,2.4039853686816333,-9.559907779745696,-17.66623422216506,0.0,-0.3479476753447121,-0.5070095493087675,0.0,0.0,0.0,2.6266519931233434,0,0,0,0,0,0,0.24771499046909176,-0.3740475917696798,2.0781003061151826,0.0,0.0,0.0
image_419.png,surface,0.0,0.0,2.516258568411213,5.545091090310342,-21.59946888213598,0.0,-2.421932443720432,-0.313145635089044,0.0,0.0,0.0,-2.0267050678683116,0,0,0,0,0,0,-0.5245680867545682,-0.1350964691016723,1.6475861096914903,0.0,0.0,0.0
image_420.png,surface,0.0,0.0,2.8012014985280618,1.4809948806055904,-4.44788716309653,0.0,-1.9264371337991877,-0.6672192319572594,0.0,0.0,0.0,-0.3683312428603376,0,0,0,0,0,0,-0.44664123152516594,-0.20591125098176957,1.2590791803434727,0.0,0.0,0.0
image_421.png,surface,0.0,0.0,0.7197889169601135,-21.14664772784966,-12.144994509113703,0.0,-0.6902152553156772,-0.7195745109225455,0.0,0.0,0.0,1.663143849422803,0,0,0,0,0,0,-0.0504689159658904,-0.15615716529437582,0.48330240574056965,0.0,0.0,0.0
image_422.png,surface,0.0,0.0,2.7655323905613436,0.40856646319536527,1.0914745419435985,0.0,2.741778769930629,0.518383087458154,0.0,0.0,0.0,-1.9749472663255052,0,0,0,0,0,0,0.3846850898880087,-0.008913198732287016,1.050358084190445,0.0,0.0,0.0
image_423.png,surface,0.0,0.0,2.7960630575679644,0.5680834505127713,23.860951995822134,0.0,1.832726365387339,0.945346673589876,0.0,0.0,0.0,0.9782117797883676,0,0,0,0,0,0,0.4536617100653816,0.26386120066408303,1.4036438449447608,0.0,0.0,0.0
image_424.png,surface,0.0,0.0,2.9942649810804602,-18.24291262744304,-11.721941477210715,0.0,-0.6535117287426178,2.1773372953421632,0.0,0.0,0.0,2.4846106548870903,0,0,0,0,0,0,0.10057257833333,0.5143148487698744,2.2317756261315655,0.0,0.0,0.0
image_425.png,surface,0.0,0.0,2.4447214201107577,-11.266967590580828,-0.139440700763477,0.0,-0.9533918668325897,1.2807901133838424,0.0,0.0,0.0,0.3939266494065192,0,0,0,0,0,0,-0.2338262223880138,0.33269701960644327,0.9161567901238278,0.0,0.0,0.0
image_426.png,surface,0.0,0.0,1.1565945891026317,-9.397705199173071,15.440345263591043,0.0,0.5047149324533345,-1.3414436046909886,0.0,0.0,0.0,-2.540268831055685,0,0,0,0,0,0,0.03696366416318487,-0.07276700207543234,0.22513590692664665,0.0,0.0,0.0
image_427.png,surface,0.0,0.0,1.161397174297346,5.043863068897674,9.53089631678009,0.0,1.5460825280316082,-0.54098253913136,0.0,0.0,0.0,-0.33491770100679874,0,0,0,0,0,0,0.04691682472095948,-0.04328391512864045,0.14617242732159957,0.0,0.0,0.0
image_428.png,surface,0.0,0.0,2.220542194272486,14.196128384151423,7.425926157062638,0.0,0.9832176439714027,0.27592658461105735,0.0,0.0,0.0,-0.009685400238781838,0,0,0,0,0,0,0.274962908913495,0.12336741690471996,0.8841846420274233,0.0,0.0,0.0
image_429.png,surface,0.0,0.0,2.199331654155427,10.971854028239445,3.1884894000178368,0.0,0.2816645294245835,-2.191706494166476,0.0,0.0,0.0,0.5316062537497039,0,0,0,0,0,0,0.07759812699079692,-0.22279378694980775,0.6346643338427281,0.0,0.0,0.0
image_430.png,surface,0.0,0.0,2.1508230014886776,-7.944567194204282,-23.171576644670125,0.0,0.4240373883496733,-1.3229153697775107,0.0,0.0,0.0,-2.9497392583057684,0,0,0,0,0,0,0.5112150239512173,-0.606331906067155,2.4880128096811167,0.0,0.0,0.0
image_431.png,surface,0.0,0.0,1.3828021706012383,-23.23102395757986,0.29991249000938447,0.0,0.25869412598509733,1.0756533179315433,0.0,0.0,0.0,-2.3415665086809847,0,0,0,0,0,0,0.06782759323224757,0.19850193823396287,0.5359744988609768,0.0,0.0,0.0
image_432.png,surface,0.0,0.0,1.7994931957011435,-9.502896143011313,3.6469884768209093,0.0,2.606759895018635,-0.20283090164563938,0.0,0.0,0.0,-2.470516345903971,0,0,0,0,0,0,0.16457414012180924,-0.06374368616854947,0.4170447176335347,0.0,0.0,0.0
image_433.png,surface,0.0,0.0,1.253743697834498,8.065720991326398,10.432878494078043,0.0,0.6163517334009879,0.7107082156256261,0.0,0.0,0.0,-2.9920909650971774,0,0,0,0,0,0,0.06282970649345057,0.047937152306562224,0.1924491976212149,0.0,0.0,0.0
image_434.png,surface,0.0,0.0,1.9919767885407968,-21.854113729678403,0.91275729575277,0.0,0.5976534190208379,-0.9896549369039453,0.0,0.0,0.0,-0.2790770994260021,0,0,0,0,0,0,0.20727837334064037,-0.4628649585937042,1.3564828051489757,0.0,0.0,0.0
image_435.png,surface,0.0,0.0,2.431005443131776,-5.461997673232517,-21.444382623036002,0.0,0.017358255448711654,2.153619090365231,0.0,0.0,0.0,1.6606528172426147,0,0,0,0,0,0,0.36383824075644966,0.5362596285643328,2.1142749673221797,0.0,0.0,0.0
image_436.png,surface,0.0,0.0,2.2467406993366112,18.38945772852594,-7.632969144421344,0.0,-2.0088774791508266,-0.6694715436069847,0.0,0.0,0.0,-2.5248360295641086,0,0,0,0,0,0,-0.45720923564033183,-0.08558306809589514,1.196510414478041,0.0,0.0,0.0
image_437.png,surface,0.0,0.0,1.5812633207120133,15.873360699529497,-13.529399508896933,0.0,-0.902619121301056,0.7359425611899014,0.0,0.0,0.0,1.6128182387315135,0,0,0,0,0,0,-0.1697257377499542,0.24399291616200294,0.8393861202289823,0.0,0.0,0.0
image_438.png,surface,0.0,0.0,1.8118210026407529,-13.669226948689005,-7.981394519066703,0.0,-0.5171116937136612,-0.050208318906119376,0.0,0.0,0.0,-1.7899216163768765,0,0,0,0,0,0,-0.12440537563222165,-0.14841750102278173,0.709827241017262,0.0,0.0,0.0
image_439.png,surface,0.0,0.0,2.4310462416483967,-20.590921008811293,-8.161342250637334,0.0,2.103380401103543,-0.3046460132339441,0.0,0.0,0.0,-1.421265326826591,0,0,0,0,0,0,0.6873981409437762,-0.4117548585562875,2.3604413038320033,0.0,0.0,0.0
image_440.png,surface,0.0,0.0,1.0821322728834035,-6.188721509393117,-23.915559690099055,0.0,-1.9889247977807498,-0.12637869634068474,0.0,0.0,0.0,1.1468840446642856,0,0,0,0,0,0,-0.206464162194095,-0.028496751682911926,0.5963459890086508,0.0,0.0,0.0
image_441.png,surface,0.0,0.0,1.0532464975038693,19.051016458149288,-0.4165532136533461,0.0,-2.9263530519450205,-0.5647465183737777,0.0,0.0,0.0,2.2143186210269867,0,0,0,0,0,0,-0.12236908682086053,-0.015568995385359068,0.3155234338610143,0.0,0.0,0.0
image_442.png,surface,0.0,0.0,1.7124670328400935,-9.210088466345233,10.154161145100327,0.0,-2.1460286482993993,-1.4823777900366715,0.0,0.0,0.0,-2.7436702751471365,0,0,0,0,0,0,-0.13318363711498074,-0.08253596856457852,0.4312957477460679,0.0,0.0,0.0
image_443.png,surface,0.0,0.0,1.7353411957016687,12.964636586971471,16.75740097053049,0.0,0.341992240547714,-0.8585186232862106,0.0,0.0,0.0,-1.7666591238054608,0,0,0,0,0,0,0.0846749154607744,-0.16134840352532318,0.5175611497058605,0.0,0.0,0.0
image_444.png,surface,0.0,0.0,0.558681869830042,1.461416400122775,13.596418583964812,0.0,2.7529359725264033,-0.8819770712721055,0.0,0.0,0.0,-2.2381583547231045,0,0,0,0,0,0,0.01889882993982334,-0.008482168648868986,0.030681471912600067,0.0,0.0,0.0
image_445.png,surface,0.0,0.0,1.954865847250265,22.350915863962772,8.485765098303643,0.0,-0.4894034586035647,-1.4778647308872492,0.0,0.0,0.0,1.2531449872069924,0,0,0,0,0,0,-0.14401949386901058,-0.24596558668976326,0.8029434985686021,0.0,0.0,0.0
image_446.png,surface,0.0,0.0,1.544353580751412,5.03306762398364,-3.0992141382420946,0.0,2.669136918257919,-0.6954505810731495,0.0,0.0,0.0,-0.5036815894539446,0,0,0,0,0,0,0.10766762948322989,-0.03567324526157292,0.27023811723892366,0.0,0.0,0.0
image_447.png,surface,0.0,0.0,1.940949262464091,7.219267366555854,-9.56063055377408,0.0,-0.5288738751543024,0.5523447851821388,0.0,0.0,0.0,1.195980229735044,0,0,0,0,0,0,-0.08571588821635827,0.14514859403977917,0.6734784055155668,0.0,0.0,0.0
image_448.png,surface,0.0,0.0,2.7870591848476858,-4.754577431431353,-7.433711667700454,0.0,0.4573081632729406,1.9056924994850297,0.0,0.0,0.0,1.704468191010787,0,0,0,0,0,0,0.23123292183901525,0.47000212461000945,1.3464164241168057,0.0,0.0,0.0
image_449.png,surface,0.0,0.0,1.3327952075981129,13.511434085038836,-9.384584708930369,0.0,1.5730835402526162,-1.081026476967754,0.0,0.0,0.0,-0.9779755162089385,0,0,0,0,0,0,0.10289193868349016,-0.08869309172698084,0.42510139526531465,0.0,0.0,0.0
image_450.png,surface,0.0,0.0,0.7695896106198714,16.883602411964514,-1.4006779344562,0.0,-0.28163620905243314,-2.1258054751415156,0.0,0.0,0.0,-0.011816915784957693,0,0,0,0,0,0,-0.0044804441409922865,-0.04002444676060327,0.17799273116108605,0.0,0.0,0.0
image_451.png,surface,0.0,0.0,1.0162967219739412,13.326356363661825,-13.876051994339145,0.0,-0.6990987274430271,-2.3208295504000693,0.0,0.0,0.0,0.23626958679221488,0,0,0,0,0,0,-0.02057290893272147,-0.11217321955580453,0.34185054840610535,0.0,0.0,0.0
image_452.png,surface,0.0,0.0,1.2663426447805455,3.5701680269313134,-6.815801607304964,0.0,-0.21923702681335894,-0.8127731031395992,0.0,0.0,0.0,2.4939703056514144,0,0,0,0,0,0,-0.024271101617032213,-0.10806742204587354,0.20887517341372477,0.0,0.0,0.0
image_453.png,surface,0.0,0.0,2.658675239882745,2.588355511185164,-20.313677083009647,0.0,-2.682600404850156,0.15490044717509432,0.0,0.0,0.0,-1.9082871855963488,0,0,0,0,0,0,-0.6199084072900954,-0.018424176412380047,1.653115027046335,0.0,0.0,0.0
image_454.png,surface,0.0,0.0,1.872685730284326,-9.60921153564154,-16.218839486857636,0.0,0.3116944176255291,0.5693264536867471,0.0,0.0,0.0,-0.06339041067551765,0,0,0,0,0,0,0.3023204034374333,0.03959970908716206,1.1702234940009568,0.0,0.0,0.0
image_455.png,surface,0.0,0.0,2.987705166252935,-5.654337082598923,4.973230333904414,0.0,0.7074787687919549,-0.6267665261099129,0.0,0.0,0.0,2.277783253725749,0,0,0,0,0,0,0.2055738565478717,-0.28947760168006625,1.5196037311471855,0.0,0.0,0.0
image_456.png,surface,0.0,0.0,1.2125800398512647,4.011364240992546,1.091239656381928,0.0,1.1952872317698344,-2.4208357775890486,0.0,0.0,0.0,-1.1557585301130555,0,0,0,0,0,0,0.029475965394950787,-0.04794816402402186,0.14403544270585295,0.0,0.0,0.0
image_457.png,surface,0.0,0.0,0.6718170402971726,-16.854494680523988,2.0232822473382734,0.0,-2.670994075618075,0.8405637703994138,0.0,0.0,0.0,0.305845796117592,0,0,0,0,0,0,-0.05389316845136327,0.01144117444050885,0.13950914404742226,0.0,0.0,0.0
image_458.png,surface,0.0,0.0,1.2529703407132207,5.757161434096065,-9.812565449556118,0.0,0.805086547898408,-1.518755765839228,0.0,0.0,0.0,1.1189071895348643,0,0,0,0,0,0,0.06581869844077004,-0.10009179240014558,0.27961673310740415,0.0,0.0,0.0
image_459.png,surface,0.0,0.0,2.9814873311199435,-16.470045123639213,3.9126963330371565,0.0,2.5989822449815816,-0.4033417460148816,0.0,0.0,0.0,-1.8954183372358862,0,0,0,0,0,0,0.6609537804159639,-0.3273170090761893,2.0985992807991476,0.0,0.0,0.0
image_460.png,surface,0.0,0.0,2.357747911845328,-13.28026217532458,-0.6364928033283817,0.0,1.2510450407723686,1.3568197444472165,0.0,0.0,0.0,-2.503276989251791,0,0,0,0,0,0,0.27725487524377157,0.18723537817031335,0.8840283317629477,0.0,0.0,0.0
image_461.png,surface,0.0,0.0,2.7876533741244636,4.0109025045195,-9.22962568805106,0.0,-0.4203011215043574,-2.0475251732301336,0.0,0.0,0.0,-0.7941960655161431,0,0,0,0,0,0,0.024301539416902836,-0.5366749276228086,1.4520107067807813,0.0,0.0,0.0
image_462.png,surface,0.0,0.0,1.9871118342724012,-15.850736647619563,3.845745708589997,0.0,0.931302697802495,-0.754535292276286,0.0,0.0,0.0,0.6610561017219654,0,0,0,0,0,0,0.1952554423916464,-0.22438891287895346,0.8537130724699752,0.0,0.0,0.0
image_463.png,surface,0.0,0.0,1.1884086259495588,-14.83601819488931,3.5226006491186257,0.0,0.46800144795400567,-0.8316746545938358,0.0,0.0,0.0,2.7638923834642117,0,0,0,0,0,0,0.06399243044851793,-0.08712313543774286,0.2793219766086806,0.0,0.0,0.0
image_464.png,surface,0.0,0.0,2.886078447393452,-8.208361866389755,5.180101084814265,0.0,0.06970356060884748,-1.1608475009015573,0.0,0.0,0.0,1.4299537102591104,0,0,0,0,0,0,0.03772156537996956,-0.49118080348978005,1.555443441787448,0.0,0.0,0.0
image_465.png,surface,0.0,0.0,1.0728911309369793,2.4540450019904227,-14.268347580330882,0.0,1.198284356705817,0.6698112570585354,0.0,0.0,0.0,-1.5953999990714796,0,0,0,0,0,0,0.0954027180252625,-0.009197930283741995,0.3003836682447531,0.0,0.0,0.0
image_466.png,surface,0.0,0.0,1.4927850850820363,-10.998747707172637,-9.83151461927285,0.0,-2.646922928246764,0.920094215017071,0.0,0.0,0.0,-2.8188519289258354,0,0,0,0,0,0,-0.20532274469893724,0.0555037753037914,0.42822760055480813,0.0,0.0,0.0
image_467.png,surface,0.0,0.0,1.2334695175486041,-1.3266151310003773,14.492490979309615,0.0,0.39203725837482234,0.23920364440036426,0.0,0.0,0.0,2.282023390362726,0,0,0,0,0,0,0.07561358243921615,0.01326597333381152,0.1921678391451607,0.0,0.0,0.0
image_468.png,surface,0.0,0.0,2.108647623108298,-20.290240605967277,9.37945111193917,0.0,-1.2777205011858355,-0.1866590520901447,0.0,0.0,0.0,0.1383082366367896,0,0,0,0,0,0,-0.3529749899825361,-0.2713287182041762,1.3763922668354913,0.0,0.0,0.0
image_469.png,surface,0.0,0.0,1.5450243148941896,-14.590573194256502,-13.001329079525952,0.0,1.6974976251141594,0.16929760452281015,0.0,0.0,0.0,0.9779142402109358,0,0,0,0,0,0,0.27020548079367784,-0.059836099572891044,0.8367065156951305,0.0,0.0,0.0
image_470.png,surface,0.0,0.0,2.8927705208613066,-6.071820063969153,9.10154921007771,0.0,-1.45610949666709,-1.2586968209245966,0.0,0.0,0.0,-1.5829367226457651,0,0,0,0,0,0,-0.43855086431948825,-0.44225731591933837,1.7464456529603838,0.0,0.0,0.0
image_471.png,surface,0.0,0.0,2.918550196798967,14.766237376582723,12.236330675969828,0.0,1.7502485290377408,0.7143464498245613,0.0,0.0,0.0,-1.6665418768790141,0,0,0,0,0,0,0.4478678748599611,0.3757182266185481,1.7278759935407921,0.0,0.0,0.0
image_472.png,surface,0.0,0.0,0.7422850450359129,-4.639353754913464,18.609643728208194,0.0,0.883540248504668,2.577141786419925,0.0,0.0,0.0,1.9858982255119564,0,0,0,0,0,0,0.013604174652285377,0.021241602979539576,0.11249873034619903,0.0,0.0,0.0
image_473.png,surface,0.0,0.0,2.820832731346721,-2.6784370555326245,0.9585988376170608,0.0,1.7148094536064273,0.34888432283315274,0.0,0.0,0.0,-2.397131666979374,0,0,0,0,0,0,0.4144928273015516,0.008013384105589447,1.1462008393549783,0.0,0.0,0.0
image_474.png,surface,0.0,0.0,2.4949900379288668,10.919519434278262,-12.981624441950826,0.0,-1.8341060252200942,-0.21938103116178748,0.0,0.0,0.0,-2.278697951097454,0,0,0,0,0,0,-0.3616878101955729,-0.0662858197992194,1.3274760860700328,0.0,0.0,0.0
image_475.png,surface,0.0,0.0,2.280843590334191,-18.977782988544767,7.701895472948898,0.0,0.5401346475099115,0.2687920421300949,0.0,0.0,0.0,0.07527349697072161,0,0,0,0,0,0,0.2000646147712441,-0.10245144614148526,1.2399869980397817,0.0,0.0,0.0
image_476.png,surface,0.0,0.0,1.4069649533834732,-2.533518788486038,-22.47912812336472,0.0,0.17423152016176324,-2.7482725441073983,0.0,0.0,0.0,-0.7470041296129537,0,0,0,0,0,0,0.13161000286165647,-0.32568098248219374,1.0198842816292193,0.0,0.0,0.0
image_477.png,surface,0.0,0.0,2.198893099662482,5.782545902790751,14.430729312813947,0.0,1.3861558793306643,1.799238573971532,0.0,0.0,0.0,-2.9448361658344266,0,0,0,0,0,0,0.18046267165440355,0.2215478897743802,0.6878455518245671,0.0,0.0,0.0
image_478.png,surface,0.0,0.0,2.5266660848019202,-12.051359141763811,-19.583860828045733,0.0,-1.5949745413480683,-2.151701664731921,0.0,0.0,0.0,-0.2155531559054329,0,0,0,0,0,0,0.023129684121874328,-0.9344181622630218,2.7891333691726756,0.0,0.0,0.0
image_479.png,surface,0.0,0.0,2.576061864893251,21.695059039887898,-10.610091545598578,0.0,-1.5511102400868082,-0.03895159440787507,0.0,0.0,0.0,-1.9660608849793342,0,0,0,0,0,0,-0.2826788911807609,0.2944360207418682,2.3996439181622518,0.0,0.0,0.0
image_480.png,surface,0.0,0.0,2.514439046257634,-2.854816673257309,9.200281441259987,0.0,-0.106034223693062,-1.2834900919127845,0.0,0.0,0.0,-1.0571972554933435,0,0,0,0,0,0,-0.055043717286482136,-0.39051797488423057,0.9612255053794319,0.0,0.0,0.0
image_481.png,surface,0.0,0.0,1.3000589751493732,-4.514297204281945,-8.901127162835827,0.0,-0.40116863127663427,-0.2858096681267239,0.0,0.0,0.0,2.882611748714707,0,0,0,0,0,0,-0.06754452169344871,-0.06883424583986625,0.25610320332285696,0.0,0.0,0.0
image_482.png,surface,0.0,0.0,0.9625324800608357,-3.473309045652462,21.5247555860236,0.0,-1.3024273112981677,-2.0109604934590184,0.0,0.0,0.0,1.357640875189488,0,0,0,0,0,0,-0.015282819315164212,-0.07989315637427814,0.24489799036380175,0.0,0.0,0.0
image_483.png,surface,0.0,0.0,1.8594383765572726,-4.504261158651407,10.13219008729661,0.0,2.015935346091002,0.6752581779555935,0.0,0.0,0.0,-0.5596285453795518,0,0,0,0,0,0,0.154849263063066,-0.00562069521187108,0.4282499305925905,0.0,0.0,0.0
image_484.png,surface,0.0,0.0,1.1355650522610552,-9.771790198342144,18.363171284930107,0.0,-1.0390468962127215,1.345848225923381,0.0,0.0,0.0,2.029392885758859,0,0,0,0,0,0,-0.07035240873153653,0.07905311964236113,0.2874545763689199,0.0,0.0,0.0
image_485.png,surface,0.0,0.0,2.4624629558284776,17.957625740798946,10.796422460739779,0.0,0.2358666294176498,-0.7221479835021498,0.0,0.0,0.0,-1.7175840515422942,0,0,0,0,0,0,0.07823732078808518,-0.04261062726111153,1.254389872409233,0.0,0.0,0.0
image_486.png,surface,0.0,0.0,0.6116749663093075,6.916687441174857,-10.309745158049532,0.0,2.5250054087087483,-0.6562491606678886,0.0,0.0,0.0,2.687496058163304,0,0,0,0,0,0,0.03810508165834259,-0.018471369487206842,0.08412618434026801,0.0,0.0,0.0
image_487.png,surface,0.0,0.0,1.56352136913632,5.163120101092598,2.508586906414588,0.0,0.35068586672351215,1.821133765160897,0.0,0.0,0.0,-2.919772642528173,0,0,0,0,0,0,0.01778785024453655,0.11785211955996198,0.2453847851874515,0.0,0.0,0.0
image_488.png,surface,0.0,0.0,2.446470072556719,-21.307993185403504,-3.284113306750824,0.0,0.020448642964300174,-1.8958356096135547,0.0,0.0,0.0,2.137810040175684,0,0,0,0,0,0,0.20330928423747877,-0.7565946563156652,2.313744728822083,0.0,0.0,0.0
image_489.png,surface,0.0,0.0,0.7013977602191188,-10.775455558051926,-5.9295895699706955,0.0,-0.7036898757210929,0.9206253464614997,0.0,0.0,0.0,1.825286369992754,0,0,0,0,0,0,-0.03750241322089954,0.043837647206608085,0.10677330865886961,0.0,0.0,0.0
image_490.png,surface,0.0,0.0,2.217447863214634,-21.5989542066751,-7.344727662661774,0.0,2.734726238455413,0.6858699074005024,0.0,0.0,0.0,-1.2058001062047574,0,0,0,0,0,0,0.5815111227529924,-0.11415532869852997,1.7796638171650299,0.0,0.0,0.0
image_491.png,surface,0.0,0.0,1.077658141243262,0.5018619632172847,5.421258414851667,0.0,-1.3997449458875506,-0.18305628837025154,0.0,0.0,0.0,-0.8266114927518857,0,0,0,0,0,0,-0.04312579674704288,-0.021241602979539594,0.10175798217301102,0.0,0.0,0.0
image_492.png,surface,0.0,0.0,0.8184847319972933,-9.099739564570957,17.15756715043881,0.0,0.397480648652117,-0.760091659850242,0.0,0.0,0.0,0.2567856864615825,0,0,0,0,0,0,0.03331112817868043,-0.0545048552199576,0.14921377846752099,0.0,0.0,0.0
image_493.png,surface,0.0,0.0,1.2697171364595978,-17.507143373343016,-14.776068704898703,0.0,-2.029549506396289,-1.9890074361881447,0.0,0.0,0.0,0.9886857521176715,0,0,0,0,0,0,-0.11078141641002007,-0.3064671086177118,0.7758125026633554,0.0,0.0,0.0
image_494.png,surface,0.0,0.0,0.5483406199854435,-2.3327470277057882,10.529958322001542,0.0,-1.5019231841503675,-1.0997165488272995,0.0,0.0,0.0,-0.47379518199687,0,0,0,0,0,0,0.012765613265842912,-0.017939660844158323,0.02744361643419609,0.0,0.0,0.0
image_495.png,surface,0.0,0.0,2.075056243217059,-0.07175232041236204,-4.042677677284064,0.0,-1.534064240268042,1.2255816371286858,0.0,0.0,0.0,0.8666808345575228,0,0,0,0,0,0,-0.20282988888951306,0.14366043908024084,0.5453665127521264,0.0,0.0,0.0
image_496.png,surface,0.0,0.0,1.332272207225237,9.721065989680364,10.005158062444034,0.0,-2.562887356513416,0.39462224696309395,0.0,0.0,0.0,1.5158717893985223,0,0,0,0,0,0,-0.09032721489679525,0.02486603112623727,0.27197986018592746,0.0,0.0,0.0
image_497.png,surface,0.0,0.0,2.984277998653496,-8.199834679789399,23.319210704432077,0.0,1.41496273524966,0.17578700498359423,0.0,0.0,0.0,1.0155009705408764,0,0,0,0,0,0,0.3487532671404459,-0.014137472115613023,1.8822390787208652,0.0,0.0,0.0
image_498.png,surface,0.0,0.0,0.7445983673641081,1.796560944727991,-19.468014365661155,0.0,-1.1846719818612574,2.207229630964624,0.0,0.0,0.0,2.091904595044479,0,0,0,0,0,0,-0.07142534117698457,0.08675502945409383,0.2825888611362013,0.0,0.0,0.0
image_499.png,surface,0.0,0.0,2.737210689605092,-9.878868008428675,-6.3349536043268255,0.0,-0.10595945480900491,-0.3985014867502885,0.0,0.0,0.0,-2.5449120413212696,0,0,0,0,0,0,0.046149792164213596,-0.36097511004265803,1.6509043533059091,0.0,0.0,0.0
image_500.png,surface,0.0,0.0,1.7448943717228205,-8.737098311231547,23.37769010518954,0.0,0.6150419969847232,-0.36244048643644117,0.0,0.0,0.0,0.7512544933991618,0,0,0,0,0,0,0.1470921897659747,-0.17001305206352227,0.7416475448567482,0.0,0.0,0.0
image_501.png,surface,0.0,0.0,0.7942517977325282,-2.0035451293922573,-17.298142869770125,0.0,0.014334965819067312,-1.666371168672927,0.0,0.0,0.0,0.7328845335659606,0,0,0,0,0,0,0.029083317776616602,-0.10981356581446498,0.26561579941803,0.0,0.0,0.0
image_502.png,surface,0.0,0.0,2.640293352871742,-9.913257536727752,-5.3969364241567295,0.0,-2.5944867084448924,1.0686320910319143,0.0,0.0,0.0,-2.6682930324625627,0,0,0,0,0,0,-0.5285858763375231,0.14909078889031055,1.138162025753424,0.0,0.0,0.0
image_503.png,surface,0.0,0.0,0.7776139091296306,4.781496769314409,-22.71223158351524,0.0,-1.8334965669108,-0.5898489968113253,0.0,0.0,0.0,-1.8656182015718434,0,0,0,0,0,0,-0.13932446323892897,-0.053748192920234736,0.38030287346687425,0.0,0.0,0.0
image_504.png,surface,0.0,0.0,2.1146482019074297,2.123721856613902,-20.201064634023542,0.0,-0.9491374570100616,2.2461856857394604,0.0,0.0,0.0,1.793410114508406,0,0,0,0,0,0,-0.09510594947652191,0.5801019950784239,1.3035606156054087,0.0,0.0,0.0
image_505.png,surface,0.0,0.0,1.1130439065242843,-1.2608210412734573,-12.170356354367753,0.0,-0.7457187875327481,-1.687998679568505,0.0,0.0,0.0,2.4266587427361817,0,0,0,0,0,0,-0.02027157471399988,-0.10098846082185457,0.23158482183811588,0.0,0.0,0.0
image_506.png,surface,0.0,0.0,1.622793860515826,20.406632389826402,-8.145092727163643,0.0,0.3310960272010227,1.6478423962990263,0.0,0.0,0.0,-2.426377859409004,0,0,0,0,0,0,0.1300257153783778,0.3969928647504664,1.1143247104210368,0.0,0.0,0.0
image_507.png,surface,0.0,0.0,1.9325498076635903,-7.526839612050182,17.668759124203802,0.0,-0.762157806778218,-2.7515921019808216,0.0,0.0,0.0,2.2937256474206915,0,0,0,0,0,0,-0.019878927095665633,-0.2674903481182634,0.7336221292778641,0.0,0.0,0.0
image_508.png,surface,0.0,0.0,2.7991886489691247,3.9686476200725966,-1.4251295525881245,0.0,-2.6239914014653265,1.1674033798147687,0.0,0.0,0.0,-1.758372766977298,0,0,0,0,0,0,-0.6207210965466476,0.248617837495029,1.2263210149171393,0.0,0.0,0.0
image_509.png,surface,0.0,0.0,1.21128440121903,-2.810758880071006,23.26816456312142,0.0,-0.48975420270916437,1.1264680166813734,0.0,0.0,0.0,-1.9871523015165007,0,0,0,0,0,0,-0.07672151835451618,0.12728444211534376,0.38035646555755087,0.0,0.0,0.0
image_510.png,surface,0.0,0.0,1.469237116320729,8.037246629729479,-17.158931466989095,0.0,0.39487718181977316,2.2093710173798975,0.0,0.0,0.0,2.147952818274348,0,0,0,0,0,0,0.02953684099469255,0.2707985826636215,0.6843040078323266,0.0,0.0,0.0
image_511.png,surface,0.0,0.0,0.9989894269780446,-13.146013492645633,-8.27502044475754,0.0,-2.6004964300564035,-1.1467090539272955,0.0,0.0,0.0,0.206090981540195,0,0,0,0,0,0,-0.093568840583043,-0.04168249678951794,0.2624002739774081,0.0,0.0,0.0
image_512.png,surface,0.0,0.0,1.3590540883187607,-16.591843659535982,-0.5452132730820474,0.0,-0.405654410055475,1.2930458046412416,0.0,0.0,0.0,-1.101937707139883,0,0,0,0,0,0,-0.06936774590571385,0.14753027121603787,0.34084569670591064,0.0,0.0,0.0
image_513.png,surface,0.0,0.0,0.8145295698047743,-23.357778242549355,4.103200409055224,0.0,-0.4506460804295985,1.8102908041455197,0.0,0.0,0.0,1.927934931240305,0,0,0,0,0,0,-0.03252583294201228,0.11855372327238708,0.2847191467406132,0.0,0.0,0.0
image_514.png,surface,0.0,0.0,1.8702084903635283,10.23028426103169,-16.91595400392055,0.0,-0.8174351530049518,-2.3905133502845834,0.0,0.0,0.0,2.400667506605391,0,0,0,0,0,0,-0.039383469252919356,-0.2847582941973872,0.8684419653910448,0.0,0.0,0.0
image_515.png,surface,0.0,0.0,1.898079034472628,-19.487919854328492,11.005309492810651,0.0,-1.2837257078646793,-1.74432374870392,0.0,0.0,0.0,2.7490928845689755,0,0,0,0,0,0,-0.11624804526682848,-0.37952198844958757,1.0875175000636303,0.0,0.0,0.0
image_516.png,surface,0.0,0.0,2.058432840538642,6.910551711308172,-23.69722406175844,0.0,2.1309655067634674,-1.3875485511872916,0.0,0.0,0.0,-2.7339288970859332,0,0,0,0,0,0,0.5760536252361449,-0.3464396429960057,2.058941133698143,0.0,0.0,0.0
image_517.png,surface,0.0,0.0,1.0758809490947545,17.654245286763473,17.160118612310487,0.0,0.7210236823162338,-0.4654558467516212,0.0,0.0,0.0,-1.0378056318322775,0,0,0,0,0,0,0.09861847158161999,-0.06498014472901148,0.3228923463291055,0.0,0.0,0.0
image_518.png,surface,0.0,0.0,1.5808891321353766,12.953849026525287,-11.814583174350886,0.0,-0.039779903810611354,-2.6388599998990414,0.0,0.0,0.0,-1.9775226350858277,0,0,0,0,0,0,0.06604698193980157,-0.19785696621133028,0.5761484698347457,0.0,0.0,0.0
image_519.png,surface,0.0,0.0,0.6035727186723887,11.629810605923602,-8.341494463181638,0.0,2.222757658134281,0.3888117429249517,0.0,0.0,0.0,-0.3747692482717615,0,0,0,0,0,0,0.025923874150020208,-0.012218287072656764,0.10006759831290633,0.0,0.0,0.0
image_520.png,surface,0.0,0.0,0.6006417190188347,-11.873511420352443,-9.608302595785453,0.0,-2.276111124619386,1.050345951464087,0.0,0.0,0.0,2.069928763191287,0,0,0,0,0,0,-0.0701743476022919,0.014021062531040204,0.13284139476568846,0.0,0.0,0.0
image_521.png,surface,0.0,0.0,1.2736571459701336,-11.380415506567449,-0.84318293606673,0.0,2.780374456487371,-0.4759479516113182,0.0,0.0,0.0,-1.6188155299360867,0,0,0,0,0,0,0.10983175705404878,-0.06082715414425371,0.2691059843233715,0.0,0.0,0.0
image_522.png,surface,0.0,0.0,1.7228573779363798,7.048474833281985,-21.602015316415272,0.0,0.20580474860091835,-1.0011523121462813,0.0,0.0,0.0,-0.07948471804570456,0,0,0,0,0,0,0.2963013285129686,-0.22468150994287941,1.3541381511818549,0.0,0.0,0.0
image_523.png,surface,0.0,0.0,2.2324350454057837,-10.800859162896398,-13.040365319668906,0.0,1.1138377942473832,0.6288498654896236,0.0,0.0,0.0,2.352641797997032,0,0,0,0,0,0,0.4800254104235363,-0.002449320583510578,1.422535056908415,0.0,0.0,0.0
image_524.png,surface,0.0,0.0,2.396683662536555,17.55291490491714,1.4121649515557089,0.0,2.6093929226388366,1.3405274627057164,0.0,0.0,0.0,0.4946416985316411,0,0,0,0,0,0,0.5016758174716857,0.23540377654352687,1.2939810293968887,0.0,0.0,0.0
image_525.png,surface,0.0,0.0,1.5044524501147998,5.315907597443509,-6.9551047563678425,0.0,1.256675332708967,-0.9760756430571629,0.0,0.0,0.0,-1.092040594723393,0,0,0,0,0,0,0.09572383681390036,-0.07940706770356215,0.3291626209383185,0.0,0.0,0.0
image_526.png,surface,0.0,0.0,2.3890160539883376,4.011073922931241,23.656097839294304,0.0,0.3429101011374353,-1.347165276377263,0.0,0.0,0.0,-0.4323172032194904,0,0,0,0,0,0,-0.06873768344838675,-0.3987924940038613,1.266785276382074,0.0,0.0,0.0
image_527.png,surface,0.0,0.0,2.31901002664332,-8.299372597414283,7.492094638046954,0.0,1.3471681526864887,-1.6695783321091724,0.0,0.0,0.0,2.1605617560022523,0,0,0,0,0,0,0.18945704151624562,-0.23535972967368846,0.7807519070207543,0.0,0.0,0.0
image_528.png,surface,0.0,0.0,2.081185426346184,-9.494837701693669,12.047074951242365,0.0,0.41536913189257735,0.9241970836173706,0.0,0.0,0.0,0.9074705547315278,0,0,0,0,0,0,0.1425219541153635,0.18858824631534793,0.6057915949904775,0.0,0.0,0.0
image_529.png,surface,0.0,0.0,0.8540744028717588,-15.003912797611513,-0.13945874665284513,0.0,2.9420146556637032,0.24108826310007667,0.0,0.0,0.0,0.43471779717159587,0,0,0,0,0,0,0.07122140791784957,-0.02816954636411284,0.17343740345353878,0.0,0.0,0.0
image_530.png,surface,0.0,0.0,1.2181099714423151,5.169062871783866,-22.777445200797168,0.0,1.176606528693699,1.6919213614901278,0.0,0.0,0.0,-1.434373569301552,0,0,0,0,0,0,0.23508634730266778,0.18641736487331548,0.8992752815605628,0.0,0.0,0.0
image_531.png,surface,0.0,0.0,1.8346918794059162,-4.105139738524608,8.806667566605443,0.0,-1.6058186497874283,-2.1875661965488233,0.0,0.0,0.0,2.752324099746202,0,0,0,0,0,0,-0.07294266550054758,-0.16167875504911058,0.42960759688974187,0.0,0.0,0.0
image_532.png,surface,0.0,0.0,2.5348298343703406,-4.349140891790133,-22.209590851369015,0.0,2.853177501936644,0.16034956310705384,0.0,0.0,0.0,2.8367685493597428,0,0,0,0,0,0,1.0323360298704083,-0.19971637335950582,3.2638253123444696,0.0,0.0,0.0
image_533.png,surface,0.0,0.0,1.5082845421179019,-13.630539308172525,-12.001769269539594,0.0,-1.6089775244585238,0.8255724265332502,0.0,0.0,0.0,0.509991546983569,0,0,0,0,0,0,-0.2103434597876375,0.09118173987284701,0.5351840155234909,0.0,0.0,0.0
image_534.png,surface,0.0,0.0,2.917665616094188,-10.118120755942423,-8.87205016853129,0.0,0.8389044540360271,0.06370602870887418,0.0,0.0,0.0,1.8719394212221552,0,0,0,0,0,0,0.55101244728238,-0.20129262205872067,2.2939960434075974,0.0,0.0,0.0
image_535.png,surface,0.0,0.0,2.163501424344089,-20.782330993376586,-2.7319557356483086,0.0,0.262908756189347,1.0335708900022316,0.0,0.0,0.0,-1.5561720321538388,0,0,0,0,0,0,0.16791925432761792,0.17117714790924976,1.1206776061700436,0.0,0.0,0.0
image_536.png,surface,0.0,0.0,1.2826390927617324,-9.179310018788575,-5.0200628017184385,0.0,0.13071232075623954,2.2775838725260025,0.0,0.0,0.0,0.9068966275088952,0,0,0,0,0,0,-0.009256134940731834,0.10670826149086196,0.24187003724054928,0.0,0.0,0.0
image_537.png,surface,0.0,0.0,1.9035852004141782,-17.43091843234934,17.77530108638957,0.0,1.9774859113019243,1.5380242226247034,0.0,0.0,0.0,-2.2172754153393583,0,0,0,0,0,0,0.2288222480892424,0.11959197091857644,0.7618383650193202,0.0,0.0,0.0
image_538.png,surface,0.0,0.0,1.4376842036793385,-1.2152148370857538,-0.07237406881864371,0.0,-0.45036043648327595,-1.522152973373957,0.0,0.0,0.0,2.3240528027107006,0,0,0,0,0,0,-0.005999290354548714,-0.09197772973492561,0.21377215069933825,0.0,0.0,0.0
image_539.png,surface,0.0,0.0,2.779952860972138,13.381009063447957,-0.8929781673089985,0.0,0.5906982310985871,-1.5885901967886855,0.0,0.0,0.0,1.5208687204201086,0,0,0,0,0,0,0.23581076693959432,-0.3513477227779925,1.2570694769430844,0.0,0.0,0.0
image_540.png,surface,0.0,0.0,0.6208679850034193,7.996686497335174,-10.551667752073165,0.0,-0.34418028656702054,-0.5211873363820139,0.0,0.0,0.0,-2.1796925639966176,0,0,0,0,0,0,-0.0031229182667514436,-0.03350236381954044,0.09126286441542596,0.0,0.0,0.0
image_541.png,surface,0.0,0.0,1.0722888375703796,-15.007610604886857,-4.329969630234498,0.0,1.4311692477984956,-2.359604544818114,0.0,0.0,0.0,-2.3657480701434337,0,0,0,0,0,0,0.06747755853373255,-0.09466458879506441,0.3060041387545068,0.0,0.0,0.0
image_542.png,surface,0.0,0.0,0.7414163273773997,7.861978274806209,5.0658488512509425,0.0,-1.8646939529154203,1.5427843187857346,0.0,0.0,0.0,-2.370723240559678,0,0,0,0,0,0,-0.01159527986080819,0.006139819034965771,0.0368177662951199,0.0,0.0,0.0
image_543.png,surface,0.0,0.0,2.51404922987083,12.124158816326817,20.114115040490027,0.0,-0.8477765695118836,-2.459968637949917,0.0,0.0,0.0,0.6027684461140419,0,0,0,0,0,0,-0.2480574157176393,-0.45276564058077046,1.3743289713444256,0.0,0.0,0.0
image_544.png,surface,0.0,0.0,0.9776985061241662,9.93116180488135,11.705352662293764,0.0,-1.7038073629155934,-1.0600525618716967,0.0,0.0,0.0,1.173375814886925,0,0,0,0,0,0,-0.04207721454149136,-0.0455837909751995,0.12951421913615607,0.0,0.0,0.0
image_545.png,surface,0.0,0.0,2.3571184524552002,-4.3865817521746715,-19.77045136470566,0.0,-0.538055788076773,-2.9093587836689374,0.0,0.0,0.0,-2.0810512669342396,0,0,0,0,0,0,0.15679728225480172,-0.663964089045635,1.9545705371046294,0.0,0.0,0.0
image_546.png,surface,0.0,0.0,1.9039912352908779,-15.00545934969671,-3.090289277201439,0.0,-0.4252485113843795,-2.1445543850636426,0.0,0.0,0.0,-1.6429452010214773,0,0,0,0,0,0,0.01130459887204116,-0.3063632838530931,0.8898788016618571,0.0,0.0,0.0
image_547.png,surface,0.0,0.0,2.575539963092232,-21.960418130691146,6.450900871095517,0.0,1.0165688097823786,-1.4691086019413286,0.0,0.0,0.0,2.3855595452332023,0,0,0,0,0,0,0.3211766204574376,-0.6547048077646187,2.1836543947111493,0.0,0.0,0.0
image_548.png,surface,0.0,0.0,2.987371981728036,-10.403906382987598,-17.432283738362372,0.0,-0.6380430751998789,2.2229499814948785,0.0,0.0,0.0,-2.6991891866742,0,0,0,0,0,0,0.16495156884020792,0.4457905041213709,2.5374515133306788,0.0,0.0,0.0
image_549.png,surface,0.0,0.0,0.8855919663910043,2.2897012051101506,-8.902479857305327,0.0,-2.0963871314007942,-0.13353280133470366,0.0,0.0,0.0,-1.8626404633994038,0,0,0,0,0,0,-0.07806078154883452,-0.014330963722402893,0.11312620440787585,0.0,0.0,0.0
image_550.png,surface,0.0,0.0,0.8760433286707219,7.586439063898339,-0.3237152511535608,0.0,1.4310429684134285,0.8569732337091898,0.0,0.0,0.0,-2.9875078230430234,0,0,0,0,0,0,0.02627999640850942,0.004870325322125035,0.06811778025428365,0.0,0.0,0.0
image_551.png,surface,0.0,0.0,2.0905388334693473,-17.747617564993025,-12.478945707536733,0.0,-0.545080407826393,1.5913976414265507,0.0,0.0,0.0,-2.8837901066918494,0,0,0,0,0,0,-0.09051897303598168,0.35050768604607535,1.0767097617770969,0.0,0.0,0.0
image_552.png,surface,0.0,0.0,0.5907609325111545,-13.167773894254983,-15.291333361971066,0.0,-2.982451076837485,-0.26393636130170395,0.0,0.0,0.0,-1.6270622191464923,0,0,0,0,0,0,-0.11782167952015248,-0.014389168514689243,0.22769046324891834,0.0,0.0,0.0
image_553.png,surface,0.0,0.0,2.5435448754970933,11.37541889626542,-3.9324738911428794,0.0,-0.5541486766621997,2.5073722269089154,0.0,0.0,0.0,0.4389900205821471,0,0,0,0,0,0,-0.10725824107496679,0.7035118857504883,1.541067363463336,0.0,0.0,0.0
image_554.png,surface,0.0,0.0,1.4415982296240608,2.5303054703288272,16.14118532493258,0.0,2.84268493703035,0.33160690909978124,0.0,0.0,0.0,0.5513628340886916,0,0,0,0,0,0,0.10964913025482348,-0.013344628458522896,0.30286230243856593,0.0,0.0,0.0
image_555.png,surface,0.0,0.0,1.4973368073155495,-7.396441081372653,-13.63000642571163,0.0,0.25213282462083225,-0.05323755674482004,0.0,0.0,0.0,-2.0743721779743884,0,0,0,0,0,0,0.10983175705404861,-0.07888007836799632,0.568880042536673,0.0,0.0,0.0
image_556.png,surface,0.0,0.0,1.9301145320811708,-12.81677357038036,1.9612888066554053,0.0,1.979602449722339,-1.8150268814003079,0.0,0.0,0.0,-1.502444368743816,0,0,0,0,0,0,0.15946972108346416,-0.16941841932070467,0.636875007583155,0.0,0.0,0.0
image_557.png,surface,0.0,0.0,1.355238476917689,-16.565825378820943,-17.105254717533555,0.0,-1.3112753192663729,2.1437454442105883,0.0,0.0,0.0,1.3922816424834341,0,0,0,0,0,0,-0.14183405983828218,0.2143084720959501,0.6692848244200889,0.0,0.0,0.0
image_558.png,surface,0.0,0.0,1.2505880997949292,2.4515153010479818,15.047537354015995,0.0,1.0262560431979415,0.6691090673902578,0.0,0.0,0.0,-0.15923810470748467,0,0,0,0,0,0,0.05125421120255861,0.026039565586930196,0.2079373118268765,0.0,0.0,0.0
image_559.png,surface,0.0,0.0,1.0124230471144355,3.882965256655989,21.32958065341505,0.0,-2.18305076059891,1.549866768394301,0.0,0.0,0.0,1.2229699875001758,0,0,0,0,0,0,-0.09058593619569759,0.06770003894152893,0.2642692981397697,0.0,0.0,0.0
image_560.png,surface,0.0,0.0,2.297053675775587,1.3263973099922715,-22.248117605916764,0.0,2.21578183563738,1.3863626159493536,0.0,0.0,0.0,2.117857748221053,0,0,0,0,0,0,0.7818983782028678,0.1840168104671259,2.5608310628885302,0.0,0.0,0.0
image_561.png,surface,0.0,0.0,2.421531402094865,-10.250659660347266,-21.632084980702803,0.0,-1.2221705863112813,2.287804479722032,0.0,0.0,0.0,1.0417015720319114,0,0,0,0,0,0,-0.13695183673899444,0.6217734801504821,1.7196183455689726,0.0,0.0,0.0
image_562.png,surface,0.0,0.0,2.0202566601342884,1.6937529183194169,-5.276075632354642,0.0,-0.010632225945851528,-2.2155521227191874,0.0,0.0,0.0,-1.7902120878665984,0,0,0,0,0,0,0.034329272584361116,-0.20318034505179247,0.5423519576515438,0.0,0.0,0.0
image_563.png,surface,0.0,0.0,1.0900845034312003,11.366044841870222,16.43604447456647,0.0,-0.34283861652076925,1.2856049302322117,0.0,0.0,0.0,-0.06235029760312294,0,0,0,0,0,0,-0.04693052173090173,0.07315398528901199,0.27787499016040057,0.0,0.0,0.0
image_564.png,surface,0.0,0.0,2.2368973580875937,-6.699328233345766,-5.000640900274404,0.0,-1.0487460700180955,-1.8684619939536902,0.0,0.0,0.0,0.6129221428309943,0,0,0,0,0,0,-0.0888662005029934,-0.2998585050394665,0.8323521583276221,0.0,0.0,0.0
image_565.png,surface,0.0,0.0,0.8946472653615143,-1.458486530624447,11.877540961046355,0.0,-0.6462244639984632,-2.093393537546343,0.0,0.0,0.0,-2.927443633929235,0,0,0,0,0,0,-0.0036616673244658894,-0.037938512853259006,0.09720265446546339,0.0,0.0,0.0
image_566.png,surface,0.0,0.0,2.695706154298475,-16.219194816262075,-14.689534774913776,0.0,1.3443462850505814,1.715290893009357,0.0,0.0,0.0,-0.020439924548799393,0,0,0,0,0,0,0.7967855061197097,0.1409704338151138,2.625476522267698,0.0,0.0,0.0
image_567.png,surface,0.0,0.0,1.6158151461081052,16.619190849275615,-13.953485581689357,0.0,-0.7535929782552458,2.5566281879309516,0.0,0.0,0.0,-1.8253753304080889,0,0,0,0,0,0,-0.10054670620344004,0.41899427623471763,1.0644505710347252,0.0,0.0,0.0
image_568.png,surface,0.0,0.0,1.6896531848208192,18.91618483947183,7.5289603882288185,0.0,-1.162315133757355,2.5110174632988036,0.0,0.0,0.0,2.8872570842201988,0,0,0,0,0,0,-0.20404892277434128,0.3204677208163273,0.8319055575719805,0.0,0.0,0.0
image_569.png,surface,0.0,0.0,1.0103704761251326,6.643561666455467,-11.343525742291776,0.0,0.4608608748217175,1.8114740551875033,0.0,0.0,0.0,0.3952402485197366,0,0,0,0,0,0,0.009615300979207842,0.08221505565575629,0.2285345386770818,0.0,0.0,0.0
image_570.png,surface,0.0,0.0,2.038777802832259,4.507856595560294,-12.141112704853352,0.0,2.4441668980783984,1.672290017049437,0.0,0.0,0.0,-0.03401665869100956,0,0,0,0,0,0,0.29157890386300295,0.1081429309655964,0.9088548677690823,0.0,0.0,0.0
image_571.png,surface,0.0,0.0,2.96262221210612,-18.542899509770677,-16.766260140159247,0.0,-0.6140276500950167,0.1561812376879434,0.0,0.0,0.0,-0.8188355226336017,0,0,0,0,0,0,0.40760475319077416,-0.7409768947529849,3.8946042196131114,0.0,0.0,0.0
image_572.png,surface,0.0,0.0,1.97275121260526,22.149733251593396,-2.561113055298248,0.0,1.001219080836407,-1.9867338450905645,0.0,0.0,0.0,-0.49789699991356384,0,0,0,0,0,0,0.19173987650656085,-0.20270526809853615,1.018725352668328,0.0,0.0,0.0
image_573.png,surface,0.0,0.0,2.130862886385097,-23.52099666525971,4.385098662418171,0.0,-1.1845676321396512,-1.7343961892369557,0.0,0.0,0.0,-1.7967090005869903,0,0,0,0,0,0,-0.1638573299348504,-0.512936810984932,1.6348043960650167,0.0,0.0,0.0
image_574.png,surface,0.0,0.0,1.2212229148388651,0.7994991199070265,-12.284856886012875,0.0,-2.1461131119155685,0.3780309593362668,0.0,0.0,0.0,2.6541140051791468,0,0,0,0,0,0,-0.14266653366475052,0.034644436230348845,0.2578449462698609,0.0,0.0,0.0
image_575.png,surface,0.0,0.0,1.3146285201058292,-15.281307289148975,-3.811057466697686,0.0,-0.5037849762301697,-1.1471792480970548,0.0,0.0,0.0,2.4265423004178555,0,0,0,0,0,0,-0.01074758713440449,-0.155609725626385,0.41787986104658503,0.0,0.0,0.0
image_576.png,surface,0.0,0.0,0.9908889751763343,-10.106480741948726,8.885290778533879,0.0,-1.0450630613886374,-2.1794715658048367,0.0,0.0,0.0,-1.1494051123775653,0,0,0,0,0,0,-0.00921808769089325,-0.08399895388420915,0.14074622814055016,0.0,0.0,0.0
image_577.png,surface,0.0,0.0,1.786504179918809,-23.585023868443226,7.083886713479184,0.0,-1.694378654149972,-0.9189142466328405,0.0,0.0,0.0,2.892784235089536,0,0,0,0,0,0,-0.21659842766110118,-0.28626847259184446,1.130726123171986,0.0,0.0,0.0
image_578.png,surface,0.0,0.0,0.8699364416539985,17.685522607965694,6.169861945133611,0.0,0.25452689292145037,2.5271432232232645,0.0,0.0,0.0,-1.8625499878598675,0,0,0,0,0,0,0.0022874006602957575,0.052105873916262306,0.19648200244466127,0.0,0.0,0.0
image_579.png,surface,0.0,0.0,2.0462031905682907,-16.599279707525195,7.19521096521613,0.0,0.07019854899650235,2.791489688003983,0.0,0.0,0.0,-2.056707576399165,0,0,0,0,0,0,-0.03969393481160221,0.2950102031522609,0.7058301642542674,0.0,0.0,0.0
image_580.png,surface,0.0,0.0,1.6632755605345717,-22.002043613183595,-3.6080093638398747,0.0,1.477820505434843,0.9584735546810798,0.0,0.0,0.0,-2.2780734483760057,0,0,0,0,0,0,0.2594183245194416,0.04951025480078864,0.8369074860351694,0.0,0.0,0.0
image_581.png,surface,0.0,0.0,2.0607797325780375,-11.701693496583497,-9.862736108195193,0.0,-0.32723114090935657,-0.7439894293790931,0.0,0.0,0.0,0.9598785858329855,0,0,0,0,0,0,-0.005360096557260441,-0.35212483541014,1.097190872430834,0.0,0.0,0.0
image_582.png,surface,0.0,0.0,0.6768021240331519,-16.066175269184505,-15.333625579253916,0.0,1.9468267772043246,-0.29983500650294526,0.0,0.0,0.0,-0.035872369182668784,0,0,0,0,0,0,0.09793057730453827,-0.08020463066813494,0.4070542587298247,0.0,0.0,0.0
image_583.png,surface,0.0,0.0,2.7101426802998088,5.067110591682312,-21.41004710924995,0.0,0.4672106645663583,2.072242622071076,0.0,0.0,0.0,-1.039148200631311,0,0,0,0,0,0,0.8298379129994881,0.6220566385994427,3.463368762969058,0.0,0.0,0.0
image_584.png,surface,0.0,0.0,1.4464534454593738,10.627281024583075,-15.985056175199471,0.0,1.1517895433941336,1.2906058948452808,0.0,0.0,0.0,-1.206048489266914,0,0,0,0,0,0,0.1871711627459433,0.1288308018671683,0.7363106658268276,0.0,0.0,0.0
image_585.png,surface,0.0,0.0,1.0173283967049993,8.677813146091697,4.775308106587063,0.0,0.15032651694175833,2.4850549268982935,0.0,0.0,0.0,0.42570439203208377,0,0,0,0,0,0,-0.0024761150194954618,0.024630065752103292,0.11462008393549832,0.0,0.0,0.0
image_586.png,surface,0.0,0.0,1.7519592862654343,7.7306904770731535,-8.040649877086276,0.0,1.184029149321205,1.6831425233593502,0.0,0.0,0.0,0.5342596113175047,0,0,0,0,0,0,0.10121177213061817,0.13795007702619888,0.5191733784337278,0.0,0.0,0.0
image_587.png,surface,0.0,0.0,2.8245522416840556,1.0972019903167678,-12.663372741345668,0.0,1.1329263024856175,-0.5398276498859971,0.0,0.0,0.0,-2.4453380517141623,0,0,0,0,0,0,0.6048447401340016,-0.22121281894311015,2.1759728617141083,0.0,0.0,0.0
image_588.png,surface,0.0,0.0,2.2357153668556435,-18.388458594929862,15.967268195841656,0.0,-0.7042951322818258,1.4834362039619036,0.0,0.0,0.0,0.846824395812928,0,0,0,0,0,0,-0.22637657086961813,0.3331406345098155,1.1729968846934935,0.0,0.0,0.0
image_589.png,surface,0.0,0.0,1.350216800584248,11.662632106739357,-2.1440046572043445,0.0,-0.9516700051618442,2.084487214384809,0.0,0.0,0.0,1.0141786593576239,0,0,0,0,0,0,-0.067293409844514,0.06829309858185234,0.27127423099201287,0.0,0.0,0.0
image_590.png,surface,0.0,0.0,1.2596088683879758,12.56428652144205,18.915591526834877,0.0,-0.8568170560405782,0.6479406724395187,0.0,0.0,0.0,2.4763653990441794,0,0,0,0,0,0,-0.14710132110593616,0.06262049098767182,0.44630599914319286,0.0,0.0,0.0
image_591.png,surface,0.0,0.0,2.1532163925658976,-4.209189854076,-4.814453923182209,0.0,1.641873559431036,-1.3785377073465503,0.0,0.0,0.0,1.7845815612407616,0,0,0,0,0,0,0.20556168142792333,-0.19377004593132988,0.6860993428700067,0.0,0.0,0.0
image_592.png,surface,0.0,0.0,0.7220116412672186,-13.543092297901302,6.26480984163966,0.0,0.7499021006979171,-0.0397479737555899,0.0,0.0,0.0,2.223335347534084,0,0,0,0,0,0,0.03734413666157075,-0.024529387192472885,0.0988774072991206,0.0,0.0,0.0
image_593.png,surface,0.0,0.0,1.4135254561854538,-2.3785833131971046,-17.20927828066596,0.0,-1.8513206552451376,-1.6760357122347052,0.0,0.0,0.0,-1.6217736348740122,0,0,0,0,0,0,-0.13812977959399714,-0.18038608991045138,0.5314191711534295,0.0,0.0,0.0
image_594.png,surface,0.0,0.0,1.6966944590205362,2.614576989229112,-13.20979133499818,0.0,0.3192368461118556,-2.494986860340018,0.0,0.0,0.0,0.9856325456362836,0,0,0,0,0,0,0.08546325447742978,-0.23810951283359616,0.6013479174718406,0.0,0.0,0.0
image_595.png,surface,0.0,0.0,2.401293693047301,-3.7189556899828182,3.1987501815456123,0.0,0.6657205317611182,0.13545267605432507,0.0,0.0,0.0,1.9378826359688377,0,0,0,0,0,0,0.22292340247426784,0.01737177084374253,0.74253181435292,0.0,0.0,0.0
image_596.png,surface,0.0,0.0,1.31379328399266,12.687036523390143,5.866383903370341,0.0,0.715039200397562,-2.019476096602183,0.0,0.0,0.0,-2.5361167313776365,0,0,0,0,0,0,0.055781833933350546,-0.08338544391146076,0.2345993769386991,0.0,0.0,0.0
image_597.png,surface,0.0,0.0,2.4803795713956305,4.347840568521502,-18.535180352709762,0.0,0.3101504483824083,2.663604171439077,0.0,0.0,0.0,0.03990908384466163,0,0,0,0,0,0,0.38591782078277903,0.7300501248280878,2.270830862212453,0.0,0.0,0.0
image_598.png,surface,0.0,0.0,2.4567187265702564,1.8525469071656788,-19.290479572378917,0.0,-1.028748184434947,2.365188211910239,0.0,0.0,0.0,0.18528593460790077,0,0,0,0,0,0,-0.03244669466234805,0.7101000389963079,1.784683609658443,0.0,0.0,0.0
image_599.png,surface,0.0,0.0,0.5486580260471812,-4.638562128789555,16.581305286664257,0.0,0.7194421189569341,-2.349517494696681,0.0,0.0,0.0,0.3987255915682235,0,0,0,0,0,0,0.011508532131175968,-0.02298617364563673,0.054529952263878245,0.0,0.0,0.0
image_600.png,surface,0.0,0.0,0.9760328098257005,-6.28816082821202,-23.90716093610277,0.0,1.8614781302144179,0.31469329623207515,0.0,0.0,0.0,2.883718251845,0,0,0,0,0,0,0.22486533410602907,-0.01519145078674472,0.7620058403026849,0.0,0.0,0.0
image_601.png,surface,0.0,0.0,2.1334856966782354,5.654623855283772,-23.640511067083104,0.0,-1.2007741282095619,-1.1747464853369733,0.0,0.0,0.0,2.3266174729224094,0,0,0,0,0,0,-0.14032130118469993,-0.2780804741093957,1.5170447088173569,0.0,0.0,0.0
image_602.png,surface,0.0,0.0,1.7401051507607423,-6.219580545128371,-22.17495534624614,0.0,-0.7086640830953268,2.8385444926140058,0.0,0.0,0.0,0.05501430051371248,0,0,0,0,0,0,-0.06377784395942845,0.35698257591231114,1.0374044292730515,0.0,0.0,0.0
image_603.png,surface,0.0,0.0,0.5690908038854814,15.566826574439013,-3.8611078469629407,0.0,1.5065058455504419,-0.9284750927036611,0.0,0.0,0.0,-2.069739485082135,0,0,0,0,0,0,0.028699801498243582,-0.0210795734226343,0.10906660353909091,0.0,0.0,0.0
image_604.png,surface,0.0,0.0,1.3991222025460788,-1.561327038424327,-23.93322185865465,0.0,-0.3395206603969006,0.8655818345456001,0.0,0.0,0.0,2.431534973360197,0,0,0,0,0,0,0.05203646265924,0.22710566088648237,0.8979779063654229,0.0,0.0,0.0
image_605.png,surface,0.0,0.0,2.0644339993184033,10.184849023307033,-3.9379216950585585,0.0,0.7034775592932273,2.5752392245277766,0.0,0.0,0.0,-0.982064628482898,0,0,0,0,0,0,0.05937197242811979,0.27740561313937273,0.7494183980049177,0.0,0.0,0.0
image_606.png,surface,0.0,0.0,2.979215849401576,-16.694756546837887,9.964948633186292,0.0,-1.869432158478996,2.1648741821150956,0.0,0.0,0.0,1.8570602260268565,0,0,0,0,0,0,-0.6135529946770576,0.5019376783453009,1.910558032636118,0.0,0.0,0.0
image_607.png,surface,0.0,0.0,1.0171862379491836,0.00433756330607069,22.06150966957562,0.0,-1.6528486286048814,-0.7451429270481941,0.0,0.0,0.0,2.7536378681781013,0,0,0,0,0,0,-0.07758899565083599,-0.0374681552074853,0.27311869211281437,0.0,0.0,0.0
image_608.png,surface,0.0,0.0,0.8817975166251275,-3.3662391216925536,-14.847778433743485,0.0,-0.24804354753808686,-0.28525373172109086,0.0,0.0,0.0,-1.6112626547919104,0,0,0,0,0,0,-0.04734143202915846,-0.10457513450869096,0.22707862021368913,0.0,0.0,0.0
image_609.png,surface,0.0,0.0,1.4109211549480296,-6.674435918612672,-13.102704819023872,0.0,2.049328366494805,1.587403769214094,0.0,0.0,0.0,2.5667974005353233,0,0,0,0,0,0,0.16306746902820105,0.06649504243095149,0.4629686733361927,0.0,0.0,0.0
image_610.png,surface,0.0,0.0,1.8772815729693266,-16.4085169613126,-0.3227547607393494,0.0,0.18588413230891557,-2.424764286506477,0.0,0.0,0.0,-2.4184746494377554,0,0,0,0,0,0,0.06452509194625806,-0.29440770489697227,0.8022289373595746,0.0,0.0,0.0
image_611.png,surface,0.0,0.0,2.1612482950845235,1.5133218837745797,20.59079321755066,0.0,-1.2093381862128647,0.35529811851260407,0.0,0.0,0.0,-0.7852552849679819,0,0,0,0,0,0,-0.4666753914001727,0.06442326644605527,1.2332611906598134,0.0,0.0,0.0
image_612.png,surface,0.0,0.0,1.4020368925274873,5.433667288202087,-4.914091773239061,0.0,0.8851486768829341,1.473354611282813,0.0,0.0,0.0,1.307219144515006,0,0,0,0,0,0,0.04965622670933789,0.09182356569049138,0.24962749236604947,0.0,0.0,0.0
image_613.png,surface,0.0,0.0,1.0711040957330673,-3.5314059042778703,-14.612305866796007,0.0,-2.0772871217635935,-0.17763674332681523,0.0,0.0,0.0,2.1491367094797242,0,0,0,0,0,0,-0.13068773752556948,0.010129206960324011,0.25316010434317704,0.0,0.0,0.0
image_614.png,surface,0.0,0.0,0.5130610760201355,13.4440687563051,-18.603871708578602,0.0,-1.7797806984105087,-0.5286348461984945,0.0,0.0,0.0,-1.8389581249939313,0,0,0,0,0,0,-0.09265570658691673,-0.023610695335844624,0.2841720608149514,0.0,0.0,0.0
image_615.png,surface,0.0,0.0,0.9586174976095414,-21.81413228421951,-12.443953217342155,0.0,-1.0821131751703923,-1.6801982645346936,0.0,0.0,0.0,2.0856734492771993,0,0,0,0,0,0,-0.03166292131567309,-0.21156183514103086,0.6624094057869818,0.0,0.0,0.0
image_616.png,surface,0.0,0.0,0.750158911072079,-18.189514003426044,8.305695021463393,0.0,-2.1660222015458093,-1.8845945518237455,0.0,0.0,0.0,1.8480054470006504,0,0,0,0,0,0,-0.05307134785484983,-0.04745263673834055,0.21807961498750447,0.0,0.0,0.0
image_617.png,surface,0.0,0.0,1.1052746636315918,8.685620761824278,3.454143380038727,0.0,-2.4805973314228633,0.6619363511304953,0.0,0.0,0.0,-0.8708990931828069,0,0,0,0,0,0,-0.06192570383728599,0.013171587184157951,0.1349180882794232,0.0,0.0,0.0
image_618.png,surface,0.0,0.0,1.30643618154871,5.384341197224599,-11.180689323632178,0.0,-0.14699778130509764,1.919817019895998,0.0,0.0,0.0,-2.4740532591979543,0,0,0,0,0,0,-0.02486920438449487,0.1452996118792248,0.3164612954478621,0.0,0.0,0.0
image_619.png,surface,0.0,0.0,0.6968460035236641,-21.779134990081797,-2.144159803946595,0.0,-0.2649465701815982,2.2418893536376485,0.0,0.0,0.0,1.498213023212461,0,0,0,0,0,0,-0.013007593774816584,0.11600529723174012,0.2496721524416135,0.0,0.0,0.0
image_620.png,surface,0.0,0.0,1.514614897177784,-11.886128587940775,17.17527712512639,0.0,2.0276514860537245,2.136501515776778,0.0,0.0,0.0,0.11639943719230406,0,0,0,0,0,0,0.1406561169832792,0.11794021329963875,0.4351677762974832,0.0,0.0,0.0
image_621.png,surface,0.0,0.0,0.9190651993582672,-16.940001010834756,3.25218422228626,0.0,2.195845722853076,-2.0070592532403944,0.0,0.0,0.0,2.4385234178206403,0,0,0,0,0,0,0.06559041494173856,-0.04232746881215077,0.22159882894196292,0.0,0.0,0.0
image_622.png,surface,0.0,0.0,1.9534188792249023,19.468830501269178,12.3783735486436,0.0,1.3423399638771192,-1.805917444668879,0.0,0.0,0.0,2.5702851997026706,0,0,0,0,0,0,0.17041819769701613,-0.19032495146897413,0.7286514628675688,0.0,0.0,0.0
image_623.png,surface,0.0,0.0,1.4446935374346854,14.96003814880736,-4.809275491846159,0.0,-2.1333394333422078,-0.028719950096403265,0.0,0.0,0.0,0.8416825006910087,0,0,0,0,0,0,-0.173930719802115,0.021005637605405626,0.4154726829736752,0.0,0.0,0.0
image_624.png,surface,0.0,0.0,2.099130164318148,3.6270995608587455,7.7999801978910925,0.0,1.1046203156317098,2.58723832094702,0.0,0.0,0.0,0.7462872874047579,0,0,0,0,0,0,0.07888868970532179,0.20890486502828243,0.5482470876260167,0.0,0.0,0.0
image_625.png,surface,0.0,0.0,2.440385968350242,-4.477865908531336,-0.22702861973921754,0.0,-0.44874180595015084,-1.3556486111555026,0.0,0.0,0.0,-2.589809009994697,0,0,0,0,0,0,-0.08547999526735903,-0.33412539667120106,0.8606420831937593,0.0,0.0,0.0
image_626.png,surface,0.0,0.0,0.7117574870498551,-12.637865898348661,-6.823101060038332,0.0,1.9153152614324167,1.267300684195789,0.0,0.0,0.0,-2.569247352708831,0,0,0,0,0,0,0.057874432674472856,0.024549837524897773,0.14899047808970017,0.0,0.0,0.0
image_627.png,surface,0.0,0.0,1.4561966916819316,-14.144305003821286,-16.074043007928754,0.0,2.2391134796718326,-0.6009254837085803,0.0,0.0,0.0,-1.4680772419811314,0,0,0,0,0,0,0.2996266581488614,-0.15783409255322114,0.9874342707242774,0.0,0.0,0.0
image_628.png,surface,0.0,0.0,2.944437950397981,17.92608554569922,-8.114985665590817,0.0,2.814760897490528,0.5374132363896506,0.0,0.0,0.0,2.759926191880697,0,0,0,0,0,0,0.9589550600517212,0.4492544758136573,3.115116192730826,0.0,0.0,0.0
image_629.png,surface,0.0,0.0,0.5057739901408091,-10.221085328162866,-22.81038011038188,0.0,1.363009538090167,-2.1060392557573318,0.0,0.0,0.0,0.2751981786856428,0,0,0,0,0,0,0.0923224126783305,-0.15035241709068015,0.5055855504433231,0.0,0.0,0.0
image_630.png,surface,0.0,0.0,1.64727751692868,11.541434311846736,-20.471588922475558,0.0,-1.605333453751898,0.93251620574295,0.0,0.0,0.0,-0.9266432120587531,0,0,0,0,0,0,-0.30291394053491544,0.2672024703618201,1.0089380971084347,0.0,0.0,0.0
image_631.png,surface,0.0,0.0,1.672273889634048,-10.459242476126779,6.1257864623236085,0.0,-1.0660293473273201,-2.079100536292585,0.0,0.0,0.0,-1.0551884735030541,0,0,0,0,0,0,-0.0383090149174777,-0.1999523387336399,0.42887070564293245,0.0,0.0,0.0
image_632.png,surface,0.0,0.0,2.559303894010531,12.515119862726383,14.186314474233145,0.0,-0.9155487472216689,-1.8327317457855494,0.0,0.0,0.0,-0.7836852555196785,0,0,0,0,0,0,-0.30292002809488955,-0.36181986608205746,1.1794279355747366,0.0,0.0,0.0
image_633.png,surface,0.0,0.0,1.2255672670264321,22.010649898768467,2.5703675366068404,0.0,2.0315904548542094,-0.2886595396047391,0.0,0.0,0.0,-1.254593824362198,0,0,0,0,0,0,0.14170469918883077,-0.044385086874598946,0.3935669159094389,0.0,0.0,0.0
image_634.png,surface,0.0,0.0,2.4400766242407688,15.97092709365136,11.27687946937757,0.0,1.4868397209777635,2.095737752318536,0.0,0.0,0.0,-0.2588615035134003,0,0,0,0,0,0,0.26165854658993737,0.49411621274400697,1.3970118237234788,0.0,0.0,0.0
image_635.png,surface,0.0,0.0,0.5055005564084065,-14.036360862564772,1.8774471340025034,0.0,-2.0937019713763223,0.64132080191884,0.0,0.0,0.0,2.191517549448669,0,0,0,0,0,0,-0.02815192110056817,0.008735438150439397,0.055641988145426605,0.0,0.0,0.0
image_636.png,surface,0.0,0.0,1.7268750444119991,9.655608698576572,-2.5256832819577673,0.0,-0.4905642736772081,-2.7001903607642888,0.0,0.0,0.0,1.5516009340336279,0,0,0,0,0,0,0.009067420581532204,-0.14521623744703102,0.39343293568274623,0.0,0.0,0.0
image_637.png,surface,0.0,0.0,1.2983012207456694,-20.024406613459615,3.873851081400845,0.0,1.0739851776065439,1.6849642094331285,0.0,0.0,0.0,2.1841817781866792,0,0,0,0,0,0,0.10207011808697682,0.1231629135804704,0.4158478276084146,0.0,0.0,0.0
image_638.png,surface,0.0,0.0,2.5203888242271946,-18.57161552075775,-1.103989184334328,0.0,2.1813043746552605,-0.8554555026742979,0.0,0.0,0.0,-0.9374680410995664,0,0,0,0,0,0,0.5494083752291854,-0.433746831425573,1.8738474505223535,0.0,0.0,0.0
image_639.png,surface,0.0,0.0,1.507368196980845,-16.967355405940896,13.103187275219568,0.0,1.0714960755789862,1.2393276168119098,0.0,0.0,0.0,2.75482972068502,0,0,0,0,0,0,0.15334259196945788,0.09929422943557276,0.47612106558984685,0.0,0.0,0.0
image_640.png,surface,0.0,0.0,0.6746960490308895,12.93045385033953,12.210873614872586,0.0,2.193517258542278,-1.1185958493341739,0.0,0.0,0.0,-2.4245700695308936,0,0,0,0,0,0,0.041769792762795306,-0.03281334492706927,0.0866718086474271,0.0,0.0,0.0
image_641.png,surface,0.0,0.0,2.270967412410296,15.047888711554943,17.185238539460787,0.0,-1.4051567678426222,-0.09035376021149445,0.0,0.0,0.0,0.3607633277664446,0,0,0,0,0,0,-0.6102200555911976,0.15550590086176605,1.7451147827085713,0.0,0.0,0.0
image_642.png,surface,0.0,0.0,0.5330574688505678,6.819066388918544,-15.036237472265094,0.0,-2.3929741150773802,-0.11473983776016528,0.0,0.0,0.0,1.7166269047843148,0,0,0,0,0,0,-0.058379700152329565,0.001986828450207978,0.1315015924987626,0.0,0.0,0.0
image_643.png,surface,0.0,0.0,1.3360413489514986,-10.874710491936819,-3.48507959041281,0.0,0.8819921318740229,-0.4480820551575547,0.0,0.0,0.0,-1.9014048765901448,0,0,0,0,0,0,0.10793243834210645,-0.07305016052439316,0.3167158578785781,0.0,0.0,0.0
image_644.png,surface,0.0,0.0,1.7458249943870143,17.444241498270095,-4.159024008012139,0.0,2.8331722844522873,0.1859536774301104,0.0,0.0,0.0,0.5506692337158707,0,0,0,0,0,0,0.2660887683611425,-0.021892867412149353,0.7238281747066361,0.0,0.0,0.0
image_645.png,surface,0.0,0.0,2.354356027773947,-11.687465015138455,-15.083175678293124,0.0,-2.366181308940763,1.7466357144342806,0.0,0.0,0.0,0.23564397156266503,0,0,0,0,0,0,-0.3593851906353412,0.259566630854845,1.2188851123357007,0.0,0.0,0.0
image_646.png,surface,0.0,0.0,1.2826597823023849,3.718810324815061,5.952179337492697,0.0,1.6594795038066044,1.554107047824607,0.0,0.0,0.0,-2.443904403947399,0,0,0,0,0,0,0.07739267184166856,0.04365831352226634,0.1577617169305072,0.0,0.0,0.0
image_647.png,surface,0.0,0.0,0.7602436361804819,2.942136496621498,-12.08480021355149,0.0,0.44498423762914374,-2.3421580225892273,0.0,0.0,0.0,-0.9411224072698277,0,0,0,0,0,0,0.02944552759507988,-0.04077009734286662,0.13424818714596043,0.0,0.0,0.0
image_648.png,surface,0.0,0.0,2.563141341943692,0.19257750133340878,-19.09975779302164,0.0,0.9675877069746164,2.468298492280126,0.0,0.0,0.0,2.9758766228378235,0,0,0,0,0,0,0.5279345074202857,0.5790637474322347,2.263528939857707,0.0,0.0,0.0
image_649.png,surface,0.0,0.0,0.524556655398337,-11.08085238017876,-10.383813514768967,0.0,-1.0229983920798942,0.7957277902453184,0.0,0.0,0.0,-0.8927836878906197,0,0,0,0,0,0,-0.046104135464407614,0.032152641879494105,0.11006475622795071,0.0,0.0,0.0
image_650.png,surface,0.0,0.0,2.6828278311278173,-5.930370477806847,-18.667897909225356,0.0,2.3955420823467444,0.5194957912024597,0.0,0.0,0.0,1.6745415030676956,0,0,0,0,0,0,0.9940483214128412,-0.10386723838628907,3.0297216622445347,0.0,0.0,0.0
image_651.png,surface,0.0,0.0,0.7662438478700422,-2.756765598254268,16.012967587112648,0.0,-1.771733110838351,1.9554082021040433,0.0,0.0,0.0,-1.8188544433558305,0,0,0,0,0,0,-0.02805147636099432,0.027518281931503064,0.09151296083858546,0.0,0.0,0.0
image_652.png,surface,0.0,0.0,0.814252386371463,-11.128629403516157,11.51850374714351,0.0,0.6692350320234283,1.398418059073891,0.0,0.0,0.0,2.780345502730351,0,0,0,0,0,0,0.02803777935105212,0.0286981088021729,0.10463855704690135,0.0,0.0,0.0
image_653.png,surface,0.0,0.0,0.9155721608547408,1.6132031521131038,2.578857874498433,0.0,1.5584989700721101,-0.25532537270138345,0.0,0.0,0.0,-0.7904089890160249,0,0,0,0,0,0,0.025732116010833694,-0.012076707848176379,0.06708389950497264,0.0,0.0,0.0
image_654.png,surface,0.0,0.0,0.8708575236908587,0.42802257076391004,-23.583592218387626,0.0,-0.6695199708885384,1.088585715681648,0.0,0.0,0.0,-2.539786176750866,0,0,0,0,0,0,-0.10841335558006647,0.18896579091396234,0.48126590629484217,0.0,0.0,0.0
image_655.png,surface,0.0,0.0,2.48694762936533,-17.308642623125664,-9.067637151638193,0.0,0.25354709791401975,0.07307208655376235,0.0,0.0,0.0,-1.4752253123685213,0,0,0,0,0,0,0.25719332134888073,-0.3513477227779925,1.9715860258945868,0.0,0.0,0.0
image_656.png,surface,0.0,0.0,2.527453411156133,-14.310297733168005,-8.967021842167627,0.0,1.713319881714696,2.458604662426087,0.0,0.0,0.0,-0.5112850070101977,0,0,0,0,0,0,0.4296401984072906,0.3159623552728626,1.4450035409247592,0.0,0.0,0.0
image_657.png,surface,0.0,0.0,0.923669966417724,9.561667483115372,13.815209606556282,0.0,2.7178222909289524,0.241798061335331,0.0,0.0,0.0,-0.7837279796921255,0,0,0,0,0,0,0.0379376737590527,-0.019501751620925163,0.14345262871974027,0.0,0.0,0.0
image_658.png,surface,0.0,0.0,0.781294051666558,18.727031989119865,12.22717193217404,0.0,-0.5584293195271505,-0.2905660377508579,0.0,0.0,0.0,2.808287981659153,0,0,0,0,0,0,-0.07767574338046797,-0.024110941929008645,0.23533626818550804,0.0,0.0,0.0
image_659.png,surface,0.0,0.0,1.9312015752136928,-12.782066796250055,9.983542150803856,0.0,-2.564541373627651,1.0236007972840715,0.0,0.0,0.0,1.4986590114924798,0,0,0,0,0,0,-0.2576681510268667,0.10123386481095395,0.6429711078976673,0.0,0.0,0.0
image_660.png,surface,0.0,0.0,2.249267393391671,15.410652387252581,15.056872667330484,0.0,-0.6426850510568142,0.2688438790390675,0.0,0.0,0.0,-0.8369882986164381,0,0,0,0,0,0,-0.3723943063001514,0.24179843818255728,1.4950942816775554,0.0,0.0,0.0
image_661.png,surface,0.0,0.0,1.8975996437606073,17.311980784493908,-14.997061724994005,0.0,0.6197598935046146,2.6713505653431273,0.0,0.0,0.0,-2.7214032487145747,0,0,0,0,0,0,0.21757243725696862,0.6012916856756539,1.7856214712452922,0.0,0.0,0.0
image_662.png,surface,0.0,0.0,0.5692246662026761,20.06655232626862,6.814682500144185,0.0,-1.0081638623476756,0.7887317383651448,0.0,0.0,0.0,-1.184245447405593,0,0,0,0,0,0,-0.04839610179468411,0.021376889794043032,0.17122672971311112,0.0,0.0,0.0
image_663.png,surface,0.0,0.0,2.415220631253004,-1.2188567141058666,-19.0129252058259,0.0,-2.2097333548597624,-0.6571519067015491,0.0,0.0,0.0,1.2594190982734954,0,0,0,0,0,0,-0.43555578481219487,-0.22760748058214045,1.3246625013094893,0.0,0.0,0.0
image_664.png,surface,0.0,0.0,2.285475539836478,-8.872306360624954,9.160974545654568,0.0,0.4200861068946848,1.4380633967286,0.0,0.0,0.0,-1.3475289983865189,0,0,0,0,0,0,0.07102356221868883,0.29953916523313867,0.6759034476187022,0.0,0.0,0.0
image_665.png,surface,0.0,0.0,2.2931489379998,-0.5298129340602391,-22.327389990953293,0.0,-1.740926424473686,1.7798983086042708,0.0,0.0,0.0,0.11354440853307946,0,0,0,0,0,0,-0.323632950907017,0.547283930843872,1.5367219381109387,0.0,0.0,0.0
image_666.png,surface,0.0,0.0,1.0180330724347648,-13.853379953089815,-12.80360254234847,0.0,-0.3186890702819871,0.16213895380895196,0.0,0.0,0.0,1.6319881811890706,0,0,0,0,0,0,-0.03563048852884106,0.01241649798692925,0.35886603719606214,0.0,0.0,0.0
image_667.png,surface,0.0,0.0,0.6757067692216601,7.788190071851863,13.128399848621697,0.0,-1.6160158535403457,-0.15758292608773036,0.0,0.0,0.0,0.6946561393759723,0,0,0,0,0,0,-0.0371006342626041,0.005762274436351411,0.0797182348820824,0.0,0.0,0.0
image_668.png,surface,0.0,0.0,2.9932110575760413,2.015008031603666,6.7560159304979175,0.0,-2.3094304516051185,0.9858823655299619,0.0,0.0,0.0,2.5139012793436954,0,0,0,0,0,0,-0.7371989472025009,0.2702794588405269,1.7636889081357183,0.0,0.0,0.0
image_669.png,surface,0.0,0.0,1.6944930814626986,-1.4734585459812595,-2.381679737010078,0.0,-1.4059248570288225,-0.6161750586185408,0.0,0.0,0.0,2.5988198124450133,0,0,0,0,0,0,-0.1680349179671275,-0.06922752146342283,0.32088264292871743,0.0,0.0,0.0
image_670.png,surface,0.0,0.0,2.31560685615148,-5.060807523496187,-22.3317373238964,0.0,1.7997456483356267,-1.7493277585911684,0.0,0.0,0.0,-2.270338035449122,0,0,0,0,0,0,0.7673384566346367,-0.544433469124334,2.771778463808433,0.0,0.0,0.0
image_671.png,surface,0.0,0.0,0.7410434460301538,-0.6426643162502742,10.512024237059382,0.0,0.17710086005360184,-1.1544665933825284,0.0,0.0,0.0,-2.165531420531981,0,0,0,0,0,0,-0.0016010282732079606,-0.015380223086051914,0.048983170878805694,0.0,0.0,0.0
image_672.png,surface,0.0,0.0,1.7623306597312276,-15.312270119529575,-6.127257956299486,0.0,-1.2504283020262348,-0.3532693813222638,0.0,0.0,0.0,2.7489249158100417,0,0,0,0,0,0,-0.20611260560558625,-0.16196191349807137,0.6885913750864888,0.0,0.0,0.0
image_673.png,surface,0.0,0.0,1.7602416462750579,11.021017319099716,-13.684030731468074,0.0,2.0510730434232394,-1.100534381120389,0.0,0.0,0.0,-0.6590439218531614,0,0,0,0,0,0,0.22251249217601107,-0.12214039695922334,0.8114467769560235,0.0,0.0,0.0
image_674.png,surface,0.0,0.0,0.8071450335380479,-13.937169766806841,-15.693938316870847,0.0,0.32963887278152737,1.5456699338330857,0.0,0.0,0.0,-0.5722600619688851,0,0,0,0,0,0,0.013678747261969049,0.10817753922046941,0.3548064363272772,0.0,0.0,0.0
image_675.png,surface,0.0,0.0,1.3790191118316346,-12.640516074133474,-11.113027992170421,0.0,2.554399693360629,-0.3220745633735924,0.0,0.0,0.0,1.8185943943052152,0,0,0,0,0,0,0.16233696183130022,-0.056579777409842276,0.539239150384719,0.0,0.0,0.0
image_676.png,surface,0.0,0.0,2.7286583463992686,-8.64685521726541,-18.073665427903343,0.0,-0.8949553681360015,-0.1821764811099087,0.0,0.0,0.0,2.1430391796056067,0,0,0,0,0,0,0.19662514338583575,-0.3139708075151722,2.4443397217868936,0.0,0.0,0.0
image_677.png,surface,0.0,0.0,2.2255373155091016,-6.568405072171457,6.669670788521749,0.0,1.3404242114658989,2.1116358339170427,0.0,0.0,0.0,-2.0678765879534406,0,0,0,0,0,0,0.11759339602112075,0.22200094329271744,0.6007003463761598,0.0,0.0,0.0
image_678.png,surface,0.0,0.0,2.3291769996738902,5.73001459847366,-17.803698589951086,0.0,-1.1604975944115752,-0.47836009316852107,0.0,0.0,0.0,-2.8573941001276086,0,0,0,0,0,0,-0.12607641084513246,-0.15378492673308233,1.3223178473423687,0.0,0.0,0.0
image_679.png,surface,0.0,0.0,2.695721979081326,-0.5728277910902841,12.847599203066551,0.0,0.6852935635589925,-0.1066492670949758,0.0,0.0,0.0,-2.50956491533472,0,0,0,0,0,0,0.12654210918315648,-0.018754527936167602,1.0377170498020003,0.0,0.0,0.0
image_680.png,surface,0.0,0.0,1.2757139973130425,-22.60721252133829,8.147474985969833,0.0,-1.2231184824399506,-1.61331503689834,0.0,0.0,0.0,2.0766787012536367,0,0,0,0,0,0,-0.044716171790295876,-0.16337770574287522,0.6039828619301278,0.0,0.0,0.0
image_681.png,surface,0.0,0.0,2.474861756669939,-20.457737241019455,8.611837959265033,0.0,-2.2324950141050035,-1.8025687857244401,0.0,0.0,0.0,0.9220463128518439,0,0,0,0,0,0,-0.4756073637722793,-0.7430030507655482,2.1745660693338356,0.0,0.0,0.0
image_682.png,surface,0.0,0.0,0.7413468063431283,20.677976696599586,-4.660772158134754,0.0,1.7219902346360254,0.29103729946800727,0.0,0.0,0.0,0.5725362624088586,0,0,0,0,0,0,0.06746233963379705,0.007602804354596354,0.2659730800225439,0.0,0.0,0.0
image_683.png,surface,0.0,0.0,1.9438718296333,-0.05634246408428675,-5.812846746530768,0.0,-2.374199930246559,0.5050259180913125,0.0,0.0,0.0,-2.843207471988216,0,0,0,0,0,0,-0.24715797873145487,0.05311265951256719,0.47542883441860273,0.0,0.0,0.0
image_684.png,surface,0.0,0.0,1.8353701908566409,-16.48538422519425,12.005832252260058,0.0,-2.5764680030432414,-0.19989752224659524,0.0,0.0,0.0,2.1593635720962734,0,0,0,0,0,0,-0.34458937611811125,-0.03655260955584554,0.8457166859402065,0.0,0.0,0.0
image_685.png,surface,0.0,0.0,1.5779805003009877,-7.449632754380862,14.541672195087987,0.0,2.1162625088236933,1.4530387916015803,0.0,0.0,0.0,-1.1343626466117358,0,0,0,0,0,0,0.1369472710690136,0.04573480881464519,0.35480197031972077,0.0,0.0,0.0
image_686.png,surface,0.0,0.0,1.0229228885588963,3.557859194708361,0.3087843162724182,0.0,1.7191423333866191,1.1974809387913066,0.0,0.0,0.0,0.5955614365171753,0,0,0,0,0,0,0.042354198520316085,0.006769060032656334,0.08799821289168346,0.0,0.0,0.0
image_687.png,surface,0.0,0.0,1.5688162858743586,19.488534415153044,-7.779366031548423,0.0,2.7490756122324354,0.9142082713636186,0.0,0.0,0.0,2.044471711846808,0,0,0,0,0,0,0.2432406338880737,0.03586201756088006,0.77545745506262,0.0,0.0,0.0
image_688.png,surface,0.0,0.0,2.610707848614094,12.493523415875222,15.985320012388904,0.0,0.021786312113804458,-2.091672544989599,0.0,0.0,0.0,-1.4217723499864998,0,0,0,0,0,0,-0.02039028213349623,-0.45946705720617537,1.158419836029342,0.0,0.0,0.0
image_689.png,surface,0.0,0.0,2.326758435221546,1.9441400384450018,10.304235479241592,0.0,-1.2464768063599516,-2.6951047354718134,0.0,0.0,0.0,-1.7475921141802648,0,0,0,0,0,0,-0.0705122071808586,-0.2742153612810814,0.7415805547434028,0.0,0.0,0.0
image_690.png,surface,0.0,0.0,1.601508082107288,9.35003280786985,-22.371900663039735,0.0,-1.00547695541604,0.6084506239168386,0.0,0.0,0.0,-1.541162945673369,0,0,0,0,0,0,-0.07652976021532958,0.16178257981372945,1.0869815791568598,0.0,0.0,0.0
image_691.png,surface,0.0,0.0,2.9189717023925574,-5.618589195449476,10.055400363253487,0.0,-2.7080906432752507,0.27417810815984284,0.0,0.0,0.0,1.4945535854166332,0,0,0,0,0,0,-0.8495159506160063,-0.07734944964111401,1.957850819654818,0.0,0.0,0.0
image_692.png,surface,0.0,0.0,2.4632297892633455,2.0171637959400788,-20.095789888295336,0.0,-2.230427763410486,0.3492833798040638,0.0,0.0,0.0,0.34715733623163203,0,0,0,0,0,0,-0.5278918945004671,0.06262992960263715,1.4718397803312817,0.0,0.0,0.0
image_693.png,surface,0.0,0.0,0.6106515445399658,19.291259996837905,3.065502158883478,0.0,1.980762992692093,-1.4146695651869494,0.0,0.0,0.0,-2.9117247101091253,0,0,0,0,0,0,0.043133406197010345,-0.050255905383052024,0.13746371258658208,0.0,0.0,0.0
image_694.png,surface,0.0,0.0,2.3768413089374487,-4.182908497837156,-9.256468680296473,0.0,0.4400815010628907,1.1770658652142418,0.0,0.0,0.0,-2.4195517385257324,0,0,0,0,0,0,0.2284022064510243,0.2607590425454684,1.004123740962615,0.0,0.0,0.0
image_695.png,surface,0.0,0.0,2.2963444491679192,-14.496135604729782,13.398921844691964,0.0,-0.8576976093847647,1.6781068973969853,0.0,0.0,0.0,2.9548501849339646,0,0,0,0,0,0,-0.22365086589118172,0.40728095506270756,0.9899798950314358,0.0,0.0,0.0
image_696.png,surface,0.0,0.0,0.6230516379422077,20.73441022868213,-9.884497704044731,0.0,1.3737335839973819,-1.341551661825074,0.0,0.0,0.0,-1.2355622962254666,0,0,0,0,0,0,0.07420887797517546,-0.05804276272947287,0.317734107601442,0.0,0.0,0.0
image_697.png,surface,0.0,0.0,2.8163931640730597,-8.381411373998876,21.622551394687022,0.0,-1.8728947307083752,0.29796724714671086,0.0,0.0,0.0,1.3422845042305447,0,0,0,0,0,0,-1.0488896273301824,-0.25124177245539847,3.0550528571045428,0.0,0.0,0.0
image_698.png,surface,0.0,0.0,1.6675971581685454,1.959388691257432,-20.77784413797389,0.0,-0.2482594360882273,-2.509706706006942,0.0,0.0,0.0,-1.5039835183695272,0,0,0,0,0,0,0.08881445624321269,-0.3180766050251032,0.97222751499467,0.0,0.0,0.0
image_699.png,surface,0.0,0.0,1.0978187448814223,-23.577829404688813,-3.1138997027771995,0.0,-0.3948854779709655,-0.7564422482262976,0.0,0.0,0.0,2.5401035752377688,0,0,0,0,0,0,0.0027744054582296562,-0.1855364274765487,0.6207973803800467,0.0,0.0,0.0
image_700.png,surface,0.0,0.0,1.620564477493252,5.083718268940352,-16.688347925889563,0.0,2.383735972211245,0.06993395453217824,0.0,0.0,0.0,-1.5724171770465971,0,0,0,0,0,0,0.24976954196037557,-0.06448147123834172,0.8142313326674514,0.0,0.0,0.0
image_701.png,surface,0.0,0.0,2.5844511669750263,8.000631008530837,6.296995080730988,0.0,1.428502407125514,-1.6467469675949828,0.0,0.0,0.0,1.5939738318474346,0,0,0,0,0,0,0.22741145606522753,-0.22790637005604356,0.8854083280978814,0.0,0.0,0.0
image_702.png,surface,0.0,0.0,1.1262645489316019,7.695814703085885,-10.759036678273235,0.0,-0.7573683795346697,-1.1497196819030333,0.0,0.0,0.0,2.8848282036748465,0,0,0,0,0,0,-0.05202124375930469,-0.08884096336143815,0.22593532227924573,0.0,0.0,0.0
image_703.png,surface,0.0,0.0,2.7852319828931584,-10.071918857176485,-0.5057315567835055,0.0,1.2383390904412206,0.12538407394716342,0.0,0.0,0.0,-2.564803504768099,0,0,0,0,0,0,0.42331217981413627,-0.10507066179437226,1.4191274931428666,0.0,0.0,0.0
image_704.png,surface,0.0,0.0,0.6618495218695899,12.84799079510484,3.382437894098343,0.0,0.6328006853436094,0.7823088302717712,0.0,0.0,0.0,-1.2774011057070105,0,0,0,0,0,0,0.014226627659644664,0.012737410895751452,0.06315381285532365,0.0,0.0,0.0
image_705.png,surface,0.0,0.0,0.723392710449932,16.004249140336327,13.619608114100766,0.0,-0.6401746954842296,-1.3140170216091815,0.0,0.0,0.0,2.7610265208858733,0,0,0,0,0,0,-0.023531463080170067,-0.04516377260924102,0.1664034415521786,0.0,0.0,0.0
image_706.png,surface,0.0,0.0,1.9983101461118769,-16.681200510415994,15.191116678518672,0.0,-1.3799853577551464,-0.0880478662528145,0.0,0.0,0.0,0.5939164293558541,0,0,0,0,0,0,-0.36177151414521785,-0.19604475213798134,1.1727289242401082,0.0,0.0,0.0
image_707.png,surface,0.0,0.0,1.7744923876025567,-13.35589156820293,9.386207872090294,0.0,-0.16960146771581577,1.564017500419581,0.0,0.0,0.0,-0.6340202625983586,0,0,0,0,0,0,-0.060440339203587476,0.1903815831587661,0.4797162016727649,0.0,0.0,0.0
image_708.png,surface,0.0,0.0,2.1787626988811395,-4.252933274268098,-14.16305151765056,0.0,0.04404223139130059,-0.5777517577977587,0.0,0.0,0.0,1.9412924083458414,0,0,0,0,0,0,0.1587300825466019,-0.2081670799584904,1.1361344583228097,0.0,0.0,0.0
image_709.png,surface,0.0,0.0,0.6086148208839948,-11.547202071295173,-2.245426102884193,0.0,0.3839401337236669,-2.3834194915416043,0.0,0.0,0.0,1.3867256559055177,0,0,0,0,0,0,0.007241152589279961,-0.005233711998291385,0.08460851315636138,0.0,0.0,0.0
image_710.png,surface,0.0,0.0,1.1506059222660632,8.779692757428998,-13.402613461632281,0.0,-2.6537816586249336,1.3939352563255296,0.0,0.0,0.0,-2.7417791325520113,0,0,0,0,0,0,-0.13600674305300406,0.04535726421603085,0.3149875129542438,0.0,0.0,0.0
image_711.png,surface,0.0,0.0,2.2578617034474213,-17.66698751472314,14.36620511286332,0.0,0.25671794890513233,-2.0992333092471496,0.0,0.0,0.0,0.14359386512839123,0,0,0,0,0,0,0.04851480921418028,-0.5550220220129716,1.5662288500362012,0.0,0.0,0.0
image_712.png,surface,0.0,0.0,1.3610039208148308,15.164933399077647,13.466408019120031,0.0,1.9465343689481402,0.23131902353449385,0.0,0.0,0.0,-1.5961869588510254,0,0,0,0,0,0,0.11663308343519471,0.0039689375929332915,0.35973690866956415,0.0,0.0,0.0
image_713.png,surface,0.0,0.0,1.2616366825453766,-12.164172367369357,17.671733770118777,0.0,0.6424964136073649,-1.473076772888639,0.0,0.0,0.0,2.181416781629883,0,0,0,0,0,0,0.068649413828761,-0.10645184578430308,0.3823125768672627,0.0,0.0,0.0
image_714.png,surface,0.0,0.0,2.5494424072706154,10.439022652152495,12.628192873742615,0.0,-1.8452091987462156,0.6076576834712106,0.0,0.0,0.0,0.42789553032787175,0,0,0,0,0,0,-0.6092627867852582,0.23294973665253352,1.7112624454309118,0.0,0.0,0.0
image_715.png,surface,0.0,0.0,2.490157654599226,9.390681770411977,-15.407511291419551,0.0,1.948510983347845,0.5308012632269045,0.0,0.0,0.0,-2.7247297266706014,0,0,0,0,0,0,0.6787309774305458,0.16300959975922605,2.1766427628475715,0.0,0.0,0.0
image_716.png,surface,0.0,0.0,2.3624773464894306,10.460784302928529,14.146747920090831,0.0,-0.5602320119141734,1.0917411276464124,0.0,0.0,0.0,-1.0604122603259916,0,0,0,0,0,0,-0.24415072410421298,0.3765582633504649,1.2386471957728558,0.0,0.0,0.0
image_717.png,surface,0.0,0.0,2.069063540018731,20.35034590078006,-6.512819733369058,0.0,-1.6062802791610375,-2.35028558220493,0.0,0.0,0.0,-2.10406299613191,0,0,0,0,0,0,-0.14401949386901067,-0.26545632659322876,0.9703450928096398,0.0,0.0,0.0
image_718.png,surface,0.0,0.0,2.8860128597097865,-7.846367228750894,-21.817840911614596,0.0,1.6615427834024257,-0.1782979280223287,0.0,0.0,0.0,-2.075513978659914,0,0,0,0,0,0,1.2717110631748814,-0.5746700721658597,4.642615825237756,0.0,0.0,0.0
image_719.png,surface,0.0,0.0,0.5526424894732744,-22.811156851341824,9.30350092150146,0.0,0.5446380172906146,-0.23677967727030944,0.0,0.0,0.0,-1.7459405754646065,0,0,0,0,0,0,0.030800009689333607,-0.047235548594137276,0.22467144214077936,0.0,0.0,0.0
image_720.png,surface,0.0,0.0,0.8816077490336117,1.118255832067064,-10.891483139955124,0.0,0.33270451656254907,-0.7988093318694488,0.0,0.0,0.0,-0.8374214342609179,0,0,0,0,0,0,0.018655327540856304,-0.05414146854379134,0.15940967371882586,0.0,0.0,0.0
image_721.png,surface,0.0,0.0,1.649720696365148,13.675694257512124,19.345738137155006,0.0,1.4651044279087804,1.559271936180477,0.0,0.0,0.0,1.1458985246697964,0,0,0,0,0,0,0.13320798735487707,0.18134882863691798,0.6186313667151828,0.0,0.0,0.0
image_722.png,surface,0.0,0.0,1.2017246086407323,-6.929398536592601,2.002348256083867,0.0,1.7997764483791616,-0.947658793931315,0.0,0.0,0.0,-0.8436741618524368,0,0,0,0,0,0,0.054888484507140546,-0.04903203164254385,0.16772984579643496,0.0,0.0,0.0
image_723.png,surface,0.0,0.0,1.233398358534409,23.67555445874873,-4.568561613008437,0.0,2.210551024111925,-1.1142207403061368,0.0,0.0,0.0,-1.6360221382912485,0,0,0,0,0,0,0.14880431600871122,-0.08263035471423215,0.548063981316204,0.0,0.0,0.0
image_724.png,surface,0.0,0.0,2.9507406649216885,17.08303082330755,3.1245790564302416,0.0,0.6727074925612121,1.7351911431889702,0.0,0.0,0.0,-0.742932616217197,0,0,0,0,0,0,0.2271116437364994,0.8941467384108247,2.7828362985181285,0.0,0.0,0.0
image_725.png,surface,0.0,0.0,0.6105512120651024,6.885800206232458,-18.408647318914348,0.0,-2.3348945709290754,-0.866077011093815,0.0,0.0,0.0,2.0240311764669388,0,0,0,0,0,0,-0.09886197398058731,-0.02269514968420483,0.21789874168146942,0.0,0.0,0.0
image_726.png,surface,0.0,0.0,0.5647446813483852,3.19041991055123,-11.399025594069105,0.0,2.729041440889111,0.838564845762855,0.0,0.0,0.0,-1.8554172309981332,0,0,0,0,0,0,0.006601958791991658,-0.009234111641109207,0.0783159085093667,0.0,0.0,0.0
image_727.png,surface,0.0,0.0,2.8378621385980956,5.005985489718084,-0.19665923399342825,0.0,1.7096723718928226,1.3678072246259694,0.0,0.0,0.0,1.1437607127844602,0,0,0,0,0,0,0.3770147643205491,0.30188623415452465,1.2413602953633796,0.0,0.0,0.0
image_728.png,surface,0.0,0.0,0.9002251024752063,-2.9495290413606337,-13.15091652492834,0.0,-0.19738756269275104,0.1601159687385368,0.0,0.0,0.0,-0.26223896689428106,0,0,0,0,0,0,-0.0498114594886796,0.029783549523189148,0.20050140924543855,0.0,0.0,0.0
image_729.png,surface,0.0,0.0,0.6074432057446404,-2.6084711480013083,-18.164047263342766,0.0,0.16133536360266162,1.0753719462101088,0.0,0.0,0.0,-0.9503349774997472,0,0,0,0,0,0,-0.010322979826205846,0.07801487199617173,0.21068390647407428,0.0,0.0,0.0
image_730.png,surface,0.0,0.0,1.646363197837772,15.469220486601257,-10.899222843828724,0.0,-0.24262749482441634,1.41739583731493,0.0,0.0,0.0,1.7120754220671195,0,0,0,0,0,0,-0.04627763092367156,0.3378127489176677,0.8353667134282043,0.0,0.0,0.0
image_731.png,surface,0.0,0.0,2.7047264258895667,15.121366681170667,-5.951019082205226,0.0,-1.0903425221252194,0.1602006328147291,0.0,0.0,0.0,1.7780243993863882,0,0,0,0,0,0,-0.22280773883475877,0.2280416568705472,1.8211262313188235,0.0,0.0,0.0
image_732.png,surface,0.0,0.0,1.2651618436743843,0.16355721383355848,-11.454155828890675,0.0,2.87797296125351,0.22926879509114614,0.0,0.0,0.0,-2.1108035011982755,0,0,0,0,0,0,0.10430729637748565,-0.016163628128176653,0.29649824167066874,0.0,0.0,0.0
image_733.png,surface,0.0,0.0,2.8306286262742826,5.43272285378808,18.16868492209347,0.0,0.3180661160680564,-1.8662914127337635,0.0,0.0,0.0,1.859994248580798,0,0,0,0,0,0,-0.04526405218797155,-0.4479047538736112,1.407582863609523,0.0,0.0,0.0
image_734.png,surface,0.0,0.0,2.663190383139556,-6.212520540230054,-6.313543219331761,0.0,-2.5296836015983106,-1.2131182111833776,0.0,0.0,0.0,0.3790654790309693,0,0,0,0,0,0,-0.3906158951928482,-0.257150345423713,1.2449844604954141,0.0,0.0,0.0
image_735.png,surface,0.0,0.0,1.2010447070266015,-5.21170944189986,-20.674385960894096,0.0,1.754406817626502,1.7034180633627038,0.0,0.0,0.0,-0.364201889150662,0,0,0,0,0,0,0.17964085105788996,0.08543205025644938,0.6788175175492658,0.0,0.0,0.0
image_736.png,surface,0.0,0.0,1.5885979807264117,6.155980820486401,23.03618154250619,0.0,0.13360519440418744,-0.9222338740442816,0.0,0.0,0.0,-2.747721732504086,0,0,0,0,0,0,0.015413701854608663,-0.15620435836920252,0.5254704490882793,0.0,0.0,0.0
image_737.png,surface,0.0,0.0,2.809345167344551,-3.969600025786341,-6.264076356977411,0.0,0.15565029549351642,-2.258695668197184,0.0,0.0,0.0,2.0679822841477264,0,0,0,0,0,0,0.16566990091716063,-0.5620270474197625,1.582556573662469,0.0,0.0,0.0
image_738.png,surface,0.0,0.0,0.8082169473641669,8.278871852557124,-17.001413430166235,0.0,-2.7592390497752413,1.1253201592805118,0.0,0.0,0.0,1.8405965699133695,0,0,0,0,0,0,-0.11210546070440304,0.04469656116845575,0.25775116011117594,0.0,0.0,0.0
image_739.png,surface,0.0,0.0,0.6547333412255485,-13.612516141604548,-4.785746970265876,0.0,0.9607630946505897,2.1739241376980702,0.0,0.0,0.0,1.8269987098232354,0,0,0,0,0,0,0.01660990738953385,0.050973240120419254,0.11549095540900008,0.0,0.0,0.0
image_740.png,surface,0.0,0.0,0.9717990038808137,17.109269699237608,1.3756583994858285,0.0,1.0649966109697733,2.6606805376530462,0.0,0.0,0.0,-0.9031886380324003,0,0,0,0,0,0,0.011943792669329456,0.07203393631312283,0.23334666181912336,0.0,0.0,0.0
image_741.png,surface,0.0,0.0,1.0640531833837326,20.48696337880062,0.9640670546106042,0.0,0.0073861268312680264,2.7682022421127117,0.0,0.0,0.0,0.12810723675488678,0,0,0,0,0,0,-0.02722356820450664,0.11520301495968474,0.3826274303999903,0.0,0.0,0.0
image_742.png,surface,0.0,0.0,0.9484725325949321,-20.540300572018094,-11.005117771830076,0.0,-2.5521098330444265,1.343076096223051,0.0,0.0,0.0,0.7253479004740289,0,0,0,0,0,0,-0.16858279836480305,0.07836882005737267,0.4498028830598693,0.0,0.0,0.0
image_743.png,surface,0.0,0.0,0.5792801674979846,21.895437757633147,11.512631989027394,0.0,0.5112608553930464,-2.7443109084171904,0.0,0.0,0.0,1.3311296080349333,0,0,0,0,0,0,0.002508074709359583,-0.0513413461040683,0.19592598450388732,0.0,0.0,0.0
image_744.png,surface,0.0,0.0,2.2941473164602075,-3.796091553106864,-0.268892974267805,0.0,1.907982033325718,0.48732551070943547,0.0,0.0,0.0,-2.3634489052170036,0,0,0,0,0,0,0.25462741481976636,0.01218053261279528,0.6635370726949774,0.0,0.0,0.0
image_745.png,surface,0.0,0.0,0.9048798656790698,-7.605838565893104,17.071574679949606,0.0,2.905449993483433,-0.2675611079329254,0.0,0.0,0.0,-1.9181685868771656,0,0,0,0,0,0,0.05227996505820691,-0.00333025798027739,0.1607740390273121,0.0,0.0,0.0
image_746.png,surface,0.0,0.0,1.6384723985298448,10.40922666569615,8.10985988184368,0.0,-0.2144509992339733,2.1986224840553215,0.0,0.0,0.0,2.9288363385505267,0,0,0,0,0,0,-0.05097113966375977,0.16733563161834875,0.39607234614859016,0.0,0.0,0.0
image_747.png,surface,0.0,0.0,0.8009708959234334,15.715902625527667,-13.158472210460594,0.0,0.04741950471091162,-1.411884098434246,0.0,0.0,0.0,1.6100129629172732,0,0,0,0,0,0,0.00923178470083487,-0.09485808040185426,0.2842122548829593,0.0,0.0,0.0
image_748.png,surface,0.0,0.0,1.413795277192953,-7.741056246253691,-17.62174855203366,0.0,-1.3371412998469816,2.0259036798914014,0.0,0.0,0.0,0.02958108739575316,0,0,0,0,0,0,-0.11744729458174066,0.17818217331604014,0.5588985156480767,0.0,0.0,0.0
image_749.png,surface,0.0,0.0,1.4936690630386593,-0.9289256387801723,-7.978370002260807,0.0,-0.44177632678957873,-0.609747485101921,0.0,0.0,0.0,0.6884016782054783,0,0,0,0,0,0,-0.09000761799815113,-0.12869079574518227,0.3255719508629575,0.0,0.0,0.0
image_750.png,surface,0.0,0.0,2.7824649394543575,-6.2853011754634815,4.096390343234729,0.0,0.10112638157148011,0.7319902803555132,0.0,0.0,0.0,-1.8265485680994036,0,0,0,0,0,0,0.015806349472942915,0.12412250610194862,1.170719220839719,0.0,0.0,0.0
image_751.png,surface,0.0,0.0,2.2632918888674487,10.828591379750433,1.6952082110170548,0.0,-1.6004954561315108,0.8027413247170648,0.0,0.0,0.0,-0.5866962013426322,0,0,0,0,0,0,-0.3914864162691547,0.24243554469271905,0.9317833505637381,0.0,0.0,0.0
image_752.png,surface,0.0,0.0,2.765355433949281,-13.029780107891716,-1.391718735705919,0.0,1.5955152560607415,-1.92629041427935,0.0,0.0,0.0,2.1620082742286924,0,0,0,0,0,0,0.3934603075907805,-0.5052915328629911,1.7845228333864125,0.0,0.0,0.0
image_753.png,surface,0.0,0.0,1.7227408288424995,-0.15419285431804447,4.990600153599579,0.0,0.8681881188067736,0.8634168578996452,0.0,0.0,0.0,-0.3568437447904804,0,0,0,0,0,0,0.09650000071060742,0.08002057767631036,0.30352103855313783,0.0,0.0,0.0
image_754.png,surface,0.0,0.0,0.9233541234859985,-7.220023012957193,-16.56704130718772,0.0,-2.3213665694549963,0.9683702757938165,0.0,0.0,0.0,-2.647702250940023,0,0,0,0,0,0,-0.14527505311368413,0.0362490007744598,0.2754633460799345,0.0,0.0,0.0
image_755.png,surface,0.0,0.0,1.5240831093325835,7.171251398448649,-2.203059892013105,0.0,-0.1561729888981804,-2.656181282805327,0.0,0.0,0.0,-2.5423822072357662,0,0,0,0,0,0,0.015451749104447207,-0.10339530763802116,0.2653009458853023,0.0,0.0,0.0
image_756.png,surface,0.0,0.0,1.9841962200078054,19.060032273371352,11.044640084864701,0.0,-0.4656553340769893,-0.9503149044100332,0.0,0.0,0.0,-0.26116825149105694,0,0,0,0,0,0,-0.19120112744884699,-0.1291627264934502,0.8668609987160729,0.0,0.0,0.0
image_757.png,surface,0.0,0.0,1.8531129118630227,13.44029362552355,-18.567265361999283,0.0,2.476654715550965,-0.08120002211226429,0.0,0.0,0.0,-0.9036985296977464,0,0,0,0,0,0,0.48496546534257845,-0.10311214918906039,1.466929405022999,0.0,0.0,0.0
image_758.png,surface,0.0,0.0,2.740763730014558,12.175921531722192,-17.666756925893022,0.0,-2.0317768981873017,1.0777916912476968,0.0,0.0,0.0,1.7696134803977666,0,0,0,0,0,0,-0.32123445227719244,0.507858836133569,2.3595257722829364,0.0,0.0,0.0
image_759.png,surface,0.0,0.0,1.980944490573978,18.696729599706213,1.9366807916414746,0.0,-0.8256033956232809,-1.4576521963623625,0.0,0.0,0.0,1.649080574137697,0,0,0,0,0,0,-0.19072629777086128,-0.20672926427876723,0.726009819397947,0.0,0.0,0.0
image_760.png,surface,0.0,0.0,1.141577053231349,0.10464343880027158,10.130141446955438,0.0,-2.2734532302603223,-0.31416550162965545,0.0,0.0,0.0,-1.4898317145087843,0,0,0,0,0,0,-0.05127247388248137,0.004582447565681602,0.14076855817833245,0.0,0.0,0.0
image_761.png,surface,0.0,0.0,2.8814658237558226,0.4052673625606068,-23.22324142927147,0.0,1.3655188499077955,-0.027972686137511162,0.0,0.0,0.0,0.40493985667414645,0,0,0,0,0,0,1.4255391380522808,-0.18810687695211478,4.640222045187517,0.0,0.0,0.0
image_762.png,surface,0.0,0.0,0.9348154206152482,5.580508719966595,-18.347273368282345,0.0,2.849011781079137,0.3071221384046749,0.0,0.0,0.0,-0.7502370737831763,0,0,0,0,0,0,0.11777602282034595,-0.04685800399552289,0.38885974394497325,0.0,0.0,0.0
image_763.png,surface,0.0,0.0,1.6910956614197812,-9.02940112043159,19.49141097177304,0.0,-2.276134615427505,-1.9001457470462013,0.0,0.0,0.0,-2.7078108845593505,0,0,0,0,0,0,-0.1671217839710014,-0.13511534633160308,0.6234434898572249,0.0,0.0,0.0
image_764.png,surface,0.0,0.0,2.7191262808746672,-8.520408133846788,-13.243122742240827,0.0,-1.226824227954458,-2.469146415136652,0.0,0.0,0.0,-0.7742992708215137,0,0,0,0,0,0,-0.018920136399733223,-0.791039308529247,2.1775806244344196,0.0,0.0,0.0
image_765.png,surface,0.0,0.0,2.274804601867072,1.0519416893422262,20.864005625252982,0.0,-0.5496883991658701,-1.5057891719189094,0.0,0.0,0.0,2.3717121309355793,0,0,0,0,0,0,-0.15517494752168462,-0.31708555045374015,1.045260136564793,0.0,0.0,0.0
image_766.png,surface,0.0,0.0,1.8384560681642106,8.28639875041913,12.843717002000021,0.0,2.810899378664732,0.36567674375143816,0.0,0.0,0.0,-2.596917069189021,0,0,0,0,0,0,0.15645029133627378,-0.013917237766421306,0.42458333838877016,0.0,0.0,0.0
image_767.png,surface,0.0,0.0,2.219570132689425,0.33192590334784566,-19.100799375771164,0.0,-0.86668788245646,-0.17687101445461145,0.0,0.0,0.0,1.422621930002074,0,0,0,0,0,0,0.005567073596382015,-0.10871239406850643,1.3508556356278871,0.0,0.0,0.0
image_768.png,surface,0.0,0.0,1.5944837492271309,13.945487376313176,-5.551018480798538,0.0,-0.26011691884594695,1.415062330023788,0.0,0.0,0.0,-2.9036038357003373,0,0,0,0,0,0,-0.02211610538617459,0.21237355602805158,0.5252694787482404,0.0,0.0,0.0
image_769.png,surface,0.0,0.0,1.4920147059451392,-4.516384530007999,-2.8536067508111445,0.0,1.5312226414074208,-1.6261088160665074,0.0,0.0,0.0,-2.1919090846814333,0,0,0,0,0,0,0.0798353052813059,-0.09104959926333205,0.2706891840021223,0.0,0.0,0.0
image_770.png,surface,0.0,0.0,2.069595100943457,7.54639552219912,-20.97379384445735,0.0,-1.699896552373288,1.3559410227186195,0.0,0.0,0.0,2.203779462587832,0,0,0,0,0,0,-0.32192539033426104,0.4443747118765665,1.3436207033864873,0.0,0.0,0.0
image_771.png,surface,0.0,0.0,2.3425205802199245,-14.103433124703358,6.05305894304408,0.0,0.4060416353780832,0.8293788455178285,0.0,0.0,0.0,0.05254619904350033,0,0,0,0,0,0,0.16055635053885445,0.15608480257964136,0.905270896705056,0.0,0.0,0.0
image_772.png,surface,0.0,0.0,2.8436505635598097,7.531751342596069,-15.291772209351727,0.0,-2.459562628038032,-0.3642425654827898,0.0,0.0,0.0,-1.7035886017180286,0,0,0,0,0,0,-0.5533926832322822,-0.08020463066813495,1.7201721305059698,0.0,0.0,0.0
image_773.png,surface,0.0,0.0,2.591363868308692,4.875103866213022,8.211952493455597,0.0,0.8687691717150071,-0.36741418714512697,0.0,0.0,0.0,2.49449913084801,0,0,0,0,0,0,0.2028983739392221,-0.08659457299968269,0.8549278265253204,0.0,0.0,0.0
image_774.png,surface,0.0,0.0,2.9017312658908225,11.752597912042123,15.537860920591523,0.0,-0.7235220245507951,-0.20961287598582215,0.0,0.0,0.0,-2.8572016242715446,0,0,0,0,0,0,-0.43887046121813234,0.13438228056929338,2.0254237469872196,0.0,0.0,0.0
image_775.png,surface,0.0,0.0,0.7897153084121262,9.05324082231399,-8.18703119402012,0.0,0.6399003618233841,-2.8532684411319797,0.0,0.0,0.0,1.5013399243685317,0,0,0,0,0,0,0.013085210164487049,-0.05011432615857168,0.11629483676915535,0.0,0.0,0.0
image_776.png,surface,0.0,0.0,2.973683664617594,21.814923367661237,-6.821305863233262,0.0,2.1837798161223545,1.9343628622258933,0.0,0.0,0.0,2.8848120560495545,0,0,0,0,0,0,0.8039049075095072,1.1742628071477486,4.238598451646298,0.0,0.0,0.0
image_777.png,surface,0.0,0.0,1.0007544666754407,24.574693169294935,-2.0869183684832384,0.0,-2.7041776575504426,0.6598193084923495,0.0,0.0,0.0,-0.35841873213959197,0,0,0,0,0,0,-0.2126993454976428,0.047103407984622196,0.5227908445544274,0.0,0.0,0.0
image_778.png,surface,0.0,0.0,0.7022598079051146,11.77685155665156,0.14574494116730752,0.0,-1.3959400109841853,-1.1547069281403666,0.0,0.0,0.0,-0.9926819150571493,0,0,0,0,0,0,-0.037913323519156376,-0.00993728845602843,0.06652118255286377,0.0,0.0,0.0
image_779.png,surface,0.0,0.0,2.1420262571225344,6.383845177594775,17.558501889210625,0.0,-0.9852124602604092,1.4157087996327242,0.0,0.0,0.0,-0.34140268261108364,0,0,0,0,0,0,-0.321835598824642,0.33583063977494254,1.0756535509900038,0.0,0.0,0.0
image_780.png,surface,0.0,0.0,2.183718219552253,-0.1628214061672103,-16.00413620252549,0.0,0.07881832627914004,0.8253228553245118,0.0,0.0,0.0,-0.0051444152697381895,0,0,0,0,0,0,0.20653264724380418,0.2266714845980759,1.2572369522264502,0.0,0.0,0.0
image_781.png,surface,0.0,0.0,2.9345556459057587,15.572494827039316,17.04379514213626,0.0,-1.6830254099345368,0.059763646837059314,0.0,0.0,0.0,-0.8496967813301328,0,0,0,0,0,0,-1.0312600536449743,0.4473006825158277,3.394188072916347,0.0,0.0,0.0
image_782.png,surface,0.0,0.0,2.427559214430987,2.056312991414713,-0.49722264106383623,0.0,-1.0665819231098452,0.29549821751414357,0.0,0.0,0.0,-1.4166491873847045,0,0,0,0,0,0,-0.28870253177520605,0.05998711741233675,0.7742717300563909,0.0,0.0,0.0
image_783.png,surface,0.0,0.0,1.4816458283148288,-10.397045488300689,-12.687795549853078,0.0,2.0246545751206715,-1.7420542487952067,0.0,0.0,0.0,-1.305633106383137,0,0,0,0,0,0,0.16122293835602633,-0.15724260601539206,0.6408274242705864,0.0,0.0,0.0
image_784.png,surface,0.0,0.0,2.000263533389438,15.632875384668765,-13.641272398140446,0.0,0.6147705491748199,2.8643274496417885,0.0,0.0,0.0,0.0864295252780165,0,0,0,0,0,0,0.17092042139488575,0.6176582440255858,1.6503103743009035,0.0,0.0,0.0
image_785.png,surface,0.0,0.0,2.0236358681273563,-0.729036501081967,-23.698473314525536,0.0,0.0409265227853239,-0.026514205050926012,0.0,0.0,0.0,0.05277019624241941,0,0,0,0,0,0,0.4575075260790657,-0.09730110857538783,2.023592683889087,0.0,0.0,0.0
image_786.png,surface,0.0,0.0,2.413546838585325,-19.710061107534088,10.680484646992594,0.0,-1.9246721494812171,1.4148697229558236,0.0,0.0,0.0,-2.5130980177490816,0,0,0,0,0,0,-0.5546604175969044,0.252849483204498,1.3771827501729776,0.0,0.0,0.0
image_787.png,surface,0.0,0.0,1.9527450942734152,0.9084439620607595,16.083304578730225,0.0,-1.7030041736437302,0.8171903696689826,0.0,0.0,0.0,2.889700445868775,0,0,0,0,0,0,-0.25450870740027026,0.12198623291478908,0.6552972887533844,0.0,0.0,0.0
image_788.png,surface,0.0,0.0,1.466101699562472,21.44949358005051,-1.7758512368498658,0.0,-1.0366283060342143,-0.26155705305375815,0.0,0.0,0.0,2.3600221183063814,0,0,0,0,0,0,-0.23916805626535145,0.004360640113995664,0.626190084504422,0.0,0.0,0.0
image_789.png,surface,0.0,0.0,2.2036452535118096,-11.316489491224504,2.8371758031649974,0.0,-0.45888825439996755,2.1527672858783937,0.0,0.0,0.0,-1.5616152445443487,0,0,0,0,0,0,-0.07680065663418041,0.2774968530840379,0.6404254835905084,0.0,0.0,0.0
image_790.png,surface,0.0,0.0,1.100253764158578,-15.866181101873611,-11.310513376690501,0.0,2.80006545898265,0.9215492616023433,0.0,0.0,0.0,1.063368740854476,0,0,0,0,0,0,0.1500096528835977,0.0023832502787530215,0.44560260295305665,0.0,0.0,0.0
image_791.png,surface,0.0,0.0,1.3738781059203298,-3.802161667012095,-19.62635473627927,0.0,0.03559643194913706,2.854951029573131,0.0,0.0,0.0,1.008752040832496,0,0,0,0,0,0,-0.015267600415228788,0.2230769453987685,0.5774637090601112,0.0,0.0,0.0
image_792.png,surface,0.0,0.0,0.679077807049506,7.393681296849388,18.788643768295024,0.0,0.7743208962751293,2.745158143646974,0.0,0.0,0.0,0.6820673403674804,0,0,0,0,0,0,0.01994893403536831,0.04304480354951798,0.11743366869604221,0.0,0.0,0.0
image_793.png,surface,0.0,0.0,2.5405754201437007,-4.257996281409272,-8.494917436070923,0.0,0.34887105786156375,-2.6761513366762766,0.0,0.0,0.0,-2.516242915188676,0,0,0,0,0,0,0.16209345943233322,-0.4286075055769353,1.2376155480273228,0.0,0.0,0.0
image_794.png,surface,0.0,0.0,0.677497730657485,1.5329974491789156,11.391132820155,0.0,-1.4092472133341833,0.5179853326131771,0.0,0.0,0.0,-1.3883362233396408,0,0,0,0,0,0,-0.0136757034819822,0.002789110722263455,0.03604068098030311,0.0,0.0,0.0
image_795.png,surface,0.0,0.0,1.2469920356136246,6.66079678585762,-12.341676730980605,0.0,0.42606944506660926,-0.5329590107806871,0.0,0.0,0.0,-2.0818513301570665,0,0,0,0,0,0,0.0862363745941499,-0.08022822720554831,0.3245425361212029,0.0,0.0,0.0
image_796.png,surface,0.0,0.0,2.8140822810983837,-18.84137504573253,2.48948434644924,0.0,1.8171018625856816,-1.7842390151161873,0.0,0.0,0.0,-2.16433647283578,0,0,0,0,0,0,0.47242204801579263,-0.7256485840492427,2.4075509845408902,0.0,0.0,0.0
image_797.png,surface,0.0,0.0,1.8985242115062633,8.099911801656548,15.8618602517518,0.0,1.0691261895331918,0.9456206058398672,0.0,0.0,0.0,0.6806462125801804,0,0,0,0,0,0,0.15528604549121297,0.1463032512705414,0.5547317305979375,0.0,0.0,0.0
image_798.png,surface,0.0,0.0,1.0446997990655664,-0.33108809481286655,-8.97536541500769,0.0,1.1620109753802819,0.9856823634263627,0.0,0.0,0.0,-2.020205401311067,0,0,0,0,0,0,0.06559650250171267,0.025441786639124147,0.17615720205539773,0.0,0.0,0.0
image_799.png,surface,0.0,0.0,2.9822179136580673,16.314997632620287,-8.215284354356825,0.0,0.8612943966451557,1.5155150446071617,0.0,0.0,0.0,2.3110468825114134,0,0,0,0,0,0,0.5229792336013082,0.8641571124608911,3.409729779212683,0.0,0.0,0.0
image_800.png,surface,0.0,0.0,2.7018237054062335,12.704799627109823,-16.64603974270541,0.0,-2.379364866120769,-0.8320049591801671,0.0,0.0,0.0,0.14800526741521214,0,0,0,0,0,0,-0.5032464079450238,-0.12768401014887729,1.84557762269022,0.0,0.0,0.0
image_801.png,surface,0.0,0.0,0.6704506816807541,10.40051917756601,-2.630937896072582,0.0,-1.2951097771967908,1.6361915732717645,0.0,0.0,0.0,1.9810572023269115,0,0,0,0,0,0,-0.024643964665450335,0.0026003384229562887,0.0637075977923196,0.0,0.0,0.0
image_802.png,surface,0.0,0.0,1.075712655835559,9.185045446042196,-16.37195315951777,0.0,1.944007426868172,1.587134087523046,0.0,0.0,0.0,1.2499989375805312,0,0,0,0,0,0,0.12279825979903955,0.06525701076799527,0.42109985249476284,0.0,0.0,0.0
image_803.png,surface,0.0,0.0,2.1056514832782973,-6.802150081136301,16.664484413816194,0.0,-0.0951801922440799,1.2064779340753995,0.0,0.0,0.0,-1.4512364792496264,0,0,0,0,0,0,-0.043993274043362764,0.2954711221830689,0.742746182715628,0.0,0.0,0.0
image_804.png,surface,0.0,0.0,0.9970078925074042,-18.02327143992098,9.392075680064771,0.0,0.7717953194280416,-1.8995841375131792,0.0,0.0,0.0,-0.9682513022671388,0,0,0,0,0,0,0.04699291922063672,-0.10344250071284788,0.2974227052348473,0.0,0.0,0.0
image_805.png,surface,0.0,0.0,1.8429448334472305,-2.279978318023817,-20.849822754147205,0.0,2.388207671104054,0.5401655138646821,0.0,0.0,0.0,-2.491707534057981,0,0,0,0,0,0,0.45315492069753116,-0.04822660316549989,1.3812021569737545,0.0,0.0,0.0
image_806.png,surface,0.0,0.0,0.9146519018011621,-15.054280967862944,-6.973709715435611,0.0,-0.6855899427414387,-1.4424899377990665,0.0,0.0,0.0,-0.44963554598755984,0,0,0,0,0,0,-0.0035794852648145525,-0.08146625886850453,0.29980755326997505,0.0,0.0,0.0
image_807.png,surface,0.0,0.0,2.1817637721765895,10.786325110813774,16.0153783801071,0.0,2.2182988223470748,1.7414841901497538,0.0,0.0,0.0,-2.9619294163660825,0,0,0,0,0,0,0.2590804649408748,0.17089084325530057,0.7696449462279403,0.0,0.0,0.0
image_808.png,surface,0.0,0.0,1.828090292481692,6.237161818317854,-2.424717482831353,0.0,-0.6397794134936904,2.3040218581807252,0.0,0.0,0.0,0.9394712166737147,0,0,0,0,0,0,-0.05558246634419661,0.15281746869913304,0.42091004717361535,0.0,0.0,0.0
image_809.png,surface,0.0,0.0,2.923580609000498,12.484734849551787,1.97554213243878,0.0,-0.059622467890306945,0.8432277013434797,0.0,0.0,0.0,0.9349938953603996,0,0,0,0,0,0,-0.012025974728981037,0.46789888657522866,1.967856909584977,0.0,0.0,0.0
image_810.png,surface,0.0,0.0,0.8345331938743321,-16.105842145497885,2.0278475405080347,0.0,2.2077478491768185,-1.6543829830211982,0.0,0.0,0.0,1.3523249396295407,0,0,0,0,0,0,0.045607999326512084,-0.03374462160365135,0.17249954186669045,0.0,0.0,0.0
image_811.png,surface,0.0,0.0,1.826803122895304,-23.079344569193324,-1.9496547085357356,0.0,-1.829608478358962,0.9723492401335985,0.0,0.0,0.0,1.0755105024948657,0,0,0,0,0,0,-0.35184879138731395,0.1685878212037531,0.8763646627961322,0.0,0.0,0.0
image_812.png,surface,0.0,0.0,1.2793097240872384,-22.538076149683448,-9.141506419317132,0.0,-1.2612674398393613,1.494521629084225,0.0,0.0,0.0,0.5243411082148821,0,0,0,0,0,0,-0.1580817574093528,0.14897752551072635,0.6067562526226645,0.0,0.0,0.0
image_813.png,surface,0.0,0.0,2.0317219072891914,-1.6006393015945997,24.318272838855233,0.0,2.9889763339335964,0.2540941405525149,0.0,0.0,0.0,-2.531960481603295,0,0,0,0,0,0,0.2612354611717322,-0.01175422183685996,0.756133040365994,0.0,0.0,0.0
image_814.png,surface,0.0,0.0,1.0081388512255172,7.3423696906124905,-14.620769512450547,0.0,0.1677001862442994,-1.4962710037954126,0.0,0.0,0.0,-1.2151584327730969,0,0,0,0,0,0,0.039179535993784306,-0.0972130148357112,0.2939526173635096,0.0,0.0,0.0
image_815.png,surface,0.0,0.0,2.8134811508271156,-18.28825926757863,-2.3470760098556425,0.0,-0.015450245480902949,0.057835117558604196,0.0,0.0,0.0,-0.3932429049355246,0,0,0,0,0,0,0.10595093757051273,-0.465177419260217,2.352717343763174,0.0,0.0,0.0
image_816.png,surface,0.0,0.0,1.594804542876155,-16.47297267799191,1.5690865889043415,0.0,-0.4760477479255521,-2.8187021888795027,0.0,0.0,0.0,-0.6015655409339775,0,0,0,0,0,0,0.028517174699018377,-0.19556023656975946,0.5642532587082226,0.0,0.0,0.0
image_817.png,surface,0.0,0.0,1.5794284521433941,-0.6662123270841307,-5.955727017058013,0.0,-2.1814830649655192,1.8738790151793046,0.0,0.0,0.0,1.661786721121799,0,0,0,0,0,0,-0.1139773853964616,0.08569003906550247,0.29486814891257546,0.0,0.0,0.0
image_818.png,surface,0.0,0.0,2.4658126078923295,-20.605451779512382,11.517126581356136,0.0,-2.17701501558454,-1.3072531634663076,0.0,0.0,0.0,2.3103956324246298,0,0,0,0,0,0,-0.4423403704034114,-0.5487563547784676,1.988047729747548,0.0,0.0,0.0
image_819.png,surface,0.0,0.0,2.768795674277702,4.386058288434927,-19.50260511653527,0.0,-1.2089937950220113,-1.716017269810183,0.0,0.0,0.0,2.699920434734513,0,0,0,0,0,0,-0.08671272616212931,-0.44404436035277955,1.9943626644323234,0.0,0.0,0.0
image_820.png,surface,0.0,0.0,1.734934405178505,-8.318653067844178,4.786704582259983,0.0,-1.4141286723481281,-1.7416104228025808,0.0,0.0,0.0,1.7996826588017232,0,0,0,0,0,0,-0.07521484726090799,-0.14506207340259678,0.41697326151263175,0.0,0.0,0.0
image_821.png,surface,0.0,0.0,2.4282230707836474,-3.6869271813735662,-10.835584666279262,0.0,1.8486827983052687,1.2981961863886802,0.0,0.0,0.0,-1.3631950102632526,0,0,0,0,0,0,0.41379884546449625,0.11212759958347197,1.1936499366381548,0.0,0.0,0.0
image_822.png,surface,0.0,0.0,0.8598524087313304,-8.504563630815596,19.060822275597072,0.0,-1.9932146246542315,0.1431614746394373,0.0,0.0,0.0,2.8315855215537855,0,0,0,0,0,0,-0.05133182759222955,0.02050539101224158,0.1938693880241562,0.0,0.0,0.0
image_823.png,surface,0.0,0.0,1.1310227781973452,14.870630257046711,-11.62764229394345,0.0,0.8516672018665995,-0.2772451088019455,0.0,0.0,0.0,-0.6219659124338346,0,0,0,0,0,0,0.1168583231542391,-0.02378059040522108,0.42511925929554023,0.0,0.0,0.0
image_824.png,surface,0.0,0.0,2.2324757842509957,-6.973011282934306,-16.56497018977275,0.0,0.5426938376631201,1.2267491024527193,0.0,0.0,0.0,0.27506165352101597,0,0,0,0,0,0,0.3799824498079592,0.22399878346038526,1.4439852912018947,0.0,0.0,0.0
image_825.png,surface,0.0,0.0,2.8168677721136195,1.2731567762465237,21.793412928159057,0.0,1.3803540454540233,0.5199577059026304,0.0,0.0,0.0,-0.44162998117431496,0,0,0,0,0,0,0.3228202616504648,0.2437758280177997,1.4245447603088024,0.0,0.0,0.0
image_826.png,surface,0.0,0.0,0.7930218609478513,5.022683345538781,-7.905260054518552,0.0,-1.5507894989513658,1.5005204121387816,0.0,0.0,0.0,-0.9945775827933865,0,0,0,0,0,0,-0.02622520836874213,0.02636362470074085,0.08661821655674995,0.0,0.0,0.0
image_827.png,surface,0.0,0.0,0.8359679842135138,-9.602693146386667,0.03120369926706911,0.0,2.374098749900304,1.5311085194556135,0.0,0.0,0.0,-2.6948331557738667,0,0,0,0,0,0,0.04786496218693711,0.018693176938892733,0.09559489174515257,0.0,0.0,0.0
image_828.png,surface,0.0,0.0,2.938068092905113,-19.776071280314554,10.88232059354931,0.0,-0.7283996292924836,1.9836073044590798,0.0,0.0,0.0,-1.187726999847437,0,0,0,0,0,0,-0.27888938509683747,0.47873127035047225,1.7780984815165048,0.0,0.0,0.0
image_829.png,surface,0.0,0.0,0.7280908979956404,4.015279636913565,18.440787943478632,0.0,0.4984302722166159,-1.6181360838207126,0.0,0.0,0.0,-1.3869355432235775,0,0,0,0,0,0,0.02125775942981578,-0.035514361909656074,0.10856417768899386,0.0,0.0,0.0
image_830.png,surface,0.0,0.0,0.6072397432100403,-15.509718368955406,14.52456909549739,0.0,1.4316548755637082,1.690986163105807,0.0,0.0,0.0,0.06740270429309403,0,0,0,0,0,0,0.03559396316899576,0.022015569406698958,0.13277440465234214,0.0,0.0,0.0
image_831.png,surface,0.0,0.0,1.829385838606819,-8.557866082806026,-6.601381864212361,0.0,0.42283312279133434,-1.7987982582780373,0.0,0.0,0.0,2.5476665232732802,0,0,0,0,0,0,0.0996046562974362,-0.22027210365156277,0.6054566444237466,0.0,0.0,0.0
image_832.png,surface,0.0,0.0,1.0610283023766964,-2.7425326033269215,2.4387501578183297,0.0,0.7625134865545871,0.11545260264313705,0.0,0.0,0.0,-1.579294282893537,0,0,0,0,0,0,0.052018199979317434,-0.004082200972517619,0.09668013158136235,0.0,0.0,0.0
image_833.png,surface,0.0,0.0,1.244066419208524,-18.168144165270895,3.4572875494125013,0.0,2.124921956277219,-0.4187496670516075,0.0,0.0,0.0,0.5428979127382352,0,0,0,0,0,0,0.10010687999530547,-0.06493295165418474,0.4009760224455385,0.0,0.0,0.0
image_834.png,surface,0.0,0.0,2.0447342334529095,10.60163544385026,19.325952468749115,0.0,0.9986374227171411,2.481560043015634,0.0,0.0,0.0,-0.9285540878142471,0,0,0,0,0,0,0.07832863418769782,0.3468171875946199,0.8916272436201946,0.0,0.0,0.0
image_835.png,surface,0.0,0.0,1.3781160916659219,-6.629907455541719,0.08206239943988634,0.0,0.36531184856569104,-1.923336086715216,0.0,0.0,0.0,1.2668665756807798,0,0,0,0,0,0,0.03878993215543714,-0.07893985626277686,0.23540325829885417,0.0,0.0,0.0
image_836.png,surface,0.0,0.0,2.989135536656115,9.241902062908538,21.406452972870614,0.0,2.452235151125317,-0.8960604663991532,0.0,0.0,0.0,1.5047576281971402,0,0,0,0,0,0,0.45806453781670287,-0.1420275586912339,1.4668490168869837,0.0,0.0,0.0
image_837.png,surface,0.0,0.0,1.0705525787607768,-1.52638069497479,-14.467797117355927,0.0,-1.2000723848449484,-1.7751254574685997,0.0,0.0,0.0,-2.085252130741255,0,0,0,0,0,0,-0.03295044025021095,-0.11174533567737498,0.28356245078350045,0.0,0.0,0.0
image_838.png,surface,0.0,0.0,2.663188512889545,16.763443223012604,8.832907848319806,0.0,-1.1516570581999748,1.5121340036962378,0.0,0.0,0.0,1.0196520948141092,0,0,0,0,0,0,-0.47722056716543587,0.6895348700892862,2.3726558344988087,0.0,0.0,0.0
image_839.png,surface,0.0,0.0,2.6880569232440488,-14.311120249462212,-4.088990470689344,0.0,-1.3171911458687569,1.5938368971530974,0.0,0.0,0.0,1.548777683104566,0,0,0,0,0,0,-0.2882946652569363,0.3667798582463535,1.2062239809132513,0.0,0.0,0.0
image_840.png,surface,0.0,0.0,1.5939659975470892,-10.591965881581913,10.902891792218908,0.0,0.43867158052148086,0.14542146016084828,0.0,0.0,0.0,2.683211817885435,0,0,0,0,0,0,0.13759103053628244,0.006489047788684022,0.35268508273797783,0.0,0.0,0.0
image_841.png,surface,0.0,0.0,2.993340775947706,-3.2898659561137085,8.08080616638249,0.0,1.1805691922076276,-2.7036273925522667,0.0,0.0,0.0,-2.0612364162149106,0,0,0,0,0,0,0.2364682234168053,-0.49514502177523123,1.4167069170472864,0.0,0.0,0.0
image_842.png,surface,0.0,0.0,1.2070007497688113,11.983814746346098,-4.915055290971925,0.0,-0.18696080034602858,-2.1978360342330583,0.0,0.0,0.0,2.649272691215633,0,0,0,0,0,0,0.012516023306901825,-0.10339530763802116,0.21655224040320895,0.0,0.0,0.0
image_843.png,surface,0.0,0.0,0.7276593430760325,11.07759211234155,-13.477806208654929,0.0,0.9916250380387254,1.7156317277895716,0.0,0.0,0.0,1.2486946713015952,0,0,0,0,0,0,0.029247681895919198,0.04881808970332901,0.2019082016257109,0.0,0.0,0.0
image_844.png,surface,0.0,0.0,1.9179874362714686,12.610435222301282,-8.547518437743742,0.0,0.9222311990703523,1.3757141978422904,0.0,0.0,0.0,0.1024570137256875,0,0,0,0,0,0,0.19591746453883793,0.23686676186315744,0.8466880425837278,0.0,0.0,0.0
image_845.png,surface,0.0,0.0,0.5186794366181866,-13.36859718901144,3.9821666748318156,0.0,-2.446511575498432,1.4781617083739549,0.0,0.0,0.0,-2.7605810552090824,0,0,0,0,0,0,-0.025654499621163323,0.00562069521187103,0.04950569376290681,0.0,0.0,0.0
image_846.png,surface,0.0,0.0,1.6854093872203393,20.511094638555175,-9.06547680887166,0.0,1.166692566278015,-1.9666166460401138,0.0,0.0,0.0,-1.2642827741959701,0,0,0,0,0,0,0.21758156859693015,-0.2162512536763201,0.811540563114709,0.0,0.0,0.0
image_847.png,surface,0.0,0.0,2.592009478408196,1.819076099819094,1.3280454711426435,0.0,-0.13633110356994663,-1.3098700056871468,0.0,0.0,0.0,-2.3503227715488997,0,0,0,0,0,0,-0.0006787629371205472,-0.3399867765646889,0.8562676287922459,0.0,0.0,0.0
image_848.png,surface,0.0,0.0,1.5492676895652109,14.136132243848731,-11.622976291721908,0.0,1.6058452517878208,0.2624298391632153,0.0,0.0,0.0,1.5372818469003464,0,0,0,0,0,0,0.19764480968150971,-0.006400954049007402,0.6280993027347913,0.0,0.0,0.0
image_849.png,surface,0.0,0.0,1.0099809225844498,-15.262218583890736,-7.95240628131758,0.0,-1.7211482290116622,0.8364851587788651,0.0,0.0,0.0,2.0830438805149702,0,0,0,0,0,0,-0.12109983056624521,0.06456484567053565,0.27082763023637135,0.0,0.0,0.0
image_850.png,surface,0.0,0.0,1.1391388764197958,1.6077436377203702,-20.58747694908005,0.0,-0.3719425511100899,0.0692696352106034,0.0,0.0,0.0,2.901359086795079,0,0,0,0,0,0,-0.029877744353246527,0.04342864055810923,0.5181685267335339,0.0,0.0,0.0
image_851.png,surface,0.0,0.0,2.7845205684204704,-14.269258670303422,-13.187043066944927,0.0,-1.8861450149519294,-0.6989258118235238,0.0,0.0,0.0,0.6879950172313043,0,0,0,0,0,0,-0.2697763078154989,-0.6278991412630003,2.3900062738554984,0.0,0.0,0.0
image_852.png,surface,0.0,0.0,2.1555317603253172,8.813111099119164,6.773226409046812,0.0,-0.8677611342773118,-1.8263719809678511,0.0,0.0,0.0,1.7677365029725642,0,0,0,0,0,0,-0.09305139798523812,-0.2240554151501772,0.6058139250282595,0.0,0.0,0.0
image_853.png,surface,0.0,0.0,0.903279665687562,-0.8217114951602119,-8.991199036575077,0.0,-2.5339796048790415,-0.46282727296148723,0.0,0.0,0.0,-2.173059364393921,0,0,0,0,0,0,-0.0813937206346947,-0.015097064637091151,0.12853616348130031,0.0,0.0,0.0
image_854.png,surface,0.0,0.0,1.657983651873742,2.392454164615759,-3.8674826744026065,0.0,0.3120392030473859,2.5497702765426844,0.0,0.0,0.0,-1.8384382933970733,0,0,0,0,0,0,-0.012032062288955243,0.1385163939241205,0.33180203140416187,0.0,0.0,0.0
image_855.png,surface,0.0,0.0,2.0364844833635365,-11.52093052124103,-0.9190328392767692,0.0,-1.1456092267099163,1.2534338890087224,0.0,0.0,0.0,-1.1381174621106627,0,0,0,0,0,0,-0.25040569197767676,0.22913653620652855,0.5773386608485312,0.0,0.0,0.0
image_856.png,surface,0.0,0.0,1.7628510269136881,12.104072733841692,-6.508619277122324,0.0,1.2805350571486798,-2.4303916618440753,0.0,0.0,0.0,1.8303821191881084,0,0,0,0,0,0,0.11398499484642893,-0.16894648857243677,0.4967852825533991,0.0,0.0,0.0
image_857.png,surface,0.0,0.0,2.4627221777522763,22.476172151762565,-8.70397014294466,0.0,0.44731562143836384,0.645144285621713,0.0,0.0,0.0,-1.4474374729762611,0,0,0,0,0,0,0.37296501504773016,0.6170069795929757,2.6716997004766365,0.0,0.0,0.0
image_858.png,surface,0.0,0.0,0.5157311318092153,-9.582618676577285,12.110998538135114,0.0,-1.1486952384196414,-2.74041050320696,0.0,0.0,0.0,-2.4646760589968055,0,0,0,0,0,0,-0.0091130772813387,-0.01844777294979348,0.04166785050139121,0.0,0.0,0.0
image_859.png,surface,0.0,0.0,1.2026608748064065,9.229195759755246,16.0087821554448,0.0,-1.9293008273721732,0.8643239633953461,0.0,0.0,0.0,-1.4255896423221128,0,0,0,0,0,0,-0.09665066781996856,0.02902846032596041,0.26889831497199795,0.0,0.0,0.0
image_860.png,surface,0.0,0.0,1.9364767801976506,-10.795400227205004,9.007343463557472,0.0,-0.795663713257251,2.01375292107412,0.0,0.0,0.0,0.7581985863491765,0,0,0,0,0,0,-0.10804201442164184,0.19782235795645725,0.5397259452083691,0.0,0.0,0.0
image_861.png,surface,0.0,0.0,1.8472493844252618,19.622939957308272,-7.902287910251992,0.0,-1.7084021105524019,-1.4622745548202722,0.0,0.0,0.0,1.881624026164313,0,0,0,0,0,0,-0.26494582897599167,-0.1437925796897561,0.8219910207967298,0.0,0.0,0.0
image_862.png,surface,0.0,0.0,0.7602004923601156,-21.4039289428442,10.514035220870044,0.0,-1.6303925373915333,1.7003972684582571,0.0,0.0,0.0,2.720401986312625,0,0,0,0,0,0,-0.06046773322347132,0.0777694680070724,0.25923387461990693,0.0,0.0,0.0
image_863.png,surface,0.0,0.0,0.9380402753190118,14.834766912822142,9.768208584109411,0.0,-0.6465958003452098,-2.4633341504783965,0.0,0.0,0.0,-0.4204834137488178,0,0,0,0,0,0,-0.006547170752224329,-0.05982351475293724,0.20497188280941417,0.0,0.0,0.0
image_864.png,surface,0.0,0.0,2.3823968076589184,10.299533096079497,16.872291744432594,0.0,2.831790097220842,0.6012588593957944,0.0,0.0,0.0,0.8219127197314311,0,0,0,0,0,0,0.30533374562464927,0.03200162404004841,0.9287710284669333,0.0,0.0,0.0
image_865.png,surface,0.0,0.0,1.8369637125564995,6.536396641643308,1.40255033928651,0.0,2.3090399784355626,0.8750979919178027,0.0,0.0,0.0,0.6150120287972536,0,0,0,0,0,0,0.14634798555913184,0.02284616752365054,0.3851440256580324,0.0,0.0,0.0
image_866.png,surface,0.0,0.0,2.099918427435941,-6.852926669939167,-19.978494763374716,0.0,2.1631431905192473,1.7388996433724886,0.0,0.0,0.0,-0.7622187572529762,0,0,0,0,0,0,0.5879639363256164,0.11840742474042386,1.8240068061927137,0.0,0.0,0.0
image_867.png,surface,0.0,0.0,2.5418805522192622,7.260980189401454,-2.420601664136473,0.0,-2.585349980116813,0.8916015958142017,0.0,0.0,0.0,-2.1914346169595853,0,0,0,0,0,0,-0.4103350238391917,0.1920632297250941,0.9954954143636134,0.0,0.0,0.0
image_868.png,surface,0.0,0.0,1.9595667045861436,-23.520208701719255,-5.004314069834371,0.0,-0.5520623108278999,1.8340710619629819,0.0,0.0,0.0,-1.4375243157862714,0,0,0,0,0,0,-0.1006867200828459,0.4144448638214149,0.9288179215462761,0.0,0.0,0.0
image_869.png,surface,0.0,0.0,1.284873541471514,9.8035679821786,8.72714313203004,0.0,-0.5847483104531015,0.2881492791707609,0.0,0.0,0.0,1.8916358556919395,0,0,0,0,0,0,-0.09142297569214648,0.044101928425638176,0.24102596181238614,0.0,0.0,0.0
image_870.png,surface,0.0,0.0,1.8081257341007915,-23.94375825258171,3.705475171738363,0.0,0.6173370903354195,1.9342454211887494,0.0,0.0,0.0,2.794366281527899,0,0,0,0,0,0,0.1325003085078795,0.25787082636606884,0.7914078010503715,0.0,0.0,0.0
image_871.png,surface,0.0,0.0,0.8259792386323499,-1.9661728729098498,-19.530473526672843,0.0,0.5941975113651047,-0.3860114318180419,0.0,0.0,0.0,0.8545239728627347,0,0,0,0,0,0,0.09348665852339133,-0.050633449981666336,0.3650023315785821,0.0,0.0,0.0
image_872.png,surface,0.0,0.0,1.1801930812486932,11.443834977471468,0.8077484768885015,0.0,-1.2478250067104113,0.10349220751530139,0.0,0.0,0.0,2.3413674586680306,0,0,0,0,0,0,-0.07946092034289447,0.01770212236753009,0.18877813940983845,0.0,0.0,0.0
image_873.png,surface,0.0,0.0,2.1378260061957617,-9.67942564234451,-21.649595552034057,0.0,-0.03691794883523111,1.615554386489846,0.0,0.0,0.0,1.888188109901499,0,0,0,0,0,0,0.30261565009618074,0.40968780187887416,1.7069080880634053,0.0,0.0,0.0
image_874.png,surface,0.0,0.0,0.6027775028545153,4.579538360929499,8.280121713347452,0.0,-2.174336700580026,-1.2423981085347693,0.0,0.0,0.0,1.9269677311201123,0,0,0,0,0,0,-0.003217275446351146,-0.006885469617229134,0.011455309382215617,0.0,0.0,0.0
image_875.png,surface,0.0,0.0,0.502127335228469,0.6453320274345017,9.000835324921322,0.0,0.4903776410375695,-2.620670492319362,0.0,0.0,0.0,1.1048881963414834,0,0,0,0,0,0,0.007437476398447019,0.0009391421890531549,0.0029207689418985143,0.0,0.0,0.0
image_876.png,surface,0.0,0.0,2.7176810588426585,-6.418503677345014,-15.417275081189498,0.0,1.848424175415244,0.9998516105341889,0.0,0.0,0.0,-1.39845186307899,0,0,0,0,0,0,0.8371429849684977,0.06397807844018921,2.4506658214905617,0.0,0.0,0.0
image_877.png,surface,0.0,0.0,2.9108220381584413,11.633072366177949,-4.331857247199136,0.0,-0.40717902743823625,2.8774922040537,0.0,0.0,0.0,-2.170471165566426,0,0,0,0,0,0,0.04520165469823597,0.9897378845749885,2.356397333989666,0.0,0.0,0.0
image_878.png,surface,0.0,0.0,2.7640316563278255,17.832331088425732,-3.698469088458038,0.0,1.1012265919754967,-1.7152934814355032,0.0,0.0,0.0,1.2730548866007538,0,0,0,0,0,0,0.4337416919398908,-0.30505131637290817,1.5638841960690806,0.0,0.0,0.0
image_879.png,surface,0.0,0.0,1.038653908840767,-9.33626347862974,13.791256997627656,0.0,-1.0083632034591767,-1.2510965967240812,0.0,0.0,0.0,-2.658792278823367,0,0,0,0,0,0,-0.018372256002057497,-0.03835695811672328,0.17371876192959282,0.0,0.0,0.0
image_880.png,surface,0.0,0.0,2.386644508968395,-5.751534455255961,23.484808934144155,0.0,-1.1707760232622026,1.0485411002657756,0.0,0.0,0.0,0.6205323112043284,0,0,0,0,0,0,-0.6265194974220486,0.15691225449160448,1.8863612036954385,0.0,0.0,0.0
image_881.png,surface,0.0,0.0,1.6411700015830242,-3.389005355046062,-6.823513588244123,0.0,-0.2017946133205345,-0.8728279221160011,0.0,0.0,0.0,2.368977696634424,0,0,0,0,0,0,-0.006958081050481124,-0.16212866236245946,0.3653640781906521,0.0,0.0,0.0
image_882.png,surface,0.0,0.0,0.6773596692810788,-3.060329591457822,6.6062388284940115,0.0,-0.3145611223225704,-0.7482312356067786,0.0,0.0,0.0,-0.08702545301270526,0,0,0,0,0,0,0.006282361893347544,-0.0006087906652656461,0.02707740381456967,0.0,0.0,0.0
image_883.png,surface,0.0,0.0,2.4874653627581496,-4.423914879721891,14.042321415483592,0.0,2.166900718471898,1.9258790438585354,0.0,0.0,0.0,1.7529626515313579,0,0,0,0,0,0,0.289548702611616,0.17792261140449286,0.8208655868925114,0.0,0.0,0.0
image_884.png,surface,0.0,0.0,2.5204368917060087,20.855832160260224,5.587878086432199,0.0,0.5364878596796503,0.38855680636231105,0.0,0.0,0.0,0.9218965698936055,0,0,0,0,0,0,0.11302772604049013,0.4813835211557381,1.9912096630974925,0.0,0.0,0.0
image_885.png,surface,0.0,0.0,2.3049437679138904,9.726904886865263,-22.8872017136138,0.0,2.5781371339645758,-0.7364825272765861,0.0,0.0,0.0,-2.171313893698758,0,0,0,0,0,0,0.8831558070332921,-0.1842842378911446,2.6568234293062023,0.0,0.0,0.0
image_886.png,surface,0.0,0.0,2.99137687480903,8.99989748733196,-5.650900000628687,0.0,-1.6435695891778637,-1.3043734884264604,0.0,0.0,0.0,-0.914007692471781,0,0,0,0,0,0,-0.38376282455192146,-0.30595742340958265,1.5031241632639978,0.0,0.0,0.0
image_887.png,surface,0.0,0.0,2.980292837381636,-7.360112761150736,4.888706526312224,0.0,0.8503098725746849,-0.7874473583339026,0.0,0.0,0.0,-1.4576585285955055,0,0,0,0,0,0,0.2374422330126729,-0.40351494769152946,1.5559659646715494,0.0,0.0,0.0
image_888.png,surface,0.0,0.0,0.948551006118534,3.8859561063650823,-0.5356231848548986,0.0,-1.472168767392739,-1.7109773889915858,0.0,0.0,0.0,-2.359040825664709,0,0,0,0,0,0,-0.017838072614323804,-0.03878012268767018,0.07047359924029471,0.0,0.0,0.0
image_889.png,surface,0.0,0.0,2.4885311593324007,1.5513394717004076,-1.1108089546877922,0.0,-2.6136001849781905,-0.43679789195429036,0.0,0.0,0.0,-1.1243624772400722,0,0,0,0,0,0,-0.3367364237514268,-0.06749396251478532,0.8338080767910141,0.0,0.0,0.0
image_890.png,surface,0.0,0.0,2.149560243956924,-5.915095826685554,-12.210591791628227,0.0,-0.5430892016277609,1.163361434638761,0.0,0.0,0.0,-2.9630313296334414,0,0,0,0,0,0,-0.06424202040745926,0.19395252582066,0.8190881158850566,0.0,0.0,0.0
image_891.png,surface,0.0,0.0,2.3161698417082786,-21.647366080271876,4.6409050292190575,0.0,-1.505165959402759,2.3583609378784707,0.0,0.0,0.0,-1.6885264381533704,0,0,0,0,0,0,-0.2932255888360176,0.36221156860311965,1.1220174084369683,0.0,0.0,0.0
image_892.png,surface,0.0,0.0,2.9772512548810632,20.55750634379014,12.71329554591729,0.0,1.564569720436798,1.8682008900556786,0.0,0.0,0.0,1.222943476734554,0,0,0,0,0,0,0.2061217369455474,1.1464770977922278,3.1611517986223947,0.0,0.0,0.0
image_893.png,surface,0.0,0.0,2.5915481256513924,10.564978220900196,-22.685897787679366,0.0,0.3359937207467894,-2.540624599795477,0.0,0.0,0.0,-1.5055072401271985,0,0,0,0,0,0,0.5701426045012217,-0.6268608936168106,2.6184604243965643,0.0,0.0,0.0
image_894.png,surface,0.0,0.0,1.4787932323626332,23.969313827079908,-1.4549137039752404,0.0,1.1871171033894954,0.11641535908680749,0.0,0.0,0.0,-2.2282333373602494,0,0,0,0,0,0,0.21118963062404725,0.006989294381848038,0.7098495710550441,0.0,0.0,0.0
image_895.png,surface,0.0,0.0,2.843664051084101,-8.66269228445514,-1.3496464237571708,0.0,-1.126982050121074,1.295137349515616,0.0,0.0,0.0,1.9095466705237962,0,0,0,0,0,0,-0.2433228159477254,0.24670179865706102,1.2794106797440712,0.0,0.0,0.0
image_896.png,surface,0.0,0.0,2.6879136903528984,-17.651376646904215,12.08723445550306,0.0,-2.5924437863525593,0.36764738911533895,0.0,0.0,0.0,-0.4073142803523644,0,0,0,0,0,0,-0.8136282626782566,-0.20876800511128482,2.205582491813168,0.0,0.0,0.0
image_897.png,surface,0.0,0.0,2.2655839428780298,-8.394662928926065,7.8381293058458645,0.0,2.6768539926733625,-1.3158028648315583,0.0,0.0,0.0,-0.594265587063664,0,0,0,0,0,0,0.2264024429995083,-0.14569917991275852,0.681423432958436,0.0,0.0,0.0
image_898.png,surface,0.0,0.0,2.8423983323675297,-1.627891915347043,11.923612718558598,0.0,1.677593347167776,-0.6676010656962273,0.0,0.0,0.0,2.381749210102507,0,0,0,0,0,0,0.38373999620201804,-0.17777159356504707,1.107949484634248,0.0,0.0,0.0
image_899.png,surface,0.0,0.0,1.6556669140137137,-9.500570901692441,19.210309280476608,0.0,0.14909034938269897,-1.0904052846244878,0.0,0.0,0.0,2.9772257551591315,0,0,0,0,0,0,0.05399361319093687,-0.19155669072195333,0.5680828601878527,0.0,0.0,0.0
image_900.png,surface,0.0,0.0,2.2831405797931117,-19.324096040069186,15.116212022651936,0.0,-2.567413063808301,-1.2987325781976693,0.0,0.0,0.0,1.1558364758950859,0,0,0,0,0,0,-0.5434608291344172,-0.5039229336930141,1.7588254259067777,0.0,0.0,0.0
image_901.png,surface,0.0,0.0,0.5102182368078698,11.351221027876703,22.395627783995085,0.0,1.3941001225455558,-0.9762630629397935,0.0,0.0,0.0,0.8264725786490681,0,0,0,0,0,0,0.048606122613792824,-0.04488533346776293,0.1646438345749492,0.0,0.0,0.0
image_902.png,surface,0.0,0.0,1.9214527047320005,0.33460324524819096,-5.12431237029075,0.0,0.25388689185194074,2.7713351172218834,0.0,0.0,0.0,-2.087122438783278,0,0,0,0,0,0,0.001187074194963822,0.20095283191996766,0.4671265263712191,0.0,0.0,0.0
image_903.png,surface,0.0,0.0,2.3092226652573005,9.654615901921328,6.133588356971632,0.0,-0.8228804025886071,1.5926592284708034,0.0,0.0,0.0,-0.860285103462366,0,0,0,0,0,0,-0.20427416249338573,0.39694567167563993,0.9890755285012612,0.0,0.0,0.0
image_904.png,surface,0.0,0.0,1.457529706246831,-1.868054306331745,2.049988698537161,0.0,-0.1154950348032275,-0.6000519822756373,0.0,0.0,0.0,-0.873875412442076,0,0,0,0,0,0,-0.011386780931692764,-0.12529132125515885,0.22145814970393546,0.0,0.0,0.0
image_905.png,surface,0.0,0.0,2.6697956854324825,23.164492282957067,6.48986009682954,0.0,-2.8295392077463135,0.200027467605313,0.0,0.0,0.0,1.3438943481072654,0,0,0,0,0,0,-1.011862043787268,0.5210949205199901,2.9644219327583508,0.0,0.0,0.0
image_906.png,surface,0.0,0.0,1.7126695182614877,8.20005729990396,14.268911603278669,0.0,2.100342225072725,0.9674650110669005,0.0,0.0,0.0,-2.5463348819194733,0,0,0,0,0,0,0.15964930410270226,0.020974175555521057,0.4024386399202656,0.0,0.0,0.0
image_907.png,surface,0.0,0.0,1.2063783895974185,11.577832153296665,-18.929892238077553,0.0,0.47780390205080414,2.32861010921457,0.0,0.0,0.0,-1.9764342989319614,0,0,0,0,0,0,0.061834390437673144,0.2103914468853265,0.6919542787764726,0.0,0.0,0.0
image_908.png,surface,0.0,0.0,1.8736125646741562,14.974454176655648,-12.086002966773858,0.0,-0.730157106397387,-2.1743371734142154,0.0,0.0,0.0,1.9631804365830465,0,0,0,0,0,0,-0.06111605836072095,-0.26965651025281345,0.734446107672023,0.0,0.0,0.0
image_909.png,surface,0.0,0.0,2.7637894191958923,-13.021567606464087,-3.5362780588660927,0.0,1.9108933952114355,1.952530167019032,0.0,0.0,0.0,2.4394591833982346,0,0,0,0,0,0,0.484271483505522,0.2195469034017243,1.4222001063416834,0.0,0.0,0.0
image_910.png,surface,0.0,0.0,2.2061221639354356,-1.5094559727282728,6.475074205245053,0.0,1.4798942922804308,-0.3594917758465934,0.0,0.0,0.0,-0.427772019282175,0,0,0,0,0,0,0.19974045220261918,-0.05757083198120495,0.573904301037645,0.0,0.0,0.0
image_911.png,surface,0.0,0.0,2.875198375513688,-5.588466319231637,8.15008295607329,0.0,-1.7557492747330834,-2.3656524684161675,0.0,0.0,0.0,2.572211375031287,0,0,0,0,0,0,-0.3573732520638766,-0.5299735109974043,1.614662701985566,0.0,0.0,0.0
image_912.png,surface,0.0,0.0,1.6190481897520628,-5.036308875729106,20.4412042004066,0.0,0.8278261763851226,0.08886557178832241,0.0,0.0,0.0,1.5474656349318048,0,0,0,0,0,0,0.1728988783864921,-0.003912305903141178,0.44843181874004817,0.0,0.0,0.0
image_913.png,surface,0.0,0.0,2.146198730082803,-2.354318460199295,-8.222242509057292,0.0,0.08329882465682026,1.2782259920883334,0.0,0.0,0.0,1.941352551262983,0,0,0,0,0,0,0.10469690021583285,0.28221616056671717,0.6927715581592973,0.0,0.0,0.0
image_914.png,surface,0.0,0.0,2.070984051499045,-12.28309513422354,20.37896870134432,0.0,-2.675573241245538,-0.5220893801256615,0.0,0.0,0.0,-1.0622389567447383,0,0,0,0,0,0,-0.5242119644960785,-0.12434903286111722,1.3807332261803318,0.0,0.0,0.0
image_915.png,surface,0.0,0.0,1.09780793834781,-11.02136703319028,-15.75677111600713,0.0,2.3514508117682484,0.15713033808375845,0.0,0.0,0.0,-2.787169059900971,0,0,0,0,0,0,0.16743224952968377,-0.03510220905616878,0.4952579079691032,0.0,0.0,0.0
image_916.png,surface,0.0,0.0,2.3614387527073246,12.567927472601593,-2.8111157778902762,0.0,2.075471730574995,-1.652449613813778,0.0,0.0,0.0,-1.3113846753846667,0,0,0,0,0,0,0.2775927348223383,-0.19821877978500224,0.8774766986776809,0.0,0.0,0.0
image_917.png,surface,0.0,0.0,0.6699792087948464,7.280549446128822,-13.72799792786351,0.0,-1.5391122205302825,-2.5618768387577364,0.0,0.0,0.0,1.86949016593947,0,0,0,0,0,0,-0.017504778705737745,-0.06098761059866477,0.15133513205682006,0.0,0.0,0.0
image_918.png,surface,0.0,0.0,1.9378104466064847,22.458798044125242,3.1730393137431627,0.0,-1.7060033875108072,-2.0874522993336666,0.0,0.0,0.0,1.3002843567223419,0,0,0,0,0,0,-0.23079461752087518,-0.21977343016089287,0.818753165318326,0.0,0.0,0.0
image_919.png,surface,0.0,0.0,0.94503739593135,16.632498113162157,12.109572728247713,0.0,0.5490971556341756,-1.0115464584569378,0.0,0.0,0.0,0.5443454722034158,0,0,0,0,0,0,0.0386590496159924,-0.07633007922485523,0.222987757292009,0.0,0.0,0.0
image_920.png,surface,0.0,0.0,0.9708588984867847,16.29653946090785,-6.016505273839687,0.0,2.6479355976243166,1.2478696711406154,0.0,0.0,0.0,-1.0052791554244982,0,0,0,0,0,0,0.06472293764541875,0.009254561973534109,0.2567507744185381,0.0,0.0,0.0
image_921.png,surface,0.0,0.0,2.9495788599052233,-0.8157944717818574,21.281169074266064,0.0,0.5257786281786652,0.43110375463225,0.0,0.0,0.0,-1.529407820200318,0,0,0,0,0,0,-0.07061265192043241,0.14889887038601488,1.8486055758134725,0.0,0.0,0.0
image_922.png,surface,0.0,0.0,1.4613016727835255,-16.051139944402504,13.36577480359018,0.0,-0.07112863840786099,-1.5209797478260785,0.0,0.0,0.0,1.4888343253937553,0,0,0,0,0,0,0.030300829771451335,-0.1671531517290186,0.5063112766712408,0.0,0.0,0.0
image_923.png,surface,0.0,0.0,1.7990285912014568,-5.012611223241444,-6.60562307715231,0.0,2.426669057052876,-1.3314402363944542,0.0,0.0,0.0,1.5515434469233806,0,0,0,0,0,0,0.14649408699851207,-0.1320886971327114,0.5018408031072653,0.0,0.0,0.0
image_924.png,surface,0.0,0.0,2.1627844658171282,15.873760788919649,-4.36628395785734,0.0,-2.809178924018729,0.49921138981418095,0.0,0.0,0.0,-2.5394363026924633,0,0,0,0,0,0,-0.42387680100174147,0.11736445778675182,1.019991465810573,0.0,0.0,0.0
image_925.png,surface,0.0,0.0,1.7457272996583078,16.00062151031267,-7.408632157009507,0.0,2.600406911244294,-0.8027619995756559,0.0,0.0,0.0,-0.1517024898368371,0,0,0,0,0,0,0.20913507913276333,-0.07500080761723388,0.7150167417978214,0.0,0.0,0.0
image_926.png,surface,0.0,0.0,2.3146910976792454,-6.420552874386018,9.701270358888397,0.0,-1.118087536626896,0.5002467780189995,0.0,0.0,0.0,-0.19001258454817638,0,0,0,0,0,0,-0.33882141304258134,0.010717547293164709,0.8594161641195226,0.0,0.0,0.0
image_927.png,surface,0.0,0.0,0.5650755616873291,-17.65889959559228,5.773461973472235,0.0,0.969180985282139,0.8076119351325858,0.0,0.0,0.0,2.451149356782471,0,0,0,0,0,0,0.04603260663471073,0.0037801652936260977,0.12975984955175912,0.0,0.0,0.0
image_928.png,surface,0.0,0.0,2.191753866424514,-16.49138587487141,8.402318424951625,0.0,-0.6738485032960729,1.8851425243582343,0.0,0.0,0.0,0.6109304544958976,0,0,0,0,0,0,-0.14571944499179879,0.37345295902686193,0.8787093167632528,0.0,0.0,0.0
image_929.png,surface,0.0,0.0,1.3109837437981418,-13.27373777683238,-13.667469167817071,0.0,0.39422017536883575,-0.0422474514058821,0.0,0.0,0.0,-0.5672231592540187,0,0,0,0,0,0,0.17904731396040816,-0.07602332423848106,0.630510946815258,0.0,0.0,0.0
image_930.png,surface,0.0,0.0,2.6984102424066783,-14.330032146711613,5.851286557175016,0.0,-0.6432405735838751,2.624154956874945,0.0,0.0,0.0,0.8282110267528431,0,0,0,0,0,0,-0.13763668723608904,0.45319037825421193,1.1817055994285108,0.0,0.0,0.0
image_931.png,surface,0.0,0.0,0.8585198005718506,0.39012400145485765,-19.34834588759451,0.0,-0.7917444609187249,-1.0034960508418225,0.0,0.0,0.0,0.5672819745376758,0,0,0,0,0,0,-0.06585522380061537,-0.12135227260961587,0.3517427551435735,0.0,0.0,0.0
image_932.png,surface,0.0,0.0,0.5766086600086608,-6.320300751401519,-7.275113501953665,0.0,0.4191569295375668,-1.3960551741430396,0.0,0.0,0.0,2.226861386025737,0,0,0,0,0,0,0.0016253785131043659,-0.02967972475857025,0.060706440714405945,0.0,0.0,0.0
image_933.png,surface,0.0,0.0,0.6523777362128724,10.836325221068877,-11.050641137290233,0.0,-2.0080490038363963,-1.4314559852009627,0.0,0.0,0.0,-1.6036225175192445,0,0,0,0,0,0,-0.06404417470829861,-0.01920286214702216,0.1363918707730417,0.0,0.0,0.0
image_934.png,surface,0.0,0.0,1.8054629102482016,-0.1334904506819288,-12.483119946702349,0.0,-0.604183466494295,-2.523886795251461,0.0,0.0,0.0,-0.6222234593440676,0,0,0,0,0,0,-0.009240916040796354,-0.23778230751479737,0.6989257165720427,0.0,0.0,0.0
image_935.png,surface,0.0,0.0,1.0381216781025437,24.122875223036534,2.887099845244941,0.0,1.4584011474479108,-2.446173794579965,0.0,0.0,0.0,-1.076230953392308,0,0,0,0,0,0,0.09006240603791844,-0.08276406842624137,0.3960455501032521,0.0,0.0,0.0
image_936.png,surface,0.0,0.0,2.3829442356488153,-7.33325670846516,14.427080099038404,0.0,-0.2487790219401733,-1.1587817361729806,0.0,0.0,0.0,1.0454270908026002,0,0,0,0,0,0,-0.11410522415591927,-0.3664023136477395,1.1019873645464282,0.0,0.0,0.0
image_937.png,surface,0.0,0.0,0.6388150006204656,-5.502735048732016,-2.208431099140072,0.0,2.5625574696197053,-1.1354217531991133,0.0,0.0,0.0,1.3911180537134085,0,0,0,0,0,0,-0.0031457466166546397,-0.01138926205819944,0.03861980034413508,0.0,0.0,0.0
image_938.png,surface,0.0,0.0,1.0870722454230506,-9.354661637108752,-2.532260404336543,0.0,1.8236435073228534,1.1706264738564311,0.0,0.0,0.0,-2.8487069366645015,0,0,0,0,0,0,0.07225629311345916,0.03677127080254298,0.179399523541358,0.0,0.0,0.0
image_939.png,surface,0.0,0.0,2.5756040534262543,18.830841097104653,-2.1297195858247044,0.0,-0.5033818270127635,1.554614449147508,0.0,0.0,0.0,2.2394661117566095,0,0,0,0,0,0,-0.08685730571151588,0.7578625769260111,2.317701611517071,0.0,0.0,0.0
image_940.png,surface,0.0,0.0,0.614102897318725,-22.137118642601376,5.315750391387683,0.0,-0.013995188360976617,0.3564169102108175,0.0,0.0,0.0,-0.05020490531831712,0,0,0,0,0,0,-0.006684140851643261,0.06022308278647075,0.22899453745539292,0.0,0.0,0.0
image_941.png,surface,0.0,0.0,2.4690320420977363,20.36375507352487,0.05930529897256328,0.0,1.6435643518518308,2.197569828072037,0.0,0.0,0.0,-1.18110826107245,0,0,0,0,0,0,0.38756146197580615,0.7553251626028245,2.1010042258682784,0.0,0.0,0.0
image_942.png,surface,0.0,0.0,0.7794126481216097,22.10047889089087,-7.924365615131255,0.0,-1.8964301921379862,0.307889131159999,0.0,0.0,0.0,-0.4334467335629011,0,0,0,0,0,0,-0.14511373277436848,0.03544671850240432,0.40582610665180974,0.0,0.0,0.0
image_943.png,surface,0.0,0.0,2.6068975238211833,-17.535400918227126,-8.81452024041506,0.0,0.5196029011918806,-2.8025043896109207,0.0,0.0,0.0,2.32975275758338,0,0,0,0,0,0,0.3664680666652929,-0.9479877443782178,2.8874078654516793,0.0,0.0,0.0
image_944.png,surface,0.0,0.0,2.4601054449860413,12.947737822405216,10.218198529342075,0.0,0.2643190401230953,-2.0625410275071054,0.0,0.0,0.0,-0.12463548013161496,0,0,0,0,0,0,0.057819644634705354,-0.3006340445691203,0.9273441390526571,0.0,0.0,0.0
image_945.png,surface,0.0,0.0,1.0468895289467832,1.3811908372315287,-20.497824249315908,0.0,2.156395566500313,-1.7747549093575479,0.0,0.0,0.0,-2.117604539516684,0,0,0,0,0,0,0.14343356622149617,-0.11519357634471929,0.5546111483939137,0.0,0.0,0.0
image_946.png,surface,0.0,0.0,1.5049311387650073,-8.106023632298793,-21.079870552491204,0.0,-1.2833233448885828,-1.7841533921009842,0.0,0.0,0.0,0.8305917069629274,0,0,0,0,0,0,-0.057956614734124466,-0.3526785674881079,1.0223584498154745,0.0,0.0,0.0
image_947.png,surface,0.0,0.0,1.6450114009702703,1.4461924411855616,23.45983672012609,0.0,-0.42748889735944573,-1.1607812773028425,0.0,0.0,0.0,-2.7895514244784834,0,0,0,0,0,0,-0.07781727914986745,-0.16754013494259834,0.6009683068295447,0.0,0.0,0.0
image_948.png,surface,0.0,0.0,1.4844412976207702,5.341911042802161,-6.336553962807676,0.0,-2.463763876437727,-1.5222852633363586,0.0,0.0,0.0,0.15914965861588293,0,0,0,0,0,0,-0.1258618243560429,-0.04161957268974889,0.2859807938753016,0.0,0.0,0.0
image_949.png,surface,0.0,0.0,1.0275790555844242,16.99185598821503,14.265212415498118,0.0,0.6587660781079804,-0.0811464175394844,0.0,0.0,0.0,-2.0367295630196365,0,0,0,0,0,0,0.08193551347239585,-0.009292316433395594,0.26721016411567156,0.0,0.0,0.0
image_950.png,surface,0.0,0.0,1.065394675258103,-22.288444655962035,4.006951407142857,0.0,1.3554260820768558,-1.8031185571075972,0.0,0.0,0.0,-0.6179604279924735,0,0,0,0,0,0,0.09709353780808931,-0.12201297565719096,0.4768356267988741,0.0,0.0,0.0
image_951.png,surface,0.0,0.0,2.226739664671527,-4.313585571776493,0.005134648010840091,0.0,2.155455655089208,1.7426376952266258,0.0,0.0,0.0,2.8160460025462157,0,0,0,0,0,0,0.23834623566883792,0.12445285762573607,0.5999589891217949,0.0,0.0,0.0
image_952.png,surface,0.0,0.0,0.8788928131143923,-11.200044894628462,2.97678716994486,0.0,-0.8911806124593153,1.9810493816222663,0.0,0.0,0.0,0.16246915196043688,0,0,0,0,0,0,-0.037423274941235304,0.028226178053904965,0.12011327322989374,0.0,0.0,0.0
image_953.png,surface,0.0,0.0,1.2049664786100596,-5.5029806964943795,-20.76827573183206,0.0,-1.7604510610014097,-1.2269275907048416,0.0,0.0,0.0,-1.850086132526859,0,0,0,0,0,0,-0.1644295605724229,-0.15969664590638524,0.5539345482491165,0.0,0.0,0.0
image_954.png,surface,0.0,0.0,0.6575645615702346,-5.879348109879816,-9.576335423914603,0.0,-2.643287616211859,0.7586346239653119,0.0,0.0,0.0,-0.3103687959580377,0,0,0,0,0,0,-0.04056141210792204,0.003242164240600661,0.09463470012052226,0.0,0.0,0.0
image_955.png,surface,0.0,0.0,1.0452708395877546,4.839191435290456,-15.652389458358577,0.0,-2.1708479450164466,0.45218071776641156,0.0,0.0,0.0,1.0847754065220219,0,0,0,0,0,0,-0.13027682722731268,0.04079841318776264,0.2907370919228879,0.0,0.0,0.0
image_956.png,surface,0.0,0.0,0.5945213758043748,2.116943599810769,13.914899937924588,0.0,-0.31515747594775084,-0.00641551579492882,0.0,0.0,0.0,2.6358269801232206,0,0,0,0,0,0,-0.029984276652794573,0.005628560724342179,0.0476299705892107,0.0,0.0,0.0
image_957.png,surface,0.0,0.0,2.245846834488977,-8.385278885388741,-15.496896422857311,0.0,-1.037415384905252,-2.614460912000299,0.0,0.0,0.0,0.39978626248106064,0,0,0,0,0,0,-0.006063209734277556,-0.6195931600934838,1.5691764150234369,0.0,0.0,0.0
image_958.png,surface,0.0,0.0,1.5110727133800412,4.764700618518752,24.390446767319478,0.0,0.8203054905381398,2.404117705811246,0.0,0.0,0.0,2.5189683910867355,0,0,0,0,0,0,0.0380594249585362,0.21880911833193223,0.5792367140600093,0.0,0.0,0.0
image_959.png,surface,0.0,0.0,1.4441707179714363,-13.86648140810546,5.220940826763544,0.0,-2.6449923153534187,-1.1733138146830573,0.0,0.0,0.0,-1.8015655033554439,0,0,0,0,0,0,-0.14478652642575668,-0.03034042780614532,0.3529039171082429,0.0,0.0,0.0
image_960.png,surface,0.0,0.0,1.7140955902057062,17.903450998118814,-5.34137905628426,0.0,-1.5870946748319987,0.8422663483322355,0.0,0.0,0.0,2.287811493419065,0,0,0,0,0,0,-0.32075657881921965,0.25309174098860904,0.8228395622324491,0.0,0.0,0.0
image_961.png,surface,0.0,0.0,1.153236536444152,-1.9798720608297162,-22.074679395025715,0.0,1.9445500226837296,2.117852877386198,0.0,0.0,0.0,1.7975646723705143,0,0,0,0,0,0,0.18406955093910152,0.1662910915621825,0.671495498160517,0.0,0.0,0.0
image_962.png,surface,0.0,0.0,1.4008339807535137,-8.432957386572802,9.259423841110289,0.0,-1.994870861721169,-1.9465536688417358,0.0,0.0,0.0,2.6996863832895697,0,0,0,0,0,0,-0.07776857867007408,-0.08005675903367765,0.26340512567760255,0.0,0.0,0.0
image_963.png,surface,0.0,0.0,1.9774141795372073,18.758209338950103,13.30516737124704,0.0,-1.6154146216934542,-2.181938550351466,0.0,0.0,0.0,0.7773747870207774,0,0,0,0,0,0,-0.21428515487091487,-0.2098156913724396,0.9736945984769539,0.0,0.0,0.0
image_964.png,surface,0.0,0.0,1.0613096662327546,-12.144873657504931,20.377722283885284,0.0,-0.982510679773711,1.9987398505213332,0.0,0.0,0.0,-2.5009859056451824,0,0,0,0,0,0,-0.0789586966450251,0.12081112535160192,0.34503257879005356,0.0,0.0,0.0
image_965.png,surface,0.0,0.0,1.6549198679467774,17.762287106106598,7.15610016803506,0.0,0.18886826109462895,1.24300775905752,0.0,0.0,0.0,0.5513357370147762,0,0,0,0,0,0,0.0033146764059376038,0.24123212128463575,0.6794137295580476,0.0,0.0,0.0
image_966.png,surface,0.0,0.0,1.9373066281980398,1.4192131082767887,3.0153601181215195,0.0,0.13805704201281455,-0.12372761939649703,0.0,0.0,0.0,-2.7285529746202375,0,0,0,0,0,0,0.04481661652986944,-0.030557515950348595,0.4070989188053888,0.0,0.0,0.0
image_967.png,surface,0.0,0.0,0.8452349930091705,2.2985836274475617,6.414603505358164,0.0,-1.0100074276542796,-2.815488903906211,0.0,0.0,0.0,1.3474659318126623,0,0,0,0,0,0,-0.007429866948479632,-0.009858633331317115,0.05077850591648625,0.0,0.0,0.0
image_968.png,surface,0.0,0.0,1.2674248430429085,-16.39734068454876,-10.452758717969322,0.0,-0.915029436786986,0.46340855149493787,0.0,0.0,0.0,-2.8794327671566737,0,0,0,0,0,0,-0.19661601204587478,0.031793974510810494,0.448923079571255,0.0,0.0,0.0
image_969.png,surface,0.0,0.0,1.880530692340261,-14.79471255489291,11.117058191432285,0.0,-0.7552520657747575,-0.47115644101547866,0.0,0.0,0.0,-2.7048619360168047,0,0,0,0,0,0,-0.169473104011026,-0.15397684523737806,0.7287184529809151,0.0,0.0,0.0
image_970.png,surface,0.0,0.0,1.5031495378157205,14.277618176085644,-1.4651211968118962,0.0,-1.5918539293307457,-1.0600450804830988,0.0,0.0,0.0,2.3050603585708656,0,0,0,0,0,0,-0.13557300440484402,-0.06284544464434622,0.3689815443113514,0.0,0.0,0.0
image_971.png,surface,0.0,0.0,2.2899865106959276,-5.706766967921666,-11.335094617007712,0.0,0.5982862161230976,-1.368717891168369,0.0,0.0,0.0,2.4570497828913833,0,0,0,0,0,0,0.27643305464725815,-0.36309879840986364,1.2012354504727325,0.0,0.0,0.0
image_972.png,surface,0.0,0.0,1.0783044692932695,8.482111134859617,-3.300038412077642,0.0,-2.351537696620909,-0.5847430977643912,0.0,0.0,0.0,1.7407337659578,0,0,0,0,0,0,-0.06096995692134066,0.0008227326044804075,0.14143399330423884,0.0,0.0,0.0
image_973.png,surface,0.0,0.0,1.676809277268457,-23.263508689284244,-1.341517185097884,0.0,0.9290525939027409,-2.138281312124739,0.0,0.0,0.0,-1.9799558180596508,0,0,0,0,0,0,0.17937604219901343,-0.356208609485152,1.134071162831744,0.0,0.0,0.0
image_974.png,surface,0.0,0.0,2.5526151761429934,-9.842401146962553,12.658943004502612,0.0,2.3051151199879314,0.5068651513846754,0.0,0.0,0.0,-0.4194334850559924,0,0,0,0,0,0,0.3446137263580076,-0.011840742474042432,0.9849645685455769,0.0,0.0,0.0
image_975.png,surface,0.0,0.0,0.8569232917340798,-2.524545469402062,12.158291803556626,0.0,0.032472098522070565,2.2386869693460505,0.0,0.0,0.0,-2.6897300178462116,0,0,0,0,0,0,-0.0017897426324072763,0.03351180243450579,0.08181502542982129,0.0,0.0,0.0
image_976.png,surface,0.0,0.0,2.737319784097377,-13.58133612572146,-3.8197576547646053,0.0,-0.8184921179694912,0.6009199837705713,0.0,0.0,0.0,2.0172922278913257,0,0,0,0,0,0,-0.1047182066757427,-0.036116860164944815,1.4783802483976578,0.0,0.0,0.0
image_977.png,surface,0.0,0.0,1.6181147125697246,11.858304499942646,-20.43910424088651,0.0,2.4009226757224966,1.421295625067583,0.0,0.0,0.0,-1.349018683681879,0,0,0,0,0,0,0.4318941174877283,0.13074526760264185,1.4148579899189295,0.0,0.0,0.0
image_978.png,surface,0.0,0.0,1.6996007356806702,16.350445122265164,6.863567443745651,0.0,0.8652454795828854,1.509276430078344,0.0,0.0,0.0,0.6120118900949763,0,0,0,0,0,0,0.09137731899233997,0.18821070171673365,0.5951401669684181,0.0,0.0,0.0
image_979.png,surface,0.0,0.0,2.0897710155890286,-0.18473125451369402,-23.020925981278662,0.0,1.8391572060246653,-0.4057114652425765,0.0,0.0,0.0,2.3518807478881705,0,0,0,0,0,0,0.6889869940970357,-0.18142119135165227,2.1793558624380984,0.0,0.0,0.0
image_980.png,surface,0.0,0.0,1.8545839283109236,17.71880493310606,-6.330381661477332,0.0,-0.5874461982334765,-0.8958931892065908,0.0,0.0,0.0,2.924329022919613,0,0,0,0,0,0,-0.1592292624644846,-0.11699949800809135,0.7293213640010315,0.0,0.0,0.0
image_981.png,surface,0.0,0.0,2.5581253328661617,-15.433242701352272,-6.002961012395641,0.0,-1.3355270012535132,1.0281612486733767,0.0,0.0,0.0,0.44287360948819465,0,0,0,0,0,0,-0.3004393474054137,0.13101269502666044,1.3395878985630412,0.0,0.0,0.0
image_982.png,surface,0.0,0.0,0.9666002406838057,-6.538834013262642,10.530980737543937,0.0,-2.596565899295499,-0.09988792552561984,0.0,0.0,0.0,2.7822041270378053,0,0,0,0,0,0,-0.059213695868791466,0.0004766500557505937,0.12450782466541031,0.0,0.0,0.0
image_983.png,surface,0.0,0.0,0.8247615849575534,13.301225964577782,-7.251098625977813,0.0,0.7949758699688096,2.3193905390867062,0.0,0.0,0.0,-0.8982826671896267,0,0,0,0,0,0,0.016710352129107764,0.04961722577039605,0.17203061107326648,0.0,0.0,0.0
image_984.png,surface,0.0,0.0,1.1587116730771603,8.62703667123782,-15.226605312487585,0.0,-0.5679618787479717,0.45671673952850617,0.0,0.0,0.0,1.2283361504104713,0,0,0,0,0,0,-0.09462503223856215,0.11189949972180911,0.3859300429879623,0.0,0.0,0.0
image_985.png,surface,0.0,0.0,2.994533384423537,9.0961655800103,-18.243516266126612,0.0,-0.826702640718159,2.5788800122833124,0.0,0.0,0.0,0.4671906269168291,0,0,0,0,0,0,0.33503342884865134,1.0461336089930062,3.5960873425269444,0.0,0.0,0.0
image_986.png,surface,0.0,0.0,0.7471610405815048,10.669235585566007,16.302833284316463,0.0,0.2631899896567049,-1.466203371665536,0.0,0.0,0.0,1.1420712432257512,0,0,0,0,0,0,0.012260345787986463,-0.03924418792346696,0.13290838487903478,0.0,0.0,0.0
image_987.png,surface,0.0,0.0,1.8261295233387216,-1.9157191371372377,0.9252083807024116,0.0,-0.9340745436970981,2.12430899861788,0.0,0.0,0.0,-1.6948888066052927,0,0,0,0,0,0,-0.09159647115141042,0.15196642024975657,0.35725827447575115,0.0,0.0,0.0
image_988.png,surface,0.0,0.0,2.4334518381907038,6.57255809361681,-4.33428293196009,0.0,-0.6419149275075582,0.609346784609726,0.0,0.0,0.0,2.170800481224969,0,0,0,0,0,0,-0.14502089748476224,0.21161846683082314,0.9303519951419063,0.0,0.0,0.0
image_989.png,surface,0.0,0.0,2.5814903833636467,2.6601442566416322,15.587320276666313,0.0,-2.20720837879461,1.2578677250381303,0.0,0.0,0.0,1.4360671626843207,0,0,0,0,0,0,-0.6723131673277731,0.3249494898223781,1.6346257557627604,0.0,0.0,0.0
image_990.png,surface,0.0,0.0,2.893561732489391,6.148554165864429,-13.907736819381629,0.0,1.5491941868078603,0.2258012476233562,0.0,0.0,0.0,-0.12824305355814758,0,0,0,0,0,0,0.8489908985682337,0.18349139423405433,2.6970889534348803,0.0,0.0,0.0
image_991.png,surface,0.0,0.0,2.9879172512222922,6.509513810705653,18.18867326999971,0.0,2.377641782049303,-0.3812238232354428,0.0,0.0,0.0,-0.20141970713798996,0,0,0,0,0,0,0.43953400525531694,-0.01519145078674472,1.4039118053981456,0.0,0.0,0.0
image_992.png,surface,0.0,0.0,1.8806403942193877,-18.00190716628916,-3.885397895978891,0.0,-0.8978943230251266,1.532924924900012,0.0,0.0,0.0,1.6223372753542948,0,0,0,0,0,0,-0.14050392798392508,0.3313001045915705,0.6624652308814373,0.0,0.0,0.0
image_993.png,surface,0.0,0.0,1.1019671024553341,14.340216516950889,16.600205129702427,0.0,1.8336187095051477,2.2188754446923897,0.0,0.0,0.0,2.426573356638386,0,0,0,0,0,0,0.06258316031449657,0.08202628335644908,0.31505450306759014,0.0,0.0,0.0
image_994.png,surface,0.0,0.0,1.7997411088325717,4.624754501135793,24.447585676021266,0.0,0.6021271613958,-0.21948667504118086,0.0,0.0,0.0,-1.0935508152460138,0,0,0,0,0,0,0.13028291478728662,-0.010755301753026192,0.6806195515982804,0.0,0.0,0.0
image_995.png,surface,0.0,0.0,2.3400804565288817,6.026114667317931,0.1922279380413677,0.0,-2.4838592089758635,0.7878998326033508,0.0,0.0,0.0,0.24537102954409074,0,0,0,0,0,0,-0.3081325013227763,0.0959954335051799,0.7726528023171888,0.0,0.0,0.0
image_996.png,surface,0.0,0.0,1.6916692564435483,-8.112355570203512,18.36536868664441,0.0,-0.017599938011283255,-0.48431866371408117,0.0,0.0,0.0,1.0102985788675873,0,0,0,0,0,0,-0.04120060590521035,-0.16219787887220535,0.5971677343990325,0.0,0.0,0.0
image_997.png,surface,0.0,0.0,1.180775493649746,4.69545523782541,-19.31794852694688,0.0,2.0194452669602105,1.610041401514873,0.0,0.0,0.0,2.969468819451004,0,0,0,0,0,0,0.16062026991858316,0.09824182386693522,0.5876395072774122,0.0,0.0,0.0
image_998.png,surface,0.0,0.0,2.5552325623504677,-19.769678595389546,11.420872429056264,0.0,1.3098228774326803,2.4687413767206534,0.0,0.0,0.0,0.5293432779161811,0,0,0,0,0,0,0.21896496660106113,0.35536857275323525,1.2388481661128943,0.0,0.0,0.0
image_999.png,surface,0.0,0.0,2.5727872209569567,-1.1622202873028926,-6.679945332424281,0.0,-2.4906481139407735,0.3402692381645147,0.0,0.0,0.0,-0.4523105559738525,0,0,0,0,0,0,-0.4276754384256264,0.06484800411949637,1.00405675084927,0.0,0.0,0.0
image_1000.png,surface,0.0,0.0,1.8766197282961592,20.33345762589806,-4.0806617518292265,0.0,1.3642050074086576,0.5309349007248797,0.0,0.0,0.0,2.4097961728967476,0,0,0,0,0,0,0.2710973083298945,0.21369496212320188,1.079264318099368,0.0,0.0,0.0
image_1001.png,surface,0.0,0.0,2.0039000074391122,-6.21050916989195,24.01277723476428,0.0,0.20806665085710663,-0.7243534079178526,0.0,0.0,0.0,-0.7844620574298271,0,0,0,0,0,0,-0.081929425912422,-0.2598025962289788,1.0486498363001153,0.0,0.0,0.0
image_1002.png,surface,0.0,0.0,1.783835418085009,13.122766617159046,0.754142279333591,0.0,2.4776706294027964,-1.4963278155161939,0.0,0.0,0.0,-1.732043980326978,0,0,0,0,0,0,0.1444714951970928,-0.11217321955580453,0.4460983297918194,0.0,0.0,0.0
image_1003.png,surface,0.0,0.0,2.4553433235962765,-13.523330126079644,-3.4525606189994864,0.0,-2.6172588020795122,0.6669125441299583,0.0,0.0,0.0,-0.13857138832133176,0,0,0,0,0,0,-0.49236489449118725,0.05880729054166694,1.082138193961923,0.0,0.0,0.0
image_1004.png,surface,0.0,0.0,2.717695493963851,-19.208830781594365,12.461264604360613,0.0,1.6302957248723278,-0.9035940150380023,0.0,0.0,0.0,-2.506593860635004,0,0,0,0,0,0,0.35500823501390977,-0.49698555169347547,1.870363964628346,0.0,0.0,0.0
image_1005.png,surface,0.0,0.0,0.5050298011789704,-13.359139551297051,-16.156364736273048,0.0,2.0201802003988014,-0.9782064536890944,0.0,0.0,0.0,-1.574043807978101,0,0,0,0,0,0,0.07570489583882871,-0.06129908489252166,0.2802375081577465,0.0,0.0,0.0
image_1006.png,surface,0.0,0.0,2.9340674907098627,-3.4812181582742223,11.764627628009958,0.0,2.298588394846807,-1.4775472406451318,0.0,0.0,0.0,-2.4990133487149793,0,0,0,0,0,0,0.3602907151814997,-0.28357846732671727,1.1997259399186622,0.0,0.0,0.0
image_1007.png,surface,0.0,0.0,1.3603018424322872,-4.059843842969763,-17.690533576313282,0.0,-0.4988023912895598,-1.8204976531053765,0.0,0.0,0.0,-0.7334882408083128,0,0,0,0,0,0,0.01262864316642398,-0.20755042378075367,0.5838858279262418,0.0,0.0,0.0
image_1008.png,surface,0.0,0.0,1.4978183541804808,3.5917087670749424,2.6438729961704417,0.0,2.7008946572028054,-0.37367229122794116,0.0,0.0,0.0,-1.613073963123887,0,0,0,0,0,0,0.07700458989331495,-0.03933385476563785,0.20833925250695423,0.0,0.0,0.0
image_1009.png,surface,0.0,0.0,1.419208001104206,7.926556274696378,14.344978337942374,0.0,2.7937151669730103,0.7596872058360277,0.0,0.0,0.0,2.39540430946923,0,0,0,0,0,0,0.10426620534766,0.004393675266374408,0.281894396961178,0.0,0.0,0.0
image_1010.png,surface,0.0,0.0,2.610908458322218,5.66124204356913,11.195059636261238,0.0,1.790652885673064,0.8716667345622805,0.0,0.0,0.0,-1.9653672348454159,0,0,0,0,0,0,0.314796857604503,0.1396962207947903,0.9231237619118416,0.0,0.0,0.0
image_1011.png,surface,0.0,0.0,2.341981597351258,-5.814231292211466,23.295465513121684,0.0,1.7677874764406698,2.35596460899205,0.0,0.0,0.0,0.5163637955789202,0,0,0,0,0,0,0.21045455775716554,0.3196434151093524,1.0792777161220366,0.0,0.0,0.0
image_1012.png,surface,0.0,0.0,0.9472772314869505,4.502610047857188,0.49728493713931227,0.0,-1.239049545420666,-0.44627948661203876,0.0,0.0,0.0,-2.824082385264202,0,0,0,0,0,0,-0.04829261327512313,-0.01693759455533607,0.07395708513430164,0.0,0.0,0.0
image_1013.png,surface,0.0,0.0,1.5202338893948515,-16.193015321050577,16.46441113644284,0.0,0.3785114398259737,0.7456898634804202,0.0,0.0,0.0,-1.6730165369695806,0,0,0,0,0,0,0.05658995751992208,0.15468946066726252,0.49579382887587364,0.0,0.0,0.0
image_1014.png,surface,0.0,0.0,0.5068168289050461,23.428840804416165,7.392850434161893,0.0,2.463211343914797,-0.13481950930736916,0.0,0.0,0.0,1.562579950228514,0,0,0,0,0,0,0.06299711439274037,-0.03387676221316637,0.20582042424513414,0.0,0.0,0.0
image_1015.png,surface,0.0,0.0,2.5077833030911614,-11.790021840513546,-14.940410170284126,0.0,0.4474276063307003,-2.5065827208268106,0.0,0.0,0.0,-1.4512262985115398,0,0,0,0,0,0,0.41698111744099536,-0.8508392267447709,2.6202512934266893,0.0,0.0,0.0
image_1016.png,surface,0.0,0.0,1.090701190548566,-5.477790428332986,-7.974766716641409,0.0,0.3867143440266132,2.193325511711412,0.0,0.0,0.0,-2.161118900091221,0,0,0,0,0,0,-0.007601840517749992,0.09315126419561845,0.17363837379357747,0.0,0.0,0.0
image_1017.png,surface,0.0,0.0,0.7075417257335559,-7.9641280913285275,8.562654058841806,0.0,1.7378162505025816,-1.79019104245601,0.0,0.0,0.0,-2.2467427073570265,0,0,0,0,0,0,0.013130866864293322,-0.01874980862868493,0.057222954820399116,0.0,0.0,0.0
image_1018.png,surface,0.0,0.0,2.15192242171132,-11.526957773044117,8.813720432899347,0.0,-2.32278504173202,-0.060442513173569246,0.0,0.0,0.0,-0.17388046693594905,0,0,0,0,0,0,-0.35700799846542647,-0.0490634936924284,0.8399220411357529,0.0,0.0,0.0
image_1019.png,surface,0.0,0.0,1.0477390154289263,0.43451323481411025,-13.204641441135852,0.0,-2.107561259287131,0.971006955362783,0.0,0.0,0.0,-0.6261661948608523,0,0,0,0,0,0,-0.1166528680051111,0.04606516033843277,0.23237977118315847,0.0,0.0,0.0
image_1020.png,surface,0.0,0.0,1.8725192091995428,17.165802578940003,-17.327293689232622,0.0,1.8308324652115795,2.3461490355764814,0.0,0.0,0.0,0.9197293524337349,0,0,0,0,0,0,0.5566282213585552,0.6085122261241535,2.1280124065657224,0.0,0.0,0.0
image_1021.png,surface,0.0,0.0,0.9030122606755071,-22.67761909363461,-7.117254822984265,0.0,0.7453618229703917,-0.6474202274170178,0.0,0.0,0.0,0.3611649681977669,0,0,0,0,0,0,0.11783081086011343,-0.14855908024726214,0.5291013132316479,0.0,0.0,0.0
image_1022.png,surface,0.0,0.0,2.4752708819114906,6.8528852936396,-17.497361360385668,0.0,0.2362172595953648,-0.7578106880019987,0.0,0.0,0.0,-2.530984584758939,0,0,0,0,0,0,0.3979027044819342,-0.13180553868375047,1.9025192190345648,0.0,0.0,0.0
image_1023.png,surface,0.0,0.0,2.9549338130529694,18.591928351432184,10.139017774159159,0.0,-0.7516845686499152,1.5722452145219452,0.0,0.0,0.0,-2.837019262209468,0,0,0,0,0,0,-0.3967597650967833,0.9595248780708757,3.30659180070474,0.0,0.0,0.0
image_1024.png,surface,0.0,0.0,0.7687301454672388,3.4611359735633047,4.836475631714122,0.0,0.010627196112508435,-2.102565367218007,0.0,0.0,0.0,0.03599990929556807,0,0,0,0,0,0,-0.011615064430724242,0.00031933980632793403,0.04073445492209946,0.0,0.0,0.0
image_1025.png,surface,0.0,0.0,2.603531527180868,18.998818953924836,2.6612250780196427,0.0,-0.6581520702263035,-0.09257265666061934,0.0,0.0,0.0,2.4357392639437316,0,0,0,0,0,0,-0.30248628944672995,0.23582851421696802,1.7868630213459755,0.0,0.0,0.0
image_1026.png,surface,0.0,0.0,1.7244738801942956,-0.33275016128588036,-4.643992685631225,0.0,-0.8287081982962212,-2.4482789272220016,0.0,0.0,0.0,-1.1831110902227164,0,0,0,0,0,0,-0.027418370123680195,-0.14058345060153413,0.37018736635158495,0.0,0.0,0.0
image_1027.png,surface,0.0,0.0,0.6285271632441087,8.386521000673662,3.3123893159997664,0.0,-2.2745637167760413,-0.09794271983215293,0.0,0.0,0.0,0.6393634525933352,0,0,0,0,0,0,-0.005862320255129783,0.005620695211871027,0.018225776837746954,0.0,0.0,0.0
image_1028.png,surface,0.0,0.0,1.8032689876046513,12.443522751426405,-6.554372336426408,0.0,-1.0791786690689014,-0.8020624301601869,0.0,0.0,0.0,2.231583438982657,0,0,0,0,0,0,-0.20506554529002843,-0.11344743257612808,0.5128763077791768,0.0,0.0,0.0
image_1029.png,surface,0.0,0.0,1.7048072980585556,-0.42146808963475163,-3.070695372029385,0.0,1.6558812156293017,1.2686452931468943,0.0,0.0,0.0,2.647775660901444,0,0,0,0,0,0,0.12261106732983353,0.067679588609104,0.32892145653027144,0.0,0.0,0.0
image_1030.png,surface,0.0,0.0,2.7285325073277797,3.365339954922191,16.97408200823232,0.0,-0.17917566388097753,-2.811160234905922,0.0,0.0,0.0,-2.7165039748501867,0,0,0,0,0,0,-0.018828823000120565,-0.42575232454991424,1.213159690648371,0.0,0.0,0.0
image_1031.png,surface,0.0,0.0,1.3509794680094571,4.332622316766728,-3.7264882969186175,0.0,1.1778700773686444,-0.6328552268903991,0.0,0.0,0.0,-1.6802545901388282,0,0,0,0,0,0,0.07307811370997269,-0.0464332663220818,0.214547003010377,0.0,0.0,0.0
image_1032.png,surface,0.0,0.0,2.3937304164414304,5.620844910166535,-12.260735350027074,0.0,-1.5709031706952745,-2.3601649881478384,0.0,0.0,0.0,-1.9932747703226097,0,0,0,0,0,0,-0.10754740017374019,-0.33048838370454975,1.0189665170763753,0.0,0.0,0.0
image_1033.png,surface,0.0,0.0,0.8307650251117276,-20.417697529587013,-10.273160382114293,0.0,-0.0922869500312467,-0.5610975110927083,0.0,0.0,0.0,2.9770709107845112,0,0,0,0,0,0,0.06371240268970582,-0.13319616128864678,0.4887375369367316,0.0,0.0,0.0
image_1034.png,surface,0.0,0.0,1.471258131394723,-11.20285032208526,-3.623112156578101,0.0,-1.2908154936624887,-2.0540270681244124,0.0,0.0,0.0,0.9478092801370535,0,0,0,0,0,0,-0.055536809644390304,-0.14303434428753892,0.4280444942449951,0.0,0.0,0.0
image_1035.png,surface,0.0,0.0,1.8483970910688594,-15.612693443011734,-0.8489506656063929,0.0,-0.4896413839702078,0.20714233544000055,0.0,0.0,0.0,-1.129677094324553,0,0,0,0,0,0,-0.137947152794772,-0.07216293071764938,0.6618846498991029,0.0,0.0,0.0
image_1036.png,surface,0.0,0.0,0.9538057632366785,17.645680975211842,-5.879742798057636,0.0,-2.5586323678795586,-0.4306967796761226,0.0,0.0,0.0,-0.14400733334941762,0,0,0,0,0,0,-0.12258367330995013,0.017843701592010444,0.3050729761789935,0.0,0.0,0.0
image_1037.png,surface,0.0,0.0,0.9944250744606484,19.37187845399036,3.280045305131845,0.0,-0.26905848991861725,2.5624478052816673,0.0,0.0,0.0,-0.9986139787373425,0,0,0,0,0,0,-0.031003942948468793,0.11284336121834494,0.3028980304990175,0.0,0.0,0.0
image_1038.png,surface,0.0,0.0,1.1133522042889927,-2.517825758516819,23.997667866450755,0.0,-0.8413255678259107,-1.4012198813838548,0.0,0.0,0.0,-2.4602524975387223,0,0,0,0,0,0,-0.04202242650172385,-0.09362004873889805,0.35942205513683645,0.0,0.0,0.0
image_1039.png,surface,0.0,0.0,2.3569911165549486,12.016027956598114,11.69004377777017,0.0,-1.712285120352116,1.8767164710160542,0.0,0.0,0.0,1.593039052170008,0,0,0,0,0,0,-0.45288706805866846,0.4818145512391563,1.4354328867313522,0.0,0.0,0.0
image_1040.png,surface,0.0,0.0,2.858727264778527,-5.998113040346314,-24.21982009872472,0.0,-1.6887335302069486,1.1247579811633435,0.0,0.0,0.0,-1.467507313066484,0,0,0,0,0,0,-0.2063226264246953,0.15852625765068082,2.5901816645493176,0.0,0.0,0.0
image_1041.png,surface,0.0,0.0,0.8178882371394967,8.115932668249481,-6.3496122080592965,0.0,2.4593915914234796,-1.235783814655569,0.0,0.0,0.0,-0.07665544931072521,0,0,0,0,0,0,0.019157551238725756,-0.017142097879585524,0.10675991063620029,0.0,0.0,0.0
image_1042.png,surface,0.0,0.0,1.869849850444618,17.062935230919305,-1.5484501266756259,0.0,-2.890834412592167,0.06776428382396313,0.0,0.0,0.0,0.577926311032066,0,0,0,0,0,0,-0.33859312954354986,0.03591864925067223,0.8139968672707386,0.0,0.0,0.0
image_1043.png,surface,0.0,0.0,0.8677594371999904,-5.430502535985869,-15.1961977629104,0.0,-1.364367465672254,-0.4369946810830755,0.0,0.0,0.0,1.8212598803289808,0,0,0,0,0,0,-0.09877370436096185,-0.015809680066975713,0.22042873496218102,0.0,0.0,0.0
image_1044.png,surface,0.0,0.0,0.6356395907863197,-14.16555821088681,4.349454822495022,0.0,0.970202411368962,-0.9719490932206545,0.0,0.0,0.0,1.0046540419143657,0,0,0,0,0,0,0.019385834737757235,-0.02935409254226534,0.09965449261393772,0.0,0.0,0.0
image_1045.png,surface,0.0,0.0,0.5986426808638257,-17.067000415005953,9.461627337326505,0.0,2.8270673831323134,0.34209296463326844,0.0,0.0,0.0,0.07454557206803614,0,0,0,0,0,0,0.0351373961709327,-0.010424950229238634,0.14761048175476654,0.0,0.0,0.0
image_1046.png,surface,0.0,0.0,1.5722662078739422,11.851751265041422,-10.820393976320897,0.0,2.3424889544264933,1.0705817229523902,0.0,0.0,0.0,-2.137519217815936,0,0,0,0,0,0,0.18215196954723675,0.02698657328845452,0.6075779980130451,0.0,0.0,0.0
image_1047.png,surface,0.0,0.0,1.5633068982325735,14.831482009936092,5.674546698505513,0.0,-2.898010469523301,0.7478125517163018,0.0,0.0,0.0,-0.6058458625149026,0,0,0,0,0,0,-0.21404469625193498,0.04965183402526903,0.498942364203149,0.0,0.0,0.0
image_1048.png,surface,0.0,0.0,2.160481092621784,18.73035337956523,-15.64637199621366,0.0,-1.3570502615695967,-0.1765981154407449,0.0,0.0,0.0,-2.290285499052408,0,0,0,0,0,0,-0.21672322264057184,0.11520301495968474,1.6791071910246962,0.0,0.0,0.0
image_1049.png,surface,0.0,0.0,1.4748293999225985,-19.76922687906973,-14.42226296138607,0.0,-2.511146292468257,-0.25848876621035133,0.0,0.0,0.0,-2.3476372070606306,0,0,0,0,0,0,-0.32771009419971997,-0.07725034418397762,0.8328210891210464,0.0,0.0,0.0
image_1050.png,surface,0.0,0.0,1.0742910490571227,3.6539210364109866,4.823214745683774,0.0,-2.5430187432306792,1.31824079960554,0.0,0.0,0.0,0.12991098470658402,0,0,0,0,0,0,-0.0359957421272915,0.012713814358338035,0.10992630999370169,0.0,0.0,0.0
image_1051.png,surface,0.0,0.0,0.740758263750557,-10.904971029313419,4.1918175151064965,0.0,-0.3059963989710257,-1.8441366567270843,0.0,0.0,0.0,0.145474493665386,0,0,0,0,0,0,-0.011523751031111695,-0.024183304643743044,0.09623799683327691,0.0,0.0,0.0
image_1052.png,surface,0.0,0.0,1.9278943995730031,-20.54200461663912,5.1982661756901445,0.0,2.1563311858693264,-0.5858148070138526,0.0,0.0,0.0,0.17552883079275583,0,0,0,0,0,0,0.2776201288422219,-0.17873905159899636,1.020735056068717,0.0,0.0,0.0
image_1053.png,surface,0.0,0.0,1.0433463255071742,3.971472074207096,-12.029186004149853,0.0,-1.3432246801343177,-1.8357996065113273,0.0,0.0,0.0,-0.15109536671510826,0,0,0,0,0,0,-0.0424789934997869,-0.07769395908734957,0.23467529906715817,0.0,0.0,0.0
image_1054.png,surface,0.0,0.0,1.4428762904778853,-0.10962232058520155,18.111443755669203,0.0,1.1450685877120756,-2.759704230970696,0.0,0.0,0.0,-2.075194641196247,0,0,0,0,0,0,0.05151902006143514,-0.10542460985557324,0.3183548826517839,0.0,0.0,0.0
image_1055.png,surface,0.0,0.0,0.5438258461570631,-1.4029079800526092,-12.924062452550451,0.0,2.909138038626871,-0.4192677340880641,0.0,0.0,0.0,1.3611548769956654,0,0,0,0,0,0,0.022554409704314847,-0.0006937381999538861,0.09847546661904276,0.0,0.0,0.0
image_1056.png,surface,0.0,0.0,1.122605147006496,-1.146762891724741,-15.362583665418878,0.0,1.0493415376650523,-0.35001669042256967,0.0,0.0,0.0,1.3743039345150727,0,0,0,0,0,0,0.10872686491873607,-0.04612179202822498,0.3584886595575447,0.0,0.0,0.0
image_1057.png,surface,0.0,0.0,2.127507025734111,-4.438570040512216,14.551563476716193,0.0,0.9739080564659699,-0.35050122907392267,0.0,0.0,0.0,0.11130677058734717,0,0,0,0,0,0,0.192653010502687,-0.08980370208790461,0.6641064886584206,0.0,0.0,0.0
image_1058.png,surface,0.0,0.0,0.8078445356472237,14.398232850999351,-10.483111167239976,0.0,2.7079990783680397,-0.6139067091650154,0.0,0.0,0.0,-1.0400144397035636,0,0,0,0,0,0,0.06630265945871691,-0.027367264092057364,0.2255557116369502,0.0,0.0,0.0
image_1059.png,surface,0.0,0.0,2.153388460498042,-7.546734050025553,-11.737788904219903,0.0,1.1437297795305714,1.7483985077015116,0.0,0.0,0.0,0.4488005954233678,0,0,0,0,0,0,0.2873450059009652,0.236751925381079,0.9759543983005016,0.0,0.0,0.0
image_1060.png,surface,0.0,0.0,2.651052083231474,19.024241745934205,1.7686707546853895,0.0,2.119894704475268,1.8750837762838943,0.0,0.0,0.0,-0.7314962185644154,0,0,0,0,0,0,0.5124538424059611,0.6284890546983346,2.077423705970386,0.0,0.0,0.0
image_1061.png,surface,0.0,0.0,2.673422317353849,-20.182643766907805,3.461238587867842,0.0,-1.2413270858374212,-0.8895422926065376,0.0,0.0,0.0,1.198978197645367,0,0,0,0,0,0,-0.2615550580703769,-0.6914210199798633,2.2878910110779738,0.0,0.0,0.0
image_1062.png,surface,0.0,0.0,0.8934896228068843,-10.957931223787908,15.699590467552541,0.0,-1.8033047501077912,1.2459833527982027,0.0,0.0,0.0,0.33342913111342654,0,0,0,0,0,0,-0.04211373990133649,0.03115529489815457,0.16882178464397934,0.0,0.0,0.0
image_1063.png,surface,0.0,0.0,1.6683316310480714,19.59156628222205,-15.420394323773499,0.0,-0.08144515144640238,0.5926471016993203,0.0,0.0,0.0,-0.2635533141128805,0,0,0,0,0,0,0.17290800972645345,0.3750952780308345,1.5664298203762403,0.0,0.0,0.0
image_1064.png,surface,0.0,0.0,2.736409142565332,-10.438635117010433,4.9122707044236975,0.0,-0.5561975491857075,-0.7329052045384722,0.0,0.0,0.0,-1.618492162919904,0,0,0,0,0,0,-0.2036471438160457,-0.36455234511452894,1.3851590396687417,0.0,0.0,0.0
image_1065.png,surface,0.0,0.0,2.3248155007788323,14.47232248004361,-3.652481925814482,0.0,0.32611235347924694,-2.4797196959484187,0.0,0.0,0.0,1.9186378978435883,0,0,0,0,0,0,0.09754706102616535,-0.28187951663295263,0.8671200271543454,0.0,0.0,0.0
image_1066.png,surface,0.0,0.0,2.665965946200825,13.100217237077175,-6.480942418746283,0.0,-0.24873163267074822,-2.210277307208869,0.0,0.0,0.0,2.8591958066071683,0,0,0,0,0,0,0.005095287698383522,-0.43244587566284776,1.1417013367418853,0.0,0.0,0.0
image_1067.png,surface,0.0,0.0,1.4672325308168614,19.64449966540855,11.656756671654419,0.0,-0.8692543226523242,0.3374830995809552,0.0,0.0,0.0,-2.0375163075652694,0,0,0,0,0,0,-0.18066812680353206,0.12516075374813795,0.6352895749006265,0.0,0.0,0.0
image_1068.png,surface,0.0,0.0,1.7475316608595275,7.308263364891148,-10.747263334236768,0.0,-2.585687206141471,-0.8200534571411159,0.0,0.0,0.0,-1.5156606881573977,0,0,0,0,0,0,-0.2018665325235999,-0.04379045413178136,0.5009520676035382,0.0,0.0,0.0
image_1069.png,surface,0.0,0.0,2.737785132211419,12.847642816666523,6.522076023343268,0.0,1.6251005155251206,1.8300308838445196,0.0,0.0,0.0,2.479459499292025,0,0,0,0,0,0,0.33158634801327497,0.5039465302304275,1.5039950347374986,0.0,0.0,0.0
image_1070.png,surface,0.0,0.0,1.572534277113866,19.588204316586342,-8.141867264727784,0.0,-1.996350592276556,1.7339254933226416,0.0,0.0,0.0,-2.20617495627202,0,0,0,0,0,0,-0.21784637745580682,0.289634911929489,0.8951888846464399,0.0,0.0,0.0
image_1071.png,surface,0.0,0.0,2.1754192597576663,-8.873202324352537,-6.1291592337026,0.0,-2.2213879338893174,-0.09042731325497948,0.0,0.0,0.0,0.9669151738569277,0,0,0,0,0,0,-0.29680963977081254,-0.043743261056954585,0.7492174276648788,0.0,0.0,0.0
image_1072.png,surface,0.0,0.0,1.5614769300210758,15.35857052352659,1.999252136153811,0.0,-2.5551059915516747,0.39426353431248085,0.0,0.0,0.0,2.2405041715795644,0,0,0,0,0,0,-0.18501921029507323,0.040826729032658715,0.4775635860305705,0.0,0.0,0.0
image_1073.png,surface,0.0,0.0,2.270016200763191,16.247653765116798,16.84914848792716,0.0,0.8007228666089787,-0.27963194038500566,0.0,0.0,0.0,1.765750683137223,0,0,0,0,0,0,0.1233917968965215,0.0075556112797695585,1.1359178569563229,0.0,0.0,0.0
image_1074.png,surface,0.0,0.0,2.033062039350901,-0.7497752898977155,-19.05083384660989,0.0,2.022712174320689,1.7845843241768802,0.0,0.0,0.0,-0.6437439379752234,0,0,0,0,0,0,0.5058671025139051,0.15725204463035744,1.4673067826615158,0.0,0.0,0.0
image_1075.png,surface,0.0,0.0,1.6040087329685857,0.8403753059246254,-20.06889575322384,0.0,-0.32631772495457534,1.5981013076003108,0.0,0.0,0.0,-0.2778023471176425,0,0,0,0,0,0,0.027966250521355557,0.3003131316602981,0.8445309609339771,0.0,0.0,0.0
image_1076.png,surface,0.0,0.0,1.8725549950747429,-9.741573979803775,7.1657565626611825,0.0,-2.635568860744086,1.1452342807518283,0.0,0.0,0.0,0.609231170347571,0,0,0,0,0,0,-0.2059025847864773,0.06900099470425423,0.4850084206271213,0.0,0.0,0.0
image_1077.png,surface,0.0,0.0,1.9953722343443079,-0.7223423554641678,-1.7361421772070547,0.0,1.5125826655250412,-0.04001939749549038,0.0,0.0,0.0,2.594457235246532,0,0,0,0,0,0,0.2082219451366374,-0.02633845506083325,0.4645496400111651,0.0,0.0,0.0
image_1078.png,surface,0.0,0.0,2.6976455065119795,-3.218145897551048,-1.8221900507053104,0.0,-1.3861749629373985,2.178803727550696,0.0,0.0,0.0,-0.17469833361432796,0,0,0,0,0,0,-0.18999579057396057,0.36551508384099535,1.0178142871268194,0.0,0.0,0.0
image_1079.png,surface,0.0,0.0,2.1921779718647345,-12.874862512495142,0.15306811916477006,0.0,-2.5151605043916256,1.4610983865148952,0.0,0.0,0.0,-0.7385684442242288,0,0,0,0,0,0,-0.2588491376618565,0.14067154434121065,0.7427863767836353,0.0,0.0,0.0
image_1080.png,surface,0.0,0.0,2.2843861829445933,-19.263326791941175,15.362556913336867,0.0,-0.3642943005829225,1.1150062112272194,0.0,0.0,0.0,1.174960885427832,0,0,0,0,0,0,-0.12576442339645622,0.23374887271960046,1.2344268186320384,0.0,0.0,0.0
image_1081.png,surface,0.0,0.0,2.9248164797934844,15.677630701741492,4.436504256087509,0.0,-2.085009555140406,-0.2159360502504692,0.0,0.0,0.0,-0.6331549905348623,0,0,0,0,0,0,-0.7238626251890788,0.16272644131026529,2.350616087207882,0.0,0.0,0.0
image_1082.png,surface,0.0,0.0,0.6691543924218786,13.472246667675424,-2.5801749911957566,0.0,0.26388526017086633,2.07494589221045,0.0,0.0,0.0,0.2091223794742012,0,0,0,0,0,0,0.025823429410446352,0.023769578687761448,0.09149509680835974,0.0,0.0,0.0
image_1083.png,surface,0.0,0.0,0.96903390854485,0.44745501554157086,-12.25254092710974,0.0,-1.3173679659723947,-0.8663813433256904,0.0,0.0,0.0,2.0395741363037887,0,0,0,0,0,0,-0.060883209191708705,-0.03988601374111138,0.18520310036092477,0.0,0.0,0.0
image_1084.png,surface,0.0,0.0,1.2953057327075654,-21.976352851962865,-12.020807903191622,0.0,-0.2437616144434934,2.0515826480904127,0.0,0.0,0.0,2.069287141829183,0,0,0,0,0,0,0.009810102898381379,0.25461135799803175,0.6350975365757004,0.0,0.0,0.0
image_1085.png,surface,0.0,0.0,2.865168359142718,-11.405129400829777,2.7312749251405286,0.0,1.5473022999741952,1.630695073478926,0.0,0.0,0.0,0.5096772273274617,0,0,0,0,0,0,0.4138079768044571,0.248617837495029,1.2701593450909487,0.0,0.0,0.0
image_1086.png,surface,0.0,0.0,1.0713875644009148,6.169319121774559,-6.9148044100764885,0.0,-1.296991764199632,2.0454308303011453,0.0,0.0,0.0,-2.314057627604717,0,0,0,0,0,0,-0.02846238665925105,0.05871290439201331,0.1636791769427626,0.0,0.0,0.0
image_1087.png,surface,0.0,0.0,1.912736431945984,17.820766763425105,-2.5997721751300604,0.0,1.019028144469839,2.3749556274940486,0.0,0.0,0.0,1.242298333614956,0,0,0,0,0,0,0.11535621773061158,0.39326461183914996,1.0449564480509557,0.0,0.0,0.0
image_1088.png,surface,0.0,0.0,0.7944028261784928,6.27800708946886,-12.645114671425128,0.0,-2.2415398893557033,-0.6623774886589231,0.0,0.0,0.0,-0.786748235824704,0,0,0,0,0,0,-0.0677910678724027,0.0021818931594920544,0.1703558582396095,0.0,0.0,0.0
image_1089.png,surface,0.0,0.0,1.1766680093637567,13.659392137106188,-14.846242268223135,0.0,-0.06691159106847161,1.0155490590729122,0.0,0.0,0.0,2.063433006557255,0,0,0,0,0,0,-0.004949186259003646,0.19442602967142225,0.5250953044535401,0.0,0.0,0.0
image_1090.png,surface,0.0,0.0,1.1902742867821268,-8.482300491204022,9.836494252263378,0.0,1.7653493303146233,1.1040006292803128,0.0,0.0,0.0,-2.636937891363634,0,0,0,0,0,0,0.08824831316561442,0.01090631959247188,0.16795091317047775,0.0,0.0,0.0
image_1091.png,surface,0.0,0.0,2.2711656573175594,6.078699092064152,-20.6689759948793,0.0,-2.102701739119235,-1.8878951942421522,0.0,0.0,0.0,0.91871940782368,0,0,0,0,0,0,-0.30788138947384164,-0.3752746117151764,1.3334248081351823,0.0,0.0,0.0
image_1092.png,surface,0.0,0.0,0.7720727048417628,17.030951581873094,-8.7826662018125,0.0,-2.6035453944215172,-0.44960222852562515,0.0,0.0,0.0,-0.577363065105537,0,0,0,0,0,0,-0.07558923219931973,0.011614215714873755,0.2447014860313192,0.0,0.0,0.0
image_1093.png,surface,0.0,0.0,2.3924612351715866,11.307855141931826,-17.759256832507138,0.0,1.3205231539589066,-1.3307693123683475,0.0,0.0,0.0,0.3584958468618007,0,0,0,0,0,0,0.6643049821817472,-0.18320351647761096,2.1342380210993714,0.0,0.0,0.0
image_1094.png,surface,0.0,0.0,1.258865464570461,8.98054500265707,19.946416146015146,0.0,1.4860683632574807,-1.301492329558659,0.0,0.0,0.0,2.002140283770541,0,0,0,0,0,0,0.09428412888000806,-0.08187526551700337,0.31880594941498225,0.0,0.0,0.0
image_1095.png,surface,0.0,0.0,2.3336760553192013,10.218474930412466,2.304250596021809,0.0,1.2474444972682324,-2.2791384754012975,0.0,0.0,0.0,-0.9783142095060677,0,0,0,0,0,0,0.1656455506772637,-0.22068582960754435,0.6879214739530258,0.0,0.0,0.0
image_1096.png,surface,0.0,0.0,1.416402788535629,9.414437798705057,-11.84003215962106,0.0,1.378050418492172,-1.4162995168614867,0.0,0.0,0.0,-2.5957811901774184,0,0,0,0,0,0,0.12775962117799133,-0.106506904371601,0.42645906156246643,0.0,0.0,0.0
image_1097.png,surface,0.0,0.0,1.5660026468022092,2.9518065497620656,10.693301654482509,0.0,-2.2424810757055185,-0.22202217527317977,0.0,0.0,0.0,-2.5676303568681,0,0,0,0,0,0,-0.12254258228012445,-0.004337043576582322,0.30766772656927277,0.0,0.0,0.0
image_1098.png,surface,0.0,0.0,0.81457689975948,-14.881899371961365,-13.403829435175451,0.0,-1.0528883095134232,2.031646895952918,0.0,0.0,0.0,-0.9728359184141251,0,0,0,0,0,0,-0.06850331238938118,0.09997223661058438,0.29549338997047453,0.0,0.0,0.0
image_1099.png,surface,0.0,0.0,0.7671047739230592,23.66166134113151,-5.278789594388864,0.0,2.57638787977072,0.5990057842631549,0.0,0.0,0.0,-1.4973513794512139,0,0,0,0,0,0,0.11585844142848109,-0.014920877157737792,0.3870108168166156,0.0,0.0,0.0
image_1100.png,surface,0.0,0.0,1.854604601123276,1.5881846230946608,9.863225089356007,0.0,-0.003287120221885895,-0.28720091115072666,0.0,0.0,0.0,-1.9682134519109489,0,0,0,0,0,0,-0.0013118691744346581,-0.07569297271469352,0.40488824506496146,0.0,0.0,0.0
image_1101.png,surface,0.0,0.0,2.0926753835939778,-1.6450445014691182,-15.342340912335569,0.0,0.6086531297203552,-0.3903117422167567,0.0,0.0,0.0,-1.323692680682957,0,0,0,0,0,0,0.36107601041816795,-0.17460965755165192,1.184030156361627,0.0,0.0,0.0
image_1102.png,surface,0.0,0.0,0.7303266758195783,2.856643638233077,-17.65329549042111,0.0,1.96641182422848,0.8798255114245328,0.0,0.0,0.0,2.9407987505509103,0,0,0,0,0,0,0.07814600738847254,0.013199903029054017,0.24893972720236082,0.0,0.0,0.0
image_1103.png,surface,0.0,0.0,0.8485806094709937,-14.45116983386306,-14.220621625218659,0.0,-1.7556930167989249,1.9909785085531486,0.0,0.0,0.0,2.008911592763492,0,0,0,0,0,0,-0.10206098674701587,0.10315619605889864,0.2940665005561983,0.0,0.0,0.0
image_1104.png,surface,0.0,0.0,0.5811068775586687,3.0373463420771722,-9.64889491760993,0.0,1.3661627082813264,-2.314911087527366,0.0,0.0,0.0,0.5556548863814146,0,0,0,0,0,0,0.022256119265580295,-0.011651970174735238,0.06645419243951745,0.0,0.0,0.0
image_1105.png,surface,0.0,0.0,0.9060217446546333,11.47257972456606,-14.561753424951199,0.0,2.023879839415716,2.1515434058673475,0.0,0.0,0.0,1.231312530978081,0,0,0,0,0,0,0.07417387450532399,0.07098625005196799,0.32249487165658464,0.0,0.0,0.0
image_1106.png,surface,0.0,0.0,1.0564438021845786,1.5913788122549335,9.826969823553878,0.0,-1.9478813656383016,1.4664890784435212,0.0,0.0,0.0,-2.3422487339754428,0,0,0,0,0,0,-0.04193111310211126,0.02446960929769221,0.11799191964059474,0.0,0.0,0.0
image_1107.png,surface,0.0,0.0,2.2267577386325783,-1.5408385183785045,-12.645254166146026,0.0,-2.820527345840224,-0.4088484912996853,0.0,0.0,0.0,0.836314557920506,0,0,0,0,0,0,-0.32098486231825146,-0.05116358552222067,0.8370749613185348,0.0,0.0,0.0
image_1108.png,surface,0.0,0.0,0.6630366180415643,-8.292955614002848,-12.13841362333735,0.0,0.18039432503686256,0.5572421760233564,0.0,0.0,0.0,2.007115360922599,0,0,0,0,0,0,0.027905374921613834,0.06800994013289154,0.14539980801433897,0.0,0.0,0.0
image_1109.png,surface,0.0,0.0,2.2185162728417946,-17.704266917628097,9.330202623125208,0.0,2.266914010484046,1.593858405690745,0.0,0.0,0.0,-0.3897827576605133,0,0,0,0,0,0,0.3204232849106335,0.07551363903035167,0.9374596461679473,0.0,0.0,0.0
image_1110.png,surface,0.0,0.0,1.5135711841546502,-1.8544163067258552,13.005658490817567,0.0,2.295587873423213,-0.2313959126252209,0.0,0.0,0.0,-1.7939155955592363,0,0,0,0,0,0,0.108690339558891,-0.029572753788962795,0.2755705302612884,0.0,0.0,0.0
image_1111.png,surface,0.0,0.0,0.8573843083095329,13.151991904986401,-17.14863939364613,0.0,0.3961796716110809,2.6743693856010102,0.0,0.0,0.0,2.5968167296104205,0,0,0,0,0,0,-0.02354972576009259,0.1334195418428269,0.41271269030380797,0.0,0.0,0.0
image_1112.png,surface,0.0,0.0,2.955822933203951,-16.706334278614708,18.672126602041228,0.0,0.4705620543664797,-2.8574429008149886,0.0,0.0,0.0,0.13730037298195175,0,0,0,0,0,0,-0.04952838794988043,-1.0582999836833542,2.73694807087592,0.0,0.0,0.0
image_1113.png,surface,0.0,0.0,1.7606725552073652,12.873600122322678,-3.994304938151322,0.0,0.38417310424207274,2.0144302530332645,0.0,0.0,0.0,1.6538766072485211,0,0,0,0,0,0,0.01778785024453655,0.22092808739165512,0.5622480213153908,0.0,0.0,0.0
image_1114.png,surface,0.0,0.0,1.2354606938244024,-2.458394341126144,-14.247975165408894,0.0,-0.49791821542715226,0.8872504170602205,0.0,0.0,0.0,2.096497235778447,0,0,0,0,0,0,-0.064759463005264,0.17400558619386883,0.30426909481883796,0.0,0.0,0.0
image_1115.png,surface,0.0,0.0,0.638762928596927,1.9656729686647403,15.965803524671628,0.0,-1.100485138531267,-2.1210215584463348,0.0,0.0,0.0,2.7690557442179253,0,0,0,0,0,0,-0.0023558857100055342,-0.027225684867576965,0.07011185262822475,0.0,0.0,0.0
image_1116.png,surface,0.0,0.0,1.2858041102331725,-14.41606256558639,-18.64386333395514,0.0,-1.3630980186319146,-1.4841887040388688,0.0,0.0,0.0,-1.0813581720278442,0,0,0,0,0,0,-0.10267887408439443,-0.29646846916440867,0.8477822144350498,0.0,0.0,0.0
image_1117.png,surface,0.0,0.0,2.0311405782302074,7.5032644319664685,-10.614856023616737,0.0,-2.761832764207756,-1.0647942300872715,0.0,0.0,0.0,-0.551653728369927,0,0,0,0,0,0,-0.28002319314202734,-0.11944095307913073,0.673732967946282,0.0,0.0,0.0
image_1118.png,surface,0.0,0.0,1.1144322797188564,7.222582698098016,14.667045900167441,0.0,1.3959260415937524,0.007194968040408614,0.0,0.0,0.0,-1.602557984054765,0,0,0,0,0,0,0.0708865921192699,-0.017142097879585518,0.18701406642505286,0.0,0.0,0.0
image_1119.png,surface,0.0,0.0,1.9231036273997788,-9.17367366978092,-2.173848795052304,0.0,0.958979723148202,-0.7006217912246729,0.0,0.0,0.0,-1.6736822888302367,0,0,0,0,0,0,0.19247494937344264,-0.182752036061768,0.6108158534914488,0.0,0.0,0.0
image_1120.png,surface,0.0,0.0,1.1956953159888801,4.258424634964148,14.426866213809397,0.0,-1.5105230447527545,-1.778931604572515,0.0,0.0,0.0,-1.7687642012085318,0,0,0,0,0,0,-0.04343778419571933,-0.07067477575811115,0.19669637080736943,0.0,0.0,0.0
image_1121.png,surface,0.0,0.0,0.6111360685388176,19.7028881376976,10.96163653560929,0.0,1.5814519760784342,-0.8698642773741027,0.0,0.0,0.0,-2.6575396617437996,0,0,0,0,0,0,0.05743308457634518,-0.04784905856688559,0.17015712090334864,0.0,0.0,0.0
image_1122.png,surface,0.0,0.0,1.532915654755591,-18.163506188622165,4.808514953392811,0.0,0.37377248795659046,-1.5333202310709666,0.0,0.0,0.0,-1.5166565869423967,0,0,0,0,0,0,0.05686998527873407,-0.2072200722569659,0.5811950583734993,0.0,0.0,0.0
image_1123.png,surface,0.0,0.0,1.3915507192754646,-6.99633273409191,16.860651418104258,0.0,1.4815453960032734,0.958889680191042,0.0,0.0,0.0,-1.1136076073110943,0,0,0,0,0,0,0.11667874013500097,0.024639504367068642,0.31461906733083944,0.0,0.0,0.0
image_1124.png,surface,0.0,0.0,1.1147253989249337,-9.257763244595052,-21.075270849063948,0.0,2.656613254605104,-0.11276892613986512,0.0,0.0,0.0,0.948982010055087,0,0,0,0,0,0,0.24237315659175376,-0.07815330501566362,0.8129875495629887,0.0,0.0,0.0
image_1125.png,surface,0.0,0.0,1.82242957889843,7.567889860695495,-0.09418670055152772,0.0,0.08567746464298703,1.054415292956253,0.0,0.0,0.0,-1.4330995199902135,0,0,0,0,0,0,0.023822144068936568,0.19665826211072973,0.4376464104912964,0.0,0.0,0.0
image_1126.png,surface,0.0,0.0,1.4740570608055112,8.889352127681393,19.381860654899572,0.0,-0.9662390414775934,0.5211322107157134,0.0,0.0,0.0,0.489938138318621,0,0,0,0,0,0,-0.18871740297938372,0.08778383848531787,0.5292442254734533,0.0,0.0,0.0
image_1127.png,surface,0.0,0.0,2.8748636694950522,0.29376665225472554,-4.683688129333924,0.0,1.4963030362662997,-2.3227170305761295,0.0,0.0,0.0,-2.7739985271124645,0,0,0,0,0,0,0.356228790788732,-0.42378909263711984,1.3856369024772799,0.0,0.0,0.0
image_1128.png,surface,0.0,0.0,2.053072808538144,9.825205178990705,-21.587360033140744,0.0,0.03687965147952503,0.5589716815605767,0.0,0.0,0.0,-2.2187733064140938,0,0,0,0,0,0,0.4158686158557151,0.19828013078227716,2.00259798236636,0.0,0.0,0.0
image_1129.png,surface,0.0,0.0,1.3953853573217603,10.554005390036295,3.9310515161458333,0.0,1.9032871769329471,-0.5454169907082049,0.0,0.0,0.0,1.0401900011554082,0,0,0,0,0,0,0.09602060536264118,-0.0214492525087775,0.2370780111325119,0.0,0.0,0.0
image_1130.png,surface,0.0,0.0,1.0358417336139558,16.47189926347634,10.071616185222219,0.0,-1.068654833210777,-1.324828482094694,0.0,0.0,0.0,-0.33070862840503734,0,0,0,0,0,0,-0.056340367560981305,-0.07989315637427814,0.23486733739208437,0.0,0.0,0.0
image_1131.png,surface,0.0,0.0,2.162809646610917,-1.6027395599471725,8.164745673041581,0.0,2.712373368808479,-1.0819670274109505,0.0,0.0,0.0,0.5958687756610219,0,0,0,0,0,0,0.17799720986486287,-0.1089924063124787,0.5906116353062087,0.0,0.0,0.0
image_1132.png,surface,0.0,0.0,2.800321797870878,-18.439302113485887,-0.6609251121523014,0.0,0.17339803560710693,0.3524960242029989,0.0,0.0,0.0,0.8313469005505647,0,0,0,0,0,0,0.19746218288228468,-0.29011313508773373,2.108312847234359,0.0,0.0,0.0
image_1133.png,surface,0.0,0.0,2.0677827768096204,-1.4027244962197687,10.903916762934063,0.0,-0.9867619879592837,-1.1040914697366029,0.0,0.0,0.0,1.0526318885630186,0,0,0,0,0,0,-0.18957270515575517,-0.18710009135580993,0.6281618268405819,0.0,0.0,0.0
image_1134.png,surface,0.0,0.0,2.573480606609516,-16.620025531904,-15.255824631348533,0.0,0.7038397048278656,0.5653017235708812,0.0,0.0,0.0,-2.490571229531053,0,0,0,0,0,0,0.5965291332092799,-0.30036976335009047,2.564247558669193,0.0,0.0,0.0
image_1135.png,surface,0.0,0.0,2.2105716777449276,10.231328512453162,-9.284987855651035,0.0,0.0956850680303459,1.403728329755702,0.0,0.0,0.0,-2.8854471614530537,0,0,0,0,0,0,0.13844024515267994,0.38071125393522287,1.0934126300381033,0.0,0.0,0.0
image_1136.png,surface,0.0,0.0,2.867953761271203,13.169720258473594,-1.705290252578839,0.0,0.22558229029479915,-0.9079880397362061,0.0,0.0,0.0,1.2633976284368966,0,0,0,0,0,0,0.10439860977709836,-0.060449609545639334,1.5349288360770361,0.0,0.0,0.0
image_1137.png,surface,0.0,0.0,1.5180222652699855,15.31706658183498,0.8667510749889894,0.0,2.056978427829426,-0.41764138256317074,0.0,0.0,0.0,-0.09304858154985585,0,0,0,0,0,0,0.13932598512892203,-0.050642888596631706,0.4160086038804454,0.0,0.0,0.0
image_1138.png,surface,0.0,0.0,2.4318131203978686,5.059024817153194,10.612748926335716,0.0,1.210538083333897,1.1933417859771482,0.0,0.0,0.0,1.5987594069637092,0,0,0,0,0,0,0.22214723857756064,0.22634270617678262,0.8079722230771298,0.0,0.0,0.0
image_1139.png,surface,0.0,0.0,1.7729649218044266,-18.89861885997052,3.583645592868636,0.0,-1.826134168117409,-0.4313095336543509,0.0,0.0,0.0,1.8621052385538315,0,0,0,0,0,0,-0.2424522948714184,-0.1251167068782998,0.7608737073871336,0.0,0.0,0.0
image_1140.png,surface,0.0,0.0,0.623728667889071,12.499340687210857,-19.911728305788806,0.0,2.835934177436698,0.7975643027472624,0.0,0.0,0.0,1.9355586450938764,0,0,0,0,0,0,0.11202327864475145,-0.003924890723094987,0.40673047318198446,0.0,0.0,0.0
image_1141.png,surface,0.0,0.0,0.5331556006339428,3.578398606308878,-21.105882542542695,0.0,-2.209741966332533,0.19203310404130994,0.0,0.0,0.0,-2.1722378506854563,0,0,0,0,0,0,-0.120060379700655,0.011567022640046965,0.23474005617672614,0.0,0.0,0.0
image_1142.png,surface,0.0,0.0,1.562808662562018,-16.50305447131906,-14.894459388254292,0.0,-1.00825497798544,2.5182636833712673,0.0,0.0,0.0,1.147901583435349,0,0,0,0,0,0,-0.10909211851718674,0.24193844430454328,0.7018777475668363,0.0,0.0,0.0
image_1143.png,surface,0.0,0.0,2.1499359762232033,-19.667648491619975,4.5634829052805586,0.0,-1.0666860736300097,-1.826704815677537,0.0,0.0,0.0,0.3770391398329922,0,0,0,0,0,0,-0.1757965569341993,-0.5278104950678425,1.5085749254866068,0.0,0.0,0.0
image_1144.png,surface,0.0,0.0,2.6581813434660644,12.592144975213259,5.319769548312914,0.0,0.19498868861682042,1.9878047921470952,0.0,0.0,0.0,0.20954856052048854,0,0,0,0,0,0,0.026462623207734626,0.6963700004267003,1.6538519182931444,0.0,0.0,0.0
image_1145.png,surface,0.0,0.0,0.5815578993149177,23.41793516665679,7.152739460318199,0.0,0.10491693585039823,-0.9775082131969917,0.0,0.0,0.0,2.0363737847633603,0,0,0,0,0,0,-0.0007822514566814709,-0.07897446451764986,0.22114776217876464,0.0,0.0,0.0
image_1146.png,surface,0.0,0.0,2.854610253313822,-2.526864593081172,17.12263694717952,0.0,1.5181355449300742,-1.819122390775856,0.0,0.0,0.0,-2.8497617919533704,0,0,0,0,0,0,0.27383062275829867,-0.37173513110316675,1.2734150645995783,0.0,0.0,0.0
image_1147.png,surface,0.0,0.0,2.711901279971944,-18.3482616037556,12.658625622403951,0.0,-2.586992310034941,0.15724544104339916,0.0,0.0,0.0,-2.4701752275588085,0,0,0,0,0,0,-0.7659367959505836,-0.27078914404865634,2.2389435682596206,0.0,0.0,0.0
image_1148.png,surface,0.0,0.0,2.6840430114948215,11.544808845054968,0.25972913342697207,0.0,0.6648477298435649,-0.3521717045118568,0.0,0.0,0.0,-1.2837868210104681,0,0,0,0,0,0,0.2229416651541904,-0.016701629181202104,1.2109132888474925,0.0,0.0,0.0
image_1149.png,surface,0.0,0.0,2.106674452403631,-3.418897937076006,16.145568642766765,0.0,1.611645808091063,-1.40375973502583,0.0,0.0,0.0,2.987336584297428,0,0,0,0,0,0,0.16589818441619197,-0.16070815081017292,0.6220701925336257,0.0,0.0,0.0
image_1150.png,surface,0.0,0.0,1.6666451558273292,12.661212112965226,12.8567338918644,0.0,-0.9356693906737619,-1.2104612579777987,0.0,0.0,0.0,-2.715222528537307,0,0,0,0,0,0,-0.09918004898923796,-0.1332874012333118,0.4310813793833604,0.0,0.0,0.0
image_1151.png,surface,0.0,0.0,2.5099848600878985,15.709357740431827,9.668257753782378,0.0,-1.4487751214508837,-2.505919894931798,0.0,0.0,0.0,-1.3330556022908386,0,0,0,0,0,0,-0.2171341329388285,-0.35715247098168784,1.030173963039208,0.0,0.0,0.0
image_1152.png,surface,0.0,0.0,1.0154354980370437,8.323910731609814,22.753713031334627,0.0,-0.28053366232879123,2.5853456141333617,0.0,0.0,0.0,-1.252486360359357,0,0,0,0,0,0,-0.026879621065965826,0.09802473572273203,0.33133756661829467,0.0,0.0,0.0
image_1153.png,surface,0.0,0.0,1.230728934845522,-12.778446957259566,17.595757456840825,0.0,-0.5753195209665866,-2.1239436894251282,0.0,0.0,0.0,0.4078711238519537,0,0,0,0,0,0,-0.009545294039505067,-0.12876315845991668,0.43452020520180284,0.0,0.0,0.0
image_1154.png,surface,0.0,0.0,0.9317332498638421,-1.4527755826457796,21.21654907131921,0.0,1.5181289874052284,0.42512319293203316,0.0,0.0,0.0,-0.11590380654017718,0,0,0,0,0,0,0.061315425949874755,0.014398607129654573,0.21202370874100032,0.0,0.0,0.0
image_1155.png,surface,0.0,0.0,2.9949545302365146,-17.554725238094573,8.22638159755913,0.0,1.5079665912348477,-0.9966580001783639,0.0,0.0,0.0,-1.5665573198270508,0,0,0,0,0,0,0.392087562816604,-0.676508008334597,2.421089686448174,0.0,0.0,0.0
image_1156.png,surface,0.0,0.0,0.9804532094107141,5.123773846239735,8.851737349895544,0.0,1.8114613990359782,-1.7450570975343485,0.0,0.0,0.0,-2.445887182474598,0,0,0,0,0,0,0.031635527295789084,-0.04010939429529153,0.09269645284103649,0.0,0.0,0.0
image_1157.png,surface,0.0,0.0,2.2518772965605494,-8.52231913313038,-1.6787426931564053,0.0,1.2330524844514614,0.5452198915278197,0.0,0.0,0.0,2.1746657770040434,0,0,0,0,0,0,0.2694019228770869,0.055028698350535,0.7555814884327768,0.0,0.0,0.0
image_1158.png,surface,0.0,0.0,1.6551806742672597,2.6787266981429196,-10.664172615713786,0.0,-0.7411552381550863,-2.3281823455163413,0.0,0.0,0.0,2.773650784455808,0,0,0,0,0,0,-0.019705431636401684,-0.1701735085179334,0.4430234835892248,0.0,0.0,0.0
image_1159.png,surface,0.0,0.0,0.5832382123186892,-9.737136895723543,11.63441620652925,0.0,1.1427241924372364,-1.1602727766010956,0.0,0.0,0.0,1.4604676822284697,0,0,0,0,0,0,0.01051625985538563,-0.013681272392287355,0.06187206868663151,0.0,0.0,0.0
image_1160.png,surface,0.0,0.0,0.7031588415959618,-14.410951959790689,-19.608774787606354,0.0,-0.9674637009290679,-0.5375052392183415,0.0,0.0,0.0,-2.0494769180037924,0,0,0,0,0,0,-0.11858871207689838,-0.14090436351035626,0.47248126943136554,0.0,0.0,0.0
image_1161.png,surface,0.0,0.0,2.8235709111424367,21.751044762681992,6.3944954890965535,0.0,0.7195906857376564,-1.6386706157262707,0.0,0.0,0.0,1.0564024314341953,0,0,0,0,0,0,0.19402271149687628,-0.2809545323663473,1.6074009736988302,0.0,0.0,0.0
image_1162.png,surface,0.0,0.0,2.3613567189620746,-1.4848125164173276,-8.055543680591603,0.0,-0.17164561543817816,-1.3870682893240776,0.0,0.0,0.0,-1.3714070935246045,0,0,0,0,0,0,0.0339777159958525,-0.36918670506252,0.9389334286615646,0.0,0.0,0.0
image_1163.png,surface,0.0,0.0,1.865024462266584,-11.323806917598517,-20.15588437047465,0.0,-2.589028822894363,-0.983461244298578,0.0,0.0,0.0,0.026035563559860364,0,0,0,0,0,0,-0.31203614915621536,-0.276121961504084,1.1891861620855129,0.0,0.0,0.0
image_1164.png,surface,0.0,0.0,1.02366200632191,0.10844706560195384,15.917622512852555,0.0,0.85803107331696,1.8356918459082558,0.0,0.0,0.0,0.5343544617452558,0,0,0,0,0,0,0.016783402848797757,0.052256891755708,0.163991797471712,0.0,0.0,0.0
image_1165.png,surface,0.0,0.0,0.5158903486271149,0.3640421554559672,19.982818827808742,0.0,-2.3896967929051383,0.5932892043191216,0.0,0.0,0.0,1.3364551651221577,0,0,0,0,0,0,-0.040287471909084216,0.0001966378117782756,0.08581433519659454,0.0,0.0,0.0
image_1166.png,surface,0.0,0.0,2.431624793029389,-10.34602124781445,1.3670027869677701,0.0,1.8134824497098556,1.6201049853357243,0.0,0.0,0.0,1.1921840875003005,0,0,0,0,0,0,0.29266553331839307,0.14191429531164965,0.8694423510836835,0.0,0.0,0.0
image_1167.png,surface,0.0,0.0,1.2807465426895355,1.7702743612191407,-9.895464018213024,0.0,0.569847826269493,1.1958603984685483,0.0,0.0,0.0,-1.046015241465304,0,0,0,0,0,0,0.032215367383329085,0.10048664112619637,0.27088122232704825,0.0,0.0,0.0
image_1168.png,surface,0.0,0.0,1.0351014491752346,-11.963960724186784,-19.473960458872924,0.0,1.3175126496077258,-2.5730522850489685,0.0,0.0,0.0,0.4452549832854693,0,0,0,0,0,0,0.13586520728360413,-0.23473363488098634,0.7020563878690925,0.0,0.0,0.0
image_1169.png,surface,0.0,0.0,0.930778817804073,13.533734364150776,9.855068264466174,0.0,0.01106484095614034,-2.3801894720673293,0.0,0.0,0.0,2.763267858464955,0,0,0,0,0,0,-0.0012966502744992114,-0.06434303821884976,0.15462657962590115,0.0,0.0,0.0
image_1170.png,surface,0.0,0.0,2.5219909619535836,13.90569916240301,17.224760422559253,0.0,-0.25397340461672824,-2.3847058729964234,0.0,0.0,0.0,2.2216837566725527,0,0,0,0,0,0,-0.07831950284773681,-0.4079039036504213,1.2065589314799845,0.0,0.0,0.0
image_1171.png,surface,0.0,0.0,2.0515822654700133,4.74618495648757,-21.37108534140679,0.0,0.045479791574375664,-1.3869482584515087,0.0,0.0,0.0,0.12458028155177336,0,0,0,0,0,0,0.3635186438578051,-0.34006857789438877,1.634308669226255,0.0,0.0,0.0
image_1172.png,surface,0.0,0.0,2.1032519451524045,23.500386923168136,6.346594380225647,0.0,1.6588533627209003,1.6012818585072972,0.0,0.0,0.0,-0.9998800774645309,0,0,0,0,0,0,0.2841033802147173,0.42757397723822865,1.4587097181154085,0.0,0.0,0.0
image_1173.png,surface,0.0,0.0,2.813593148719047,-21.488278828856707,10.731628326395057,0.0,0.8456397935223986,-2.427840097637802,0.0,0.0,0.0,1.4857424219093707,0,0,0,0,0,0,0.23797641640040681,-0.9219591905087478,2.634386207342756,0.0,0.0,0.0
image_1174.png,surface,0.0,0.0,2.729497608948611,-0.928140471338351,-20.09708567441375,0.0,-1.259792641389726,-0.0643985726954723,0.0,0.0,0.0,0.6728978175400702,0,0,0,0,0,0,0.041620647543428084,-0.17040947389206726,2.1990174607052335,0.0,0.0,0.0
image_1175.png,surface,0.0,0.0,2.201153087143335,-12.435446422350825,15.163754982106116,0.0,-0.6005014029112411,-2.642313960024075,0.0,0.0,0.0,1.7818233456884975,0,0,0,0,0,0,-0.014948003516584577,-0.3723486410759151,1.0993077600125778,0.0,0.0,0.0
image_1176.png,surface,0.0,0.0,2.9025673433986956,8.502608652948242,-21.493652646403074,0.0,-1.6356242051288894,-1.734295504822064,0.0,0.0,0.0,1.9348021369966695,0,0,0,0,0,0,-0.21835773249363755,-0.4343273062459426,2.2879669332064316,0.0,0.0,0.0
image_1177.png,surface,0.0,0.0,1.072402520290799,18.55593766516675,10.668885542750637,0.0,-1.9662695991046597,1.7834874152675209,0.0,0.0,0.0,1.0593419046298669,0,0,0,0,0,0,-0.10041734555398873,0.08570734319293898,0.3586472028257977,0.0,0.0,0.0
image_1178.png,surface,0.0,0.0,0.549005582654829,-15.384995293713093,5.738674631949656,0.0,2.629796486705684,0.8069311644842566,0.0,0.0,0.0,-1.0187470101909277,0,0,0,0,0,0,0.04574801320591813,0.006658942858060485,0.09166480509550366,0.0,0.0,0.0
image_1179.png,surface,0.0,0.0,2.804266944819379,-2.233250166838972,-12.677092210389493,0.0,-1.5310443465260608,1.1120186046183858,0.0,0.0,0.0,1.4247537779352895,0,0,0,0,0,0,-0.26819354222221375,0.2747156078742456,1.4799455840461826,0.0,0.0,0.0
image_1180.png,surface,0.0,0.0,1.1608199393752037,-1.4946972020280476,-14.697866858345975,0.0,-2.7851574038733506,0.8944080492047164,0.0,0.0,0.0,0.5885294361655173,0,0,0,0,0,0,-0.12281956625894935,0.041264051526053676,0.2847079817217218,0.0,0.0,0.0
image_1181.png,surface,0.0,0.0,2.9327574179311053,13.515588629842357,-0.8732875542377045,0.0,0.7687385775380111,2.6808731069383556,0.0,0.0,0.0,-0.175682159957522,0,0,0,0,0,0,0.2891712738932171,0.9365512892451918,2.5011495709083236,0.0,0.0,0.0
image_1182.png,surface,0.0,0.0,1.0600976471354182,16.140763748648602,2.1764919748925937,0.0,-0.7328544438453007,0.5957594662232423,0.0,0.0,0.0,0.41067978638201597,0,0,0,0,0,0,-0.08279385942875478,0.041487432080233845,0.26491910223922877,0.0,0.0,0.0
image_1183.png,surface,0.0,0.0,1.196148988475834,-23.370437310331592,-8.607773842945225,0.0,-0.15920645060096977,2.378323275884625,0.0,0.0,0.0,0.7191639824887623,0,0,0,0,0,0,-0.01627204781096747,0.1954595580101291,0.5589387097160844,0.0,0.0,0.0
image_1184.png,surface,0.0,0.0,2.773624556937597,-23.063436941527673,-6.102321885752137,0.0,-0.5423136944443491,-1.95752948521813,0.0,0.0,0.0,-1.9473874735284633,0,0,0,0,0,0,0.09414868067058278,-1.064293504186356,3.1699721635463205,0.0,0.0,0.0
image_1185.png,surface,0.0,0.0,2.531637894418731,-10.745016851962559,-8.06344277229096,0.0,-2.1702541920602076,-0.768855812227315,0.0,0.0,0.0,0.8984621164454136,0,0,0,0,0,0,-0.40364175164758725,-0.322723549793048,1.3212460055288278,0.0,0.0,0.0
image_1186.png,surface,0.0,0.0,0.7434780646648746,4.514737495767871,-10.548767439902203,0.0,-0.5106309625497506,0.17870453172070858,0.0,0.0,0.0,-0.7092245855594257,0,0,0,0,0,0,-0.07125793327769489,0.019873003809562573,0.10698321101402142,0.0,0.0,0.0
image_1187.png,surface,0.0,0.0,1.9386781213189006,4.921693209679607,0.037574413919587164,0.0,-1.522102104106184,2.542160202879078,0.0,0.0,0.0,0.21108944044781808,0,0,0,0,0,0,-0.12294740501840715,0.15423168784144267,0.4684618626305887,0.0,0.0,0.0
image_1188.png,surface,0.0,0.0,0.8943790155587454,24.7010181218205,0.9730217639603277,0.0,-0.09312860116065572,2.1639290879871953,0.0,0.0,0.0,-1.3078855854301135,0,0,0,0,0,0,-0.025175104273197024,0.18207245578426212,0.5024370151160474,0.0,0.0,0.0
image_1189.png,surface,0.0,0.0,0.6791789381864874,10.868822089452928,-15.700904149117074,0.0,-2.0288378560266467,0.4545647077594314,0.0,0.0,0.0,-2.3221817733823507,0,0,0,0,0,0,-0.1002773316745828,0.031152148693166102,0.2268955139038758,0.0,0.0,0.0
image_1190.png,surface,0.0,0.0,2.0309545720116318,2.8254600558031835,-24.40931903958028,0.0,-0.005482249768082505,-1.5165299856187398,0.0,0.0,0.0,-1.906093016747018,0,0,0,0,0,0,0.3451372565157867,-0.40481747655674905,1.8442378204232948,0.0,0.0,0.0
image_1191.png,surface,0.0,0.0,0.6951313008748086,13.745486569148042,9.549518053617764,0.0,1.5567371247229047,-1.3033303588056442,0.0,0.0,0.0,-0.4245858568072616,0,0,0,0,0,0,0.03107394988817147,-0.03690026520706957,0.09572887197184521,0.0,0.0,0.0
image_1192.png,surface,0.0,0.0,1.6797374646401015,3.7836638114878762,8.590168871919309,0.0,1.4935372930435709,0.2105195500072764,0.0,0.0,0.0,-1.1368900966673914,0,0,0,0,0,0,0.12332787751679263,0.0025059522733026918,0.3068817092393434,0.0,0.0,0.0
image_1193.png,surface,0.0,0.0,2.0362819031509405,5.16839220454876,24.394529299828537,0.0,-2.0309224125202463,1.9583397191464307,0.0,0.0,0.0,2.6133820117168973,0,0,0,0,0,0,-0.5240886914066022,0.34663785391027824,1.4236738888353009,0.0,0.0,0.0
image_1194.png,surface,0.0,0.0,2.8477566792399505,-7.584119743498505,-4.554378820648579,0.0,-0.5669252038746525,1.7384472621650118,0.0,0.0,0.0,1.6084642892708239,0,0,0,0,0,0,-0.05692933898848266,0.4622608872359211,1.2772335010603164,0.0,0.0,0.0
image_1195.png,surface,0.0,0.0,2.8031804977397403,2.7986869635532,-6.074483230729526,0.0,2.6315211460559143,-0.008044645299134416,0.0,0.0,0.0,2.6360750173773893,0,0,0,0,0,0,0.5331606776581146,-0.02247019602753046,1.4306408606233147,0.0,0.0,0.0
image_1196.png,surface,0.0,0.0,2.0186436362210243,-9.070514515524378,-0.7987554206046328,0.0,1.8703332341114187,1.2100104474113176,0.0,0.0,0.0,2.8895432290313563,0,0,0,0,0,0,0.22357172761151728,0.07523048058139088,0.5569558023610344,0.0,0.0,0.0
image_1197.png,surface,0.0,0.0,1.7567812977763169,16.92517306981404,13.451613150918387,0.0,1.9146485758929805,1.325868031222456,0.0,0.0,0.0,-1.9692692049476868,0,0,0,0,0,0,0.19179466454632874,0.11042078337723633,0.6441769299379003,0.0,0.0,0.0
image_1198.png,surface,0.0,0.0,2.1259779556329654,8.875453979387736,-1.6866517578973013,0.0,1.133032281966231,-0.8249484544808972,0.0,0.0,0.0,2.171243387216731,0,0,0,0,0,0,0.2158009573044842,-0.12930430571793042,0.5730334295641429,0.0,0.0,0.0
image_1199.png,surface,0.0,0.0,2.8124137320775247,7.96329036146056,17.117552683897948,0.0,1.8542622607795738,-2.2599672242398703,0.0,0.0,0.0,1.4662792116154808,0,0,0,0,0,0,0.2563136689326126,-0.3054760540463492,1.1307752492551069,0.0,0.0,0.0
image_1200.png,surface,0.0,0.0,2.977351049710169,10.787993818554316,5.79750691752347,0.0,2.976430569155797,-0.024193817105026265,0.0,0.0,0.0,2.0309939495359144,0,0,0,0,0,0,0.48565944717963394,-0.041902731138709674,1.3593276519624136,0.0,0.0,0.0
image_1201.png,surface,0.0,0.0,0.5827258322735411,-12.661520518724618,-8.675879501550842,0.0,1.2471652518628402,-1.0380255096063435,0.0,0.0,0.0,1.7638083775945237,0,0,0,0,0,0,0.03139354678681561,-0.036881387977138864,0.15334036944965224,0.0,0.0,0.0
image_1202.png,surface,0.0,0.0,2.923880221909129,-8.940502433032078,-11.776133432481554,0.0,0.6659153365174003,-0.7781208182936348,0.0,0.0,0.0,2.7857221767960905,0,0,0,0,0,0,0.5701426045012217,-0.5006382956850696,2.6964369163316433,0.0,0.0,0.0
image_1203.png,surface,0.0,0.0,2.507964948601053,-7.346554566227475,-15.333823038680784,0.0,1.6722234953478854,-0.48130988978614664,0.0,0.0,0.0,-1.5660005992633417,0,0,0,0,0,0,0.7021361236412518,-0.3333797460889378,2.271500763345914,0.0,0.0,0.0
image_1204.png,surface,0.0,0.0,0.6875120995056903,8.004228039985872,-10.51341121273544,0.0,0.06877349956978972,-1.0384297200535295,0.0,0.0,0.0,2.3321902532150194,0,0,0,0,0,0,0.008291256684824999,-0.048034684661204294,0.11062300717250302,0.0,0.0,0.0
image_1205.png,surface,0.0,0.0,2.5004196960222806,-18.39865765964441,14.554205832024772,0.0,2.460294717211035,1.5406865858903844,0.0,0.0,0.0,2.490542965037747,0,0,0,0,0,0,0.38550691048452224,0.0976220214842101,1.22539655135296,0.0,0.0,0.0
image_1206.png,surface,0.0,0.0,2.156582275859169,-10.185764024880207,-22.690209673877572,0.0,-0.9548490480579652,1.5959576344648678,0.0,0.0,0.0,-0.4417628628910215,0,0,0,0,0,0,-0.012126419468554965,0.378878589529449,1.6391810834703073,0.0,0.0,0.0
image_1207.png,surface,0.0,0.0,2.7643448533939528,2.5447600848892664,17.71917957413547,0.0,-1.7954082354042389,-0.9149609641040937,0.0,0.0,0.0,0.8134257276929615,0,0,0,0,0,0,-0.7285165647893354,-0.21749557774925318,2.076639921644235,0.0,0.0,0.0
image_1208.png,surface,0.0,0.0,1.6444932041816305,9.854034413197061,14.386571308742985,0.0,0.5130669968282936,0.6954954091086675,0.0,0.0,0.0,-0.5491263066730294,0,0,0,0,0,0,0.09134688119246911,0.13087111580217992,0.43637359833771683,0.0,0.0,0.0
image_1209.png,surface,0.0,0.0,1.7583461574452528,16.27105708429275,-10.387825027249168,0.0,2.5306900414950904,0.7391657266256915,0.0,0.0,0.0,0.05238951412009252,0,0,0,0,0,0,0.32543030298939135,0.03148250021695365,0.9272101588259646,0.0,0.0,0.0
image_1210.png,surface,0.0,0.0,2.5932832800267436,-7.050429276696884,-2.7989287684022455,0.0,-2.1781868043019696,-0.07706440257423769,0.0,0.0,0.0,0.747435462813911,0,0,0,0,0,0,-0.47811391659164565,-0.12867663782273414,1.079096842816003,0.0,0.0,0.0
image_1211.png,surface,0.0,0.0,1.7094694862982178,-2.789030633521078,-13.499990773312545,0.0,0.3170444226813434,-1.7500462664538357,0.0,0.0,0.0,-1.0228527336948154,0,0,0,0,0,0,0.0954498966150625,-0.22538625986029273,0.6622642605413981,0.0,0.0,0.0
image_1212.png,surface,0.0,0.0,1.8159197534508051,6.809443854894221,-20.619092844354313,0.0,-1.5295972388832892,1.9452541108357422,0.0,0.0,0.0,1.5639139398690869,0,0,0,0,0,0,-0.2552544334971064,0.42153326366039867,1.031895608952208,0.0,0.0,0.0
image_1213.png,surface,0.0,0.0,1.1108971974898796,16.72042381201731,9.587244298553639,0.0,1.9885292284379579,0.5607329676281686,0.0,0.0,0.0,1.9554073312884217,0,0,0,0,0,0,0.08983412253888678,-0.002771806594827004,0.27358762290623795,0.0,0.0,0.0
image_1214.png,surface,0.0,0.0,1.3260562801603257,-0.9265458735767782,-22.756519119065352,0.0,-1.7426402130440208,-1.8971561022175962,0.0,0.0,0.0,2.6753294184382863,0,0,0,0,0,0,-0.11304598872041295,-0.2323031915274067,0.6861127408926762,0.0,0.0,0.0
image_1215.png,surface,0.0,0.0,1.2191209384572272,10.369903831817759,-10.127399042567903,0.0,1.4006037298752925,-0.12325564983491565,0.0,0.0,0.0,-0.5738151886979344,0,0,0,0,0,0,0.10585962417090003,-0.013492500092980178,0.31726517680801786,0.0,0.0,0.0
image_1216.png,surface,0.0,0.0,0.6141580446666608,-2.8213739004198923,-14.047375697239056,0.0,2.850014408524195,0.36031365344623106,0.0,0.0,0.0,0.3016023609966063,0,0,0,0,0,0,0.03815986969811012,0.0005238431305773783,0.14681553240972406,0.0,0.0,0.0
image_1217.png,surface,0.0,0.0,1.9575844744005888,16.19252952515992,-5.071135319210827,0.0,2.146850069179755,2.0943576405721656,0.0,0.0,0.0,1.265684128534292,0,0,0,0,0,0,0.2807247844290508,0.24569186685576755,0.9716558660274487,0.0,0.0,0.0
image_1218.png,surface,0.0,0.0,2.606628759606103,9.099937434231197,9.802407789412653,0.0,-0.9795419904992059,0.8687971802978307,0.0,0.0,0.0,1.5587203457134953,0,0,0,0,0,0,-0.35961499602436636,0.3090768856556334,1.450737894627202,0.0,0.0,0.0
image_1219.png,surface,0.0,0.0,2.425781633745424,-10.759670957599724,7.5900820976872865,0.0,-2.6899581916022455,-0.5553376482413964,0.0,0.0,0.0,2.4314660482221964,0,0,0,0,0,0,-0.42526476467585356,-0.13326852400338118,1.0889488554854632,0.0,0.0,0.0
image_1220.png,surface,0.0,0.0,1.1164640989144283,-13.716437266676724,-7.819662950002275,0.0,2.877038259679812,-0.20727884926277368,0.0,0.0,0.0,2.0770570945135,0,0,0,0,0,0,0.12595009397566811,-0.04869853391376784,0.3271127234699219,0.0,0.0,0.0
image_1221.png,surface,0.0,0.0,1.9657742225415928,-6.633433073658013,-15.72972122875802,0.0,-0.8209531846888197,-2.743316602498381,0.0,0.0,0.0,-0.4968892827617335,0,0,0,0,0,0,0.04212287124129741,-0.4111964071708369,1.1145993698857566,0.0,0.0,0.0
image_1222.png,surface,0.0,0.0,1.7260766407965542,10.87739049763187,16.717443808589625,0.0,1.9058827960344693,-0.7570529695335896,0.0,0.0,0.0,1.9251756999340799,0,0,0,0,0,0,0.1480433710119394,-0.07689167681529409,0.4620978018626913,0.0,0.0,0.0
image_1223.png,surface,0.0,0.0,2.5413848073539724,-4.530599512130623,-14.40039864197164,0.0,0.47427414174045246,1.9415107729751662,0.0,0.0,0.0,2.977229358170109,0,0,0,0,0,0,0.3343074873217311,0.42960642566076895,1.497898934422987,0.0,0.0,0.0
image_1224.png,surface,0.0,0.0,1.3836998077610767,7.080277436606155,-20.16906217004876,0.0,-1.6495528020201593,0.7668451830202172,0.0,0.0,0.0,-0.24162425708993807,0,0,0,0,0,0,-0.19853359343773952,0.1355573881324806,0.6393536417769672,0.0,0.0,0.0
image_1225.png,surface,0.0,0.0,0.591492377679459,-20.744598949148138,7.008851296404471,0.0,2.2322129816870784,1.096703064520047,0.0,0.0,0.0,1.8379799795065432,0,0,0,0,0,0,0.06876812124825736,0.012982814884850757,0.1914577439436901,0.0,0.0,0.0
image_1226.png,surface,0.0,0.0,2.7181895300506325,23.49626804226646,-4.26015703681677,0.0,0.9732594540288159,2.026833677468248,0.0,0.0,0.0,-1.714883910403226,0,0,0,0,0,0,0.45766580263839474,1.2798337155352855,3.92709442458606,0.0,0.0,0.0
image_1227.png,surface,0.0,0.0,2.1757010702052484,-20.55158214012495,5.530779571064832,0.0,-1.0151101657507928,-1.6799223492990796,0.0,0.0,0.0,-0.44644318075621836,0,0,0,0,0,0,-0.16798926126732108,-0.5384651182612382,1.5498207382739166,0.0,0.0,0.0
image_1228.png,surface,0.0,0.0,0.954646150729445,-10.045400550824782,-2.995084216965154,0.0,1.175028355401482,-0.11377145755601507,0.0,0.0,0.0,-1.7475255893039991,0,0,0,0,0,0,0.06184504366762787,-0.021798481262495794,0.15601997398350378,0.0,0.0,0.0
image_1229.png,surface,0.0,0.0,1.014260394607224,3.6895194876220594,-6.4860029250674405,0.0,-1.1954746075068177,2.3370020225614176,0.0,0.0,0.0,-1.7826030837693907,0,0,0,0,0,0,-0.0381872637179942,0.046867442610488246,0.1307647012519535,0.0,0.0,0.0
image_1230.png,surface,0.0,0.0,1.495499637396025,4.684698710003787,-3.0655322128348876,0.0,2.676304481525205,0.27135314613967876,0.0,0.0,0.0,-0.8699361570933464,0,0,0,0,0,0,0.09886501776057412,-0.0015998452366283167,0.2693002556520758,0.0,0.0,0.0
image_1231.png,surface,0.0,0.0,1.6909705845952452,6.307781052079142,11.026355809300048,0.0,-1.2908065612826658,-2.6782143443333326,0.0,0.0,0.0,2.2425454153279194,0,0,0,0,0,0,-0.029877744353246527,-0.1229332406163134,0.3653640781906518,0.0,0.0,0.0
image_1232.png,surface,0.0,0.0,1.325750352973599,11.32975074982472,9.009674548473729,0.0,-2.4771750934025802,0.20406772096265918,0.0,0.0,0.0,2.992064237497508,0,0,0,0,0,0,-0.11370953275759794,0.010767886572979942,0.2729311197954445,0.0,0.0,0.0
image_1233.png,surface,0.0,0.0,1.7891761287439802,14.230916029139452,3.836283732434644,0.0,2.143658252458109,-0.7290133380527665,0.0,0.0,0.0,-1.0511170571639055,0,0,0,0,0,0,0.17005294409856572,-0.07209056800291494,0.48626336875047543,0.0,0.0,0.0
image_1234.png,surface,0.0,0.0,2.731125625493214,1.3285520715071768,-1.6961265893313802,0.0,-0.28396776958907505,-0.6513396142627348,0.0,0.0,0.0,2.224833723200354,0,0,0,0,0,0,-0.05237127845781978,-0.17560071212301465,1.079291114144707,0.0,0.0,0.0
image_1235.png,surface,0.0,0.0,2.074901768699063,-1.4974780312224552,10.119477882845644,0.0,-1.013191413174493,-1.2690809687900635,0.0,0.0,0.0,-1.2398592428872273,0,0,0,0,0,0,-0.15753692079166418,-0.19362846670684955,0.5925275525479132,0.0,0.0,0.0
image_1236.png,surface,0.0,0.0,1.423822875255126,-0.4318981093066997,5.673931273785378,0.0,-0.5840964980854823,1.4153467864806508,0.0,0.0,0.0,-0.537940866478035,0,0,0,0,0,0,-0.05144140367176466,0.05717126394767141,0.20437567080063232,0.0,0.0,0.0
image_1237.png,surface,0.0,0.0,2.6511077004786587,-13.448728564741078,21.057023378189506,0.0,0.9347689693712237,-2.4907938550218436,0.0,0.0,0.0,0.8734944033841954,0,0,0,0,0,0,0.160967260837111,-0.6698223227341347,1.9032382462511457,0.0,0.0,0.0
image_1238.png,surface,0.0,0.0,2.239307627437952,-15.090984437787096,0.1960851958117686,0.0,0.14825042576953545,2.414721387569568,0.0,0.0,0.0,-1.416736846714887,0,0,0,0,0,0,0.027348363183976977,0.3046360173144323,0.7908718801436003,0.0,0.0,0.0
image_1239.png,surface,0.0,0.0,1.9843096206941997,-5.795004758012742,19.97580309617383,0.0,0.7145323910991633,-0.08453807018205176,0.0,0.0,0.0,1.1426011788356565,0,0,0,0,0,0,0.1895483549158584,-0.037468155207485275,0.6610584385011646,0.0,0.0,0.0
image_1240.png,surface,0.0,0.0,1.7912954139208253,-19.086799268006814,-1.1780254131298944,0.0,0.6485442968988857,-0.371872468539419,0.0,0.0,0.0,-0.7559835248410014,0,0,0,0,0,0,0.21351812231416883,-0.2423977902328576,0.9000791629207184,0.0,0.0,0.0
image_1241.png,surface,0.0,0.0,0.7195926245694855,12.728478280138788,-18.02899923710473,0.0,-1.9081652469578232,-1.8081727487868708,0.0,0.0,0.0,1.4232533006585673,0,0,0,0,0,0,-0.08843702752481426,-0.07446595276919689,0.3247680695028022,0.0,0.0,0.0
image_1242.png,surface,0.0,0.0,1.9823378439427868,-7.822911626956662,-21.212218895265753,0.0,0.8616288572305602,0.14339996697731167,0.0,0.0,0.0,-2.3385785014831164,0,0,0,0,0,0,0.5873369176482769,-0.1980127033582586,1.9167077250413078,0.0,0.0,0.0
image_1243.png,surface,0.0,0.0,1.4956481950113907,-1.4730302357789873,-15.56889309382546,0.0,-2.6151915489858095,-0.07502846435284981,0.0,0.0,0.0,1.0340408512270862,0,0,0,0,0,0,-0.19326024461011138,-0.01226548014748354,0.4520492848607483,0.0,0.0,0.0
image_1244.png,surface,0.0,0.0,1.87582261057434,-2.72323005416804,16.846151264376804,0.0,-0.7464909765835184,-2.6409380951372032,0.0,0.0,0.0,-1.549369136472277,0,0,0,0,0,0,-0.015404570514647609,-0.2108586583261116,0.5946444401296554,0.0,0.0,0.0
image_1245.png,surface,0.0,0.0,0.8101625521371298,1.2888045578408942,2.003659478573294,0.0,0.31988232638701136,-0.9890023589026004,0.0,0.0,0.0,2.825013386675856,0,0,0,0,0,0,0.01354177716255008,-0.019816372119770487,0.047500456370074585,0.0,0.0,0.0
image_1246.png,surface,0.0,0.0,2.4654438908625638,4.021614780255244,-19.866328242780927,0.0,0.6577312496425732,0.21748111559058136,0.0,0.0,0.0,1.0084927262196857,0,0,0,0,0,0,0.6818051952175037,0.055711424833029245,2.5087775118146878,0.0,0.0,0.0
image_1247.png,surface,0.0,0.0,1.7798901160812601,-3.909027414310326,11.087409803637753,0.0,0.21126482008310515,2.5506854753011936,0.0,0.0,0.0,-0.37318599998855717,0,0,0,0,0,0,-0.0013879636741118695,0.16371749588162798,0.38248675116196296,0.0,0.0,0.0
image_1248.png,surface,0.0,0.0,2.577326393718999,-3.3058647197665043,14.806413965654526,0.0,-1.0808171226848098,-1.2873575559436103,0.0,0.0,0.0,2.7265013645214307,0,0,0,0,0,0,-0.3517042118379272,-0.29886902357059836,1.2751166134785747,0.0,0.0,0.0
image_1249.png,surface,0.0,0.0,1.017030649049922,17.427655014745977,-5.0722984661992365,0.0,0.7205776634781661,1.6565473174330678,0.0,0.0,0.0,0.14073474339563763,0,0,0,0,0,0,0.029392261445305934,0.08806699693427864,0.3407787065925643,0.0,0.0,0.0
image_1250.png,surface,0.0,0.0,2.8452104023885134,16.052671398936464,3.8931739274244648,0.0,0.9222968117754593,-1.3425506615262521,0.0,0.0,0.0,-1.6362666725777604,0,0,0,0,0,0,0.33236251190998206,-0.18272686642186026,1.4066450020226748,0.0,0.0,0.0
image_1251.png,surface,0.0,0.0,1.9454617333679463,18.86631666021302,-3.9545910475504096,0.0,1.1833631918335026,1.5916521568590059,0.0,0.0,0.0,1.1909898927914409,0,0,0,0,0,0,0.22465683517691373,0.3442310070941119,1.134745529972764,0.0,0.0,0.0
image_1252.png,surface,0.0,0.0,0.6892142642192431,-24.43273176514168,-1.5642188192327209,0.0,1.67705346686376,2.0523949875130305,0.0,0.0,0.0,1.8103130776754393,0,0,0,0,0,0,0.09659131411022014,0.08683997698878204,0.33046222913723616,0.0,0.0,0.0
image_1253.png,surface,0.0,0.0,1.2842941763287152,5.667173854282037,20.903373862207154,0.0,-0.9414992638242533,-2.100957680816474,0.0,0.0,0.0,2.310127697651775,0,0,0,0,0,0,-0.017803069144472303,-0.10775594775201679,0.34305637044633813,0.0,0.0,0.0
image_1254.png,surface,0.0,0.0,2.956712268840902,5.529031271664589,22.79797444336485,0.0,-0.9618022721496078,1.5437142167329545,0.0,0.0,0.0,-1.5841505065619321,0,0,0,0,0,0,-0.8164513686162802,0.608927525182629,3.0461744340823835,0.0,0.0,0.0
image_1255.png,surface,0.0,0.0,2.0333352984662474,7.822853274334363,17.195774338786133,0.0,2.7678832001237437,0.4122347160028294,0.0,0.0,0.0,1.9222026804806056,0,0,0,0,0,0,0.22109713448201546,0.0025720225780602015,0.6093175079562703,0.0,0.0,0.0
image_1256.png,surface,0.0,0.0,1.5493676294838927,22.920351210090498,-7.456224552680186,0.0,-0.2667216561412953,0.07002508048638059,0.0,0.0,0.0,-1.1504296223558514,0,0,0,0,0,0,0.006102778874109409,0.14771904351534515,1.0380921944367394,0.0,0.0,0.0
image_1257.png,surface,0.0,0.0,2.7892285383744486,-13.28277493163334,17.485095275796272,0.0,-1.5211650631848732,1.1325265355527818,0.0,0.0,0.0,2.319424425847413,0,0,0,0,0,0,-0.6403991341631656,0.06052511846536214,2.139686550318203,0.0,0.0,0.0
image_1258.png,surface,0.0,0.0,1.4032115456448682,-19.909940577302148,-2.5595275586898363,0.0,1.6040451756268013,-1.163341937258625,0.0,0.0,0.0,2.109498434107411,0,0,0,0,0,0,0.1624191438909515,-0.13009085696504383,0.6156391416523821,0.0,0.0,0.0
image_1259.png,surface,0.0,0.0,2.367864401457684,-0.8430478663398979,11.398435341909341,0.0,-1.6228849385563031,-2.099991482555387,0.0,0.0,0.0,1.1963440247245352,0,0,0,0,0,0,-0.2169652031495453,-0.3049411991983123,0.8747569000758222,0.0,0.0,0.0
image_1260.png,surface,0.0,0.0,0.8656627031789766,-11.459612241531705,-5.665701826301897,0.0,1.3544204421501116,2.3302106645965797,0.0,0.0,0.0,-2.7672304359432047,0,0,0,0,0,0,0.0276953541025049,0.09146489832180775,0.16024035112431978,0.0,0.0,0.0
image_1261.png,surface,0.0,0.0,2.2428992395683705,-0.5740588901301316,-12.770841307515047,0.0,-0.6879099992826108,1.547237907036155,0.0,0.0,0.0,1.0132435055590765,0,0,0,0,0,0,-0.06649441759790366,0.3851474029689416,0.952264461217477,0.0,0.0,0.0
image_1262.png,surface,0.0,0.0,1.7285993676484903,-0.12573715840542737,-12.36173921298067,0.0,-2.353152667042268,-0.38562202440629506,0.0,0.0,0.0,0.9397028911073053,0,0,0,0,0,0,-0.2144221249703338,-0.032604122295337164,0.5042435151726185,0.0,0.0,0.0
image_1263.png,surface,0.0,0.0,1.5615731037442848,-6.133307112230883,9.399198781349225,0.0,-1.0943841634502196,0.6789717608487535,0.0,0.0,0.0,0.08310698130483729,0,0,0,0,0,0,-0.1268373558419043,0.05087885397076564,0.3173321669213642,0.0,0.0,0.0
image_1264.png,surface,0.0,0.0,1.0790229519149046,-9.09498957162187,19.345154200100033,0.0,1.1683405979088253,0.653381852824268,0.0,0.0,0.0,-1.7156128407150428,0,0,0,0,0,0,0.0806114691780131,0.02673802309436676,0.2595330971261872,0.0,0.0,0.0
image_1265.png,surface,0.0,0.0,2.968639628616667,-17.391251972075544,-3.865406384760986,0.0,1.2097209914870242,0.7411612092186384,0.0,0.0,0.0,-1.0075857156308181,0,0,0,0,0,0,0.5900763196366547,-0.13062571181308072,2.3228151901691723,0.0,0.0,0.0
image_1266.png,surface,0.0,0.0,0.8090483799681298,7.69275103353234,11.321305802293697,0.0,-1.037146101614403,-2.6922459628423767,0.0,0.0,0.0,2.568880873613777,0,0,0,0,0,0,-0.004559582420656572,-0.03614517600984089,0.08782403859698329,0.0,0.0,0.0
image_1267.png,surface,0.0,0.0,1.0087297491682277,-6.696526930091176,20.050210726074738,0.0,-0.9370246981204265,2.7688640114499843,0.0,0.0,0.0,2.522092043202724,0,0,0,0,0,0,-0.03630012012600018,0.07858118889409323,0.2397844117117017,0.0,0.0,0.0
image_1268.png,surface,0.0,0.0,1.4435283161132644,-8.510063727945566,19.078025080056484,0.0,-1.7055726333307673,-0.42137853960081223,0.0,0.0,0.0,1.6703240457991981,0,0,0,0,0,0,-0.16832712084588766,-0.03430464609159592,0.4688079782162112,0.0,0.0,0.0
image_1269.png,surface,0.0,0.0,0.82780093533771,1.2465569746800107,-19.954230948747533,0.0,1.335874312591801,1.2110227692462086,0.0,0.0,0.0,0.23563174062639547,0,0,0,0,0,0,0.12562136573706267,0.040213219059910404,0.4025033970298338,0.0,0.0,0.0
image_1270.png,surface,0.0,0.0,2.8383111855079677,2.9889542276262144,-21.362980004592487,0.0,-0.9880129853115603,-0.12345016369479732,0.0,0.0,0.0,-1.765760447839717,0,0,0,0,0,0,0.24889902088406843,-0.13001220184033244,2.735072347702224,0.0,0.0,0.0
image_1271.png,surface,0.0,0.0,2.775953476813803,11.352063294303928,0.494837760080955,0.0,-0.7904782396137371,1.097292210933473,0.0,0.0,0.0,-2.8304337112763758,0,0,0,0,0,0,-0.16720396603065268,0.4123903919639548,1.6231704463805463,0.0,0.0,0.0
image_1272.png,surface,0.0,0.0,1.5954819507970095,-19.52117603295607,-5.040036626355643,0.0,1.7457302334819915,1.306034729003644,0.0,0.0,0.0,1.8501806216037133,0,0,0,0,0,0,0.21821163105425712,0.07649682808924323,0.6813564428450897,0.0,0.0,0.0
image_1273.png,surface,0.0,0.0,1.731001738434453,14.525168360142708,-10.499372170567915,0.0,0.6263954679801117,0.12207755093097179,0.0,0.0,0.0,-0.9751963509487673,0,0,0,0,0,0,0.23968549886315582,0.049557447875615404,0.8022066073217927,0.0,0.0,0.0
image_1274.png,surface,0.0,0.0,0.6552264937130146,15.453718436495345,19.092164047107463,0.0,0.0588975694874233,-0.43504964560247483,0.0,0.0,0.0,-2.758733603901438,0,0,0,0,0,0,0.042547478549496066,-0.0569573220084567,0.1883092086164143,0.0,0.0,0.0
image_1275.png,surface,0.0,0.0,2.5984321654182843,13.219635327108938,-3.2729007840920143,0.0,2.620430160937947,-0.5972531876642944,0.0,0.0,0.0,-0.9263297459324109,0,0,0,0,0,0,0.4152294220584272,-0.06861401149067455,1.2764229206888265,0.0,0.0,0.0
image_1276.png,surface,0.0,0.0,2.4512188449319785,2.2703601100298654,3.9511584116213903,0.0,-1.76185509751316,1.6802186832954773,0.0,0.0,0.0,2.675586207708994,0,0,0,0,0,0,-0.3099587693150283,0.29524459542390064,0.8135145384546456,0.0,0.0,0.0
image_1277.png,surface,0.0,0.0,1.4832223629948054,-5.535036948509867,12.33860735322547,0.0,-0.25583304165282483,0.9085923127101307,0.0,0.0,0.0,0.06565408673160711,0,0,0,0,0,0,-0.047227290279642675,0.10287775691742049,0.3112360666068519,0.0,0.0,0.0
image_1278.png,surface,0.0,0.0,1.6927181611122997,-9.808669254975099,17.378127039638265,0.0,-0.3412717792356398,0.6531785135262217,0.0,0.0,0.0,-0.5211902455115478,0,0,0,0,0,0,-0.11636066512635063,0.14668079586915572,0.5626499619954686,0.0,0.0,0.0
image_1279.png,surface,0.0,0.0,2.1484044919092833,5.212007773985248,-22.729762387214002,0.0,0.2655271937864889,-2.520923024786793,0.0,0.0,0.0,-1.4733746812483224,0,0,0,0,0,0,0.375462436527135,-0.5537729786325557,1.8951592385815845,0.0,0.0,0.0
image_1280.png,surface,0.0,0.0,1.6639475920337794,4.394807560854737,-7.716344831558539,0.0,-1.9625639647381294,1.6389705071310758,0.0,0.0,0.0,-1.9774878089811156,0,0,0,0,0,0,-0.14310635987288445,0.10906476902721304,0.3853494620056276,0.0,0.0,0.0
image_1281.png,surface,0.0,0.0,1.1829759851256503,0.11101503345986384,-13.633954754527165,0.0,2.478372189622598,-0.20636312573012494,0.0,0.0,0.0,1.698007377062285,0,0,0,0,0,0,0.12421361749303503,-0.027005450518385248,0.3386216249428141,0.0,0.0,0.0
image_1282.png,surface,0.0,0.0,1.2437136076707043,23.126113753737073,9.667747253444603,0.0,-1.4096263709173416,1.004780174304408,0.0,0.0,0.0,1.180339794689961,0,0,0,0,0,0,-0.22693206071726177,0.16508766815409928,0.6994437734485879,0.0,0.0,0.0
image_1283.png,surface,0.0,0.0,1.7932825200511313,22.348302893071175,8.02648903775332,0.0,-2.475993520518454,0.9741043720467545,0.0,0.0,0.0,-0.4151683199251197,0,0,0,0,0,0,-0.4345026369366625,0.25833961090934826,1.273147104146193,0.0,0.0,0.0
image_1284.png,surface,0.0,0.0,2.986327576949626,3.5679731435903226,-8.839142713561216,0.0,-1.204845098192593,1.7750292350660277,0.0,0.0,0.0,2.866311403687294,0,0,0,0,0,0,-0.195611564650136,0.6137585229423986,1.8112094615397971,0.0,0.0,0.0
image_1285.png,surface,0.0,0.0,1.724814196856767,-11.355757066032549,-0.4211684489886838,0.0,0.3753093391294967,2.861790713010089,0.0,0.0,0.0,1.9484121724072025,0,0,0,0,0,0,0.005688824795865521,0.18585104797539398,0.39236109386920565,0.0,0.0,0.0
image_1286.png,surface,0.0,0.0,0.6394935498660992,-6.839539691183356,13.056519399238365,0.0,0.41940270600879187,-0.5600985342749804,0.0,0.0,0.0,1.073302547353851,0,0,0,0,0,0,0.013678747261969049,-0.023412484421572104,0.07135786873646577,0.0,0.0,0.0
image_1287.png,surface,0.0,0.0,2.846738540678235,-7.488610598697974,-6.281323515356306,0.0,-1.524572784890105,-1.1650931784395113,0.0,0.0,0.0,2.373974440150314,0,0,0,0,0,0,-0.3010800630926953,-0.44087298572441863,1.6013986595430014,0.0,0.0,0.0
image_1288.png,surface,0.0,0.0,1.2649272402295473,-0.08495764220373542,-24.141353790740954,0.0,-0.47588829502858565,-2.492626812191859,0.0,0.0,0.0,-1.3010873114668524,0,0,0,0,0,0,0.05493109742695974,-0.28814990317493916,0.8709384636150831,0.0,0.0,0.0
image_1289.png,surface,0.0,0.0,0.5995634418352798,-15.450008452983658,-8.191713233094225,0.0,2.3447464200494124,1.3009841986451331,0.0,0.0,0.0,-0.282740895970357,0,0,0,0,0,0,0.0638478508991313,-0.005611256596905728,0.18631290323869518,0.0,0.0,0.0
image_1290.png,surface,0.0,0.0,0.6807144034894597,0.45804686014487805,1.1530181899952068,0.0,0.9731498761063113,-0.5827906514139692,0.0,0.0,0.0,2.17934139780729,0,0,0,0,0,0,0.009009588761777532,-0.00841924454909993,0.0268898314972001,0.0,0.0,0.0
image_1291.png,surface,0.0,0.0,0.927836510273947,1.924933871659217,-4.181173447778147,0.0,1.4269776171951696,0.7442587301196739,0.0,0.0,0.0,-0.867153498546207,0,0,0,0,0,0,0.01970543163640137,0.01566810084249529,0.09461683609029667,0.0,0.0,0.0
image_1292.png,surface,0.0,0.0,2.0853910175635892,-3.007922869950015,-9.784692163889634,0.0,-1.6137295588587757,0.767169296147079,0.0,0.0,0.0,-1.6443767444791204,0,0,0,0,0,0,-0.3349801626988775,0.11723231717723682,0.6276705660093751,0.0,0.0,0.0
image_1293.png,surface,0.0,0.0,1.4199652061425603,17.611930274668037,-16.164578196671023,0.0,-2.219170577750804,-0.7156768724054366,0.0,0.0,0.0,0.7253398806041034,0,0,0,0,0,0,-0.25450870740027026,-0.04603684449353676,0.7597862345471449,0.0,0.0,0.0
image_1294.png,surface,0.0,0.0,2.7932501028088494,-5.6529183767638695,-6.650803730085518,0.0,0.34859724461881547,1.0675390209962163,0.0,0.0,0.0,-0.013591312843137082,0,0,0,0,0,0,0.2655667600933571,0.23460306737396544,1.424471071184122,0.0,0.0,0.0
image_1295.png,surface,0.0,0.0,2.483183910864747,-14.759793763254198,-1.8784571708581133,0.0,2.051675539530641,0.4418736064326435,0.0,0.0,0.0,2.2753955188144523,0,0,0,0,0,0,0.45278053575911964,-0.03439903224124952,1.2384797204894893,0.0,0.0,0.0
image_1296.png,surface,0.0,0.0,1.3020920988533762,-10.987458580966626,3.672081616476376,0.0,-0.7933454075529692,0.30044897678455273,0.0,0.0,0.0,-2.840411100146456,0,0,0,0,0,0,-0.12832880803557703,0.020845181150994506,0.22434988959671726,0.0,0.0,0.0
image_1297.png,surface,0.0,0.0,2.965289505767431,20.512401464525883,9.91342251907314,0.0,1.8564566614175608,1.1134459413474733,0.0,0.0,0.0,-2.228402899577465,0,0,0,0,0,0,0.44298869554066106,0.7537158787512301,2.5531271998537064,0.0,0.0,0.0
image_1298.png,surface,0.0,0.0,2.166246995746038,-6.886888673504248,22.847257495809373,0.0,0.5802060063698155,2.5820949191202587,0.0,0.0,0.0,-0.9588491205434222,0,0,0,0,0,0,0.03131745228713844,0.38777763033928797,1.007553634765945,0.0,0.0,0.0
image_1299.png,surface,0.0,0.0,0.5435968986279576,-11.155990497578482,19.86890206451971,0.0,-2.082059282257958,2.0221458407666617,0.0,0.0,0.0,2.3712107140900516,0,0,0,0,0,0,-0.03740957793129344,0.036768124597554505,0.14177564288230496,0.0,0.0,0.0
image_1300.png,surface,0.0,0.0,1.657720622989182,15.8726711690344,-5.869216725863793,0.0,-2.8322933935790737,-0.38169594413361185,0.0,0.0,0.0,2.8746365883819767,0,0,0,0,0,0,-0.23747875837251814,0.02272818483658355,0.5784953568056437,0.0,0.0,0.0
image_1301.png,surface,0.0,0.0,2.7758096870529334,8.676293664299761,-7.769125480291674,0.0,0.3152260382582424,0.8565691668510493,0.0,0.0,0.0,-0.6902435167816412,0,0,0,0,0,0,0.27793972574086623,0.3899532310888032,1.8037690929508008,0.0,0.0,0.0
image_1302.png,surface,0.0,0.0,1.2399008688665376,6.550344711386465,-8.69040610163344,0.0,-0.4288039374664486,0.498982862568126,0.0,0.0,0.0,0.416762244977015,0,0,0,0,0,0,-0.05663257043974168,0.11088956792051574,0.2561500964021996,0.0,0.0,0.0
image_1303.png,surface,0.0,0.0,2.817165974887088,18.547739993419416,-7.402707342608449,0.0,2.1075701925187933,0.8704569782953283,0.0,0.0,0.0,-2.291521842309991,0,0,0,0,0,0,0.7794557447632298,0.643066995512331,3.015961892963205,0.0,0.0,0.0
image_1304.png,surface,0.0,0.0,2.03840788560823,3.0046412023051836,-17.307960639010226,0.0,-0.282662679050579,-1.122938471221536,0.0,0.0,0.0,-1.7562745870312524,0,0,0,0,0,0,0.07344945486839724,-0.28269123751997344,1.0654777527727015,0.0,0.0,0.0
image_1305.png,surface,0.0,0.0,1.9576091038214458,-13.312092924498023,-13.13599794273923,0.0,1.5977706234207723,-1.7470090705478714,0.0,0.0,0.0,-0.9644673744384047,0,0,0,0,0,0,0.374371241401764,-0.3899988510611359,1.3671967572768247,0.0,0.0,0.0
image_1306.png,surface,0.0,0.0,1.4145677581726643,0.269047854945119,-23.176581590351645,0.0,0.5517341610301568,2.8482416597358062,0.0,0.0,0.0,2.3958442671851925,0,0,0,0,0,0,0.07805469398886,0.32794939627886793,0.8557272418779193,0.0,0.0,0.0
image_1307.png,surface,0.0,0.0,2.8923090266646563,15.754619546171613,-18.842623248221425,0.0,-1.5692406058865256,0.8039486130336029,0.0,0.0,0.0,1.896833886724889,0,0,0,0,0,0,-0.04047009870830944,0.6646090610682684,3.336951720073276,0.0,0.0,0.0
image_1308.png,surface,0.0,0.0,1.5765404255552355,21.626307606001834,10.09675296719997,0.0,1.805351955722193,-0.10468422249170597,0.0,0.0,0.0,-2.4785175762180525,0,0,0,0,0,0,0.19468929931404852,-0.015779791119585423,0.6008343266028524,0.0,0.0,0.0
image_1309.png,surface,0.0,0.0,2.0859655993821082,12.103945152251882,1.1354121262513077,0.0,2.2452060800893316,1.8626640658825915,0.0,0.0,0.0,0.6654207078156689,0,0,0,0,0,0,0.22890443014889397,0.15913032900846366,0.6823836245830663,0.0,0.0,0.0
image_1310.png,surface,0.0,0.0,2.092713422816513,-16.04107053998827,1.6183272319223565,0.0,1.668657959024423,1.2941714255844046,0.0,0.0,0.0,-2.0545371915327384,0,0,0,0,0,0,0.258216031424542,0.10804854481594289,0.7400196851024335,0.0,0.0,0.0
image_1311.png,surface,0.0,0.0,2.108483463395795,6.52328214864129,17.6332364798605,0.0,1.577341209079908,-1.4511611255328403,0.0,0.0,0.0,1.151249177680449,0,0,0,0,0,0,0.19442905612515235,-0.15629874451885625,0.6332709394851245,0.0,0.0,0.0
image_1312.png,surface,0.0,0.0,1.265106945569746,-16.367287722495355,-6.010823497901613,0.0,0.6362572903434229,2.7259213426933817,0.0,0.0,0.0,-1.8984741232849294,0,0,0,0,0,0,0.026690906706766104,0.16459843327839482,0.35507439678066244,0.0,0.0,0.0
image_1313.png,surface,0.0,0.0,2.6618537030853706,12.569904612335836,0.16300681792525806,0.0,-0.8410192620064724,-2.0438322030120144,0.0,0.0,0.0,-2.4783535027453056,0,0,0,0,0,0,-0.1361893698522293,-0.35248035657383525,0.9950711436457534,0.0,0.0,0.0
image_1314.png,surface,0.0,0.0,1.9840088512614629,9.992239786932538,-7.406740490630418,0.0,-0.3460179512812925,0.7896179959887608,0.0,0.0,0.0,-2.849082937500934,0,0,0,0,0,0,-0.0044469625611343044,0.18387051193516296,0.7146840242348684,0.0,0.0,0.0
image_1315.png,surface,0.0,0.0,1.4711139547703027,-9.756690239166797,-8.853227638735467,0.0,-2.119233981612474,0.3541417516489518,0.0,0.0,0.0,0.9703477712715562,0,0,0,0,0,0,-0.17556827343516793,0.022347494032980756,0.39218245356694903,0.0,0.0,0.0
image_1316.png,surface,0.0,0.0,1.3056858989205027,-14.06028868195892,-12.546897147228133,0.0,-0.5406225940406388,-1.3961712739220307,0.0,0.0,0.0,-2.7231793129188846,0,0,0,0,0,0,-0.013365237923299337,-0.22538154055281037,0.6062605257839021,0.0,0.0,0.0
image_1317.png,surface,0.0,0.0,0.7842118525064898,4.154856047451619,18.136725702271843,0.0,-0.4534166860008729,-2.957699637552528,0.0,0.0,0.0,-0.5645089666994645,0,0,0,0,0,0,0.016966029648023056,-0.04855695468928747,0.11636182688250167,0.0,0.0,0.0
image_1318.png,surface,0.0,0.0,2.025606229621594,17.845982838194715,11.710581323967862,0.0,1.197898907306003,-1.3186889440442686,0.0,0.0,0.0,-1.7799626200412249,0,0,0,0,0,0,0.2121484213199797,-0.17731854004670983,0.705807834216485,0.0,0.0,0.0
image_1319.png,surface,0.0,0.0,2.4565186073407683,10.751922499381445,-5.733992302116945,0.0,1.6535773964870202,2.4308882046825935,0.0,0.0,0.0,-0.09825945195601182,0,0,0,0,0,0,0.3219984410539512,0.42618807394081476,1.3271299704844104,0.0,0.0,0.0
image_1320.png,surface,0.0,0.0,1.556164485645172,15.648399574145289,18.57226555790125,0.0,1.058139745656737,0.7053202574522883,0.0,0.0,0.0,-2.4920102710927114,0,0,0,0,0,0,0.17985391565698625,0.10817124681049252,0.5815947660497983,0.0,0.0,0.0
image_1321.png,surface,0.0,0.0,2.789152122487518,11.394534167857914,-1.0618968497250172,0.0,0.02202598814357028,-2.343116704325939,0.0,0.0,0.0,0.3266055466289508,0,0,0,0,0,0,0.08392614558395096,-0.43799420815998447,1.1721930033333376,0.0,0.0,0.0
image_1322.png,surface,0.0,0.0,0.8138391256890671,-20.553582480192095,1.907330439261941,0.0,0.5637338850751754,-1.011282031122071,0.0,0.0,0.0,-2.2938234605498087,0,0,0,0,0,0,0.05738590598654538,-0.08480123615626459,0.30958364381097686,0.0,0.0,0.0
image_1323.png,surface,0.0,0.0,1.7197232354851042,-14.567010720897352,12.976085704901811,0.0,-1.4837865685105724,0.07489943072991499,0.0,0.0,0.0,0.6532771370648529,0,0,0,0,0,0,-0.21967264544805923,-0.046905197070349715,0.6899981674667613,0.0,0.0,0.0
image_1324.png,surface,0.0,0.0,2.106064517688914,7.059033235415952,-3.317369143968428,0.0,-0.2877940803910368,1.7740980241285509,0.0,0.0,0.0,-1.7797196621687077,0,0,0,0,0,0,-0.021720413987853293,0.30539110651166096,0.6611924187278574,0.0,0.0,0.0
image_1325.png,surface,0.0,0.0,1.9240102783966053,9.459283311117343,5.452743069303266,0.0,-0.2476250206158238,-1.6233389390566793,0.0,0.0,0.0,-0.8913507717085851,0,0,0,0,0,0,0.004964405158938856,-0.1945377199485124,0.4789659124032861,0.0,0.0,0.0
image_1326.png,surface,0.0,0.0,2.72373577528379,-21.02303597462998,-8.411611256382665,0.0,-1.3645443815498128,-2.6353698166916772,0.0,0.0,0.0,-2.784732955004515,0,0,0,0,0,0,0.019248864638338303,-1.1451163641347222,3.3028358883497946,0.0,0.0,0.0
image_1327.png,surface,0.0,0.0,2.2100836392050147,10.11275367825911,-22.00518468030076,0.0,0.3203015618820569,-1.3547659611728171,0.0,0.0,0.0,2.567160305731134,0,0,0,0,0,0,0.4286981485012869,-0.21311920661031528,1.9384259197881735,0.0,0.0,0.0
image_1328.png,surface,0.0,0.0,2.562582827483514,0.6240389074681546,-16.328689865042932,0.0,-0.8672279297585548,0.25437138285330013,0.0,0.0,0.0,-2.282106609317359,0,0,0,0,0,0,0.06892335402759886,-0.05076559059118142,1.6123627080940108,0.0,0.0,0.0
image_1329.png,surface,0.0,0.0,2.155314776805863,8.168219661962791,22.748591344540802,0.0,2.280050802065792,-0.38310080310218353,0.0,0.0,0.0,-2.327522355519603,0,0,0,0,0,0,0.2792744232652037,-0.06933763863801876,0.8141978376107775,0.0,0.0,0.0
image_1330.png,surface,0.0,0.0,1.3606086804113502,1.0096984189780025,-0.20136514397866107,0.0,-2.233007594412317,-1.9101576736053758,0.0,0.0,0.0,2.2807494673029005,0,0,0,0,0,0,-0.057203279187320426,-0.05497521286573133,0.1893140603166085,0.0,0.0,0.0
image_1331.png,surface,0.0,0.0,1.1814594912109784,5.378951532796612,-17.692800914983348,0.0,2.3862818693815138,0.21959995269075275,0.0,0.0,0.0,-0.6105141022649119,0,0,0,0,0,0,0.1758513449739665,-0.051350784719033586,0.5379641052273619,0.0,0.0,0.0
image_1332.png,surface,0.0,0.0,1.3749033572811467,22.78488290448405,1.8806245608373502,0.0,0.9200283557574834,1.547541071627002,0.0,0.0,0.0,2.8975308242467337,0,0,0,0,0,0,0.08501734070932151,0.19566878064186125,0.6618355238159818,0.0,0.0,0.0
image_1333.png,surface,0.0,0.0,1.5204453605398258,12.669354277946603,14.663675767952482,0.0,1.3974308723848856,-2.644805242673638,0.0,0.0,0.0,-1.163410559550629,0,0,0,0,0,0,0.10292389837335462,-0.10740671899829848,0.37326891156551406,0.0,0.0,0.0
image_1334.png,surface,0.0,0.0,2.5670186837620994,-22.98703837614252,-2.16613863541068,0.0,1.029625848576214,-1.1353702786683655,0.0,0.0,0.0,0.9353119487239065,0,0,0,0,0,0,0.44636729132632713,-0.8013336912514647,2.690644504530968,0.0,0.0,0.0
image_1335.png,surface,0.0,0.0,2.277340126926113,9.364017111313427,-5.193907109659247,0.0,1.0197526629687206,-1.3624665346110592,0.0,0.0,0.0,-2.767211058527467,0,0,0,0,0,0,0.24059254529930824,-0.1953179787856487,0.7823105436579457,0.0,0.0,0.0
image_1336.png,surface,0.0,0.0,2.567105911100112,-12.717835155692356,0.11349870791884302,0.0,-1.8961775335211573,-0.921295435498433,0.0,0.0,0.0,2.625005338490798,0,0,0,0,0,0,-0.32307593916938,-0.39297201477522364,1.3716225707652354,0.0,0.0,0.0
image_1337.png,surface,0.0,0.0,2.8128409903020226,1.0792559136642754,7.488065579607809,0.0,-1.5275133484137713,1.8784880676289175,0.0,0.0,0.0,-0.3605720455784418,0,0,0,0,0,0,-0.45991819982883897,0.48647093462206603,1.3904467926155422,0.0,0.0,0.0
image_1338.png,surface,0.0,0.0,2.536992896999047,1.6066272255125253,7.543014108659549,0.0,-0.8571753130382005,-0.9545636126668927,0.0,0.0,0.0,-2.446884165117287,0,0,0,0,0,0,-0.24962344052099572,-0.21061797364449494,0.8921073394325096,0.0,0.0,0.0
image_1339.png,surface,0.0,0.0,2.9056939370726123,9.519725759098304,18.738391126815667,0.0,-0.9930449340930695,-1.3061332283094833,0.0,0.0,0.0,1.4621392810946956,0,0,0,0,0,0,-0.6145665734127574,-0.206323403835257,2.2087310271404443,0.0,0.0,0.0
image_1340.png,surface,0.0,0.0,2.874653598886241,7.126765657626492,-1.8478641287396207,0.0,1.894252424683376,-1.647667517094612,0.0,0.0,0.0,1.518150182904293,0,0,0,0,0,0,0.41433150696223614,-0.2607842121853761,1.2436848522964967,0.0,0.0,0.0
image_1341.png,surface,0.0,0.0,1.3024044606412133,-20.130518335104014,7.5276888942721385,0.0,2.9278965427557004,-0.6287731544717323,0.0,0.0,0.0,0.2969637721139029,0,0,0,0,0,0,0.15955190314311543,-0.09376634727086111,0.5137471792526784,0.0,0.0,0.0
image_1342.png,surface,0.0,0.0,1.480767648203357,13.131678716119202,-17.29538573886097,0.0,2.092022225768464,1.1508339926917077,0.0,0.0,0.0,0.2650501828807563,0,0,0,0,0,0,0.2853817678092937,0.07296835919469329,0.9347934396567652,0.0,0.0,0.0
image_1343.png,surface,0.0,0.0,1.9380144860818276,5.9103650404173385,-1.649420636132526,0.0,1.9513864258682048,-0.4275268811693476,0.0,0.0,0.0,2.313538180767015,0,0,0,0,0,0,0.19130613785840112,-0.07592893808882749,0.4460201746595819,0.0,0.0,0.0
image_1344.png,surface,0.0,0.0,2.226365490762877,-8.403781809136948,1.0679921559103043,0.0,-0.9456027259579114,-1.0285171398824984,0.0,0.0,0.0,-1.0264018116401548,0,0,0,0,0,0,-0.17145917045260034,-0.2753165330270399,0.8269527551919112,0.0,0.0,0.0
image_1345.png,surface,0.0,0.0,1.661764176996771,12.622220681580258,-5.573612978158684,0.0,-0.9002889484764736,-2.680559001804257,0.0,0.0,0.0,-2.547821265116704,0,0,0,0,0,0,0.008918275362164888,-0.15620435836920257,0.41272608832647767,0.0,0.0,0.0
image_1346.png,surface,0.0,0.0,2.469422571310163,-6.246832418075048,-0.8093213938346123,0.0,0.7054240780852439,0.9432240840629686,0.0,0.0,0.0,-0.4907693033854157,0,0,0,0,0,0,0.26931974081743565,0.19052316238324649,0.8581433519659426,0.0,0.0,0.0
image_1347.png,surface,0.0,0.0,2.0800170321278686,22.29837307453217,-3.4689844688953304,0.0,2.0997464805549364,1.368002226240013,0.0,0.0,0.0,-2.3026532621302698,0,0,0,0,0,0,0.4218039868305349,0.30850113014274644,1.476910931911596,0.0,0.0,0.0
image_1348.png,surface,0.0,0.0,1.9896756974392504,-16.73773258778317,-2.5548289930108155,0.0,0.06502807855135173,2.1810161813818816,0.0,0.0,0.0,2.8097100278839227,0,0,0,0,0,0,0.05625818550132968,0.2788685984590033,0.6763723784121265,0.0,0.0,0.0
image_1349.png,surface,0.0,0.0,0.8634877974788481,-2.2860626416815863,-0.9779162805795407,0.0,0.1793220708710387,-2.6038941825688253,0.0,0.0,0.0,0.3162482043092707,0,0,0,0,0,0,0.01766609904505308,-0.02283672890868522,0.06694545327072356,0.0,0.0,0.0
image_1350.png,surface,0.0,0.0,0.9282860768249073,-10.617042466040546,19.153619596297546,0.0,-1.065820544220046,2.5032778140547394,0.0,0.0,0.0,2.837765188714936,0,0,0,0,0,0,-0.033845311566414495,0.08331622740171474,0.24275877274427698,0.0,0.0,0.0
image_1351.png,surface,0.0,0.0,1.2832180726539815,1.6943440274302486,-15.953875825617313,0.0,0.3260159736475691,0.37642786337452383,0.0,0.0,0.0,2.2364117777384473,0,0,0,0,0,0,0.1230721999978772,0.09542911660725832,0.4511114232739003,0.0,0.0,0.0
image_1352.png,surface,0.0,0.0,2.9061875101376407,-16.313181459195356,2.5063248227239647,0.0,-0.0959445559235836,-0.14351253809729175,0.0,0.0,0.0,1.3281246774670494,0,0,0,0,0,0,0.02392106691851692,-0.42010803280063,2.1030206282800012,0.0,0.0,0.0
image_1353.png,surface,0.0,0.0,0.6905258700221621,-17.52591172718771,15.35251836457804,0.0,1.8100299181943202,-0.9352002214092544,0.0,0.0,0.0,-0.6112710042775538,0,0,0,0,0,0,0.08522888341842409,-0.05630133826836422,0.23097744481044288,0.0,0.0,0.0
image_1354.png,surface,0.0,0.0,2.9006280942904707,-3.498984631634404,-16.396987352470173,0.0,1.2010103355226347,1.1780400415626187,0.0,0.0,0.0,-0.2527360825402587,0,0,0,0,0,0,0.9127352609478044,0.1728257593231991,2.848486609597487,0.0,0.0,0.0
image_1355.png,surface,0.0,0.0,1.6927680785400405,7.924402670196551,20.944608751322278,0.0,-1.310986596941452,-1.2069812963807438,0.0,0.0,0.0,-1.6326999124999308,0,0,0,0,0,0,-0.15091365553976288,-0.09873735115261667,0.6183142801786768,0.0,0.0,0.0
image_1356.png,surface,0.0,0.0,1.5899031329870754,15.708273232385144,1.3496198142445253,0.0,0.5740916667374766,-0.5669115835696055,0.0,0.0,0.0,0.6248870696146795,0,0,0,0,0,0,0.15935405744395498,-0.07394682894610223,0.43811534128472057,0.0,0.0,0.0
image_1357.png,surface,0.0,0.0,2.617199659759792,-0.4918539575652035,-6.9706009961898765,0.0,2.317083841866289,-1.1902451794889632,0.0,0.0,0.0,1.701093838911782,0,0,0,0,0,0,0.43867870307894524,-0.24808927505696873,1.2298045008111456,0.0,0.0,0.0
image_1358.png,surface,0.0,0.0,2.578690370027597,-14.674821856221909,-0.6937927910974828,0.0,-2.346174605589992,0.9903216526812606,0.0,0.0,0.0,1.344408663992052,0,0,0,0,0,0,-0.5616869836970948,0.11553493958596653,1.2206268552827033,0.0,0.0,0.0
image_1359.png,surface,0.0,0.0,0.8349600220798443,-6.337905753797205,-0.2608003655628711,0.0,0.5098980052213997,2.3391630643858186,0.0,0.0,0.0,-1.1387035135411891,0,0,0,0,0,0,0.013724403961775388,0.028131791904251375,0.06732506391301933,0.0,0.0,0.0
image_1360.png,surface,0.0,0.0,2.5293609997434108,-10.035909330310634,-5.258002348552265,0.0,-0.36517027325499496,1.2470619310387179,0.0,0.0,0.0,1.0266235519870053,0,0,0,0,0,0,0.011517663471137252,0.2849565051116595,1.0589127216647654,0.0,0.0,0.0
image_1361.png,surface,0.0,0.0,1.776758406254392,-8.37962608197752,-20.149212932892098,0.0,1.627096490537272,-2.0952853721524125,0.0,0.0,0.0,0.7613011700824952,0,0,0,0,0,0,0.4122617365710168,-0.4162271889473729,1.648553000327453,0.0,0.0,0.0
image_1362.png,surface,0.0,0.0,1.3078177370926163,5.732502233117653,10.770687480788876,0.0,2.0190111716013144,-1.2228730842990785,0.0,0.0,0.0,0.8832468173041974,0,0,0,0,0,0,0.08166157327355812,-0.051608773528086786,0.1985586959583963,0.0,0.0,0.0
image_1363.png,surface,0.0,0.0,0.7709480728877189,-6.564612814440526,-4.317421487468294,0.0,-1.3828062069091744,1.258026297403298,0.0,0.0,0.0,-1.4055518130496232,0,0,0,0,0,0,-0.02985491600334339,0.015436854775844,0.08005318544881383,0.0,0.0,0.0
image_1364.png,surface,0.0,0.0,1.980569346123934,11.648694335884446,8.662452266029499,0.0,-1.3872968730835775,-0.8434877892437014,0.0,0.0,0.0,0.7212360074265032,0,0,0,0,0,0,-0.2345932549447597,-0.08442369155765025,0.6551722405418045,0.0,0.0,0.0
image_1365.png,surface,0.0,0.0,2.4508287644925364,-5.841503531139758,17.969870973168092,0.0,1.2308547656326985,2.6485507171956035,0.0,0.0,0.0,-1.7938266782188417,0,0,0,0,0,0,0.12950979467056645,0.35735068189596036,0.9593073551339487,0.0,0.0,0.0
image_1366.png,surface,0.0,0.0,2.7141862890791013,1.4140191490437843,-12.474722532081067,0.0,-1.345629144736469,0.8307888565302008,0.0,0.0,0.0,-0.5956335122984964,0,0,0,0,0,0,-0.2055875535578139,0.2246248782530872,1.447187418619848,0.0,0.0,0.0
image_1367.png,surface,0.0,0.0,2.9290477570156295,11.94178457187762,-18.511013301585287,0.0,-1.1254997466859824,1.8665012529953977,0.0,0.0,0.0,0.32843122025986204,0,0,0,0,0,0,0.24305800708884842,0.9530216723597438,3.6276486179281586,0.0,0.0,0.0
image_1368.png,surface,0.0,0.0,0.8079713027801878,6.524936571079154,24.083326738333216,0.0,0.76527256190102,2.2584658962593296,0.0,0.0,0.0,0.9654217672832077,0,0,0,0,0,0,0.033630725077324564,0.08477921272134537,0.2527938917235507,0.0,0.0,0.0
image_1369.png,surface,0.0,0.0,1.4919600009043152,-4.682602130223055,-19.544702601719003,0.0,1.44924702458598,0.05698933126845134,0.0,0.0,0.0,0.43380857004678486,0,0,0,0,0,0,0.27287183206236604,-0.06214856023940391,0.8885233683684833,0.0,0.0,0.0
image_1370.png,surface,0.0,0.0,0.6216911491728427,13.835624733480723,-15.428390761264083,0.0,0.1451051667760204,-1.5053955003549686,0.0,0.0,0.0,-1.4924831795965974,0,0,0,0,0,0,0.04736882604904198,-0.07201191287820369,0.251154866950345,0.0,0.0,0.0
image_1371.png,surface,0.0,0.0,2.0893599584876883,3.754203562724222,9.21916293818804,0.0,-0.3552800661588088,2.3478887300011295,0.0,0.0,0.0,1.8036870001942678,0,0,0,0,0,0,-0.059770707606428414,0.25522486797077987,0.5992935539958882,0.0,0.0,0.0
image_1372.png,surface,0.0,0.0,2.7191740241109166,-21.753960257086266,-6.759903525214489,0.0,0.7513402428336791,1.4691930280659804,0.0,0.0,0.0,-2.912103999018276,0,0,0,0,0,0,0.38998126706554015,0.17103242247978095,1.9865069571405818,0.0,0.0,0.0
image_1373.png,surface,0.0,0.0,2.218157672203275,-4.836662211101999,-3.2765559320104587,0.0,-1.8938256995498675,-0.9663055957103657,0.0,0.0,0.0,-2.998301300853603,0,0,0,0,0,0,-0.24236402525179293,-0.1729201454728527,0.6582783487972939,0.0,0.0,0.0
image_1374.png,surface,0.0,0.0,1.4717728399593577,5.943483979058547,23.176395431735386,0.0,0.893678435749338,-2.3617687194340244,0.0,0.0,0.0,-1.8597592623853834,0,0,0,0,0,0,0.08870792394366464,-0.1449252134855991,0.46022207868899484,0.0,0.0,0.0
image_1375.png,surface,0.0,0.0,2.3998096399721556,5.25147508852933,13.23003379559637,0.0,-2.048066732660707,-1.5815048352950123,0.0,0.0,0.0,-2.036598947319811,0,0,0,0,0,0,-0.32602840575685443,-0.202315138679968,0.9988225899931463,0.0,0.0,0.0
image_1376.png,surface,0.0,0.0,2.991532358054432,-10.22630645763287,-7.405419897511934,0.0,0.2003439485195285,-0.9476195705733101,0.0,0.0,0.0,2.7062671213647143,0,0,0,0,0,0,0.30606425282155036,-0.5503042876327869,2.432388685565916,0.0,0.0,0.0
image_1377.png,surface,0.0,0.0,0.5028050984261654,-2.4779762519673283,7.673029410740877,0.0,-0.5097555348868449,-0.13690272734371,0.0,0.0,0.0,-1.1448357303708205,0,0,0,0,0,0,0.010208838076689819,0.001341856427575135,0.0023580519897896226,0.0,0.0,0.0
image_1378.png,surface,0.0,0.0,2.5701395258273827,-18.062301099566344,3.3697089499683743,0.0,-0.6875088289036606,-1.2215093640796508,0.0,0.0,0.0,-2.1193126522136296,0,0,0,0,0,0,-0.15200941633511408,-0.6067755209705274,1.8708328954217703,0.0,0.0,0.0
image_1379.png,surface,0.0,0.0,1.315679042172853,-0.8071716497504574,-5.694904124242415,0.0,0.438706106667236,-1.9720666784856773,0.0,0.0,0.0,-0.4056428203570164,0,0,0,0,0,0,0.05280653899597302,-0.07380524972162178,0.23547694742353548,0.0,0.0,0.0
image_1380.png,surface,0.0,0.0,2.3676661759992097,16.62987993362654,5.260597528582806,0.0,-2.24495890982142,-0.35689726561989377,0.0,0.0,0.0,1.853929003666284,0,0,0,0,0,0,-0.5587877832593942,0.030420656033350806,1.2896266720293803,0.0,0.0,0.0
image_1381.png,surface,0.0,0.0,1.092602150511028,14.945250936528605,-17.04438247347878,0.0,0.6864709177674375,-2.773841163046539,0.0,0.0,0.0,-2.1982582452102886,0,0,0,0,0,0,0.09224479628865975,-0.16508924125659355,0.5200219198694475,0.0,0.0,0.0
image_1382.png,surface,0.0,0.0,1.0045510116522798,21.618133018028452,2.2073491479891065,0.0,0.6492325718075965,-1.2722891031472625,0.0,0.0,0.0,0.48032057930429684,0,0,0,0,0,0,0.0750413518016439,-0.08310228546250006,0.33777754951465083,0.0,0.0,0.0
image_1383.png,surface,0.0,0.0,2.523995341741495,1.0929008619167435,7.745658551064558,0.0,-0.5158789761017156,0.7391164028327445,0.0,0.0,0.0,-1.3172866279575648,0,0,0,0,0,0,-0.1573055935126456,0.15274038667691597,0.9087655476179545,0.0,0.0,0.0
image_1384.png,surface,0.0,0.0,2.4184704216070565,-11.227919672674588,13.255572967008769,0.0,-0.34161786630493396,-1.8845423560454315,0.0,0.0,0.0,2.4582576584220597,0,0,0,0,0,0,-0.04956034763974491,-0.4117076654814605,1.212199499023741,0.0,0.0,0.0
image_1385.png,surface,0.0,0.0,2.5280512271714493,19.539934466593778,13.051044972318106,0.0,1.9467867977517703,2.254290887204256,0.0,0.0,0.0,-1.9477103595702763,0,0,0,0,0,0,0.2874819760003841,0.6269678645864177,1.7770467367369682,0.0,0.0,0.0
image_1386.png,surface,0.0,0.0,2.3933503415598385,-15.531924340226416,-14.06519218814362,0.0,0.4351233356645735,-1.813449659754756,0.0,0.0,0.0,-0.7509996353635615,0,0,0,0,0,0,0.46835251417305723,-0.8220042580256004,2.6394908539797415,0.0,0.0,0.0
image_1387.png,surface,0.0,0.0,0.7396551147219328,-0.3756012514306277,6.021233193342742,0.0,-1.3909642410498015,-2.0799691038126524,0.0,0.0,0.0,-1.2005748851202944,0,0,0,0,0,0,0.004214113392121866,-0.023922169629701433,0.035906700753610465,0.0,0.0,0.0
image_1388.png,surface,0.0,0.0,2.7071960396526897,3.993163908439702,-10.160312118065688,0.0,1.8581842441841132,1.8413203035218606,0.0,0.0,0.0,0.7127047914284281,0,0,0,0,0,0,0.5937927750008886,0.40245310350792624,1.7863583624921,0.0,0.0,0.0
image_1389.png,surface,0.0,0.0,1.4440438724352354,-23.90180080135089,2.490522798748212,0.0,1.9438169839027784,0.07204073492773201,0.0,0.0,0.0,0.5007812586128586,0,0,0,0,0,0,0.239368945744499,-0.07990259498924342,0.7495523782316104,0.0,0.0,0.0
image_1390.png,surface,0.0,0.0,1.0491612827451011,-0.6814052065007677,-20.308956496102077,0.0,2.016199209030559,2.15695100686623,0.0,0.0,0.0,-0.19897390562512385,0,0,0,0,0,0,0.15028359308243552,0.09554237998684272,0.5283443249508345,0.0,0.0,0.0
image_1391.png,surface,0.0,0.0,1.91891740299782,-20.680382822269717,-7.805481644515274,0.0,-0.2602986324696868,2.374933330011317,0.0,0.0,0.0,2.362056389045792,0,0,0,0,0,0,0.020965556551055385,0.3496110176243661,0.884269496170994,0.0,0.0,0.0
image_1392.png,surface,0.0,0.0,1.3646618908354942,-5.829359111647769,17.552754254061988,0.0,-1.8710110448112816,1.0808291151670182,0.0,0.0,0.0,0.7646559636213972,0,0,0,0,0,0,-0.10744847732415982,0.06361154555903442,0.35653478125161137,0.0,0.0,0.0
image_1393.png,surface,0.0,0.0,2.27467443589093,0.6884638933594797,8.158709111055956,0.0,-0.5393516617803097,-1.0188543149160525,0.0,0.0,0.0,2.340551752822808,0,0,0,0,0,0,-0.1575369207916641,-0.2071728791821392,0.6676904597224471,0.0,0.0,0.0
image_1394.png,surface,0.0,0.0,2.2365465299471863,17.055434943554236,3.23910921178335,0.0,-0.20865324435734436,0.7743420703662025,0.0,0.0,0.0,-1.9913840987956326,0,0,0,0,0,0,-0.03982786113103413,0.3492083033858444,1.236791569633163,0.0,0.0,0.0
image_1395.png,surface,0.0,0.0,2.6252686330868773,-12.418426953716349,13.298408767124421,0.0,-0.5419209195968753,1.7937312456491088,0.0,0.0,0.0,-1.4285013287909518,0,0,0,0,0,0,-0.20387542731507732,0.4359035549451574,1.195865076386138,0.0,0.0,0.0
image_1396.png,surface,0.0,0.0,2.9838963938256997,-5.3114606034623595,15.763079776550413,0.0,1.774774752043097,-0.385733430982603,0.0,0.0,0.0,2.517353032670587,0,0,0,0,0,0,0.45665526768268166,-0.13850695530915524,1.328396083626655,0.0,0.0,0.0
image_1397.png,surface,0.0,0.0,2.4989098250560913,15.430223073595842,19.568515669943505,0.0,2.305150716325686,0.6174809703800725,0.0,0.0,0.0,0.10405451732045812,0,0,0,0,0,0,0.3490272073392838,0.184425817115625,1.3622551199156467,0.0,0.0,0.0
image_1398.png,surface,0.0,0.0,0.853872430443475,8.520339192901707,10.302141245295795,0.0,1.6316501872963272,1.1595440854246657,0.0,0.0,0.0,2.7056619531101846,0,0,0,0,0,0,0.04821804066543927,0.012227725687622093,0.09747061491884867,0.0,0.0,0.0
image_1399.png,surface,0.0,0.0,2.406606987392248,8.949790217560098,-8.803620882379482,0.0,-0.4521425295868722,0.9986600110967888,0.0,0.0,0.0,-0.7281845470019013,0,0,0,0,0,0,0.03064021124001154,0.3214367519527706,1.2315462437581488,0.0,0.0,0.0
image_1400.png,surface,0.0,0.0,1.9172488459649388,9.402247140690786,-13.800531995368353,0.0,-0.858604882097587,2.173876685395152,0.0,0.0,0.0,-0.1702000909438599,0,0,0,0,0,0,-0.06887769732779282,0.32837413395230913,0.9546091151845959,0.0,0.0,0.0
image_1401.png,surface,0.0,0.0,1.9079531023818717,17.88295264949144,-1.6251694747105871,0.0,-1.275486110948571,1.7060526226660775,0.0,0.0,0.0,-0.31579428235761364,0,0,0,0,0,0,-0.2374331016727121,0.40352753251148277,1.0993747501259237,0.0,0.0,0.0
image_1402.png,surface,0.0,0.0,1.3431141140621343,-14.012830501096113,1.262651325182505,0.0,1.89407338959895,-0.39223243085924736,0.0,0.0,0.0,2.3855164623984884,0,0,0,0,0,0,0.12446472934196971,-0.04232746881215075,0.3145855722741661,0.0,0.0,0.0
image_1403.png,surface,0.0,0.0,0.9018324520844665,-15.711342357876868,-19.522835415864236,0.0,-2.2546907012309534,0.1816740395509474,0.0,0.0,0.0,-1.1851984508345128,0,0,0,0,0,0,-0.19660688070591342,-0.01953793297829236,0.500215176356729,0.0,0.0,0.0
image_1404.png,surface,0.0,0.0,0.9326298529510542,-8.145139009861449,2.214919236146609,0.0,0.2917710975286463,0.8027322697336096,0.0,0.0,0.0,-2.1941998560553806,0,0,0,0,0,0,0.020618565632527508,0.06994328309829587,0.09855585475505833,0.0,0.0,0.0
image_1405.png,surface,0.0,0.0,0.6439987656825146,8.019663890873769,23.505465240438898,0.0,2.612303224878077,0.7801367616562818,0.0,0.0,0.0,0.7495833036919533,0,0,0,0,0,0,0.06763583509306104,0.006187012109792556,0.19892044257046623,0.0,0.0,0.0
image_1406.png,surface,0.0,0.0,2.5133745623731034,18.091213996456066,-15.916748519921809,0.0,0.7359288992838954,-1.8661136616504685,0.0,0.0,0.0,2.018326900446233,0,0,0,0,0,0,0.4858146799589757,-0.2593778585555379,2.119147381566231,0.0,0.0,0.0
image_1407.png,surface,0.0,0.0,2.3598710699607772,-23.29105143008172,-6.509809817554609,0.0,1.137002109472166,2.2515907441692105,0.0,0.0,0.0,2.194276403439039,0,0,0,0,0,0,0.3992845805960719,0.33041130168233257,1.4515685720326954,0.0,0.0,0.0
image_1408.png,surface,0.0,0.0,2.6418215193992767,-0.7769155881618148,-15.381395673931788,0.0,-1.0283500664278293,2.674119313312463,0.0,0.0,0.0,-0.07227017761132082,0,0,0,0,0,0,-0.10133047955011494,0.6936579717266536,1.518777519749246,0.0,0.0,0.0
image_1409.png,surface,0.0,0.0,2.260357825122857,15.584580779532605,11.721896371356744,0.0,2.8601097474755424,0.6932178309272118,0.0,0.0,0.0,-1.9936048240846826,0,0,0,0,0,0,0.2905942410371803,0.05880729054166694,0.8765834971663977,0.0,0.0,0.0
image_1410.png,surface,0.0,0.0,0.9194650076466875,3.1432752485039246,18.750137860341667,0.0,-2.52619542933529,0.0645154433653598,0.0,0.0,0.0,2.896407549465966,0,0,0,0,0,0,-0.056586913739935296,0.007491114077506276,0.18577251632436836,0.0,0.0,0.0
image_1411.png,surface,0.0,0.0,2.3398975495079872,-2.410417078873145,19.211445742072325,0.0,-1.5448315977863427,-2.187116808198079,0.0,0.0,0.0,2.9438855710551337,0,0,0,0,0,0,-0.23514265723242886,-0.3446934992274144,1.1166581993692657,0.0,0.0,0.0
image_1412.png,surface,0.0,0.0,1.8946298288402617,-5.900026092641463,-1.4115449121171786,0.0,-2.245806375289285,1.311411628255694,0.0,0.0,0.0,-1.2756011448475015,0,0,0,0,0,0,-0.17863335988216444,0.08437964468781185,0.4301435177965122,0.0,0.0,0.0
image_1413.png,surface,0.0,0.0,0.7716823832888358,-20.124874453531415,-10.312918602554575,0.0,-2.413985134556426,-0.37526850492912356,0.0,0.0,0.0,-2.7693764808321797,0,0,0,0,0,0,-0.1501374916430556,-0.01478716344572854,0.34730354363249305,0.0,0.0,0.0
image_1414.png,surface,0.0,0.0,2.7628058740133046,0.5181287480624691,15.064234633812614,0.0,-0.49496310272742083,-0.7702257629033552,0.0,0.0,0.0,-2.2888592568966253,0,0,0,0,0,0,-0.32381557770624225,-0.20144678610315486,1.4363126902199679,0.0,0.0,0.0
image_1415.png,surface,0.0,0.0,2.7557927566527756,-2.4395578794984862,-23.794164429392566,0.0,-0.3827923589033381,0.9567253888964238,0.0,0.0,0.0,-0.12432457166823507,0,0,0,0,0,0,0.6528664569902737,0.11736917709423446,3.326903203071336,0.0,0.0,0.0
image_1416.png,surface,0.0,0.0,2.0696605116692224,-6.319709132336159,8.636241533016275,0.0,1.3504113469150794,-1.691883815035447,0.0,0.0,0.0,-2.3519315996287986,0,0,0,0,0,0,0.1445765056066472,-0.19074968914241522,0.5617790905219665,0.0,0.0,0.0
image_1417.png,surface,0.0,0.0,1.549103049485198,-17.990475347936567,6.032341452566169,0.0,2.8786917645823484,-0.7137461426709426,0.0,0.0,0.0,1.918134493048914,0,0,0,0,0,0,0.19117068964897577,-0.08017631482323885,0.5358695476834012,0.0,0.0,0.0
image_1418.png,surface,0.0,0.0,1.0948102580274364,4.072416740319232,18.86094969290767,0.0,-1.6017954214052492,-0.7025852493152233,0.0,0.0,0.0,2.609633049076086,0,0,0,0,0,0,-0.06523885835323029,-0.016482967934504624,0.23489413343742244,0.0,0.0,0.0
image_1419.png,surface,0.0,0.0,0.7440013142450481,3.1766916899730107,-2.6150869614567442,0.0,1.4736494149682058,-0.29046166461846473,0.0,0.0,0.0,1.6492944144090549,0,0,0,0,0,0,0.0137868014515106,-0.009858633331317116,0.04629016832228494,0.0,0.0,0.0
image_1420.png,surface,0.0,0.0,2.514998747292444,-5.1138651699551705,-9.58082030213167,0.0,0.42987990242139174,-0.1725132538123621,0.0,0.0,0.0,-2.6117562687901468,0,0,0,0,0,0,0.22767169925412364,-0.161785726018718,1.2785733033272424,0.0,0.0,0.0
image_1421.png,surface,0.0,0.0,2.916882694644253,16.50349012279875,-5.203652481017124,0.0,-0.3067924193364174,-1.1364402589895135,0.0,0.0,0.0,-0.8196786481159952,0,0,0,0,0,0,0.010756718474365434,-0.03219668874933254,1.9819694934632612,0.0,0.0,0.0
image_1422.png,surface,0.0,0.0,0.5351015803080592,-7.1317515144224775,17.9257573249381,0.0,0.8483819478190134,-1.5623002008683908,0.0,0.0,0.0,1.8270328476367155,0,0,0,0,0,0,0.020253312034076987,-0.01891970369806139,0.09436227365958084,0.0,0.0,0.0
image_1423.png,surface,0.0,0.0,1.6984032174626105,3.254024420997632,-6.59640261154235,0.0,-2.764018105952101,0.7364445823048034,0.0,0.0,0.0,0.3857749525861669,0,0,0,0,0,0,-0.17264472275757062,0.04420103388277438,0.3797669525601038,0.0,0.0,0.0
image_1424.png,surface,0.0,0.0,0.7650894689951644,3.5248448982925398,13.379755574950586,0.0,0.26148389212377837,-0.7218806331674293,0.0,0.0,0.0,-1.7517861401536436,0,0,0,0,0,0,0.018929267739694167,-0.021043392065267074,0.0798477491012186,0.0,0.0,0.0
image_1425.png,surface,0.0,0.0,1.5463476047508877,16.379237699215064,8.341354264730896,0.0,1.4922744386377924,1.0271826813424993,0.0,0.0,0.0,-0.3788744466780747,0,0,0,0,0,0,0.14180970959838518,0.07834522351995925,0.4717175821392182,0.0,0.0,0.0
image_1426.png,surface,0.0,0.0,1.951531986385837,19.254103048655015,7.304203647832108,0.0,-2.276476249024776,-0.8700733829943922,0.0,0.0,0.0,2.0843813014313177,0,0,0,0,0,0,-0.33018012165924127,-0.030198848581664915,0.9087208875423897,0.0,0.0,0.0
image_1427.png,surface,0.0,0.0,1.5727516506648151,10.634831187405988,20.320400766781514,0.0,0.8244221698126023,0.31333493432201637,0.0,0.0,0.0,2.1783388099959673,0,0,0,0,0,0,0.15509276546203296,0.08087791853566378,0.5101297131319793,0.0,0.0,0.0
image_1428.png,surface,0.0,0.0,0.5430587076978957,21.756458459197887,-0.011476236641748705,0.0,-0.3582518972021785,2.786777915759367,0.0,0.0,0.0,1.191902323803955,0,0,0,0,0,0,-0.012528198426850379,0.056155039736401104,0.20190820162571083,0.0,0.0,0.0
image_1429.png,surface,0.0,0.0,2.9696119190186883,22.064220542535697,-0.5308071082739796,0.0,1.9707132549396211,1.4164161900682615,0.0,0.0,0.0,1.1702675737150612,0,0,0,0,0,0,0.6492808841654854,1.010738802872911,3.5735206063443585,0.0,0.0,0.0
image_1430.png,surface,0.0,0.0,2.8145106509793645,10.053710248251255,8.541613609672934,0.0,1.93926134242116,1.2934071996746943,0.0,0.0,0.0,1.7784378938924288,0,0,0,0,0,0,0.404637067703364,0.32780781705438783,1.3139440831740827,0.0,0.0,0.0
image_1431.png,surface,0.0,0.0,2.430932769342574,-12.613075854394943,6.412998288637097,0.0,-0.8967595902573552,0.7705623986389776,0.0,0.0,0.0,0.08494376248687541,0,0,0,0,0,0,-0.2613572123712163,0.09099296757353988,1.000765303280189,0.0,0.0,0.0
image_1432.png,surface,0.0,0.0,1.50170224713964,-3.785674310502932,-19.41119512652651,0.0,-1.1552223916345128,1.9782658171635532,0.0,0.0,0.0,1.95844560669424,0,0,0,0,0,0,-0.12073457696779487,0.23104313642953125,0.6055861586428821,0.0,0.0,0.0
image_1433.png,surface,0.0,0.0,2.2237254535574045,10.157992320290516,1.9802290360026022,0.0,-0.9671700270639151,1.1285897430062573,0.0,0.0,0.0,2.71592142148603,0,0,0,0,0,0,-0.22542538962365372,0.3204928904562348,0.8544343326903363,0.0,0.0,0.0
image_1434.png,surface,0.0,0.0,2.2744209411482315,10.499927796949613,21.49932357897178,0.0,0.6880511424946214,0.8943130844201787,0.0,0.0,0.0,-1.086050950819659,0,0,0,0,0,0,0.10580635802112613,0.3769358079490796,1.2574714176231616,0.0,0.0,0.0
image_1435.png,surface,0.0,0.0,1.350636602994245,-4.563788752028161,-20.7612460172223,0.0,0.43851631006436687,-0.7270101229414507,0.0,0.0,0.0,-0.7716886793151083,0,0,0,0,0,0,0.2169423747996416,-0.21816886561678187,0.8380463179620568,0.0,0.0,0.0
image_1436.png,surface,0.0,0.0,0.5992162848980991,0.7623457368143701,-5.92157120362996,0.0,1.4532975431568238,1.7621072583789676,0.0,0.0,0.0,-0.002576076315120801,0,0,0,0,0,0,0.006282361893347521,0.0004719307482679171,0.031016422479331472,0.0,0.0,0.0
image_1437.png,surface,0.0,0.0,2.055786292740039,-21.619576315352326,-0.13032046209043519,0.0,2.0843205538413483,-1.1348400459625096,0.0,0.0,0.0,-0.40326449585550117,0,0,0,0,0,0,0.41017674727986236,-0.4067995856994741,1.372895382918815,0.0,0.0,0.0
image_1438.png,surface,0.0,0.0,2.8702093631869503,5.602863818924369,-17.140893278021906,0.0,2.0481218875745477,1.8764766534901172,0.0,0.0,0.0,-2.616178702455615,0,0,0,0,0,0,1.035840942525539,0.47873127035047236,3.333629010451303,0.0,0.0,0.0
image_1439.png,surface,0.0,0.0,2.3694682246636574,18.052070334762814,-16.41743450790045,0.0,-1.6745935908274938,1.662189717581866,0.0,0.0,0.0,-0.6238743952515944,0,0,0,0,0,0,-0.16388015828475364,0.8739087748226012,2.6907248926669793,0.0,0.0,0.0
image_1440.png,surface,0.0,0.0,1.0699684715757884,-11.268546934771818,13.719874655805786,0.0,0.8557813768446555,-0.9911268516478421,0.0,0.0,0.0,0.8972489973220306,0,0,0,0,0,0,0.060139004984865706,-0.0806954386463336,0.21094070190856853,0.0,0.0,0.0
image_1441.png,surface,0.0,0.0,1.8895257536035521,17.019503737170147,8.368402177238497,0.0,-0.21809013388926574,1.0272843219872434,0.0,0.0,0.0,0.09655222185222545,0,0,0,0,0,0,-0.07772596575025488,0.33354964115831454,0.9393621653869817,0.0,0.0,0.0
image_1442.png,surface,0.0,0.0,1.4755368277978695,2.9974262792771986,22.68626875564308,0.0,0.3228777540179216,1.4382254584608463,0.0,0.0,0.0,-2.8430426426538276,0,0,0,0,0,0,0.022041532776490687,0.16598276347331412,0.4826258055957719,0.0,0.0,0.0
image_1443.png,surface,0.0,0.0,1.8662513241190894,-14.065037594392814,19.59595419189684,0.0,2.23182047415593,1.7489196691956923,0.0,0.0,0.0,0.6085382389184248,0,0,0,0,0,0,0.21414209721152147,0.10815551578555023,0.7203446888126295,0.0,0.0,0.0
image_1444.png,surface,0.0,0.0,2.3101487261352744,-17.765576497096433,-15.766576644121665,0.0,1.485626240236429,0.9797054774565167,0.0,0.0,0.0,1.8210034017040853,0,0,0,0,0,0,0.6768423119485583,-0.02875002118448238,2.14057528582193,0.0,0.0,0.0
image_1445.png,surface,0.0,0.0,1.7167928865238997,-12.38542962644802,-14.14479867500981,0.0,0.16950519792407542,2.4616173191086452,0.0,0.0,0.0,2.6168041213677027,0,0,0,0,0,0,0.03687235076357231,0.2877094344765557,0.6812894527317436,0.0,0.0,0.0
image_1446.png,surface,0.0,0.0,2.780790653014704,19.643825016609988,1.8886803607444071,0.0,0.08296234264267587,1.4725574651675273,0.0,0.0,0.0,1.1006047418343021,0,0,0,0,0,0,0.018061790443374415,0.9427618978923987,2.9116404224528116,0.0,0.0,0.0
image_1447.png,surface,0.0,0.0,2.2302867197806346,-0.47865452818804827,-0.7572431834265783,0.0,-0.7509437007985487,-2.6678851152356375,0.0,0.0,0.0,2.1206842102581893,0,0,0,0,0,0,-0.017029949027752143,-0.2563480631516575,0.6064213020559329,0.0,0.0,0.0
image_1448.png,surface,0.0,0.0,1.3807971036127848,10.383805408140958,15.808819587991321,0.0,-0.8065636257062175,-2.5241053817309527,0.0,0.0,0.0,1.2516415579068294,0,0,0,0,0,0,-0.0006270186773400447,-0.10651005057658938,0.3336107644645116,0.0,0.0,0.0
image_1449.png,surface,0.0,0.0,2.030834564348183,-0.008543468592051516,10.69220209573258,0.0,-1.213142854705278,-1.897024219049391,0.0,0.0,0.0,2.4752784379077966,0,0,0,0,0,0,-0.07960549989228102,-0.1892867038227847,0.5350254722552379,0.0,0.0,0.0
image_1450.png,surface,0.0,0.0,1.638441804863353,-18.743229808924678,-3.159354516112157,0.0,-2.524640970989581,-0.3955515628957811,0.0,0.0,0.0,-2.7887217342995054,0,0,0,0,0,0,-0.24044644385992803,-0.055399950539172536,0.6579500972418972,0.0,0.0,0.0
image_1451.png,surface,0.0,0.0,2.4800770973628694,22.08113700907589,11.719020981396925,0.0,-0.998571577754623,1.7433964955749668,0.0,0.0,0.0,0.6505101163528799,0,0,0,0,0,0,-0.5949981118757753,1.0706425458530537,3.344238011401574,0.0,0.0,0.0
image_1452.png,surface,0.0,0.0,0.518623944075379,14.360711320854875,-2.7975208459254928,0.0,-2.413466965550172,-0.0049526602879170975,0.0,0.0,0.0,1.0195831338115466,0,0,0,0,0,0,-0.003686017564362524,-0.003254749060554535,0.0809106588996463,0.0,0.0,0.0
image_1453.png,surface,0.0,0.0,1.963913779368171,7.8400873562024715,19.84503715698414,0.0,0.25253403480084136,0.9830659729249491,0.0,0.0,0.0,-2.2636466275519,0,0,0,0,0,0,0.03203274058410388,0.29473805642075956,0.7774872554970121,0.0,0.0,0.0
image_1454.png,surface,0.0,0.0,0.5587285028954823,-15.815311492700106,7.034201467499364,0.0,-0.3686141651845792,-1.9688132482087937,0.0,0.0,0.0,-2.7993873462077614,0,0,0,0,0,0,0.0026069975589399497,-0.03553166603709257,0.09693469401207826,0.0,0.0,0.0
image_1455.png,surface,0.0,0.0,2.948335990168202,-16.095066336624043,13.107894669394252,0.0,-2.4348443943386853,-1.2672623446638147,0.0,0.0,0.0,-2.176349670594798,0,0,0,0,0,0,-0.7750909642617476,-0.7085269365020814,2.8974295864082866,0.0,0.0,0.0
image_1456.png,surface,0.0,0.0,1.7688313538063625,20.97546853154389,9.301011933753285,0.0,-1.1924490206678664,0.13552669478168602,0.0,0.0,0.0,-0.5379803476766796,0,0,0,0,0,0,-0.3586470739884728,0.15678011388208937,1.057371949057802,0.0,0.0,0.0
image_1457.png,surface,0.0,0.0,1.1969987653125342,-18.479660733163474,10.368365779956118,0.0,0.8682534450287707,-2.19378699060051,0.0,0.0,0.0,0.17543074133572212,0,0,0,0,0,0,0.07338857926865552,-0.15747857138952612,0.4141998708200953,0.0,0.0,0.0
image_1458.png,surface,0.0,0.0,0.7767487853330706,11.465241157539321,6.585447154485867,0.0,1.8231515024999567,-1.3954437934961905,0.0,0.0,0.0,-1.547716856142264,0,0,0,0,0,0,0.0353748110099255,-0.03822167130221978,0.09169160114084217,0.0,0.0,0.0
image_1459.png,surface,0.0,0.0,1.354238031944882,-19.61708260705323,12.395845420210705,0.0,-2.0860082933533386,2.129232554332222,0.0,0.0,0.0,-1.2824172927137163,0,0,0,0,0,0,-0.14471956326604055,0.12374496150333417,0.48829093618108926,0.0,0.0,0.0
image_1460.png,surface,0.0,0.0,2.0851980554526737,24.026781345838998,-6.025818965227364,0.0,-1.193139167227211,-2.0623066527398692,0.0,0.0,0.0,-1.578192735435069,0,0,0,0,0,0,-0.17981130273716708,-0.25571095664149596,1.0930106893580271,0.0,0.0,0.0
image_1461.png,surface,0.0,0.0,2.9322208028150634,-4.435656236837226,-23.453596219948363,0.0,-1.419615183033281,2.364134652769844,0.0,0.0,0.0,2.739950666942663,0,0,0,0,0,0,0.0029981232872806035,0.6780276253440196,2.5477010006726597,0.0,0.0,0.0
image_1462.png,surface,0.0,0.0,0.736000846307056,-18.99008366786768,-3.21665013274785,0.0,2.380025182377204,-0.40018805335890173,0.0,0.0,0.0,-0.09729478515576773,0,0,0,0,0,0,0.07335205390881055,-0.037976267313120454,0.26050222076593027,0.0,0.0,0.0
image_1463.png,surface,0.0,0.0,1.0255924968347743,-15.241867282374034,-18.0717147815964,0.0,0.2659905376687383,0.028015219935713712,0.0,0.0,0.0,-0.9088772435598775,0,0,0,0,0,0,0.19047062025194567,-0.11377778409991555,0.6779399470644294,0.0,0.0,0.0
image_1464.png,surface,0.0,0.0,1.192358336961356,8.340071497116748,-5.284308817889311,0.0,-2.6710307023890913,0.21783171127909823,0.0,0.0,0.0,-1.2583081256109874,0,0,0,0,0,0,-0.08096759143650263,0.017934941536675592,0.2059812005171649,0.0,0.0,0.0
image_1465.png,surface,0.0,0.0,2.415010314889882,-8.233839065543751,7.335178278896674,0.0,2.2940257401510604,0.9676052490168354,0.0,0.0,0.0,-1.0055764109990886,0,0,0,0,0,0,0.29598934106429226,0.04247848665159645,0.7594803130295308,0.0,0.0,0.0
image_1466.png,surface,0.0,0.0,0.6974335256184487,6.054377824372936,11.076714865738799,0.0,-0.1764708641244366,1.2455973182510425,0.0,0.0,0.0,2.6046571732029804,0,0,0,0,0,0,0.0030894366868931657,0.014091852143280412,0.05627169521088171,0.0,0.0,0.0
image_1467.png,surface,0.0,0.0,2.73599335295763,19.247263783099203,10.696827236407461,0.0,1.7855278743673173,-0.5113168697620888,0.0,0.0,0.0,-1.039467106793375,0,0,0,0,0,0,0.5068258932098372,0.026951965033581538,1.5096534663114831,0.0,0.0,0.0
image_1468.png,surface,0.0,0.0,1.0474674925139351,-0.017540508388408534,-12.198781533528138,0.0,0.29487218369581836,-0.3468676285816257,0.0,0.0,0.0,-1.2837057322619643,0,0,0,0,0,0,0.0793696069432815,-0.08220561704079099,0.25027506346173034,0.0,0.0,0.0
image_1469.png,surface,0.0,0.0,2.295068991932363,4.378937841296333,20.73296298535679,0.0,2.926130341020982,0.31379385765531137,0.0,0.0,0.0,1.4144379701538767,0,0,0,0,0,0,0.2984395839538971,-0.019124207022310824,0.8376890373575427,0.0,0.0,0.0
image_1470.png,surface,0.0,0.0,2.4013794112917215,20.47988570587111,10.337405951517889,0.0,-1.87896116744502,-0.5598448809460035,0.0,0.0,0.0,-1.4026258452027913,0,0,0,0,0,0,-0.621226364024504,0.13318357646869294,1.7820040051245916,0.0,0.0,0.0
image_1471.png,surface,0.0,0.0,2.7327092729911078,10.916345475707436,2.334527804702845,0.0,-0.7649839875394102,-0.5704399942394736,0.0,0.0,0.0,-0.0721550206727617,0,0,0,0,0,0,-0.24140523455586074,-0.04898169236272864,1.2856876533646189,0.0,0.0,0.0
image_1472.png,surface,0.0,0.0,1.0188472974581095,17.749402329801196,-5.161606900434245,0.0,-1.6371606970274462,2.018402039993734,0.0,0.0,0.0,-2.224982616112665,0,0,0,0,0,0,-0.08283951612856111,0.09791461854813611,0.34569354790840373,0.0,0.0,0.0
image_1473.png,surface,0.0,0.0,2.3081691937509095,-21.50594994281759,-7.927241147967432,0.0,-2.504868749410286,-0.31180209590129127,0.0,0.0,0.0,1.231278685430384,0,0,0,0,0,0,-0.49224314329170393,-0.35485574134011716,1.7308860826338197,0.0,0.0,0.0
image_1474.png,surface,0.0,0.0,1.3826899375804986,-5.358462392239216,4.217149122136864,0.0,0.9501518440025787,0.99029769784995,0.0,0.0,0.0,-2.8925939838863863,0,0,0,0,0,0,0.09782404500499024,0.08946705815414016,0.19790219284760255,0.0,0.0,0.0
image_1475.png,surface,0.0,0.0,1.4707177425069964,-19.090983421453586,2.0788507145241546,0.0,-0.10660216048423403,-1.1950634553865762,0.0,0.0,0.0,0.776036870467427,0,0,0,0,0,0,0.05000473951785933,-0.22774905980662113,0.6097440116779088,0.0,0.0,0.0
image_1476.png,surface,0.0,0.0,1.770780142067235,10.774373349923161,-1.9482491167270393,0.0,1.0798696189645416,1.4833417900017123,0.0,0.0,0.0,-1.1745482014437063,0,0,0,0,0,0,0.11856740561698838,0.1587858195622282,0.49266315757882384,0.0,0.0,0.0
image_1477.png,surface,0.0,0.0,0.8279343163803885,23.361947008829084,2.9592474120184673,0.0,0.6575803894986177,1.1523517553855893,0.0,0.0,0.0,2.3677990474487256,0,0,0,0,0,0,0.02884285915763667,0.08943559610425565,0.36141166150322074,0.0,0.0,0.0
image_1478.png,surface,0.0,0.0,1.396811321556636,-15.109242782567929,-18.09158908185936,0.0,-1.7288568805773357,-2.001382175527951,0.0,0.0,0.0,2.508171728264725,0,0,0,0,0,0,-0.0812187032854373,-0.31562256513410963,0.9232577421385343,0.0,0.0,0.0
image_1479.png,surface,0.0,0.0,2.851223377659746,19.354739016101313,1.2791809996762236,0.0,-1.536316397465155,-0.8270435527068253,0.0,0.0,0.0,2.9781036119229363,0,0,0,0,0,0,-0.4912386958959653,0.04777669585215108,1.997779160212985,0.0,0.0,0.0
image_1480.png,surface,0.0,0.0,0.9515718205393218,6.501662259392328,-13.518189068132648,0.0,2.452055977378117,-0.9398444548445553,0.0,0.0,0.0,2.549317898818364,0,0,0,0,0,0,0.09279724235631599,-0.04836818238998034,0.24632264677429921,0.0,0.0,0.0
image_1481.png,surface,0.0,0.0,1.287909880081152,14.338996806316995,-16.89166539210282,0.0,0.1889427863434174,-0.5553722798878885,0.0,0.0,0.0,1.5110894760879745,0,0,0,0,0,0,0.1291901977719223,-0.06788409193335347,0.6577267968640759,0.0,0.0,0.0
image_1482.png,surface,0.0,0.0,2.5181958542707017,-2.748757259964226,-12.867900023368948,0.0,-0.32043370769524854,-1.7867326008895537,0.0,0.0,0.0,0.7251585024742973,0,0,0,0,0,0,0.11875307619620082,-0.5425740619761578,1.5043299853042318,0.0,0.0,0.0
image_1483.png,surface,0.0,0.0,1.1249467314463588,10.093575630876737,-20.29078864196638,0.0,1.5720173962488906,-0.8783682129963989,0.0,0.0,0.0,-1.2199536173413557,0,0,0,0,0,0,0.1957120093897097,-0.1128370688083682,0.6891942861066057,0.0,0.0,0.0
image_1484.png,surface,0.0,0.0,0.9119760572776737,6.58070609664414,-8.984239332402357,0.0,0.7255981796076659,1.3942219730946697,0.0,0.0,0.0,-1.5280632251244315,0,0,0,0,0,0,0.035959216767446185,0.05636268926563901,0.1606467578119539,0.0,0.0,0.0
image_1485.png,surface,0.0,0.0,0.9762862263598377,1.9420699308837215,-8.666403780392217,0.0,2.939517902839375,0.10008482525788427,0.0,0.0,0.0,0.6438937393059394,0,0,0,0,0,0,0.07339771060861677,-0.01767695272762252,0.15970443021754968,0.0,0.0,0.0
image_1486.png,surface,0.0,0.0,2.964191036938821,7.250584903225493,19.425902261745676,0.0,0.28328251559968876,1.3872302900768483,0.0,0.0,0.0,-2.1272818064357537,0,0,0,0,0,0,-0.13059642412595676,0.5610171156184688,2.1456263403682403,0.0,0.0,0.0
image_1487.png,surface,0.0,0.0,1.5332690252101218,-19.394597759705263,-8.510198344722571,0.0,1.2603177769642602,1.495898156620361,0.0,0.0,0.0,2.8202162834774853,0,0,0,0,0,0,0.22557149106303367,0.14658955592449058,0.6941515544942309,0.0,0.0,0.0
image_1488.png,surface,0.0,0.0,1.4899183231561515,-9.282111460028817,-9.912536098413337,0.0,1.8996695163985462,-0.3505825601333931,0.0,0.0,0.0,2.5567002140666553,0,0,0,0,0,0,0.17909297066021426,-0.05857132516753301,0.48810336386371983,0.0,0.0,0.0
image_1489.png,surface,0.0,0.0,2.3925450417498872,-0.7006530266501027,12.077552890696325,0.0,2.646838261529138,-1.2380135348953105,0.0,0.0,0.0,1.5187855148781004,0,0,0,0,0,0,0.2672606236561711,-0.13709116306435132,0.7263068089004487,0.0,0.0,0.0
image_1490.png,surface,0.0,0.0,0.6568491918316344,6.471278014039147,23.224876647168397,0.0,-1.7325202861614815,1.893653217498993,0.0,0.0,0.0,-0.503526746394237,0,0,0,0,0,0,-0.04001353171024635,0.04084560626258945,0.20177422139901827,0.0,0.0,0.0
image_1491.png,surface,0.0,0.0,0.9238446239490699,-3.758888881790313,-4.407174200110361,0.0,-0.820709409841238,0.16470594583336523,0.0,0.0,0.0,-0.4579289868054568,0,0,0,0,0,0,-0.025175104273197024,0.01543685477584399,0.10228050505711204,0.0,0.0,0.0
image_1492.png,surface,0.0,0.0,2.299700253934365,-1.5652809792713678,-19.105212062146897,0.0,-2.48297170730735,-0.21845106811075357,0.0,0.0,0.0,-1.7828282765419254,0,0,0,0,0,0,-0.45046726296893386,-0.10903959938730555,1.1731978550335325,0.0,0.0,0.0
image_1493.png,surface,0.0,0.0,1.2991281673467863,-19.512715621151045,-11.153331617453377,0.0,-1.154383198860862,-0.7930040483162429,0.0,0.0,0.0,0.7131466061867013,0,0,0,0,0,0,-0.12461539645133078,-0.2684845488946144,0.776413180679693,0.0,0.0,0.0
image_1494.png,surface,0.0,0.0,2.254195776455395,-10.280202089352333,22.307407111118916,0.0,-1.8593194875039671,0.4882068488201727,0.0,0.0,0.0,-1.6973673943422865,0,0,0,0,0,0,-0.6229080524673698,0.006445000918845682,1.6794198115536445,0.0,0.0,0.0
image_1495.png,surface,0.0,0.0,0.5571508599499784,-12.232409285989991,17.81179620615504,0.0,2.567595717891188,-0.16491479978704746,0.0,0.0,0.0,-0.5922322809997045,0,0,0,0,0,0,0.05321288362424904,-0.04402641950591537,0.13999817187485017,0.0,0.0,0.0
image_1496.png,surface,0.0,0.0,1.9758990468784283,-17.080238189162408,-14.807956956971175,0.0,-0.9958713571050058,1.1981584174071869,0.0,0.0,0.0,-0.022153269902523753,0,0,0,0,0,0,-0.16402321594414662,0.2611711953989558,1.1017863942063897,0.0,0.0,0.0
image_1497.png,surface,0.0,0.0,1.8606143718329475,-23.489663006942088,5.33584992259347,0.0,-0.2162408140754418,2.527086015526926,0.0,0.0,0.0,-1.4668264386452394,0,0,0,0,0,0,-0.05664474555969,0.3001054821310601,0.8119045427305563,0.0,0.0,0.0
image_1498.png,surface,0.0,0.0,0.8621409383219187,11.725050456997309,11.81655840889839,0.0,0.760290150263726,-2.7457781968081623,0.0,0.0,0.0,1.5381718135862457,0,0,0,0,0,0,0.026553936607347173,-0.042418708756815894,0.14928746759220182,0.0,0.0,0.0
image_1499.png,surface,0.0,0.0,0.7968396568575937,-5.8609465469635,2.5981599335427243,0.0,0.9257870164784615,-1.6387301780649053,0.0,0.0,0.0,-1.1184495885398837,0,0,0,0,0,0,0.023778009259123857,-0.015380223086051914,0.0669901133462878,0.0,0.0,0.0
image_1500.png,surface,0.0,0.0,2.820385495759096,-4.6043591075276105,-11.45788225687586,0.0,1.0747161405003285,1.566092001923017,0.0,0.0,0.0,-2.8197099199292373,0,0,0,0,0,0,0.5445976809595937,0.30364496274306957,1.7987515334611646,0.0,0.0,0.0
image_1501.png,surface,0.0,0.0,1.7625423458228289,-4.2972830478514545,24.59259836818587,0.0,2.0642858068459407,2.1674605380897924,0.0,0.0,0.0,2.1208779134597116,0,0,0,0,0,0,0.1849370282354216,0.17592477123682515,0.6850096370262407,0.0,0.0,0.0
image_1502.png,surface,0.0,0.0,0.6247513231884245,-7.1139818717378045,8.09867380090685,0.0,-1.2268186058446136,-0.8102522100232834,0.0,0.0,0.0,0.768844004870612,0,0,0,0,0,0,-0.017405855856157396,-0.015309433473811715,0.04439434811458498,0.0,0.0,0.0
image_1503.png,surface,0.0,0.0,0.8713945984810857,12.074461906849232,-2.158910337860761,0.0,2.777721949424239,-1.0667930653331616,0.0,0.0,0.0,0.8149235584300096,0,0,0,0,0,0,0.046884865031095145,-0.03266232708762354,0.13510119458923645,0.0,0.0,0.0
image_1504.png,surface,0.0,0.0,2.1813820515086713,-0.368818233988901,-15.802265559521963,0.0,-1.8156935199525304,-0.567207081907046,0.0,0.0,0.0,2.3669960505262164,0,0,0,0,0,0,-0.311760687067384,-0.16587893870869505,0.8986455744951074,0.0,0.0,0.0
image_1505.png,surface,0.0,0.0,1.691911106972664,-13.67962566791825,19.098705157726133,0.0,-1.3056075462948724,-0.9966768756910115,0.0,0.0,0.0,-1.535570523118938,0,0,0,0,0,0,-0.1982292154390308,-0.15780892291331358,0.8096246458730051,0.0,0.0,0.0
image_1506.png,surface,0.0,0.0,1.994156965806941,5.2160258103014225,-21.6529109497832,0.0,1.0818192123788395,0.1570961076730645,0.0,0.0,0.0,-1.1671270712588833,0,0,0,0,0,0,0.6056848234104372,0.026244068911179624,1.89119788987904,0.0,0.0,0.0
image_1507.png,surface,0.0,0.0,1.645687710525542,-19.05340194711436,2.1060099951121076,0.0,0.388816554660987,2.5581228958029096,0.0,0.0,0.0,-1.3322103190861827,0,0,0,0,0,0,0.017795459694504207,0.21253715868745124,0.5319684900828693,0.0,0.0,0.0
image_1508.png,surface,0.0,0.0,2.8137874313128353,17.527064495033002,1.861155112959971,0.0,2.0640076703866064,-0.3034961409351173,0.0,0.0,0.0,1.3483262407563856,0,0,0,0,0,0,0.5973174722259351,0.12525513989779166,1.7459990522047402,0.0,0.0,0.0
image_1509.png,surface,0.0,0.0,2.563121819226993,0.3487840955239727,-20.68191610708215,0.0,0.700966994813595,2.0437996269773704,0.0,0.0,0.0,1.3691714860482733,0,0,0,0,0,0,0.6861334503591411,0.4565505251818797,2.57370432966991,0.0,0.0,0.0
image_1510.png,surface,0.0,0.0,2.9503612474321375,1.5306901572346119,-10.150561142712748,0.0,0.7815804654468433,-0.5642978628877605,0.0,0.0,0.0,0.19694705688547742,0,0,0,0,0,0,0.49061167721862486,-0.1536873943784403,2.079574088608801,0.0,0.0,0.0
image_1511.png,surface,0.0,0.0,2.8480823542838793,13.27700683509712,13.843541930323354,0.0,0.2965879719423921,-0.3638434148920646,0.0,0.0,0.0,-0.43507637900960505,0,0,0,0,0,0,-0.05991985282579566,0.07821937532042113,1.8083043236243457,0.0,0.0,0.0
image_1512.png,surface,0.0,0.0,2.321744746670603,17.597288009797353,0.8238531004157235,0.0,-0.7462554233965515,-0.498910751191905,0.0,0.0,0.0,2.1142171400493357,0,0,0,0,0,0,-0.21597445276374835,0.022284569933211703,1.1601124528932243,0.0,0.0,0.0
image_1513.png,surface,0.0,0.0,0.6313260525534536,2.2775513690957734,-18.797418509512646,0.0,-0.6041078710609888,1.0701910727055108,0.0,0.0,0.0,1.214973386754803,0,0,0,0,0,0,-0.04658809648235442,0.08141277338370086,0.23141957955852868,0.0,0.0,0.0
image_1514.png,surface,0.0,0.0,2.997754441642433,5.605368307694079,-21.727299124652536,0.0,-0.5691339179260664,-0.07407646354703373,0.0,0.0,0.0,2.399096672255914,0,0,0,0,0,0,0.5258556056891058,0.11315798171719024,3.416602964842014,0.0,0.0,0.0
image_1515.png,surface,0.0,0.0,1.6832967391466374,3.9092751136326576,19.741313977122477,0.0,2.032604483326239,-1.2058638634177057,0.0,0.0,0.0,-1.3223166658576035,0,0,0,0,0,0,0.14854863848979594,-0.10816180819552726,0.4464623094076675,0.0,0.0,0.0
image_1516.png,surface,0.0,0.0,0.6524925890910835,-23.84429401140505,-1.775463185420887,0.0,-0.7363825007948765,1.729709427827654,0.0,0.0,0.0,-1.6392499439286947,0,0,0,0,0,0,-0.07227455579338198,0.08901085843081448,0.2711089887124256,0.0,0.0,0.0
image_1517.png,surface,0.0,0.0,2.978558276256607,15.32965059959266,11.919782920374775,0.0,2.5659719369440306,1.4802485519423951,0.0,0.0,0.0,-1.6688078806528464,0,0,0,0,0,0,0.5159937585309433,0.48662981797398314,1.840767732551956,0.0,0.0,0.0
image_1518.png,surface,0.0,0.0,1.925941794053608,8.874490001715722,-9.119572639697308,0.0,2.2988310850258626,-1.3547416569556212,0.0,0.0,0.0,0.9962242005101256,0,0,0,0,0,0,0.22945231054656937,-0.17149491461308364,0.6770646095833708,0.0,0.0,0.0
image_1519.png,surface,0.0,0.0,1.647510056872426,12.514165059017445,-9.465202351404255,0.0,-0.43739615948588373,1.9863097293100624,0.0,0.0,0.0,0.1109559612768285,0,0,0,0,0,0,-0.04152933414381573,0.22115146794583512,0.6610584385011649,0.0,0.0,0.0
image_1520.png,surface,0.0,0.0,0.5494735770826582,15.008523943490594,0.6604039195101384,0.0,1.8680934086636591,-0.21210239601802428,0.0,0.0,0.0,0.8135793844318,0,0,0,0,0,0,0.03901821565446868,-0.005807894408684027,0.08427356258963004,0.0,0.0,0.0
image_1521.png,surface,0.0,0.0,1.571002923641272,-5.504439842123745,-20.122929325792114,0.0,0.24638108781847895,-2.9679151360286995,0.0,0.0,0.0,-2.5309961212759684,0,0,0,0,0,0,0.13877201717127227,-0.3361515526837647,0.9782008001013804,0.0,0.0,0.0
image_1522.png,surface,0.0,0.0,0.958176867970298,-7.528280706140923,18.93854800820849,0.0,0.5539404170635658,-1.6754894291059221,0.0,0.0,0.0,0.3653622623326873,0,0,0,0,0,0,0.04061620014768943,-0.06891604716956605,0.23432025146642296,0.0,0.0,0.0
image_1523.png,surface,0.0,0.0,2.297372480385186,-11.31315681300468,-6.468706973622144,0.0,-1.7430521430210588,1.1241176119097,0.0,0.0,0.0,-0.7218906980632309,0,0,0,0,0,0,-0.37741654327884494,0.18614207193682578,0.8862345394958189,0.0,0.0,0.0
image_1524.png,surface,0.0,0.0,0.5196672563089393,-11.586023809330603,21.231331670365197,0.0,0.8333392292593098,-1.673171928981789,0.0,0.0,0.0,2.2663497460025175,0,0,0,0,0,0,0.04021746496938099,-0.04327133030868668,0.16647043166552464,0.0,0.0,0.0
image_1525.png,surface,0.0,0.0,1.832589201266542,-4.017853533845871,3.5367026065892713,0.0,0.5869770722022257,2.1469153093538567,0.0,0.0,0.0,-1.2305037170676314,0,0,0,0,0,0,0.033630725077324564,0.16131536837294422,0.3695844553314682,0.0,0.0,0.0
image_1526.png,surface,0.0,0.0,0.6092905459127453,20.65975667113297,-11.10651307417685,0.0,-0.665508686956594,1.2013614655337375,0.0,0.0,0.0,2.6982594579561052,0,0,0,0,0,0,-0.082032914431983,0.08948278917908241,0.3592009877627937,0.0,0.0,0.0
image_1527.png,surface,0.0,0.0,2.287074989755684,3.35804454992472,15.509839066297303,0.0,1.3065467775187225,-1.2044036598479204,0.0,0.0,0.0,1.3022928155562656,0,0,0,0,0,0,0.20568038884741965,-0.17793362312195243,0.7043206537001969,0.0,0.0,0.0
image_1528.png,surface,0.0,0.0,2.8825487320233334,13.430412711801672,-20.54589813032795,0.0,1.2552498260026308,0.7292557735594932,0.0,0.0,0.0,1.4540822697772313,0,0,0,0,0,0,1.1858277670592334,0.5780254997860452,4.6768589381766015,0.0,0.0,0.0
image_1529.png,surface,0.0,0.0,0.6083013706196134,-20.59538129564392,-11.624935248558856,0.0,1.8848870817903973,0.4861953680497032,0.0,0.0,0.0,1.1491427748500378,0,0,0,0,0,0,0.1225699763000079,-0.0056490110567671585,0.38913663641347124,0.0,0.0,0.0
image_1530.png,surface,0.0,0.0,0.7577104029171016,12.557594985468922,-14.553355236174038,0.0,0.5559659735719593,1.7655319976365589,0.0,0.0,0.0,-1.6864302493738166,0,0,0,0,0,0,0.013952687460806912,0.0849522539957103,0.2995127967712516,0.0,0.0,0.0
image_1531.png,surface,0.0,0.0,1.7889824343588367,-5.536277339929739,5.7652870164200865,0.0,-0.9709448288429424,0.9274550212844449,0.0,0.0,0.0,-1.2260878367706405,0,0,0,0,0,0,-0.18645283066899113,0.13856358699894727,0.3872810102737793,0.0,0.0,0.0
image_1532.png,surface,0.0,0.0,2.9561552610279582,13.686356017783336,-16.304706064580348,0.0,-2.210715059607199,-1.6705680481743896,0.0,0.0,0.0,2.486441054717945,0,0,0,0,0,0,-0.5107432380532188,-0.31873730807267825,1.9865918112841554,0.0,0.0,0.0
image_1533.png,surface,0.0,0.0,1.5286418270269997,-2.3627985954349238,20.982307002623354,0.0,-2.124670326439127,1.860302109820122,0.0,0.0,0.0,2.0788308771922726,0,0,0,0,0,0,-0.16956898308061927,0.13909214943700737,0.5372607090372253,0.0,0.0,0.0
image_1534.png,surface,0.0,0.0,2.038932386385664,16.69589580408965,-10.971357482408079,0.0,1.2558349245578642,-1.219156088556733,0.0,0.0,0.0,2.674524594475061,0,0,0,0,0,0,0.3653586088599995,-0.13600100303585252,1.0970479601890284,0.0,0.0,0.0
image_1535.png,surface,0.0,0.0,2.404133325800094,-8.118216023932005,9.767580592074887,0.0,-1.0230727285278618,2.690208487582917,0.0,0.0,0.0,-0.9494587960285079,0,0,0,0,0,0,-0.1617068993739735,0.32848739733189347,0.8325531286676611,0.0,0.0,0.0
image_1536.png,surface,0.0,0.0,2.819800223041071,-19.158823121699463,-6.8334992523843265,0.0,1.8684476086332447,-0.015344156976780056,0.0,0.0,0.0,-0.7126260890226384,0,0,0,0,0,0,0.8252722430188583,-0.4925651336846994,2.895888813801322,0.0,0.0,0.0
image_1537.png,surface,0.0,0.0,0.9425416277307961,10.703193550703405,-0.44669066098527194,0.0,1.3484828040313233,1.9372140923841539,0.0,0.0,0.0,2.843505953823792,0,0,0,0,0,0,0.02893417255724925,0.02610248968669926,0.1252715119575578,0.0,0.0,0.0
image_1538.png,surface,0.0,0.0,2.778565038301309,20.540631140915156,-6.070379457043902,0.0,1.9960426042793236,-0.6626545023991246,0.0,0.0,0.0,2.115995992400353,0,0,0,0,0,0,0.6907676053894817,0.14911123922273556,2.3543675335552745,0.0,0.0,0.0
image_1539.png,surface,0.0,0.0,2.0660606178728287,-19.05444484344102,-0.8584514821261143,0.0,0.8863728495582297,-2.680419472844156,0.0,0.0,0.0,1.9983167331824951,0,0,0,0,0,0,0.2078110348383806,-0.44838612323684424,1.2911495806061188,0.0,0.0,0.0
image_1540.png,surface,0.0,0.0,2.514017290393328,-0.4369900417324059,1.55346006580326,0.0,1.8083409912054862,-0.583796804897286,0.0,0.0,0.0,-1.3820199264296607,0,0,0,0,0,0,0.3025486869364648,-0.13573829491931672,0.7927208072719585,0.0,0.0,0.0
image_1541.png,surface,0.0,0.0,1.238888056090292,-15.349300663096882,10.27947021047936,0.0,-2.25591187170844,-1.5733762732282304,0.0,0.0,0.0,0.7434019678104837,0,0,0,0,0,0,-0.08603548511500243,-0.07898390313261522,0.37054911296365484,0.0,0.0,0.0
image_1542.png,surface,0.0,0.0,1.7502523990733605,6.286344558948516,11.586863301531123,0.0,1.4057526005640029,2.1942314847286863,0.0,0.0,0.0,0.16970651696114025,0,0,0,0,0,0,0.09737660934688849,0.11775144100033151,0.4023426207578028,0.0,0.0,0.0
image_1543.png,surface,0.0,0.0,1.0223979753354953,17.88510312373694,-4.564838222930515,0.0,2.6734026634749903,0.2129093538525187,0.0,0.0,0.0,0.7556630001428633,0,0,0,0,0,0,0.10280062528387775,-0.01213333953796855,0.32246584260746775,0.0,0.0,0.0
image_1544.png,surface,0.0,0.0,2.6365103338919895,-17.858300683072844,8.260242185552972,0.0,1.1053119082124896,-1.3283384012573134,0.0,0.0,0.0,2.591204294740341,0,0,0,0,0,0,0.3037631551513125,-0.5627726980020252,1.7553419400127706,0.0,0.0,0.0
image_1545.png,surface,0.0,0.0,1.0114477312752064,-13.618215602822492,14.594301977342347,0.0,0.7769651312153067,0.776722382186218,0.0,0.0,0.0,-1.513905782413312,0,0,0,0,0,0,0.07246935771255532,0.05234183929039626,0.22428289948337093,0.0,0.0,0.0
image_1546.png,surface,0.0,0.0,1.8708169464433415,6.121194145918055,-1.5614214238080786,0.0,0.49465454489758653,-0.2033874457041957,0.0,0.0,0.0,-1.2060832518163824,0,0,0,0,0,0,0.1638892896247146,-0.04508669058702394,0.44146931295959063,0.0,0.0,0.0
image_1547.png,surface,0.0,0.0,1.5447830334309494,-1.1179586563569754,-11.861268532368472,0.0,0.8847376811975329,0.3191381783949946,0.0,0.0,0.0,2.684558330104373,0,0,0,0,0,0,0.17240426413859047,0.029830742598015887,0.45549257668674736,0.0,0.0,0.0
image_1548.png,surface,0.0,0.0,0.6239737830138039,16.97755039817589,14.644937070028437,0.0,-1.4807672349976009,1.2175865786270241,0.0,0.0,0.0,0.21248987466019642,0,0,0,0,0,0,-0.042034601621672156,0.022081639711456477,0.19179269451042122,0.0,0.0,0.0
image_1549.png,surface,0.0,0.0,1.5303691230572685,6.956232697090552,1.8195627282987412,0.0,-1.6749592327032015,-0.1650024735189524,0.0,0.0,0.0,1.202386310562952,0,0,0,0,0,0,-0.11023353601234445,0.004431429726235841,0.2718101518987833,0.0,0.0,0.0
image_1550.png,surface,0.0,0.0,2.4609935483151495,-18.72012701335086,-13.548880888737616,0.0,-0.7105260319718804,2.8007627949749527,0.0,0.0,0.0,0.9737393731883484,0,0,0,0,0,0,-0.03374334493684707,0.4943521781181404,1.5130387000392482,0.0,0.0,0.0
image_1551.png,surface,0.0,0.0,1.8223313025061099,-10.019937047628547,18.953801816541908,0.0,-0.021938553308338965,-1.3633445057780256,0.0,0.0,0.0,-2.8250561876303677,0,0,0,0,0,0,-0.01449752407849573,-0.23770679859507446,0.7025923087758629,0.0,0.0,0.0
image_1552.png,surface,0.0,0.0,1.261992226647103,6.378582538076407,-1.3832464581799087,0.0,-0.5549817375418611,-2.506646341463841,0.0,0.0,0.0,-2.7498239480584625,0,0,0,0,0,0,0.002109339531051187,-0.07531542811607923,0.17840583686005476,0.0,0.0,0.0
image_1553.png,surface,0.0,0.0,1.6135332885776104,-15.281867826267234,8.176029750969132,0.0,-1.728064803954119,1.656262031205053,0.0,0.0,0.0,-2.273500733960346,0,0,0,0,0,0,-0.15738168801232263,0.12557919901160233,0.46055702925572645,0.0,0.0,0.0
image_1554.png,surface,0.0,0.0,2.4356639994332836,-3.306767436348462,-10.766886254550936,0.0,2.5674501326324246,0.6369811945975986,0.0,0.0,0.0,-0.9133934164732418,0,0,0,0,0,0,0.45800974977693504,0.0025830342955197832,1.290716377873146,0.0,0.0,0.0
image_1555.png,surface,0.0,0.0,2.170384399459958,-6.616627258033884,-7.33628069854011,0.0,-0.833899266720422,-1.6798466123448983,0.0,0.0,0.0,2.4444057404213195,0,0,0,0,0,0,-0.10480952007535534,-0.34662841529531296,0.8382562203172079,0.0,0.0,0.0
image_1556.png,surface,0.0,0.0,0.7772581030604032,-17.36750325106424,2.5992142566308063,0.0,-1.8114552621978264,0.9989521267783694,0.0,0.0,0.0,0.4238895688566391,0,0,0,0,0,0,-0.08604461645496381,0.027518281931503064,0.19299851655065434,0.0,0.0,0.0
image_1557.png,surface,0.0,0.0,1.8281164454856633,10.029984383394412,-7.317445597846009,0.0,-2.8949651974333914,0.7284323802133463,0.0,0.0,0.0,-1.6519513457852968,0,0,0,0,0,0,-0.22766865547413673,0.07296521298970489,0.5581750224239365,0.0,0.0,0.0
image_1558.png,surface,0.0,0.0,0.9967380974815427,-3.3744856540696797,-23.996538186338114,0.0,-2.5439777372068746,0.7158977461228366,0.0,0.0,0.0,1.9119666532500768,0,0,0,0,0,0,-0.19866599786717767,0.06338501879986586,0.5004161466967679,0.0,0.0,0.0
image_1559.png,surface,0.0,0.0,2.946018272782015,-13.517295652856625,-5.150080781704944,0.0,0.48387981562409677,-2.579924925949583,0.0,0.0,0.0,-2.175518243940087,0,0,0,0,0,0,0.2961415300636465,-0.9880294952662576,2.851193010176679,0.0,0.0,0.0
image_1560.png,surface,0.0,0.0,2.346563432562107,-5.089949760356934,7.209356683294997,0.0,-1.381419271188977,0.12645398656771026,0.0,0.0,0.0,-0.5272928639913808,0,0,0,0,0,0,-0.344333698599196,-0.08848229599275442,0.8791112574433305,0.0,0.0,0.0
image_1561.png,surface,0.0,0.0,0.7025019874143854,-12.449504103886603,3.244330108751909,0.0,-1.5005687909300565,-0.9233656850330296,0.0,0.0,0.0,0.7144760352655277,0,0,0,0,0,0,-0.04859394749384481,-0.01802303527635231,0.09756663408131155,0.0,0.0,0.0
image_1562.png,surface,0.0,0.0,1.120573147965025,-2.2771148868596627,11.47417751788553,0.0,0.1818519601261843,0.1592256523003304,0.0,0.0,0.0,-0.5583538609084906,0,0,0,0,0,0,0.04334038323613232,0.02671599965944756,0.154144250809808,0.0,0.0,0.0
image_1563.png,surface,0.0,0.0,0.6953141890306149,0.03753692550706935,-22.070113597096547,0.0,-2.1686761536468127,-0.8282422871883124,0.0,0.0,0.0,2.169336614213857,0,0,0,0,0,0,-0.12851447861478912,-0.04143080039044176,0.3279166048300776,0.0,0.0,0.0
image_1564.png,surface,0.0,0.0,1.4252408941469568,1.9195533700848475,11.262634337335976,0.0,1.8956801007121182,1.0115636969968205,0.0,0.0,0.0,0.5833494246912774,0,0,0,0,0,0,0.09783926390492567,0.03662654537307409,0.23928868487293903,0.0,0.0,0.0
image_1565.png,surface,0.0,0.0,2.5567113862234825,-10.496980906651476,-1.3174199778349163,0.0,2.385678572168655,0.37243380499619627,0.0,0.0,0.0,1.2748471529599046,0,0,0,0,0,0,0.41681827521168646,-0.06474417935487753,1.1435212348211268,0.0,0.0,0.0
image_1566.png,surface,0.0,0.0,0.6668888708610516,8.153499325283905,-16.10139147100578,0.0,-0.8362939047306586,-0.7717595531614839,0.0,0.0,0.0,0.2604169971033743,0,0,0,0,0,0,-0.05596598262256965,-0.06323400096042019,0.22146931472282647,0.0,0.0,0.0
image_1567.png,surface,0.0,0.0,0.9133929984730078,-15.935103041780721,6.99099732854549,0.0,-1.7601855328938325,2.10324103144108,0.0,0.0,0.0,-2.639238855017647,0,0,0,0,0,0,-0.07128228351759167,0.058712904392013314,0.18803901515925114,0.0,0.0,0.0
image_1568.png,surface,0.0,0.0,1.1686131092056302,13.546674847060348,1.7306198675167588,0.0,2.829732341158353,0.4433226103754545,0.0,0.0,0.0,0.46041446225934113,0,0,0,0,0,0,0.0866609819023485,-0.0015054590869747198,0.23292462410504194,0.0,0.0,0.0
image_1569.png,surface,0.0,0.0,2.0602007541032505,8.422874649707895,4.65185176538693,0.0,-0.09442166668732772,-1.1767406454332403,0.0,0.0,0.0,-1.1762108276435987,0,0,0,0,0,0,-0.008619984923430595,-0.26347421745050337,0.5016889588503468,0.0,0.0,0.0
image_1570.png,surface,0.0,0.0,2.9367086196459793,12.794141990417465,19.93060730646006,0.0,0.09217133649513978,0.6186166008547055,0.0,0.0,0.0,-2.311308037109174,0,0,0,0,0,0,-0.2971429336793984,0.4717466952761066,2.4877314512050606,0.0,0.0,0.0
image_1571.png,surface,0.0,0.0,2.556830164176386,13.359065782550331,6.0643814582824795,0.0,1.624015391309372,1.8016171500430622,0.0,0.0,0.0,2.4337034512943365,0,0,0,0,0,0,0.270588997072051,0.39512559208981984,1.2614640283786014,0.0,0.0,0.0
image_1572.png,surface,0.0,0.0,1.0023162922650972,-0.8343914307257585,-18.83714946044844,0.0,0.273683013456125,1.1616001291872886,0.0,0.0,0.0,2.6421279783320992,0,0,0,0,0,0,0.03733652721160309,0.14178844711211142,0.38807372661504386,0.0,0.0,0.0
image_1573.png,surface,0.0,0.0,2.2751570166868467,1.775241837739056,11.335625579769893,0.0,1.9095257990746697,-0.09935683030987244,0.0,0.0,0.0,1.4321878588321422,0,0,0,0,0,0,0.24059254529930824,-0.03893271362961014,0.6432725634077254,0.0,0.0,0.0
image_1574.png,surface,0.0,0.0,1.890969380595114,-12.47054246274947,-3.7252816664164285,0.0,2.3640504528955257,-0.7233234603105846,0.0,0.0,0.0,-0.16197173338252213,0,0,0,0,0,0,0.23341683397975027,-0.14983329326758546,0.7085097687881184,0.0,0.0,0.0
image_1575.png,surface,0.0,0.0,1.7290696629933433,-16.32319038906952,5.865503309008767,0.0,-0.6737797751509991,1.6353933855156113,0.0,0.0,0.0,0.3385586355693966,0,0,0,0,0,0,-0.09350035553333345,0.16900312026222872,0.5318345098561766,0.0,0.0,0.0
image_1576.png,surface,0.0,0.0,2.770964517510826,-11.250804653063451,-10.747744466012922,0.0,-1.8824386708929945,-0.8498838222872123,0.0,0.0,0.0,2.4106568321129096,0,0,0,0,0,0,-0.307196538976747,-0.47995829029596876,1.8434339390631374,0.0,0.0,0.0
image_1577.png,surface,0.0,0.0,1.9703243898729852,-14.560436662996404,-4.661940422316914,0.0,-0.5538565054028268,-1.432018937347342,0.0,0.0,0.0,-0.6973127049307499,0,0,0,0,0,0,-0.04943403077028073,-0.3701305665590558,0.9698024728915349,0.0,0.0,0.0
image_1578.png,surface,0.0,0.0,0.8430241869824222,-16.878268346452614,8.124287603820287,0.0,1.2476920244344745,0.8971056315194934,0.0,0.0,0.0,2.0452173031678456,0,0,0,0,0,0,0.0846749154607744,0.005153483771085782,0.20306936359037975,0.0,0.0,0.0
image_1579.png,surface,0.0,0.0,0.9124194763911959,-19.060005308673343,-8.976240217132931,0.0,-1.6667001941338926,-2.3354966539337583,0.0,0.0,0.0,1.0098182176197685,0,0,0,0,0,0,-0.042798590398431056,-0.1689936816472635,0.4414648469520343,0.0,0.0,0.0
image_1580.png,surface,0.0,0.0,2.8049335347138076,2.435550076188642,3.134848251095633,0.0,2.455976541686275,1.1940409469567321,0.0,0.0,0.0,-2.2284024718190487,0,0,0,0,0,0,0.36130125013721237,0.10597047642106976,1.034796280860103,0.0,0.0,0.0
image_1581.png,surface,0.0,0.0,0.7005129895404028,-4.698277298493645,-5.335025215572892,0.0,-0.2428008162592731,0.03133467214426124,0.0,0.0,0.0,0.9236478533515342,0,0,0,0,0,0,-0.03269628462128917,0.002175600749515144,0.061697894391931074,0.0,0.0,0.0
image_1582.png,surface,0.0,0.0,0.8447852760434491,3.117296086042206,14.79759692321768,0.0,1.3774392432879736,-0.1621120522329885,0.0,0.0,0.0,0.8306751824192711,0,0,0,0,0,0,0.04113668652548121,-0.043979226431088536,0.10943951517005189,0.0,0.0,0.0
image_1583.png,surface,0.0,0.0,2.132784209525068,-0.9218844172907067,12.408870027553585,0.0,2.084150888697444,-0.2499962665004407,0.0,0.0,0.0,-1.4224919634636268,0,0,0,0,0,0,0.21430037377085018,-0.05256836604956485,0.5567548320209957,0.0,0.0,0.0
image_1584.png,surface,0.0,0.0,1.060843528501087,17.55714085310019,15.997075048495121,0.0,2.4545035592056177,-0.6029493080939711,0.0,0.0,0.0,1.266876007076215,0,0,0,0,0,0,0.10809680246140907,-0.06242228007339927,0.34189520848166954,0.0,0.0,0.0
image_1585.png,surface,0.0,0.0,2.5652477585278644,-20.915079217458473,11.083909405681483,0.0,0.02704260358024859,0.2475075836317712,0.0,0.0,0.0,-2.1888138619026227,0,0,0,0,0,0,-0.09430695722991152,-0.2360456023611713,1.729818706827835,0.0,0.0,0.0
image_1586.png,surface,0.0,0.0,1.5400161946783906,23.05029303922187,-9.573138735581285,0.0,0.21395654368263756,-1.5139866513081597,0.0,0.0,0.0,-2.483176991709797,0,0,0,0,0,0,0.12735632032970226,-0.23194452415872308,0.7703059153462903,0.0,0.0,0.0
image_1587.png,surface,0.0,0.0,1.7059995319700965,-3.4638445037065333,-14.589471861586885,0.0,1.2947081931425417,1.6296339031064353,0.0,0.0,0.0,-0.403040016818653,0,0,0,0,0,0,0.22196461177833549,0.1306477352479998,0.7035033743173723,0.0,0.0,0.0
image_1588.png,surface,0.0,0.0,0.8215953941923089,11.59371124057548,-19.574527753287168,0.0,-1.4560205549496164,-1.2379428463110758,0.0,0.0,0.0,1.8170671756931638,0,0,0,0,0,0,-0.1054395825326823,-0.09414546497196971,0.37261464145849854,0.0,0.0,0.0
image_1589.png,surface,0.0,0.0,0.5704090243833835,12.389208451198547,-16.023780616399097,0.0,1.1910774456976752,1.8628816053215307,0.0,0.0,0.0,0.7408480957926731,0,0,0,0,0,0,0.030343442691270605,0.05475340541404538,0.2695012259921148,0.0,0.0,0.0
image_1590.png,surface,0.0,0.0,2.398090580604343,-7.471636751932477,14.037382858049,0.0,1.262653528617038,-1.6766124399784654,0.0,0.0,0.0,0.458674744328154,0,0,0,0,0,0,0.20156215452489074,-0.32732644769115454,0.9358518834476363,0.0,0.0,0.0
image_1591.png,surface,0.0,0.0,0.6849742593870121,-1.328885927550619,3.253104416984972,0.0,0.9911743235412933,-0.2979566345928909,0.0,0.0,0.0,-0.11889697018618639,0,0,0,0,0,0,0.0007122445169782665,-0.006407246458984316,0.02827875984724645,0.0,0.0,0.0
image_1592.png,surface,0.0,0.0,2.100397551084587,-13.806956969747437,-3.4514964790151335,0.0,-1.688885730603065,0.7767907121680242,0.0,0.0,0.0,-1.4009613751758165,0,0,0,0,0,0,-0.3705132502681317,0.06387582677806443,0.7652950548679887,0.0,0.0,0.0
image_1593.png,surface,0.0,0.0,1.8438286283608625,14.78927571813619,6.256241382041687,0.0,0.9625022568300031,-1.2111991924304448,0.0,0.0,0.0,0.7350912408565544,0,0,0,0,0,0,0.13973689542717882,-0.13531670345086394,0.5613704508305545,0.0,0.0,0.0
image_1594.png,surface,0.0,0.0,1.7962263659689646,5.238730972063251,-3.362968585734551,0.0,0.014168803585193882,-0.9906611054943434,0.0,0.0,0.0,2.6550425241147426,0,0,0,0,0,0,0.020165042414451533,-0.17805317891151368,0.3893242087308406,0.0,0.0,0.0
image_1595.png,surface,0.0,0.0,1.2492125554076858,-7.83843735485045,-2.992115457634429,0.0,1.1118320572074125,-2.2263576492713204,0.0,0.0,0.0,-0.6328078075878256,0,0,0,0,0,0,0.05522634408570718,-0.08156379122314657,0.2493595319126645,0.0,0.0,0.0
image_1596.png,surface,0.0,0.0,2.3900715891777407,1.7413962732369015,-9.553644305029191,0.0,1.293216569578398,1.0251743765544779,0.0,0.0,0.0,-1.261845903540513,0,0,0,0,0,0,0.4009388750190534,0.1821699881389041,1.1360183421263423,0.0,0.0,0.0
image_1597.png,surface,0.0,0.0,1.5015338784617307,-0.16614161976124422,-0.9690745890708498,0.0,-2.204857808773655,1.2596363373547301,0.0,0.0,0.0,-0.9233167762478098,0,0,0,0,0,0,-0.09676480956948437,0.048943937902867114,0.23607315943231733,0.0,0.0,0.0
image_1598.png,surface,0.0,0.0,0.8781364295243892,-14.049142320315056,5.1467637813770075,0.0,-0.8478991563060683,0.4751848160048119,0.0,0.0,0.0,-1.7806977385423413,0,0,0,0,0,0,-0.07329726586904318,0.04175171329926388,0.14765960783788698,0.0,0.0,0.0
image_1599.png,surface,0.0,0.0,0.6401078509441804,16.804484054093617,7.887068883273263,0.0,-1.4731514475072602,0.6728572958305956,0.0,0.0,0.0,-1.8868290168337765,0,0,0,0,0,0,-0.03893298981483048,0.039897025458570885,0.13459653573536107,0.0,0.0,0.0
image_1600.png,surface,0.0,0.0,1.3563699894686625,6.195506075579848,-18.584913210238078,0.0,2.290285207665448,0.11777311577801736,0.0,0.0,0.0,-2.950510869911794,0,0,0,0,0,0,0.21342376513456904,-0.05464486134194376,0.6895292366733371,0.0,0.0,0.0
image_1601.png,surface,0.0,0.0,2.020137448625228,-11.375432242845202,6.564031079536169,0.0,1.3342940816155315,1.4505352304662615,0.0,0.0,0.0,1.3257872260984804,0,0,0,0,0,0,0.17964085105788996,0.15340580903197373,0.553840762090432,0.0,0.0,0.0
image_1602.png,surface,0.0,0.0,1.0508052329788569,9.889073186742747,-20.294615290516166,0.0,0.07845557066668651,-1.3415714011941324,0.0,0.0,0.0,-2.7357445880071785,0,0,0,0,0,0,0.08592286525547994,-0.16579241807151288,0.5446229224939828,0.0,0.0,0.0
image_1603.png,surface,0.0,0.0,2.3555119834326534,18.461552628949818,-12.104641726318794,0.0,-0.756810613562418,0.2276887773349883,0.0,0.0,0.0,-2.0540311945829437,0,0,0,0,0,0,0.05983767076614394,0.31660418109050714,2.0610848173252254,0.0,0.0,0.0
image_1604.png,surface,0.0,0.0,0.7718145331625199,10.251339151964777,-18.164634256547735,0.0,-1.3311816821441165,2.177198729950459,0.0,0.0,0.0,-0.715201526853102,0,0,0,0,0,0,-0.0874964995088043,0.09544484763220056,0.3378981317186742,0.0,0.0,0.0
image_1605.png,surface,0.0,0.0,1.6799118931207766,-19.447512533788892,-5.7720992738812,0.0,-0.7669874338832265,0.26821704048820405,0.0,0.0,0.0,-1.463661718138354,0,0,0,0,0,0,-0.16474763558107333,-0.09041721206065301,0.7810779255723739,0.0,0.0,0.0
image_1606.png,surface,0.0,0.0,1.8417606333114929,13.414297641967158,-0.20189523655224434,0.0,0.6359844327010502,0.6974419202869747,0.0,0.0,0.0,-0.3932847225510221,0,0,0,0,0,0,0.12374183159503645,0.15302354512587676,0.6168047696246074,0.0,0.0,0.0
image_1607.png,surface,0.0,0.0,2.552530240667351,-3.672158262444727,-7.914398982168753,0.0,1.7420634523146292,-1.9452444637345143,0.0,0.0,0.0,0.8189524421212466,0,0,0,0,0,0,0.358934711197252,-0.34165269210607463,1.3633291947329655,0.0,0.0,0.0
image_1608.png,surface,0.0,0.0,0.79486920739454,-5.480174578699707,8.322454393919719,0.0,1.1997143990987873,1.825138939132647,0.0,0.0,0.0,0.863039251213964,0,0,0,0,0,0,0.014039435190438824,0.03006670797214991,0.07483465561913814,0.0,0.0,0.0
image_1609.png,surface,0.0,0.0,0.5041874851845525,3.342188079084211,4.6941005212464395,0.0,0.9386728379827302,-1.7226432207612612,0.0,0.0,0.0,-0.17318578950449126,0,0,0,0,0,0,-0.00403605226287751,0.0019239043504389135,0.0109082234565542,0.0,0.0,0.0
image_1610.png,surface,0.0,0.0,1.834274279378217,-7.231892884332982,-11.488458405293791,0.0,-1.9404481485120222,1.9132194771450557,0.0,0.0,0.0,-0.424288977949387,0,0,0,0,0,0,-0.18822583251146918,0.16131064906546155,0.5848906796264363,0.0,0.0,0.0
image_1611.png,surface,0.0,0.0,0.8768126804603635,1.6438069434525062,-4.347570476331642,0.0,-0.14578673878160292,1.0593695633096942,0.0,0.0,0.0,-0.5498231023555014,0,0,0,0,0,0,-0.025449044472034887,0.023616987745821487,0.08455938707324075,0.0,0.0,0.0
image_1612.png,surface,0.0,0.0,1.9292334158645914,-2.761143135676399,-17.949602005798653,0.0,0.7666193877661415,-2.5643414244191356,0.0,0.0,0.0,0.07338150116737818,0,0,0,0,0,0,0.2761591144484203,-0.39047078180940364,1.2308182845264524,0.0,0.0,0.0
image_1613.png,surface,0.0,0.0,0.5822570143985759,-5.369063008166961,-15.854296000586245,0.0,0.5764091770544456,-2.534265244970109,0.0,0.0,0.0,-2.9306156065049818,0,0,0,0,0,0,0.030104505962284225,-0.0643666347562632,0.18618115601578047,0.0,0.0,0.0
image_1614.png,surface,0.0,0.0,1.7266875489026048,-5.887704979716907,-5.000234009359497,0.0,-1.1821094777891061,-0.3691388516211408,0.0,0.0,0.0,0.422976289645808,0,0,0,0,0,0,-0.16876542516402812,-0.08262091609926675,0.4321308911591183,0.0,0.0,0.0
image_1615.png,surface,0.0,0.0,1.4768500145540178,6.462641266710966,0.24975673088397474,0.0,1.366904567108206,-2.0350619910312053,0.0,0.0,0.0,2.96300661401739,0,0,0,0,0,0,0.08252905056987796,-0.09533473045760481,0.23826150313496247,0.0,0.0,0.0
image_1616.png,surface,0.0,0.0,0.8906184560929427,-13.01940397995618,18.353217957832538,0.0,0.6442553967645955,2.7465279356941736,0.0,0.0,0.0,-2.9312601993483955,0,0,0,0,0,0,0.003912779173400294,0.09278630441695797,0.238618783739476,0.0,0.0,0.0
image_1617.png,surface,0.0,0.0,1.669618103422054,4.8442942185855165,13.998774940324509,0.0,-0.27779083562514,0.4765582700065506,0.0,0.0,0.0,1.6406865036666751,0,0,0,0,0,0,-0.09432674179982753,0.11204107894628955,0.44224193226685177,0.0,0.0,0.0
image_1618.png,surface,0.0,0.0,1.6929235207588273,12.443573273290037,20.148667245198812,0.0,2.3549903049436822,-1.4451093103438037,0.0,0.0,0.0,-1.0917815870801209,0,0,0,0,0,0,0.1780885232644757,-0.12461331408014721,0.5573197819768821,0.0,0.0,0.0
image_1619.png,surface,0.0,0.0,0.6697035858457641,3.5641384905393605,1.1645263421262562,0.0,-2.4996485230262793,0.6558963682867678,0.0,0.0,0.0,-2.4309648637368886,0,0,0,0,0,0,-0.008647378943314465,-0.003462398589792412,0.02068654700133401,0.0,0.0,0.0
image_1620.png,surface,0.0,0.0,2.1922694821115956,13.018670597651093,-6.553082343224093,0.0,-2.167087843138421,-0.003855949130847594,0.0,0.0,0.0,-1.8752438527324033,0,0,0,0,0,0,-0.4211404427933507,-0.007027048841709516,0.8943180131729382,0.0,0.0,0.0
image_1621.png,surface,0.0,0.0,2.7842499327252916,-15.701162873913955,-2.915140840829267,0.0,1.1366407932963127,-0.17926559565133915,0.0,0.0,0.0,2.9802480156931583,0,0,0,0,0,0,0.4847554445234695,-0.30566482634565634,1.929047303919694,0.0,0.0,0.0
image_1622.png,surface,0.0,0.0,2.0336068337577347,13.37041969402014,20.15140334188203,0.0,1.3852331840399577,1.8775006640295948,0.0,0.0,0.0,1.74636144857734,0,0,0,0,0,0,0.15005530958340393,0.3259200940613161,0.9909847467316311,0.0,0.0,0.0
image_1623.png,surface,0.0,0.0,2.067978236394071,-0.6948972332337624,4.736932577443458,0.0,-2.106291833808773,-1.3540619556271352,0.0,0.0,0.0,1.0242451962206376,0,0,0,0,0,0,-0.2007159836884809,-0.12732219657520527,0.539926915548408,0.0,0.0,0.0
image_1624.png,surface,0.0,0.0,2.371007638349685,-9.362845334164227,3.9803068943096727,0.0,2.4909782645474117,-1.3403261295262678,0.0,0.0,0.0,-0.8758762026903089,0,0,0,0,0,0,0.2862035884058073,-0.20063506521613395,0.8827197915489174,0.0,0.0,0.0
image_1625.png,surface,0.0,0.0,2.840176521517356,13.134471234736193,14.584111319400758,0.0,0.6708748727397662,0.20504245728716694,0.0,0.0,0.0,1.361873747809355,0,0,0,0,0,0,0.04536449692754516,0.2661909654580325,1.84088831475598,0.0,0.0,0.0
image_1626.png,surface,0.0,0.0,2.9561925249688885,-1.2928945327925376,15.041789304629008,0.0,2.9032186742171495,-0.09158596748355984,0.0,0.0,0.0,-2.598671490870878,0,0,0,0,0,0,0.4107048431076221,-0.046386073247255015,1.1793609454613905,0.0,0.0,0.0
image_1627.png,surface,0.0,0.0,1.7317121881373685,3.6315052985446696,5.8955276886754575,0.0,2.7999522779356103,0.3447169896650742,0.0,0.0,0.0,1.8870894883190594,0,0,0,0,0,0,0.14058002248360196,-0.02637620952069471,0.3094943236598483,0.0,0.0,0.0
image_1628.png,surface,0.0,0.0,2.8625195851100136,-5.124847941657799,21.778644185854162,0.0,-0.7038057631381089,-0.8643053472645578,0.0,0.0,0.0,-0.6132277046920316,0,0,0,0,0,0,-0.5987282642499504,-0.41247219329365453,2.3719189432519987,0.0,0.0,0.0
image_1629.png,surface,0.0,0.0,1.3981066015566088,0.5918659557386095,12.914869409470338,0.0,-1.636617358964012,2.3192884024843456,0.0,0.0,0.0,-2.93415015938071,0,0,0,0,0,0,-0.07839559734741397,0.07895873349270756,0.26079251125709746,0.0,0.0,0.0
image_1630.png,surface,0.0,0.0,2.3191120046337743,-13.939629702870922,-15.277496829024791,0.0,-0.6093691953172562,0.5598515401033821,0.0,0.0,0.0,0.6849353241539844,0,0,0,0,0,0,0.06399243044851793,-0.07579050506933555,1.6127869788118707,0.0,0.0,0.0
image_1631.png,surface,0.0,0.0,2.8419892129107858,14.658127961869434,-10.362450366721388,0.0,-2.2388778853527715,1.1433078326655772,0.0,0.0,0.0,-1.0813508943738102,0,0,0,0,0,0,-0.4939689665443824,0.582036911146322,2.390408214535575,0.0,0.0,0.0
image_1632.png,surface,0.0,0.0,0.5405819434528989,-3.55872313136392,-8.883075008300695,0.0,-1.471248997205987,0.3919442194932966,0.0,0.0,0.0,0.6449432274469871,0,0,0,0,0,0,-0.02077684219185631,-0.006319152719307636,0.05259617099194894,0.0,0.0,0.0
image_1633.png,surface,0.0,0.0,2.801358105552965,7.582685686080965,10.915176090319397,0.0,-0.7800949346765272,-2.09574107561911,0.0,0.0,0.0,-1.8850652306630753,0,0,0,0,0,0,-0.2463818148347477,-0.4190760775644174,1.2933111282634255,0.0,0.0,0.0
image_1634.png,surface,0.0,0.0,2.7126252817941254,-7.4608933687198284,10.009919616765321,0.0,-2.8632496583524634,0.06968460571026429,0.0,0.0,0.0,-2.9518693212770186,0,0,0,0,0,0,-0.6472522048040922,-0.09245123358568774,1.4759887013511956,0.0,0.0,0.0
image_1635.png,surface,0.0,0.0,1.0137145065562763,-17.06589722395267,-5.916711381160757,0.0,-2.624062549693858,0.6307903853895321,0.0,0.0,0.0,1.6012084012632801,0,0,0,0,0,0,-0.12269781505946588,0.028202581516491524,0.2889998149834408,0.0,0.0,0.0
image_1636.png,surface,0.0,0.0,1.5242839993666712,-7.625784957091254,20.650524240102637,0.0,-0.08185385378636433,2.2848702067407074,0.0,0.0,0.0,2.2878053666486116,0,0,0,0,0,0,-0.02417065687745834,0.19737559684809697,0.49320131148937246,0.0,0.0,0.0
image_1637.png,surface,0.0,0.0,0.8072991082147114,-7.944529234416801,17.324194656165396,0.0,0.149551079156673,-2.879683251512593,0.0,0.0,0.0,1.4402432803487404,0,0,0,0,0,0,0.019206251718519054,-0.06738069913520106,0.16629179136326805,0.0,0.0,0.0
image_1638.png,surface,0.0,0.0,2.367967017567112,7.0631526176170745,16.925326786630134,0.0,1.600850481378387,-0.6302543584987317,0.0,0.0,0.0,-0.04705432261386644,0,0,0,0,0,0,0.27428718975636157,-0.12255569601769914,0.828154111224588,0.0,0.0,0.0
image_1639.png,surface,0.0,0.0,2.4435339004485415,-24.114297260206182,-4.1258230576375805,0.0,-0.4456912353539576,2.5290522748977162,0.0,0.0,0.0,2.4186489903825654,0,0,0,0,0,0,0.010668448854739958,0.5031300900359242,1.3152838854410085,0.0,0.0,0.0
image_1640.png,surface,0.0,0.0,2.702354801077546,15.780299096668946,4.385140731784247,0.0,0.8233173897391888,2.3074123043596373,0.0,0.0,0.0,-2.5294430481348127,0,0,0,0,0,0,0.2261437217006059,0.7625913230236564,2.064523643143668,0.0,0.0,0.0
image_1641.png,surface,0.0,0.0,1.6036299016792168,19.796163809863614,-13.466623897701833,0.0,-0.456418969883229,-0.4231484384361662,0.0,0.0,0.0,0.39496624113203627,0,0,0,0,0,0,-0.02560427725137636,0.058782120901759265,1.059046701891458,0.0,0.0,0.0
image_1642.png,surface,0.0,0.0,2.075153725423561,11.268823040647618,3.8989608838472836,0.0,-2.9165014368904045,-0.08246045000442978,0.0,0.0,0.0,0.3704303699072149,0,0,0,0,0,0,-0.2893143315526107,0.0072724528308087955,0.7293660240765956,0.0,0.0,0.0
image_1643.png,surface,0.0,0.0,2.6091188006489956,7.657444992434279,-6.142214841373386,0.0,-1.2747473665337163,0.6124606749300538,0.0,0.0,0.0,-2.216993510735451,0,0,0,0,0,0,-0.2642335844590135,0.18566227567608679,1.2201981185572874,0.0,0.0,0.0
image_1644.png,surface,0.0,0.0,0.733445793120395,-0.15228234956175193,21.828061803314817,0.0,-2.135967238016324,-0.32581145247575816,0.0,0.0,0.0,0.5551779897309954,0,0,0,0,0,0,-0.04197676980191756,-0.009976616018384085,0.1952985104422104,0.0,0.0,0.0
image_1645.png,surface,0.0,0.0,0.7978954189694177,-0.18288490526579287,-10.007409314805098,0.0,-0.19252507668312965,0.7285465844223039,0.0,0.0,0.0,1.7593277517252979,0,0,0,0,0,0,-0.017185181807093608,0.04538243385593847,0.12133919230413075,0.0,0.0,0.0
image_1646.png,surface,0.0,0.0,2.5444616334492176,9.416836245559333,14.560271134423889,0.0,2.061965111788044,-1.4200939070980267,0.0,0.0,0.0,-2.522682406392778,0,0,0,0,0,0,0.2895821841914739,-0.18653062825289987,0.881094164798381,0.0,0.0,0.0
image_1647.png,surface,0.0,0.0,1.604923684283715,0.24989924481769044,-2.934426725811244,0.0,-0.7828485510706864,0.41755179676855053,0.0,0.0,0.0,-1.1625884378977356,0,0,0,0,0,0,-0.15634680281671312,0.039777469669009656,0.2939191223068366,0.0,0.0,0.0
image_1648.png,surface,0.0,0.0,2.5071734695680936,-12.968676198611856,6.197322747452793,0.0,-1.6690982958431155,1.002465783262213,0.0,0.0,0.0,2.931630189154415,0,0,0,0,0,0,-0.41651694099296516,0.1268974589017641,1.0793715022807229,0.0,0.0,0.0
image_1649.png,surface,0.0,0.0,0.5003759527021387,0.40493486932200495,-15.970222238210908,0.0,1.2674237568317408,0.49893104574148295,0.0,0.0,0.0,0.599635007549276,0,0,0,0,0,0,0.06079646146207645,-0.021279357439401025,0.154144250809808,0.0,0.0,0.0
image_1650.png,surface,0.0,0.0,0.7875701990193338,-12.318390243764334,-8.169102437556749,0.0,-1.2335780336336366,-0.5002991232179078,0.0,0.0,0.0,-1.4795252487460515,0,0,0,0,0,0,-0.07734549325186904,-0.05235442411035007,0.18585737046794035,0.0,0.0,0.0
image_1651.png,surface,0.0,0.0,1.4208581609195365,-3.2078858265751884,-9.679017235309207,0.0,2.222190905752135,0.6551481080625664,0.0,0.0,0.0,1.1313438436409946,0,0,0,0,0,0,0.1385802590320859,-0.011230378706282563,0.354913620508631,0.0,0.0,0.0
image_1652.png,surface,0.0,0.0,1.4941430014891868,-21.052746635015477,12.623234341781034,0.0,-2.393684150398821,0.397507484501828,0.0,0.0,0.0,-1.0523491762301413,0,0,0,0,0,0,-0.2615398391704415,0.03193240753030242,0.6784513049296389,0.0,0.0,0.0
image_1653.png,surface,0.0,0.0,2.584394701765003,-13.207774674310645,13.671712956929326,0.0,1.5657128094160504,-1.8238133508762773,0.0,0.0,0.0,2.857562519962669,0,0,0,0,0,0,0.3010815849826888,-0.4354111738644644,1.3571527062824378,0.0,0.0,0.0
image_1654.png,surface,0.0,0.0,1.7744562458225708,-10.58453981001548,19.433600988010628,0.0,1.911047965956975,-0.5270221542073648,0.0,0.0,0.0,0.1661466548965942,0,0,0,0,0,0,0.1975656714018456,-0.10374925569922201,0.6338604524825725,0.0,0.0,0.0
image_1655.png,surface,0.0,0.0,2.794911335130936,5.1122221030573805,24.146670223003923,0.0,-0.26267502092806283,2.1264833280389537,0.0,0.0,0.0,-0.9741533033136145,0,0,0,0,0,0,-0.4697572186370981,0.7430596824553403,2.4793174929687676,0.0,0.0,0.0
image_1656.png,surface,0.0,0.0,1.5617442642299038,-14.920432027919663,13.058764977492244,0.0,0.6695833443666751,1.2485052636999885,0.0,0.0,0.0,-1.639755542773972,0,0,0,0,0,0,0.07467609820319332,0.15233924554088818,0.43382797403055784,0.0,0.0,0.0
image_1657.png,surface,0.0,0.0,0.6674096315407583,19.097518076466166,-10.985873291936024,0.0,1.0390265015178786,0.3603506928566643,0.0,0.0,0.0,1.92232999931438,0,0,0,0,0,0,0.09099989027394112,0.00631128720683645,0.3397671558810356,0.0,0.0,0.0
image_1658.png,surface,0.0,0.0,1.6449051118011635,-19.737768599015542,-0.20913237423083866,0.0,0.12024621043876554,1.02111508796899,0.0,0.0,0.0,-2.0903246130428066,0,0,0,0,0,0,0.06221638482605247,0.19344913302250782,0.5670043193629775,0.0,0.0,0.0
image_1659.png,surface,0.0,0.0,1.5275219592871592,12.643671100073153,20.314339752419993,0.0,1.89525199966561,-2.2384782410721917,0.0,0.0,0.0,-1.0642473403390502,0,0,0,0,0,0,0.1391890150295031,-0.1467877668387632,0.49613547845393957,0.0,0.0,0.0
image_1660.png,surface,0.0,0.0,1.8736431297934935,12.525657069528839,7.373375293622498,0.0,-0.8541958916683957,1.4653945003274302,0.0,0.0,0.0,0.45488084859487277,0,0,0,0,0,0,-0.1459370752608754,0.23200902136098617,0.6894734115788819,0.0,0.0,0.0
image_1661.png,surface,0.0,0.0,2.0995728848898105,-16.967137228653545,17.39666942906202,0.0,-2.232679164140975,0.4747110550243149,0.0,0.0,0.0,-0.8392036569296759,0,0,0,0,0,0,-0.51046016651442,0.01323451128392699,1.3313079205534406,0.0,0.0,0.0
image_1662.png,surface,0.0,0.0,0.6472611761056668,-12.07179841339124,-3.466258291802535,0.0,-1.605182131161435,1.9558276363122695,0.0,0.0,0.0,-0.8003309627489577,0,0,0,0,0,0,-0.03325634013891321,0.017906625691779515,0.09134771855899784,0.0,0.0,0.0
image_1663.png,surface,0.0,0.0,2.04382358164613,17.10379597699477,-5.77759903783632,0.0,-0.576350510240389,-1.9590285604713655,0.0,0.0,0.0,2.5381882474049497,0,0,0,0,0,0,-0.10975414066437837,-0.2874954925373412,0.7703193133689593,0.0,0.0,0.0
image_1664.png,surface,0.0,0.0,0.8306841757648484,-11.691041991747463,9.016482404523458,0.0,-0.7764401127202082,-0.6364638572407462,0.0,0.0,0.0,1.5384589627153575,0,0,0,0,0,0,-0.03842467855698694,-0.04143080039044176,0.13833458406008414,0.0,0.0,0.0
image_1665.png,surface,0.0,0.0,1.5795329596962377,-22.056333566190457,1.1533098700946784,0.0,1.0381506558781308,2.291137555317703,0.0,0.0,0.0,-0.2867380048075736,0,0,0,0,0,0,0.11640784371615037,0.18070700281927363,0.626558530127827,0.0,0.0,0.0
image_1666.png,surface,0.0,0.0,2.7308254326913364,8.86743098067598,-0.6924887197183541,0.0,-0.39073492937141124,0.9685635376739044,0.0,0.0,0.0,1.0359072417191904,0,0,0,0,0,0,-0.0594389355878359,0.33852064504007,1.3997584183706762,0.0,0.0,0.0
image_1667.png,surface,0.0,0.0,0.8345913201762402,-9.61148708672482,20.603842072528316,0.0,-1.0338082853702977,2.7002542585003053,0.0,0.0,0.0,1.880047423640704,0,0,0,0,0,0,-0.045501467026964316,0.07093591077215276,0.23050404800946264,0.0,0.0,0.0
image_1668.png,surface,0.0,0.0,1.0218987665223307,18.16145994753163,-2.0646434326228795,0.0,0.788585684781282,1.6168649889587776,0.0,0.0,0.0,1.6217044279986856,0,0,0,0,0,0,0.02461504875557278,0.094988647908875,0.32983028906800327,0.0,0.0,0.0
image_1669.png,surface,0.0,0.0,1.5575469085457325,24.264903937322547,1.7220930573020723,0.0,-1.3133860748719066,1.8901275101362367,0.0,0.0,0.0,1.3345080621250984,0,0,0,0,0,0,-0.27114753069968167,0.38269336307794805,1.1843182138490171,0.0,0.0,0.0
image_1670.png,surface,0.0,0.0,0.6509846781233493,-1.8297686766202543,-16.71513006604638,0.0,1.377832064294727,-0.6135530523183667,0.0,0.0,0.0,1.179327881411898,0,0,0,0,0,0,0.06403808714832415,-0.03200162404004843,0.2173025296726876,0.0,0.0,0.0
image_1671.png,surface,0.0,0.0,1.2156915347909871,13.615266621185164,2.0501613372965566,0.0,1.8441475444501587,1.4439954809746074,0.0,0.0,0.0,0.9543331159826169,0,0,0,0,0,0,0.09842823533242712,0.027282316557369114,0.26179736295729145,0.0,0.0,0.0
image_1672.png,surface,0.0,0.0,0.693672819564656,-22.954478899509486,-6.818598595476645,0.0,-1.1685911037364471,-1.4180728793535737,0.0,0.0,0.0,1.5547746423465991,0,0,0,0,0,0,-0.03388031503626597,-0.1402295025403331,0.3971307899394613,0.0,0.0,0.0
image_1673.png,surface,0.0,0.0,1.6926090526844408,15.294783604391409,11.672358039415325,0.0,2.6719669746278396,1.2092495185754222,0.0,0.0,0.0,-1.251089265300562,0,0,0,0,0,0,0.17448164397977747,0.03378394916600694,0.5091248614317846,0.0,0.0,0.0
image_1674.png,surface,0.0,0.0,1.9334468120695347,-7.992030760152763,3.775344477613608,0.0,-0.5237490653560378,0.07355211361136733,0.0,0.0,0.0,-0.39396808589912924,0,0,0,0,0,0,-0.12982026022924964,-0.05655303466744046,0.5175656157134174,0.0,0.0,0.0
image_1675.png,surface,0.0,0.0,2.373205888755486,3.2410815173202527,18.346383048520817,0.0,2.703967648392366,-0.8765095697733398,0.0,0.0,0.0,-1.5565878110912115,0,0,0,0,0,0,0.27542860725151913,-0.11111609467968443,0.7918231397531177,0.0,0.0,0.0
image_1676.png,surface,0.0,0.0,2.808098450300069,3.614766974165715,12.395654034228606,0.0,0.6656807468952723,-0.07307306969594267,0.0,0.0,0.0,0.7122388382776172,0,0,0,0,0,0,0.13363716033305648,0.02412038054397393,1.2312112931914172,0.0,0.0,0.0
image_1677.png,surface,0.0,0.0,1.5940522352999846,17.614989701686625,-12.24975516374326,0.0,-2.025435943987051,-0.8508284546314768,0.0,0.0,0.0,1.5714136755847843,0,0,0,0,0,0,-0.2588430501018821,-0.06941629376273005,0.7109459759101454,0.0,0.0,0.0
image_1678.png,surface,0.0,0.0,2.0695248790672576,-6.789360783740145,17.37748875322496,0.0,-1.3029356012315743,-0.26290627328594185,0.0,0.0,0.0,-0.5399829632782644,0,0,0,0,0,0,-0.3498855532956427,-0.1092708454539569,0.9603457018908167,0.0,0.0,0.0
image_1679.png,surface,0.0,0.0,0.6501707272291104,-0.5084542527782924,-8.58595373429498,0.0,1.2901601131240894,-1.7651348333117447,0.0,0.0,0.0,-1.6471585425853366,0,0,0,0,0,0,0.019066237839113098,-0.020606069571872127,0.0870201572368278,0.0,0.0,0.0
image_1680.png,surface,0.0,0.0,1.6882845708000203,16.458694859933733,0.8157200225186192,0.0,-0.5214550246180726,2.712481698793736,0.0,0.0,0.0,-2.053380472208662,0,0,0,0,0,0,-0.07873345692598065,0.2665983990040369,0.7160059624715678,0.0,0.0,0.0
image_1681.png,surface,0.0,0.0,2.6750184073992456,10.729845273777828,17.86976958399853,0.0,-0.7463039070485715,-0.9998297404972791,0.0,0.0,0.0,-0.44220299480834946,0,0,0,0,0,0,-0.5437256379932942,-0.09083880352910567,1.8559476922362255,0.0,0.0,0.0
image_1682.png,surface,0.0,0.0,1.9806967177064143,8.733318881846072,-1.7518456538042548,0.0,-2.0099364668547013,-0.7340500926548951,0.0,0.0,0.0,1.5150422466819702,0,0,0,0,0,0,-0.22649071261913403,-0.053559420620927556,0.528685974528901,0.0,0.0,0.0
image_1683.png,surface,0.0,0.0,1.4377535324955826,-13.13000535580025,14.25744174213961,0.0,-0.01689839948054369,-1.4251123048204137,0.0,0.0,0.0,0.5548532694409678,0,0,0,0,0,0,0.026964846905603967,-0.17379793666463117,0.4977097461175775,0.0,0.0,0.0
image_1684.png,surface,0.0,0.0,0.7231156758670549,3.049913350264098,-2.3475129380379123,0.0,-0.0764048110526913,-1.6178071993658514,0.0,0.0,0.0,-0.8237818211835055,0,0,0,0,0,0,-0.005064849898512969,-0.015163134941848637,0.045151336395398145,0.0,0.0,0.0
image_1685.png,surface,0.0,0.0,1.7464646971623659,3.3325984933862056,-17.5292258785198,0.0,2.8250188703337544,-0.8958269024485946,0.0,0.0,0.0,1.529801831962855,0,0,0,0,0,0,0.33450837680087875,-0.13519400145631433,0.9839507848302703,0.0,0.0,0.0
image_1686.png,surface,0.0,0.0,2.7967582933433652,-1.6033185255340587,-1.246617928110931,0.0,-2.6496329711045425,-1.1093306699538894,0.0,0.0,0.0,-1.5101129823500925,0,0,0,0,0,0,-0.44973675577203315,-0.25423853270689994,1.2378165183673615,0.0,0.0,0.0
image_1687.png,surface,0.0,0.0,0.6847355704148257,5.242962693254633,-13.874530766983646,0.0,0.9841326128408859,0.729371163479843,0.0,0.0,0.0,2.798948894045549,0,0,0,0,0,0,0.04847980574432879,0.026519361847669235,0.16243762684207802,0.0,0.0,0.0
image_1688.png,surface,0.0,0.0,1.8271785475617093,-4.196266332424008,14.621904180148434,0.0,-1.045440874657443,1.7635784040907818,0.0,0.0,0.0,1.0806551654534706,0,0,0,0,0,0,-0.14602838866048803,0.1815517588586732,0.5218239539184625,0.0,0.0,0.0
image_1689.png,surface,0.0,0.0,1.565808213684488,16.5765588805452,-1.1855822443684856,0.0,-1.766490418332899,1.426694455870232,0.0,0.0,0.0,1.7988651197226915,0,0,0,0,0,0,-0.2031449201181764,0.14384921137954806,0.5992265638825419,0.0,0.0,0.0
image_1690.png,surface,0.0,0.0,2.3986596485107965,-1.854365451626817,-23.312295241224565,0.0,-0.37135050937136266,0.5225764736245964,0.0,0.0,0.0,-0.9877984701569327,0,0,0,0,0,0,0.42726757190735615,-0.0007503698897460276,2.3091313430163036,0.0,0.0,0.0
image_1691.png,surface,0.0,0.0,0.8778761911133255,9.904588470571506,-0.4427988847534382,0.0,0.6337367026448956,-1.1524382149883325,0.0,0.0,0.0,0.7166418271448127,0,0,0,0,0,0,0.03204491570405225,-0.0557774951377868,0.11395018280203528,0.0,0.0,0.0
image_1692.png,surface,0.0,0.0,0.9279881934039544,-17.440795709908414,7.3103168663812506,0.0,-0.6727738076239794,1.8091637260328162,0.0,0.0,0.0,-0.07658777784355486,0,0,0,0,0,0,-0.046725066581773333,0.06323085475543162,0.23808286283270602,0.0,0.0,0.0
image_1693.png,surface,0.0,0.0,2.290010878240719,12.87329521507493,3.150586424497487,0.0,2.1284645048430186,0.3092201374551646,0.0,0.0,0.0,2.633869684444777,0,0,0,0,0,0,0.2976862484070931,0.055730302062959945,0.830322357893229,0.0,0.0,0.0
image_1694.png,surface,0.0,0.0,2.199893783681117,-19.66077589594524,-13.680205613979746,0.0,0.5004320854510026,-0.5101280517702633,0.0,0.0,0.0,0.6829648429957711,0,0,0,0,0,0,0.4914761107349576,-0.6217797725604588,2.4693225680575006,0.0,0.0,0.0
image_1695.png,surface,0.0,0.0,1.7942069837906707,5.245950628528321,-1.888310444249197,0.0,0.7771714323374668,-0.16538690575758674,0.0,0.0,0.0,1.9660233405927574,0,0,0,0,0,0,0.17977629926731534,-0.021940060486976155,0.38809828965660365,0.0,0.0,0.0
image_1696.png,surface,0.0,0.0,0.5113951772819432,-9.787211531075668,-1.8426169627829014,0.0,-0.7388958561220785,-1.14885971940359,0.0,0.0,0.0,0.26635695971798823,0,0,0,0,0,0,-0.019102763198958428,-0.011840742474042402,0.05187267776780889,0.0,0.0,0.0
image_1697.png,surface,0.0,0.0,2.639161940038124,-3.6102450988739405,21.027776541279138,0.0,-2.919710665393092,0.14089166923052374,0.0,0.0,0.0,2.19477488439243,0,0,0,0,0,0,-0.9721894154355749,-0.09055879128513339,2.2961531250573497,0.0,0.0,0.0
image_1698.png,surface,0.0,0.0,2.9684941823184863,-4.935096114591837,-22.208205110176362,0.0,-0.24157636829961726,0.03214162177472464,0.0,0.0,0.0,-0.035394691651729815,0,0,0,0,0,0,0.9005373126495532,-0.35935166826861636,4.1200929411367175,0.0,0.0,0.0
image_1699.png,surface,0.0,0.0,2.168610518535379,18.199524548427334,8.794082393127114,0.0,-0.6302628438259853,-2.224793895646822,0.0,0.0,0.0,-1.5288835067967297,0,0,0,0,0,0,-0.07441585501429775,-0.2929698892172492,0.8108483319434637,0.0,0.0,0.0
image_1700.png,surface,0.0,0.0,2.8330698640364154,-13.643018165736166,-20.752219793747077,0.0,2.2679839744624957,1.5476489383186363,0.0,0.0,0.0,-2.284222650269143,0,0,0,0,0,0,1.2657680827500946,-0.16200910657289827,3.860975182713276,0.0,0.0,0.0
image_1701.png,surface,0.0,0.0,2.3945365074342924,16.570312382300195,5.5936286297712225,0.0,2.8363211858878374,-0.5669621736381802,0.0,0.0,0.0,0.8760898000357624,0,0,0,0,0,0,0.34122904301236706,-0.06313961481076656,0.9752420700952527,0.0,0.0,0.0
image_1702.png,surface,0.0,0.0,2.21040480801023,-7.372783985242194,12.430313309296116,0.0,-1.2996689508118764,0.669414412735614,0.0,0.0,0.0,1.0242973680054916,0,0,0,0,0,0,-0.34660740224954983,0.06211080577954237,0.8630336302402208,0.0,0.0,0.0
image_1703.png,surface,0.0,0.0,1.3781587398392574,-1.571028386963985,5.874511702535123,0.0,-2.3102520266164404,-0.28245110329532686,0.0,0.0,0.0,1.8822836134703902,0,0,0,0,0,0,-0.09782404500499069,-0.00013685991699771693,0.19916160697851293,0.0,0.0,0.0
image_1704.png,surface,0.0,0.0,0.6991491627496889,-18.763213889570434,-7.185917096855808,0.0,2.8409544121604875,0.6243279267610989,0.0,0.0,0.0,-2.5529682518396877,0,0,0,0,0,0,0.09348665852339133,-0.01146319787542808,0.27860294939209695,0.0,0.0,0.0
image_1705.png,surface,0.0,0.0,0.5804272272146167,16.295871392890486,8.853876875226716,0.0,0.11849435036784746,-0.3130443873621,0.0,0.0,0.0,-0.8108588050181003,0,0,0,0,0,0,0.02148604292884726,-0.03538222130014106,0.10831184826205599,0.0,0.0,0.0
image_1706.png,surface,0.0,0.0,1.6264038339061708,-5.511020975291401,-10.702707515044418,0.0,0.6152844505736433,-1.838463083242895,0.0,0.0,0.0,2.510031048696333,0,0,0,0,0,0,0.09936115389846926,-0.2029553913951182,0.5369391564931634,0.0,0.0,0.0
image_1707.png,surface,0.0,0.0,1.6488393540265944,5.658463237164725,-21.021082839405697,0.0,1.37552168439896,1.0405008228349768,0.0,0.0,0.0,2.4706947686858802,0,0,0,0,0,0,0.33838919628441455,0.17020339746532365,1.2226700537397652,0.0,0.0,0.0
image_1708.png,surface,0.0,0.0,1.4654631081041123,4.546157861615744,8.02468638258412,0.0,2.9585583163890825,-0.23354757741682805,0.0,0.0,0.0,2.5854386988438103,0,0,0,0,0,0,0.10240797766554328,-0.021864551567253265,0.22254115653636747,0.0,0.0,0.0
image_1709.png,surface,0.0,0.0,0.5748075359733242,-9.391913095381344,-5.784003692282764,0.0,-0.9100531402927431,1.898209906731337,0.0,0.0,0.0,2.4057511532266638,0,0,0,0,0,0,-0.032346249922774115,0.028839688026653265,0.06972330997081636,0.0,0.0,0.0
image_1710.png,surface,0.0,0.0,0.9983630922048852,8.307989752269634,7.52670517034538,0.0,0.07209274311571096,-0.8129073058346967,0.0,0.0,0.0,-1.117258088852022,0,0,0,0,0,0,0.006419331992766453,-0.06831512201677152,0.12044822379662522,0.0,0.0,0.0
image_1711.png,surface,0.0,0.0,0.8412862492727717,-1.7227994049880648,18.905116794145282,0.0,-1.919750186659533,-0.3980048362104721,0.0,0.0,0.0,1.1950089150997787,0,0,0,0,0,0,-0.05800227143393082,-0.03864640897566087,0.14958892310226013,0.0,0.0,0.0
image_1712.png,surface,0.0,0.0,0.531846503998961,4.574426038581975,0.2602653977437923,0.0,-2.0353368549513235,1.3280358468203488,0.0,0.0,0.0,-1.5277694049949189,0,0,0,0,0,0,-0.010473646935566627,-0.000797562964572826,0.0045374636773222255,0.0,0.0,0.0
image_1713.png,surface,0.0,0.0,2.047833910308075,10.616724318629,12.562422289519098,0.0,0.566397460143527,1.931773566476433,0.0,0.0,0.0,1.985473848229848,0,0,0,0,0,0,0.02478854421483677,0.284869984474477,0.7589309941000907,0.0,0.0,0.0
image_1714.png,surface,0.0,0.0,0.7473649116203525,-8.18471279320361,-23.31529888275913,0.0,-2.2582883041617707,-1.007288911240442,0.0,0.0,0.0,-2.0889812773659457,0,0,0,0,0,0,-0.15986541248178562,-0.09007427571691157,0.4555729648227629,0.0,0.0,0.0
image_1715.png,surface,0.0,0.0,0.8709738387923969,14.395441037014669,-16.686385896319134,0.0,-1.696128742318354,-0.24185845563717454,0.0,0.0,0.0,0.9991169653896264,0,0,0,0,0,0,-0.15237466993356452,-0.01387004469159453,0.37233551598622244,0.0,0.0,0.0
image_1716.png,surface,0.0,0.0,0.7477829073216284,5.4064891025857165,-21.58070181722918,0.0,2.405541148451016,1.6076284945068136,0.0,0.0,0.0,0.2095711056183709,0,0,0,0,0,0,0.14152663805958615,0.0407323428830051,0.47435699260506153,0.0,0.0,0.0
image_1717.png,surface,0.0,0.0,2.411663523012798,22.887994015140713,5.618407879287171,0.0,2.1940681615452573,0.6393374819958382,0.0,0.0,0.0,0.3194648036685894,0,0,0,0,0,0,0.47093059582211944,0.35810577109318925,1.6957877292479198,0.0,0.0,0.0
image_1718.png,surface,0.0,0.0,2.7084460087080267,-0.3788892456258537,-15.963721675594208,0.0,2.326358570783053,0.2007238992383771,0.0,0.0,0.0,1.5502641577441905,0,0,0,0,0,0,0.9059065405467737,-0.049548009260650165,2.5306855118827003,0.0,0.0,0.0
image_1719.png,surface,0.0,0.0,0.7969850744534358,-8.549370368219154,10.036432442097691,0.0,1.2822920625762912,-2.711291309772523,0.0,0.0,0.0,2.0512841126062966,0,0,0,0,0,0,0.023114465221938867,-0.03191353030037179,0.08966626671400608,0.0,0.0,0.0
image_1720.png,surface,0.0,0.0,2.039162333480344,23.738990522843693,6.181512692250237,0.0,-0.3200822993830128,1.5775125260503087,0.0,0.0,0.0,-2.186875231343243,0,0,0,0,0,0,-0.0940710642809122,0.6574608833345028,1.807259277856142,0.0,0.0,0.0
image_1721.png,surface,0.0,0.0,2.0492216114700126,7.396126338588039,-18.707950186327025,0.0,2.0246201003112025,0.41995090292190085,0.0,0.0,0.0,-2.68920585993804,0,0,0,0,0,0,0.5880552497252295,0.012463691061756044,1.6673169310757494,0.0,0.0,0.0
image_1722.png,surface,0.0,0.0,1.2033162264604862,9.147088473052941,3.33193767850744,0.0,-2.652522518544644,-0.7253754582123435,0.0,0.0,0.0,2.2484869409036587,0,0,0,0,0,0,-0.07644149059570421,-0.02793358098997889,0.18187815773517083,0.0,0.0,0.0
image_1723.png,surface,0.0,0.0,1.9712830625782534,-18.93303026868725,16.398467847249115,0.0,0.7905835683854219,-0.2313162900141138,0.0,0.0,0.0,-0.33334795038663767,0,0,0,0,0,0,0.20114515666666014,-0.18735178775488623,1.0034806358744917,0.0,0.0,0.0
image_1724.png,surface,0.0,0.0,1.58320437302994,-19.865418427237167,4.89980499829861,0.0,-1.377746945434189,0.1418920235281478,0.0,0.0,0.0,-2.8876982086435374,0,0,0,0,0,0,-0.23802663877019375,-0.03584314033094938,0.6134954580253008,0.0,0.0,0.0
image_1725.png,surface,0.0,0.0,0.7691131234074634,-6.539531909633251,-21.17973024356476,0.0,1.6691834116109472,-0.8569486856399606,0.0,0.0,0.0,1.7519753040639223,0,0,0,0,0,0,0.13381674335229463,-0.09296563810129978,0.4727670939149761,0.0,0.0,0.0
image_1726.png,surface,0.0,0.0,2.8956176656648833,9.895558662098667,7.575195353662698,0.0,1.3175181038598136,-1.2106820759699994,0.0,0.0,0.0,-0.33298337458913085,0,0,0,0,0,0,0.3634136334482509,-0.24437046076061766,1.243291843631531,0.0,0.0,0.0
image_1727.png,surface,0.0,0.0,2.196588606335395,-12.446194191250473,12.53065705380011,0.0,-0.2593236492244601,0.22518852441870618,0.0,0.0,0.0,-1.7678217041471067,0,0,0,0,0,0,-0.1415692509794055,-0.06969945221169077,0.884470466511033,0.0,0.0,0.0
image_1728.png,surface,0.0,0.0,2.8848987754487347,7.301626405931223,5.851045109219898,0.0,-0.7390805696847348,2.8184242743203556,0.0,0.0,0.0,2.825490824504369,0,0,0,0,0,0,-0.21067827558621674,0.7504627027931697,1.651996292153452,0.0,0.0,0.0
image_1729.png,surface,0.0,0.0,0.8775582684818433,4.527227095523951,-14.555419970691045,0.0,0.505379346078805,-2.278396764251973,0.0,0.0,0.0,0.4542887240317848,0,0,0,0,0,0,0.059403932117984046,-0.1085393527941415,0.24766914805255982,0.0,0.0,0.0
image_1730.png,surface,0.0,0.0,2.4853841956806013,-15.204167027175773,10.54866346261463,0.0,2.210536230472478,-0.8666394355386949,0.0,0.0,0.0,1.13342938577643,0,0,0,0,0,0,0.389164012139007,-0.2650315889197874,1.220157924489279,0.0,0.0,0.0
image_1731.png,surface,0.0,0.0,1.551564544559105,-13.246509878475488,9.385182345245957,0.0,1.5451382430889846,-1.7558297623917958,0.0,0.0,0.0,-0.7574972847392658,0,0,0,0,0,0,0.11631500842654408,-0.11573786980772166,0.421032862381417,0.0,0.0,0.0
image_1732.png,surface,0.0,0.0,2.824215367166328,-5.111969344325402,-4.0069088262304255,0.0,0.8048876858218197,1.001334315934717,0.0,0.0,0.0,0.9280225285417592,0,0,0,0,0,0,0.38439593078923556,0.19656387596107608,1.3174833941625437,0.0,0.0,0.0
image_1733.png,surface,0.0,0.0,2.217477392636444,-7.977799139706576,-19.72465553054379,0.0,-2.0944638743807347,-0.2567101126523229,0.0,0.0,0.0,-0.987790378700665,0,0,0,0,0,0,-0.3947204325054349,-0.2188673231242185,1.34245730841804,0.0,0.0,0.0
image_1734.png,surface,0.0,0.0,0.86791360750839,-18.63057196072075,11.929531978033413,0.0,1.250220566479614,2.28832843881031,0.0,0.0,0.0,2.1514664472158413,0,0,0,0,0,0,0.04986929130843398,0.08009136728855058,0.25000710300834506,0.0,0.0,0.0
image_1735.png,surface,0.0,0.0,0.5811864448342272,12.750796389005659,-9.49727445298358,0.0,1.2084923043743645,-1.6289897201159622,0.0,0.0,0.0,0.046206743330882816,0,0,0,0,0,0,0.03694844526324945,-0.0257626995479464,0.13331032555911237,0.0,0.0,0.0
image_1736.png,surface,0.0,0.0,0.8140556043971956,5.943577628779617,-10.61885652662671,0.0,-1.186419985575282,1.363095934777467,0.0,0.0,0.0,-1.0841124417022976,0,0,0,0,0,0,-0.05077938152457328,0.03997725368577642,0.1476462098152177,0.0,0.0,0.0
image_1737.png,surface,0.0,0.0,2.2817244429040464,-13.449445726071817,15.711714090856262,0.0,-0.266306698004228,0.9875347322942803,0.0,0.0,0.0,-2.3899274134649273,0,0,0,0,0,0,-0.1438368670697855,0.17771810808024333,1.0366586060111285,0.0,0.0,0.0
image_1738.png,surface,0.0,0.0,0.5263545352200785,17.142069994528743,-7.885598686899797,0.0,-1.5520259597917427,0.23754303680400857,0.0,0.0,0.0,2.070529119481029,0,0,0,0,0,0,-0.06969038658434501,0.021770165417599664,0.16937333657719725,0.0,0.0,0.0
image_1739.png,surface,0.0,0.0,1.6956612505001376,2.5919238066209402,-20.01761516859385,0.0,1.5301694367325844,-2.0797517788339954,0.0,0.0,0.0,2.5310062496167456,0,0,0,0,0,0,0.29821130045486577,-0.2668721188380326,1.0723107443340227,0.0,0.0,0.0
image_1740.png,surface,0.0,0.0,1.8826333084418336,14.058817455294047,-5.926280873456307,0.0,0.4321760258085996,-0.07881378426135492,0.0,0.0,0.0,-2.3211353534979833,0,0,0,0,0,0,0.1923486325039784,0.011439601338014615,0.7198891560418744,0.0,0.0,0.0
image_1741.png,surface,0.0,0.0,2.530668954912331,1.4520114464251457,-19.63724704300881,0.0,-0.05310084883967175,-1.4149812248587084,0.0,0.0,0.0,1.692114492422217,0,0,0,0,0,0,0.4193080872411239,-0.40192611417236035,2.2278901995574802,0.0,0.0,0.0
image_1742.png,surface,0.0,0.0,1.6164871256513753,-2.642411104118158,-15.626916462124063,0.0,0.00017208559468874103,1.5579827433441367,0.0,0.0,0.0,-2.3525471879012145,0,0,0,0,0,0,0.06170959545820254,0.25930234963581494,0.5814741838457755,0.0,0.0,0.0
image_1743.png,surface,0.0,0.0,0.513716738162739,-9.426375203441063,-15.745783010271834,0.0,1.568346379151372,1.1592233937869765,0.0,0.0,0.0,2.20460290256427,0,0,0,0,0,0,0.05750917907602249,0.03041279052087973,0.20837944657496213,0.0,0.0,0.0
image_1744.png,surface,0.0,0.0,1.046955449037947,11.737967864441936,5.877306327316159,0.0,-2.3968201647044887,-1.418144554396026,0.0,0.0,0.0,0.30502020598190516,0,0,0,0,0,0,-0.060513389923277545,-0.014842222033026476,0.18114126648836146,0.0,0.0,0.0
image_1745.png,surface,0.0,0.0,0.6188857330790407,-4.433061189325882,15.189495792314723,0.0,-2.5484322521955436,-1.5484688817034111,0.0,0.0,0.0,-2.9527535155191686,0,0,0,0,0,0,-0.01939496607771878,0.008499472776305417,0.06980369810683186,0.0,0.0,0.0
image_1746.png,surface,0.0,0.0,2.952381012303361,-2.6048809824203696,12.914897823201892,0.0,0.22588175019846352,1.8141215954314045,0.0,0.0,0.0,-2.0061024538496017,0,0,0,0,0,0,0.005369227897221385,0.5087130307879335,1.394789984964161,0.0,0.0,0.0
image_1747.png,surface,0.0,0.0,2.0960558370431075,0.13654562715933993,20.040966552104862,0.0,-1.9843246259732943,-0.8799291401566672,0.0,0.0,0.0,1.6554008365053727,0,0,0,0,0,0,-0.35432034073682855,-0.1311479818411639,1.0344613302933714,0.0,0.0,0.0
image_1748.png,surface,0.0,0.0,0.5048000692565213,0.8694936986849996,-9.967401531912296,0.0,-1.0231882197656261,-0.47665215902248315,0.0,0.0,0.0,-2.0215359593448685,0,0,0,0,0,0,-0.0313691965469192,-0.006791083467575565,0.05660664577761332,0.0,0.0,0.0
image_1749.png,surface,0.0,0.0,0.5963229862532917,0.11256063271840817,19.017123105614168,0.0,2.85027329390999,-0.6760186865788581,0.0,0.0,0.0,-1.550121101553619,0,0,0,0,0,0,0.028992004377003933,-0.006838276542402359,0.09901138752581318,0.0,0.0,0.0
image_1750.png,surface,0.0,0.0,1.0638050827217218,5.710397301363773,-18.154024358850307,0.0,0.3408479827516852,-1.8368354729859862,0.0,0.0,0.0,-0.09830623055275556,0,0,0,0,0,0,0.06168524521830587,-0.12951824765714529,0.4193581095477599,0.0,0.0,0.0
image_1751.png,surface,0.0,0.0,2.4471388037525603,-8.057544622853023,-21.16437766704308,0.0,-0.04550047755729541,-2.7492447660606034,0.0,0.0,0.0,-1.673131767915599,0,0,0,0,0,0,0.5104236411545744,-0.9719366567503223,2.981662954929907,0.0,0.0,0.0
image_1752.png,surface,0.0,0.0,1.4975479636490254,13.613742061366324,-16.941937949760124,0.0,1.0994429801682308,0.07711304154076924,0.0,0.0,0.0,-1.2916272163108207,0,0,0,0,0,0,0.2946683405498965,0.0022227938243419287,0.9277148176798397,0.0,0.0,0.0
image_1753.png,surface,0.0,0.0,1.7634062764599299,-3.016075699162491,2.6373212621265165,0.0,1.8697020900612789,1.2639359534812533,0.0,0.0,0.0,-0.8635292314021061,0,0,0,0,0,0,0.13868070377165964,0.036484966148593756,0.35337284790166673,0.0,0.0,0.0
image_1754.png,surface,0.0,0.0,2.6812719386881136,19.15084017172741,-2.7866714918239195,0.0,-0.08034907697595729,-2.4757344121779807,0.0,0.0,0.0,-2.9766559569859226,0,0,0,0,0,0,0.07718265102255953,-0.4344075344731482,1.2557520047139412,0.0,0.0,0.0
image_1755.png,surface,0.0,0.0,2.7281073173950676,-5.784520013257726,3.9908333528515363,0.0,-2.1759547552533114,-1.1409948800059075,0.0,0.0,0.0,-2.993939731701883,0,0,0,0,0,0,-0.4484309741575731,-0.32051176768616574,1.3134751523806585,0.0,0.0,0.0
image_1756.png,surface,0.0,0.0,1.5695955334118035,3.881828667616089,5.513124555145616,0.0,0.702289792844927,1.9258204143528634,0.0,0.0,0.0,0.9077085631799164,0,0,0,0,0,0,0.02372322121935625,0.10265909567072302,0.2715779195058498,0.0,0.0,0.0
image_1757.png,surface,0.0,0.0,2.400398694098884,-12.90656211658601,-19.049868314727732,0.0,-1.927769482757232,-1.5729112375835528,0.0,0.0,0.0,2.116218726977353,0,0,0,0,0,0,-0.19136549156814966,-0.6667296032304858,2.1213357252688785,0.0,0.0,0.0
image_1758.png,surface,0.0,0.0,1.0854395231567724,-8.577418987200721,-9.397953010318995,0.0,-0.5145416707127032,1.9039806314658652,0.0,0.0,0.0,-1.97657044743698,0,0,0,0,0,0,-0.0540301385507822,0.10532235819344839,0.21724893758201072,0.0,0.0,0.0
image_1759.png,surface,0.0,0.0,0.9379659988827717,-16.75996031057431,-13.568689802247198,0.0,0.5234356470427495,-1.7258156888696567,0.0,0.0,0.0,0.9080634035600044,0,0,0,0,0,0,0.07977442968156422,-0.19683759579507146,0.5185034773002655,0.0,0.0,0.0
image_1760.png,surface,0.0,0.0,2.9407357164521084,21.018073940532002,13.493537927419768,0.0,-0.7974052273942703,-1.4772264022633443,0.0,0.0,0.0,-2.4701626915048824,0,0,0,0,0,0,-0.469688733587389,-0.07088871769732602,2.2189135243690803,0.0,0.0,0.0
image_1761.png,surface,0.0,0.0,2.095502526548428,16.079292717580447,19.20674205611413,0.0,0.12471400572749826,-1.7739380267303886,0.0,0.0,0.0,2.6268152693481372,0,0,0,0,0,0,-0.02905592375673305,-0.3185988750531862,0.8942465570520349,0.0,0.0,0.0
image_1762.png,surface,0.0,0.0,2.143218656730506,-14.00585260551951,-15.61785353224864,0.0,1.5835972532047324,2.1847080425180776,0.0,0.0,0.0,-2.6423317640507715,0,0,0,0,0,0,0.45065902110811973,0.24665775178722268,1.4496258587456525,0.0,0.0,0.0
image_1763.png,surface,0.0,0.0,2.6945947021464907,9.770757877471322,16.035300344530327,0.0,-0.5562476425604643,1.0909410750967863,0.0,0.0,0.0,-2.6106367325623996,0,0,0,0,0,0,-0.3269658899928772,0.4529638514950429,1.801109585450954,0.0,0.0,0.0
image_1764.png,surface,0.0,0.0,0.5675860049771617,-15.857698804158039,16.13703916293204,0.0,0.35545991964659346,-1.8947681421065188,0.0,0.0,0.0,-0.8668387953247523,0,0,0,0,0,0,0.01071106177455916,-0.05627774173095084,0.17752380036766216,0.0,0.0,0.0
image_1765.png,surface,0.0,0.0,1.214720969670207,6.494873825641064,8.47067990455806,0.0,1.8533659562982454,2.115545127870386,0.0,0.0,0.0,1.4225988090485915,0,0,0,0,0,0,0.0548610904872567,0.06494239026915,0.16797547621203768,0.0,0.0,0.0
image_1766.png,surface,0.0,0.0,2.297925041629466,24.776016441187114,2.282778565999228,0.0,2.3889656956584893,1.2882530376275252,0.0,0.0,0.0,0.3649423285659692,0,0,0,0,0,0,0.47987930898415593,0.5111340355265482,1.8935872039217254,0.0,0.0,0.0
image_1767.png,surface,0.0,0.0,1.6365579765716463,9.448138123856328,-5.978930608751482,0.0,-2.8997269320976122,-0.2811881110168385,0.0,0.0,0.0,0.9448660794747679,0,0,0,0,0,0,-0.187449668614762,-0.013162148569192622,0.4096445431125483,0.0,0.0,0.0
image_1768.png,surface,0.0,0.0,2.8571723988837805,-19.575859737217982,7.300661701837623,0.0,1.7246618472779323,0.9300031394312399,0.0,0.0,0.0,-1.5615501373422018,0,0,0,0,0,0,0.5251555362920752,0.07027520772457761,1.6631278159878278,0.0,0.0,0.0
image_1769.png,surface,0.0,0.0,1.6264362410476365,-0.6940210264323842,6.62514884912813,0.0,-1.8438361362495825,-2.2402194146513286,0.0,0.0,0.0,-0.19122992644630532,0,0,0,0,0,0,-0.061106927020759594,-0.11722602476725993,0.33368222058541475,0.0,0.0,0.0
image_1770.png,surface,0.0,0.0,0.8175805451060737,-5.394152494396597,7.964369463761471,0.0,0.36841376983884694,-1.2176919742307404,0.0,0.0,0.0,-0.6367823823643022,0,0,0,0,0,0,0.01507584227604195,-0.04270501341076515,0.08271492595243961,0.0,0.0,0.0
image_1771.png,surface,0.0,0.0,2.7682506653795316,0.927232320767537,-11.17276214112231,0.0,-2.748219208106217,0.8475175080754821,0.0,0.0,0.0,1.790975697342887,0,0,0,0,0,0,-0.6131420843788008,0.22015097475950712,1.2709498284284346,0.0,0.0,0.0
image_1772.png,surface,0.0,0.0,0.5127919314061542,6.536721202875774,15.027786288893823,0.0,-2.3621533366376988,0.640455015658949,0.0,0.0,0.0,1.2633633943701579,0,0,0,0,0,0,-0.024292408076941833,0.007366838980462392,0.061697894391931074,0.0,0.0,0.0
image_1773.png,surface,0.0,0.0,2.3969087367572834,-6.0474705488419325,-9.688692754572486,0.0,-0.09557039660125423,-0.5466666311324737,0.0,0.0,0.0,2.4667997005616726,0,0,0,0,0,0,0.08636421335360751,-0.23097391991978536,1.1182302340291252,0.0,0.0,0.0
image_1774.png,surface,0.0,0.0,0.5208441455490747,21.36879049307048,-2.999544703846002,0.0,0.027147147506950582,-1.5090397334141163,0.0,0.0,0.0,0.8182329869391838,0,0,0,0,0,0,0.007195495889473658,-0.06439023129367655,0.21264225078756424,0.0,0.0,0.0
image_1775.png,surface,0.0,0.0,1.6580376163623838,12.87145766299832,4.93520809728049,0.0,-2.416716172034803,0.319833252967932,0.0,0.0,0.0,2.548029249812169,0,0,0,0,0,0,-0.21407209027181898,0.0447594852682248,0.5012334260795924,0.0,0.0,0.0
image_1776.png,surface,0.0,0.0,1.0138667498480733,-14.898346918697474,0.8417158799010179,0.0,0.5736820144204725,-0.292305808359882,0.0,0.0,0.0,1.4735019146561292,0,0,0,0,0,0,0.07695893319350859,-0.04987836078443767,0.22976715676265347,0.0,0.0,0.0
image_1777.png,surface,0.0,0.0,2.879157134408743,-19.639273254388012,-4.840645293524869,0.0,-1.8047752608278775,0.918263587737452,0.0,0.0,0.0,-2.6256427134806346,0,0,0,0,0,0,-0.4814925123773121,-0.14223520822047184,2.0858041691500073,0.0,0.0,0.0
image_1778.png,surface,0.0,0.0,1.4918512400253634,4.380875669163984,0.0021472733712815384,0.0,-0.310501165898224,0.7327518964466428,0.0,0.0,0.0,1.5532509306786224,0,0,0,0,0,0,-0.06170959545820288,0.14441552827746967,0.25047603380176925,0.0,0.0,0.0
image_1779.png,surface,0.0,0.0,0.5773820603729105,12.397663496500039,-21.058169368393855,0.0,-1.465031351709729,0.4982977305733567,0.0,0.0,0.0,1.4004715017936107,0,0,0,0,0,0,-0.1281111777665001,0.053112659512567204,0.3665699002308855,0.0,0.0,0.0
image_1780.png,surface,0.0,0.0,2.4419859334064125,13.260571154152638,7.604807405240349,0.0,0.9768589040330015,2.5734857199299124,0.0,0.0,0.0,1.5391521361210323,0,0,0,0,0,0,0.09218392068891797,0.5071131855513052,1.280449026500939,0.0,0.0,0.0
image_1781.png,surface,0.0,0.0,1.2914598717181909,11.16241510490212,-4.259125182785104,0.0,-0.7110795489356613,-2.3251942147778593,0.0,0.0,0.0,-2.21457106885069,0,0,0,0,0,0,-0.0057710068555171246,-0.12384878626795333,0.2565676681087249,0.0,0.0,0.0
image_1782.png,surface,0.0,0.0,2.0986458502299534,19.332408243896758,10.99710801901437,0.0,2.3033809073926306,-1.9010741803358868,0.0,0.0,0.0,0.9482231203979099,0,0,0,0,0,0,0.24255578339097908,-0.1869301962864333,0.824902857723515,0.0,0.0,0.0
image_1783.png,surface,0.0,0.0,1.5130701312761956,5.159088139646088,-13.898750856170814,0.0,0.5391146122492178,0.21150937950001572,0.0,0.0,0.0,0.838104946238571,0,0,0,0,0,0,0.1862793352097268,0.03610742154997938,0.5780308920197762,0.0,0.0,0.0
image_1784.png,surface,0.0,0.0,1.5962852292522964,-13.169182832106548,-6.888401851539466,0.0,-0.7659766050467236,-1.5373459185814444,0.0,0.0,0.0,-1.6174963176624755,0,0,0,0,0,0,-0.060565134183058124,-0.24171820995535168,0.6240798959340136,0.0,0.0,0.0
image_1785.png,surface,0.0,0.0,1.1594911066805014,-13.295895744459093,1.9571067471918393,0.0,-1.0597789772813149,1.8407260003024328,0.0,0.0,0.0,-0.5414410354778161,0,0,0,0,0,0,-0.052614780856786725,0.06716361099099773,0.22622561277041311,0.0,0.0,0.0
image_1786.png,surface,0.0,0.0,2.470831521060172,-7.687145293264057,-1.2599818398836353,0.0,-1.5367686882676743,1.2654174748121436,0.0,0.0,0.0,1.2046889019031592,0,0,0,0,0,0,-0.36320817829912294,0.2745740286497649,0.8494346372309247,0.0,0.0,0.0
image_1787.png,surface,0.0,0.0,1.6593012253445456,1.3870422623665237,-21.065450647908925,0.0,-0.581505322217509,-1.4049772032661594,0.0,0.0,0.0,1.9507237791983414,0,0,0,0,0,0,-0.0015705904733370746,-0.3125078221955414,0.8931590842120468,0.0,0.0,0.0
image_1788.png,surface,0.0,0.0,0.599043740944968,13.111129434657661,-14.522556307846227,0.0,0.9438054660033055,-1.290760352057669,0.0,0.0,0.0,-0.40627070581267155,0,0,0,0,0,0,0.05378359237182787,-0.0882935236934473,0.2279003656040705,0.0,0.0,0.0
image_1789.png,surface,0.0,0.0,2.861917923945564,24.75079674830567,2.090639017272759,0.0,0.35868302090787235,2.200717005074359,0.0,0.0,0.0,0.6614567676112904,0,0,0,0,0,0,0.04099971642606236,1.5504859996669444,4.644078442712487,0.0,0.0,0.0
image_1790.png,surface,0.0,0.0,1.742301959057119,-10.203180908753628,16.954707504594545,0.0,-0.31492869536396156,1.3037333785643612,0.0,0.0,0.0,-2.506082142611494,0,0,0,0,0,0,-0.08619984923430524,0.2165737396876362,0.5285519943022087,0.0,0.0,0.0
image_1791.png,surface,0.0,0.0,1.714929868632163,-4.12974765270384,1.491628825856441,0.0,1.8542526771607644,0.2739623775057853,0.0,0.0,0.0,-0.8896103088049716,0,0,0,0,0,0,0.14622014679967424,-0.019501751620925167,0.3336375605098503,0.0,0.0,0.0
image_1792.png,surface,0.0,0.0,1.3661266385000712,13.560838251612575,10.582600248726678,0.0,-2.189326082407019,-1.8737278298399347,0.0,0.0,0.0,-2.644520033479088,0,0,0,0,0,0,-0.08452881402139441,-0.09003022884707329,0.31823430044776047,0.0,0.0,0.0
image_1793.png,surface,0.0,0.0,2.087869588725835,0.9190400488104633,-4.176297846140278,0.0,-2.0001102843126475,0.5369491658866146,0.0,0.0,0.0,0.3071652356422163,0,0,0,0,0,0,-0.21487869196839696,0.02778570935552155,0.5676876185191098,0.0,0.0,0.0
image_1794.png,surface,0.0,0.0,1.5038565146127132,14.093445600435613,-1.8946914076818346,0.0,0.3798923816144291,-2.3352600847086884,0.0,0.0,0.0,-2.8186527346606454,0,0,0,0,0,0,0.06376414694948629,-0.14573693437261995,0.3631310744124423,0.0,0.0,0.0
image_1795.png,surface,0.0,0.0,2.3736983732368993,-11.774826075708207,13.913201804729713,0.0,0.11740912091692406,-1.5917180595243952,0.0,0.0,0.0,0.8803109481014815,0,0,0,0,0,0,-0.004972014608906783,-0.47150129128700724,1.233354976818499,0.0,0.0,0.0
image_1796.png,surface,0.0,0.0,2.6914564341728813,15.758833026799154,18.86981905833316,0.0,-0.5434547753562468,-2.804759497933427,0.0,0.0,0.0,1.6188652351775552,0,0,0,0,0,0,-0.1757250281045029,-0.46531899848469754,1.4338563860639366,0.0,0.0,0.0
image_1797.png,surface,0.0,0.0,1.7243286619156382,-0.8303063121391777,-3.491012424158312,0.0,2.186330001660723,-1.963479180928047,0.0,0.0,0.0,-1.505770007193054,0,0,0,0,0,0,0.1336645543529401,-0.11568753052790658,0.38881061786185245,0.0,0.0,0.0
image_1798.png,surface,0.0,0.0,2.1313808125875826,24.47863347207573,-2.314692229221295,0.0,-1.5333903751536127,-0.15780253139144787,0.0,0.0,0.0,-0.2522812702852124,0,0,0,0,0,0,-0.4119177894324768,0.24965608514121837,1.6154308552852712,0.0,0.0,0.0
image_1799.png,surface,0.0,0.0,1.2388424820788697,-18.18724557836834,-15.593465009126708,0.0,1.3739434359433957,-1.6370487271202627,0.0,0.0,0.0,-1.1568667682985172,0,0,0,0,0,0,0.24214487309272228,-0.3081188662366496,1.016356135659648,0.0,0.0,0.0
image_1800.png,surface,0.0,0.0,2.0635069950668763,-19.978401595063975,4.6667440161841025,0.0,0.5556647366177168,-0.31780542694631203,0.0,0.0,0.0,-2.1950130392325398,0,0,0,0,0,0,0.1329340471560392,-0.30340899736893545,1.1413105610807002,0.0,0.0,0.0
image_1801.png,surface,0.0,0.0,2.088098483862412,5.176419755753415,5.618013661126806,0.0,-1.6188652348359907,-0.10006445192190287,0.0,0.0,0.0,1.1015217572993112,0,0,0,0,0,0,-0.2777936243014861,-0.022205914808500395,0.6159182671246586,0.0,0.0,0.0
image_1802.png,surface,0.0,0.0,1.7799373123963709,-11.802479587626008,21.684369149629926,0.0,-1.0875204965761944,-0.6669579319942907,0.0,0.0,0.0,1.7178677711499075,0,0,0,0,0,0,-0.23414581928665792,-0.1824138190255094,0.965758503049196,0.0,0.0,0.0
image_1803.png,surface,0.0,0.0,0.8996151449201499,18.320766665478082,3.865561356239461,0.0,-0.5607673264403256,1.9555395273979923,0.0,0.0,0.0,-1.5401481665877192,0,0,0,0,0,0,-0.02758577802297,0.06716046478600929,0.24451391371394943,0.0,0.0,0.0
image_1804.png,surface,0.0,0.0,2.313274667288871,-0.7801275796068049,-0.06775472278255235,0.0,-2.1156618986105373,-0.0003530313908377513,0.0,0.0,0.0,2.3065864484242145,0,0,0,0,0,0,-0.347410960166141,-0.0034403751548732486,0.6913379697336868,0.0,0.0,0.0
image_1805.png,surface,0.0,0.0,1.2991602740816321,-12.917410034029889,-18.847193551742688,0.0,1.714719388871867,0.3455733430095887,0.0,0.0,0.0,-1.745391761811501,0,0,0,0,0,0,0.316003716369383,-0.07404121509575572,0.8998781925806794,0.0,0.0,0.0
image_1806.png,surface,0.0,0.0,1.4705369760026008,-3.1747740204836687,11.26871972539511,0.0,0.8074757262571672,-0.904934382447742,0.0,0.0,0.0,2.1234957056286206,0,0,0,0,0,0,0.07751290115115843,-0.07649525498674901,0.2630701751108713,0.0,0.0,0.0
image_1807.png,surface,0.0,0.0,2.628859630620911,-12.76565586501723,-2.175341483953687,0.0,1.7686188141872297,-1.174682352199084,0.0,0.0,0.0,-2.384248864614846,0,0,0,0,0,0,0.4607202358554362,-0.4320950738066354,1.5516585003833825,0.0,0.0,0.0
image_1808.png,surface,0.0,0.0,2.2028126352263655,-17.456634672995968,-8.210498172452523,0.0,0.8891591668185721,-0.09216636032938529,0.0,0.0,0.0,0.9588881577738246,0,0,0,0,0,0,0.4606578383657015,-0.293706101184547,1.6104423248447497,0.0,0.0,0.0
image_1809.png,surface,0.0,0.0,0.7066772428123786,5.161348669502292,-6.780004999729943,0.0,1.6430841021993121,-1.6278153777646118,0.0,0.0,0.0,-0.4459880683918289,0,0,0,0,0,0,0.017952214363839224,-0.016250148765359122,0.08466210524703846,0.0,0.0,0.0
image_1810.png,surface,0.0,0.0,1.9134477212435579,19.724955590452634,13.990247012273883,0.0,2.440338715838326,-0.6308626161539268,0.0,0.0,0.0,-2.8579887420247716,0,0,0,0,0,0,0.25552228613597,-0.061336839352383016,0.7474712187103194,0.0,0.0,0.0
image_1811.png,surface,0.0,0.0,0.7173002860211586,19.82302353720915,-4.196021743900251,0.0,1.4043218542786975,1.1139870852477762,0.0,0.0,0.0,2.643397796934627,0,0,0,0,0,0,0.06549910154212585,0.038605508310810985,0.25138263333572236,0.0,0.0,0.0
image_1812.png,surface,0.0,0.0,2.1136412256343853,4.682491477831533,-13.818233769795192,0.0,-1.5531944347647573,1.78507396540548,0.0,0.0,0.0,-1.7970752840900126,0,0,0,0,0,0,-0.2644618679580449,0.4175061212751791,0.9036631339847447,0.0,0.0,0.0
image_1813.png,surface,0.0,0.0,1.4866307804017571,-0.27213205433758,-21.40209042885334,0.0,0.45531342253909424,2.813314398869824,0.0,0.0,0.0,1.9568865798255342,0,0,0,0,0,0,0.044967283639230304,0.301563748143208,0.8081374653567168,0.0,0.0,0.0
image_1814.png,surface,0.0,0.0,2.5324973928602614,-22.389210343439522,-6.242917882066287,0.0,-2.690066691466933,-0.7571515712952024,0.0,0.0,0.0,1.6244510383418556,0,0,0,0,0,0,-0.5492227046499731,-0.5551746129549113,2.186664483804177,0.0,0.0,0.0
image_1815.png,surface,0.0,0.0,2.4504470460407783,10.658931775677662,-20.25172758470033,0.0,2.324568005092052,-1.5238005262032235,0.0,0.0,0.0,2.3604125009672483,0,0,0,0,0,0,0.8554513215908262,-0.19708299978417093,2.562550475797751,0.0,0.0,0.0
image_1816.png,surface,0.0,0.0,2.999270946937317,-11.087279854481219,15.680606580551162,0.0,0.4487269631060958,-2.310937995170431,0.0,0.0,0.0,2.7262670037418992,0,0,0,0,0,0,0.012407969117360185,-0.7828811989941887,2.2148271274549547,0.0,0.0,0.0
image_1817.png,surface,0.0,0.0,1.2479256818817706,7.9261874501959735,-20.995793802865713,0.0,-2.1422293977434044,-0.5959980621620568,0.0,0.0,0.0,-1.8112219232180213,0,0,0,0,0,0,-0.20834826200610165,-0.07069050678305346,0.5617121004086202,0.0,0.0,0.0
image_1818.png,surface,0.0,0.0,0.9376969894099805,9.12403825074835,4.027862048542957,0.0,1.889269344688131,2.0734761461152638,0.0,0.0,0.0,0.846822154816127,0,0,0,0,0,0,0.031484860186428265,0.030208287196630264,0.10730029755052715,0.0,0.0,0.0
image_1819.png,surface,0.0,0.0,0.9632955959601939,17.130684720227688,9.912189212575518,0.0,0.8872639005592947,0.3005383299186408,0.0,0.0,0.0,-1.022334305126359,0,0,0,0,0,0,0.06977865620397036,0.013643517932425889,0.23999431406685343,0.0,0.0,0.0
image_1820.png,surface,0.0,0.0,1.9972974667293217,-9.374458833462018,11.49547732643923,0.0,0.6086634383744143,-2.1810514935099126,0.0,0.0,0.0,1.56101529925661,0,0,0,0,0,0,0.09571774925392613,-0.22727712905835323,0.6534215655796879,0.0,0.0,0.0
image_1821.png,surface,0.0,0.0,1.3363603776956237,-7.403570233194947,11.556276432780846,0.0,-2.8485368527336843,-0.44198544664795264,0.0,0.0,0.0,-2.123956425606357,0,0,0,0,0,0,-0.09603430237258341,0.004856167399676984,0.2570745599663783,0.0,0.0,0.0
image_1822.png,surface,0.0,0.0,2.7671370747483786,8.308177644154462,4.5420733852702435,0.0,0.7457331040758273,0.9896429712443109,0.0,0.0,0.0,-1.0874895094896517,0,0,0,0,0,0,0.22246683547620455,0.34016296404404234,1.269663618252186,0.0,0.0,0.0
image_1823.png,surface,0.0,0.0,0.6983906267411386,4.906670377352237,-0.6339790795515331,0.0,-0.6423983153773972,-1.2531125943330166,0.0,0.0,0.0,-1.9091352757826499,0,0,0,0,0,0,-0.00883000574253967,-0.011404993083141694,0.044363086061690024,0.0,0.0,0.0
image_1824.png,surface,0.0,0.0,2.412042029798484,-2.6190109333783784,-2.1843859722546255,0.0,-2.8967543756786225,0.774294672724811,0.0,0.0,0.0,2.5367060670553325,0,0,0,0,0,0,-0.37751090045844493,0.10505650387192414,0.770051352915574,0.0,0.0,0.0
image_1825.png,surface,0.0,0.0,1.7242766125760132,15.461923986283796,-17.7646477475644,0.0,-0.445174321548138,-0.850908801148748,0.0,0.0,0.0,-2.4194202029878644,0,0,0,0,0,0,0.021136008230332282,-0.11774200238536627,1.0107289661385594,0.0,0.0,0.0
image_1826.png,surface,0.0,0.0,2.0935835900275204,20.32928306363765,3.6426217913999848,0.0,0.10664728958428593,-1.5511037199350088,0.0,0.0,0.0,-1.406569694692367,0,0,0,0,0,0,0.06138999855955835,-0.2753904688442685,0.8057146562573593,0.0,0.0,0.0
image_1827.png,surface,0.0,0.0,1.969560611374401,15.058069812273613,-14.079303381874325,0.0,1.2287260374054545,1.3517990239617605,0.0,0.0,0.0,-2.379300196916587,0,0,0,0,0,0,0.3807342634647698,0.32477802165050773,1.4986358256697965,0.0,0.0,0.0
image_1828.png,surface,0.0,0.0,1.8256465098103851,-11.11899841607202,15.892557465186329,0.0,-2.7588483571581928,-0.19154242710012956,0.0,0.0,0.0,-1.7759572618745956,0,0,0,0,0,0,-0.27874328365745726,-0.0065551180934415865,0.7063772501799286,0.0,0.0,0.0
image_1829.png,surface,0.0,0.0,2.2458683874209546,-11.618143824261702,-10.16129568348964,0.0,1.4806479542345583,-0.335150781590654,0.0,0.0,0.0,-0.19537579204802613,0,0,0,0,0,0,0.5153545647336556,-0.23702721831756862,1.5131503502281605,0.0,0.0,0.0
image_1830.png,surface,0.0,0.0,1.864265846964562,-11.332364427459684,9.547287021050224,0.0,1.3328874164669007,0.8598794791778703,0.0,0.0,0.0,-1.3800689549928495,0,0,0,0,0,0,0.19324654760016916,0.048283234855292026,0.48172590507315327,0.0,0.0,0.0
image_1831.png,surface,0.0,0.0,2.8061792441815405,-9.401501186464415,-9.167571172067387,0.0,-0.5091084986311705,-1.7997692108486614,0.0,0.0,0.0,-1.1033611467219662,0,0,0,0,0,0,0.07892217128517975,-0.7306888044407439,2.2295426223533554,0.0,0.0,0.0
image_1832.png,surface,0.0,0.0,1.8791939647435938,0.3526126403901634,14.557406389730971,0.0,1.59039499830171,-1.2466965774515577,0.0,0.0,0.0,-2.572253852728761,0,0,0,0,0,0,0.14325246131226435,-0.12579314095081714,0.4492357001002035,0.0,0.0,0.0
image_1833.png,surface,0.0,0.0,2.799164331041608,-6.9175882718515505,-19.884988324319888,0.0,-0.2797961747722337,-1.7036722322679967,0.0,0.0,0.0,-0.46353167312673227,0,0,0,0,0,0,0.6557869638878835,-0.8487501466324383,3.512894553765965,0.0,0.0,0.0
image_1834.png,surface,0.0,0.0,2.5158376942719194,17.301365873570024,-2.5587729607763237,0.0,-0.11926762839194242,-1.648279901643927,0.0,0.0,0.0,2.325718217456875,0,0,0,0,0,0,-0.02396215794834291,-0.32383416015397165,1.1472726811685194,0.0,0.0,0.0
image_1835.png,surface,0.0,0.0,2.6188696418855253,-16.418967038011267,14.3174501652133,0.0,-2.4366889886583185,0.8811762587883801,0.0,0.0,0.0,2.5090440697140286,0,0,0,0,0,0,-0.705916498385214,-0.07861894335395463,1.94284726726903,0.0,0.0,0.0
image_1836.png,surface,0.0,0.0,2.7432186854816463,-7.352599529701937,-1.8166774450028915,0.0,-2.749140900010582,0.023946962181854346,0.0,0.0,0.0,-2.0768261423715515,0,0,0,0,0,0,-0.5432386331953601,-0.07000148789058228,1.2176993873294715,0.0,0.0,0.0
image_1837.png,surface,0.0,0.0,1.0063910571124133,17.547812542230826,0.9988434218743462,0.0,0.7626807469341474,-2.369924783802185,0.0,0.0,0.0,-0.05408234853821847,0,0,0,0,0,0,0.04883440611282445,-0.10280539420268613,0.2632242523715677,0.0,0.0,0.0
image_1838.png,surface,0.0,0.0,1.3563865447675996,-2.4516672650992963,-15.282271742958658,0.0,-0.15469378919452187,-0.04734089840609983,0.0,0.0,0.0,1.4320328586133506,0,0,0,0,0,0,0.013678747261968993,-0.04860414776411429,0.4615618809559211,0.0,0.0,0.0
image_1839.png,surface,0.0,0.0,2.7484348814391986,-1.2881031962224438,-3.0693284417015856,0.0,0.17670265878310967,0.8670256541360227,0.0,0.0,0.0,0.03275908668385785,0,0,0,0,0,0,0.1648480803206471,0.1852139414652322,1.1947820695537057,0.0,0.0,0.0
image_1840.png,surface,0.0,0.0,0.8730369788026161,3.296901198526172,9.552640920894333,0.0,2.6300746039721155,1.01110842787137,0.0,0.0,0.0,-1.9484725162732661,0,0,0,0,0,0,0.042524650199592944,-0.012643024746097908,0.07783134668949532,0.0,0.0,0.0
image_1841.png,surface,0.0,0.0,1.7253622304354461,-2.8321572188249093,-6.94424929561646,0.0,-2.2501341669953656,-0.23404470780036493,0.0,0.0,0.0,2.9325966104404007,0,0,0,0,0,0,-0.1859323442911993,-0.022865044753581275,0.3801577282212906,0.0,0.0,0.0
image_1842.png,surface,0.0,0.0,0.7618713706941805,2.9744627176798906,14.551061082977396,0.0,-2.6671255870465895,-0.7178499026796413,0.0,0.0,0.0,1.2550018887832364,0,0,0,0,0,0,-0.02202935765654262,-0.03581482448605334,0.09867643695908172,0.0,0.0,0.0
image_1843.png,surface,0.0,0.0,0.8813670164507912,4.322731123951282,-20.71277199794587,0.0,1.1338825486955704,2.553821030481887,0.0,0.0,0.0,2.7521171612832926,0,0,0,0,0,0,0.0472364216196036,0.13408968350536732,0.4321063281175583,0.0,0.0,0.0
image_1844.png,surface,0.0,0.0,1.9722232145593654,-12.914495007699694,15.440793245946997,0.0,1.5451037912185954,-1.0178753649566021,0.0,0.0,0.0,1.2332614699783493,0,0,0,0,0,0,0.2164279759818239,-0.1971931169587666,0.748614516644763,0.0,0.0,0.0
image_1845.png,surface,0.0,0.0,1.4902537890034881,18.479893634446594,5.838221863383762,0.0,2.426470109105706,0.41880984349190936,0.0,0.0,0.0,0.7000952433153875,0,0,0,0,0,0,0.18091923865246665,-0.007163908758707216,0.4959389741214576,0.0,0.0,0.0
image_1846.png,surface,0.0,0.0,1.559230314054271,-15.88449035535643,7.552113736596666,0.0,-1.9583550948313455,-1.3794809576184182,0.0,0.0,0.0,0.9433245996054778,0,0,0,0,0,0,-0.14507264174454276,-0.16272486820777127,0.5629402524866354,0.0,0.0,0.0
image_1847.png,surface,0.0,0.0,1.7703286293837484,5.959257910537233,-4.196760305393784,0.0,0.45411033479008717,-0.5836051814989748,0.0,0.0,0.0,1.3389681818809613,0,0,0,0,0,0,0.14702674849625233,-0.15398628385234323,0.42002801068122275,0.0,0.0,0.0
image_1848.png,surface,0.0,0.0,2.1518197799915137,1.5233565029142937,-18.37604941173132,0.0,1.3674109040320377,-1.8748379997133533,0.0,0.0,0.0,1.4832895136591002,0,0,0,0,0,0,0.5092183042796877,-0.3836529555994264,1.6186374487107795,0.0,0.0,0.0
image_1849.png,surface,0.0,0.0,1.7483236860511957,11.007820274657929,-3.3764153161381794,0.0,-1.174751029401159,2.1750319229399104,0.0,0.0,0.0,-1.3961594708688876,0,0,0,0,0,0,-0.10543045119272111,0.18485999340403134,0.5310350945035778,0.0,0.0,0.0
image_1850.png,surface,0.0,0.0,1.3544309724429542,14.358085725418718,18.160826843226236,0.0,2.2502520045420313,1.2264758169326353,0.0,0.0,0.0,-0.27034054219138515,0,0,0,0,0,0,0.1508162545801757,0.009673007236998337,0.4566716026816416,0.0,0.0,0.0
image_1851.png,surface,0.0,0.0,0.9820211868053417,0.9468338155590165,-11.318841383388687,0.0,-0.8172389569923928,-1.5490662329817841,0.0,0.0,0.0,2.0450116118588184,0,0,0,0,0,0,-0.01791568900399443,-0.09739549472504141,0.19741986403150955,0.0,0.0,0.0
image_1852.png,surface,0.0,0.0,1.6611828436145126,14.233526797213313,-17.86819277677845,0.0,2.5969463942698754,1.3593318143612632,0.0,0.0,0.0,2.808449893245445,0,0,0,0,0,0,0.4049566646020081,0.1331678454437505,1.2869604655181974,0.0,0.0,0.0
image_1853.png,surface,0.0,0.0,1.4388825711360147,17.041682526749508,-7.703622333397684,0.0,1.4236732941114598,1.841321076274125,0.0,0.0,0.0,1.3138810987189373,0,0,0,0,0,0,0.11932835061376036,0.16477147455275973,0.6504070104791054,0.0,0.0,0.0
image_1854.png,surface,0.0,0.0,2.5386131045976255,15.213440648748902,2.0212311576416355,0.0,0.49459962659246426,-1.2632701239284332,0.0,0.0,0.0,1.9193747184434047,0,0,0,0,0,0,0.1447195632660404,-0.17621422209576296,1.053620502710409,0.0,0.0,0.0
image_1855.png,surface,0.0,0.0,0.5382429637185757,-5.023086020167252,-11.703040803595297,0.0,-1.576540677334981,2.217171059528663,0.0,0.0,0.0,2.643471007330273,0,0,0,0,0,0,-0.03184098244491773,0.023819917967576706,0.09263839474280292,0.0,0.0,0.0
image_1856.png,surface,0.0,0.0,1.9259944677849288,7.837800666436104,-16.134907050476443,0.0,-1.3801804136623317,-1.74078282097089,0.0,0.0,0.0,1.0766855692966875,0,0,0,0,0,0,-0.1678157658080571,-0.29051584932625574,0.8004246703067809,0.0,0.0,0.0
image_1857.png,surface,0.0,0.0,2.0461481624603968,-5.632877736321359,-18.155577305844105,0.0,0.41054452164766625,-0.833344943825916,0.0,0.0,0.0,2.0479012283600566,0,0,0,0,0,0,0.38632873108103577,-0.2992622991941548,1.4949625344546422,0.0,0.0,0.0
image_1858.png,surface,0.0,0.0,2.9697413601972196,4.601870195375991,-8.334625760517838,0.0,1.1073497893689657,2.037785954424707,0.0,0.0,0.0,-1.0669976784794013,0,0,0,0,0,0,0.5219747862055697,0.5442808781823933,2.039714971167762,0.0,0.0,0.0
image_1859.png,surface,0.0,0.0,2.71341054365162,-2.4741402374833696,24.704861368112983,0.0,1.3155246427374343,2.5688347252442236,0.0,0.0,0.0,-2.228909850108515,0,0,0,0,0,0,0.13772800063570145,0.5472084219241488,1.5476055985259334,0.0,0.0,0.0
image_1860.png,surface,0.0,0.0,1.7939181813141292,2.3430938283606215,-10.17222634294562,0.0,0.4512753550378373,-1.402289737336309,0.0,0.0,0.0,1.5425322715005185,0,0,0,0,0,0,0.1405891538235631,-0.21915992018814465,0.5509356241749814,0.0,0.0,0.0
image_1861.png,surface,0.0,0.0,1.2212886315542821,-7.786592845750317,-19.57815849711114,0.0,-2.4522228657895657,0.8006647845058914,0.0,0.0,0.0,-1.4087542890722344,0,0,0,0,0,0,-0.2157309503647815,0.038891812964760186,0.5098617526785943,0.0,0.0,0.0
image_1862.png,surface,0.0,0.0,0.5254624977793292,-7.399737023184796,23.649428015898227,0.0,-1.1359014337168782,-1.3918640062961378,0.0,0.0,0.0,0.46883081481288436,0,0,0,0,0,0,-0.005122681718267641,-0.06740901498009712,0.19922859709185925,0.0,0.0,0.0
image_1863.png,surface,0.0,0.0,1.1019519461581344,17.178361024758967,-18.040279576938843,0.0,-0.638997405520942,-0.03158117057702153,0.0,0.0,0.0,1.494324939639137,0,0,0,0,0,0,-0.08251991922991704,0.042047456568178446,0.6936267986063513,0.0,0.0,0.0
image_1864.png,surface,0.0,0.0,2.618588472050394,-16.817249034268727,13.982426682824876,0.0,0.7913583308846921,1.4396187865713959,0.0,0.0,0.0,0.979288072135025,0,0,0,0,0,0,0.26132068701137084,0.3122341023615462,1.2516209477242528,0.0,0.0,0.0
image_1865.png,surface,0.0,0.0,2.9331406048296147,8.323588478923538,-22.742573310155077,0.0,-0.3079108754848054,-1.3665390505330874,0.0,0.0,0.0,-0.11223389143636897,0,0,0,0,0,0,0.7630786865427089,-0.19108004066620263,3.64037673946395,0.0,0.0,0.0
image_1866.png,surface,0.0,0.0,2.2526356042127977,-3.7686026481769566,-21.511068011144314,0.0,-2.397743143762653,1.3537890724531327,0.0,0.0,0.0,-2.0679108504704073,0,0,0,0,0,0,-0.49524126657898476,0.279299628542421,1.172460963786723,0.0,0.0,0.0
image_1867.png,surface,0.0,0.0,2.0096355204941907,-14.150913752518017,13.937688732518243,0.0,-0.5247377903825409,0.6679762570624248,0.0,0.0,0.0,0.7939650472276663,0,0,0,0,0,0,-0.16754182560921932,0.07518328750656408,0.8427356258962965,0.0,0.0,0.0
image_1868.png,surface,0.0,0.0,2.0155853289772354,-2.2474737715883295,-11.264030919702387,0.0,-1.491776294260301,-1.4246641532034872,0.0,0.0,0.0,-0.46426292631987653,0,0,0,0,0,0,-0.15410962452620416,-0.21750816256920694,0.7672600981928126,0.0,0.0,0.0
image_1869.png,surface,0.0,0.0,2.124769072842017,6.753172121749448,2.0264089791173414,0.0,0.10609472399709348,-2.5666562134372772,0.0,0.0,0.0,-2.484037932667487,0,0,0,0,0,0,0.05709826877776569,-0.23792388673927778,0.5305482996799277,0.0,0.0,0.0
image_1870.png,surface,0.0,0.0,0.5044727966165983,-2.9418515230589306,4.079969644187461,0.0,-1.1001375554599628,-0.8690720852233438,0.0,0.0,0.0,2.5021841668978144,0,0,0,0,0,0,0.004965927048932377,-0.002918105126790063,0.006632021221282702,0.0,0.0,0.0
image_1871.png,surface,0.0,0.0,1.4248960095876393,-7.985613472996795,-14.051085609895344,0.0,-2.853893887435572,-0.8374443411841476,0.0,0.0,0.0,-1.53933444423829,0,0,0,0,0,0,-0.18726551992554333,-0.06200698101492352,0.45551490672452905,0.0,0.0,0.0
image_1872.png,surface,0.0,0.0,1.3231970552876686,-4.907960829757763,18.511757091027228,0.0,-1.7045839267048706,-2.0149450908045208,0.0,0.0,0.0,-2.8792229382304644,0,0,0,0,0,0,-0.044122634692813856,-0.09771011522388683,0.3435119032170932,0.0,0.0,0.0
image_1873.png,surface,0.0,0.0,2.9448329727631233,8.426451712223793,13.559135483144914,0.0,-2.303756082203263,1.2056252739418094,0.0,0.0,0.0,2.4979333151780754,0,0,0,0,0,0,-0.909317096022306,0.4145801506359183,2.6844747150917727,0.0,0.0,0.0
image_1874.png,surface,0.0,0.0,0.5018167475701643,20.095902861369158,-7.540219706889764,0.0,1.739977105648138,0.9521442191337559,0.0,0.0,0.0,-1.8652693166334502,0,0,0,0,0,0,0.07527267908066237,0.004959992164295934,0.2287712370775719,0.0,0.0,0.0
image_1875.png,surface,0.0,0.0,2.3408617924416095,-14.350010398303718,10.922201860233114,0.0,2.3634489735152155,-1.28832085685224,0.0,0.0,0.0,-2.317696666607019,0,0,0,0,0,0,0.30200080653878913,-0.2358363797294392,1.0167089502566042,0.0,0.0,0.0
image_1876.png,surface,0.0,0.0,1.5132172793099725,11.87727782856014,-5.85218340371484,0.0,2.010051263344493,0.5948983626215556,0.0,0.0,0.0,0.04558535090374827,0,0,0,0,0,0,0.13065121216572398,0.01919499663455097,0.43495340793477527,0.0,0.0,0.0
image_1877.png,surface,0.0,0.0,0.6619009363360693,23.259083442946437,-7.487255721480814,0.0,-2.0255252753812614,-1.9848437822116864,0.0,0.0,0.0,-2.9315627559348565,0,0,0,0,0,0,-0.052751750956205656,-0.08527316690453249,0.3247412734574633,0.0,0.0,0.0
image_1878.png,surface,0.0,0.0,1.4023821519843285,11.537978042801914,-10.455480020981755,0.0,-0.2921675930843607,-2.220477620483867,0.0,0.0,0.0,2.2001159349522705,0,0,0,0,0,0,0.005929283414845435,-0.15820534474185866,0.3959830259974615,0.0,0.0,0.0
image_1879.png,surface,0.0,0.0,0.8196220254226045,7.139311369492764,4.625576365696446,0.0,1.54526644275935,0.25911249865653263,0.0,0.0,0.0,0.6019310972549112,0,0,0,0,0,0,0.027814061522001242,0.0007000306099307389,0.074801160562465,0.0,0.0,0.0
image_1880.png,surface,0.0,0.0,0.5933999087653514,-22.025542325663647,2.632786136732022,0.0,-0.8770194793072104,-0.7509621569135821,0.0,0.0,0.0,2.225669079409938,0,0,0,0,0,0,-0.03812030055827821,-0.07104602794674865,0.25980998959468526,0.0,0.0,0.0
image_1881.png,surface,0.0,0.0,2.208632655721511,1.1161627469874909,-11.001992958265053,0.0,-1.2228569049617992,0.9212932532954214,0.0,0.0,0.0,1.2681896468408365,0,0,0,0,0,0,-0.22909618828808045,0.22204813636754422,0.8117638634925292,0.0,0.0,0.0
image_1882.png,surface,0.0,0.0,0.5617114351151637,2.444926971882219,-7.38396979623075,0.0,-0.15691486351056605,-0.1635865463229728,0.0,0.0,0.0,-0.4655235648575853,0,0,0,0,0,0,-0.018463569401670155,0.009624241059677319,0.053123159883606386,0.0,0.0,0.0
image_1883.png,surface,0.0,0.0,0.5299102600259225,-10.857126282007021,-17.027623785333315,0.0,0.3627776264311367,0.7929197427103537,0.0,0.0,0.0,0.29004462871501513,0,0,0,0,0,0,0.05484282780733416,0.058005008269611365,0.27130995905246463,0.0,0.0,0.0
image_1884.png,surface,0.0,0.0,1.5649600612903947,2.7201360699332393,21.450381412835803,0.0,1.1004220329997039,-0.9357848077303454,0.0,0.0,0.0,0.5184115208948756,0,0,0,0,0,0,0.13898355988037484,-0.1436038073904488,0.4489007495334723,0.0,0.0,0.0
image_1885.png,surface,0.0,0.0,0.8264133747514966,-2.3000564760527062,-5.197408075404669,0.0,0.23323090466005883,-1.8859437958275864,0.0,0.0,0.0,-1.063041348808536,0,0,0,0,0,0,0.015459358554414937,-0.03352281415196543,0.10340593896132952,0.0,0.0,0.0
image_1886.png,surface,0.0,0.0,1.6153190385741996,19.14686926417484,6.7706754270844955,0.0,0.4673710512832078,0.997830449631223,0.0,0.0,0.0,-0.9308636921015809,0,0,0,0,0,0,0.08716472749021147,0.21156183514103094,0.6912709796203405,0.0,0.0,0.0
image_1887.png,surface,0.0,0.0,1.4150857947853672,18.1440378040963,11.106748038763415,0.0,-1.5123669746840598,-1.836605636015246,0.0,0.0,0.0,1.5845446901830105,0,0,0,0,0,0,-0.08694861911112861,-0.12756760056430452,0.4725616575673813,0.0,0.0,0.0
image_1888.png,surface,0.0,0.0,0.7556933825987304,-2.0637247672870953,-19.612400703520873,0.0,-1.4713326367375783,2.4600742942515725,0.0,0.0,0.0,0.15635335493934743,0,0,0,0,0,0,-0.06654007429770997,0.0791380671770494,0.29128194484477077,0.0,0.0,0.0
image_1889.png,surface,0.0,0.0,2.099267939974283,19.596746347873083,-12.518448079486532,0.0,1.9801632937882092,-1.0853112206398743,0.0,0.0,0.0,0.14602274322542197,0,0,0,0,0,0,0.529365084014217,-0.05670562560938042,1.5874647159669737,0.0,0.0,0.0
image_1890.png,surface,0.0,0.0,2.124305465746439,-4.504877933166062,-1.4873253518061702,0.0,2.641738577631624,0.8761040718451608,0.0,0.0,0.0,-0.8027517023733908,0,0,0,0,0,0,0.2406808149189335,0.002781245209792329,0.5944211397518343,0.0,0.0,0.0
image_1891.png,surface,0.0,0.0,2.111694758456175,-8.473807344697786,-22.981601518862455,0.0,-2.6590738526622104,0.4792913017089119,0.0,0.0,0.0,-0.21064081397189494,0,0,0,0,0,0,-0.4327524634440874,0.021416217356398724,1.388414759177372,0.0,0.0,0.0
image_1892.png,surface,0.0,0.0,2.661575025153467,-19.716343382049757,-1.3213484300055138,0.0,2.236982214303091,-0.5184024863521685,0.0,0.0,0.0,0.31607147270290437,0,0,0,0,0,0,0.7145821400084508,-0.5171558718744469,2.2245406938901686,0.0,0.0,0.0
image_1893.png,surface,0.0,0.0,0.5169343518561205,15.194564947605416,-8.591983636086256,0.0,0.9772050424449277,-1.072430169326944,0.0,0.0,0.0,2.4219851599183135,0,0,0,0,0,0,0.0420163389417494,-0.05539995053917248,0.13505206850611584,0.0,0.0,0.0
image_1894.png,surface,0.0,0.0,0.5693375524453541,-6.76011515533398,2.7490211067239168,0.0,1.4791790714688897,1.4839678230105078,0.0,0.0,0.0,-0.9476056378613658,0,0,0,0,0,0,0.015824612152865347,-0.0017099624112241658,0.02555002923027434,0.0,0.0,0.0
image_1895.png,surface,0.0,0.0,1.807913214955306,2.845189256410256,-4.523163553882327,0.0,2.1675289349780753,0.5582344709496486,0.0,0.0,0.0,2.1690121285627795,0,0,0,0,0,0,0.19247494937344253,-0.0036763405290071993,0.44092892604526435,0.0,0.0,0.0
image_1896.png,surface,0.0,0.0,1.6650388201041537,-19.4358981426801,13.226131000152144,0.0,-0.5641942442139005,2.29364998617375,0.0,0.0,0.0,-2.5505416959554466,0,0,0,0,0,0,-0.0997020572570233,0.2227245704400618,0.6239258186733176,0.0,0.0,0.0
image_1897.png,surface,0.0,0.0,2.976418688250169,11.835265169845444,14.156592668716877,0.0,1.9316092916782284,-2.040788916778631,0.0,0.0,0.0,0.2971459541698733,0,0,0,0,0,0,0.36756382746064403,-0.32521691724639673,1.3406284783236868,0.0,0.0,0.0
image_1898.png,surface,0.0,0.0,1.3938401741229616,9.244288872114726,0.857568129236935,0.0,-0.9764614058488188,2.7026004820778047,0.0,0.0,0.0,-0.414102739874739,0,0,0,0,0,0,-0.06023944972443984,0.06548196442466968,0.2614222183225526,0.0,0.0,0.0
image_1899.png,surface,0.0,0.0,1.4727604859409003,2.33511442942849,-12.68125106405249,0.0,-0.6914205746982409,-1.907529867221244,0.0,0.0,0.0,1.7069933782592859,0,0,0,0,0,0,-0.022937925982688068,-0.172415179572206,0.43063924463527437,0.0,0.0,0.0
image_1900.png,surface,0.0,0.0,2.589265923100701,15.468432457593206,-9.665109273489623,0.0,-0.8916387965184177,0.39146950097365474,0.0,0.0,0.0,2.9555877932310786,0,0,0,0,0,0,-0.06857940688905823,0.275989820894569,1.8918677910125032,0.0,0.0,0.0
image_1901.png,surface,0.0,0.0,2.0577304459097654,18.816507495156326,-11.903597632097664,0.0,0.6997896734205423,-0.8371242687652195,0.0,0.0,0.0,-2.5757865781706784,0,0,0,0,0,0,0.36313664946942587,-0.03010446243201137,1.3558798941288577,0.0,0.0,0.0
image_1902.png,surface,0.0,0.0,0.6776878024959214,-14.413158802387324,-5.862934681980214,0.0,-1.7284275339132602,1.4215532472388763,0.0,0.0,0.0,-2.214383261757512,0,0,0,0,0,0,-0.06458292376601298,0.052105873916262306,0.14769980190589502,0.0,0.0,0.0
image_1903.png,surface,0.0,0.0,0.6441482371044613,-10.287411373688176,-21.98408001141786,0.0,1.6459063942243903,1.0146246878379512,0.0,0.0,0.0,-2.7017634367763255,0,0,0,0,0,0,0.15477925612336302,0.018834756163373097,0.5009520676035382,0.0,0.0,0.0
image_1904.png,surface,0.0,0.0,1.8213795074684893,-5.470691568796949,9.176732268530841,0.0,-1.2971945352258956,-1.337915379354351,0.0,0.0,0.0,0.18236537945253373,0,0,0,0,0,0,-0.14401949386901067,-0.15004408900181182,0.5076064188626022,0.0,0.0,0.0
image_1905.png,surface,0.0,0.0,1.491930879565368,2.7071777682392946,22.2437896028325,0.0,1.2999764313867606,0.3101166533558355,0.0,0.0,0.0,2.6774922928247378,0,0,0,0,0,0,0.1474072209946381,0.0056112565969056805,0.42465926051722974,0.0,0.0,0.0
image_1906.png,surface,0.0,0.0,2.338578328375423,-10.755392029443259,3.612173180515906,0.0,0.5665882528264881,2.7453094008935235,0.0,0.0,0.0,0.933500626650797,0,0,0,0,0,0,0.07123358303779796,0.29661319459387764,0.7474756847178757,0.0,0.0,0.0
image_1907.png,surface,0.0,0.0,2.0701554614425732,4.755907915887673,14.167771595049004,0.0,-0.7788091641278462,1.8921644416397334,0.0,0.0,0.0,-0.026464762708070744,0,0,0,0,0,0,-0.138403719792835,0.257018204814198,0.7696270821977151,0.0,0.0,0.0
image_1908.png,surface,0.0,0.0,0.5007663430278431,10.361541778175875,21.502483635636246,0.0,-2.0074515546964977,0.8290476303972861,0.0,0.0,0.0,-0.3612379187861432,0,0,0,0,0,0,-0.04409219689294298,0.011467917182910714,0.1730354627734608,0.0,0.0,0.0
image_1909.png,surface,0.0,0.0,0.5421941433227557,-12.311005202000477,14.775468107910399,0.0,-1.2292248196016924,-0.7824431755200325,0.0,0.0,0.0,0.9670507123129024,0,0,0,0,0,0,-0.028882428297469075,-0.03130316653261191,0.10763078210970231,0.0,0.0,0.0
image_1910.png,surface,0.0,0.0,2.5992862163133736,5.120596484922546,7.087028900910038,0.0,1.5120154444264955,-0.0678362581805605,0.0,0.0,0.0,1.2645159796646883,0,0,0,0,0,0,0.3628063993408271,0.010481581919030725,0.8692860408192085,0.0,0.0,0.0
image_1911.png,surface,0.0,0.0,0.91146295030953,-6.67509593457478,10.036428444748186,0.0,-1.726443242385077,-2.351722025174447,0.0,0.0,0.0,2.492756865765821,0,0,0,0,0,0,-0.025044221733752307,-0.04284659263524549,0.11636182688250155,0.0,0.0,0.0
image_1912.png,surface,0.0,0.0,1.923988794047488,-0.9143220200497538,0.1996079411760128,0.0,1.8209760196154725,2.04511935528556,0.0,0.0,0.0,1.935368430602403,0,0,0,0,0,0,0.1548629600730079,0.1481437811887863,0.4210998524947629,0.0,0.0,0.0
image_1913.png,surface,0.0,0.0,2.8512420244072487,-14.161266022269832,1.1811578982064193,0.0,1.7791914403284188,-2.0605546519815054,0.0,0.0,0.0,0.8329398956927205,0,0,0,0,0,0,0.46126659436311873,-0.6785498953721025,2.057936281997952,0.0,0.0,0.0
image_1914.png,surface,0.0,0.0,2.9165166112206493,-18.089144597574006,-0.9231604229189132,0.0,2.2976998555268677,-0.438299844651346,0.0,0.0,0.0,-2.923665589517502,0,0,0,0,0,0,0.7340714632657688,-0.5330882539359724,2.4827875808401054,0.0,0.0,0.0
image_1915.png,surface,0.0,0.0,2.610631840175314,-5.582047564540304,-17.962006601573762,0.0,0.9464392824332282,1.3760452361737256,0.0,0.0,0.0,-2.659761074984015,0,0,0,0,0,0,0.7219648283671302,0.16192415903820984,2.331992835697613,0.0,0.0,0.0
image_1916.png,surface,0.0,0.0,2.722308127411411,-23.105609210231805,-7.6207525664072335,0.0,1.5091666016535423,-2.5197455177029604,0.0,0.0,0.0,0.5268427883786422,0,0,0,0,0,0,0.690639766630024,-1.2567704598674323,3.8499664740867052,0.0,0.0,0.0
image_1917.png,surface,0.0,0.0,2.7626468757382874,22.8863383543427,4.241839699647455,0.0,-1.5329918460590175,-1.8967262810624734,0.0,0.0,0.0,-2.56892982760823,0,0,0,0,0,0,-0.4393757286959887,-0.248292205278724,1.7136070993980328,0.0,0.0,0.0
image_1918.png,surface,0.0,0.0,0.6913895245184394,3.4693489344212014,-23.092658298900588,0.0,1.008243020374673,0.7241479024447475,0.0,0.0,0.0,-1.7473050135234698,0,0,0,0,0,0,0.12992070496882313,0.019533213670809655,0.4906355901482096,0.0,0.0,0.0
image_1919.png,surface,0.0,0.0,2.6431070526742775,15.626906490812248,-15.288439209837751,0.0,-1.0199806964575364,2.4713211008079106,0.0,0.0,0.0,-1.996467876897334,0,0,0,0,0,0,0.17308911463568527,1.0108992593273214,3.163451792513952,0.0,0.0,0.0
image_1920.png,surface,0.0,0.0,1.5393303180943767,-15.80236007893411,8.367487005748071,0.0,-0.428330434423321,0.9662910655791545,0.0,0.0,0.0,0.28503689471033766,0,0,0,0,0,0,-0.07556488195942306,0.17499664076523153,0.4392541732116069,0.0,0.0,0.0
image_1921.png,surface,0.0,0.0,0.6066641359310385,11.326205793506476,-16.90424053446538,0.0,-2.11829311335363,1.1123842296586637,0.0,0.0,0.0,0.09582725601842101,0,0,0,0,0,0,-0.09402997325108665,0.017041419319954967,0.2462556566609529,0.0,0.0,0.0
image_1922.png,surface,0.0,0.0,1.8329277503140122,19.04833531894591,4.490320832908503,0.0,1.127058160825542,2.67054897537847,0.0,0.0,0.0,-2.4708978673316717,0,0,0,0,0,0,0.11773036612053955,0.3110637141058414,0.9009500343942197,0.0,0.0,0.0
image_1923.png,surface,0.0,0.0,0.7917601138793637,2.688056856093497,17.642503248828252,0.0,-0.15533736741201795,2.0753913037619296,0.0,0.0,0.0,0.801284612998586,0,0,0,0,0,0,-0.0016284222930917321,0.03198903922009459,0.12821907694479462,0.0,0.0,0.0
image_1924.png,surface,0.0,0.0,0.6977861767198523,-13.734341076466098,16.55815183542804,0.0,2.3760752512425642,-1.415949043572721,0.0,0.0,0.0,2.164327460142948,0,0,0,0,0,0,0.0628327502734377,-0.040109394295291485,0.17325429714372545,0.0,0.0,0.0
image_1925.png,surface,0.0,0.0,1.6689470465312557,-8.354366807065183,-23.100779118692852,0.0,0.7366233428908053,-1.7277545590998102,0.0,0.0,0.0,0.029602268982634516,0,0,0,0,0,0,0.44358223263814267,-0.48736760304377535,1.9143050129759542,0.0,0.0,0.0
image_1926.png,surface,0.0,0.0,1.2869224643880965,15.952175231043412,-4.487292902920146,0.0,0.6885527894026459,0.35304287347892255,0.0,0.0,0.0,-0.26508167655525394,0,0,0,0,0,0,0.11875003241621362,0.06428168722157485,0.4172814160340247,0.0,0.0,0.0
image_1927.png,surface,0.0,0.0,2.703294201484631,4.475033627679862,-13.237611862408473,0.0,-1.0655260372505144,1.8000629710318683,0.0,0.0,0.0,0.27691629473080415,0,0,0,0,0,0,-0.05298612201521138,0.5934104421795791,1.7615720205539758,0.0,0.0,0.0
image_1928.png,surface,0.0,0.0,1.2889771086416955,9.66509949311517,22.97751413491693,0.0,-1.7793322267873617,-0.576670291758895,0.0,0.0,0.0,-0.3816299867464159,0,0,0,0,0,0,-0.18136667431056858,-0.030532346310440932,0.5582107504843881,0.0,0.0,0.0
image_1929.png,surface,0.0,0.0,2.5564407529283524,19.40057971519772,11.004134096044742,0.0,1.6025472943228058,0.8347285976975992,0.0,0.0,0.0,-2.0443060611544337,0,0,0,0,0,0,0.38364716091241174,0.4254408502560577,1.6384173961781594,0.0,0.0,0.0
image_1930.png,surface,0.0,0.0,0.5122280369581875,-15.722169461993808,-19.348189635389534,0.0,-1.0957263926893979,-2.596507593981126,0.0,0.0,0.0,0.09714368695693842,0,0,0,0,0,0,-0.017733062204769223,-0.1705699303464785,0.4757280569248825,0.0,0.0,0.0
image_1931.png,surface,0.0,0.0,2.8730213369383177,-8.025104920179755,13.71254302005707,0.0,-2.1740893503888286,0.29874128464674127,0.0,0.0,0.0,2.516947804756656,0,0,0,0,0,0,-0.7320321306744205,-0.1749305704604741,2.063317821103435,0.0,0.0,0.0
image_1932.png,surface,0.0,0.0,0.63582256154803,-3.998247032291631,24.641736320762718,0.0,1.2977818573227393,2.3906157244349178,0.0,0.0,0.0,2.0205358291701607,0,0,0,0,0,0,0.03953870203226051,0.046867442610488246,0.19400336825084885,0.0,0.0,0.0
image_1933.png,surface,0.0,0.0,1.1572083865076217,-15.633393215794625,-10.377374424100388,0.0,-1.6134135260977607,-1.7356889552754158,0.0,0.0,0.0,-2.4332950359313728,0,0,0,0,0,0,-0.09608909041235103,-0.17767720741539342,0.471610397957864,0.0,0.0,0.0
image_1934.png,surface,0.0,0.0,0.5622164233851588,14.76869392497234,7.109230286769868,0.0,0.7489625766012177,1.9782412379208236,0.0,0.0,0.0,2.689559626778621,0,0,0,0,0,0,0.008610853583469136,0.0262723847560757,0.09177645528441408,0.0,0.0,0.0
image_1935.png,surface,0.0,0.0,2.8983873452684454,8.30372021687623,-13.017322955418901,0.0,-0.07850457697885169,1.3193496162792964,0.0,0.0,0.0,-1.9693970831661438,0,0,0,0,0,0,0.38769843207522464,0.47755144347980233,2.547444205238164,0.0,0.0,0.0
image_1936.png,surface,0.0,0.0,0.6292127957836664,0.6064350150377666,14.735878449287435,0.0,0.9891134973323921,1.3701724567494324,0.0,0.0,0.0,-1.1847722857089666,0,0,0,0,0,0,0.024583089065708386,0.010492593636490303,0.06447798409580201,0.0,0.0,0.0
image_1937.png,surface,0.0,0.0,1.3725076039671797,12.055545055589644,-10.771817083802203,0.0,-2.2447823723693454,0.16325678741672295,0.0,0.0,0.0,0.2639219383364182,0,0,0,0,0,0,-0.1477633432531276,0.004027142385219653,0.42444042614696476,0.0,0.0,0.0
image_1938.png,surface,0.0,0.0,2.159600746035722,12.45534587880893,12.407168042766834,0.0,-1.640962656452018,0.942790022987694,0.0,0.0,0.0,1.875783309718586,0,0,0,0,0,0,-0.42955649445764615,0.25539948234763915,1.1515310193735646,0.0,0.0,0.0
image_1939.png,surface,0.0,0.0,1.305039491527277,-7.531235431716251,23.0372887942602,0.0,-0.3728358332032309,-0.664251927149546,0.0,0.0,0.0,-2.7429393704282363,0,0,0,0,0,0,-0.08279385942875468,-0.09705885079127693,0.5095089380816368,0.0,0.0,0.0
image_1940.png,surface,0.0,0.0,0.5187168514390581,-0.6037789700188838,19.68021076663159,0.0,-1.3493976523541835,2.471771980133226,0.0,0.0,0.0,2.9608310244309255,0,0,0,0,0,0,-0.015678510713485472,0.010173253830162344,0.09567527988116802,0.0,0.0,0.0
image_1941.png,surface,0.0,0.0,1.1014313326216814,19.5123170633789,2.742498569073597,0.0,-1.1654757272926501,-2.5251723656093343,0.0,0.0,0.0,-2.3174872978442975,0,0,0,0,0,0,-0.008720429663004504,-0.10787864974656639,0.2877716629054252,0.0,0.0,0.0
image_1942.png,surface,0.0,0.0,2.286731616671546,-4.110033946300598,-17.190529019911654,0.0,-0.812144688125738,1.9495323575734311,0.0,0.0,0.0,2.9148989125440785,0,0,0,0,0,0,-0.029147237156345707,0.49388024736987274,1.1574373143669283,0.0,0.0,0.0
image_1943.png,surface,0.0,0.0,1.445696069553029,-5.755675271769167,3.4634161655442623,0.0,0.8892829492157535,2.1335993827203894,0.0,0.0,0.0,-1.6799232056330073,0,0,0,0,0,0,0.04455180767099289,0.09763146009917531,0.23198676251819356,0.0,0.0,0.0
image_1944.png,surface,0.0,0.0,2.5507133453320154,12.173138534549746,6.306793931135688,0.0,0.5418496835114708,2.077595286284464,0.0,0.0,0.0,-1.2155126383421708,0,0,0,0,0,0,0.11414783707573821,0.5618854681952817,1.3894419409153478,0.0,0.0,0.0
image_1945.png,surface,0.0,0.0,2.3474499284099375,22.05663024531516,9.412643684256908,0.0,-2.717230669528581,-0.7316108710570125,0.0,0.0,0.0,-1.080875541771998,0,0,0,0,0,0,-0.7256249738016027,0.11142756897354121,1.8770629759629733,0.0,0.0,0.0
image_1946.png,surface,0.0,0.0,1.9649664347415499,-13.016834184734234,-2.633571782372441,0.0,-2.500222098586591,0.5044086310876789,0.0,0.0,0.0,-0.18601723214853827,0,0,0,0,0,0,-0.26245297316656746,0.011019582972056153,0.660522517594395,0.0,0.0,0.0
image_1947.png,surface,0.0,0.0,0.7361883128734328,-10.485140877127991,-3.665881762006422,0.0,-1.3453474513977057,1.7872292426064198,0.0,0.0,0.0,0.6020729035855328,0,0,0,0,0,0,-0.0346260411331023,0.017692683752564737,0.10733155960342214,0.0,0.0,0.0
image_1948.png,surface,0.0,0.0,2.954998523226142,2.4035241823481486,-1.2796017839027662,0.0,-0.9669674648352113,-0.9707313363201309,0.0,0.0,0.0,0.4589629583335908,0,0,0,0,0,0,-0.23060742505166912,-0.23751802629576718,1.4725096814647436,0.0,0.0,0.0
image_1949.png,surface,0.0,0.0,1.8016821422442193,10.545311104348416,15.95728157080518,0.0,2.931951459016908,-0.5409625451507327,0.0,0.0,0.0,-2.924669010946336,0,0,0,0,0,0,0.18183237264859278,-0.0648385655045311,0.49181461614310407,0.0,0.0,0.0
image_1950.png,surface,0.0,0.0,1.1504482122270125,-3.4524789757086802,4.8339732547112,0.0,2.0839025154619986,-0.9893678003125586,0.0,0.0,0.0,-1.1108614438171445,0,0,0,0,0,0,0.06773627983263492,-0.06508396949363039,0.15261910922929064,0.0,0.0,0.0
image_1951.png,surface,0.0,0.0,2.0053365963146623,-14.21856132120095,-17.58997066814473,0.0,2.4336054182364086,0.3679217292696026,0.0,0.0,0.0,0.03308353793155838,0,0,0,0,0,0,0.6271678225592975,-0.19464154471313133,1.9224822728117563,0.0,0.0,0.0
image_1952.png,surface,0.0,0.0,2.2669495490137113,-1.3307846774354823,18.422172059634715,0.0,2.383625386787161,0.6662265697109682,0.0,0.0,0.0,-2.673358279135286,0,0,0,0,0,0,0.260946302072959,0.025536172788777733,0.6946874754010007,0.0,0.0,0.0
image_1953.png,surface,0.0,0.0,1.668761245868462,15.474633382868268,2.208341951962831,0.0,2.953162565598317,0.17000696665068274,0.0,0.0,0.0,2.5471497770636944,0,0,0,0,0,0,0.1855899190426515,-0.039826235846330736,0.48561133164723813,0.0,0.0,0.0
image_1954.png,surface,0.0,0.0,2.1045774572632485,-21.054846633605564,7.52812350291969,0.0,-2.911687818574006,-0.007199131526695477,0.0,0.0,0.0,-2.876469194920422,0,0,0,0,0,0,-0.4692930421890671,-0.06619143364956584,1.1744706671871117,0.0,0.0,0.0
image_1955.png,surface,0.0,0.0,0.7701002954368625,17.887362987335507,-12.580480936684342,0.0,0.7288154551674794,-2.594024225619729,0.0,0.0,0.0,-0.7941104489661988,0,0,0,0,0,0,0.054358866789387325,-0.11348046772850674,0.3304332000881195,0.0,0.0,0.0
image_1956.png,surface,0.0,0.0,2.6851638777043263,-12.964682106514006,-8.769311473491125,0.0,0.19575409165622315,0.7513446610770346,0.0,0.0,0.0,1.2747814192022604,0,0,0,0,0,0,0.30597293942193793,-0.006706135932887323,1.6692596443627896,0.0,0.0,0.0
image_1957.png,surface,0.0,0.0,2.201812828451107,-13.48828357716875,-8.687003626457429,0.0,-1.2881057647384149,1.075213609166157,0.0,0.0,0.0,-0.6262479098414424,0,0,0,0,0,0,-0.2906459852969611,0.1951008906414454,0.8742879692823983,0.0,0.0,0.0
image_1958.png,surface,0.0,0.0,2.432467400932324,-5.474223067764436,-11.015581259567737,0.0,0.9181384598182956,0.6344761792057273,0.0,0.0,0.0,-2.3892144549025085,0,0,0,0,0,0,0.4184999636545522,0.08570734319293899,1.246485039034371,0.0,0.0,0.0
image_1959.png,surface,0.0,0.0,0.7843376506892925,4.503982315340891,-1.9817404248814798,0.0,-0.7812474074264678,1.646943425999411,0.0,0.0,0.0,1.0477963233690746,0,0,0,0,0,0,-0.007848386696704124,-0.003534761304526818,0.056405675437574354,0.0,0.0,0.0
image_1960.png,surface,0.0,0.0,1.7982567064926571,-11.68870307506206,2.5689870550669123,0.0,0.7901026173148369,-0.5614084858122536,0.0,0.0,0.0,2.2795896563364835,0,0,0,0,0,0,0.17247274918829988,-0.1270878043035655,0.4946549969489867,0.0,0.0,0.0
image_1961.png,surface,0.0,0.0,2.2314869513524265,13.064658486800699,2.117645285177527,0.0,-1.2379256271700512,1.3496331346086003,0.0,0.0,0.0,-2.052751155805801,0,0,0,0,0,0,-0.26760457079471245,0.37204660539702383,1.0858427472299743,0.0,0.0,0.0
image_1962.png,surface,0.0,0.0,1.8057071237800586,-3.5376745078838634,20.52466967925788,0.0,2.0277580165599614,-1.997062925972122,0.0,0.0,0.0,-2.815381261154236,0,0,0,0,0,0,0.14498741590490394,-0.1451045471699408,0.5520655240867552,0.0,0.0,0.0
image_1963.png,surface,0.0,0.0,0.7480224863996665,23.561158628453352,-1.8866713663327137,0.0,2.137105903630403,-0.09225649390666829,0.0,0.0,0.0,1.4779519205700673,0,0,0,0,0,0,0.10494649017477405,-0.03449341839090314,0.3228253562157597,0.0,0.0,0.0
image_1964.png,surface,0.0,0.0,0.651647978376543,2.665414593632471,12.162977870580951,0.0,-1.109760402909703,-0.45720545355546577,0.0,0.0,0.0,-1.537204181964398,0,0,0,0,0,0,-0.012254258228012627,-0.009172760643834373,0.048875986697451655,0.0,0.0,0.0
image_1965.png,surface,0.0,0.0,2.0400405891402587,-9.15215181984461,-22.13371496519853,0.0,-1.9169448001151552,-0.7016741172243348,0.0,0.0,0.0,1.4752241281496055,0,0,0,0,0,0,-0.268409650601297,-0.36455863752450585,1.404179765851531,0.0,0.0,0.0
image_1966.png,surface,0.0,0.0,2.4922281573998246,-7.595051775505923,9.113265264331682,0.0,0.49459243378809115,0.5716875496741841,0.0,0.0,0.0,2.5112043998321942,0,0,0,0,0,0,0.16813384081670749,0.08240382795506344,0.8468443528482018,0.0,0.0,0.0
image_1967.png,surface,0.0,0.0,2.9915726022421127,-5.429135879983111,12.82704675054603,0.0,-0.9737438663420591,-0.09316735560933742,0.0,0.0,0.0,1.317934787700648,0,0,0,0,0,0,-0.46673931077990144,-0.24459698751978626,1.9394977616017146,0.0,0.0,0.0
image_1968.png,surface,0.0,0.0,1.920543693876778,-22.326232005268764,7.186897786671422,0.0,1.217895163948744,-0.5383148700684659,0.0,0.0,0.0,0.5479204464232073,0,0,0,0,0,0,0.33114804369513456,-0.2983498997475033,1.100781542506195,0.0,0.0,0.0
image_1969.png,surface,0.0,0.0,1.0737433679167836,1.1253923047682306,12.726104855182152,0.0,1.0289224086751454,2.365522925690677,0.0,0.0,0.0,-1.990845336035152,0,0,0,0,0,0,0.02566515285111778,0.06020105935155151,0.15246949797615053,0.0,0.0,0.0
image_1970.png,surface,0.0,0.0,1.5126914095922506,-6.621882698565256,-7.495959204632379,0.0,-0.7179946319529952,1.3057161171749683,0.0,0.0,0.0,2.0257474341810013,0,0,0,0,0,0,-0.08343305322604304,0.16934291040098187,0.32452243908719874,0.0,0.0,0.0
image_1971.png,surface,0.0,0.0,0.7665991244794461,-21.252253071517213,11.26020767787586,0.0,2.50885009112143,-0.7812807919876522,0.0,0.0,0.0,1.0511045150600644,0,0,0,0,0,0,0.09486549085754171,-0.039590270472196785,0.27881285174724896,0.0,0.0,0.0
image_1972.png,surface,0.0,0.0,1.5346766724408774,7.754126770413239,-18.063721756110507,0.0,-2.8149850030674437,0.41705273078245003,0.0,0.0,0.0,-1.4785251097478154,0,0,0,0,0,0,-0.24829026488665157,0.04979341324974944,0.6257546487676713,0.0,0.0,0.0
image_1973.png,surface,0.0,0.0,2.6004181998673084,0.8127479924329613,-17.862534807809837,0.0,-0.5805688308197483,1.5115735626516236,0.0,0.0,0.0,2.4975593071197633,0,0,0,0,0,0,0.15699512795396234,0.47269999538760765,1.89364526201996,0.0,0.0,0.0
image_1974.png,surface,0.0,0.0,1.4754992797285635,-4.873822018737118,21.294572452921603,0.0,-1.1288696565561829,1.6523091203156832,0.0,0.0,0.0,2.9176942347713846,0,0,0,0,0,0,-0.13025552076740304,0.16711539726915706,0.522723854441081,0.0,0.0,0.0
image_1975.png,surface,0.0,0.0,0.6293339395234407,-2.760566055223962,5.467796878227161,0.0,-0.03795636691910642,-0.8497372729130717,0.0,0.0,0.0,-2.9803119518882335,0,0,0,0,0,0,0.006017553034470912,-0.012454252446790751,0.028001867378748546,0.0,0.0,0.0
image_1976.png,surface,0.0,0.0,0.9147785519901013,-1.2497508357695648,6.873599162058209,0.0,-0.8664507520579252,-1.8509675749508214,0.0,0.0,0.0,-0.3027409430606971,0,0,0,0,0,0,-0.00864890083330799,-0.031284289302681206,0.08523822022181658,0.0,0.0,0.0
image_1977.png,surface,0.0,0.0,2.1741942570801087,0.9536802037152396,14.585794301477208,0.0,0.5488069565312873,-2.7546985574051197,0.0,0.0,0.0,-1.3266786516417,0,0,0,0,0,0,0.08257470726968426,-0.2689108596705499,0.6674894893824083,0.0,0.0,0.0
image_1978.png,surface,0.0,0.0,2.2280637867373034,-5.0495293278669235,15.87109495001829,0.0,-2.8944533696157997,-0.7603343803869813,0.0,0.0,0.0,1.3691463930984975,0,0,0,0,0,0,-0.42061234696559063,-0.1438114569196867,1.0576399095111872,0.0,0.0,0.0
image_1979.png,surface,0.0,0.0,0.9951043739572238,1.0175812833516074,0.22471471006907742,0.0,-2.4150049201901003,-0.980743564890775,0.0,0.0,0.0,-2.206674637852152,0,0,0,0,0,0,-0.034854324632133886,-0.028024820934644003,0.09971478371594923,0.0,0.0,0.0
image_1980.png,surface,0.0,0.0,2.5253538554437673,21.850525217168148,4.91382150751964,0.0,1.462081751718587,-0.048033172490250166,0.0,0.0,0.0,0.3559406517119825,0,0,0,0,0,0,0.40459141100355805,0.3006371907741086,1.858198560044659,0.0,0.0,0.0
image_1981.png,surface,0.0,0.0,1.2021390797182836,-7.4072005871486555,-7.588350798760094,0.0,-0.2767287184113606,-0.8563414102478215,0.0,0.0,0.0,0.852665344565009,0,0,0,0,0,0,-0.00978879643847208,-0.14227296268033332,0.27553033619328055,0.0,0.0,0.0
image_1982.png,surface,0.0,0.0,1.889288084027063,-13.487428818273798,-7.55459913695062,0.0,-0.04103046380327342,1.1199098568428085,0.0,0.0,0.0,1.5921539751880625,0,0,0,0,0,0,0.12084415304732958,0.21553549204144679,0.66655162779556,0.0,0.0,0.0
image_1983.png,surface,0.0,0.0,1.2692641055769143,4.255617435030753,19.187340865576285,0.0,-0.8080061980257189,-0.44831954610714775,0.0,0.0,0.0,-1.6259779567192048,0,0,0,0,0,0,-0.08284255990854818,-0.056013460511920764,0.317533137261403,0.0,0.0,0.0
image_1984.png,surface,0.0,0.0,2.232792547847192,19.671399345612556,11.543377994697913,0.0,-0.44804658337103315,0.2855237209076365,0.0,0.0,0.0,-0.16821453616853033,0,0,0,0,0,0,-0.30960721272652003,0.3279965893536952,1.6905401703691285,0.0,0.0,0.0
image_1985.png,surface,0.0,0.0,1.4391877871204233,-13.91617088176711,11.73525624843631,0.0,-2.9153202841144537,-0.3414711595391319,0.0,0.0,0.0,-2.6785026696336316,0,0,0,0,0,0,-0.14566313506203776,0.00471458817519661,0.3996898122692898,0.0,0.0,0.0
image_1986.png,surface,0.0,0.0,2.404517307048472,9.559421079649857,-12.138852099509666,0.0,-2.089510586934898,-0.4131481932906772,0.0,0.0,0.0,-0.3047210892729719,0,0,0,0,0,0,-0.4012036838779304,-0.07980820883958988,1.1461271502302972,0.0,0.0,0.0
image_1987.png,surface,0.0,0.0,1.708565241632684,-11.806518075776141,-17.905873817561492,0.0,1.0281220292361934,-0.8371787295890024,0.0,0.0,0.0,2.125455845963561,0,0,0,0,0,0,0.38619176098161684,-0.29083361603008967,1.2943427760089579,0.0,0.0,0.0
image_1988.png,surface,0.0,0.0,2.1006755842098626,13.96264781772764,9.563113418448784,0.0,-0.4036616516579997,-1.265700394235423,0.0,0.0,0.0,2.3445686530565615,0,0,0,0,0,0,-0.12429579955268664,-0.20729400807419454,0.7091930679442505,0.0,0.0,0.0
image_1989.png,surface,0.0,0.0,2.81513284440024,-20.85015796394749,-12.821191266973324,0.0,1.6020668223584777,-1.9947935404563066,0.0,0.0,0.0,-2.111871252607692,0,0,0,0,0,0,0.9078621691884773,-1.3294210523582914,4.469084635625535,0.0,0.0,0.0
image_1990.png,surface,0.0,0.0,1.58836195250236,19.056400497118286,-10.583631670388769,0.0,-0.5410118111940595,0.44781295622258394,0.0,0.0,0.0,2.5968250023465114,0,0,0,0,0,0,-0.06464684314574191,0.18372421340319994,0.967203256493698,0.0,0.0,0.0
image_1991.png,surface,0.0,0.0,1.876612437823169,3.559598248322462,15.31740509913467,0.0,0.2716036323100929,1.760799043418083,0.0,0.0,0.0,-2.009995751924401,0,0,0,0,0,0,0.018172888412903047,0.19958423274999068,0.5399403135710767,0.0,0.0,0.0
image_1992.png,surface,0.0,0.0,0.9727944738720974,2.939023123552949,16.348150944083912,0.0,-1.0364564954596318,-0.11024634789241282,0.0,0.0,0.0,0.5544697897387181,0,0,0,0,0,0,-0.03015168455208439,-0.007423470670254573,0.18294999954871125,0.0,0.0,0.0
image_1993.png,surface,0.0,0.0,2.2335806579005433,13.814832937019466,18.006180127975178,0.0,-0.9045961908934544,-1.8640762541830977,0.0,0.0,0.0,2.1754706763865226,0,0,0,0,0,0,-0.2325478347934373,-0.2844436736985418,1.0694279364563555,0.0,0.0,0.0
image_1994.png,surface,0.0,0.0,1.0317686218060174,15.422778897740288,4.564327562853464,0.0,2.8097083748685834,-0.8547384340532885,0.0,0.0,0.0,1.2289325555466792,0,0,0,0,0,0,0.09622606051176956,-0.05845648868545445,0.22282251501242153,0.0,0.0,0.0
image_1995.png,surface,0.0,0.0,2.224895518716749,5.8339704277633055,-19.882924252360674,0.0,-0.5522625639600188,-0.8672811285786329,0.0,0.0,0.0,-1.3504347357346185,0,0,0,0,0,0,0.15112063257888447,-0.2510152456962302,1.5313270009827848,0.0,0.0,0.0
image_1996.png,surface,0.0,0.0,2.8079585758580214,16.202805973011575,0.19097133619959328,0.0,-1.4315042961790008,2.1103711138059764,0.0,0.0,0.0,-2.3168354625889185,0,0,0,0,0,0,-0.33376417259403635,0.8565118343389517,2.646511417858433,0.0,0.0,0.0
image_1997.png,surface,0.0,0.0,2.853252223151428,-20.04510404085757,6.555919332676927,0.0,-0.1066443027022151,2.6660050437814165,0.0,0.0,0.0,-0.6872021089076465,0,0,0,0,0,0,-0.03275411644104376,0.5622944748437805,1.5081260917271877,0.0,0.0,0.0
image_1998.png,surface,0.0,0.0,2.5045704635841357,-5.235891289520579,15.19067722085792,0.0,-2.546678227658136,0.05553361678718966,0.0,0.0,0.0,0.585373750671121,0,0,0,0,0,0,-0.5608195064007746,-0.05555726078859516,1.4595448615284599,0.0,0.0,0.0
image_1999.png,surface,0.0,0.0,1.847861491482172,-10.061005061413839,8.454076662477377,0.0,0.45886838454605233,-2.760866206725892,0.0,0.0,0.0,2.5817177794214077,0,0,0,0,0,0,0.08253361623985862,-0.2272960062882839,0.5314794622554408,0.0,0.0,0.0
image_2000.png,surface,0.0,0.0,2.593046322074859,8.768236741180084,8.773661348866723,0.0,1.5396693072231122,0.8181110543082014,0.0,0.0,0.0,-1.2886331865671163,0,0,0,0,0,0,0.3300340202198608,0.20048247427419413,0.9845648608692776,0.0,0.0,0.0
image_2001.png,surface,0.0,0.0,1.644399249658465,-8.645125796681311,10.89336100570144,0.0,-0.34109478681746797,-2.3285302216371244,0.0,0.0,0.0,-1.8079474916482927,0,0,0,0,0,0,0.026416966507928352,-0.1625754234708197,0.4003999074707602,0.0,0.0,0.0
image_2002.png,surface,0.0,0.0,1.4422942543311217,-2.0419314924380156,-7.746315960912201,0.0,1.6750522561381391,-1.1091264805812178,0.0,0.0,0.0,0.566078068192196,0,0,0,0,0,0,0.12291240154855518,-0.09867600015534174,0.315791394314399,0.0,0.0,0.0
image_2003.png,surface,0.0,0.0,2.255837823639391,7.147378633547128,-13.871254109188342,0.0,-1.720696858289153,1.553862892865116,0.0,0.0,0.0,0.9508782652195031,0,0,0,0,0,0,-0.2874271879606168,0.4297023849129167,1.121749447983583,0.0,0.0,0.0
image_2004.png,surface,0.0,0.0,1.018310262574879,-7.965124912495749,12.08499909408328,0.0,0.34709947357181664,1.9268470828324002,0.0,0.0,0.0,2.0585008434718883,0,0,0,0,0,0,0.0176752303850143,0.062280700848918874,0.15325998131363677,0.0,0.0,0.0
image_2005.png,surface,0.0,0.0,0.6856988486918119,1.9245291465216632,-5.280328592425227,0.0,2.8167756934866888,0.8397865888883108,0.0,0.0,0.0,-0.8525596463940919,0,0,0,0,0,0,0.03003602091257484,-0.01215850917787615,0.06611924187278606,0.0,0.0,0.0
image_2006.png,surface,0.0,0.0,1.415066562797631,12.092465537503983,2.1250273672030673,0.0,0.6198779295286347,0.37990441388060253,0.0,0.0,0.0,-2.8309023091595895,0,0,0,0,0,0,0.1280031235769584,0.03657935229824735,0.29897017685314636,0.0,0.0,0.0
image_2007.png,surface,0.0,0.0,1.351588361804919,4.397211721520388,-7.8420760307990225,0.0,-1.3242066288055603,-2.3032395715654155,0.0,0.0,0.0,2.8857947800310617,0,0,0,0,0,0,-0.027975381861317133,-0.13312694477890077,0.25799902353055726,0.0,0.0,0.0
image_2008.png,surface,0.0,0.0,0.8013102576954108,15.947363837289721,-8.14628986959198,0.0,0.8170628581386601,2.7205212150435503,0.0,0.0,0.0,1.5904032702925708,0,0,0,0,0,0,0.01781980993440092,0.062213057441667156,0.2521463206278699,0.0,0.0,0.0
image_2009.png,surface,0.0,0.0,2.636405739615957,16.32990966235229,12.810234349498925,0.0,-1.91384807548894,-0.677556857420482,0.0,0.0,0.0,-2.4918514663036,0,0,0,0,0,0,-0.6775180311056918,0.06379402544836472,1.9940277138655913,0.0,0.0,0.0
image_2010.png,surface,0.0,0.0,2.1703694702705203,-8.106951738882925,-18.250627535371308,0.0,-0.34785654877776806,-2.0211011956370752,0.0,0.0,0.0,-0.6787675671053011,0,0,0,0,0,0,0.22836111542119855,-0.6972163295685938,1.8352611452348901,0.0,0.0,0.0
image_2011.png,surface,0.0,0.0,0.5644779087239213,18.561337361730924,-12.099382865939079,0.0,-1.9432505714707666,1.1726518202543994,0.0,0.0,0.0,2.568161597129519,0,0,0,0,0,0,-0.08058407515812957,0.03587145617584543,0.2891293292025771,0.0,0.0,0.0
image_2012.png,surface,0.0,0.0,1.8503988927694626,8.050065020776346,3.0447292831339485,0.0,2.2256192061527322,0.8031775604115337,0.0,0.0,0.0,2.8742081100100645,0,0,0,0,0,0,0.1964881732864167,0.009695030671917508,0.4103881333706918,0.0,0.0,0.0
image_2013.png,surface,0.0,0.0,0.8845079673754295,6.307090711440392,-24.140417097985985,0.0,-0.9577773847213323,-1.2179580052605001,0.0,0.0,0.0,1.3740250199604116,0,0,0,0,0,0,-0.0645311795062326,-0.17691897201317633,0.519747260404728,0.0,0.0,0.0
image_2014.png,surface,0.0,0.0,1.778050341866657,-6.657646839260318,-5.385015265647425,0.0,-1.8053783352537263,-0.1443772669168829,0.0,0.0,0.0,1.0686838556138731,0,0,0,0,0,0,-0.18741466514491062,-0.04554446341284384,0.44010941365866113,0.0,0.0,0.0
image_2015.png,surface,0.0,0.0,2.428131398432374,-12.75515715072203,-21.591315320001897,0.0,0.021532850354485763,-0.6544752759866269,0.0,0.0,0.0,-1.3145399451040003,0,0,0,0,0,0,0.6568903341332021,-0.7402957413729844,3.1353181779122874,0.0,0.0,0.0
image_2016.png,surface,0.0,0.0,1.532634040162652,1.0229609362305705,8.616245157791903,0.0,0.3228062236046401,-2.301436731579062,0.0,0.0,0.0,-1.6697015433999898,0,0,0,0,0,0,0.048606122613792824,-0.12965668067663713,0.2619983332973304,0.0,0.0,0.0
image_2017.png,surface,0.0,0.0,1.992162221714749,-14.79641419237138,12.610982755800586,0.0,1.121535775234377,-1.0378408192690587,0.0,0.0,0.0,-1.6736038605730867,0,0,0,0,0,0,0.188833066618893,-0.24478575981909312,0.8097005680014641,0.0,0.0,0.0
image_2018.png,surface,0.0,0.0,1.8660973226479924,5.31425888728904,-21.400550839849583,0.0,-1.3568219600643954,0.9315250758048355,0.0,0.0,0.0,-1.5310661816607156,0,0,0,0,0,0,-0.16223651709172673,0.2109672023982133,1.1511268456897086,0.0,0.0,0.0
image_2019.png,surface,0.0,0.0,1.9440146493950476,22.089379836013894,6.9677569396097025,0.0,0.36431914961731016,-0.6093373205321383,0.0,0.0,0.0,-1.6151212738582297,0,0,0,0,0,0,0.1193740073135667,0.01417365347298018,0.9148102888455673,0.0,0.0,0.0
image_2020.png,surface,0.0,0.0,1.6952928362766444,-5.74483531943955,16.55946994184124,0.0,-0.08555021445086326,-1.0897553521828625,0.0,0.0,0.0,1.6296380113313083,0,0,0,0,0,0,0.01166985247049157,-0.20457096765668878,0.5034307017973504,0.0,0.0,0.0
image_2021.png,surface,0.0,0.0,0.9175799121461132,-15.068993778692768,-5.8716794291563525,0.0,0.2558461536284462,-0.9457026421166056,0.0,0.0,0.0,-1.9578728471722413,0,0,0,0,0,0,0.04288990379804334,-0.1216118345211633,0.27995168367413553,0.0,0.0,0.0
image_2022.png,surface,0.0,0.0,1.1040356737823969,-7.084964464867294,19.349117183581132,0.0,2.546408784344021,0.8358118171579076,0.0,0.0,0.0,1.3655356838013883,0,0,0,0,0,0,0.10564655957180404,-0.006413538868961205,0.2650932765339288,0.0,0.0,0.0
image_2023.png,surface,0.0,0.0,2.735123366542374,-2.6910647369210836,12.62449500762274,0.0,-0.985209210683911,-0.407448120655137,0.0,0.0,0.0,-2.335256736084428,0,0,0,0,0,0,-0.3728052165984082,-0.21026559868578829,1.4139826524378707,0.0,0.0,0.0
image_2024.png,surface,0.0,0.0,2.3455162183992404,-1.2568555193294009,-22.427296705199698,0.0,0.959498480922534,-2.357859339282837,0.0,0.0,0.0,2.153222052712433,0,0,0,0,0,0,0.7169593321783656,-0.6040540536555155,2.5553780676621454,0.0,0.0,0.0
image_2025.png,surface,0.0,0.0,2.957164596391341,-16.478561435418936,0.7689215504263014,0.0,-1.3296073035083795,-2.6480676900067706,0.0,0.0,0.0,-2.007026410831209,0,0,0,0,0,0,-0.23204561109556796,-1.0922459624062657,3.104402240602977,0.0,0.0,0.0
image_2026.png,surface,0.0,0.0,0.6353251906109743,-20.252642774831067,-0.6149621168327158,0.0,-0.4909672753447845,-2.655641388928584,0.0,0.0,0.0,1.064079136210812,0,0,0,0,0,0,0.026690906706766104,-0.08833127815330874,0.25908203036298894,0.0,0.0,0.0
image_2027.png,surface,0.0,0.0,1.2914302613007838,-13.706897419453613,15.253603788843742,0.0,-2.2585023638042494,-1.3223139274560334,0.0,0.0,0.0,-2.079564528567891,0,0,0,0,0,0,-0.10009774865534467,-0.061631009518803404,0.41121881077618594,0.0,0.0,0.0
image_2028.png,surface,0.0,0.0,2.8982192263263293,-10.244592418251292,20.45490658479704,0.0,1.736870693166534,-0.9284816287301317,0.0,0.0,0.0,0.5651781399717248,0,0,0,0,0,0,0.4000683539427462,-0.4397403519285757,1.7139420499647644,0.0,0.0,0.0
image_2029.png,surface,0.0,0.0,1.598447027266678,-21.0357181637614,2.437679892374718,0.0,-0.48110023214239694,0.24081390112208584,0.0,0.0,0.0,-2.200630912559792,0,0,0,0,0,0,-0.12087154706721372,-0.0798459632994513,0.7193755651728861,0.0,0.0,0.0
image_2030.png,surface,0.0,0.0,2.0108436158320995,-3.4067988031828293,-3.9893561686798407,0.0,0.11214009493140066,1.516564911564809,0.0,0.0,0.0,1.1911704681326594,0,0,0,0,0,0,0.04988451020836937,0.2355359171530418,0.503296721570658,0.0,0.0,0.0
image_2031.png,surface,0.0,0.0,1.9243535981580957,-10.978079495240488,-9.393064672281504,0.0,-2.148223491898136,0.9948155666473689,0.0,0.0,0.0,-0.9246947164223496,0,0,0,0,0,0,-0.2691721174880622,0.10963423213012305,0.6611254286145112,0.0,0.0,0.0
image_2032.png,surface,0.0,0.0,0.8517235080053643,22.26831502825526,9.642562016221467,0.0,0.3382111009970072,-1.1840828491597595,0.0,0.0,0.0,0.24398262615464006,0,0,0,0,0,0,0.057833341644647276,-0.09999740625049204,0.2925614560096851,0.0,0.0,0.0
image_2033.png,surface,0.0,0.0,2.3277607463206103,3.1556046190590865,-11.174692274265894,0.0,-1.0555249609565,1.8105512635097174,0.0,0.0,0.0,2.0474356300050314,0,0,0,0,0,0,-0.15798283455977244,0.46518685787518227,0.9890420334445877,0.0,0.0,0.0
image_2034.png,surface,0.0,0.0,0.6457814961922697,-18.29999100080321,12.962526627399825,0.0,0.8805872775854331,1.1942524172846527,0.0,0.0,0.0,0.27427320719348236,0,0,0,0,0,0,0.03500042607151377,0.03203308608993294,0.19433608581380213,0.0,0.0,0.0
image_2035.png,surface,0.0,0.0,1.8449072287297676,-12.928026510105479,-10.557569344458788,0.0,-1.5914877367614415,-1.5519976814150236,0.0,0.0,0.0,-0.8700299473142428,0,0,0,0,0,0,-0.17643575073148762,-0.340773327811802,0.8764986430228249,0.0,0.0,0.0
image_2036.png,surface,0.0,0.0,1.8815944605453305,-11.189960288050097,0.7172539323674785,0.0,-0.8628345438863523,1.786977747571045,0.0,0.0,0.0,-0.24520027387678356,0,0,0,0,0,0,-0.0945276312789753,0.16831724757474606,0.4957268387625274,0.0,0.0,0.0
image_2037.png,surface,0.0,0.0,1.0046211260061406,-2.7344456420653924,-1.931986026189829,0.0,-1.6067481690330967,0.99922521175861,0.0,0.0,0.0,2.2398524667561377,0,0,0,0,0,0,-0.05571791455362204,0.01935387998646786,0.11135543241175577,0.0,0.0,0.0
image_2038.png,surface,0.0,0.0,2.376060563837823,-16.54260576360907,-6.17029113508323,0.0,0.8530803554875018,-0.6989006686123003,0.0,0.0,0.0,-1.3634401804939837,0,0,0,0,0,0,0.3285730058260592,-0.4897650112449766,1.684738826553339,0.0,0.0,0.0
image_2039.png,surface,0.0,0.0,2.7404420406256333,8.25202947515452,5.123345618204327,0.0,0.665288429078713,1.8004810101252222,0.0,0.0,0.0,2.7437571634610043,0,0,0,0,0,0,0.1678066344680957,0.5073302736955086,1.3124033105671178,0.0,0.0,0.0
image_2040.png,surface,0.0,0.0,2.947669998893794,-14.870309807330628,17.511755653954932,0.0,-0.6465134279588862,-0.4989147266127665,0.0,0.0,0.0,1.866278611245507,0,0,0,0,0,0,-0.4472530313025703,-0.5756092143549129,2.609385497041922,0.0,0.0,0.0
image_2041.png,surface,0.0,0.0,0.5670423403490776,-18.54415246476642,0.05486103736634188,0.0,1.3545982531627536,0.6601366003994643,0.0,0.0,0.0,-0.8833714745533117,0,0,0,0,0,0,0.059094988449294776,-0.006158696264896535,0.154144250809808,0.0,0.0,0.0
image_2042.png,surface,0.0,0.0,1.2743122670372693,5.950290523183524,10.740655163215084,0.0,-0.02902673354097802,2.003000951855917,0.0,0.0,0.0,0.8026013942543413,0,0,0,0,0,0,-0.011569407730917969,0.06295713492143626,0.2097929379665687,0.0,0.0,0.0
image_2043.png,surface,0.0,0.0,2.812059533566282,10.503422471393492,-14.358031750286877,0.0,1.2433871975417947,-2.308760975827037,0.0,0.0,0.0,2.0265400441202868,0,0,0,0,0,0,0.6416866530977036,-0.42784297776474123,2.194714462424623,0.0,0.0,0.0
image_2044.png,surface,0.0,0.0,0.6262635175754698,-2.7383987298772836,-18.008885808468996,0.0,-2.10483794657769,-0.8172543506758982,0.0,0.0,0.0,-0.12885087620610847,0,0,0,0,0,0,-0.06704229799557937,-0.019482874390994446,0.2490960374668353,0.0,0.0,0.0
image_2045.png,surface,0.0,0.0,1.1800629839599048,10.537546744848013,15.512965323227457,0.0,0.3711318740021122,1.1863644554433666,0.0,0.0,0.0,-0.8363442785373505,0,0,0,0,0,0,0.02422544491722567,0.08477292031136852,0.2761689752738486,0.0,0.0,0.0
image_2046.png,surface,0.0,0.0,1.8334713858345226,20.993631265429165,11.81407558508848,0.0,0.7862274826067827,0.9781346691069843,0.0,0.0,0.0,-1.6507834007676168,0,0,0,0,0,0,0.15382046542743072,0.2779719300372942,1.0230060209111551,0.0,0.0,0.0
image_2047.png,surface,0.0,0.0,2.350492848436441,-6.682746403959147,15.21452152088867,0.0,-1.7274527797320431,-0.1138073926589499,0.0,0.0,0.0,-0.9871285075679821,0,0,0,0,0,0,-0.451791307263317,-0.1431318766421809,1.2478739673844172,0.0,0.0,0.0
image_2048.png,surface,0.0,0.0,1.070141051393727,11.671794426884926,-22.193561785651386,0.0,2.324332279128532,1.4172183714112345,0.0,0.0,0.0,0.31185115986949086,0,0,0,0,0,0,0.27833237335920014,0.06531993486776438,0.8923752998858953,0.0,0.0,0.0
image_2049.png,surface,0.0,0.0,1.2508604695340986,-17.90206224572753,-10.200501624322957,0.0,-0.9366031295301046,-2.241928045182661,0.0,0.0,0.0,-0.3144887906562661,0,0,0,0,0,0,-0.029765124493724298,-0.2889584778569717,0.6839020671522494,0.0,0.0,0.0
image_2050.png,surface,0.0,0.0,0.9863460730722367,-0.34083600338459646,-4.6790647306120405,0.0,-2.9513481765944114,-0.054419625398321965,0.0,0.0,0.0,2.3870792931798572,0,0,0,0,0,0,-0.05873277863083174,0.002405273713672196,0.11179756715984128,0.0,0.0,0.0
image_2051.png,surface,0.0,0.0,1.6076551358217372,10.27406795006405,-6.632615371559391,0.0,1.107526327146556,-1.3642677790991,0.0,0.0,0.0,2.419531091052277,0,0,0,0,0,0,0.11636066512635027,-0.13269276849049422,0.39822049578322805,0.0,0.0,0.0
image_2052.png,surface,0.0,0.0,1.7608651241658997,-2.492015551665922,3.2490953502102937,0.0,0.16633910787939368,-2.813753912068587,0.0,0.0,0.0,2.0907236845325983,0,0,0,0,0,0,0.035061301671255464,-0.15469417997474535,0.36208156263668384,0.0,0.0,0.0
image_2053.png,surface,0.0,0.0,2.7480674267517404,21.014661310110043,-12.17365134872213,0.0,-0.8255295622274852,2.4238260320766405,0.0,0.0,0.0,-2.712242350473621,0,0,0,0,0,0,0.2884407666963165,1.3101820088539022,4.320433574110124,0.0,0.0,0.0
image_2054.png,surface,0.0,0.0,2.4268859510946488,0.5057830565462625,-17.66138001133811,0.0,-1.7568967463690788,0.8315353037821895,0.0,0.0,0.0,-1.7223734075017307,0,0,0,0,0,0,-0.36061487775012485,0.1920427793926693,1.2947849107570446,0.0,0.0,0.0
image_2055.png,surface,0.0,0.0,2.2883626265099037,-15.596150999782717,-18.437269080708113,0.0,1.6581045718961196,-0.7213979287145413,0.0,0.0,0.0,-1.8975368875190988,0,0,0,0,0,0,0.8064525513586982,-0.6001968063396724,2.7372830214426505,0.0,0.0,0.0
image_2056.png,surface,0.0,0.0,1.9316743953932503,17.567722173820496,-10.41085624418757,0.0,1.653534095665411,-1.108666298271901,0.0,0.0,0.0,-2.459340377804379,0,0,0,0,0,0,0.3378413158867389,-0.11912790568277978,1.0269249425419131,0.0,0.0,0.0
image_2057.png,surface,0.0,0.0,1.3214505064214022,18.508424251288947,-1.268865331144757,0.0,2.116123357099638,-0.17871097173970815,0.0,0.0,0.0,0.2760396741493407,0,0,0,0,0,0,0.1506762407007697,-0.01712636685464325,0.4306124485899362,0.0,0.0,0.0
image_2058.png,surface,0.0,0.0,0.6751923507708006,8.504522726120118,-1.4430506157229535,0.0,-0.32744461926982404,-1.9480357358255431,0.0,0.0,0.0,-1.4111875295285776,0,0,0,0,0,0,-0.005454453736860146,-0.016843208405682486,0.05644586950558217,0.0,0.0,0.0
image_2059.png,surface,0.0,0.0,1.1470190125179567,-6.153840794745353,15.65547958599113,0.0,0.827839860396458,-1.4214039508435337,0.0,0.0,0.0,1.2476323168447543,0,0,0,0,0,0,0.046916824720959496,-0.07786070795173755,0.2246647431294445,0.0,0.0,0.0
image_2060.png,surface,0.0,0.0,0.9867181475603938,14.63267333154727,18.61647944836817,0.0,-2.948254887472599,0.26830580081759475,0.0,0.0,0.0,-2.2668264186955716,0,0,0,0,0,0,-0.11516445959142546,0.016994226245128155,0.335218527184823,0.0,0.0,0.0
image_2061.png,surface,0.0,0.0,1.0697431969491762,-17.182206729174553,-0.26249951454770687,0.0,-1.3378933290325092,1.2451937534771917,0.0,0.0,0.0,0.47995068926096707,0,0,0,0,0,0,-0.11117406402835436,0.05545658222896455,0.27446965939863077,0.0,0.0,0.0
image_2062.png,surface,0.0,0.0,1.0669372029492,-2.9098055718816744,-14.608926943644029,0.0,-0.03453664606332868,0.24613658032705088,0.0,0.0,0.0,0.4316119420011151,0,0,0,0,0,0,0.019967196715290885,0.05697462613589307,0.31019102083864974,0.0,0.0,0.0
image_2063.png,surface,0.0,0.0,1.5763667038648614,20.887243547709918,3.0750074822664013,0.0,-0.7691529112238977,1.9319398296262809,0.0,0.0,0.0,0.6538399984403025,0,0,0,0,0,0,-0.1530260388508011,0.30789233947748135,0.8843320202767847,0.0,0.0,0.0
image_2064.png,surface,0.0,0.0,1.451787199169796,-2.3630476448897,-1.9857692289272302,0.0,-1.7397013795555434,-0.6968973608999794,0.0,0.0,0.0,2.9137589665315815,0,0,0,0,0,0,-0.1206432635681822,-0.03265288847265821,0.24186110522543672,0.0,0.0,0.0
image_2065.png,surface,0.0,0.0,1.3426169066122497,-20.45432056803843,6.906766391178791,0.0,0.6915018324808665,0.7751533930573989,0.0,0.0,0.0,-0.7911388987786161,0,0,0,0,0,0,0.13083383896494916,0.11113654501210936,0.457663056359167,0.0,0.0,0.0
image_2066.png,surface,0.0,0.0,2.70309392872103,-7.070145314405431,-20.781069371800882,0.0,-1.282406426076703,-0.4060901240901945,0.0,0.0,0.0,-0.2837563455192349,0,0,0,0,0,0,0.15694947125415618,-0.41508039722908235,2.6685199030964655,0.0,0.0,0.0
image_2067.png,surface,0.0,0.0,1.006843536437912,9.31969559848532,21.985085134670133,0.0,-0.5697030923863251,-2.0392175518604985,0.0,0.0,0.0,-2.6032396268664835,0,0,0,0,0,0,-0.0005204863777920066,-0.09154355344651906,0.300785608924831,0.0,0.0,0.0
image_2068.png,surface,0.0,0.0,0.9091341804843318,19.192054238584433,-16.135886511212508,0.0,1.9230585465411834,0.10044529740407925,0.0,0.0,0.0,0.8198404697134016,0,0,0,0,0,0,0.1927443239022998,-0.02272503863159513,0.6196585484531595,0.0,0.0,0.0
image_2069.png,surface,0.0,0.0,0.6900072365915175,-8.214811573031174,-17.037325342727215,0.0,-0.49203437610869816,-1.820122657952861,0.0,0.0,0.0,-0.3552992396330916,0,0,0,0,0,0,0.0018384431122004385,-0.11854428465742164,0.3199313833191997,0.0,0.0,0.0
image_2070.png,surface,0.0,0.0,2.8121503886897705,-6.351665719094519,7.948702625782182,0.0,-1.1907340128657125,1.7199114142416063,0.0,0.0,0.0,-2.105242531370524,0,0,0,0,0,0,-0.35769284896252107,0.36451144444967887,1.298516260070432,0.0,0.0,0.0
image_2071.png,surface,0.0,0.0,0.9858657613537226,20.436206748070916,-12.281898885654087,0.0,-0.4240692176879362,-0.9152683332356003,0.0,0.0,0.0,-1.8623312835575572,0,0,0,0,0,0,-0.06860375712895492,-0.12142306222185614,0.4513793837272856,0.0,0.0,0.0
image_2072.png,surface,0.0,0.0,1.9306699626326023,7.262004767109391,-1.1401645570532233,0.0,-0.8832583879346682,-2.022091735672867,0.0,0.0,0.0,2.25490521458174,0,0,0,0,0,0,-0.056221660141484886,-0.19073081191248453,0.4523395753519151,0.0,0.0,0.0
image_2073.png,surface,0.0,0.0,1.4342945483417833,-9.031501675686947,-2.1148656767439022,0.0,-2.6670730230837756,0.8366179749362173,0.0,0.0,0.0,2.6896275628982202,0,0,0,0,0,0,-0.14709371165596866,0.0625670055028681,0.28551186308187754,0.0,0.0,0.0
image_2074.png,surface,0.0,0.0,1.888249376835038,-23.222819295396384,0.15591596780116843,0.0,-1.717904550901506,-1.6143172458044854,0.0,0.0,0.0,2.5877690536400166,0,0,0,0,0,0,-0.16287266710902779,-0.4230811965147176,1.271380798157629,0.0,0.0,0.0
image_2075.png,surface,0.0,0.0,2.1064158468009477,14.086747653053225,13.370052108666249,0.0,-2.455603993907123,-1.14817803923634,0.0,0.0,0.0,2.7810548987723545,0,0,0,0,0,0,-0.3695483720122253,-0.08753843449621859,0.9590661907259026,0.0,0.0,0.0
image_2076.png,surface,0.0,0.0,2.600192574442121,-18.77586605306625,-1.3321676778925582,0.0,-0.007383829565532369,-1.3984225058732227,0.0,0.0,0.0,-2.475415321323392,0,0,0,0,0,0,0.041438020744202886,-0.7859031288855971,2.2893022694658023,0.0,0.0,0.0
image_2077.png,surface,0.0,0.0,1.7681575823889333,-5.379087969642064,3.5770940690306836,0.0,-0.7828956483367133,-1.0778055714220036,0.0,0.0,0.0,0.002316940546262636,0,0,0,0,0,0,-0.08178941203301608,-0.1619147204232445,0.44032824802892606,0.0,0.0,0.0
image_2078.png,surface,0.0,0.0,1.3181017788484646,14.565961059792064,-2.936994083952652,0.0,2.1216313293345843,1.2372349700018437,0.0,0.0,0.0,2.299410606694911,0,0,0,0,0,0,0.111174064028354,0.027021181543327503,0.3439272419198399,0.0,0.0,0.0
image_2079.png,surface,0.0,0.0,0.9526998092671369,1.8799815372878061,2.0898732785959915,0.0,2.742387971135384,0.24272934918455363,0.0,0.0,0.0,2.131618461682944,0,0,0,0,0,0,0.03860730535621193,-0.007857646958661082,0.08624977093334536,0.0,0.0,0.0
image_2080.png,surface,0.0,0.0,2.0170425535970526,-15.159162057964906,-19.973274605535785,0.0,-1.879576615686215,1.240395243766196,0.0,0.0,0.0,-2.779452471093641,0,0,0,0,0,0,-0.441728570626007,0.18089420201608641,1.1569527525470575,0.0,0.0,0.0
image_2081.png,surface,0.0,0.0,0.8300109708698316,-9.587619678547027,11.059796843068291,0.0,1.9036079955922627,1.3706288550321597,0.0,0.0,0.0,2.0801934132572812,0,0,0,0,0,0,0.05212168849887841,0.01520088940171005,0.1127443607618021,0.0,0.0,0.0
image_2082.png,surface,0.0,0.0,2.6395178807665727,-21.09643883717182,-7.5178955618278795,0.0,2.0563838571774085,-1.9874880133088508,0.0,0.0,0.0,2.4872128596836625,0,0,0,0,0,0,0.727098163315352,-0.9241300719507807,3.2001847046654985,0.0,0.0,0.0
image_2083.png,surface,0.0,0.0,0.5694737199498614,5.767372251896364,20.111593084114304,0.0,0.08250202381063183,-0.4953085777245217,0.0,0.0,0.0,-1.4071404523426698,0,0,0,0,0,0,0.01165463357055616,-0.021043392065267074,0.11618765258780123,0.0,0.0,0.0
image_2084.png,surface,0.0,0.0,2.613249605821429,5.8393341700188826,-17.902411255362665,0.0,0.17937023782985215,2.1352205073896084,0.0,0.0,0.0,-1.6539644651775258,0,0,0,0,0,0,0.5001630588181039,0.6238499754428609,2.4536602795571385,0.0,0.0,0.0
image_2085.png,surface,0.0,0.0,1.0481165546679143,-0.11741024786875606,20.454081291676403,0.0,-2.2982495984867555,0.19480011497843167,0.0,0.0,0.0,0.7265098105174284,0,0,0,0,0,0,-0.08038470756897545,0.024025994394320366,0.2699478267477564,0.0,0.0,0.0
image_2086.png,surface,0.0,0.0,1.7196446100899188,7.26492434903925,-4.312446834579405,0.0,-2.1619084835175553,0.46150716525558105,0.0,0.0,0.0,-1.76342436917602,0,0,0,0,0,0,-0.19200468536543797,0.05582783441760202,0.40529018574503956,0.0,0.0,0.0
image_2087.png,surface,0.0,0.0,2.3263017571818625,16.661465248932263,8.174208300956478,0.0,-0.9278078829568019,-0.9520858642450818,0.0,0.0,0.0,-1.0371942133111915,0,0,0,0,0,0,-0.33666946059171077,-0.09438143034610359,1.1122368518884114,0.0,0.0,0.0
image_2088.png,surface,0.0,0.0,2.460417097238226,-3.2796444641572307,13.205258866014896,0.0,-1.1984601060193238,2.1563912620754726,0.0,0.0,0.0,1.3041720733791378,0,0,0,0,0,0,-0.3026308689961165,0.42014578726049107,1.050963228214339,0.0,0.0,0.0
image_2089.png,surface,0.0,0.0,1.5044494732315676,9.54575139664468,-16.32768230838776,0.0,2.4748862178818016,-0.48865403803487895,0.0,0.0,0.0,-2.053423321197485,0,0,0,0,0,0,0.24859768666534685,-0.07640086883709543,0.7323493171242845,0.0,0.0,0.0
image_2090.png,surface,0.0,0.0,1.748636897164253,2.185452274989786,-12.77350945508539,0.0,-0.7254263108307503,1.020518389631238,0.0,0.0,0.0,0.5694659546605498,0,0,0,0,0,0,-0.09385799968181625,0.2265645136284683,0.5754450736446092,0.0,0.0,0.0
image_2091.png,surface,0.0,0.0,0.5739316453207575,2.6376918200834045,-7.639076432867409,0.0,-0.8542872950618403,-0.0596634012148993,0.0,0.0,0.0,2.130646950461177,0,0,0,0,0,0,-0.032408647412509456,-0.0010807214135335752,0.04943870364956049,0.0,0.0,0.0
image_2092.png,surface,0.0,0.0,1.3600651480323696,6.061600584859937,-6.372610081612627,0.0,2.3584419487372776,-1.3897652932509017,0.0,0.0,0.0,2.142789129562516,0,0,0,0,0,0,0.1021614314865893,-0.07031610838942755,0.2830309958842864,0.0,0.0,0.0
image_2093.png,surface,0.0,0.0,1.153947119635139,9.147489177135968,0.5525164421136899,0.0,1.3258758942658941,-0.3280983214660454,0.0,0.0,0.0,-2.611859502878996,0,0,0,0,0,0,0.07303245701016635,-0.034620839692935466,0.16771421476998744,0.0,0.0,0.0
image_2094.png,surface,0.0,0.0,1.4751726852758322,10.898765803537065,-19.608443581545053,0.0,-1.1123043698569313,0.057394829862957734,0.0,0.0,0.0,-0.045441551943973923,0,0,0,0,0,0,-0.12845055923506044,0.01801359666138691,0.7980532202943221,0.0,0.0,0.0
image_2095.png,surface,0.0,0.0,1.2522334257990764,-17.652232165141562,-6.711154941843374,0.0,0.08740769625594726,1.1194443474516471,0.0,0.0,0.0,-1.5315381121545535,0,0,0,0,0,0,0.034361232274225495,0.2095105094885594,0.3939688565895167,0.0,0.0,0.0
image_2096.png,surface,0.0,0.0,0.8993495091252517,13.449617979124824,-13.33253355902879,0.0,1.6325622488965477,1.5070437469364781,0.0,0.0,0.0,-2.9333188767541385,0,0,0,0,0,0,0.09676480956948395,0.05092604704559241,0.33769716137863526,0.0,0.0,0.0
image_2097.png,surface,0.0,0.0,2.8543257959945842,0.05253721092944193,12.553658293207231,0.0,1.170955613366824,2.311045518838621,0.0,0.0,0.0,2.263946501221775,0,0,0,0,0,0,0.20401239741449592,0.44984910855647453,1.2446584419437954,0.0,0.0,0.0
image_2098.png,surface,0.0,0.0,1.5731970858795548,-17.762039578808366,-14.325102826824464,0.0,2.2108859093525224,-0.46549675381308625,0.0,0.0,0.0,-0.49177093816972484,0,0,0,0,0,0,0.4167406588220156,-0.23822592241816914,1.2056768949875911,0.0,0.0,0.0
image_2099.png,surface,0.0,0.0,2.094506780108296,-0.5837961909456816,13.892326516400011,0.0,1.10432921467105,0.2804726330411886,0.0,0.0,0.0,1.629377523758862,0,0,0,0,0,0,0.22527928818427323,0.058665711317186515,0.558161624401267,0.0,0.0,0.0
image_2100.png,surface,0.0,0.0,2.816902840492785,-3.3965227179113495,-13.797150724352601,0.0,0.4255222736630902,-0.6554779311273042,0.0,0.0,0.0,0.941364524014074,0,0,0,0,0,0,0.48092941307970044,-0.33128437356662815,2.2971579767575445,0.0,0.0,0.0
image_2101.png,surface,0.0,0.0,1.9311845371255831,2.715414474965535,-4.07575718662525,0.0,2.3697891432958462,-1.4376507624202328,0.0,0.0,0.0,-1.7150585167025012,0,0,0,0,0,0,0.1719248687906244,-0.12070100817700614,0.5205801708140001,0.0,0.0,0.0
image_2102.png,surface,0.0,0.0,0.8174979126248045,-15.970132237984666,0.889326922340592,0.0,1.351089565354206,0.8472743755600204,0.0,0.0,0.0,-1.587077521804556,0,0,0,0,0,0,0.07111487561830154,0.02645171844041754,0.1723320665833248,0.0,0.0,0.0
image_2103.png,surface,0.0,0.0,2.471453392143921,-15.900883480559573,1.7482336592059524,0.0,-0.30091625519079024,-2.6432833471112436,0.0,0.0,0.0,1.884264137135177,0,0,0,0,0,0,0.048709611133353786,-0.6513147718895609,1.6829256274854336,0.0,0.0,0.0
image_2104.png,surface,0.0,0.0,2.4366601799349077,-5.97075514178069,16.458990102612475,0.0,1.7349492962160182,1.6774020853142728,0.0,0.0,0.0,-0.600372120308521,0,0,0,0,0,0,0.2829710940595209,0.19845159895414774,0.8714743845218537,0.0,0.0,0.0
image_2105.png,surface,0.0,0.0,1.5115243512457741,-11.970646733347238,-4.8908584477760595,0.0,-1.4540148519882874,-0.8129805156228235,0.0,0.0,0.0,-2.710125031180598,0,0,0,0,0,0,-0.15433790802523575,-0.13678912738545995,0.42011733083235064,0.0,0.0,0.0
image_2106.png,surface,0.0,0.0,1.8484840617537874,4.437593519674958,-8.958801058014137,0.0,-0.7713814251793778,1.9269722918961771,0.0,0.0,0.0,-2.7919243271362584,0,0,0,0,0,0,-0.08644639541325923,0.21582808910537304,0.544741271694228,0.0,0.0,0.0
image_2107.png,surface,0.0,0.0,1.5622150116735276,15.556515086287536,6.374859995582896,0.0,-1.527421848685416,-2.250553639715956,0.0,0.0,0.0,-1.1860640286210558,0,0,0,0,0,0,-0.07538529894018499,-0.14586907498213492,0.4277318737160455,0.0,0.0,0.0
image_2108.png,surface,0.0,0.0,1.060611134674571,12.618328493253836,6.161602985874708,0.0,1.5633009363677945,-2.435937769677078,0.0,0.0,0.0,0.08785566327570926,0,0,0,0,0,0,0.06924599470623007,-0.06640852179376905,0.18100728626166881,0.0,0.0,0.0
image_2109.png,surface,0.0,0.0,2.407304277019198,7.512592155991818,-13.238156951592517,0.0,1.0504627410905247,1.0857538361860035,0.0,0.0,0.0,2.1561873207264792,0,0,0,0,0,0,0.47203244417744517,0.3069484779809451,1.621852974151402,0.0,0.0,0.0
image_2110.png,surface,0.0,0.0,2.361087565749148,-8.860153740536102,-8.188498810153828,0.0,2.369357642313572,-1.2764397287588523,0.0,0.0,0.0,-2.941018187093984,0,0,0,0,0,0,0.42751716186629773,-0.29974366855738815,1.272946133806154,0.0,0.0,0.0
image_2111.png,surface,0.0,0.0,2.117639729785149,-13.55503318350768,0.8922156632841751,0.0,-0.4955391250881834,1.513554595058807,0.0,0.0,0.0,0.3007133983614758,0,0,0,0,0,0,-0.06686880253631537,0.28392769608043555,0.6747311206351423,0.0,0.0,0.0
image_2112.png,surface,0.0,0.0,1.6391012263846427,13.337022350457561,7.879723819491751,0.0,0.25501364945760224,-1.4217980404246289,0.0,0.0,0.0,-2.969526279862106,0,0,0,0,0,0,0.07467001064321914,-0.17861792270694085,0.38150869550710753,0.0,0.0,0.0
image_2113.png,surface,0.0,0.0,1.6620150816966504,18.742825445192796,7.979654112405278,0.0,0.9117746416356357,1.9749242472661834,0.0,0.0,0.0,0.9949349700197816,0,0,0,0,0,0,0.077598126990797,0.22807941133040852,0.7223767222507999,0.0,0.0,0.0
image_2114.png,surface,0.0,0.0,1.246109621069051,17.239433487644675,-10.375675675743121,0.0,1.4578310545980107,-0.5080701704527402,0.0,0.0,0.0,-1.367265504501395,0,0,0,0,0,0,0.18082792525285382,-0.06931246899811112,0.5536732868070664,0.0,0.0,0.0
image_2115.png,surface,0.0,0.0,1.1643114763805904,23.768136737068,3.5718706130194833,0.0,-0.8883237701010607,-2.652189071019871,0.0,0.0,0.0,-1.4248056909594413,0,0,0,0,0,0,0.01093934527359064,-0.14574165368010256,0.42649702262669587,0.0,0.0,0.0
image_2116.png,surface,0.0,0.0,2.62242849205503,-6.239740850503908,-24.151860318165497,0.0,0.3780701135571103,-0.18928487946174355,0.0,0.0,0.0,1.8310904751827337,0,0,0,0,0,0,0.9887688850252376,-0.44112468212349504,3.6412476109374547,0.0,0.0,0.0
image_2117.png,surface,0.0,0.0,2.6484355560344968,17.087810020076663,18.236251866505576,0.0,1.276371379056718,-0.3811945692579163,0.0,0.0,0.0,-0.20282805899431544,0,0,0,0,0,0,0.26045320971505076,0.1173974929391305,1.673495652530054,0.0,0.0,0.0
image_2118.png,surface,0.0,0.0,0.5383621948725992,23.481806258395327,-5.619678867773482,0.0,-1.2328649833374548,1.9503875020899346,0.0,0.0,0.0,-1.0762075682186318,0,0,0,0,0,0,-0.05791095803431823,0.06566916362148263,0.3173991570347102,0.0,0.0,0.0
image_2119.png,surface,0.0,0.0,2.299015867162132,13.941314673583447,-13.236923775248181,0.0,2.069594779428269,0.9475784881725455,0.0,0.0,0.0,1.4398795592591895,0,0,0,0,0,0,0.6132151350984908,0.30768154374325457,1.9206735397514068,0.0,0.0,0.0
image_2120.png,surface,0.0,0.0,1.3248052842478284,6.523502824649374,-6.306348205436556,0.0,0.5336392089258271,-1.3354243211823278,0.0,0.0,0.0,-0.6306897945889274,0,0,0,0,0,0,0.0574635223762161,-0.11003065395866815,0.27727654514784034,0.0,0.0,0.0
image_2121.png,surface,0.0,0.0,2.798368359242793,-10.506525931277318,-3.902059119368957,0.0,-2.061108941999439,-1.6522277719166891,0.0,0.0,0.0,2.1857302172564097,0,0,0,0,0,0,-0.370659351707512,-0.5833677558564382,1.8073530640148279,0.0,0.0,0.0
image_2122.png,surface,0.0,0.0,1.1053003829326633,-24.710557995857226,-0.8354510121563099,0.0,-0.7028859433524892,-0.7272508051823338,0.0,0.0,0.0,-2.7359418840059826,0,0,0,0,0,0,-0.08024773746955642,-0.16478563247520783,0.6045522778935714,0.0,0.0,0.0
image_2123.png,surface,0.0,0.0,1.338507847624523,8.549231259079093,11.444774188225255,0.0,-0.7566680991577726,2.0701583511815125,0.0,0.0,0.0,-1.4057199135971097,0,0,0,0,0,0,-0.05067893678499938,0.08688717006360887,0.28903331004011407,0.0,0.0,0.0
image_2124.png,surface,0.0,0.0,2.368340236242428,-2.9891377894016156,14.208341175755951,0.0,1.9175837286764315,-1.324027653425286,0.0,0.0,0.0,2.4700950221180786,0,0,0,0,0,0,0.23904934884585505,-0.18400107944218377,0.7455999615441796,0.0,0.0,0.0
image_2125.png,surface,0.0,0.0,0.6852484001719126,-13.882690171303446,11.755525774164147,0.0,-1.7035290430952867,0.4122792247326981,0.0,0.0,0.0,-2.541195013724632,0,0,0,0,0,0,-0.04730338477931982,0.004488061416028005,0.13284139476568846,0.0,0.0,0.0
image_2126.png,surface,0.0,0.0,2.2700976170389,0.29627866467474745,-1.3361496784034912,0.0,-1.7271698697482458,1.8084103126680744,0.0,0.0,0.0,-1.3774992983843266,0,0,0,0,0,0,-0.22905205347826776,0.2033596787361341,0.6528856446729175,0.0,0.0,0.0
image_2127.png,surface,0.0,0.0,2.1866970591916766,-18.046598434538595,-4.211083446826045,0.0,-0.9676299621835422,-0.2302930990680184,0.0,0.0,0.0,-1.0176192284129537,0,0,0,0,0,0,-0.20119994470642766,-0.3360099734592843,1.260887913403823,0.0,0.0,0.0
image_2128.png,surface,0.0,0.0,1.2600541147239739,7.710691910144823,-5.726947115155264,0.0,2.916139916902585,0.41611662227337404,0.0,0.0,0.0,1.821460490189457,0,0,0,0,0,0,0.09631737391138219,-0.007357400365497063,0.24364304224044803,0.0,0.0,0.0
image_2129.png,surface,0.0,0.0,2.281923297059931,10.114668809821815,13.226993674492876,0.0,-1.0364232896354688,-0.6693322045963382,0.0,0.0,0.0,0.603241232259399,0,0,0,0,0,0,-0.3528075820832461,-0.07970438407497094,1.0551635083211517,0.0,0.0,0.0
image_2130.png,surface,0.0,0.0,2.7573117605921906,6.861496542585068,2.4634918612904464,0.0,1.5932903739690807,-0.18473574426836,0.0,0.0,0.0,2.442202056629461,0,0,0,0,0,0,0.4109376922766344,0.006517363633580103,1.0758612203413767,0.0,0.0,0.0
image_2131.png,surface,0.0,0.0,2.5098530518889985,10.60725323842788,-1.621863013216808,0.0,-1.6611894987923863,2.297066543082392,0.0,0.0,0.0,-2.805354472410107,0,0,0,0,0,0,-0.33897360204193566,0.5812597985141744,1.302033241021112,0.0,0.0,0.0
image_2132.png,surface,0.0,0.0,1.7946058566153469,-2.720718533571359,15.02566607917565,0.0,1.5267119055799618,-2.423461823197483,0.0,0.0,0.0,-2.7340187332845947,0,0,0,0,0,0,0.10397856813888036,-0.15705383371608492,0.44514930318608076,0.0,0.0,0.0
image_2133.png,surface,0.0,0.0,0.831113755167858,2.832234113368465,-17.83085783381189,0.0,-1.2397488066544056,-2.2784843047329497,0.0,0.0,0.0,-0.3675479987364172,0,0,0,0,0,0,-0.04439657489165172,-0.12622102482924677,0.30522035442835516,0.0,0.0,0.0
image_2134.png,surface,0.0,0.0,2.7308480837053173,-2.3799224293208887,19.638352812354498,0.0,-0.1480635949280872,-1.3136919247985577,0.0,0.0,0.0,2.7683884640846106,0,0,0,0,0,0,-0.23581685449956857,-0.4168517106375808,1.595168579001798,0.0,0.0,0.0
image_2135.png,surface,0.0,0.0,1.724295198571277,-24.031443067769533,5.322356996571867,0.0,-1.4191085378310866,1.1279811734263692,0.0,0.0,0.0,-2.895105630531357,0,0,0,0,0,0,-0.3265793299345171,0.13390405741104858,0.8151356991976259,0.0,0.0,0.0
image_2136.png,surface,0.0,0.0,1.5196938231273778,4.47153987839659,-6.718204978113161,0.0,0.4418946212516654,-2.3807377563364054,0.0,0.0,0.0,-1.5066270790473484,0,0,0,0,0,0,0.052760882296166565,-0.12060190271986994,0.3133797502339331,0.0,0.0,0.0
image_2137.png,surface,0.0,0.0,1.8693829464234648,-0.8631975972418701,8.083260505923572,0.0,1.21691712733789,-2.2327638798544336,0.0,0.0,0.0,-1.5563979954772766,0,0,0,0,0,0,0.1098317570540487,-0.15705383371608492,0.4055715442210936,0.0,0.0,0.0
image_2138.png,surface,0.0,0.0,1.0338690642188997,0.48276488345795265,-1.0012053637123939,0.0,-0.7127323340892795,2.332889109769772,0.0,0.0,0.0,1.9337885948854039,0,0,0,0,0,0,-0.02344014968055741,0.02929116844249624,0.09814051605231144,0.0,0.0,0.0
image_2139.png,surface,0.0,0.0,1.3404778945015026,2.5167218445374844,12.876622991827876,0.0,0.3247216965887151,-2.113716914941838,0.0,0.0,0.0,0.8090230512864678,0,0,0,0,0,0,0.03303110041986848,-0.09786585237081519,0.2398246057797095,0.0,0.0,0.0
image_2140.png,surface,0.0,0.0,2.338763857609946,-22.09556380371724,-3.457439350815201,0.0,-0.45403959298633345,2.2787944879545456,0.0,0.0,0.0,-2.077374325706797,0,0,0,0,0,0,-0.06818371549073698,0.4987757423319054,1.10233571313583,0.0,0.0,0.0
image_2141.png,surface,0.0,0.0,1.9086859551676625,-16.822372704785028,11.679956550279167,0.0,-2.7437170814194136,-0.310807078474394,0.0,0.0,0.0,1.3542456432875678,0,0,0,0,0,0,-0.37211427854133927,-0.0629980355862862,0.9012179948476058,0.0,0.0,0.0
image_2142.png,surface,0.0,0.0,2.4056971380095518,2.4725254451272036,-22.454764719393836,0.0,0.7276928521411583,2.289132678511853,0.0,0.0,0.0,-1.7328206892002267,0,0,0,0,0,0,0.6634192422055043,0.5736003624697861,2.630947381524311,0.0,0.0,0.0
image_2143.png,surface,0.0,0.0,2.4049115051049403,-23.97809563107536,-6.546757716657197,0.0,-0.4428208519623911,-0.06356036332459183,0.0,0.0,0.0,0.5488925584970183,0,0,0,0,0,0,0.08184420007278334,-0.6055296237950999,2.276190071280155,0.0,0.0,0.0
image_2144.png,surface,0.0,0.0,2.3839484962273922,-18.08414933629003,16.184015447485095,0.0,-1.087814501228145,0.24607504206370254,0.0,0.0,0.0,-1.1434218252128057,0,0,0,0,0,0,-0.43328360305183405,-0.192637412135487,1.6521101753461402,0.0,0.0,0.0
image_2145.png,surface,0.0,0.0,0.8604715466312208,-20.21037975129177,5.201975119074983,0.0,0.7120610640704351,2.0215471409855414,0.0,0.0,0.0,2.121650588528662,0,0,0,0,0,0,0.03867579040592137,0.10633071689224759,0.24442012755526474,0.0,0.0,0.0
image_2146.png,surface,0.0,0.0,2.1255036278719373,3.6670718087522625,0.7966686918464805,0.0,1.1611505827028086,1.7098496295842884,0.0,0.0,0.0,1.6071407773916233,0,0,0,0,0,0,0.13553647904499885,0.1926987631327618,0.5434282654726409,0.0,0.0,0.0
image_2147.png,surface,0.0,0.0,1.700449812670896,-6.248671776161562,-0.7240448465542341,0.0,2.643937334895535,-1.1838774201325384,0.0,0.0,0.0,-0.9174219862090336,0,0,0,0,0,0,0.14972049378482435,-0.10164916386942971,0.3734028917922067,0.0,0.0,0.0
image_2148.png,surface,0.0,0.0,0.6552273808120512,21.496010843237027,-12.836729844628158,0.0,-2.695966835505465,0.6893566628871449,0.0,0.0,0.0,-2.210406292605829,0,0,0,0,0,0,-0.1493841560962516,0.04910911366476088,0.42250664487503536,0.0,0.0,0.0
image_2149.png,surface,0.0,0.0,2.5876344562796096,4.096287994664682,-15.609999147800725,0.0,-1.1130024973260462,-1.658096808164104,0.0,0.0,0.0,-2.169765004651895,0,0,0,0,0,0,-0.12589378404590731,-0.40739736464728016,1.4726123996385418,0.0,0.0,0.0
image_2150.png,surface,0.0,0.0,1.0492879366306078,-11.027805447059079,19.67547872301868,0.0,-2.738408121701952,-0.7078370243821482,0.0,0.0,0.0,-2.1610178059847867,0,0,0,0,0,0,-0.1160897687074999,-0.010424950229238616,0.35176508518135563,0.0,0.0,0.0
image_2151.png,surface,0.0,0.0,0.5323506931573978,-0.7446285130873238,18.30668059402098,0.0,-2.12054045367073,2.0647272014450846,0.0,0.0,0.0,-0.8162749481015403,0,0,0,0,0,0,-0.0236593018396277,0.010151230395243183,0.08987393606537951,0.0,0.0,0.0
image_2152.png,surface,0.0,0.0,2.108592216142404,23.452229419994065,-5.855911306458986,0.0,-2.8088554289240975,-0.1138648188566108,0.0,0.0,0.0,-2.4156565387017803,0,0,0,0,0,0,-0.6161097698662109,0.10080912713751286,1.4907979824082813,0.0,0.0,0.0
image_2153.png,surface,0.0,0.0,0.9302632805859994,-7.5385813923907845,20.101740604687187,0.0,-0.7031445912838502,-1.0351265048727794,0.0,0.0,0.0,2.978740313133841,0,0,0,0,0,0,-0.01704821170767469,-0.07876052257843512,0.26226629375071564,0.0,0.0,0.0
image_2154.png,surface,0.0,0.0,0.6542666820772669,-7.9084760446798,-17.30392015157963,0.0,2.4440954336450944,-0.6965424755865703,0.0,0.0,0.0,-0.21833576515051423,0,0,0,0,0,0,0.0788308578855672,-0.05253690399968037,0.3158315883824071,0.0,0.0,0.0
image_2155.png,surface,0.0,0.0,2.834427341824371,4.251839818041348,15.304047758112256,0.0,-1.163752242204694,-0.3001650046888663,0.0,0.0,0.0,-1.6197336891382619,0,0,0,0,0,0,-0.5479991050951638,-0.06309242173593971,1.8287229101722942,0.0,0.0,0.0
image_2156.png,surface,0.0,0.0,0.8711964969768469,2.3371988326333324,16.903513717925673,0.0,-0.4261929142928907,-2.2760859325819918,0.0,0.0,0.0,2.5673242678399832,0,0,0,0,0,0,-0.002323926020141139,-0.045319509756169475,0.14510058550805904,0.0,0.0,0.0
image_2157.png,surface,0.0,0.0,1.8001233290981098,-1.8342272740221714,3.3014264469362953,0.0,1.5760857207752823,2.280570919470346,0.0,0.0,0.0,1.7526541433030314,0,0,0,0,0,0,0.09858194622177509,0.13993218616892428,0.35678934368232734,0.0,0.0,0.0
image_2158.png,surface,0.0,0.0,1.418248228771679,-11.039389561642365,2.8331878651529037,0.0,1.897287584059018,-0.051671171007652984,0.0,0.0,0.0,-2.9015180107442227,0,0,0,0,0,0,0.12772918337812034,-0.029472075229332314,0.28410060469404913,0.0,0.0,0.0
image_2159.png,surface,0.0,0.0,0.6118514945808422,-24.514062986877978,-0.931572512574902,0.0,-2.0668428089450295,-1.400626147865147,0.0,0.0,0.0,-1.7921576115652935,0,0,0,0,0,0,-0.08270254602914218,-0.048682802888825615,0.3249690398428407,0.0,0.0,0.0
image_2160.png,surface,0.0,0.0,1.2858844219046208,3.376203468912699,15.271719473684561,0.0,2.5297211749215784,0.06478869423143625,0.0,0.0,0.0,2.6181000773004746,0,0,0,0,0,0,0.11547035948012739,-0.011557584025081669,0.24110858295217977,0.0,0.0,0.0
image_2161.png,surface,0.0,0.0,1.3761759666387283,-6.341288305954864,-4.24262970056046,0.0,1.916909976873741,-1.4047049921301933,0.0,0.0,0.0,-0.6812891779411485,0,0,0,0,0,0,0.09494767291719301,-0.06891132786208333,0.2850295342657841,0.0,0.0,0.0
image_2162.png,surface,0.0,0.0,1.733594217446547,-11.293559585299409,-10.853539714908893,0.0,-0.18858569364972164,0.2753589323120521,0.0,0.0,0.0,-1.6298890567386692,0,0,0,0,0,0,0.010784112494249288,-0.037938512853259006,0.7044680319495594,0.0,0.0,0.0
image_2163.png,surface,0.0,0.0,2.2668364362515083,-0.5265147309872558,8.827458607910069,0.0,-1.4138227970686805,2.1510893497610835,0.0,0.0,0.0,-2.9430253570214595,0,0,0,0,0,0,-0.21176490504160694,0.2838710643906434,0.7513521792768475,0.0,0.0,0.0
image_2164.png,surface,0.0,0.0,2.999944879451807,-17.013103794674286,16.002115961023723,0.0,-1.1620692102938126,-0.0843432540412854,0.0,0.0,0.0,0.03202247115447365,0,0,0,0,0,0,-0.6684780045440433,-0.6022072313272937,3.1816820353592523,0.0,0.0,0.0
image_2165.png,surface,0.0,0.0,1.7964281751216211,22.965194075941895,-4.933816047963792,0.0,0.8690273436446597,-1.4264743262124644,0.0,0.0,0.0,2.158322364111621,0,0,0,0,0,0,0.22307406958362866,-0.17631804686038183,0.8617608180866416,0.0,0.0,0.0
image_2166.png,surface,0.0,0.0,2.856882792524548,-14.653807020434508,18.900525305113018,0.0,-1.9755849028348602,-0.17343046514269106,0.0,0.0,0.0,0.689899269277439,0,0,0,0,0,0,-0.8150512298222197,-0.5350514858487672,2.924855338812255,0.0,0.0,0.0
image_2167.png,surface,0.0,0.0,1.818627433537015,2.0072178518148625,-3.0851875449007182,0.0,-1.4406309685157872,1.4911318949891341,0.0,0.0,0.0,-2.0750739991707325,0,0,0,0,0,0,-0.15433790802523567,0.15560028701141967,0.406127562161868,0.0,0.0,0.0
image_2168.png,surface,0.0,0.0,1.9842057939569628,-18.64096965006906,-13.339390346550498,0.0,1.7768056878305636,-1.5061161715160711,0.0,0.0,0.0,0.42136372566548275,0,0,0,0,0,0,0.5769911094721679,-0.5492282855267357,1.9722827230733866,0.0,0.0,0.0
image_2169.png,surface,0.0,0.0,0.8476675728726286,7.928401980403176,-13.224628258247858,0.0,1.3728824869530523,2.004396255502638,0.0,0.0,0.0,2.3090453450503983,0,0,0,0,0,0,0.044907929929482115,0.06123773389524676,0.2304102618507779,0.0,0.0,0.0
image_2170.png,surface,0.0,0.0,1.9270644934929322,-9.296292179451761,-4.761839770488374,0.0,-0.030043105692911177,0.19201155628477393,0.0,0.0,0.0,0.9191688146946939,0,0,0,0,0,0,0.03865296205601821,2.045033242492611e-05,0.606032759398524,0.0,0.0,0.0
image_2171.png,surface,0.0,0.0,1.1514050440808172,-11.936610056311117,-1.4629841484433332,0.0,0.4688468275091208,-0.7962595412886446,0.0,0.0,0.0,1.1597058323217881,0,0,0,0,0,0,0.07513266520125633,-0.09912590746869056,0.24931040582954378,0.0,0.0,0.0
image_2172.png,surface,0.0,0.0,1.185121066980525,-16.60422718955152,-3.8252656377552325,0.0,2.703533167120748,0.5809427271746624,0.0,0.0,0.0,0.7154225528035765,0,0,0,0,0,0,0.1332993007544898,-0.03148564642194216,0.37417104509191057,0.0,0.0,0.0
image_2173.png,surface,0.0,0.0,1.5846941404140074,13.120743829553932,-2.868044564308139,0.0,0.275988696682596,0.6603116238237866,0.0,0.0,0.0,-0.745328591859165,0,0,0,0,0,0,0.10274583724411004,0.14568974129779297,0.46960069455747505,0.0,0.0,0.0
image_2174.png,surface,0.0,0.0,2.1343456697352017,-10.980333084501243,20.64078080040067,0.0,-0.19149375066305496,-1.761312792932895,0.0,0.0,0.0,1.4026796445606955,0,0,0,0,0,0,-0.05187818609991165,-0.4238834787867734,1.2127890120211877,0.0,0.0,0.0
image_2175.png,surface,0.0,0.0,2.04332429904911,6.981261361871259,-5.261697953095624,0.0,-2.1184207528122276,1.8266698501587386,0.0,0.0,0.0,-0.2795683090521499,0,0,0,0,0,0,-0.21158684391236224,0.1778187866398737,0.6532853523492173,0.0,0.0,0.0
image_2176.png,surface,0.0,0.0,1.2656891228637386,15.593844216508241,10.776347944790121,0.0,-2.181478781153199,1.4150327375335123,0.0,0.0,0.0,1.7994449582630727,0,0,0,0,0,0,-0.11000220873332592,0.0683339992467022,0.40254359109784177,0.0,0.0,0.0
image_2177.png,surface,0.0,0.0,0.5718790548434078,-8.793807514039086,-11.091415387531192,0.0,-0.6608276088048163,0.11468490955522875,0.0,0.0,0.0,2.596623719708334,0,0,0,0,0,0,-0.058461882211980926,0.015226059041617671,0.11066766724806731,0.0,0.0,0.0
image_2178.png,surface,0.0,0.0,1.1101164503091907,-1.3640955751097472,-8.40000654384795,0.0,2.1522497861432153,0.9007379309170414,0.0,0.0,0.0,1.9031102296761802,0,0,0,0,0,0,0.09230871566838857,-0.0007598085047113817,0.1984626767959333,0.0,0.0,0.0
image_2179.png,surface,0.0,0.0,1.6320776195929483,6.224593449326868,9.927277695910766,0.0,1.887323180430809,-1.9334046550274242,0.0,0.0,0.0,0.5357325922976495,0,0,0,0,0,0,0.13996517892621044,-0.11857574670730614,0.32612126979239686,0.0,0.0,0.0
image_2180.png,surface,0.0,0.0,2.7737885674806706,11.932674253281736,-15.623058057467933,0.0,1.8975534540382295,0.45543937933269174,0.0,0.0,0.0,-2.1641196100123237,0,0,0,0,0,0,1.040269642406751,0.32225791145475696,3.2506059299774708,0.0,0.0,0.0
image_2181.png,surface,0.0,0.0,2.0259071225672116,-21.996597269525118,-3.889743439577225,0.0,-1.851406017626808,0.4253870262723446,0.0,0.0,0.0,2.7834585651291777,0,0,0,0,0,0,-0.35034516407369304,-0.06601839237520092,1.0988388292191538,0.0,0.0,0.0
image_2182.png,surface,0.0,0.0,2.693769811635645,-6.342031914983384,18.394899858039082,0.0,-0.023776993087048923,-0.7211909460454552,0.0,0.0,0.0,0.9942794030196658,0,0,0,0,0,0,-0.21120332763398922,-0.3815481444621513,1.6396500142637314,0.0,0.0,0.0
image_2183.png,surface,0.0,0.0,1.9850686079004904,-5.165524500679449,-18.22519084458889,0.0,-2.8532586624069953,-0.0019911117867399603,0.0,0.0,0.0,-0.9381119731415142,0,0,0,0,0,0,-0.3489724192995165,-0.04086448349252021,0.8999049886260183,0.0,0.0,0.0
image_2184.png,surface,0.0,0.0,1.6079185900023498,-1.7427067184913865,16.705010211380984,0.0,0.45726634775119956,1.6931544708206934,0.0,0.0,0.0,1.680059232516503,0,0,0,0,0,0,0.04255356610947026,0.13383169469631423,0.3995022399519202,0.0,0.0,0.0
image_2185.png,surface,0.0,0.0,1.321454521924193,16.502971264654498,-5.483804796880614,0.0,0.34717361098111243,-2.5091798328729085,0.0,0.0,0.0,1.0019403690780182,0,0,0,0,0,0,0.044086109332968526,-0.13475982516790774,0.39776049700491656,0.0,0.0,0.0
image_2186.png,surface,0.0,0.0,2.9252330298050944,-1.7820762844848492,13.78452916115356,0.0,1.6169574543113243,0.7063188844594904,0.0,0.0,0.0,-2.309445534950953,0,0,0,0,0,0,0.396701933277028,0.18637017179848872,1.19235702745057,0.0,0.0,0.0
image_2187.png,surface,0.0,0.0,1.6956217738829982,-7.335213223060718,16.98982747409448,0.0,0.5543742006950793,-2.5385482077780432,0.0,0.0,0.0,1.4703144103659174,0,0,0,0,0,0,0.06745929585380997,-0.19650409806629546,0.5149217392400174,0.0,0.0,0.0
image_2188.png,surface,0.0,0.0,1.3981167203171447,-20.048561932233145,-0.7620153574649169,0.0,-0.8347294432980311,2.487158099740802,0.0,0.0,0.0,1.1249927243397693,0,0,0,0,0,0,-0.0659647998801505,0.1611218767661544,0.46289051820395516,0.0,0.0,0.0
image_2189.png,surface,0.0,0.0,2.769320494209403,3.754656834492803,17.26566835309578,0.0,0.24206842917686888,2.4537073635960445,0.0,0.0,0.0,2.949909734749297,0,0,0,0,0,0,-0.04617718618409761,0.6832330214974148,1.5472371529025286,0.0,0.0,0.0
image_2190.png,surface,0.0,0.0,2.5296608977837884,8.054313993238983,-5.1738894666501665,0.0,2.061608513041991,-1.1185592515340694,0.0,0.0,0.0,-1.6429102836616878,0,0,0,0,0,0,0.39019128788464913,-0.13572256389437432,1.0646783374201034,0.0,0.0,0.0
image_2191.png,surface,0.0,0.0,1.9718486787777012,6.513486358305348,21.27560315260633,0.0,1.505580439728144,-1.3821340302523146,0.0,0.0,0.0,1.0638426914366086,0,0,0,0,0,0,0.17870488871186072,-0.16337770574287527,0.6528186545595712,0.0,0.0,0.0
image_2192.png,surface,0.0,0.0,1.915160585955598,-21.781887804036234,6.39446437290307,0.0,0.07726846063518103,1.2541277785309308,0.0,0.0,0.0,1.3080681941244974,0,0,0,0,0,0,0.12215906600175111,0.2456934399582619,0.8029033045005942,0.0,0.0,0.0
image_2193.png,surface,0.0,0.0,1.7433765461685309,22.199058904759756,-5.6424195195215745,0.0,-1.328138815537896,2.1075835995194407,0.0,0.0,0.0,1.2245025258726168,0,0,0,0,0,0,-0.2617224659696664,0.5326352004176355,1.4476340193754909,0.0,0.0,0.0
image_2194.png,surface,0.0,0.0,0.7407941306145971,-8.280945964421711,-10.163917849215398,0.0,-0.634445632820535,2.1756762781614167,0.0,0.0,0.0,-2.0353082156921163,0,0,0,0,0,0,-0.02438524336654794,0.04446059579432176,0.13505206850611584,0.0,0.0,0.0
image_2195.png,surface,0.0,0.0,2.2187430366646224,-4.759026964754966,-21.416111431231087,0.0,-2.3771417736366462,0.5153393089369889,0.0,0.0,0.0,-0.4531464035827977,0,0,0,0,0,0,-0.4821103997146909,0.07659907975136789,1.2584092792100094,0.0,0.0,0.0
image_2196.png,surface,0.0,0.0,1.438833842853647,-19.823852910784243,-6.915317718989852,0.0,0.23294633626241482,-0.7890969063938659,0.0,0.0,0.0,-1.1011154790323825,0,0,0,0,0,0,0.09529314194572738,-0.32751521999046157,0.8042029126995114,0.0,0.0,0.0
image_2197.png,surface,0.0,0.0,0.5425556909631184,2.7452523902603803,14.311444540879961,0.0,-1.8686253437149867,1.6802855471239666,0.0,0.0,0.0,0.12269239057455739,0,0,0,0,0,0,0.0033146764059376332,-0.016701629181202104,0.05810275830901371,0.0,0.0,0.0
image_2198.png,surface,0.0,0.0,2.315139218131774,-21.558536409199043,6.841167042466266,0.0,-1.3333523294029987,-0.08903051561088385,0.0,0.0,0.0,-1.50064083416336,0,0,0,0,0,0,-0.3613027720272062,-0.31527962879036825,1.561526144079291,0.0,0.0,0.0
image_2199.png,surface,0.0,0.0,0.8232675311843172,17.7040582519061,8.274117472501526,0.0,2.1290731658674833,0.951465820689234,0.0,0.0,0.0,-0.03710410782509754,0,0,0,0,0,0,0.08453033591138756,-0.014499285689285076,0.22381396868994674,0.0,0.0,0.0
image_2200.png,surface,0.0,0.0,2.4947916021840397,16.735611377027503,-11.2493114814976,0.0,0.9624921929989348,2.0755998023020363,0.0,0.0,0.0,2.8452637336154964,0,0,0,0,0,0,0.4843993222649802,0.8181910575795954,2.7295344983322654,0.0,0.0,0.0
image_2201.png,surface,0.0,0.0,1.1489139406360085,-13.26401715811884,6.125140546537197,0.0,0.5687185802984572,-1.0503465351877457,0.0,0.0,0.0,1.6742563887142579,0,0,0,0,0,0,0.06969951792430606,-0.09268247965233903,0.23308540037707298,0.0,0.0,0.0
image_2202.png,surface,0.0,0.0,1.966019053350365,11.959435369958415,-0.11721906715470348,0.0,-0.6997096470510361,-2.398186709695063,0.0,0.0,0.0,1.7548160439429825,0,0,0,0,0,0,-0.02522076097300341,-0.2268586837948887,0.5398599254350614,0.0,0.0,0.0
image_2203.png,surface,0.0,0.0,1.924410297531665,-23.290019948198385,-0.9607919807380383,0.0,-2.4868168961630537,-0.9084383294236497,0.0,0.0,0.0,1.5651453579370749,0,0,0,0,0,0,-0.32810426370804785,-0.3482424184543892,1.2898276423694177,0.0,0.0,0.0
image_2204.png,surface,0.0,0.0,0.9421754466275696,10.019114093683973,-4.895343379176679,0.0,-2.604142540188698,0.42995518018031426,0.0,0.0,0.0,2.4074903555622917,0,0,0,0,0,0,-0.05285219569577952,-0.012690217820924702,0.15501512228330946,0.0,0.0,0.0
image_2205.png,surface,0.0,0.0,1.5975933748049118,8.157462254002189,-16.001688552948835,0.0,-0.6694514707734952,1.430646864327314,0.0,0.0,0.0,1.9194481095732652,0,0,0,0,0,0,-0.07788119852959632,0.30288987354584074,0.707951517843566,0.0,0.0,0.0
image_2206.png,surface,0.0,0.0,2.5475941690009076,-2.0563977089639125,2.8290723743229593,0.0,0.7687965882264239,1.1819886427214896,0.0,0.0,0.0,1.6216938180883211,0,0,0,0,0,0,0.24105519985734541,0.2747156078742456,0.8298891551602564,0.0,0.0,0.0
image_2207.png,surface,0.0,0.0,2.929949301473732,-6.8753424065738615,-11.159362197860037,0.0,-2.3587710723715816,1.005665522599437,0.0,0.0,0.0,1.148936349380496,0,0,0,0,0,0,-0.5290120055357149,0.18784731504056737,1.5415764883247667,0.0,0.0,0.0
image_2208.png,surface,0.0,0.0,0.5454127171838152,-1.5211666313322971,2.2174689835460493,0.0,1.135125739547067,-2.4236731242885794,0.0,0.0,0.0,1.4739218910446183,0,0,0,0,0,0,0.021230365409931982,-0.024254094255983228,0.014157243953849022,0.0,0.0,0.0
image_2209.png,surface,0.0,0.0,0.8666354575319806,-4.152813581693235,4.0622898516792265,0.0,0.3101405245909556,0.009262083408751018,0.0,0.0,0.0,-2.8463611268162614,0,0,0,0,0,0,0.06056817796304492,-0.020005144419077626,0.07985221510877505,0.0,0.0,0.0
image_2210.png,surface,0.0,0.0,2.043598928182136,0.8560839591402296,14.571157798988157,0.0,-0.18580371583222727,-0.8776005019749287,0.0,0.0,0.0,1.1017672492544328,0,0,0,0,0,0,-0.08859226030415553,-0.2079861731716542,0.6633539663851642,0.0,0.0,0.0
image_2211.png,surface,0.0,0.0,0.5062827657626623,-0.2160365542535914,18.490178464780655,0.0,-2.345900312279896,-0.5427454877994666,0.0,0.0,0.0,1.0065373545737284,0,0,0,0,0,0,0.00415475968237371,-0.03760816132947145,0.08740423388667977,0.0,0.0,0.0
image_2212.png,surface,0.0,0.0,2.394975043580863,15.55668947806273,-16.153366870357303,0.0,-1.5573781895858787,0.531706792262873,0.0,0.0,0.0,1.2484117241809933,0,0,0,0,0,0,-0.1874390153848073,0.3342292214358202,1.9608006176458332,0.0,0.0,0.0
image_2213.png,surface,0.0,0.0,1.957532271960298,15.048365799968126,16.760374181681247,0.0,1.2276194837014465,-1.1201226230237622,0.0,0.0,0.0,1.5425233955477022,0,0,0,0,0,0,0.21382554409286453,-0.15513779487811713,0.692566121811702,0.0,0.0,0.0
image_2214.png,surface,0.0,0.0,2.1821613501037773,-2.8070871125485364,-5.35920633663538,0.0,0.32061539849040427,-2.36685389203572,0.0,0.0,0.0,2.5357941841265186,0,0,0,0,0,0,0.12191556360278429,-0.330346804480069,0.7131097565712303,0.0,0.0,0.0
image_2215.png,surface,0.0,0.0,2.060602235415834,20.207584484473873,14.394570325817064,0.0,1.0661150732085407,-0.39022592184064236,0.0,0.0,0.0,0.9540803015288528,0,0,0,0,0,0,0.27977969074306,-0.010609003221063125,1.0033823837082494,0.0,0.0,0.0
image_2216.png,surface,0.0,0.0,1.9975344748259822,21.131421026815048,-5.021084704187226,0.0,2.492555503402326,-1.4569327442060094,0.0,0.0,0.0,-0.4056245116997479,0,0,0,0,0,0,0.34614474769151254,-0.15969664590638524,0.9465703015830413,0.0,0.0,0.0
image_2217.png,surface,0.0,0.0,0.7560309812678047,-20.30692827640205,-14.600812119614428,0.0,1.467752806696997,2.4538184943141084,0.0,0.0,0.0,-2.535852050786608,0,0,0,0,0,0,0.10745760866412087,0.12959847588435075,0.45975314789557065,0.0,0.0,0.0
image_2218.png,surface,0.0,0.0,1.0880618704699845,-6.899782449186222,-1.7134969903714803,0.0,0.10219704308218341,-1.7580280047852894,0.0,0.0,0.0,2.4726583697439226,0,0,0,0,0,0,0.031256576687396675,-0.09178581123062994,0.16943139467543036,0.0,0.0,0.0
image_2219.png,surface,0.0,0.0,1.6597936058716258,3.922387363963369,-6.2057684649105065,0.0,-1.3735121190559763,0.10778637991485304,0.0,0.0,0.0,-1.5537216994956125,0,0,0,0,0,0,-0.2274190655151957,-0.024960417275890923,0.3652970880773056,0.0,0.0,0.0
image_2220.png,surface,0.0,0.0,1.335976239952991,4.908032678238643,-16.992923321216463,0.0,-2.4708731675518028,-0.4112028838666757,0.0,0.0,0.0,-2.082092291517788,0,0,0,0,0,0,-0.18752271933445208,-0.06667909542277604,0.4543537447598604,0.0,0.0,0.0
image_2221.png,surface,0.0,0.0,2.457651317481689,-8.827041763326672,-13.09111324899254,0.0,-2.9155175940510767,0.07563309735409379,0.0,0.0,0.0,-0.4623136971066275,0,0,0,0,0,0,-0.42654315227042977,-0.05562018488836419,1.2422780599162233,0.0,0.0,0.0
image_2222.png,surface,0.0,0.0,2.188182503583656,10.630067710758173,-22.23117976910491,0.0,-2.7325479448978367,0.4569230301800957,0.0,0.0,0.0,2.771482227582773,0,0,0,0,0,0,-0.5732016033882447,0.17787541832966597,1.3960739621366307,0.0,0.0,0.0
image_2223.png,surface,0.0,0.0,1.2786759410668105,0.05444627144287136,-13.692253891320549,0.0,1.3875193170052893,-0.32968303743459454,0.0,0.0,0.0,1.4913627909102507,0,0,0,0,0,0,0.16521333391909734,-0.06344636979714066,0.40706542374871596,0.0,0.0,0.0
image_2224.png,surface,0.0,0.0,2.877723094839334,-3.024402056321336,14.4799048656897,0.0,-0.9262728041439356,2.6832438313046536,0.0,0.0,0.0,1.3485749092378763,0,0,0,0,0,0,-0.33110695266530926,0.6597261509261896,1.6275158717329417,0.0,0.0,0.0
image_2225.png,surface,0.0,0.0,2.110604839428702,2.6844517548053375,-1.4744798340212733,0.0,-1.7593694676625578,0.1867774753832075,0.0,0.0,0.0,0.5762635394523281,0,0,0,0,0,0,-0.2736084268192416,0.022563009074689777,0.5697509140101751,0.0,0.0,0.0
image_2226.png,surface,0.0,0.0,2.6165629178898557,-22.32860169000231,-8.683673540173341,0.0,-1.0786850043717076,-1.1758408772888358,0.0,0.0,0.0,-0.04475734312927848,0,0,0,0,0,0,0.035167833970803516,-1.060739865651898,2.9504455621105365,0.0,0.0,0.0
image_2227.png,surface,0.0,0.0,2.761463219682477,-2.8455244278332583,21.311022906734436,0.0,1.0929384352826086,-2.766957005906216,0.0,0.0,0.0,-1.335350286034404,0,0,0,0,0,0,0.1623826185311064,-0.5619389536800851,1.508447644271249,0.0,0.0,0.0
image_2228.png,surface,0.0,0.0,0.9940831409481741,-7.845204005892452,-9.415051983653802,0.0,0.2348313367930712,2.0207137884195006,0.0,0.0,0.0,0.9796523623564433,0,0,0,0,0,0,0.012217732868167297,0.07510148617686431,0.20452081604621586,0.0,0.0,0.0
image_2229.png,surface,0.0,0.0,1.4943279840746164,16.054199336975703,5.461647639288875,0.0,-0.7038760884955708,2.1585699422261273,0.0,0.0,0.0,1.4463334298283286,0,0,0,0,0,0,-0.0764932348554846,0.16173538673890273,0.5159042609024291,0.0,0.0,0.0
image_2230.png,surface,0.0,0.0,0.6524223927706805,-5.9035962425103055,6.560930099475729,0.0,-0.7050227318111257,2.2187254793864946,0.0,0.0,0.0,-2.9508302892900744,0,0,0,0,0,0,0.0035886166047754964,0.0017099624112241253,0.04467793959441771,0.0,0.0,0.0
image_2231.png,surface,0.0,0.0,0.8695528559995067,-7.430119545256072,-5.714697278884321,0.0,-2.269699457234163,0.0324485889637496,0.0,0.0,0.0,1.8035348121035542,0,0,0,0,0,0,-0.04754688717828683,-0.003563077149422905,0.12219666575496316,0.0,0.0,0.0
image_2232.png,surface,0.0,0.0,1.9686656011931796,-20.31440932450023,-3.7840468688515108,0.0,-0.22057473735762728,0.06544452718839684,0.0,0.0,0.0,0.6652138682342015,0,0,0,0,0,0,0.040441182798431834,-0.22472870301770614,1.143708807138496,0.0,0.0,0.0
image_2233.png,surface,0.0,0.0,1.7928330107397301,-11.796840666286025,-11.13850866149653,0.0,-0.9241309224603815,-2.785468552689852,0.0,0.0,0.0,-1.4990612289285001,0,0,0,0,0,0,-0.0066978378615851685,-0.3843356820819205,0.9202431870379507,0.0,0.0,0.0
image_2234.png,surface,0.0,0.0,1.5938086051311977,-15.276846049147913,11.644032936400855,0.0,0.9684093007761307,2.5157015863318124,0.0,0.0,0.0,2.152272045142512,0,0,0,0,0,0,0.07705024659312128,0.17119759824167474,0.4527794770962224,0.0,0.0,0.0
image_2235.png,surface,0.0,0.0,2.2924059741746743,2.5172521962671213,-1.6774286044862685,0.0,-1.5259755378003959,-0.8390931338915748,0.0,0.0,0.0,0.5893720425630864,0,0,0,0,0,0,-0.2773903234531972,-0.16715000552403017,0.7199427481325517,0.0,0.0,0.0
image_2236.png,surface,0.0,0.0,1.1647663847616263,-3.688932751129461,16.37388339223174,0.0,-0.13238583410944035,1.0104123631588138,0.0,0.0,0.0,-2.8668880454686327,0,0,0,0,0,0,-0.00821972785512874,0.08250765271968237,0.23037899979788273,0.0,0.0,0.0
image_2237.png,surface,0.0,0.0,1.5361177435506006,10.694544933693868,6.038270596010267,0.0,0.9969918471971951,-0.7227446823503586,0.0,0.0,0.0,0.8598301027450557,0,0,0,0,0,0,0.13941729852853474,-0.07919469886684162,0.31806905816817305,0.0,0.0,0.0
image_2238.png,surface,0.0,0.0,2.8455406767767997,5.1907154894078715,-18.487513266549275,0.0,0.08116068260851705,-2.977596759731888,0.0,0.0,0.0,0.8699213356375397,0,0,0,0,0,0,0.4817968903760209,-0.7996253019427345,2.6420900703775767,0.0,0.0,0.0
image_2239.png,surface,0.0,0.0,1.9177258408878366,11.806904639476022,4.204371166440641,0.0,0.7739004729552853,-2.517811388224455,0.0,0.0,0.0,1.4044855948012485,0,0,0,0,0,0,0.08618158655438228,-0.17458763411673286,0.49056860003486286,0.0,0.0,0.0
image_2240.png,surface,0.0,0.0,2.203583747703277,-5.958766607674816,-0.26981590068895484,0.0,-0.44865883523592814,0.6202015482774903,0.0,0.0,0.0,0.8628086544667215,0,0,0,0,0,0,-0.06704229799557937,0.06192203348023527,0.6479953663986392,0.0,0.0,0.0
image_2241.png,surface,0.0,0.0,2.363742921559033,-5.902121625825842,-10.65441444005412,0.0,0.9364168303149263,0.794221810422335,0.0,0.0,0.0,-2.733836891684886,0,0,0,0,0,0,0.3969758734758659,0.09533473045760484,1.1584600300973489,0.0,0.0,0.0
image_2242.png,surface,0.0,0.0,1.6167858589478072,2.9497883636440196,-1.4439813506066934,0.0,0.44428031756036596,1.4862024990751233,0.0,0.0,0.0,2.4987068915303414,0,0,0,0,0,0,0.038561648656405545,0.12200668324721398,0.30386715413876003,0.0,0.0,0.0
image_2243.png,surface,0.0,0.0,1.577023634790547,-10.560428692732776,1.9857016874418392,0.0,1.5465718446957721,1.276522949329841,0.0,0.0,0.0,-2.6370710364092584,0,0,0,0,0,0,0.14727025089521917,0.06640694869127485,0.33206999185754715,0.0,0.0,0.0
image_2244.png,surface,0.0,0.0,1.6755108431597363,14.921303803251032,15.051331149529211,0.0,1.7645236159289879,-0.1588047635233052,0.0,0.0,0.0,-0.27279756156808554,0,0,0,0,0,0,0.18881784771895732,-0.02099619899044026,0.5590994859881152,0.0,0.0,0.0
image_2245.png,surface,0.0,0.0,2.6550492490129964,11.186673095468372,-20.3420240181877,0.0,-0.7868538678449764,-1.8793327226552665,0.0,0.0,0.0,-1.1880548135381481,0,0,0,0,0,0,0.17260971928771882,-0.4308995159110232,2.1844180820032975,0.0,0.0,0.0
image_2246.png,surface,0.0,0.0,1.4090390390519845,3.5628960333631596,21.917223370752986,0.0,-1.611173821170408,-2.2842310761515647,0.0,0.0,0.0,0.6511880395021028,0,0,0,0,0,0,-0.050118881267375404,-0.14686012955349753,0.45595480846883696,0.0,0.0,0.0
image_2247.png,surface,0.0,0.0,2.713205159057574,1.0855657932753937,11.273726140229293,0.0,0.6232190389866223,0.5538994799871547,0.0,0.0,0.0,-2.934351222386046,0,0,0,0,0,0,0.13634308074157672,0.11199073966647431,1.0659466835661255,0.0,0.0,0.0
image_2248.png,surface,0.0,0.0,0.602292081007129,-13.370471772417439,15.192672294870963,0.0,0.6634707117907673,0.394070295521176,0.0,0.0,0.0,1.6809980762227825,0,0,0,0,0,0,0.059463285827732325,-0.014011623916074911,0.12808063071054548,0.0,0.0,0.0
image_2249.png,surface,0.0,0.0,1.1320878996885941,-0.6346141484834908,8.707915037782287,0.0,0.8878022964025797,1.1316189671573618,0.0,0.0,0.0,-1.9857683409834361,0,0,0,0,0,0,0.0611601931705333,0.04035479828439081,0.13712876201985058,0.0,0.0,0.0
image_2250.png,surface,0.0,0.0,2.743472044606474,9.239807764050049,4.608209645197565,0.0,-1.3770709483526304,-2.170654553983578,0.0,0.0,0.0,-0.36890887644905446,0,0,0,0,0,0,-0.28272454788056733,-0.3921980483480641,1.1908117888360488,0.0,0.0,0.0
image_2251.png,surface,0.0,0.0,2.8319274692594503,13.760282742075267,15.140838957674667,0.0,-2.2309475143365267,-1.8437114313429182,0.0,0.0,0.0,-1.3060725342302135,0,0,0,0,0,0,-0.748194602405853,-0.2494106811521189,2.070990422085363,0.0,0.0,0.0
image_2252.png,surface,0.0,0.0,1.0191872964940942,12.061425006777899,-11.472120180998285,0.0,0.2459581894727196,-2.2848219777538996,0.0,0.0,0.0,0.381349004792634,0,0,0,0,0,0,0.059515030087512806,-0.13185902416855425,0.3006069686225742,0.0,0.0,0.0
image_2253.png,surface,0.0,0.0,1.0428994091873072,1.0762127750936301,-16.84795410602516,0.0,-1.2767014053263714,-1.8030042175833012,0.0,0.0,0.0,2.883571622285765,0,0,0,0,0,0,-0.04193111310211126,-0.14848829063502192,0.34219443098794966,0.0,0.0,0.0
image_2254.png,surface,0.0,0.0,2.3856147814851454,-6.892406063959534,12.559894746115422,0.0,2.4594519229354246,-1.4370518084339186,0.0,0.0,0.0,1.6179948153716772,0,0,0,0,0,0,0.28291630601975354,-0.20618182461077667,0.8254521766529546,0.0,0.0,0.0
image_2255.png,surface,0.0,0.0,1.4036635985519532,1.8055338838121817,-14.519907261383993,0.0,-0.382848198617565,0.8499654341509657,0.0,0.0,0.0,2.2439449170382098,0,0,0,0,0,0,-0.005944502314781175,0.1714571601532221,0.4510288021341065,0.0,0.0,0.0
image_2256.png,surface,0.0,0.0,1.0141396965397305,14.26469925185508,8.683729979459196,0.0,-2.691061026764409,-0.9764388424286302,0.0,0.0,0.0,2.2765822732217407,0,0,0,0,0,0,-0.06571825370119644,-0.04379045413178139,0.22093339381605612,0.0,0.0,0.0
image_2257.png,surface,0.0,0.0,1.0680884810153197,23.230361186509043,1.4222347633394714,0.0,-0.9469873550499862,-2.4524203115341376,0.0,0.0,0.0,2.866149143764537,0,0,0,0,0,0,-0.015571978413937437,-0.14501959963525263,0.35417672926182203,0.0,0.0,0.0
image_2258.png,surface,0.0,0.0,1.26046064582742,-5.927185435503551,7.641616988084944,0.0,1.8577656826750035,0.17040464374775635,0.0,0.0,0.0,0.9155876767602527,0,0,0,0,0,0,0.09858499000176203,-0.05615503973640122,0.20352936236869107,0.0,0.0,0.0
image_2259.png,surface,0.0,0.0,2.582469864450258,17.59765288829845,4.4082685744608145,0.0,1.8505037970857152,1.8270516588877967,0.0,0.0,0.0,0.11170520078405577,0,0,0,0,0,0,0.3780192117162879,0.5518333432571747,1.7162554418789904,0.0,0.0,0.0
image_2260.png,surface,0.0,0.0,1.6409441471198392,1.6323835943411729,-0.9258252172428914,0.0,-2.551716525805685,-0.9802981236472751,0.0,0.0,0.0,-2.20211171666066,0,0,0,0,0,0,-0.14425843059799703,-0.06793757741815724,0.31781002972990074,0.0,0.0,0.0
image_2261.png,surface,0.0,0.0,0.8177215301992506,12.275404258988393,17.127047678011124,0.0,1.7395597525408832,-0.7924657451119196,0.0,0.0,0.0,1.277115019510763,0,0,0,0,0,0,0.07714155999273388,-0.05439945735284449,0.20499644585097448,0.0,0.0,0.0
image_2262.png,surface,0.0,0.0,1.4288401944878346,-15.174462895976193,-17.047654822281554,0.0,-1.6821075849267653,1.9803236496716028,0.0,0.0,0.0,-0.35710636584002975,0,0,0,0,0,0,-0.14566313506203776,0.1754308170536381,0.681066152353923,0.0,0.0,0.0
image_2263.png,surface,0.0,0.0,1.3079194823070086,11.293721592401454,19.965406008107795,0.0,2.6476070015160396,1.085385143021194,0.0,0.0,0.0,-1.5003299327404043,0,0,0,0,0,0,0.14631146019928692,0.008051138565450885,0.3932654603993811,0.0,0.0,0.0
image_2264.png,surface,0.0,0.0,0.6902542602218003,-20.533175913595628,-3.09269552037657,0.0,1.2622326680582237,-0.31901428561514367,0.0,0.0,0.0,0.0617057413173292,0,0,0,0,0,0,0.07937873828324275,-0.04561210682009558,0.2911055375462922,0.0,0.0,0.0
image_2265.png,surface,0.0,0.0,2.5582288393279007,-6.681275707166078,11.761544682979856,0.0,-0.5121220430394717,1.0222786546721674,0.0,0.0,0.0,0.819530230697104,0,0,0,0,0,0,-0.15834200059824866,0.19002763509756512,1.0945246659196528,0.0,0.0,0.0
image_2266.png,surface,0.0,0.0,2.328376370601573,-2.280569658128058,6.889114324187633,0.0,1.0605937628711146,-1.1214279978926731,0.0,0.0,0.0,2.036453423039509,0,0,0,0,0,0,0.24763585218942757,-0.2222589321017706,0.6669535684756379,0.0,0.0,0.0
image_2267.png,surface,0.0,0.0,1.5889052462721585,12.981397860980845,3.854875307524615,0.0,0.5765143512252714,-0.9306424677729127,0.0,0.0,0.0,-0.7245234778971064,0,0,0,0,0,0,0.12155639756430793,-0.14307367184989456,0.3603867127690231,0.0,0.0,0.0
image_2268.png,surface,0.0,0.0,2.253857140457707,-10.843367076074449,20.539361627381865,0.0,0.2228342450207001,-1.2453507587107964,0.0,0.0,0.0,-2.232717006563072,0,0,0,0,0,0,-0.05850449513180019,-0.3937711508422909,1.28493736409514,0.0,0.0,0.0
image_2269.png,surface,0.0,0.0,1.3467735217836336,0.29349136201945136,11.96662920374749,0.0,1.8307265281231337,-0.33767173431864994,0.0,0.0,0.0,-0.767248188033272,0,0,0,0,0,0,0.09424912541015655,-0.05893943115118195,0.2253994013724757,0.0,0.0,0.0
image_2270.png,surface,0.0,0.0,2.839590035749404,-13.872602586954311,-15.852475427757152,0.0,1.2944439068385996,-0.4563493665352494,0.0,0.0,0.0,-0.007415665816718153,0,0,0,0,0,0,1.0636078254577401,-0.7730650394302155,3.8952741207465773,0.0,0.0,0.0
image_2271.png,surface,0.0,0.0,1.7519542909217563,14.255922933870385,6.6349850494571605,0.0,-2.958633127501831,0.3825812417524697,0.0,0.0,0.0,2.474273990357614,0,0,0,0,0,0,-0.24441857674307668,0.05063187687917207,0.6442439200512466,0.0,0.0,0.0
image_2272.png,surface,0.0,0.0,0.7780073114363293,-3.1403051635550407,-7.633768724968047,0.0,-0.9182462782028203,2.259137365384411,0.0,0.0,0.0,-2.4653709405045072,0,0,0,0,0,0,-0.02805147636099433,0.04286546986517618,0.0938576148057054,0.0,0.0,0.0
image_2273.png,surface,0.0,0.0,1.6879548357108596,-10.049627524888152,4.218643527384342,0.0,1.6403136162276517,-2.4112112388997686,0.0,0.0,0.0,-2.140620615603976,0,0,0,0,0,0,0.10213099368671845,-0.14761521875072614,0.40770182982550557,0.0,0.0,0.0
image_2274.png,surface,0.0,0.0,1.400326984883699,19.00845211031944,11.74197435892082,0.0,1.784025304237341,1.705744811476046,0.0,0.0,0.0,2.3219425500211903,0,0,0,0,0,0,0.13185046148063628,0.12332022382989302,0.543691759918469,0.0,0.0,0.0
image_2275.png,surface,0.0,0.0,0.5852604749510979,-23.180573734320376,8.212483097985963,0.0,-0.18557464628095194,-1.159200066067325,0.0,0.0,0.0,0.17439479427250326,0,0,0,0,0,0,0.020600302952604975,-0.09913849228864438,0.2988428956377885,0.0,0.0,0.0
image_2276.png,surface,0.0,0.0,1.3742744940477352,-0.8659159521900183,-18.2127307519915,0.0,-2.947035589063235,-0.12402292747617252,0.0,0.0,0.0,-1.954271340304755,0,0,0,0,0,0,-0.2156548558651041,-0.011183185631455763,0.48583463202505894,0.0,0.0,0.0
image_2277.png,surface,0.0,0.0,2.940852044482421,-6.976030302972341,19.22090365737726,0.0,2.9027649488881018,0.45428920635808145,0.0,0.0,0.0,-0.5388305742886645,0,0,0,0,0,0,0.45029985506964404,0.01313855203177918,1.4158762396417925,0.0,0.0,0.0
image_2278.png,surface,0.0,0.0,1.1491234134603283,14.675926671828254,11.002811739466008,0.0,1.5748026654271037,1.7869088418379557,0.0,0.0,0.0,-1.082457807746617,0,0,0,0,0,0,0.06626004653889775,0.056494829875154036,0.2794157627673651,0.0,0.0,0.0
image_2279.png,surface,0.0,0.0,2.310006927030832,9.806133622825485,-6.905597757369168,0.0,1.524173765207816,-0.894559603636015,0.0,0.0,0.0,-0.5009574272314583,0,0,0,0,0,0,0.35784199418188783,-0.11253817933446518,1.0036235481162972,0.0,0.0,0.0
image_2280.png,surface,0.0,0.0,0.8853496138936499,14.494119917219644,-18.08893759252782,0.0,1.1513689117692338,1.701485034867039,0.0,0.0,0.0,-0.03765409166456024,0,0,0,0,0,0,0.11727227723248286,0.11445736437742142,0.5815992320573551,0.0,0.0,0.0
image_2281.png,surface,0.0,0.0,0.9233012112496268,-23.26581252915143,-0.7386244313177308,0.0,-1.3193865429525238,2.5840539813642893,0.0,0.0,0.0,1.2355427349248576,0,0,0,0,0,0,-0.06658573099751625,0.1049007667249957,0.3453385003076687,0.0,0.0,0.0
image_2282.png,surface,0.0,0.0,1.2412274254013047,3.5879076830167644,-12.255054145599239,0.0,0.20422647520002166,-1.0789055621529873,0.0,0.0,0.0,-0.09047975144641551,0,0,0,0,0,0,0.06769062313282864,-0.1502784812734517,0.372844640847654,0.0,0.0,0.0
image_2283.png,surface,0.0,0.0,0.5365368012888878,-11.759814981615818,11.58716591809796,0.0,2.9202913565326516,0.18002253806462645,0.0,0.0,0.0,-2.0586545767537268,0,0,0,0,0,0,0.04252008452961227,-0.01694388696531297,0.07201437184725945,0.0,0.0,0.0
image_2284.png,surface,0.0,0.0,1.7091134104047012,-0.9565518846045715,-3.3647401686268172,0.0,-2.228164364140379,0.5730891653869401,0.0,0.0,0.0,0.8700391517438884,0,0,0,0,0,0,-0.16593470977603736,0.027371983399539977,0.36938348499142926,0.0,0.0,0.0
image_2285.png,surface,0.0,0.0,2.924563759327654,-16.11353196657298,6.458630219097922,0.0,1.3737007669998231,0.23077052849264434,0.0,0.0,0.0,-1.512313224308281,0,0,0,0,0,0,0.4176948838479676,-0.16836129444458453,1.8019268648337794,0.0,0.0,0.0
image_2286.png,surface,0.0,0.0,1.2038272786122888,-21.29112670785747,-11.443363020761401,0.0,-1.8319462300770881,0.3920786535725605,0.0,0.0,0.0,1.8300716216162254,0,0,0,0,0,0,-0.25071159186637904,0.019873003809562573,0.6024420893231633,0.0,0.0,0.0
image_2287.png,surface,0.0,0.0,2.1745689051602346,-7.839235419398577,1.0694426567734496,0.0,-1.2107607993338287,2.5072338492359454,0.0,0.0,0.0,-1.2330372516324475,0,0,0,0,0,0,-0.1254067792479733,0.2287967460677756,0.6061265455572095,0.0,0.0,0.0
image_2288.png,surface,0.0,0.0,2.610702786028407,3.9118780036461893,10.98860411042022,0.0,-1.6892580898383491,0.6675920459606275,0.0,0.0,0.0,-2.3330694331468176,0,0,0,0,0,0,-0.5238832362574736,0.1804175519603359,1.3876488388814465,0.0,0.0,0.0
image_2289.png,surface,0.0,0.0,2.8486400447810487,12.1103438327623,18.270347072779657,0.0,-0.7725417022437411,0.05002921775953087,0.0,0.0,0.0,2.770628189875273,0,0,0,0,0,0,-0.6639123345634131,0.17842285799765675,2.528108625522649,0.0,0.0,0.0
image_2290.png,surface,0.0,0.0,0.5633158305114077,-7.922352918155608,-5.6444291566291875,0.0,0.6108124924619723,0.34780590781711374,0.0,0.0,0.0,-1.990925503289247,0,0,0,0,0,0,0.034132948775193905,-0.00417344091718276,0.06357361756562718,0.0,0.0,0.0
image_2291.png,surface,0.0,0.0,2.6127960615275394,-13.482717399061416,17.587237811952665,0.0,-0.2430127790349167,-0.8406669125759861,0.0,0.0,0.0,0.11818003131950583,0,0,0,0,0,0,-0.26871402860000543,-0.5162403262228071,1.9137199659860635,0.0,0.0,0.0
image_2292.png,surface,0.0,0.0,0.70349896567599,13.087084395664359,14.190039026570986,0.0,-0.8554223425419123,-0.9959066487149747,0.0,0.0,0.0,-1.360780577063636,0,0,0,0,0,0,-0.012249692558031888,-0.042176450972705025,0.14394165654716834,0.0,0.0,0.0
image_2293.png,surface,0.0,0.0,1.2834666785074584,2.999879393253644,20.099419035415536,0.0,-0.04107502377944665,2.7141568643096883,0.0,0.0,0.0,1.4009585312552835,0,0,0,0,0,0,-0.00809949854563874,0.11967377224827623,0.3588861342300664,0.0,0.0,0.0
image_2294.png,surface,0.0,0.0,2.3566302759208333,6.354082094078627,17.01174762769533,0.0,0.4504732222781733,-1.1802487699718038,0.0,0.0,0.0,0.4908095549471332,0,0,0,0,0,0,0.04779799902722126,-0.23463924873133288,0.9012581889156129,0.0,0.0,0.0
image_2295.png,surface,0.0,0.0,1.4205989665994088,9.944527940096952,-17.138447223352543,0.0,-0.8804536191225422,2.2386392564377613,0.0,0.0,0.0,2.229935162767328,0,0,0,0,0,0,-0.0948259217177099,0.25399784802528313,0.6794137295580476,0.0,0.0,0.0
image_2296.png,surface,0.0,0.0,0.6412890627329508,16.713981608695335,3.655356852731812,0.0,1.967459368066748,1.0201736047367431,0.0,0.0,0.0,0.01665392691966927,0,0,0,0,0,0,0.06948036576523574,-0.0013166867876675536,0.13619090043300275,0.0,0.0,0.0
image_2297.png,surface,0.0,0.0,2.358112528437359,-19.302340086482488,6.765161434929028,0.0,1.8280152442659434,-0.2390167290198674,0.0,0.0,0.0,-2.8399649573518118,0,0,0,0,0,0,0.4338056113196191,-0.1787154550615829,1.2819228089945576,0.0,0.0,0.0
image_2298.png,surface,0.0,0.0,1.8919151892088668,-2.6683702421115068,23.15971617852901,0.0,-1.6973566894802379,0.31959616023302684,0.0,0.0,0.0,-2.0806214736402433,0,0,0,0,0,0,-0.35157180740848915,0.05769825328323725,1.0301069729258616,0.0,0.0,0.0
image_2299.png,surface,0.0,0.0,1.6631506030396155,-4.793872819246828,-6.546306145314128,0.0,2.24430727962967,-0.33901422910975815,0.0,0.0,0.0,-0.8368289287314901,0,0,0,0,0,0,0.17964085105788993,-0.05870346577704799,0.4233105262351907,0.0,0.0,0.0
image_2300.png,surface,0.0,0.0,1.5338922227618776,-10.268874751629353,3.223724793346773,0.0,0.8764637449262652,1.6946706730319634,0.0,0.0,0.0,2.1292622679150632,0,0,0,0,0,0,0.07750681359118428,0.1342831751121572,0.3043628809775227,0.0,0.0,0.0
image_2301.png,surface,0.0,0.0,2.0703891772039524,2.5664025550876643,-6.256235715938888,0.0,0.010326148340170548,-1.0990057662532173,0.0,0.0,0.0,-0.8591901706770475,0,0,0,0,0,0,0.05961851860707381,-0.23001432739830724,0.6252187278609008,0.0,0.0,0.0
image_2302.png,surface,0.0,0.0,2.7926240531462247,17.7006922024504,6.797983828641198,0.0,-1.7965535477566095,0.3697264639836514,0.0,0.0,0.0,-0.9620518881078866,0,0,0,0,0,0,-0.6061703063183785,0.4008013458889889,2.564377072888326,0.0,0.0,0.0
image_2303.png,surface,0.0,0.0,1.5511491773764634,1.2900983774919832,-24.532323756743597,0.0,1.7319772444527295,-2.118858962732609,0.0,0.0,0.0,-0.7044984289267306,0,0,0,0,0,0,0.4490610366148998,-0.3495103390647359,1.4837774185295898,0.0,0.0,0.0
image_2304.png,surface,0.0,0.0,1.4690352016855683,-10.676707323403523,19.32895937834813,0.0,1.9577983175894524,1.2224867130738937,0.0,0.0,0.0,0.5364456130850752,0,0,0,0,0,0,0.152155517774494,0.051860469927162964,0.46464342616985016,0.0,0.0,0.0
image_2305.png,surface,0.0,0.0,1.4031670739170183,2.0829671128659633,12.789433341267435,0.0,-0.3873663360275898,0.9601389559551157,0.0,0.0,0.0,-1.2057196307689642,0,0,0,0,0,0,-0.05327223733399753,0.1093982667559891,0.2865926369105311,0.0,0.0,0.0
image_2306.png,surface,0.0,0.0,0.9979767870012899,3.4407016335177225,-15.267293216826085,0.0,0.047914867013692665,-0.7383314497176756,0.0,0.0,0.0,-2.54262243858427,0,0,0,0,0,0,0.038150738358148854,-0.13610010849298879,0.3036661837987214,0.0,0.0,0.0
image_2307.png,surface,0.0,0.0,2.581907994532153,10.142907016616789,10.785236658609175,0.0,0.38434205257429305,1.6608911131595854,0.0,0.0,0.0,-1.6279287646380154,0,0,0,0,0,0,0.07188495195503458,0.5100533141130149,1.3386634349988633,0.0,0.0,0.0
image_2308.png,surface,0.0,0.0,1.0754039441363026,-2.2496330762902663,8.4091437407736,0.0,0.5783364124684793,1.9750961728408467,0.0,0.0,0.0,0.31088760989534503,0,0,0,0,0,0,0.01783198505434932,0.030397059495937413,0.12656888715269746,0.0,0.0,0.0
image_2309.png,surface,0.0,0.0,1.8860289636647773,23.535717111820833,3.04410034411596,0.0,-1.8173267490089016,-1.0208492209435642,0.0,0.0,0.0,-2.2722258845075483,0,0,0,0,0,0,-0.37746219997865166,-0.06959720054956613,1.010300229413144,0.0,0.0,0.0
image_2310.png,surface,0.0,0.0,2.453353492037473,10.399987697449204,10.589980666673249,0.0,0.19335451832782144,-0.16708850628337152,0.0,0.0,0.0,-0.10923257115059481,0,0,0,0,0,0,-0.01893839907965573,0.022798974448823728,1.0496010959096325,0.0,0.0,0.0
image_2311.png,surface,0.0,0.0,0.56448620249765,4.101544254506833,-21.666295107181714,0.0,1.1021417101680149,1.9442734313047354,0.0,0.0,0.0,-1.1120059679898544,0,0,0,0,0,0,0.05608469004206572,0.08853892768254658,0.354913620508631,0.0,0.0,0.0
image_2312.png,surface,0.0,0.0,1.7587852648097617,5.445669588242356,-19.36756945930204,0.0,-0.6157961414054698,2.9168456926617274,0.0,0.0,0.0,1.9844916521053175,0,0,0,0,0,0,-0.06850331238938118,0.400957083035917,0.9774170157752297,0.0,0.0,0.0
image_2313.png,surface,0.0,0.0,1.5055458858474566,17.407168619297323,-5.471831442061827,0.0,1.0839854881686022,0.07820995401557541,0.0,0.0,0.0,2.007337907764353,0,0,0,0,0,0,0.2047520359513583,0.0316335180563994,0.6260895993344029,0.0,0.0,0.0
image_2314.png,surface,0.0,0.0,0.6819576247308219,-3.30573177962047,0.07976007638990862,0.0,1.4400209391332117,-2.0636688300957884,0.0,0.0,0.0,-2.4728498431076735,0,0,0,0,0,0,0.02177824580760763,-0.038787988200141295,0.04411075663475244,0.0,0.0,0.0
image_2315.png,surface,0.0,0.0,2.5468108964474396,7.92776868960501,12.205472943576893,0.0,-0.31530804139759516,-1.054742378310523,0.0,0.0,0.0,1.604310902438824,0,0,0,0,0,0,-0.16408713532387542,-0.20188725480153827,1.058845731551419,0.0,0.0,0.0
image_2316.png,surface,0.0,0.0,1.5074656157643302,6.635013934156805,-16.610077733413267,0.0,2.030327250084809,-0.024796173777141144,0.0,0.0,0.0,0.8094307863384751,0,0,0,0,0,0,0.2656580734929699,-0.05941450810443834,0.7392961918782941,0.0,0.0,0.0
image_2317.png,surface,0.0,0.0,1.4317567703406393,-0.07265740849561511,-7.208257468784233,0.0,-1.8130914999211865,-1.4821693650735837,0.0,0.0,0.0,-2.3637922328026013,0,0,0,0,0,0,-0.10046300225379505,-0.11918925668005459,0.29574571939741173,0.0,0.0,0.0
image_2318.png,surface,0.0,0.0,2.183542106387592,-6.615075248783359,-8.518615906164953,0.0,1.393189412863985,-1.8203159953742358,0.0,0.0,0.0,0.04944693083218343,0,0,0,0,0,0,0.2954490701165844,-0.29249795846898136,1.017981762410184,0.0,0.0,0.0
image_2319.png,surface,0.0,0.0,1.6086909321191194,-0.9232945888159935,4.542822063371221,0.0,0.7003137577343415,-0.5350591611834159,0.0,0.0,0.0,1.362547730223664,0,0,0,0,0,0,0.1301489884678547,-0.11670375473917673,0.27987129553811985,0.0,0.0,0.0
image_2320.png,surface,0.0,0.0,1.4302102885669394,11.273108846337653,8.72986333130962,0.0,-2.0967894418576574,-0.6679171496254217,0.0,0.0,0.0,0.9299317248972656,0,0,0,0,0,0,-0.1208745908472008,-0.043743261056954585,0.32269137598906705,0.0,0.0,0.0
image_2321.png,surface,0.0,0.0,1.906104032704401,-13.323678075217991,-13.12709121167195,0.0,-1.4035579955398503,0.5506953147966277,0.0,0.0,0.0,-1.4347106339931486,0,0,0,0,0,0,-0.2769855007149145,-0.010755301753026192,0.8340045811234967,0.0,0.0,0.0
image_2322.png,surface,0.0,0.0,1.4030895283532216,-18.463700087186474,11.36358931971305,0.0,0.4077409480415098,1.2953665636791165,0.0,0.0,0.0,-1.6508192645962163,0,0,0,0,0,0,0.0465865745923606,0.14705834046776997,0.4538580179210978,0.0,0.0,0.0
image_2323.png,surface,0.0,0.0,2.3840919622999244,-1.5124373810712015,-18.787587949401434,0.0,0.47022665030326816,2.640810641954541,0.0,0.0,0.0,0.7964546853426491,0,0,0,0,0,0,0.36703116596290364,0.5670767064262292,1.756087763274692,0.0,0.0,0.0
image_2324.png,surface,0.0,0.0,2.39571298426349,7.789717358509728,0.09054655980101886,0.0,-0.9881097567634992,-1.4960916397918762,0.0,0.0,0.0,-2.3208201252838467,0,0,0,0,0,0,-0.19467864608409377,-0.2781984567964627,0.7490678164117391,0.0,0.0,0.0
image_2325.png,surface,0.0,0.0,2.3876014408427926,-13.959769599044998,-4.454489746067888,0.0,0.7144456743511038,-1.1856442017888105,0.0,0.0,0.0,-0.359271178216229,0,0,0,0,0,0,0.3155699777212231,-0.5201101583586042,1.5932973218356563,0.0,0.0,0.0
image_2326.png,surface,0.0,0.0,2.475864422448881,19.374303001734617,-12.536617829891105,0.0,0.010803243741834608,2.141099630042883,0.0,0.0,0.0,-0.20721147501275716,0,0,0,0,0,0,0.421164793033247,1.0672289134405823,3.420055188683127,0.0,0.0,0.0
image_2327.png,surface,0.0,0.0,1.8586813906159514,4.450722669281002,11.117975646536502,0.0,-0.7287916455959084,-1.8670705696092937,0.0,0.0,0.0,-1.6597194905914885,0,0,0,0,0,0,-0.03753589480075751,-0.18301002487082121,0.4503745320270909,0.0,0.0,0.0
image_2328.png,surface,0.0,0.0,2.5501692061179853,15.768373240162411,13.986483688822569,0.0,0.3188125711116229,-1.5677147682289854,0.0,0.0,0.0,-2.421961109706088,0,0,0,0,0,0,0.07530007310054619,-0.28647769522357647,1.106341721913938,0.0,0.0,0.0
image_2329.png,surface,0.0,0.0,1.171208938998089,-12.084990725592782,-5.854258619477805,0.0,-1.2248513650303066,-1.0765867077929148,0.0,0.0,0.0,2.498689407092076,0,0,0,0,0,0,-0.08626376861403395,-0.12562324588144064,0.3154385797174423,0.0,0.0,0.0
image_2330.png,surface,0.0,0.0,2.7859854020880443,-16.09543873526349,-7.130688298707274,0.0,1.8147563637084583,-2.3488409557956396,0.0,0.0,0.0,0.18730155651386982,0,0,0,0,0,0,0.7086741630535142,-1.0620282365946705,3.089115096737354,0.0,0.0,0.0
image_2331.png,surface,0.0,0.0,1.505090845982457,-13.741787651242005,9.025863745207442,0.0,-1.2023571054089217,1.7267270021801393,0.0,0.0,0.0,-0.3580956143540517,0,0,0,0,0,0,-0.09617736003197656,0.08764225926083748,0.3779582194997542,0.0,0.0,0.0
image_2332.png,surface,0.0,0.0,1.8255394197022177,9.620553520288881,-20.364956443034373,0.0,-0.5003850378206449,0.3678361315247053,0.0,0.0,0.0,-2.895315778930444,0,0,0,0,0,0,0.13121431146333526,0.07202135149316896,1.2996751890313234,0.0,0.0,0.0
image_2333.png,surface,0.0,0.0,0.9156128932903008,-6.297757626791658,-6.510254620232873,0.0,2.646846330597996,-0.4340693036895831,0.0,0.0,0.0,-0.7702030672265372,0,0,0,0,0,0,0.0507519875046892,-0.03571414592642285,0.15829763783727743,0.0,0.0,0.0
image_2334.png,surface,0.0,0.0,0.5876099936461814,3.0250353651635766,20.93758167374688,0.0,-2.016293768295592,-1.6077232533792656,0.0,0.0,0.0,0.3247238746564314,0,0,0,0,0,0,-0.03154573578617022,-0.026753754119309036,0.12507054161751896,0.0,0.0,0.0
image_2335.png,surface,0.0,0.0,0.7293871115108113,-13.967042680245356,-0.06334701068423625,0.0,1.9613858550043928,0.2675244690915643,0.0,0.0,0.0,-0.26531719207825644,0,0,0,0,0,0,0.060224230824503996,-0.026753754119309036,0.13573313465846967,0.0,0.0,0.0
image_2336.png,surface,0.0,0.0,0.5054455814887722,16.560534068546023,2.156682152747892,0.0,-0.7270528885354451,-2.071767094357643,0.0,0.0,0.0,1.0709786388712184,0,0,0,0,0,0,-0.0010227100756613483,-0.049334067321435325,0.10627311581255074,0.0,0.0,0.0
image_2337.png,surface,0.0,0.0,2.4265645294177274,-4.194465382717906,1.6703592334702673,0.0,-0.6317895210682557,-2.7415918392752836,0.0,0.0,0.0,-0.38658097286074167,0,0,0,0,0,0,-0.028736326858088912,-0.36896961691831653,0.9481334042277884,0.0,0.0,0.0
image_2338.png,surface,0.0,0.0,2.399080556006097,1.4593145488873314,-16.07217988152062,0.0,0.8224080811368571,0.3978047534991632,0.0,0.0,0.0,2.3142954058937173,0,0,0,0,0,0,0.5205594285115738,0.09362948735386337,1.716085733591846,0.0,0.0,0.0
image_2339.png,surface,0.0,0.0,1.5418915612316326,0.15562847226775442,2.0716923779798453,0.0,-0.6282797943631915,-2.1372970450827773,0.0,0.0,0.0,-1.2137805701324353,0,0,0,0,0,0,-0.008441923794186039,-0.13147518715996306,0.24804205968352075,0.0,0.0,0.0
image_2340.png,surface,0.0,0.0,2.0215846497209764,-5.032694180376758,19.233499482677754,0.0,-1.5794141806289343,-0.2869982600519425,0.0,0.0,0.0,-1.2691280451617484,0,0,0,0,0,0,-0.3304357991781563,-0.07956280485049057,0.928616951206237,0.0,0.0,0.0
image_2341.png,surface,0.0,0.0,0.8751107066214145,8.961173057783164,-3.3895884210200404,0.0,0.0942577762181226,-2.669594281431883,0.0,0.0,0.0,-1.2603085076911946,0,0,0,0,0,0,0.00938701748017634,-0.039722411081711824,0.1177686192627735,0.0,0.0,0.0
image_2342.png,surface,0.0,0.0,2.61137370866985,-10.514928001236564,21.80524938142538,0.0,2.3612292817847806,0.18651426376195313,0.0,0.0,0.0,-1.523015355118728,0,0,0,0,0,0,0.40926056950374917,-0.037277809805683876,1.2458151379009077,0.0,0.0,0.0
image_2343.png,surface,0.0,0.0,2.0526652689700335,15.025529226779724,-13.05219964061508,0.0,-1.2659312222354573,2.1054936660608052,0.0,0.0,0.0,2.134636147186283,0,0,0,0,0,0,-0.2006977210085583,0.5966667643426287,1.4489961516801981,0.0,0.0,0.0
image_2344.png,surface,0.0,0.0,1.3809155884011193,2.500827404121716,-20.69055493055662,0.0,-1.2457435678639506,-0.04302067691974604,0.0,0.0,0.0,2.7739375667263273,0,0,0,0,0,0,-0.217485689527337,0.008357893551825035,0.5760680816987302,0.0,0.0,0.0
image_2345.png,surface,0.0,0.0,2.64072279326608,-12.344394980968717,5.94626704902922,0.0,2.1616972722603456,-1.7126708037870937,0.0,0.0,0.0,-0.4153310332401299,0,0,0,0,0,0,0.36108057608814886,-0.3781628278945762,1.3550536827309196,0.0,0.0,0.0
image_2346.png,surface,0.0,0.0,2.276571201024968,7.459983617044953,-7.465633047888996,0.0,1.1504457759582911,-2.2099353312382015,0.0,0.0,0.0,1.8385056055026343,0,0,0,0,0,0,0.22275599457497802,-0.3103841338283359,0.8298735241338092,0.0,0.0,0.0
image_2347.png,surface,0.0,0.0,1.545692588712447,1.1864431773328148,0.3641807464002776,0.0,-0.0913671023217454,-2.4945646380784243,0.0,0.0,0.0,-1.970731869317543,0,0,0,0,0,0,0.019659774936595098,-0.12030773255344943,0.28286575360469896,0.0,0.0,0.0
image_2348.png,surface,0.0,0.0,1.407803713524681,-13.471393427839574,9.333343702430362,0.0,0.20587722202685765,0.2525019463758229,0.0,0.0,0.0,-0.6123390130346533,0,0,0,0,0,0,0.06568172834135111,0.02639508675062537,0.3425606436075758,0.0,0.0,0.0
image_2349.png,surface,0.0,0.0,1.0037878281092176,2.712695844733478,-24.63944338318807,0.0,0.6342930997026138,2.763403363488753,0.0,0.0,0.0,2.6039650204922644,0,0,0,0,0,0,0.04111842384555873,0.2502412792690706,0.6749253919638463,0.0,0.0,0.0
image_2350.png,surface,0.0,0.0,0.9369719282517601,5.052906952842368,-6.874857974411865,0.0,2.4983249791557425,-1.065555301599955,0.0,0.0,0.0,1.4829127667882407,0,0,0,0,0,0,0.05270152858641848,-0.06323400096042019,0.13686080156646563,0.0,0.0,0.0
image_2351.png,surface,0.0,0.0,1.6287101909893396,-16.41356268612583,12.762710795050477,0.0,0.4568442079346775,0.2726619012278812,0.0,0.0,0.0,-1.542226134114631,0,0,0,0,0,0,0.12129158870543136,0.03456106179815481,0.5382521627147506,0.0,0.0,0.0
image_2352.png,surface,0.0,0.0,1.42493933349611,5.655719130356344,-12.231951823349464,0.0,-1.9826856981632288,-1.9361998894306036,0.0,0.0,0.0,0.6036967450301272,0,0,0,0,0,0,-0.11166106882628837,-0.13916136594675346,0.3935222558338752,0.0,0.0,0.0
image_2353.png,surface,0.0,0.0,0.6534697575741899,18.632758047919815,3.1683709159113267,0.0,-2.445694532233293,1.1812403884891394,0.0,0.0,0.0,1.6653664151829126,0,0,0,0,0,0,-0.0563586302409038,0.015359772753626917,0.17464322549377176,0.0,0.0,0.0
image_2354.png,surface,0.0,0.0,1.2753725812481285,4.166604671656902,10.35920344780198,0.0,2.1657230948634663,1.1895376201498042,0.0,0.0,0.0,-1.870174098704289,0,0,0,0,0,0,0.07728766143211406,0.015248082476536846,0.19240900355320703,0.0,0.0,0.0
image_2355.png,surface,0.0,0.0,0.8343485318585218,-12.761269654267595,2.0610212629225697,0.0,-0.32823095652014744,2.5006108577982156,0.0,0.0,0.0,-2.345392412452716,0,0,0,0,0,0,-0.0338498772363951,0.0697246218515984,0.12814092181255715,0.0,0.0,0.0
image_2356.png,surface,0.0,0.0,2.5052107067218614,-21.89491243416692,7.228416782937487,0.0,-1.5071290324853999,-0.6828193436877148,0.0,0.0,0.0,-2.5035995671621727,0,0,0,0,0,0,-0.3754076484873678,-0.4850299727373551,1.9450445429867882,0.0,0.0,0.0
image_2357.png,surface,0.0,0.0,1.6955403424668576,-15.233984042501355,11.87197471560797,0.0,0.05969341591300365,-1.3473951674227582,0.0,0.0,0.0,1.3758498093880593,0,0,0,0,0,0,0.02923246299598381,-0.22737151520800666,0.6528409845973535,0.0,0.0,0.0
image_2358.png,surface,0.0,0.0,0.960373547350546,6.4259885352176624,-12.199317866353566,0.0,-0.31562708649629145,-1.0056550352509703,0.0,0.0,0.0,-2.0377154242754463,0,0,0,0,0,0,-0.015400004844667048,-0.09780292827104606,0.22220620596963583,0.0,0.0,0.0
image_2359.png,surface,0.0,0.0,0.9035786699835211,6.786463436364073,16.135736124507186,0.0,-1.3930335596278027,-2.63686310296796,0.0,0.0,0.0,-1.518140885476489,0,0,0,0,0,0,-0.0111128407328549,-0.06433202650139022,0.15736424225798598,0.0,0.0,0.0
image_2360.png,surface,0.0,0.0,2.5465814033766176,18.09986486153976,-11.698477600367507,0.0,2.0555651770362933,-0.4133883984324646,0.0,0.0,0.0,-1.415603981265903,0,0,0,0,0,0,0.8518444423061277,0.1682574696799655,2.4970207469224124,0.0,0.0,0.0
image_2361.png,surface,0.0,0.0,1.8919718651997735,-10.592878948859136,0.13688437457897987,0.0,-1.821934288555807,-1.290331751949984,0.0,0.0,0.0,1.256358818226901,0,0,0,0,0,0,-0.20316013901811195,-0.20169848250223119,0.5972168604821527,0.0,0.0,0.0
image_2362.png,surface,0.0,0.0,1.7572917322947594,18.229387725337233,-6.575215903904703,0.0,-2.5966414871078953,-1.281615078715167,0.0,0.0,0.0,-2.562634346929487,0,0,0,0,0,0,-0.23646670152681168,-0.07465472506850411,0.7201437184725905,0.0,0.0,0.0
image_2363.png,surface,0.0,0.0,1.6199975408552785,-0.40432270841619494,-14.912034895160168,0.0,0.8765698730451348,-1.019338891868537,0.0,0.0,0.0,-2.937508404134348,0,0,0,0,0,0,0.19972979897266444,-0.1756950982726683,0.6717098665232243,0.0,0.0,0.0
image_2364.png,surface,0.0,0.0,2.3612557270251235,7.367791681669249,23.948601201404784,0.0,0.0928012092203146,0.937838622653066,0.0,0.0,0.0,-1.679973635267072,0,0,0,0,0,0,-0.17250927454814544,0.3678181058925428,1.5686739891733399,0.0,0.0,0.0
image_2365.png,surface,0.0,0.0,1.8757950957653167,15.736650315044791,-16.701660805697678,0.0,1.5626151838508668,1.6597652663847358,0.0,0.0,0.0,-2.5249417849830027,0,0,0,0,0,0,0.4805641594812506,0.3522066367398401,1.7923606766479294,0.0,0.0,0.0
image_2366.png,surface,0.0,0.0,0.7983153472723363,-17.5188518204759,0.46935194875935826,0.0,0.8552661436834441,-2.456039752213815,0.0,0.0,0.0,-2.391924203973821,0,0,0,0,0,0,0.03212405398371654,-0.07982708606952053,0.23091492070465316,0.0,0.0,0.0
image_2367.png,surface,0.0,0.0,0.6736438190486533,-3.8586534969449597,17.105015227719484,0.0,-0.4738404535253518,1.4024737338542195,0.0,0.0,0.0,0.7810633969127609,0,0,0,0,0,0,-0.026905493195856056,0.034266891631734464,0.0980065358256188,0.0,0.0,0.0
image_2368.png,surface,0.0,0.0,1.1696833318883928,13.507708825089157,-7.169507128081296,0.0,-1.8443149738070002,1.5547922752866057,0.0,0.0,0.0,0.5720133491284027,0,0,0,0,0,0,-0.0853962913177142,0.08520395039478651,0.3294707754597114,0.0,0.0,0.0
image_2369.png,surface,0.0,0.0,2.9331599825814285,-3.641661099918803,-21.32076198169458,0.0,-1.4657769257855873,-0.5133368731455075,0.0,0.0,0.0,1.762965883245295,0,0,0,0,0,0,0.07476741160280603,-0.3288366260856121,2.684834228700066,0.0,0.0,0.0
image_2370.png,surface,0.0,0.0,0.704182508476225,-10.46326993015848,-11.64496228151344,0.0,1.3526008356294519,-0.41404059132630844,0.0,0.0,0.0,1.2374121498904778,0,0,0,0,0,0,0.06923534147627522,-0.02359181810591392,0.2155339906803457,0.0,0.0,0.0
image_2371.png,surface,0.0,0.0,1.8449759306562936,6.869395676529011,7.742973658222113,0.0,-0.7610202690418052,-0.22009340184322215,0.0,0.0,0.0,2.747836077842793,0,0,0,0,0,0,-0.17438119924020393,-0.0480818777360311,0.45823470532638855,0.0,0.0,0.0
image_2372.png,surface,0.0,0.0,2.802147981943218,-0.038900832474564224,5.425409809937941,0.0,1.393177289052195,1.7648243307752864,0.0,0.0,0.0,-1.3874258524929874,0,0,0,0,0,0,0.3050491521958569,0.35211225059018625,1.0834980932628537,0.0,0.0,0.0
image_2373.png,surface,0.0,0.0,0.6921411978968133,20.392422587152996,-9.8609391989998,0.0,2.1552652015667015,-0.17577472048769546,0.0,0.0,0.0,0.5537582229610356,0,0,0,0,0,0,0.10462689327612991,-0.02205647007154889,0.3721300796386269,0.0,0.0,0.0
image_2374.png,surface,0.0,0.0,0.9756461018080358,4.376915404989826,8.095571437702494,0.0,0.41763170350861556,1.249873675502448,0.0,0.0,0.0,2.6686935728750214,0,0,0,0,0,0,0.010781068714262194,0.04271445202573046,0.09961429854592992,0.0,0.0,0.0
image_2375.png,surface,0.0,0.0,2.052470559849091,-5.96032487807031,-16.466874717073118,0.0,-1.4146473627109568,0.5050623712015004,0.0,0.0,0.0,2.788875210262529,0,0,0,0,0,0,-0.22967146270563982,0.1095901852602847,0.8769184477331284,0.0,0.0,0.0
image_2376.png,surface,0.0,0.0,0.5345784311542021,1.8069383199371587,-22.1292867995647,0.0,2.220574461398995,0.7390007217557651,0.0,0.0,0.0,0.6999835869178836,0,0,0,0,0,0,0.10986980430388732,-0.0027796721072981534,0.3661679595508076,0.0,0.0,0.0
image_2377.png,surface,0.0,0.0,2.8156294910599504,-1.605104297392353,-22.883886819518825,0.0,0.4942845532181035,1.7139832926791851,0.0,0.0,0.0,1.4968386145900983,0,0,0,0,0,0,0.9141627937617471,0.39109373039711726,3.485343753150416,0.0,0.0,0.0
image_2378.png,surface,0.0,0.0,0.7684023308859851,-4.374252455279502,22.947337915011538,0.0,-2.76774412613688,0.37729789636747074,0.0,0.0,0.0,0.5326458629236774,0,0,0,0,0,0,-0.07160796797621,0.022459184310070816,0.2390251904271105,0.0,0.0,0.0
image_2379.png,surface,0.0,0.0,0.6510657441610295,-0.615759216364817,2.3567442001773244,0.0,-1.1883080148793228,-0.06856818263954685,0.0,0.0,0.0,1.6063710286736566,0,0,0,0,0,0,-0.011249810832273832,0.0006465451251270441,0.023357219520072636,0.0,0.0,0.0
image_2380.png,surface,0.0,0.0,0.9805743803087534,10.494630720422636,-8.853849662373426,0.0,0.5011595781600822,0.16291347678080587,0.0,0.0,0.0,-0.8912414427600281,0,0,0,0,0,0,0.06403808714832415,0.01222143327764517,0.2409500396839271,0.0,0.0,0.0
image_2381.png,surface,0.0,0.0,2.02586215884945,17.581063963229752,3.115127359103928,0.0,-2.258762772672567,-1.090006198484181,0.0,0.0,0.0,-1.138679005774942,0,0,0,0,0,0,-0.3327353749584006,-0.08244158241492494,0.8745827257811214,0.0,0.0,0.0
image_2382.png,surface,0.0,0.0,2.8526593689756172,-17.33426790654382,-14.640056839842856,0.0,0.5684407730565256,-2.879264790327725,0.0,0.0,0.0,0.19858472870951438,0,0,0,0,0,0,0.8416949579391865,-1.5542992001129499,4.76527472277481,0.0,0.0,0.0
image_2383.png,surface,0.0,0.0,1.6976872894824084,-3.7964112430975314,21.32679372482197,0.0,1.7668415790508165,0.06838082934975404,0.0,0.0,0.0,1.5923538654841636,0,0,0,0,0,0,0.1950119399926796,-0.03435183916642271,0.5006662431199267,0.0,0.0,0.0
image_2384.png,surface,0.0,0.0,1.838174773792552,-12.616748680869556,-15.529350040610481,0.0,1.9632223083377522,2.0990310150828986,0.0,0.0,0.0,-2.175690929457533,0,0,0,0,0,0,0.3642765450745902,0.16423661970472284,1.0529506015769459,0.0,0.0,0.0
image_2385.png,surface,0.0,0.0,1.6077008275770917,2.263664600605088,-7.962894584116021,0.0,-1.2419788569385783,-1.542145239033151,0.0,0.0,0.0,1.0024719888445075,0,0,0,0,0,0,-0.11633327110646689,-0.16710595865419184,0.3708126074094837,0.0,0.0,0.0
image_2386.png,surface,0.0,0.0,1.8408683209326928,-0.5394780076300032,11.920644891554685,0.0,-1.482298057242231,-1.8581277440465902,0.0,0.0,0.0,-0.09165117223632357,0,0,0,0,0,0,-0.10763110412338506,-0.16474315870786366,0.5408513791125866,0.0,0.0,0.0
image_2387.png,surface,0.0,0.0,1.1733818663975009,10.363190553709893,22.86918042131412,0.0,0.3733420904843619,-2.929853489034804,0.0,0.0,0.0,-1.7741113114074012,0,0,0,0,0,0,0.0533544193936486,-0.13133990034545953,0.37977588457521655,0.0,0.0,0.0
image_2388.png,surface,0.0,0.0,2.237317039307489,-24.552924382706788,-4.001757418269943,0.0,0.12590660810044912,-1.1019371703039593,0.0,0.0,0.0,-1.215184094299494,0,0,0,0,0,0,0.15299560105093002,-0.7288451283175102,2.158555432244073,0.0,0.0,0.0
image_2389.png,surface,0.0,0.0,2.274821463408312,-7.248946974701907,-12.418999104577871,0.0,-0.594254886173166,0.4256187756429394,0.0,0.0,0.0,2.9939072591555984,0,0,0,0,0,0,0.014135314260032117,0.03257737955293528,1.032465024915652,0.0,0.0,0.0
image_2390.png,surface,0.0,0.0,1.802102580760829,-18.902589827216048,8.050177761944104,0.0,0.9576109230055271,2.3520332350348525,0.0,0.0,0.0,1.9482368876403333,0,0,0,0,0,0,0.10425250833771811,0.23247780590426556,0.617581854939424,0.0,0.0,0.0
image_2391.png,surface,0.0,0.0,2.648770967187544,11.817670902766773,-13.935487995226415,0.0,0.7579402655729767,-1.1099490057878607,0.0,0.0,0.0,1.9692904712949817,0,0,0,0,0,0,0.49213052343218106,-0.06087434721908047,2.0574003610911813,0.0,0.0,0.0
image_2392.png,surface,0.0,0.0,2.1519919679131254,8.123327868718244,8.95082033490365,0.0,-2.048489756935684,-0.6353033968547268,0.0,0.0,0.0,-0.17769983331868655,0,0,0,0,0,0,-0.2852661041697848,-0.04497028100245124,0.7817076326378288,0.0,0.0,0.0
image_2393.png,surface,0.0,0.0,1.7337387723556188,-16.234971672368353,10.57839036522065,0.0,2.8243719049551532,-0.41569754926062397,0.0,0.0,0.0,-0.2511259505627157,0,0,0,0,0,0,0.21246801821862366,-0.11460366290938444,0.6460012940246973,0.0,0.0,0.0
image_2394.png,surface,0.0,0.0,2.605283152466049,9.915453628891624,16.99194635970309,0.0,-1.2177195254595907,2.1481573396485594,0.0,0.0,0.0,-2.4108441937294662,0,0,0,0,0,0,-0.5144657809774262,0.6994060882405574,2.130352594525286,0.0,0.0,0.0
image_2395.png,surface,0.0,0.0,1.9608013671298874,9.035202346522071,-0.08645717148445385,0.0,2.137539142686392,-1.727450819113659,0.0,0.0,0.0,0.2371793425768085,0,0,0,0,0,0,0.19639685988680403,-0.11703410626296439,0.4763666960054506,0.0,0.0,0.0
image_2396.png,surface,0.0,0.0,0.6900060827682388,0.7833998171889139,-2.425450703088867,0.0,-1.768584688654356,1.6367328739269247,0.0,0.0,0.0,2.575916390394739,0,0,0,0,0,0,-0.006090603754161261,-0.0053092209180142565,0.04195367498500192,0.0,0.0,0.0
image_2397.png,surface,0.0,0.0,2.5065202669112017,5.923340163966179,-23.162144737782477,0.0,-0.6103522550866374,-1.6112250431088058,0.0,0.0,0.0,-1.2542496842389201,0,0,0,0,0,0,0.33435618780152415,-0.44082579264959226,2.3265532384938945,0.0,0.0,0.0
image_2398.png,surface,0.0,0.0,2.6139758470453063,19.310541377309416,5.450813947543226,0.0,-0.43172064585241543,0.929083915072906,0.0,0.0,0.0,-1.8016301693566563,0,0,0,0,0,0,-0.16479329228087983,0.5917272225107573,2.2446913199847307,0.0,0.0,0.0
image_2399.png,surface,0.0,0.0,0.6201902403860435,19.145542278256062,-13.858636270946443,0.0,0.7547140192248148,-1.2254930835393885,0.0,0.0,0.0,2.376751652343983,0,0,0,0,0,0,0.07876998228582549,-0.09376792037335531,0.33315523169375694,0.0,0.0,0.0
image_2400.png,surface,0.0,0.0,2.426039679868896,-14.52608526700904,18.508544004492702,0.0,2.5830682668638905,0.723502960396875,0.0,0.0,0.0,-1.4358992838899785,0,0,0,0,0,0,0.38948817470763164,-0.0010335283387067906,1.1017194040930434,0.0,0.0,0.0
image_2401.png,surface,0.0,0.0,2.952147177714434,14.13892390935938,-8.079709124143404,0.0,1.6489807123824367,0.8251658501772174,0.0,0.0,0.0,2.1501834557047426,0,0,0,0,0,0,0.6918633661848331,0.539059751004056,2.7385893286529024,0.0,0.0,0.0
image_2402.png,surface,0.0,0.0,2.4768327693073786,11.416138791731248,12.157953063017063,0.0,0.33520953632795564,1.1930252679464264,0.0,0.0,0.0,-0.6178438217922642,0,0,0,0,0,0,0.06696011593592766,0.43629525746621983,1.2978664559709732,0.0,0.0,0.0
image_2403.png,surface,0.0,0.0,1.494698640649947,1.8683040918990492,21.335238341085194,0.0,0.8510344006125863,0.6760562061408023,0.0,0.0,0.0,-1.179315171024925,0,0,0,0,0,0,0.13111995428373552,0.09014349222665753,0.41520472252028995,0.0,0.0,0.0
image_2404.png,surface,0.0,0.0,2.294323409853029,-2.691318885192067,-13.507953339478748,0.0,-1.7811448129493748,2.23819815745283,0.0,0.0,0.0,-0.1475139363577216,0,0,0,0,0,0,-0.2203940213049988,0.3228997372724011,0.9485800049834304,0.0,0.0,0.0
image_2405.png,surface,0.0,0.0,1.2304355509384675,7.0753440078795045,14.249068048814545,0.0,0.8913043297208961,-2.086816486306269,0.0,0.0,0.0,0.4834215951665124,0,0,0,0,0,0,0.06915163752663034,-0.0999848214305382,0.2651915287001704,0.0,0.0,0.0
image_2406.png,surface,0.0,0.0,2.144366461002443,8.468440025425382,-14.769393724319189,0.0,-0.8872882378781641,-0.048433822708123096,0.0,0.0,0.0,2.3474285736593323,0,0,0,0,0,0,-0.06571825370119644,0.014813906188130329,1.0603820381508275,0.0,0.0,0.0
image_2407.png,surface,0.0,0.0,1.793802371640581,23.226957332069347,-6.129310506244553,0.0,-2.5702619513828022,0.46787962045495796,0.0,0.0,0.0,-1.116538592230261,0,0,0,0,0,0,-0.47854613334981216,0.22249489747590456,1.3049674079856797,0.0,0.0,0.0
image_2408.png,surface,0.0,0.0,2.1555685185723528,11.559784862342756,-8.441489327530594,0.0,0.4661422354482447,1.3037193358676527,0.0,0.0,0.0,0.881662602784381,0,0,0,0,0,0,0.20338233495716904,0.37851834905827136,1.1401717291538127,0.0,0.0,0.0
image_2409.png,surface,0.0,0.0,1.5345894749395703,1.123845535511723,19.301357580096468,0.0,1.6311265480503898,1.975621903962109,0.0,0.0,0.0,-0.047505595963245995,0,0,0,0,0,0,0.10805723332157689,0.09108735372319336,0.41354336770930217,0.0,0.0,0.0
image_2410.png,surface,0.0,0.0,0.8854188852161089,-18.009376597053024,4.736620434520011,0.0,-0.6578393612554291,2.6234981693371284,0.0,0.0,0.0,1.6463846169851397,0,0,0,0,0,0,-0.017509344375718393,0.08189099654194568,0.2131960357245604,0.0,0.0,0.0
image_2411.png,surface,0.0,0.0,1.5526076097651227,7.3515159139485045,-13.985240387513805,0.0,1.4640406589345667,-1.9146454792371204,0.0,0.0,0.0,-0.5749860208383026,0,0,0,0,0,0,0.17776892636583153,-0.17307588261978116,0.5931148325415821,0.0,0.0,0.0
image_2412.png,surface,0.0,0.0,1.6935227961795718,3.1275195521448205,8.520053705794778,0.0,2.0227083660362903,1.8191112397687401,0.0,0.0,0.0,1.373175752408324,0,0,0,0,0,0,0.13836719443298978,0.07743911648328483,0.32108361326875595,0.0,0.0,0.0
image_2413.png,surface,0.0,0.0,2.1946543789735737,-15.678212348674405,2.275848047367318,0.0,-1.3434162684145718,2.270915945903207,0.0,0.0,0.0,-1.3732154166376664,0,0,0,0,0,0,-0.1886260895797713,0.2861552092122601,0.7781348265926934,0.0,0.0,0.0
image_2414.png,surface,0.0,0.0,1.211284238921456,7.574587084103186,-21.644330654300628,0.0,-0.7528541646881863,-1.746162828258557,0.0,0.0,0.0,0.9981108642082344,0,0,0,0,0,0,-0.020883374491404316,-0.2322701563750276,0.6433730485777446,0.0,0.0,0.0
image_2415.png,surface,0.0,0.0,2.114126941007415,-14.55116062480672,-6.342197255590159,0.0,-1.5334014046718023,-0.6162164605416266,0.0,0.0,0.0,0.8707354217154872,0,0,0,0,0,0,-0.2472812518209321,-0.32057783799092304,1.0522137103301368,0.0,0.0,0.0
image_2416.png,surface,0.0,0.0,1.0845937370936174,14.099225714710219,-1.411737306769272,0.0,-1.1056289014639535,-2.0883805877321593,0.0,0.0,0.0,0.5402871408523984,0,0,0,0,0,0,-0.015264556635241651,-0.06874300589520109,0.21992854211586196,0.0,0.0,0.0
image_2417.png,surface,0.0,0.0,2.412271694197929,-19.175872867596627,-3.2667136915597745,0.0,0.49801114838307264,1.3957265133620458,0.0,0.0,0.0,0.02504083297057491,0,0,0,0,0,0,0.3040097013302665,0.23936799482897728,1.329083848790343,0.0,0.0,0.0
image_2418.png,surface,0.0,0.0,2.305278998636177,8.490269933397743,-3.3262302410039615,0.0,-0.19536620785620354,-0.24044973911318657,0.0,0.0,0.0,0.8361012447089271,0,0,0,0,0,0,-0.04237854876021303,-0.0284055117382468,0.8496356075709637,0.0,0.0,0.0
image_2419.png,surface,0.0,0.0,0.794370768107341,7.120407519013105,8.87356520584037,0.0,-0.8824997349185135,1.3318468189140946,0.0,0.0,0.0,0.024582623396505632,0,0,0,0,0,0,-0.008510408843895534,6.76434072517181e-05,0.0862162758766722,0.0,0.0,0.0
image_2420.png,surface,0.0,0.0,1.9816372596583574,3.6790210050936056,22.732328884735455,0.0,0.6369820641615224,-0.6512382943146341,0.0,0.0,0.0,-1.8012937533305404,0,0,0,0,0,0,0.11356343131821738,-0.11799684498943089,0.7503986866635514,0.0,0.0,0.0
image_2421.png,surface,0.0,0.0,0.7201250673240085,-1.9809117353115289,18.687074349842813,0.0,-2.416202048776222,1.366411728035299,0.0,0.0,0.0,-0.7976246634961774,0,0,0,0,0,0,-0.018235285902638565,0.012784603970578243,0.12478025112635169,0.0,0.0,0.0
image_2422.png,surface,0.0,0.0,2.922810796377073,-12.350511471523077,-20.180374711519928,0.0,-1.5930164640019906,-1.893453701181838,0.0,0.0,0.0,-2.3928220944511738,0,0,0,0,0,0,0.19881666497653852,-1.092360798888344,3.586664066582898,0.0,0.0,0.0
image_2423.png,surface,0.0,0.0,1.3480990706098688,-9.037146852043595,16.720323194087154,0.0,1.7273322002492033,0.09501611963776323,0.0,0.0,0.0,0.8159621980684522,0,0,0,0,0,0,0.1340754646511969,-0.033426854899817594,0.3259649595279222,0.0,0.0,0.0
image_2424.png,surface,0.0,0.0,0.5506528741197032,-4.582175500168093,0.4255098911740508,0.0,0.4804835773395161,-2.2506689517431777,0.0,0.0,0.0,0.5757804259768982,0,0,0,0,0,0,0.01477450805732039,-0.01671578710365015,0.019753151422042304,0.0,0.0,0.0
image_2425.png,surface,0.0,0.0,1.759037621830053,0.14255209141415273,-14.256222857329853,0.0,2.008613487819074,-1.2883451656572393,0.0,0.0,0.0,-0.3997664844238349,0,0,0,0,0,0,0.2589465386214427,-0.15868986031008028,0.8076997966161877,0.0,0.0,0.0
image_2426.png,surface,0.0,0.0,0.8046566715576959,12.646451862891997,4.169998368049962,0.0,0.8222775109921663,1.5998206128090997,0.0,0.0,0.0,0.06539645374603076,0,0,0,0,0,0,0.04677985462154064,0.007357400365497013,0.11455309382215188,0.0,0.0,0.0
image_2427.png,surface,0.0,0.0,2.1273570303167784,19.010351061407672,2.520861254480674,0.0,-1.1195447408769879,-0.9374169258846238,0.0,0.0,0.0,0.2807257024521679,0,0,0,0,0,0,-0.2659198385718597,-0.09846835062610386,1.015536623273044,0.0,0.0,0.0
image_2428.png,surface,0.0,0.0,2.3275152148484404,12.412384319084008,0.6566291655400631,0.0,-2.185217953136946,-2.0551430228523118,0.0,0.0,0.0,0.2871292179286451,0,0,0,0,0,0,-0.23382622238801368,-0.19209154556999028,0.824112374386029,0.0,0.0,0.0
image_2429.png,surface,0.0,0.0,2.6481649332820956,6.7662201391208,16.766603259950532,0.0,-2.906657408505734,-0.3258616695989002,0.0,0.0,0.0,-0.5907711440180297,0,0,0,0,0,0,-0.8693309583319434,-0.025715506473119598,2.163124157974292,0.0,0.0,0.0
image_2430.png,surface,0.0,0.0,2.7216087548244423,10.406453817095034,1.6610518842109916,0.0,0.0171982269017638,-1.8382848851545428,0.0,0.0,0.0,-0.07973655426054016,0,0,0,0,0,0,0.01741498719611841,-0.41199082393042147,1.089245844987965,0.0,0.0,0.0
image_2431.png,surface,0.0,0.0,1.273623840748178,-13.452855579517047,-6.818098058250825,0.0,1.4671391230192312,0.2665664213557466,0.0,0.0,0.0,2.067196521130411,0,0,0,0,0,0,0.1693772249414325,-0.024110941929008627,0.39912709531718116,0.0,0.0,0.0
image_2432.png,surface,0.0,0.0,1.394399356252393,24.52769781337581,1.6622160364624425,0.0,-0.001577786202970954,-1.697733554468495,0.0,0.0,0.0,0.18418354760175326,0,0,0,0,0,0,0.044907929929482115,-0.17918738580985083,0.5380645903973811,0.0,0.0,0.0
image_2433.png,surface,0.0,0.0,2.9361822383515865,-4.1374939293808985,-13.221049433492261,0.0,-0.6419201658229168,0.11601250239732311,0.0,0.0,0.0,0.5687020772553595,0,0,0,0,0,0,0.15841048564795787,-0.19299765260666485,2.178147807394086,0.0,0.0,0.0
image_2434.png,surface,0.0,0.0,1.5848045557964523,-4.638792574078191,7.89434007885399,0.0,-0.2329846074726788,1.5554702810948444,0.0,0.0,0.0,1.6610453913695178,0,0,0,0,0,0,-0.009628997989150012,0.13667586400587559,0.3190069197550212,0.0,0.0,0.0
image_2435.png,surface,0.0,0.0,1.511764665708691,2.2732083346268896,5.496236084294174,0.0,1.2093526198940467,1.0772561891558923,0.0,0.0,0.0,-1.5062409271991943,0,0,0,0,0,0,0.12270694639942684,0.06178045425575485,0.2345323868253527,0.0,0.0,0.0
image_2436.png,surface,0.0,0.0,2.8134015797851504,-16.15089130760252,-10.641612346797272,0.0,-0.5595757647986641,1.0311060791640279,0.0,0.0,0.0,0.7398699930759456,0,0,0,0,0,0,0.12169793333370761,-0.01665443610637531,2.100274033632802,0.0,0.0,0.0
image_2437.png,surface,0.0,0.0,0.9682558245552931,-17.288308551425303,-2.075240030132075,0.0,-0.31777582124953835,-0.6513972212821545,0.0,0.0,0.0,0.157925525509361,0,0,0,0,0,0,-0.012391228327431447,-0.12298515299862298,0.3022593914184493,0.0,0.0,0.0
image_2438.png,surface,0.0,0.0,1.6851894362521977,-0.9130474170955912,-4.078470598208085,0.0,2.4377822631402015,0.033119397872155086,0.0,0.0,0.0,0.06957997022925522,0,0,0,0,0,0,0.1611574970863039,-0.020584046136952954,0.3870688749148492,0.0,0.0,0.0
image_2439.png,surface,0.0,0.0,1.7135649351354059,-6.212220145997165,-9.50347193831966,0.0,-0.09341209852634963,1.3421150448374781,0.0,0.0,0.0,-0.6918091099172683,0,0,0,0,0,0,0.04641460102309014,0.21747984672431092,0.4804798889649126,0.0,0.0,0.0
image_2440.png,surface,0.0,0.0,2.3563206467338507,-9.968297047632856,-5.788474188026672,0.0,-2.1880307677288577,-2.0114307855696083,0.0,0.0,0.0,2.8554216855157915,0,0,0,0,0,0,-0.2743845907159487,-0.3938214901221057,1.1246367218688078,0.0,0.0,0.0
image_2441.png,surface,0.0,0.0,1.5885337561670982,-9.965706471715393,-17.02416505563288,0.0,-2.1043048557409385,-1.0274816859928027,0.0,0.0,0.0,-0.8901523139208671,0,0,0,0,0,0,-0.20501684481023483,-0.22098629218394153,0.7698704796095401,0.0,0.0,0.0
image_2442.png,surface,0.0,0.0,2.658055280137253,-16.432736880252925,-8.779797795728587,0.0,1.7211864385317746,-0.8585068453290216,0.0,0.0,0.0,2.155247425674837,0,0,0,0,0,0,0.750532225435936,-0.6100758900034141,2.588640891942354,0.0,0.0,0.0
image_2443.png,surface,0.0,0.0,2.175617453305562,15.290672284241491,19.834381093499463,0.0,-0.47473099457621354,-2.180919458096276,0.0,0.0,0.0,-1.1313456060412082,0,0,0,0,0,0,-0.12140573045494736,-0.36537350461651513,1.0325565780705586,0.0,0.0,0.0
image_2444.png,surface,0.0,0.0,2.8274188314319924,-1.9141354051159094,-22.02710338214303,0.0,-1.718908537468479,0.02458702096499905,0.0,0.0,0.0,-0.9140557469768447,0,0,0,0,0,0,-0.041109292505597674,-0.1772367387170101,2.450565336320542,0.0,0.0,0.0
image_2445.png,surface,0.0,0.0,1.1550529711070214,4.6932101072834005,16.754716228308897,0.0,-0.4319904231345805,2.6663271349616666,0.0,0.0,0.0,-1.1835879799173536,0,0,0,0,0,0,-0.01207163142878731,0.062173729879311454,0.24558575552748987,0.0,0.0,0.0
image_2446.png,surface,0.0,0.0,2.531006270396178,-8.268806322041112,-20.116513703761587,0.0,0.16832437675065975,-0.06313684605570612,0.0,0.0,0.0,2.705802514128452,0,0,0,0,0,0,0.6142332795041712,-0.2874954925373412,2.575568887824715,0.0,0.0,0.0
image_2447.png,surface,0.0,0.0,0.7919330223976688,16.901894684531783,15.956350739363538,0.0,1.9339325125947873,1.2082990369365696,0.0,0.0,0.0,1.5202225248258987,0,0,0,0,0,0,0.10266365518445877,-0.010330564079585047,0.252820687768889,0.0,0.0,0.0
image_2448.png,surface,0.0,0.0,2.5048252460651077,-19.24260733955947,10.512735467434528,0.0,2.7154783957952113,-0.5781254390455786,0.0,0.0,0.0,0.6161669739591282,0,0,0,0,0,0,0.5161459475302979,-0.28985514627868086,1.469626873587077,0.0,0.0,0.0
image_2449.png,surface,0.0,0.0,2.621823098867441,-7.009957647522378,12.219238476868233,0.0,0.07511069624761131,2.8884780673906145,0.0,0.0,0.0,-0.6251469005670072,0,0,0,0,0,0,-0.0009131339961262919,0.3749065057315271,1.032987547799752,0.0,0.0,0.0
image_2450.png,surface,0.0,0.0,1.5164912076635093,-0.4492329046076571,-21.29433692889388,0.0,-2.4395608455103304,0.0841998267147706,0.0,0.0,0.0,2.5993692421182875,0,0,0,0,0,0,-0.2545543641000767,0.01938534203635236,0.6466689621543817,0.0,0.0,0.0
image_2451.png,surface,0.0,0.0,2.2500345911047477,6.747770070671895,-13.528760539403804,0.0,-2.403757249395739,0.6750799936293026,0.0,0.0,0.0,0.27783359944682307,0,0,0,0,0,0,-0.36426741373462884,0.16231743466176643,0.9998542377386793,0.0,0.0,0.0
image_2452.png,surface,0.0,0.0,2.9217561366845644,12.322446995785736,-1.312982709972906,0.0,2.231508941945881,1.259855580900943,0.0,0.0,0.0,-0.10223257812532527,0,0,0,0,0,0,0.6053439200518832,0.4650610096756448,1.9373272819292933,0.0,0.0,0.0
image_2453.png,surface,0.0,0.0,0.9623347562899865,-5.788014531923206,-22.325075547343005,0.0,0.3392547400681467,-1.0987111277085073,0.0,0.0,0.0,1.8843560477463868,0,0,0,0,0,0,0.1440286252089717,-0.2081733723684672,0.6422610126961964,0.0,0.0,0.0
image_2454.png,surface,0.0,0.0,2.0453523956771886,21.940674180930444,-10.782819695979805,0.0,0.4770865802812538,2.219548379415786,0.0,0.0,0.0,-2.415231648398152,0,0,0,0,0,0,0.33231685521017623,0.7302829439972331,2.3865808460597235,0.0,0.0,0.0
image_2455.png,surface,0.0,0.0,0.6185763268946354,-4.359600335460138,17.023191901571565,0.0,2.074500488629645,1.7958433321390193,0.0,0.0,0.0,-2.2415529037829307,0,0,0,0,0,0,0.04616805484413608,-0.006224766569654039,0.08326871088943566,0.0,0.0,0.0
image_2456.png,surface,0.0,0.0,1.346509187565573,-23.659399227204872,3.869615806350425,0.0,-2.3400227013486785,0.9859870483716696,0.0,0.0,0.0,-2.6076267090777847,0,0,0,0,0,0,-0.20903463439318992,0.06041185508577789,0.5460364138855897,0.0,0.0,0.0
image_2457.png,surface,0.0,0.0,0.8529669603156813,4.103935280777572,13.558657886890547,0.0,-0.17579288908004145,-0.847848588757253,0.0,0.0,0.0,0.7230548176311631,0,0,0,0,0,0,0.014477739508579371,-0.07960999792531735,0.12927305472810932,0.0,0.0,0.0
image_2458.png,surface,0.0,0.0,1.8419574790849915,3.7613655448737227,-17.36327698285457,0.0,2.0620262304207837,-0.9317741811526188,0.0,0.0,0.0,2.83302031816452,0,0,0,0,0,0,0.3939990566484948,-0.16205629964772503,1.0553711776725256,0.0,0.0,0.0
image_2459.png,surface,0.0,0.0,2.008039641404049,-5.487018773571005,13.544983267228085,0.0,-0.6434315548035451,-0.2232818498248598,0.0,0.0,0.0,-0.7498198320469793,0,0,0,0,0,0,-0.19486888233328678,-0.12333280864984703,0.6678691000247038,0.0,0.0,0.0
image_2460.png,surface,0.0,0.0,2.9735144200753107,-2.0260749060241574,0.29540782987889846,0.0,0.7048596493900139,-1.152453573063885,0.0,0.0,0.0,-0.23856237550289583,0,0,0,0,0,0,0.2530233427665716,-0.3526124971833501,1.5175404356561184,0.0,0.0,0.0
image_2461.png,surface,0.0,0.0,2.9170062125471583,7.814939303031423,18.715207861037364,0.0,0.8862695471937929,2.656458141793008,0.0,0.0,0.0,2.4414714411939205,0,0,0,0,0,0,0.0798353052813059,0.7980238836036123,1.9627120688799806,0.0,0.0,0.0
image_2462.png,surface,0.0,0.0,2.706653351730646,-6.539333056295816,-1.3621412660183672,0.0,-1.9604492478016597,1.7294042217771668,0.0,0.0,0.0,-0.47048158525230477,0,0,0,0,0,0,-0.4112025011355112,0.381691296789126,1.059024371853676,0.0,0.0,0.0
image_2463.png,surface,0.0,0.0,1.918703211641278,-1.418181969612764,11.889907634169877,0.0,-0.6845438124890636,-0.3162782025052517,0.0,0.0,0.0,-0.6576562129663652,0,0,0,0,0,0,-0.1798493499870057,-0.13303255862924723,0.5756460439846479,0.0,0.0,0.0
image_2464.png,surface,0.0,0.0,2.715157128368363,-18.523824029060332,15.388171366566796,0.0,-0.6635835080236995,2.0942517082814565,0.0,0.0,0.0,2.3318802935929366,0,0,0,0,0,0,-0.18819539471159843,0.5024221939135226,1.5019183412237642,0.0,0.0,0.0
image_2465.png,surface,0.0,0.0,1.3872945428934096,-3.5804840183698077,4.525956378988129,0.0,-2.4622951142180005,-0.9089223389878768,0.0,0.0,0.0,-2.219738255094132,0,0,0,0,0,0,-0.08131153857504346,-0.03690026520706957,0.2278333754907242,0.0,0.0,0.0
image_2466.png,surface,0.0,0.0,1.0023281295756257,15.249005832150642,3.1018963916242166,0.0,2.7465257097727505,0.711853736715914,0.0,0.0,0.0,2.609358669548172,0,0,0,0,0,0,0.0975044481063461,-0.014722666243465259,0.22085300568004093,0.0,0.0,0.0
image_2467.png,surface,0.0,0.0,1.8151134675767253,-6.669560661945155,-8.45808095470068,0.0,-0.0009397820690296929,-0.6928944393765483,0.0,0.0,0.0,-1.0274578917152157,0,0,0,0,0,0,0.06239444595529712,-0.25342209251239645,0.6069348929249208,0.0,0.0,0.0
image_2468.png,surface,0.0,0.0,1.8280232458392418,7.543675394521921,23.62919222610288,0.0,-0.08266783924938627,-2.1132772972912175,0.0,0.0,0.0,0.42790620337035357,0,0,0,0,0,0,-0.018737509600508018,-0.2682218407780788,0.7774202653836662,0.0,0.0,0.0
image_2469.png,surface,0.0,0.0,2.775179097617826,-19.894999957214427,-0.7771892042142999,0.0,2.1312297369422577,-1.408092588949578,0.0,0.0,0.0,1.3605577226721541,0,0,0,0,0,0,0.7002048452394447,-0.7767460992667058,2.6477507349553386,0.0,0.0,0.0
image_2470.png,surface,0.0,0.0,0.5143406188052044,-9.353081393963604,4.672739975563748,0.0,1.2126276858055036,-2.639303786381906,0.0,0.0,0.0,-1.497209728408086,0,0,0,0,0,0,0.03501564497144917,-0.03034042780614532,0.04272629429226247,0.0,0.0,0.0
image_2471.png,surface,0.0,0.0,2.6388786319046793,6.715115508171657,18.93535577224547,0.0,2.871063338187744,0.6701453967151697,0.0,0.0,0.0,2.597798608265945,0,0,0,0,0,0,0.3788592949927238,0.03766479301926354,1.0441079066152357,0.0,0.0,0.0
image_2472.png,surface,0.0,0.0,2.0205887421717175,10.182758122727451,18.394540370941954,0.0,0.5682084619413709,2.5809770590908268,0.0,0.0,0.0,0.24986498629785014,0,0,0,0,0,0,0.03635795194575455,0.30713725028025246,0.939223719152733,0.0,0.0,0.0
image_2473.png,surface,0.0,0.0,2.849111242008251,-2.3617287733088435,5.861560793971966,0.0,-0.641175551789573,2.647369635253191,0.0,0.0,0.0,-0.9427170513434495,0,0,0,0,0,0,-0.14363141192065706,0.558440373732926,1.2526481294622298,0.0,0.0,0.0
image_2474.png,surface,0.0,0.0,2.363039830232167,8.325306397419052,-17.914460061224023,0.0,-1.5438597786305284,-2.093203964504801,0.0,0.0,0.0,2.3649281323163027,0,0,0,0,0,0,-0.23525375520195754,-0.39311359399970414,1.259548111136897,0.0,0.0,0.0
image_2475.png,surface,0.0,0.0,1.415648627712864,-13.223250647391444,-12.039646192898438,0.0,-0.23478529958109223,-2.491769679068533,0.0,0.0,0.0,0.9262226630908241,0,0,0,0,0,0,0.06551584233205486,-0.28705187763396905,0.7205724551980067,0.0,0.0,0.0
image_2476.png,surface,0.0,0.0,2.0869978919183807,-10.487456033760662,-8.208659687925373,0.0,-2.1435028435427084,0.23526556385649405,0.0,0.0,0.0,-2.1844916795824156,0,0,0,0,0,0,-0.3601583107520614,-0.055508494611274085,0.7726639673360796,0.0,0.0,0.0
image_2477.png,surface,0.0,0.0,1.4242991603243458,-5.594578615538273,13.621152450153843,0.0,1.7941378429889197,-0.06168225526430055,0.0,0.0,0.0,2.9546839559413662,0,0,0,0,0,0,0.13943099553847674,-0.032700081547484966,0.2866506950087643,0.0,0.0,0.0
image_2478.png,surface,0.0,0.0,2.8039137077377996,-12.670823178615393,9.701730755560385,0.0,2.408921681938623,-0.19059250681233944,0.0,0.0,0.0,0.9983277076680812,0,0,0,0,0,0,0.5022754421291424,-0.1756950982726683,1.3416913881221153,0.0,0.0,0.0
image_2479.png,surface,0.0,0.0,0.5492118955410348,-5.634878902048297,16.743083691891677,0.0,-0.013803222840847887,-0.838008602366585,0.0,0.0,0.0,-1.3597675376884892,0,0,0,0,0,0,0.011852479269716798,-0.029443759384436226,0.08125900748904709,0.0,0.0,0.0
image_2480.png,surface,0.0,0.0,1.8869753444074415,18.587113645271305,12.839167352655803,0.0,2.728758558686738,0.4051965163562535,0.0,0.0,0.0,-1.6718438214458264,0,0,0,0,0,0,0.2567215354508823,-0.0030628305562588887,0.735685424768929,0.0,0.0,0.0
image_2481.png,surface,0.0,0.0,1.7683284778833377,10.82072173048744,-4.617132164514554,0.0,1.0573749437902789,-1.7193607272992064,0.0,0.0,0.0,0.6579373484806137,0,0,0,0,0,0,0.14736460807481905,-0.1605807295081406,0.4623657623160759,0.0,0.0,0.0
image_2482.png,surface,0.0,0.0,0.9753489078114106,-11.946532527877734,-20.50050623874464,0.0,-2.3469346462153644,1.2590532096426834,0.0,0.0,0.0,1.8520706413384405,0,0,0,0,0,0,-0.17444207483994573,0.09396613128762783,0.4769026169122204,0.0,0.0,0.0
image_2483.png,surface,0.0,0.0,1.5703666547236868,2.7479587466790507,-7.888122802261497,0.0,-0.6046543521708077,-0.1502475746304773,0.0,0.0,0.0,-1.2076872780366834,0,0,0,0,0,0,-0.10957303575514667,-0.08196965166665703,0.3695174652181219,0.0,0.0,0.0
image_2484.png,surface,0.0,0.0,1.2422300634423236,7.460318308607147,-4.810659845723576,0.0,-0.07533946937806685,-0.05916351175835518,0.0,0.0,0.0,-1.2031457464132775,0,0,0,0,0,0,0.003267497816137784,-0.03592808786563766,0.23482714332407612,0.0,0.0,0.0
image_2485.png,surface,0.0,0.0,2.176024604159811,-10.549418492655095,2.525988265113722,0.0,-1.9383146517732281,1.5669637012092485,0.0,0.0,0.0,1.622136586679968,0,0,0,0,0,0,-0.25259112600840533,0.17711246361996608,0.6622642605413983,0.0,0.0,0.0
image_2486.png,surface,0.0,0.0,2.3828218206442324,9.965331499332324,-0.5685214042306538,0.0,1.9166911856345592,-2.107721742867483,0.0,0.0,0.0,0.11100848749144454,0,0,0,0,0,0,0.2618229107092401,-0.22489073257461156,0.8468130907953074,0.0,0.0,0.0
image_2487.png,surface,0.0,0.0,2.4284892200680392,-18.454799251454006,-11.57658142249777,0.0,1.367287106647983,-1.7944623409649754,0.0,0.0,0.0,1.9502062689216269,0,0,0,0,0,0,0.6390842212087439,-0.8856173766871295,2.9510082790626484,0.0,0.0,0.0
image_2488.png,surface,0.0,0.0,1.4858798123054946,8.870370123184475,-11.203715125017768,0.0,-0.47221649080257266,-0.42050086855734353,0.0,0.0,0.0,-1.0601606183668006,0,0,0,0,0,0,-0.08437358124205298,-0.10627408520245543,0.43640039438305517,0.0,0.0,0.0
image_2489.png,surface,0.0,0.0,0.9784733953721598,10.186403531499334,7.670063760124915,0.0,1.9684927517731925,2.129562419118543,0.0,0.0,0.0,-1.0468979043711748,0,0,0,0,0,0,0.05135465594213245,0.030784042709517127,0.14409573380786445,0.0,0.0,0.0
image_2490.png,surface,0.0,0.0,1.2351252741862262,12.556084583978706,-8.068221105767337,0.0,-0.08406214926562791,-1.3012542404032663,0.0,0.0,0.0,2.2474231702424046,0,0,0,0,0,0,0.007425301278498727,-0.12831325114656786,0.29462251849697274,0.0,0.0,0.0
image_2491.png,surface,0.0,0.0,1.8368352748667875,-5.00922307885588,9.879408550434853,0.0,1.0934687278373447,-2.7935712069882666,0.0,0.0,0.0,-0.6048426023895876,0,0,0,0,0,0,0.10636184786876952,-0.17680728173608629,0.5051523477103504,0.0,0.0,0.0
image_2492.png,surface,0.0,0.0,2.0382565252520886,19.227588049702558,-12.03368699720028,0.0,-0.604460680240151,1.693869848950596,0.0,0.0,0.0,-1.351273814985234,0,0,0,0,0,0,0.1128907559410712,0.6712176646465137,2.101754515137756,0.0,0.0,0.0
image_2493.png,surface,0.0,0.0,2.487182444343432,-0.5411092358867954,19.10827672836306,0.0,-2.6733750888185503,-0.09313899912758394,0.0,0.0,0.0,-2.7772422902773752,0,0,0,0,0,0,-0.700118097509813,-0.03615304152231201,1.7753049937899645,0.0,0.0,0.0
image_2494.png,surface,0.0,0.0,2.2993409787796053,13.143556091946696,-0.19054344729918993,0.0,0.6720965950845729,-2.0063537761624053,0.0,0.0,0.0,-0.41950673253765824,0,0,0,0,0,0,0.1499716056337591,-0.2580894876127664,0.7311300970613814,0.0,0.0,0.0
image_2495.png,surface,0.0,0.0,0.9359247664786667,-0.3947929797224602,-24.992647900369995,0.0,-1.245586976143074,0.9390644044481974,0.0,0.0,0.0,-1.6047501494548067,0,0,0,0,0,0,-0.20693442620209984,0.13044637812873894,0.5367113901077865,0.0,0.0,0.0
image_2496.png,surface,0.0,0.0,2.359977471932133,-23.507523961190593,-4.735156356444877,0.0,-1.9890752462952406,1.0693975652034389,0.0,0.0,0.0,0.050009399680918776,0,0,0,0,0,0,-0.483924492586995,0.06851962534102095,1.530724089962668,0.0,0.0,0.0
image_2497.png,surface,0.0,0.0,0.7877767613719315,11.248804159522482,17.53700603631821,0.0,-1.1635637188201118,-2.6782058157518356,0.0,0.0,0.0,-2.0391244101061536,0,0,0,0,0,0,-0.0019815007715937583,-0.06446102090591678,0.1830839797754039,0.0,0.0,0.0
image_2498.png,surface,0.0,0.0,2.794386182018596,10.065440293486226,9.007870955294527,0.0,0.4191996232902278,1.9918315586905169,0.0,0.0,0.0,2.696024515576182,0,0,0,0,0,0,0.05727176423702964,0.6433407153463265,1.6840242653443127,0.0,0.0,0.0
image_2499.png,surface,0.0,0.0,2.2244251486165743,-2.889583789730518,-3.619325097618185,0.0,-1.817045147561314,0.4589756153024541,0.0,0.0,0.0,2.137483584680851,0,0,0,0,0,0,-0.3688330837152593,0.08949222779404781,0.6332352114246731,0.0,0.0,0.0
image_2500.png,surface,0.0,0.0,0.779783416224848,-17.968849947926383,-0.9922868931161739,0.0,-2.0748074691151945,1.1875656183712395,0.0,0.0,0.0,1.6261989041999731,0,0,0,0,0,0,-0.07873041314599365,0.038844619889933395,0.20043441913209223,0.0,0.0,0.0
image_2501.png,surface,0.0,0.0,2.591444626658891,21.7894757134368,2.591283435322557,0.0,2.4062533245281306,0.8533992742686736,0.0,0.0,0.0,2.2210347036488267,0,0,0,0,0,0,0.54022376911815,0.491001469805438,2.0472401939003273,0.0,0.0,0.0
image_2502.png,surface,0.0,0.0,2.1960472865085134,-13.947208649803965,2.7393074749073913,0.0,0.9673819250020921,-0.47199121565267976,0.0,0.0,0.0,2.5795366128187647,0,0,0,0,0,0,0.3037540238113514,-0.2078052663848183,0.877121651076946,0.0,0.0,0.0
image_2503.png,surface,0.0,0.0,2.279742816886878,21.12840880502329,10.099434532270456,0.0,0.10279591789904946,0.9063033363977027,0.0,0.0,0.0,-1.6025681786826709,0,0,0,0,0,0,-0.004599151560488646,0.5047818476548618,1.7600580439923483,0.0,0.0,0.0
image_2504.png,surface,0.0,0.0,1.7185721896392046,3.081286727067882,21.817610978698266,0.0,1.7017368917512101,-0.595848863878801,0.0,0.0,0.0,-0.27177110395457227,0,0,0,0,0,0,0.16270221542975075,-0.06965225913686399,0.5369726515498366,0.0,0.0,0.0
image_2505.png,surface,0.0,0.0,2.011763037024724,19.08701300920244,-14.00810824443283,0.0,-1.41228480217758,-1.1199868175449017,0.0,0.0,0.0,2.175503194618294,0,0,0,0,0,0,-0.2992522732104498,-0.1424806122095711,1.1428959937632286,0.0,0.0,0.0
image_2506.png,surface,0.0,0.0,1.5702840557819093,12.441915152224864,13.559814888437607,0.0,0.9300204653918297,1.2570272080326688,0.0,0.0,0.0,-1.282774423022628,0,0,0,0,0,0,0.098965462500148,0.13232938181432802,0.45492985973463845,0.0,0.0,0.0
image_2507.png,surface,0.0,0.0,1.9187738937199512,6.6693214672093015,18.330120890597435,0.0,-1.7055876500205986,-0.6785500673947905,0.0,0.0,0.0,1.3131460491976155,0,0,0,0,0,0,-0.27779058052149924,-0.08258316163940532,0.7965124476873581,0.0,0.0,0.0
image_2508.png,surface,0.0,0.0,2.4744779064261353,-13.263726609178454,4.0180256546805575,0.0,-2.326384502341604,-0.40108837698929384,0.0,0.0,0.0,-2.1366820546449583,0,0,0,0,0,0,-0.46419166693070935,-0.21123148361724348,1.2449219363896233,0.0,0.0,0.0
image_2509.png,surface,0.0,0.0,0.9994110283223446,-19.555500188412363,-6.333743234011792,0.0,-1.0656006922422352,-1.9451150656276313,0.0,0.0,0.0,-0.8396992890967332,0,0,0,0,0,0,-0.03184098244491773,-0.18369275135331525,0.4726710747525138,0.0,0.0,0.0
image_2510.png,surface,0.0,0.0,2.6897401000253436,-2.642167210027882,-4.036159202136583,0.0,2.700444369664211,1.0912209145170728,0.0,0.0,0.0,-0.5664962472025978,0,0,0,0,0,0,0.4601099579680258,0.07719056628919706,1.2016731192132604,0.0,0.0,0.0
image_2511.png,surface,0.0,0.0,1.265022595130738,9.979870746208544,-3.0758155444880293,0.0,0.7093157574097066,-0.3763134284960683,0.0,0.0,0.0,0.1139456350131951,0,0,0,0,0,0,0.10858076347935602,-0.041902731138709674,0.25704106490970524,0.0,0.0,0.0
image_2512.png,surface,0.0,0.0,0.8689162716064296,-12.122160457903862,11.759427801985842,0.0,-1.2050956787363432,-0.34220686431946307,0.0,0.0,0.0,1.487733339377482,0,0,0,0,0,0,-0.054486705548845306,-0.03117102592309689,0.16632305341616274,0.0,0.0,0.0
image_2513.png,surface,0.0,0.0,2.086372653253422,-10.327169507393336,21.299616075549757,0.0,-0.9252457998671483,-1.3769114100941777,0.0,0.0,0.0,0.22743145079319227,0,0,0,0,0,0,-0.31849505028881386,-0.3977857084075568,1.304699447532294,0.0,0.0,0.0
image_2514.png,surface,0.0,0.0,1.8110243732492433,7.676219570840845,-17.15847822912609,0.0,1.9057008578217112,-0.8410299288422223,0.0,0.0,0.0,-0.20137732432528832,0,0,0,0,0,0,0.37057716964785997,-0.10439894702933764,1.1280465186381354,0.0,0.0,0.0
image_2515.png,surface,0.0,0.0,1.2288337232634465,-20.692923161642636,-6.261183789745459,0.0,0.6913502024096339,-1.5365650381385456,0.0,0.0,0.0,-0.8940819878027537,0,0,0,0,0,0,0.1209719918067873,-0.26596601180135815,0.7223543922130172,0.0,0.0,0.0
image_2516.png,surface,0.0,0.0,2.070426804308349,15.52941856711405,14.21875679692231,0.0,-1.8520883314884335,-2.1784556062582054,0.0,0.0,0.0,-0.5738867850921965,0,0,0,0,0,0,-0.2589039257016241,-0.21779132101816764,0.8787763068765991,0.0,0.0,0.0
image_2517.png,surface,0.0,0.0,2.285879685110257,-5.754908006553162,5.3917692394456616,0.0,1.7902975644892103,-1.6915977272470437,0.0,0.0,0.0,-0.28468769324568033,0,0,0,0,0,0,0.23347923146948554,-0.22737151520800666,0.7617401128530784,0.0,0.0,0.0
image_2518.png,surface,0.0,0.0,1.1814700194224543,-0.15919008958013942,-6.882249628961831,0.0,1.0745026358567007,-2.307867153074694,0.0,0.0,0.0,-2.3120085467346905,0,0,0,0,0,0,0.059289790368468376,-0.0901198956892442,0.22205436171271772,0.0,0.0,0.0
image_2519.png,surface,0.0,0.0,0.7916021011560224,17.7144607061235,7.997111030129714,0.0,1.3074365493707432,2.0790756556898127,0.0,0.0,0.0,-0.7448143211425675,0,0,0,0,0,0,0.04212287124129741,0.0361546146248062,0.20690566408134367,0.0,0.0,0.0
image_2520.png,surface,0.0,0.0,1.7757627928691473,-8.647187972533489,-22.18175965139608,0.0,-1.827933209909641,1.0405353697206068,0.0,0.0,0.0,-1.0500875789080573,0,0,0,0,0,0,-0.34255308730675016,0.17946110564384615,0.9745051788484435,0.0,0.0,0.0
image_2521.png,surface,0.0,0.0,1.2074482927615735,17.594987028665667,9.966759291619448,0.0,1.339838275748925,0.27844242042746437,0.0,0.0,0.0,2.9990027499929726,0,0,0,0,0,0,0.13371021105274658,0.0010775752085450813,0.36749436379506417,0.0,0.0,0.0
image_2522.png,surface,0.0,0.0,1.3130628524761083,-3.063526448399119,11.081574350510808,0.0,-2.485234058656417,1.4693063924378715,0.0,0.0,0.0,1.0410384272859572,0,0,0,0,0,0,-0.07936960694328189,0.04057817883857094,0.2438440125804864,0.0,0.0,0.0
image_2523.png,surface,0.0,0.0,1.7349223052435279,8.50643179153403,8.977337136379985,0.0,-0.8428752260532472,1.2758760619277567,0.0,0.0,0.0,-0.9895570486046781,0,0,0,0,0,0,-0.1253915603480379,0.18725740160523244,0.5033905077293424,0.0,0.0,0.0
image_2524.png,surface,0.0,0.0,2.328001164106296,15.204453545259106,13.903255707451338,0.0,0.4263969451416987,1.351703447901794,0.0,0.0,0.0,2.598889799955751,0,0,0,0,0,0,-0.01774523732471762,0.5124271257768028,1.5122482167017626,0.0,0.0,0.0
image_2525.png,surface,0.0,0.0,0.5373999504418236,17.83105785673462,15.706770226256674,0.0,1.1230722031802531,-0.3620423662988918,0.0,0.0,0.0,0.909227442846003,0,0,0,0,0,0,0.06271404285394139,-0.038662140000603175,0.1897204670042429,0.0,0.0,0.0
image_2526.png,surface,0.0,0.0,1.695543429259709,0.5580777214445592,11.184344089171224,0.0,0.5045145589238202,0.38200704691673243,0.0,0.0,0.0,1.900849806383638,0,0,0,0,0,0,0.13859547793202115,0.08508596770771958,0.3595560353635287,0.0,0.0,0.0
image_2527.png,surface,0.0,0.0,0.8087253542031276,15.27313063858179,-15.881456318775802,0.0,1.8446563476297626,1.4281772554722567,0.0,0.0,0.0,2.2024263949280094,0,0,0,0,0,0,0.11954750277283052,0.05255263502462259,0.4414648469520343,0.0,0.0,0.0
image_2528.png,surface,0.0,0.0,2.633069558528721,11.142391248597411,-13.440351970756083,0.0,-0.5709039280803355,-1.4569080831565386,0.0,0.0,0.0,0.5635700954722385,0,0,0,0,0,0,0.041803274342653296,-0.2097920948350261,1.680045052611542,0.0,0.0,0.0
image_2529.png,surface,0.0,0.0,1.1494418720448667,21.850921099378557,-3.2181570919485987,0.0,-2.4545916794510543,-1.3518189453528011,0.0,0.0,0.0,0.4727780017524523,0,0,0,0,0,0,-0.1569403399141952,-0.037985705928085804,0.45492985973463845,0.0,0.0,0.0
image_2530.png,surface,0.0,0.0,1.5100085861524397,2.321522034996054,-10.84748079211119,0.0,0.19805023965919272,0.6805770799098111,0.0,0.0,0.0,0.8099349150334838,0,0,0,0,0,0,0.08179854337297691,0.14003601093354323,0.4296745870030882,0.0,0.0,0.0
image_2531.png,surface,0.0,0.0,0.6185586218736743,21.107939375392572,10.158385650388862,0.0,-0.9073424199202622,2.7594843549409545,0.0,0.0,0.0,2.9942936972868033,0,0,0,0,0,0,-0.034635172473063594,0.05951518666406879,0.24809565177419793,0.0,0.0,0.0
image_2532.png,surface,0.0,0.0,0.8728569645167199,19.012085480950827,-4.08079814708621,0.0,2.0643626225702345,-0.12321899534429658,0.0,0.0,0.0,2.843517655911464,0,0,0,0,0,0,0.11293641264087742,-0.04057188642859411,0.29419824777911274,0.0,0.0,0.0
image_2533.png,surface,0.0,0.0,0.5044744758055513,-14.58020115222437,3.5109391749069365,0.0,2.6872433976390964,1.0490525534937516,0.0,0.0,0.0,-2.572844035515268,0,0,0,0,0,0,0.044329611731935524,-0.0035504923294690884,0.08132599760239323,0.0,0.0,0.0
image_2534.png,surface,0.0,0.0,1.4000882732255557,-6.864813274442326,-19.823381391844187,0.0,1.9397932647794696,0.23019217706687364,0.0,0.0,0.0,0.6841187622001654,0,0,0,0,0,0,0.31250184749423937,-0.06530735004781059,0.9336412097072081,0.0,0.0,0.0
image_2535.png,surface,0.0,0.0,2.5267195172929693,-4.590704091025933,20.11355584708319,0.0,2.349038748824129,-1.5384059596311874,0.0,0.0,0.0,0.17827031260181414,0,0,0,0,0,0,0.31291275779249617,-0.2500525069697634,1.075267241336373,0.0,0.0,0.0
image_2536.png,surface,0.0,0.0,1.9394461130897505,-0.44882267464403547,-11.629293073497765,0.0,2.294269499760508,0.9206595681218758,0.0,0.0,0.0,-0.22123053404291682,0,0,0,0,0,0,0.2961567489635819,0.009306474355843586,0.8015009781278785,0.0,0.0,0.0
image_2537.png,surface,0.0,0.0,2.5997653635625517,1.1983643261000947,-0.08072729724180518,0.0,1.9396802498907149,0.7046255556022958,0.0,0.0,0.0,-2.646094330780691,0,0,0,0,0,0,0.39159903612867664,0.07208427559293805,0.9203503712193049,0.0,0.0,0.0
image_2538.png,surface,0.0,0.0,0.9386457518584025,-2.9379497863476374,4.720805993058618,0.0,0.022075028430246352,-2.00645879263742,0.0,0.0,0.0,-0.2889486030536279,0,0,0,0,0,0,0.026812657906249628,-0.045064667152104755,0.09465703015830451,0.0,0.0,0.0
image_2539.png,surface,0.0,0.0,2.1933538825025973,-19.36216450940999,15.30520677221487,0.0,1.2714074477060269,1.3896222442560586,0.0,0.0,0.0,-0.08833547844533829,0,0,0,0,0,0,0.30137987542142347,0.17664839838416932,0.9899129049180895,0.0,0.0,0.0
image_2540.png,surface,0.0,0.0,2.3646439097334735,-6.803103846261877,-16.676418564743216,0.0,1.1222692077555314,-0.6216993335582298,0.0,0.0,0.0,-1.2815757704156552,0,0,0,0,0,0,0.6911328589879322,-0.37952198844958757,2.0997425787335913,0.0,0.0,0.0
image_2541.png,surface,0.0,0.0,1.3600022149764226,3.9431987784764773,-16.043164903759365,0.0,-2.6158173528861557,0.212275014322366,0.0,0.0,0.0,2.141137521678713,0,0,0,0,0,0,-0.18360385260107753,0.013926676381386616,0.4206979118146853,0.0,0.0,0.0
image_2542.png,surface,0.0,0.0,0.7857442028207141,0.3359300131368273,14.63616767237574,0.0,-2.481295974023566,1.3189894513466909,0.0,0.0,0.0,0.9630257883176272,0,0,0,0,0,0,-0.025954311949891395,0.0074612251301159616,0.1140171729153816,0.0,0.0,0.0
image_2543.png,surface,0.0,0.0,2.355506891568739,14.828785338784197,18.26957231359114,0.0,-2.0761384567317593,-0.056052382264358935,0.0,0.0,0.0,-2.0817637838006244,0,0,0,0,0,0,-0.7575998825659519,0.20376081987216185,2.1356269494494198,0.0,0.0,0.0
image_2544.png,surface,0.0,0.0,1.8036763149579358,10.370838959882395,-17.681014498518444,0.0,1.2186747539156046,1.545070599963632,0.0,0.0,0.0,-0.1815800609873337,0,0,0,0,0,0,0.37459495923081515,0.3213046113432557,1.35462941201306,0.0,0.0,0.0
image_2545.png,surface,0.0,0.0,1.6743283092595416,18.587879041400097,-14.923589518202915,0.0,1.832442352796109,1.8539047613608264,0.0,0.0,0.0,2.3455212282196527,0,0,0,0,0,0,0.38806368567367505,0.41300547503919743,1.5932258657147544,0.0,0.0,0.0
image_2546.png,surface,0.0,0.0,2.59277509924708,-5.833925387547752,9.433606022687659,0.0,-0.2732119186181129,0.865398375429403,0.0,0.0,0.0,-0.9176994234032607,0,0,0,0,0,0,-0.08883271892313539,0.16765654452717102,1.03104483451271,0.0,0.0,0.0
image_2547.png,surface,0.0,0.0,1.7322653182424481,2.538382491694585,19.831459905940317,0.0,-1.7687663085081486,-0.19571754865597302,0.0,0.0,0.0,2.5191533174479517,0,0,0,0,0,0,-0.21722544633844107,-0.023119887357645964,0.666350657455521,0.0,0.0,0.0
image_2548.png,surface,0.0,0.0,1.2374386484604232,-18.28085140172314,-15.437789192059784,0.0,2.637518985867322,-0.8877399970381001,0.0,0.0,0.0,2.6807140824416837,0,0,0,0,0,0,0.29734534504853943,-0.14468138259899385,0.9032276982479946,0.0,0.0,0.0
image_2549.png,surface,0.0,0.0,2.371079320105375,4.603726023397847,-17.98578350121183,0.0,1.440410959309585,2.2052247923993527,0.0,0.0,0.0,-0.270308752560549,0,0,0,0,0,0,0.7158498743730721,0.47623003738465236,2.1983475595717676,0.0,0.0,0.0
image_2550.png,surface,0.0,0.0,1.174617969040065,6.473022635310174,-10.606208759223247,0.0,0.03988551363333374,2.955317824023228,0.0,0.0,0.0,-0.04608139628186869,0,0,0,0,0,0,-0.007630756427627361,0.08551857089363187,0.29134000294300433,0.0,0.0,0.0
image_2551.png,surface,0.0,0.0,1.190713720379397,7.529336320769254,10.104416861616206,0.0,-0.5415309409522272,-0.852595679916275,0.0,0.0,0.0,2.038989146060131,0,0,0,0,0,0,-0.03410555475531045,-0.09947828242739729,0.20298004343925138,0.0,0.0,0.0
image_2552.png,surface,0.0,0.0,1.0218369736541093,-14.228266423726424,4.628271354688765,0.0,0.22423917195008505,2.9280022601131024,0.0,0.0,0.0,1.7436274406597905,0,0,0,0,0,0,0.012217732868167297,0.08183751105714189,0.18224883636235362,0.0,0.0,0.0
image_2553.png,surface,0.0,0.0,0.7584683096199116,12.640884513864666,-19.109688960476845,0.0,0.5850126780664593,-2.230395191902285,0.0,0.0,0.0,-2.714041502783365,0,0,0,0,0,0,0.09050375413604587,-0.1284076372962214,0.41909014909437475,0.0,0.0,0.0
image_2554.png,surface,0.0,0.0,2.5039389901710343,-20.843398264709815,-5.950996768303201,0.0,-0.8667794465438106,0.5462049487735823,0.0,0.0,0.0,-0.19887508552363187,0,0,0,0,0,0,-0.11368518251770118,-0.2915069038976183,1.8870579008742407,0.0,0.0,0.0
image_2555.png,surface,0.0,0.0,2.251712335514002,-0.585001195584907,-20.409633902651272,0.0,-0.219354143779564,-0.5600967756514093,0.0,0.0,0.0,-2.239666782185167,0,0,0,0,0,0,0.2989707235616441,-0.24524982505488993,1.752063890466359,0.0,0.0,0.0
image_2556.png,surface,0.0,0.0,1.458032963496124,-3.1376118969065434,18.728724337026822,0.0,-1.424028196957372,-0.27105141822134965,0.0,0.0,0.0,-1.6173610960795173,0,0,0,0,0,0,-0.12560158116714687,-0.02727287794240375,0.4441131894329915,0.0,0.0,0.0
image_2557.png,surface,0.0,0.0,2.312461172111708,22.321621570296678,-9.209933700525488,0.0,0.9198761816269774,-2.66017372684096,0.0,0.0,0.0,0.3105352036527709,0,0,0,0,0,0,0.3042379848292979,-0.3999455781321293,1.4250136911022264,0.0,0.0,0.0
image_2558.png,surface,0.0,0.0,2.9031144420093202,-1.0098852287264404,-11.77123572768743,0.0,0.8302246738646324,-0.5349769703468412,0.0,0.0,0.0,-2.5279434570214767,0,0,0,0,0,0,0.5380002878375832,-0.2510058070812648,2.1940378622798233,0.0,0.0,0.0
image_2559.png,surface,0.0,0.0,1.6656214875757502,21.08968920819694,8.809354724687072,0.0,-1.0440319239273699,0.8210356525320045,0.0,0.0,0.0,-0.7183563225683827,0,0,0,0,0,0,-0.26742955344545477,0.27565003075581607,1.0497797362118895,0.0,0.0,0.0
image_2560.png,surface,0.0,0.0,1.7207133913475081,11.559934178906653,18.64907555794138,0.0,-1.5735584578324662,-0.41942122049128955,0.0,0.0,0.0,-1.4164920912143981,0,0,0,0,0,0,-0.2538284225731564,-0.037796933628778666,0.7656969955480656,0.0,0.0,0.0
image_2561.png,surface,0.0,0.0,1.8226518862823367,-2.9988188151161665,-4.4191699872228325,0.0,1.6325469624391256,-2.1599858233672875,0.0,0.0,0.0,-1.9573266976153547,0,0,0,0,0,0,0.16020479395034568,-0.17433593771765662,0.4775055279323369,0.0,0.0,0.0
image_2562.png,surface,0.0,0.0,1.1664004511390278,-21.84166807247346,5.257661630924761,0.0,2.024216500352511,2.0164548319917612,0.0,0.0,0.0,-0.2958769831189274,0,0,0,0,0,0,0.1680897060068948,0.05617077076134336,0.43124662166294736,0.0,0.0,0.0
image_2563.png,surface,0.0,0.0,1.1200101496256438,11.646495712812822,-6.879692498299171,0.0,1.261957679666384,-1.52785172959888,0.0,0.0,0.0,-1.3309848818920285,0,0,0,0,0,0,0.08805351124644094,-0.10042843633391009,0.2578449462698607,0.0,0.0,0.0
image_2564.png,surface,0.0,0.0,1.720961805624565,20.09723890611202,14.533662628800668,0.0,-0.7993871146396404,0.29484678924348684,0.0,0.0,0.0,2.5347841068886607,0,0,0,0,0,0,-0.27952857889412563,0.16399436192061184,1.0253506748782757,0.0,0.0,0.0
image_2565.png,surface,0.0,0.0,1.7518261525675498,-15.577405923472975,19.43220339110443,0.0,2.4441647344837665,-1.526725151765903,0.0,0.0,0.0,2.0974808008972,0,0,0,0,0,0,0.24916230785295168,-0.19254302598583337,0.7474779177216543,0.0,0.0,0.0
image_2566.png,surface,0.0,0.0,1.2232049337379218,-11.474137622459185,-9.467852900565873,0.0,1.3314101834818215,-0.662176853252686,0.0,0.0,0.0,-0.6771523547365259,0,0,0,0,0,0,0.1731880374852655,-0.1072179466989914,0.4320192409702079,0.0,0.0,0.0
image_2567.png,surface,0.0,0.0,1.9557823337106748,0.6679874498331785,8.314464313825143,0.0,0.12296327401792272,-0.7879713330774164,0.0,0.0,0.0,-1.0043654628876386,0,0,0,0,0,0,0.054313210089580975,-0.19219694343710356,0.4584803357419916,0.0,0.0,0.0
image_2568.png,surface,0.0,0.0,2.42697838713291,13.771845277701335,9.703130619568443,0.0,2.1325070985319905,1.138466487495838,0.0,0.0,0.0,2.2202961088745745,0,0,0,0,0,0,0.35809767170080353,0.2051530155795523,1.0228720406844625,0.0,0.0,0.0
image_2569.png,surface,0.0,0.0,2.2239465904330156,-7.844570035544137,-17.72500745857239,0.0,-1.8817889143963233,-0.34628568696553647,0.0,0.0,0.0,-0.5766818863064187,0,0,0,0,0,0,-0.2811174320473852,-0.26397446404366737,1.3128052512471955,0.0,0.0,0.0
image_2570.png,surface,0.0,0.0,0.867771178641762,-21.262742409110036,-5.189505699813981,0.0,1.3381027046221512,-0.7933841876949547,0.0,0.0,0.0,-0.9659221914077083,0,0,0,0,0,0,0.13355497827340518,-0.13340066461289612,0.4414648469520343,0.0,0.0,0.0
image_2571.png,surface,0.0,0.0,2.105979424872855,-22.439083431636615,4.772609613834596,0.0,-0.4792345412395318,0.3245068080311542,0.0,0.0,0.0,1.42456612046219,0,0,0,0,0,0,-0.04572061918603465,-0.20245357169945982,1.261193834921438,0.0,0.0,0.0
image_2572.png,surface,0.0,0.0,0.5085457237257711,4.033326317893507,17.5929027191323,0.0,0.3126390512266215,0.49222091258641976,0.0,0.0,0.0,0.8348620378083469,0,0,0,0,0,0,0.034726485872675905,0.004044446512656147,0.07878037329523435,0.0,0.0,0.0
image_2573.png,surface,0.0,0.0,1.4817419171852664,10.477064466678307,-19.5441199726611,0.0,-1.5506836689173664,-1.2112793057667415,0.0,0.0,0.0,-2.5692649809502854,0,0,0,0,0,0,-0.15981671200199235,-0.201558476380245,0.6900316625234345,0.0,0.0,0.0
image_2574.png,surface,0.0,0.0,1.6525696228825735,9.798641961197335,5.44563518269165,0.0,1.827111902643084,0.4756489680664084,0.0,0.0,0.0,-1.5544233479721157,0,0,0,0,0,0,0.15921099978456174,-0.0015683831867437843,0.3666726184046826,0.0,0.0,0.0
image_2575.png,surface,0.0,0.0,2.4888919673049714,-0.41521200532023156,-8.060977423312744,0.0,1.2077227743700352,0.3212270451401436,0.0,0.0,0.0,1.3752951764896864,0,0,0,0,0,0,0.4740809081087551,0.050926047045592386,1.185568695964814,0.0,0.0,0.0
image_2576.png,surface,0.0,0.0,2.7002347324548635,14.574429646957045,-1.8446072804974878,0.0,-2.8195959038101974,-0.9990103961632134,0.0,0.0,0.0,-2.773646221917046,0,0,0,0,0,0,-0.603417207320058,-0.12340674446707557,1.4385121989415037,0.0,0.0,0.0
image_2577.png,surface,0.0,0.0,2.295494309070013,-7.5239914718110255,-23.81252743554381,0.0,1.493718440771071,-1.1196849795318393,0.0,0.0,0.0,-2.782889583088008,0,0,0,0,0,0,1.048959634269885,-0.6132220949918674,3.3325571686377624,0.0,0.0,0.0
image_2578.png,surface,0.0,0.0,2.438130624823867,18.40155534898204,-15.129633237773051,0.0,-0.6007483268247917,0.7959633561718673,0.0,0.0,0.0,-1.0651619515085031,0,0,0,0,0,0,0.33628898809332475,0.5699837998355594,2.9042179178940444,0.0,0.0,0.0
image_2579.png,surface,0.0,0.0,2.829034481015776,-7.927354934645632,15.773264765870154,0.0,-2.2428211546240835,0.06434708594908,0.0,0.0,0.0,0.3939237577894552,0,0,0,0,0,0,-0.8346136037992287,-0.22812660440523544,2.2768823024513996,0.0,0.0,0.0
image_2580.png,surface,0.0,0.0,1.711367869876612,7.842917589515128,-11.586204424483423,0.0,1.6385435480845216,-1.5176446401157138,0.0,0.0,0.0,1.2650411719233512,0,0,0,0,0,0,0.24132305249620872,-0.1692060504839841,0.6142055532267714,0.0,0.0,0.0
image_2581.png,surface,0.0,0.0,1.1993005378780741,11.80446597863134,21.548046454881877,0.0,0.8764263392548168,1.3970049508765887,0.0,0.0,0.0,-0.7926925916800096,0,0,0,0,0,0,0.0861724552144212,0.09475268253474098,0.4371998097356545,0.0,0.0,0.0
image_2582.png,surface,0.0,0.0,1.425352213816518,-8.009932520493427,6.450584040668364,0.0,1.6555284814775064,2.3623152257453834,0.0,0.0,0.0,-1.1124156548678668,0,0,0,0,0,0,0.10257234178484609,0.07513137512425468,0.24216925974682926,0.0,0.0,0.0
image_2583.png,surface,0.0,0.0,1.5715596052426695,7.823864122851434,7.894612985810532,0.0,2.3469648427298573,-1.5841076504677594,0.0,0.0,0.0,-0.3083009626981439,0,0,0,0,0,0,0.12613119888489968,-0.1102839234602387,0.30946752761450985,0.0,0.0,0.0
image_2584.png,surface,0.0,0.0,1.2903831207145187,-4.989615298303436,-8.20586991898907,0.0,-0.9130120959510486,-1.9117270390017937,0.0,0.0,0.0,-2.2304734868390614,0,0,0,0,0,0,-0.003387727125628037,-0.15375031847820933,0.29207689418981353,0.0,0.0,0.0
image_2585.png,surface,0.0,0.0,1.2592853469657257,-0.24874869728551827,-11.105905534718476,0.0,-0.9789588692823835,-2.4369852438982105,0.0,0.0,0.0,-1.964804872900847,0,0,0,0,0,0,0.0028124527080682915,-0.16587893870869513,0.3133685852150419,0.0,0.0,0.0
image_2586.png,surface,0.0,0.0,2.956724609347904,-8.087973353680479,-2.150783148200701,0.0,0.943796665671116,0.9270226645384269,0.0,0.0,0.0,-2.427630934318326,0,0,0,0,0,0,0.4093123137635297,0.1013282509606075,1.5224351799379547,0.0,0.0,0.0
image_2587.png,surface,0.0,0.0,2.98081722768239,13.881134602563382,-10.980090501283069,0.0,-1.7928486322949146,-0.7717368049505956,0.0,0.0,0.0,1.9877253306675406,0,0,0,0,0,0,-0.3012155113021209,-0.022553570459724444,2.08359349540958,0.0,0.0,0.0
image_2588.png,surface,0.0,0.0,2.107320228894085,-7.904057772616786,18.032353112624705,0.0,-1.1776073694967824,-2.0476740065944323,0.0,0.0,0.0,0.038502810192099446,0,0,0,0,0,0,-0.2270690308166807,-0.36426918666556785,1.08590973734332,0.0,0.0,0.0
image_2589.png,surface,0.0,0.0,2.5244845895154002,15.678496592177027,-9.08839997623874,0.0,-1.4145508722771132,-2.0563100419232154,0.0,0.0,0.0,-1.3663610720592145,0,0,0,0,0,0,-0.20113602532669897,-0.39652408020718716,1.2621339295120635,0.0,0.0,0.0
image_2590.png,surface,0.0,0.0,2.302862133368134,-2.4409994088856948,0.6820301938089163,0.0,-2.1148946013152803,0.24231906999770003,0.0,0.0,0.0,-0.5686750870476551,0,0,0,0,0,0,-0.2801221159916078,-0.01909903738240321,0.7514839264997616,0.0,0.0,0.0
image_2591.png,surface,0.0,0.0,2.205279316763131,21.103340348138207,7.233536224546406,0.0,-0.500883033301392,-0.880684778035873,0.0,0.0,0.0,-2.525242710121461,0,0,0,0,0,0,-0.1314182447224703,-0.019895027244481802,1.17462251144403,0.0,0.0,0.0
image_2592.png,surface,0.0,0.0,0.8662704782543067,-3.79669379926856,-7.4549769086729984,0.0,0.0040419418129416,-0.10072211247161177,0.0,0.0,0.0,1.8955002984020144,0,0,0,0,0,0,0.037511544560860595,-0.03648968545607647,0.12842004728483325,0.0,0.0,0.0
image_2593.png,surface,0.0,0.0,0.8418045181347118,0.5362075869220622,-1.4352948109821673,0.0,1.4679094094344607,-0.3843707154889063,0.0,0.0,0.0,1.2787716859783682,0,0,0,0,0,0,0.05133334948222283,-0.046669231696215764,0.07991920522212137,0.0,0.0,0.0
image_2594.png,surface,0.0,0.0,2.714599656633508,19.21060187779549,-10.96713472779593,0.0,2.3518821313636185,-1.353220133786678,0.0,0.0,0.0,-2.1468116914769433,0,0,0,0,0,0,0.8603274571301396,-0.10915286276688986,2.307072513532794,0.0,0.0,0.0
image_2595.png,surface,0.0,0.0,0.535667818071712,-8.365475873116777,-6.078035372514134,0.0,0.01976926982009934,1.0488508577061313,0.0,0.0,0.0,0.7731512497985635,0,0,0,0,0,0,0.01430728782930251,0.005573502137044245,0.06605225175943974,0.0,0.0,0.0
image_2596.png,surface,0.0,0.0,2.1994096976203417,-14.522516381539052,-5.654592194550626,0.0,-1.4373403256701422,1.9437835843913087,0.0,0.0,0.0,-2.540825516934519,0,0,0,0,0,0,-0.2582251627645034,0.32125741826842885,0.7818416128645215,0.0,0.0,0.0
image_2597.png,surface,0.0,0.0,2.511963346371359,-1.984771418831976,-18.835239327803635,0.0,-1.2726151640851817,2.3227408464641215,0.0,0.0,0.0,-0.4092435231974343,0,0,0,0,0,0,-0.13542994674545103,0.6110795293947311,1.562584587870162,0.0,0.0,0.0
image_2598.png,surface,0.0,0.0,2.294782595522611,2.3307076460851244,-21.03806723373854,0.0,-0.594571582527737,-1.447952083251007,0.0,0.0,0.0,2.5344978177319906,0,0,0,0,0,0,0.155762397059192,-0.3132141452154492,1.6500535788664104,0.0,0.0,0.0
image_2599.png,surface,0.0,0.0,0.8610231564637212,8.333867696202187,-8.343256424422734,0.0,2.320671321110188,-1.3226696339633255,0.0,0.0,0.0,-1.5318073923550626,0,0,0,0,0,0,0.06819284683069787,-0.05272567629898754,0.1627636453936967,0.0,0.0,0.0
image_2600.png,surface,0.0,0.0,2.1012599894414885,-7.534319278169242,-0.06401322130749028,0.0,2.9037477968940615,0.21986387527845758,0.0,0.0,0.0,-1.777068083257262,0,0,0,0,0,0,0.2941021974722984,-0.05837311425326042,0.6299951229424912,0.0,0.0,0.0
image_2601.png,surface,0.0,0.0,0.8087169303304647,9.082223801779042,10.219951994476286,0.0,-1.258539807200084,1.3034583491035974,0.0,0.0,0.0,-2.326875336314297,0,0,0,0,0,0,-0.015267600415228722,0.006706135932887269,0.11292746707161523,0.0,0.0,0.0
image_2602.png,surface,0.0,0.0,1.6556181960051135,18.277340287080612,-12.828455872340374,0.0,1.9564994743039485,-0.3095636723365882,0.0,0.0,0.0,0.6320771186373904,0,0,0,0,0,0,0.36794734373901705,0.012548638596444254,1.0980349478589984,0.0,0.0,0.0
image_2603.png,surface,0.0,0.0,2.1370813077662056,13.75518659223809,-4.852355641500147,0.0,-1.6297047512616243,-0.7024991729240242,0.0,0.0,0.0,-1.7242925526459139,0,0,0,0,0,0,-0.30755266123523606,-0.1177325637704009,0.7941142016295611,0.0,0.0,0.0
image_2604.png,surface,0.0,0.0,1.4296751179690668,-10.572581975464525,-0.6625754678171148,0.0,2.6295381118825207,-0.7655983609336009,0.0,0.0,0.0,-0.8690116047642427,0,0,0,0,0,0,0.1452613561037418,-0.0697891190538617,0.35169809506800936,0.0,0.0,0.0
image_2605.png,surface,0.0,0.0,1.7931145910284396,4.877018928690813,23.24654000718824,0.0,2.462646775983548,0.9053727896437503,0.0,0.0,0.0,-0.9642414588294952,0,0,0,0,0,0,0.2117831677215291,0.024733890516722257,0.6253393100649245,0.0,0.0,0.0
image_2606.png,surface,0.0,0.0,2.86738637596241,10.03167129865398,13.84535400411447,0.0,1.0671215964194756,0.41277969165126027,0.0,0.0,0.0,-2.279157515223557,0,0,0,0,0,0,0.25535487823668007,0.2339879842987231,1.4258577665303906,0.0,0.0,0.0
image_2607.png,surface,0.0,0.0,1.2759741197904648,-13.550550617038027,-8.477903734085158,0.0,-1.2528733492019382,0.14339588717147125,0.0,0.0,0.0,1.1767609689330243,0,0,0,0,0,0,-0.17465513943904176,-0.029786695728177635,0.35985972387736553,0.0,0.0,0.0
image_2608.png,surface,0.0,0.0,0.9375247599203671,-17.147834517736086,-15.825471778662411,0.0,1.1000023194016961,-1.7489931080584524,0.0,0.0,0.0,-0.0548016506480149,0,0,0,0,0,0,0.13117169854351596,-0.2185495564203848,0.6612594088412037,0.0,0.0,0.0
image_2609.png,surface,0.0,0.0,2.7689127895424837,-17.387385167350576,-14.180163466027038,0.0,-1.5682254292015763,-0.7405358198623362,0.0,0.0,0.0,2.6857895179576614,0,0,0,0,0,0,0.020207655334270713,-0.7710640530575594,2.7949079169431283,0.0,0.0,0.0
image_2610.png,surface,0.0,0.0,1.7081342612980681,0.13648917124837326,-17.643219794820098,0.0,1.497432619891409,0.9751564330056081,0.0,0.0,0.0,0.4306093279431038,0,0,0,0,0,0,0.3279703373886157,0.06635818251395381,0.9426446809409501,0.0,0.0,0.0
image_2611.png,surface,0.0,0.0,1.7408914978337882,18.869464509145036,4.813736199872293,0.0,0.36690763195486226,-1.2819296919776506,0.0,0.0,0.0,-2.639432409024341,0,0,0,0,0,0,0.1413227048004512,-0.20108497252948282,0.5377966299439959,0.0,0.0,0.0
image_2612.png,surface,0.0,0.0,2.883906483090591,13.25124774639774,0.024511053755047727,0.0,-1.972554712639577,0.3503122470969551,0.0,0.0,0.0,1.434547938837472,0,0,0,0,0,0,-0.5083660458833037,0.2047282779061111,1.9453259014628423,0.0,0.0,0.0
image_2613.png,surface,0.0,0.0,1.1695191655458026,-10.571062466318521,-6.628850571839621,0.0,1.7401423374951535,2.0948193507020956,0.0,0.0,0.0,1.2208868773219788,0,0,0,0,0,0,0.08572501955631928,0.09319531106545682,0.26931811968230146,0.0,0.0,0.0
image_2614.png,surface,0.0,0.0,2.4911941912313016,-0.1503662729576246,-11.315386789872228,0.0,-1.9432902393655664,-0.6696989493309589,0.0,0.0,0.0,-1.6574945923849769,0,0,0,0,0,0,-0.3808560146642534,-0.23516623806689865,1.060500387351073,0.0,0.0,0.0
image_2615.png,surface,0.0,0.0,1.9003898421452727,13.230202158119246,12.113471695400644,0.0,-1.65754109220734,-0.556804958114164,0.0,0.0,0.0,-2.095651666529969,0,0,0,0,0,0,-0.2890464789137468,-0.03765535440429826,0.744481226651296,0.0,0.0,0.0
image_2616.png,surface,0.0,0.0,2.2250444090010095,-3.5613182036657225,-23.652328095103133,0.0,0.1520827434014337,0.6288611031696085,0.0,0.0,0.0,-2.2835559479393934,0,0,0,0,0,0,0.5692294705050961,-0.06312388378582424,2.2564815799336766,0.0,0.0,0.0
image_2617.png,surface,0.0,0.0,1.6766090450255107,4.263569105134285,-4.892954906811502,0.0,1.410138073024683,-0.3987478001054961,0.0,0.0,0.0,1.6790469749664707,0,0,0,0,0,0,0.15678815091484047,-0.06290364943663261,0.3746958009797901,0.0,0.0,0.0
image_2618.png,surface,0.0,0.0,1.4596470889654365,9.844799500669723,22.43569826046823,0.0,-2.0985369934205993,-1.4967316271153548,0.0,0.0,0.0,0.2975032131251272,0,0,0,0,0,0,-0.13863200329186662,-0.09356970945908277,0.6242138761607062,0.0,0.0,0.0
image_2619.png,surface,0.0,0.0,0.8601504757719737,-11.16737145117695,-18.864757287636497,0.0,-0.7275186934397065,0.2287031287963888,0.0,0.0,0.0,-1.9569455831209561,0,0,0,0,0,0,-0.12409338818354534,-0.05280433142369885,0.4063575615510236,0.0,0.0,0.0
image_2620.png,surface,0.0,0.0,2.9687505029333523,-21.23738414645296,6.383110074723613,0.0,-0.03913285816913964,1.853143649277268,0.0,0.0,0.0,-0.8194288119529971,0,0,0,0,0,0,0.015532409274105034,0.3378127489176677,1.8091350010298386,0.0,0.0,0.0
image_2621.png,surface,0.0,0.0,2.318002743476491,-9.701547472009132,-18.22052896322214,0.0,-2.33902074937956,1.458796525800321,0.0,0.0,0.0,-1.194643567713893,0,0,0,0,0,0,-0.4732864815321257,0.29010055026778025,1.2058220402331734,0.0,0.0,0.0
image_2622.png,surface,0.0,0.0,1.6376737304968554,10.36690380035222,1.829736509135103,0.0,-0.03614256713318044,-2.3232113252151243,0.0,0.0,0.0,-0.9681614069381204,0,0,0,0,0,0,0.025503832511802216,-0.13824896650010202,0.34285540010629956,0.0,0.0,0.0
image_2623.png,surface,0.0,0.0,1.732294338587236,21.956914485454803,11.226293715102871,0.0,1.5413292343224476,-0.26149903919901174,0.0,0.0,0.0,1.9911406508157707,0,0,0,0,0,0,0.2601686162862583,0.005856660586005008,0.725770887993679,0.0,0.0,0.0
image_2624.png,surface,0.0,0.0,0.5006346067800593,5.722329807059871,13.396656144481797,0.0,0.6981914410043568,-1.626939070463246,0.0,0.0,0.0,-0.47143851654908486,0,0,0,0,0,0,0.056230791481445865,-0.007313353495658731,0.04170357856184256,0.0,0.0,0.0
image_2625.png,surface,0.0,0.0,0.5740187666414027,16.66753229783196,14.441465728544163,0.0,-0.3173190536930173,-2.8355900457370464,0.0,0.0,0.0,-2.3656598192375773,0,0,0,0,0,0,0.055386142535029194,-0.07786385415672602,0.14605854412891095,0.0,0.0,0.0
image_2626.png,surface,0.0,0.0,2.518941608683785,4.575686089939844,21.110948843831775,0.0,-1.8241265554896604,-0.7475156891691341,0.0,0.0,0.0,2.3371785298624514,0,0,0,0,0,0,-0.6599858583800706,-0.13578706109663766,1.8855037302446063,0.0,0.0,0.0
image_2627.png,surface,0.0,0.0,0.6154242386311162,-2.252533593923512,-24.043200479000507,0.0,-2.3269335027257556,-1.3675099119268685,0.0,0.0,0.0,2.041356509635187,0,0,0,0,0,0,-0.09881936106076801,-0.07701437880984367,0.3604202078256959,0.0,0.0,0.0
image_2628.png,surface,0.0,0.0,2.429281524668762,21.563534284491322,-0.5071582604228532,0.0,-1.890044682337474,0.07552016194587086,0.0,0.0,0.0,1.685445336965726,0,0,0,0,0,0,-0.4978969646177177,0.26259642625872515,1.9460627927096519,0.0,0.0,0.0
image_2629.png,surface,0.0,0.0,2.2834101486399287,-14.306187754751539,-2.232752965958854,0.0,-0.7712302399699453,2.5859953372861226,0.0,0.0,0.0,1.495987614778878,0,0,0,0,0,0,-0.07411908646555675,0.3326215106867208,0.8034124293620263,0.0,0.0,0.0
image_2630.png,surface,0.0,0.0,2.198309831978123,1.138205343101731,-3.408323461129235,0.0,0.5245929709533732,0.015503634944671479,0.0,0.0,0.0,-2.154820697100244,0,0,0,0,0,0,0.19358440717873573,-0.013775658541940941,0.6514073961717434,0.0,0.0,0.0
image_2631.png,surface,0.0,0.0,1.8612644221055352,-10.097918427074765,-6.526994518386461,0.0,1.6067795042763684,2.172369592911025,0.0,0.0,0.0,-0.6084520902481065,0,0,0,0,0,0,0.21666843460080373,0.170692632341028,0.6080357637875783,0.0,0.0,0.0
image_2632.png,surface,0.0,0.0,1.3683204703102476,-14.63720924296556,14.162530133251858,0.0,-1.9990646827374658,-0.15765069197744452,0.0,0.0,0.0,0.4085384969175454,0,0,0,0,0,0,-0.13808412289419092,-0.010148084190254788,0.4598112059938045,0.0,0.0,0.0
image_2633.png,surface,0.0,0.0,2.9314952988210066,-6.930729087159391,8.87383085400419,0.0,2.1439302331832453,0.5127266820654861,0.0,0.0,0.0,1.1133007374689523,0,0,0,0,0,0,0.4982743933361166,0.06790139606078992,1.2121816349935153,0.0,0.0,0.0
image_2634.png,surface,0.0,0.0,2.7768439025130984,-5.473792158746706,-17.337009650483214,0.0,1.4518305407211105,0.5128070470346958,0.0,0.0,0.0,-0.9423167417874132,0,0,0,0,0,0,1.0500675701851852,-0.08928457826480994,2.9984104832664813,0.0,0.0,0.0
image_2635.png,surface,0.0,0.0,1.6857873289774978,-16.61128840794404,-12.967101100053457,0.0,1.814340630281875,-0.590453537646057,0.0,0.0,0.0,2.9496743986879963,0,0,0,0,0,0,0.37983026080860455,-0.1749683249203355,1.0593682544355216,0.0,0.0,0.0
image_2636.png,surface,0.0,0.0,0.9385499149241388,2.8474214328618834,-10.842757175202138,0.0,0.7208544803718193,0.7929622200736489,0.0,0.0,0.0,1.8915895576738952,0,0,0,0,0,0,0.06636657883844577,0.050737274746285276,0.1793771935035759,0.0,0.0,0.0
image_2637.png,surface,0.0,0.0,1.0864439783560382,1.9496320857031513,-17.19026462756852,0.0,2.4638474689380883,0.8826745405273237,0.0,0.0,0.0,-2.5341169035488464,0,0,0,0,0,0,0.14882257868863377,-0.0025358412206930394,0.4323541915369394,0.0,0.0,0.0
image_2638.png,surface,0.0,0.0,0.5350404323862776,1.7127329006339436,-19.071053389150638,0.0,0.25799055408989957,-1.6659331816393947,0.0,0.0,0.0,0.7031999715187869,0,0,0,0,0,0,0.04335255835608066,-0.1012244261959886,0.2456527456408362,0.0,0.0,0.0
image_2639.png,surface,0.0,0.0,2.6806881304006525,-24.562094060196788,2.415714668773551,0.0,-2.5588709425761818,0.6296415887908065,0.0,0.0,0.0,2.5586882800102924,0,0,0,0,0,0,-0.6327303304856997,-0.20032988333225418,2.134773942006142,0.0,0.0,0.0
image_2640.png,surface,0.0,0.0,1.4085346884964882,-9.981727707647696,-1.5188903010131738,0.0,2.0074283191312112,-0.7327917020366609,0.0,0.0,0.0,1.2741457366813496,0,0,0,0,0,0,0.12951588223054056,-0.06033319996106656,0.3080875312795763,0.0,0.0,0.0
image_2641.png,surface,0.0,0.0,1.7145497456663126,-5.965180934488786,20.325128495179545,0.0,1.137994531942541,1.3547632345307021,0.0,0.0,0.0,1.9825272986578968,0,0,0,0,0,0,0.16192605153304349,0.14051423409178804,0.517498625600071,0.0,0.0,0.0
image_2642.png,surface,0.0,0.0,1.8161331379694836,7.943054285911532,1.185806326430276,0.0,1.7636603380161577,-0.7110490940000544,0.0,0.0,0.0,2.4726750187861093,0,0,0,0,0,0,0.1918372774661477,-0.09178581123063,0.3941698269295557,0.0,0.0,0.0
image_2643.png,surface,0.0,0.0,2.482833224538834,-6.982232884796378,-3.962179377560032,0.0,1.0290743675741791,2.337548605445323,0.0,0.0,0.0,0.9665259606984113,0,0,0,0,0,0,0.20996603106923828,0.30161566052551764,0.9058626427062808,0.0,0.0,0.0
image_2644.png,surface,0.0,0.0,2.037824274685246,7.0201689356376145,-8.749246601625538,0.0,1.492056186238518,-1.3087509914620223,0.0,0.0,0.0,-2.453741904716307,0,0,0,0,0,0,0.2670734311869652,-0.15437326706592305,0.7279279696434293,0.0,0.0,0.0
image_2645.png,surface,0.0,0.0,0.6732024118446216,-14.022925343016436,14.613034242422785,0.0,-0.4213624656061069,2.0719776135836123,0.0,0.0,0.0,1.5987108416440279,0,0,0,0,0,0,-0.006912424350674851,0.05640988234046581,0.15327337933630591,0.0,0.0,0.0
image_2646.png,surface,0.0,0.0,1.4427399317444682,22.323125751951416,-1.6523775708537782,0.0,-0.49536450047761577,1.6666652772110124,0.0,0.0,0.0,-0.10033288324927092,0,0,0,0,0,0,-0.085250189878334,0.3336990858952658,1.0099429488086293,0.0,0.0,0.0
image_2647.png,surface,0.0,0.0,1.6406713331379552,-4.3320151533343,-18.546662495126007,0.0,0.4549040677663819,-2.204757961804472,0.0,0.0,0.0,-0.46324258110579564,0,0,0,0,0,0,0.1932008909003627,-0.3594208847783621,1.061391355858579,0.0,0.0,0.0
image_2648.png,surface,0.0,0.0,2.295590014326957,4.8383353862900575,-22.233804113101026,0.0,-1.851821210221193,-0.28654887333209056,0.0,0.0,0.0,2.747897245768062,0,0,0,0,0,0,-0.2796929430134284,-0.07658964113640261,1.4722327889962457,0.0,0.0,0.0
image_2649.png,surface,0.0,0.0,2.4601064625084685,5.002487506143569,14.579889181853522,0.0,0.5302755407485646,-2.318222614083334,0.0,0.0,0.0,1.0570527875715792,0,0,0,0,0,0,0.08166157327355812,-0.33299905528533497,0.8827823156547072,0.0,0.0,0.0
image_2650.png,surface,0.0,0.0,0.5129068651020945,14.219752433381387,-13.488566486349912,0.0,-1.0615321866136793,-0.5791258853624811,0.0,0.0,0.0,-2.7640489754610673,0,0,0,0,0,0,-0.04031486592896798,-0.04841537546480711,0.18509368317579256,0.0,0.0,0.0
image_2651.png,surface,0.0,0.0,1.9966612488288165,10.22257836032244,9.608160235610457,0.0,-1.7726938229401712,1.1868743034284135,0.0,0.0,0.0,2.5277953316418316,0,0,0,0,0,0,-0.28500738287088256,0.1733889300161322,0.7925935260566007,0.0,0.0,0.0
image_2652.png,surface,0.0,0.0,0.5743626266913222,4.090759957075434,-4.785692993792015,0.0,1.8219558795317303,1.289988872114513,0.0,0.0,0.0,1.2300339103842086,0,0,0,0,0,0,0.028250843950148204,-0.009669861032009926,0.03833844186808062,0.0,0.0,0.0
image_2653.png,surface,0.0,0.0,2.5886379638386705,13.52885110629046,11.1108370393664,0.0,2.90088433688409,-0.6602371440219151,0.0,0.0,0.0,0.4444568700145588,0,0,0,0,0,0,0.38190003119982424,-0.06561567813667896,1.009674988355244,0.0,0.0,0.0
image_2654.png,surface,0.0,0.0,1.1000984001996892,22.3415150228033,10.899843541386193,0.0,0.6156699997843406,2.6791761591085654,0.0,0.0,0.0,-2.190575830651375,0,0,0,0,0,0,0.042483559169767295,0.1575005948244452,0.5236728810468207,0.0,0.0,0.0
image_2655.png,surface,0.0,0.0,1.3328280625778308,-6.307285331376382,17.000930145074612,0.0,1.83837066298631,-1.3992439415147562,0.0,0.0,0.0,0.22378524151991375,0,0,0,0,0,0,0.09513029971641825,-0.08554059432855099,0.33030591887276145,0.0,0.0,0.0
image_2656.png,surface,0.0,0.0,1.0823535430888112,-15.206904284918286,8.487774776417098,0.0,0.16229828466787286,0.2208769813200296,0.0,0.0,0.0,-2.5573912388702444,0,0,0,0,0,0,0.018198760542793235,0.03558200531690778,0.24730070242915503,0.0,0.0,0.0
image_2657.png,surface,0.0,0.0,2.6694323170644085,16.485698181573966,-2.9442028810387533,0.0,0.2685991862553201,2.0879788554965804,0.0,0.0,0.0,1.5413244654939318,0,0,0,0,0,0,0.20424981225348882,0.8614199141209371,2.5030185950706847,0.0,0.0,0.0
image_2658.png,surface,0.0,0.0,1.2517112398260553,-19.169382450709332,-7.354816970024466,0.0,0.10952989888747985,0.08191045882841433,0.0,0.0,0.0,-1.2869683163288042,0,0,0,0,0,0,0.057600492475635034,-0.08112017631977471,0.5615334601063638,0.0,0.0,0.0
image_2659.png,surface,0.0,0.0,2.3553033046322787,5.623344037401796,-14.879047519165717,0.0,1.9428686210511052,0.14444546693337326,0.0,0.0,0.0,2.0075868274312842,0,0,0,0,0,0,0.6295632774091353,0.04371179900707003,1.6556740493761628,0.0,0.0,0.0
image_2660.png,surface,0.0,0.0,2.0324216892977915,5.676921936902252,-23.2987166857096,0.0,1.5409667558939026,-0.7396930278680475,0.0,0.0,0.0,1.0020114361459687,0,0,0,0,0,0,0.8044984446069884,-0.10541989054809055,2.31472278447694,0.0,0.0,0.0
image_2661.png,surface,0.0,0.0,2.65680371064573,3.173902401483724,-9.808367784335799,0.0,0.7622083979629277,0.13592454858513517,0.0,0.0,0.0,2.9538264619190624,0,0,0,0,0,0,0.410730715237512,0.04110988748161946,1.5161872353665236,0.0,0.0,0.0
image_2662.png,surface,0.0,0.0,0.9944028518424498,-13.012828199556465,6.413545688374363,0.0,-1.0332082043822823,-1.9903081622651093,0.0,0.0,0.0,-0.12830324170990348,0,0,0,0,0,0,0.006720666211488102,-0.09052103682527197,0.18569659419590936,0.0,0.0,0.0
image_2663.png,surface,0.0,0.0,1.793053947483277,-2.2925183855588207,-3.9189223600154017,0.0,-2.496555834271869,0.5682971509055419,0.0,0.0,0.0,2.359670919998088,0,0,0,0,0,0,-0.1845169865972037,0.03077303099205754,0.3810442307212396,0.0,0.0,0.0
image_2664.png,surface,0.0,0.0,2.584175515761754,-14.301168450049834,-18.656055620036422,0.0,0.11249141262220949,0.7141552169062403,0.0,0.0,0.0,-2.6360743806191733,0,0,0,0,0,0,0.49038034993960616,-0.2812188135853777,2.5968471808272704,0.0,0.0,0.0
image_2665.png,surface,0.0,0.0,2.026495082165566,20.58441002588231,7.263410682776375,0.0,0.09317794747332347,-0.11104534848329377,0.0,0.0,0.0,2.0047394267231624,0,0,0,0,0,0,-0.04489879858952106,0.10565428281973024,1.1798298762548147,0.0,0.0,0.0
image_2666.png,surface,0.0,0.0,0.5306370071241091,-7.014274797076142,3.2406128477609726,0.0,1.7804701903740165,-2.140018275202025,0.0,0.0,0.0,0.5329920064556042,0,0,0,0,0,0,0.009843584478239409,-0.022157148631179402,0.031128072668241913,0.0,0.0,0.0
image_2667.png,surface,0.0,0.0,1.133910231742527,-1.0100809073337524,-18.612129041119935,0.0,-0.1792293114180608,-2.1595557477803022,0.0,0.0,0.0,0.8197536882239378,0,0,0,0,0,0,0.05216430141869758,-0.1985837395636629,0.49083656048824814,0.0,0.0,0.0
image_2668.png,surface,0.0,0.0,2.210869130743215,-19.59606955192055,0.34388149893213626,0.0,-1.4408417136705023,2.1613116242446333,0.0,0.0,0.0,-2.2842383139892144,0,0,0,0,0,0,-0.26466275743719264,0.3339287588594229,0.9068451643686936,0.0,0.0,0.0
image_2669.png,surface,0.0,0.0,2.028972764922732,12.83164555107682,-13.619550952751533,0.0,0.1627935003966232,-1.932993392670637,0.0,0.0,0.0,1.0645855437620142,0,0,0,0,0,0,0.13898203799038125,-0.3994374660264945,0.9323148054629523,0.0,0.0,0.0
image_2670.png,surface,0.0,0.0,2.7412065630463234,-3.754334805723083,6.946644482768443,0.0,0.4023968616783206,-1.611289164707686,0.0,0.0,0.0,-2.634969158857908,0,0,0,0,0,0,0.08841724295489786,-0.44601703088053896,1.2132043507239354,0.0,0.0,0.0
image_2671.png,surface,0.0,0.0,2.8137951379744917,-14.886938922961125,-10.788879058863417,0.0,-0.647456329838785,-2.82448125509138,0.0,0.0,0.0,-1.9393963609678326,0,0,0,0,0,0,0.22219289527736671,-1.2443822777253986,3.433292435080352,0.0,0.0,0.0
image_2672.png,surface,0.0,0.0,2.500788918327533,11.133563497007819,3.0832312570253246,0.0,0.2523070271237658,-0.6575162008986631,0.0,0.0,0.0,1.5686253255283562,0,0,0,0,0,0,0.0862272432541888,-0.08666693571441715,0.9551852301593745,0.0,0.0,0.0
image_2673.png,surface,0.0,0.0,0.9590974937285461,14.878378478808983,-15.937995101207106,0.0,2.7361691579020677,-0.6923266159851319,0.0,0.0,0.0,0.9975878392448978,0,0,0,0,0,0,0.15795391864989483,-0.07210629902785722,0.46894865745423786,0.0,0.0,0.0
image_2674.png,surface,0.0,0.0,1.4299902218902953,5.58911132885712,-7.994300925122552,0.0,-0.7045266129855146,-2.2300093114719695,0.0,0.0,0.0,0.5973361335339291,0,0,0,0,0,0,0.008291256684824999,-0.1446892481114651,0.3188059494149821,0.0,0.0,0.0
image_2675.png,surface,0.0,0.0,2.9117140267669814,-4.079374478316106,1.513925320430223,0.0,1.1193101144182946,2.3929708822824396,0.0,0.0,0.0,0.7876008522311686,0,0,0,0,0,0,0.28670733399367054,0.4176870280620151,1.2269909160506007,0.0,0.0,0.0
image_2676.png,surface,0.0,0.0,1.7095647563269507,-14.615042496164019,17.802344404494676,0.0,0.15678846565754925,-2.302091561082732,0.0,0.0,0.0,1.8236396658858833,0,0,0,0,0,0,0.09094053656419292,-0.27149704017105836,0.7539245996293451,0.0,0.0,0.0
image_2677.png,surface,0.0,0.0,1.3349968069300577,1.2256756599030922,14.407667280555522,0.0,0.07834463014582033,2.9968107076429256,0.0,0.0,0.0,2.8437754426050557,0,0,0,0,0,0,0.007606406187730341,0.08712470854023699,0.2585148474033235,0.0,0.0,0.0
image_2678.png,surface,0.0,0.0,2.9049936040163886,-16.151179884232736,-12.274521176745763,0.0,0.37045280265750036,1.8174335123281258,0.0,0.0,0.0,2.455994267486054,0,0,0,0,0,0,0.5109030365025401,0.27433806327563115,2.2697590203989098,0.0,0.0,0.0
image_2679.png,surface,0.0,0.0,2.248798056572012,-1.5775508087645023,-16.675280592611895,0.0,-2.33750825949287,-0.044694587720532385,0.0,0.0,0.0,-2.1626252860609876,0,0,0,0,0,0,-0.44223688188385063,-0.09084194973409417,0.9567260027663383,0.0,0.0,0.0
image_2680.png,surface,0.0,0.0,2.2411063336397445,-3.1459281378635398,-2.9802675327597967,0.0,-0.4793435769699003,0.7391725602151462,0.0,0.0,0.0,2.5192514079382464,0,0,0,0,0,0,-0.060482952123406784,0.1384692008492937,0.6415196554418312,0.0,0.0,0.0
image_2681.png,surface,0.0,0.0,1.5309114315509218,12.57513650909575,-14.244679302292333,0.0,0.40454330501404206,1.893135659720021,0.0,0.0,0.0,-2.9853066331605085,0,0,0,0,0,0,0.10531174377322432,0.2634962408854226,0.7960435168939345,0.0,0.0,0.0
image_2682.png,surface,0.0,0.0,0.7337814927705153,-10.974645356472305,-2.8033635632553406,0.0,2.073132162893007,0.053921884069676705,0.0,0.0,0.0,-2.6781172427568,0,0,0,0,0,0,0.07047568182101326,-0.03490085193690778,0.11750065880938854,0.0,0.0,0.0
image_2683.png,surface,0.0,0.0,2.958738780946444,-0.5064550074951804,-9.821161961146537,0.0,1.2544424906715268,2.0191094620088106,0.0,0.0,0.0,-2.1533384840259417,0,0,0,0,0,0,0.6062205286881649,0.46547001632414353,1.998583041573141,0.0,0.0,0.0
image_2684.png,surface,0.0,0.0,0.712002199115503,-6.295032043970002,-15.355931040397785,0.0,-1.0462717646517272,-0.8829893234026214,0.0,0.0,0.0,1.8660004622988664,0,0,0,0,0,0,-0.05320831795426876,-0.08807328934425558,0.2119969126956617,0.0,0.0,0.0
image_2685.png,surface,0.0,0.0,2.1649220452744533,-1.1144160014123727,-10.008263791539918,0.0,1.4157930858976355,0.9970190838462308,0.0,0.0,0.0,-2.9275545918264125,0,0,0,0,0,0,0.35217751962591903,0.10619857628273258,0.8869223046595072,0.0,0.0,0.0
image_2686.png,surface,0.0,0.0,0.6277731973392937,-8.28585775940199,-6.623656272536168,0.0,-0.2447740828711822,-2.9063698579110886,0.0,0.0,0.0,-1.309700648688081,0,0,0,0,0,0,0.02185738408727186,-0.048739434578617714,0.09418809936488053,0.0,0.0,0.0
image_2687.png,surface,0.0,0.0,0.535807368537462,-0.8890731433502066,15.491855201202984,0.0,-1.3072341046827383,-1.7839426553122,0.0,0.0,0.0,1.347151936910734,0,0,0,0,0,0,0.00375602450406524,-0.03203937849990989,0.06015712178496657,0.0,0.0,0.0
image_2688.png,surface,0.0,0.0,0.5248459630754976,1.9966347783099336,-7.673960113507237,0.0,-2.167018628366065,-1.933903658759707,0.0,0.0,0.0,-0.886599835487011,0,0,0,0,0,0,-0.0017319108126526632,-0.020382689017691958,0.052520248863489716,0.0,0.0,0.0
image_2689.png,surface,0.0,0.0,2.856086236917819,4.413535927953159,9.240494111985273,0.0,0.8800151539794517,1.9347135084188196,0.0,0.0,0.0,-2.748099229087847,0,0,0,0,0,0,0.22109713448201546,0.5051184915886264,1.297015681531475,0.0,0.0,0.0
image_2690.png,surface,0.0,0.0,1.655405030168013,7.265456324193268,11.62584877737448,0.0,-1.384920081392378,-0.7676538273031722,0.0,0.0,0.0,1.828236883092936,0,0,0,0,0,0,-0.1410792024014846,-0.082337757650306,0.4446133822793103,0.0,0.0,0.0
image_2691.png,surface,0.0,0.0,2.005074306303718,-6.161058122952447,16.38129883014741,0.0,-1.486979225330847,-1.5672219507401115,0.0,0.0,0.0,-0.2898286095477749,0,0,0,0,0,0,-0.23012802970370314,-0.22668721562301822,0.8407616505563598,0.0,0.0,0.0
image_2692.png,surface,0.0,0.0,0.8533018430235557,2.127469450269068,14.746586008010139,0.0,1.9429366454528665,-1.7363009487649126,0.0,0.0,0.0,-1.173701943707527,0,0,0,0,0,0,0.05389316845136296,-0.049916115244299085,0.12339578878386183,0.0,0.0,0.0
image_2693.png,surface,0.0,0.0,1.7193321742355625,4.376919089761277,18.336692559855514,0.0,-1.1358468183644856,1.4873927602026356,0.0,0.0,0.0,1.0961968991760234,0,0,0,0,0,0,-0.16144209051509698,0.17089084325530057,0.6337354042709923,0.0,0.0,0.0
image_2694.png,surface,0.0,0.0,1.7970084596669276,-1.0186782695609282,7.8452328924119135,0.0,-2.1075130454041235,-1.2536890010722057,0.0,0.0,0.0,1.9452543994535265,0,0,0,0,0,0,-0.1527399235320149,-0.0932110420903991,0.44044659722917134,0.0,0.0,0.0
image_2695.png,surface,0.0,0.0,0.8816086074207423,0.8601579345451956,6.708292346709892,0.0,-2.8168409333559516,0.20877330194436916,0.0,0.0,0.0,-0.011086942915534692,0,0,0,0,0,0,-0.0122999149278189,0.008631613385820447,0.07974056491986452,0.0,0.0,0.0
image_2696.png,surface,0.0,0.0,1.64506672958136,7.228599478035358,-0.8025112494732726,0.0,-0.6064162683232434,2.8197652774378805,0.0,0.0,0.0,-0.038410608115976075,0,0,0,0,0,0,-0.04637807566324536,0.1265765459929419,0.37628346666609686,0.0,0.0,0.0
image_2697.png,surface,0.0,0.0,2.7162952432436605,4.582186839334835,-2.487682496736465,0.0,0.16869750155389132,-0.7349810303766952,0.0,0.0,0.0,2.8554480203963166,0,0,0,0,0,0,0.07207366631423401,-0.13293974558208785,1.1281336057854843,0.0,0.0,0.0
image_2698.png,surface,0.0,0.0,1.937994715061301,-7.135045484380863,-13.524164336577215,0.0,1.534693880091375,-1.496900914513705,0.0,0.0,0.0,-1.5341146134454233,0,0,0,0,0,0,0.34601690893205456,-0.28442794267359955,1.0675410482637673,0.0,0.0,0.0
image_2699.png,surface,0.0,0.0,0.9648833688846297,-6.59402288350421,-10.145831387245318,0.0,2.2610041578442734,1.950522759715978,0.0,0.0,0.0,2.985970823341339,0,0,0,0,0,0,0.08052319955838755,0.04647102078194319,0.20565964797310263,0.0,0.0,0.0
image_2700.png,surface,0.0,0.0,2.8883034891326167,15.150174250343998,7.947219551118675,0.0,1.727999950897368,1.2005482796402571,0.0,0.0,0.0,-1.6742592789579631,0,0,0,0,0,0,0.41792621112698647,0.5188831384131075,1.8447737413300642,0.0,0.0,0.0
image_2701.png,surface,0.0,0.0,2.732118359370227,-6.972887546276264,12.30892009945767,0.0,0.12543142284952233,-0.40286731865852243,0.0,0.0,0.0,-2.1684856115113513,0,0,0,0,0,0,-0.05946328582773264,-0.22314773501100882,1.2732542883275477,0.0,0.0,0.0
image_2702.png,surface,0.0,0.0,2.817516961872451,-22.484061803716084,6.80254106448506,0.0,0.9767670023312854,-2.302368446824502,0.0,0.0,0.0,2.843525382174221,0,0,0,0,0,0,0.30264000033607735,-0.943367542352675,2.7788369887513538,0.0,0.0,0.0
image_2703.png,surface,0.0,0.0,2.452292849052018,-9.13017651257149,5.903549231936627,0.0,-1.9991366067389313,-1.9828363332402645,0.0,0.0,0.0,-2.205187366172863,0,0,0,0,0,0,-0.29272336513814795,-0.38639330014436885,1.140220855236933,0.0,0.0,0.0
image_2704.png,surface,0.0,0.0,1.9033991534437493,6.295746317104745,8.589847037668175,0.0,1.0767972494640279,-0.7152884669036913,0.0,0.0,0.0,1.248737408021749,0,0,0,0,0,0,0.17049733597668068,-0.09940277350767443,0.4237794570286149,0.0,0.0,0.0
image_2705.png,surface,0.0,0.0,2.439419739873255,7.4551072394568845,2.3043855111884004,0.0,2.582909831584998,0.04877317559755247,0.0,0.0,0.0,2.1517243418251315,0,0,0,0,0,0,0.32204409775375714,-0.02463006575210336,0.7845346154210421,0.0,0.0,0.0
image_2706.png,surface,0.0,0.0,2.0485340812721584,19.52500104770685,-0.44248643820773753,0.0,0.7298865100400146,0.553675922757295,0.0,0.0,0.0,-0.16921383500317688,0,0,0,0,0,0,0.223379969472331,0.2982366363679193,1.2164734682552338,0.0,0.0,0.0
image_2707.png,surface,0.0,0.0,0.5142361388644783,-5.3327448800589305,-6.350342741748577,0.0,-2.2773277753542756,0.18853616641857227,0.0,0.0,0.0,-2.1491450757332684,0,0,0,0,0,0,-0.018996230899410344,0.00274191764743667,0.04361056378843342,0.0,0.0,0.0
image_2708.png,surface,0.0,0.0,0.790705313662718,-6.762236999391366,0.9905897697410407,0.0,1.8679316336313123,-1.9556006739106753,0.0,0.0,0.0,-2.628082203729295,0,0,0,0,0,0,0.035877034707794825,-0.033832715343328,0.0831793907383073,0.0,0.0,0.0
image_2709.png,surface,0.0,0.0,0.7738641134391187,-24.122836587022555,2.3008693582562283,0.0,-2.2732555189270953,-0.660011210705507,0.0,0.0,0.0,-1.3820720797298858,0,0,0,0,0,0,-0.12055195016856947,-0.020304033892980664,0.3544268256849817,0.0,0.0,0.0
image_2710.png,surface,0.0,0.0,1.8846579536644494,-5.692049566460362,3.4855582656285344,0.0,0.037737283010468185,1.9783539221340536,0.0,0.0,0.0,-0.48718686164544733,0,0,0,0,0,0,-0.0011657677350544497,0.15932853992273624,0.4320192409702079,0.0,0.0,0.0
image_2711.png,surface,0.0,0.0,2.239337570434135,13.572360707681327,-3.509354123301583,0.0,2.4101053807068795,0.4931127491452046,0.0,0.0,0.0,-0.18514850622410695,0,0,0,0,0,0,0.35882361322772366,0.06215799885436923,1.0106798400554384,0.0,0.0,0.0
image_2712.png,surface,0.0,0.0,2.84838138206519,-15.33064867327994,3.9556967504193414,0.0,-0.7210964080076545,2.067138010258012,0.0,0.0,0.0,0.6731750475837339,0,0,0,0,0,0,-0.13854982123221535,0.4618833426373072,1.338194504205439,0.0,0.0,0.0
image_2713.png,surface,0.0,0.0,2.753069059712962,-5.962899588850754,-19.037606403590612,0.0,0.8369771881477142,-2.7365614637296334,0.0,0.0,0.0,-0.41471800085127963,0,0,0,0,0,0,0.9409358825281653,-0.9506069600311053,3.663896968259832,0.0,0.0,0.0
image_2714.png,surface,0.0,0.0,1.994586071681988,-7.575458439193978,18.444288367041572,0.0,-1.3918985425130164,1.2616206077473804,0.0,0.0,0.0,-0.8981026356494572,0,0,0,0,0,0,-0.3317172305527203,0.19179737540356984,0.8905665668255452,0.0,0.0,0.0
image_2715.png,surface,0.0,0.0,1.9280340084047882,3.9656626864865197,-1.183949603155041,0.0,-1.3770891227358035,2.3740503427297632,0.0,0.0,0.0,1.3408966091409322,0,0,0,0,0,0,-0.11169455040614634,0.1686727687384414,0.46631817900350697,0.0,0.0,0.0
image_2716.png,surface,0.0,0.0,0.6707867187787531,-7.444145626259779,5.73586363315743,0.0,1.4609310909042716,-0.44585662952922106,0.0,0.0,0.0,2.3349385688295863,0,0,0,0,0,0,0.0369180074633786,-0.015804960759493017,0.05533383362403388,0.0,0.0,0.0
image_2717.png,surface,0.0,0.0,2.4280288979570033,12.860162006180941,20.708167044875026,0.0,-2.3132464398870867,-0.3395264614952756,0.0,0.0,0.0,-2.027844136053026,0,0,0,0,0,0,-0.8577524192610639,0.1379972701010258,2.256360997729656,0.0,0.0,0.0
image_2718.png,surface,0.0,0.0,1.1648974728681285,-14.559855084727506,6.468374070546227,0.0,-1.0098588850634032,0.7597415501813686,0.0,0.0,0.0,-2.9058260673888734,0,0,0,0,0,0,-0.08909448400202491,0.044073612580742064,0.24367653729712116,0.0,0.0,0.0
image_2719.png,surface,0.0,0.0,2.7947908962161803,8.073229666554239,12.971280768312274,0.0,-1.658592658374053,1.7424371408144983,0.0,0.0,0.0,0.2824954160033526,0,0,0,0,0,0,-0.6621773799707733,0.5973683680550532,2.2109595649110956,0.0,0.0,0.0
image_2720.png,surface,0.0,0.0,1.05301390808404,1.340231674917114,2.8036128711231796,0.0,-0.32636658339496466,-1.9185373649674702,0.0,0.0,0.0,-0.9543605495807248,0,0,0,0,0,0,0.010382333535953792,-0.06444843608596297,0.10865796384767856,0.0,0.0,0.0
image_2721.png,surface,0.0,0.0,2.2408060216422823,3.4503817673953727,3.895118583004221,0.0,1.2065155469677404,-0.32031149200444925,0.0,0.0,0.0,2.3554465366416224,0,0,0,0,0,0,0.30382707453104113,-0.07005811958037443,0.5842565065534245,0.0,0.0,0.0
image_2722.png,surface,0.0,0.0,0.780733840541687,7.1597305774338205,0.2566200753002412,0.0,1.3027671475536162,2.098004088849674,0.0,0.0,0.0,-1.6969880916413038,0,0,0,0,0,0,0.03271759108119844,-0.00023124606665131386,0.06677797798735785,0.0,0.0,0.0
image_2723.png,surface,0.0,0.0,1.734706164282338,-16.699396622497318,-9.727141839482215,0.0,0.5104663327818387,-0.8065077210841762,0.0,0.0,0.0,-1.113501987820253,0,0,0,0,0,0,0.21278761511726785,-0.3767187198048764,1.0360690930136824,0.0,0.0,0.0
image_2724.png,surface,0.0,0.0,0.872452241919376,-10.701487390214076,-8.980654831661512,0.0,0.5035302731927491,2.9543116899357043,0.0,0.0,0.0,1.6253902172897394,0,0,0,0,0,0,0.02169301996796921,0.07419223293520143,0.19942956743189813,0.0,0.0,0.0
image_2725.png,surface,0.0,0.0,2.606713576393478,-0.3395671770718823,-0.6635080264555236,0.0,-2.0566304541038476,1.2246880560730256,0.0,0.0,0.0,-1.95615738624717,0,0,0,0,0,0,-0.46475781000830796,0.26269710481835556,0.9295146187250771,0.0,0.0,0.0
image_2726.png,surface,0.0,0.0,2.035017757760276,-7.60575297306706,-8.023502924385982,0.0,2.3639949368655118,0.11488248060900351,0.0,0.0,0.0,1.4404966007800324,0,0,0,0,0,0,0.3139887340179314,-0.06094513683132067,0.7829804447914082,0.0,0.0,0.0
image_2727.png,surface,0.0,0.0,2.943100837250359,-12.91923042878097,18.245084407192355,0.0,0.6418892658349313,1.621954014900299,0.0,0.0,0.0,-1.261776875944645,0,0,0,0,0,0,0.15635593415667423,0.37183895586778576,1.6147051290573522,0.0,0.0,0.0
image_2728.png,surface,0.0,0.0,0.8525613189176882,7.7561356330711035,-10.452135847052125,0.0,-0.8318348567745483,-0.03725000222936727,0.0,0.0,0.0,1.9557298983200733,0,0,0,0,0,0,-0.08694861911112861,-0.020275718048084576,0.16655305280531849,0.0,0.0,0.0
image_2729.png,surface,0.0,0.0,2.640252751891876,20.781221494724438,-3.9424941639151023,0.0,-1.2947677344876747,-0.6263155037112591,0.0,0.0,0.0,2.163096591852108,0,0,0,0,0,0,-0.32624907980591844,0.19519527679109908,2.0222082215465966,0.0,0.0,0.0
image_2730.png,surface,0.0,0.0,2.3357753743367735,-13.131712475984411,1.5834672787646566,0.0,1.6177418410611026,2.25410089469374,0.0,0.0,0.0,2.312513576124579,0,0,0,0,0,0,0.24979845787025265,0.23465812596126343,0.8050871821956834,0.0,0.0,0.0
image_2731.png,surface,0.0,0.0,1.4680321351611068,-17.484948590503393,6.341934292751597,0.0,-2.0238544247700334,-0.5929622866679265,0.0,0.0,0.0,-0.03932292773511392,0,0,0,0,0,0,-0.14326159265222596,-0.05492801979090456,0.5069767117971472,0.0,0.0,0.0
image_2732.png,surface,0.0,0.0,0.5447555454835773,9.974441523904574,2.6570437779366656,0.0,-1.6016600142456054,-2.2391320342675862,0.0,0.0,0.0,1.1089871258545863,0,0,0,0,0,0,0.003296413726015113,-0.02039684694014001,0.04213678129481524,0.0,0.0,0.0
image_2733.png,surface,0.0,0.0,2.3399211774433057,4.994185830585746,15.097295948445407,0.0,-1.4658801272307145,-0.648407120592968,0.0,0.0,0.0,-0.13752238744164647,0,0,0,0,0,0,-0.4296782456571293,-0.10877531816827549,1.1509303413572263,0.0,0.0,0.0
image_2734.png,surface,0.0,0.0,0.7453698354735436,-2.5718017932572237,-12.213435416680383,0.0,-0.7833848981419842,0.852958171970487,0.0,0.0,0.0,0.6828153457121817,0,0,0,0,0,0,-0.0411549492054041,0.02042516278503604,0.13927244564693197,0.0,0.0,0.0
image_2735.png,surface,0.0,0.0,2.522358434878035,9.10409864058068,-14.64576096360837,0.0,-0.0446434890192183,-0.12687896087254596,0.0,0.0,0.0,-0.5034446781055304,0,0,0,0,0,0,0.30766223731477105,0.06149257649931143,1.9509262749385898,0.0,0.0,0.0
image_2736.png,surface,0.0,0.0,2.496235084707581,9.371450884684585,14.571760964957827,0.0,-1.5437757642681667,-2.54149981858552,0.0,0.0,0.0,-0.30371311444852234,0,0,0,0,0,0,-0.29619327432342746,-0.350970178179378,1.104265028400202,0.0,0.0,0.0
image_2737.png,surface,0.0,0.0,1.039318008831592,-19.394029036273746,-0.6491428186223215,0.0,-2.7826704239155644,0.8026806943705403,0.0,0.0,0.0,-0.5062939312332695,0,0,0,0,0,0,-0.10393291143907435,0.01763133275528989,0.3309400919457732,0.0,0.0,0.0
image_2738.png,surface,0.0,0.0,2.914771600574917,23.77249155866307,1.1150335664674478,0.0,-1.3775779437073474,1.8963658327138628,0.0,0.0,0.0,2.037993234831749,0,0,0,0,0,0,-0.4542567690528577,1.411606219066657,4.672520211835541,0.0,0.0,0.0
image_2739.png,surface,0.0,0.0,2.4822547971174944,8.409840971051425,-9.4308210094203,0.0,1.0376077398545418,-1.268239546754114,0.0,0.0,0.0,-0.2541509706688121,0,0,0,0,0,0,0.4098419314812832,-0.16768957967954992,1.3229140593511495,0.0,0.0,0.0
image_2740.png,surface,0.0,0.0,2.011474919376637,-9.001303699139552,18.856600355713873,0.0,1.5639319998693595,0.5942888486110844,0.0,0.0,0.0,1.9204597346526384,0,0,0,0,0,0,0.26045320971505076,0.023928462039678296,0.6862601191420388,0.0,0.0,0.0
image_2741.png,surface,0.0,0.0,2.337378348952055,9.694963761997485,-15.23647919027593,0.0,-1.953667504684316,-1.836997476883892,0.0,0.0,0.0,-0.11478310440886563,0,0,0,0,0,0,-0.26435533565849684,-0.34450472692810746,1.1658602046183353,0.0,0.0,0.0
image_2742.png,surface,0.0,0.0,1.670784311420391,8.992019516825408,-9.465485356368484,0.0,2.402179288941955,0.005890946252492128,0.0,0.0,0.0,1.3659219917174354,0,0,0,0,0,0,0.2300823730038966,-0.049595202335476894,0.5666023786828996,0.0,0.0,0.0
image_2743.png,surface,0.0,0.0,0.7321175877688404,-6.123950343952414,19.169503743325432,0.0,2.009179583267025,-0.5929742585304801,0.0,0.0,0.0,2.505807905126514,0,0,0,0,0,0,0.07334901012882349,-0.04138360731561488,0.15521609262334835,0.0,0.0,0.0
image_2744.png,surface,0.0,0.0,2.09232563461187,-12.558937763132123,3.334929229026945,0.0,-0.071210005017096,-2.821742792896111,0.0,0.0,0.0,1.7726920184565147,0,0,0,0,0,0,0.08146068379441039,-0.3525904737484313,0.8783073760831749,0.0,0.0,0.0
image_2745.png,surface,0.0,0.0,1.5405713287179004,12.342571095069468,-20.738889773020322,0.0,0.40438429932590625,1.6741930993930862,0.0,0.0,0.0,1.365193613419435,0,0,0,0,0,0,0.2650462737155653,0.3735001521016888,1.3603682317230585,0.0,0.0,0.0
image_2746.png,surface,0.0,0.0,2.947144764614546,15.775687162721342,-6.3977546531180645,0.0,0.7384939768702101,-0.7039815015499965,0.0,0.0,0.0,-0.49162759950033896,0,0,0,0,0,0,0.41476676750038954,0.2161458558092067,2.4322770353770045,0.0,0.0,0.0
image_2747.png,surface,0.0,0.0,0.6583625628223408,-1.2977336207978853,-15.32401230517227,0.0,-0.802784315110077,1.0448026522614051,0.0,0.0,0.0,2.3885300144397057,0,0,0,0,0,0,-0.0391871454437523,0.04092111518231233,0.16104423248447555,0.0,0.0,0.0
image_2748.png,surface,0.0,0.0,0.9012799484942977,6.726356356989659,3.82648529729591,0.0,-1.8501440081317657,0.9956886374688622,0.0,0.0,0.0,-0.6032875634172012,0,0,0,0,0,0,-0.008373438744476602,-0.01606924197852309,0.0979060506555995,0.0,0.0,0.0
image_2749.png,surface,0.0,0.0,2.7508742330809675,9.064834815710165,5.145614034147475,0.0,-1.4224072968286214,1.8047378851483156,0.0,0.0,0.0,1.4221940311501164,0,0,0,0,0,0,-0.4117503815331869,0.5697195186165295,1.6982730624530684,0.0,0.0,0.0
image_2750.png,surface,0.0,0.0,1.717481421469585,8.588136962851236,2.6134637021732554,0.0,1.6651304137427119,-1.8997012069276744,0.0,0.0,0.0,-2.0286678265137525,0,0,0,0,0,0,0.133344957454296,-0.13419350826998633,0.356900993871238,0.0,0.0,0.0
image_2751.png,surface,0.0,0.0,0.9828386272912993,-9.584215293668958,-11.07873090768933,0.0,2.254358519013099,-1.7590585739302227,0.0,0.0,0.0,1.729758306748015,0,0,0,0,0,0,0.11247984564281444,-0.10834428808485744,0.3204427411844098,0.0,0.0,0.0
image_2752.png,surface,0.0,0.0,1.2816671605369412,4.657807963896566,8.723510998783992,0.0,-1.7251594537394856,0.688327209553034,0.0,0.0,0.0,1.5152598611352506,0,0,0,0,0,0,-0.05634341134096847,0.024969855890856207,0.21215768896769274,0.0,0.0,0.0
image_2753.png,surface,0.0,0.0,0.690749865801279,22.060961725124677,8.271371203781705,0.0,2.079068295021537,1.478868359388573,0.0,0.0,0.0,2.666888324861106,0,0,0,0,0,0,0.08293082952817343,0.008688245075612585,0.26525851881351675,0.0,0.0,0.0
image_2754.png,surface,0.0,0.0,2.084777802029294,1.561450633351842,-22.29641158848556,0.0,1.5687812684544806,1.35847304399045,0.0,0.0,0.0,1.7019738284095887,0,0,0,0,0,0,0.7046015854307921,0.21171285298047676,2.1200361170699584,0.0,0.0,0.0
image_2755.png,surface,0.0,0.0,2.800201362358387,3.274812207848865,-11.271034602044514,0.0,2.8793084232839328,-0.5907620982562134,0.0,0.0,0.0,0.7211076319225911,0,0,0,0,0,0,0.7999784313261645,-0.15957237080934147,2.1411893618609388,0.0,0.0,0.0
image_2756.png,surface,0.0,0.0,1.9254950617265851,6.177354414074131,22.12961098340067,0.0,-1.3114586289623422,-0.19039337224254316,0.0,0.0,0.0,0.3165126949210073,0,0,0,0,0,0,-0.3446350328179175,-0.03151710847182671,1.06480785163924,0.0,0.0,0.0
image_2757.png,surface,0.0,0.0,2.1049546501020773,-20.030834041664352,8.058859238989454,0.0,-2.1264200645750666,-1.6868638643903162,0.0,0.0,0.0,-2.6144636306021276,0,0,0,0,0,0,-0.29034008540825895,-0.3990599214278803,1.3304593791177204,0.0,0.0,0.0
image_2758.png,surface,0.0,0.0,1.232010921816766,-22.49055234257811,6.906960964345299,0.0,-0.13075584869222204,1.2183103335519379,0.0,0.0,0.0,-0.4448102186471221,0,0,0,0,0,0,-0.013683312931949965,0.13176778422388902,0.45734150381510474,0.0,0.0,0.0
image_2759.png,surface,0.0,0.0,2.2710474987292164,-3.636438513812586,-12.876996158224925,0.0,-1.9947716519493763,-0.9020492037268357,0.0,0.0,0.0,-0.06657423830780829,0,0,0,0,0,0,-0.2757847295100087,-0.24893875040385102,0.9695233474192588,0.0,0.0,0.0
image_2760.png,surface,0.0,0.0,2.787923808075126,5.992574867848088,-0.6729512428422886,0.0,-2.206841172346029,1.9675722492443708,0.0,0.0,0.0,1.2167110967788775,0,0,0,0,0,0,-0.5322886346918143,0.5238006568100598,1.440153456718488,0.0,0.0,0.0
image_2761.png,surface,0.0,0.0,0.6159297366156928,2.1754044338975436,10.412010645455313,0.0,1.5932570280899385,-0.9177678576027338,0.0,0.0,0.0,-1.3588477685651144,0,0,0,0,0,0,0.026827876806185036,-0.02553931899376626,0.04768356267988769,0.0,0.0,0.0
image_2762.png,surface,0.0,0.0,1.0432020996719447,-15.864145140979709,1.3695537780700715,0.0,-2.5192546489764203,-0.8603992601817879,0.0,0.0,0.0,0.8945630967981968,0,0,0,0,0,0,-0.09786057036483564,-0.0391592403887787,0.25358884106859325,0.0,0.0,0.0
image_2763.png,surface,0.0,0.0,2.8415721869239876,-8.723473516106163,-22.859740239446587,0.0,0.04239955843208979,1.7385161326302307,0.0,0.0,0.0,-2.93029354078904,0,0,0,0,0,0,0.7037797648342788,0.17616702902093612,3.244661673919875,0.0,0.0,0.0
image_2764.png,surface,0.0,0.0,2.5124329850089873,-21.181588780863486,-2.600308480760731,0.0,-1.0196667063722256,-2.3519626213129645,0.0,0.0,0.0,-0.7996245560024535,0,0,0,0,0,0,-0.06999628647304725,-1.001337942367414,2.6324434940557113,0.0,0.0,0.0
image_2765.png,surface,0.0,0.0,0.6756431228485911,0.45139533146421434,2.370621504540665,0.0,-0.14179164142666126,2.668049386189449,0.0,0.0,0.0,-1.2538776721800842,0,0,0,0,0,0,0.007834689686761931,0.0001431523269745864,0.03215525440621839,0.0,0.0,0.0
image_2766.png,surface,0.0,0.0,1.0823300806483465,13.265338656428664,-5.52451061204475,0.0,2.9594743196112705,0.21848954641209187,0.0,0.0,0.0,0.01868755412133538,0,0,0,0,0,0,0.11152105494688205,-0.030151655506838175,0.25673960939964685,0.0,0.0,0.0
image_2767.png,surface,0.0,0.0,1.4129849394680154,0.5609942894905349,9.615755051015583,0.0,-2.5382263529527567,0.2756508477566073,0.0,0.0,0.0,0.5829495808295508,0,0,0,0,0,0,-0.07658454825509725,0.0018452492257275798,0.24578672586752884,0.0,0.0,0.0
image_2768.png,surface,0.0,0.0,1.2982270775367888,11.509719262503552,-1.8862505955123456,0.0,2.317189317060657,0.8941741495285829,0.0,0.0,0.0,2.382334029875202,0,0,0,0,0,0,0.11662547398522696,0.007649997429423155,0.27017112712557784,0.0,0.0,0.0
image_2769.png,surface,0.0,0.0,0.6281695472224822,2.5867056304390257,-18.005694178207623,0.0,2.7700886632090413,0.253860774089812,0.0,0.0,0.0,2.737200788462393,0,0,0,0,0,0,0.10074607379259386,-0.024084199186606776,0.2520837965220801,0.0,0.0,0.0
image_2770.png,surface,0.0,0.0,0.9267916197780103,-8.042549800892166,-2.5720205414578845,0.0,1.6715755468083473,0.6714752438319024,0.0,0.0,0.0,-1.7505993164419855,0,0,0,0,0,0,0.07966789738201609,0.001042966953672092,0.1349180882794232,0.0,0.0,0.0
image_2771.png,surface,0.0,0.0,1.205924750923497,-16.57704112313682,-11.134657930025133,0.0,-1.5449967055022666,2.011524845136426,0.0,0.0,0.0,1.5914928988755515,0,0,0,0,0,0,-0.09998208501583537,0.1334195418428269,0.4199744185905458,0.0,0.0,0.0
image_2772.png,surface,0.0,0.0,0.8828341211024755,1.2740238274685731,-0.6614194351269114,0.0,-2.4156215496335314,0.731993859379733,0.0,0.0,0.0,-2.3124251991184828,0,0,0,0,0,0,-0.014126182920071062,-0.011589046074966192,0.08019163168306284,0.0,0.0,0.0
image_2773.png,surface,0.0,0.0,2.5686292560818735,2.6884721547400368,-20.676684199944543,0.0,1.8442291006319593,1.239162031414669,0.0,0.0,0.0,-2.653793506468065,0,0,0,0,0,0,1.0236658225771922,0.22047503387331793,3.088378205490543,0.0,0.0,0.0
image_2774.png,surface,0.0,0.0,1.801031077671402,13.894388173127963,17.158367968196508,0.0,-1.2416347480639827,-2.038596592288488,0.0,0.0,0.0,1.8451769562850373,0,0,0,0,0,0,-0.12038454226927975,-0.20684252765835165,0.6683603608559102,0.0,0.0,0.0
image_2775.png,surface,0.0,0.0,1.0536183070223568,11.72117997811622,18.052778416910957,0.0,0.7033437195049028,-2.4611134487312905,0.0,0.0,0.0,2.01367835899723,0,0,0,0,0,0,0.04760167521805414,-0.1104270757872133,0.2617527028817274,0.0,0.0,0.0
image_2776.png,surface,0.0,0.0,2.6193117771091967,0.2041594054564359,-2.518116014170437,0.0,-2.7841613261132094,0.4421204949288727,0.0,0.0,0.0,1.329581942153144,0,0,0,0,0,0,-0.4213154601426076,0.03921744518106506,0.9908574655162722,0.0,0.0,0.0
image_2777.png,surface,0.0,0.0,2.401666651096728,24.130630636174544,3.744687750635212,0.0,2.525443195527373,1.4366372035391908,0.0,0.0,0.0,-2.4324250088857013,0,0,0,0,0,0,0.5121159828273942,0.4067523926246471,1.8533373108194986,0.0,0.0,0.0
image_2778.png,surface,0.0,0.0,1.4656934230450476,14.962421087021415,20.12836241112158,0.0,-1.3268728655330393,-1.7577613578960978,0.0,0.0,0.0,2.7072499302224324,0,0,0,0,0,0,-0.09507551167665103,-0.1681756683502658,0.5928491050919747,0.0,0.0,0.0
image_2779.png,surface,0.0,0.0,2.6030230107474255,-21.78780117123113,-10.023875605020171,0.0,1.6990828876914401,1.7970204674130623,0.0,0.0,0.0,-2.3125373913726275,0,0,0,0,0,0,0.7015517178837304,0.12464949543751441,2.0630275306122674,0.0,0.0,0.0
image_2780.png,surface,0.0,0.0,2.0936214292390405,-21.179870608645516,-11.469723209716259,0.0,1.9759175699165947,-0.8822222223529728,0.0,0.0,0.0,2.253560951923718,0,0,0,0,0,0,0.6394038181073874,-0.4787674517078393,2.089836973973453,0.0,0.0,0.0
image_2781.png,surface,0.0,0.0,2.0586485457408763,19.827549229077206,14.871935574627319,0.0,0.6208547635160664,2.411323566127233,0.0,0.0,0.0,-0.224327640030058,0,0,0,0,0,0,0.03349375497790563,0.5891410420102489,1.5501110287650843,0.0,0.0,0.0
image_2782.png,surface,0.0,0.0,0.7597953138022226,20.559868669635186,3.756235292474028,0.0,0.048316146246963676,-1.7267772979578815,0.0,0.0,0.0,2.8755179424598056,0,0,0,0,0,0,0.02249049032458598,-0.10410320376042302,0.2279673557174163,0.0,0.0,0.0
image_2783.png,surface,0.0,0.0,1.5205119262615392,-8.097142963532654,-9.62598009750104,0.0,1.455135108606604,0.5558215324100482,0.0,0.0,0.0,-0.7271814857124159,0,0,0,0,0,0,0.20438678235290758,0.007281891445774164,0.4809577517734494,0.0,0.0,0.0
image_2784.png,surface,0.0,0.0,0.6785359241609679,-2.846923650925688,-12.510224016762532,0.0,0.6919760841648762,1.6163435049761172,0.0,0.0,0.0,2.9632596779272404,0,0,0,0,0,0,0.02326665422129326,0.04427182349501462,0.1326806184936573,0.0,0.0,0.0
image_2785.png,surface,0.0,0.0,1.502281830771197,3.2535093650170444,-0.7545353840505798,0.0,-1.0275173346280346,0.9993587132617586,0.0,0.0,0.0,-0.1108604230045982,0,0,0,0,0,0,-0.07284069887098005,0.05255892743459945,0.2587024197206932,0.0,0.0,0.0
image_2786.png,surface,0.0,0.0,0.6486200522243928,6.402103105637528,-0.5538674114257668,0.0,-0.668872489156105,-1.654207964430123,0.0,0.0,0.0,-2.79744254407162,0,0,0,0,0,0,0.0042004163821799615,-0.033407977669886894,0.04421347480855009,0.0,0.0,0.0
image_2787.png,surface,0.0,0.0,0.9821922404463388,3.1990166674930105,5.0273707510558925,0.0,-0.03217054735867494,1.699440507002307,0.0,0.0,0.0,1.0316736388818022,0,0,0,0,0,0,0.003451646505356565,0.0248613118187546,0.09575566801718359,0.0,0.0,0.0
image_2788.png,surface,0.0,0.0,1.64095253128255,-8.824315989508216,11.263974504087917,0.0,2.754021682337085,0.18735954983353315,0.0,0.0,0.0,2.50941649385274,0,0,0,0,0,0,0.16453457098197705,-0.047424320893444415,0.3599378790096026,0.0,0.0,0.0
image_2789.png,surface,0.0,0.0,2.0452052961108076,-18.85928154470487,3.835090663125232,0.0,-2.3231159659291327,-0.62071321107667,0.0,0.0,0.0,-0.5760484092215084,0,0,0,0,0,0,-0.3266919497940393,-0.2227245704400618,1.0860437175700115,0.0,0.0,0.0
image_2790.png,surface,0.0,0.0,0.9524190660845542,22.39201875953166,-7.87271287569005,0.0,0.040923854750881235,-0.7131063202133558,0.0,0.0,0.0,2.8933244179216384,0,0,0,0,0,0,-0.04826217547525228,-0.0800819286735853,0.43388603212879107,0.0,0.0,0.0
image_2791.png,surface,0.0,0.0,0.7059838270687679,-4.5818034740753175,3.198150588385172,0.0,-1.67006400830937,1.666443694728837,0.0,0.0,0.0,0.4247439157565318,0,0,0,0,0,0,-0.0066384841518369875,-0.003959498977967962,0.04259231406556987,0.0,0.0,0.0
image_2792.png,surface,0.0,0.0,2.6843016653251595,-10.680484296651624,-6.375864466774779,0.0,-2.742764349343236,0.1434595361952826,0.0,0.0,0.0,2.888739540177836,0,0,0,0,0,0,-0.5864237836521512,-0.07342770512300746,1.2976744176460473,0.0,0.0,0.0
image_2793.png,surface,0.0,0.0,0.7086358354646787,-15.600860282687767,3.5650985265037,0.0,0.43655917810687683,-0.20554503627470377,0.0,0.0,0.0,2.137451532370557,0,0,0,0,0,0,0.059289790368468376,-0.04237466188697758,0.14516757562140514,0.0,0.0,0.0
image_2794.png,surface,0.0,0.0,1.9218009975985944,-15.449720659844559,-11.861851556338516,0.0,-2.0600098091990167,-0.11001386039503804,0.0,0.0,0.0,0.022803561361662616,0,0,0,0,0,0,-0.3747136666503116,-0.14733206030176543,0.9450965190894242,0.0,0.0,0.0
image_2795.png,surface,0.0,0.0,2.4781310180432117,0.164493791975296,-3.315606646516259,0.0,-1.4398182828016735,1.406227615681557,0.0,0.0,0.0,0.3874146606674773,0,0,0,0,0,0,-0.3419549845392875,0.35154593369226467,0.8845374566243793,0.0,0.0,0.0
image_2796.png,surface,0.0,0.0,0.9188516230711031,19.8328033861223,-9.811509722600599,0.0,-2.2691630383724632,1.9391836833347162,0.0,0.0,0.0,2.1781465178337704,0,0,0,0,0,0,-0.14908738754751064,0.09920456259340181,0.48105600393969017,0.0,0.0,0.0
image_2797.png,surface,0.0,0.0,2.1157918744530084,1.5930680472798429,-22.675050396886324,0.0,0.08099584312925796,-2.7254768075607316,0.0,0.0,0.0,-1.353803287305436,0,0,0,0,0,0,0.36318078427923867,-0.6336472577769034,1.8571892423369087,0.0,0.0,0.0
image_2798.png,surface,0.0,0.0,2.326555010654168,1.2639487086003842,22.8502749648809,0.0,-1.5368840489881097,0.4232872942085187,0.0,0.0,0.0,2.048310996894797,0,0,0,0,0,0,-0.6155558019085614,0.02765986115598341,1.6736140017302998,0.0,0.0,0.0
image_2799.png,surface,0.0,0.0,2.267978315744092,13.97654589210521,-5.164442641294415,0.0,0.056110023935637764,-0.4598849135311727,0.0,0.0,0.0,-1.5253935646906331,0,0,0,0,0,0,0.0805414622383101,0.017041419319954967,1.0285662003188982,0.0,0.0,0.0
image_2800.png,surface,0.0,0.0,0.6292743118426309,-12.433620199435948,6.10861351407115,0.0,-0.37664311297552716,-1.7552335763182796,0.0,0.0,0.0,2.782529508443533,0,0,0,0,0,0,0.010665405074752887,-0.04181149119404449,0.0916089800010484,0.0,0.0,0.0
image_2801.png,surface,0.0,0.0,2.1039716636948005,-18.890027917994672,9.731363261286111,0.0,-0.11193557494378967,0.7563315321301647,0.0,0.0,0.0,-2.6738567976400187,0,0,0,0,0,0,-0.06537126278266861,0.034880401604482796,0.9532023228043239,0.0,0.0,0.0
image_2802.png,surface,0.0,0.0,0.8927903305967326,-2.4464498886765433,23.398321878068938,0.0,0.2139490079968187,-2.3020080058602677,0.0,0.0,0.0,1.3895707046462658,0,0,0,0,0,0,0.02692832154575895,-0.08593386995210764,0.2672950182592438,0.0,0.0,0.0
image_2803.png,surface,0.0,0.0,1.254915640716355,-18.732442714384987,10.828574598183113,0.0,0.6332569016483108,2.7532645148218506,0.0,0.0,0.0,-2.583673731550074,0,0,0,0,0,0,0.013468726442860013,0.14875729116153466,0.37736870650230675,0.0,0.0,0.0
image_2804.png,surface,0.0,0.0,2.8220342789587156,6.398201007943665,8.608443036930758,0.0,-0.7844447789495027,-1.2079058523985795,0.0,0.0,0.0,-0.8618734090407565,0,0,0,0,0,0,-0.3245689132530464,-0.2304390650717483,1.3749318823645427,0.0,0.0,0.0
image_2805.png,surface,0.0,0.0,0.6305788607202685,-14.961153387798115,-19.88650206625966,0.0,1.126726288371495,-0.5067703280066985,0.0,0.0,0.0,1.9772156942094492,0,0,0,0,0,0,0.15297733837100755,-0.08937581820947504,0.5324150908385106,0.0,0.0,0.0
image_2806.png,surface,0.0,0.0,2.6543216334146242,-24.138906102423196,1.2023322737799802,0.0,-1.6606828290475242,0.49772474182277376,0.0,0.0,0.0,-0.5130133596139719,0,0,0,0,0,0,-0.426132241972173,-0.3856492226645994,2.3421306728506823,0.0,0.0,0.0
image_2807.png,surface,0.0,0.0,1.878068890254445,4.781170062578428,4.2965484152438425,0.0,-0.02432850481114401,0.7325406900882265,0.0,0.0,0.0,-0.073213992895369,0,0,0,0,0,0,0.018883611039887893,0.16742687156301395,0.45318811678763465,0.0,0.0,0.0
image_2808.png,surface,0.0,0.0,0.578307979932871,2.7398299592494033,7.235277343374628,0.0,-2.508443354322265,-0.8902440018735512,0.0,0.0,0.0,-0.023610780171899215,0,0,0,0,0,0,0.00555185469644659,-0.004824705349792498,0.034566898486684705,0.0,0.0,0.0
image_2809.png,surface,0.0,0.0,2.3849913271450944,-10.949876676598597,-22.245484247953865,0.0,-0.9547319397889926,2.830666797480354,0.0,0.0,0.0,0.8242666842047122,0,0,0,0,0,0,-0.04776603933735706,0.6515271407262813,1.6795761218181204,0.0,0.0,0.0
image_2810.png,surface,0.0,0.0,2.6437551833969097,-21.093498249223224,4.6924819545502325,0.0,1.511685588724919,-1.735607225789792,0.0,0.0,0.0,-0.28375224114854447,0,0,0,0,0,0,0.3551452051133291,-0.8460507027523454,2.442323319375169,0.0,0.0,0.0
image_2811.png,surface,0.0,0.0,1.6438789220991028,3.3752323930847585,-21.929363114733817,0.0,-0.7029010409218731,0.21731006651260285,0.0,0.0,0.0,2.1401662238352017,0,0,0,0,0,0,0.019388878517744304,0.038570900055938016,0.9772249774503027,0.0,0.0,0.0
image_2812.png,surface,0.0,0.0,2.4795979802334243,5.8710438868751,-20.289082761908833,0.0,-2.3802902854320824,-0.7065132647690098,0.0,0.0,0.0,0.8412607802539602,0,0,0,0,0,0,-0.44665949420508844,-0.2010692415045405,1.4857737239073094,0.0,0.0,0.0
image_2813.png,surface,0.0,0.0,2.776177075511643,-8.163816429443155,-1.1859059290358438,0.0,2.0362221146454815,1.6806062902264784,0.0,0.0,0.0,1.7923230956473537,0,0,0,0,0,0,0.4547757335406551,0.22690902307470398,1.2052191292130583,0.0,0.0,0.0
image_2814.png,surface,0.0,0.0,1.9205742699689488,4.396740051101274,22.5686797745304,0.0,-0.20564825783245405,-1.5232327649755855,0.0,0.0,0.0,1.1652584921131837,0,0,0,0,0,0,-0.09571470547393934,-0.248764136026992,0.8500375482510415,0.0,0.0,0.0
image_2815.png,surface,0.0,0.0,2.7917277805477223,14.616634760364386,15.160892595814257,0.0,-1.7339414815658711,0.35057890646338014,0.0,0.0,0.0,-1.546462524975145,0,0,0,0,0,0,-0.7930720945354646,0.37405703038464483,2.798217228542433,0.0,0.0,0.0
image_2816.png,surface,0.0,0.0,1.5424374067446678,6.57376410781965,-9.97752443830283,0.0,-0.9488863342847857,0.551209337012858,0.0,0.0,0.0,2.131819886772594,0,0,0,0,0,0,-0.17296584154620834,0.1291989078508173,0.40855930327633805,0.0,0.0,0.0
image_2817.png,surface,0.0,0.0,2.5296628649794752,14.732101559440949,-18.712196598730237,0.0,2.2321579803239775,1.0416219392626067,0.0,0.0,0.0,1.104395407541162,0,0,0,0,0,0,1.1263173026417017,0.594448689825769,3.693700869687594,0.0,0.0,0.0
image_2818.png,surface,0.0,0.0,2.4516649985719425,10.13806989111742,-7.548673052918459,0.0,-0.1243752763689604,0.22076064333939666,0.0,0.0,0.0,0.8167356734358866,0,0,0,0,0,0,0.04997125793800142,0.12898339280910823,1.2424098071391376,0.0,0.0,0.0
image_2819.png,surface,0.0,0.0,2.2973246810282264,1.148011015580885,-6.933789678812255,0.0,1.3832758140023629,-0.29719196770167056,0.0,0.0,0.0,1.0319424821927425,0,0,0,0,0,0,0.3767408241217112,-0.04976037809737068,0.8847004659001892,0.0,0.0,0.0
image_2820.png,surface,0.0,0.0,1.5286151100084124,-1.5552738915204796,-10.241159080207856,0.0,2.173629883921348,-1.4178721368983083,0.0,0.0,0.0,1.0621743412281015,0,0,0,0,0,0,0.1517080821163922,-0.11953533922878444,0.42572217031565707,0.0,0.0,0.0
image_2821.png,surface,0.0,0.0,1.6705672781642753,-12.346586679974289,7.785775437311461,0.0,2.2253845976655615,1.5640856296169405,0.0,0.0,0.0,-2.7876781364054186,0,0,0,0,0,0,0.16060200723866058,0.07677841343570967,0.3894559559537552,0.0,0.0,0.0
image_2822.png,surface,0.0,0.0,1.0234858035716359,-2.3046951337808776,-15.605588909915086,0.0,2.982865624515278,-0.2610506913028253,0.0,0.0,0.0,2.601187230511222,0,0,0,0,0,0,0.1193009565938765,-0.036305632464251975,0.33428066559797465,0.0,0.0,0.0
image_2823.png,surface,0.0,0.0,1.1952158519424274,-15.55804020048239,8.749001853777889,0.0,-1.938270871667788,-1.99688609244565,0.0,0.0,0.0,-2.6693711844269474,0,0,0,0,0,0,-0.07357120606788105,-0.08588667687728085,0.33007368647982804,0.0,0.0,0.0
image_2824.png,surface,0.0,0.0,2.205650386267486,1.346774078295463,19.77400496874118,0.0,-0.43425126346986376,-1.0474614620064429,0.0,0.0,0.0,-2.6416647094877237,0,0,0,0,0,0,-0.2139807768722064,-0.19820619496504846,0.95815959119195,0.0,0.0,0.0
image_2825.png,surface,0.0,0.0,1.3135968178275041,-13.165996398501267,-0.6791782356623551,0.0,2.8724828726513096,-0.1877261609247644,0.0,0.0,0.0,0.18023908887671425,0,0,0,0,0,0,0.10953955417528845,-0.0323838879461455,0.3123079084203921,0.0,0.0,0.0
image_2826.png,surface,0.0,0.0,2.3107407635179653,-10.606600331935134,-12.736068359326477,0.0,0.5265165260960624,2.179247948913913,0.0,0.0,0.0,2.017891629940089,0,0,0,0,0,0,0.2765700247466771,0.40641260248589467,1.189610432803373,0.0,0.0,0.0
image_2827.png,surface,0.0,0.0,2.061026126158536,-7.00409113277878,-4.067070116818454,0.0,-0.5838171688020352,1.0804296047635062,0.0,0.0,0.0,-1.2265371732249997,0,0,0,0,0,0,-0.10571352273152015,0.23958508297318065,0.5611359854338424,0.0,0.0,0.0
image_2828.png,surface,0.0,0.0,1.3911590326109684,0.12906347244108468,-17.139892772416125,0.0,0.769558379427352,0.28981475131575407,0.0,0.0,0.0,0.5304957872196989,0,0,0,0,0,0,0.22780866935354258,0.03691127692452909,0.6439759595978615,0.0,0.0,0.0
image_2829.png,surface,0.0,0.0,0.9190457404900385,24.805014957217765,2.4290353386249732,0.0,-0.7791838387984693,-1.0824141728750125,0.0,0.0,0.0,1.1498937189745,0,0,0,0,0,0,-0.09970205725702336,-0.11387217024956921,0.38974847944870045,0.0,0.0,0.0
image_2830.png,surface,0.0,0.0,1.299382714004163,6.987706974162435,-3.893361627764802,0.0,-1.7127990198757865,1.000033509607217,0.0,0.0,0.0,-1.1821294132499827,0,0,0,0,0,0,-0.09594298897297082,0.039174971413720956,0.23721199135920396,0.0,0.0,0.0
image_2831.png,surface,0.0,0.0,1.4130743952212028,6.687022676912742,-10.92819915712195,0.0,0.20336316833367726,-2.774509393573877,0.0,0.0,0.0,0.2799604855700184,0,0,0,0,0,0,0.059758532486479804,-0.16413279494010383,0.3636893253569949,0.0,0.0,0.0
image_2832.png,surface,0.0,0.0,2.1144554519276446,4.829730381781181,20.4133351275415,0.0,0.020510434525204013,-2.1607708799390837,0.0,0.0,0.0,-0.49658569719267476,0,0,0,0,0,0,0.021942609926910328,-0.31175745230579543,0.8682566260774531,0.0,0.0,0.0
image_2833.png,surface,0.0,0.0,0.6545553271577516,4.176232124839587,-15.603271234517072,0.0,-1.6594002666347425,-0.06257394787649605,0.0,0.0,0.0,0.7408606937086573,0,0,0,0,0,0,-0.07434736996458824,-0.016534880316814098,0.1854956238558704,0.0,0.0,0.0
image_2834.png,surface,0.0,0.0,2.6652875195585617,12.746558572552793,12.793850269497053,0.0,-0.7026812742217019,2.616153190101082,0.0,0.0,0.0,1.9983324939348384,0,0,0,0,0,0,-0.3570445238252718,0.8569365720123916,2.221686915061615,0.0,0.0,0.0
image_2835.png,surface,0.0,0.0,2.0632505119673468,14.17124797335297,-10.015925152209405,0.0,-0.2889282985922996,-2.4424394707375057,0.0,0.0,0.0,1.565184604269338,0,0,0,0,0,0,0.01130155509205401,-0.3409652463160977,0.8011347655082518,0.0,0.0,0.0
image_2836.png,surface,0.0,0.0,0.6329439496189075,22.63611940275772,-7.268154697045111,0.0,2.3473515626153985,1.8550699591364088,0.0,0.0,0.0,2.931101164672052,0,0,0,0,0,0,0.10640750456857573,0.03696633551182701,0.3570573041357122,0.0,0.0,0.0
image_2837.png,surface,0.0,0.0,1.128639655197829,-19.48527471450995,-5.096921062186941,0.0,0.7315826293826992,-2.3204681257571504,0.0,0.0,0.0,-1.1608499322254477,0,0,0,0,0,0,0.08992543593849951,-0.1872605478102209,0.5473762161525149,0.0,0.0,0.0
image_2838.png,surface,0.0,0.0,0.8765157234317501,16.981632890899714,-4.305207024274171,0.0,1.9436495163085017,2.0160299709611396,0.0,0.0,0.0,2.5973895889794063,0,0,0,0,0,0,0.08220945367123371,0.04963610300032674,0.26045756069036585,0.0,0.0,0.0
image_2839.png,surface,0.0,0.0,1.9546014160212994,10.436868647248007,-12.329766331296632,0.0,0.42607441383448547,2.033655270192183,0.0,0.0,0.0,1.74042840813141,0,0,0,0,0,0,0.15442922142484788,0.36568025960288914,1.0547236065768453,0.0,0.0,0.0
image_2840.png,surface,0.0,0.0,1.922541191267892,-23.867123968769373,-0.6559488433596398,0.0,2.135130739770591,-1.3944466851398079,0.0,0.0,0.0,-1.2939040517907703,0,0,0,0,0,0,0.4048653512023959,-0.3881819176803044,1.4498335280970263,0.0,0.0,0.0
image_2841.png,surface,0.0,0.0,1.410517428189351,13.347227053946892,-9.81655647149605,0.0,-2.0665618232518996,1.5840644503181693,0.0,0.0,0.0,-1.1521753635872032,0,0,0,0,0,0,-0.151202814638536,0.11845933712273339,0.5061103063312017,0.0,0.0,0.0
image_2842.png,surface,0.0,0.0,2.3994423968281224,-3.856536726908831,16.63491934787482,0.0,-0.6500959143778425,0.8047872469863337,0.0,0.0,0.0,0.013145280112573321,0,0,0,0,0,0,-0.2970607516197471,0.1479644475044445,1.1620440011613755,0.0,0.0,0.0
image_2843.png,surface,0.0,0.0,0.6544304052486689,4.198457295638998,-19.894707829243472,0.0,-0.3684018050586961,-1.157374938645814,0.0,0.0,0.0,-0.16101445635110911,0,0,0,0,0,0,-0.014911478156739566,-0.11340023950130128,0.30956131377319457,0.0,0.0,0.0
image_2844.png,surface,0.0,0.0,2.5684244423964926,-1.5315374579605556,3.30398219793329,0.0,2.180420213206228,0.0706057600609491,0.0,0.0,0.0,-1.0265250529540715,0,0,0,0,0,0,0.3599011113431522,-0.03766321991676938,0.8523822022181624,0.0,0.0,0.0
image_2845.png,surface,0.0,0.0,2.7213203110248596,-0.5825089666365149,-1.0746997953522845,0.0,-2.7989153938053737,0.02200335910690958,0.0,0.0,0.0,-2.1623134817700462,0,0,0,0,0,0,-0.5291063627153149,-0.03336078459506009,1.0989236833627258,0.0,0.0,0.0
image_2846.png,surface,0.0,0.0,0.9646901629802405,-18.963738324980824,-13.415347341507381,0.0,-1.6437853094967476,1.6393771156205958,0.0,0.0,0.0,-2.45782447217306,0,0,0,0,0,0,-0.1458457618612629,0.1309434785169144,0.42220742236875547,0.0,0.0,0.0
image_2847.png,surface,0.0,0.0,2.851110858062852,-2.0414918951000596,-14.932684481190789,0.0,-2.7857221535308634,-0.4263551847322421,0.0,0.0,0.0,1.7481137335896948,0,0,0,0,0,0,-0.5583540446112347,-0.17612927456107466,1.501650380770379,0.0,0.0,0.0
image_2848.png,surface,0.0,0.0,2.3309129204951873,2.5270258028389168,9.10012050798327,0.0,2.5399039799709633,0.3324260830504686,0.0,0.0,0.0,-1.6140050631204796,0,0,0,0,0,0,0.2618198669292529,0.009131859978984459,0.667020558588984,0.0,0.0,0.0
image_2849.png,surface,0.0,0.0,2.7336144703539897,5.579236762736685,-15.830476130219656,0.0,-0.35297303010742165,-2.0155445412932758,0.0,0.0,0.0,-0.5825491848284186,0,0,0,0,0,0,0.16987031729934066,-0.47017988519185744,1.9768693128338295,0.0,0.0,0.0
image_2850.png,surface,0.0,0.0,2.4787046370740793,-16.36958382460213,-7.750474632183569,0.0,-1.9237290968650822,0.38267877493027963,0.0,0.0,0.0,2.352021596263791,0,0,0,0,0,0,-0.368148233218165,-0.11417735213344903,1.3706713111557185,0.0,0.0,0.0
image_2851.png,surface,0.0,0.0,0.6697800976365891,16.162397155200704,-16.798242712834305,0.0,-0.3290929557581174,-0.5306189440915394,0.0,0.0,0.0,-2.530455141076198,0,0,0,0,0,0,-0.031953602304439936,-0.08461246385695738,0.35980389878291047,0.0,0.0,0.0
image_2852.png,surface,0.0,0.0,1.1172336852015312,-17.62129731832619,-5.345091921845272,0.0,1.5505693102572187,-1.224453506856053,0.0,0.0,0.0,2.5382514684350657,0,0,0,0,0,0,0.1359382580032943,-0.11061584808652039,0.42980856722978084,0.0,0.0,0.0
image_2853.png,surface,0.0,0.0,2.627216485378462,6.231498638228253,-21.885316486461587,0.0,-0.9039941714961552,2.8258424249024494,0.0,0.0,0.0,2.7857146780315176,0,0,0,0,0,0,0.18229654909662335,0.8998083342875454,2.605178517923774,0.0,0.0,0.0
image_2854.png,surface,0.0,0.0,0.6202158119552563,-2.676597719109263,-9.346505723529885,0.0,1.4921556959291307,0.07560721467695211,0.0,0.0,0.0,2.4072264889920607,0,0,0,0,0,0,0.030008626892691053,-0.0061901583147810696,0.0856803549699019,0.0,0.0,0.0
image_2855.png,surface,0.0,0.0,2.273022193640621,-4.810855258594808,-19.289047808049563,0.0,1.287179195158775,-0.9739133523439779,0.0,0.0,0.0,-1.6264515904775148,0,0,0,0,0,0,0.7056364706264016,-0.38256122246843327,2.272505615046108,0.0,0.0,0.0
image_2856.png,surface,0.0,0.0,2.20336361807224,9.194200341748381,2.786142438829803,0.0,-1.0366478815729272,2.493921376129059,0.0,0.0,0.0,-1.4082533216352973,0,0,0,0,0,0,-0.14665845111781503,0.3212951727282903,0.8340269111612788,0.0,0.0,0.0
image_2857.png,surface,0.0,0.0,1.6100289235047693,-11.212461346071482,-4.86531922249438,0.0,0.6770436248208879,-2.390038033644075,0.0,0.0,0.0,2.946627039063981,0,0,0,0,0,0,0.10486735189510966,-0.22694363132957723,0.5499218404596736,0.0,0.0,0.0
image_2858.png,surface,0.0,0.0,1.93706361232806,4.738417721183591,2.2331662359873423,0.0,-0.5836789968012848,-2.7679332539185206,0.0,0.0,0.0,-1.8219234882320572,0,0,0,0,0,0,-0.0030772615669450998,-0.18345521287668726,0.44350134639776156,0.0,0.0,0.0
image_2859.png,surface,0.0,0.0,1.1513351362604243,21.163370037752433,-12.139378094098578,0.0,-1.0454240590462545,-1.8337897426510432,0.0,0.0,0.0,1.4705827216744138,0,0,0,0,0,0,-0.08724082198988899,-0.1773468558916059,0.5381896386089611,0.0,0.0,0.0
image_2860.png,surface,0.0,0.0,1.976647777959275,24.153183926724797,4.996072323656535,0.0,-1.0699905343648013,-1.8027963159399731,0.0,0.0,0.0,2.1876866448461296,0,0,0,0,0,0,-0.2470301399719976,-0.20147195574306262,0.920511147491336,0.0,0.0,0.0
image_2861.png,surface,0.0,0.0,2.2202052799886665,16.642001411253766,8.549322432321178,0.0,-1.9010574713970334,-0.8084604637502277,0.0,0.0,0.0,-0.049387158050688384,0,0,0,0,0,0,-0.4589594091329071,-0.032604122295337136,1.1779273570357804,0.0,0.0,0.0
image_2862.png,surface,0.0,0.0,1.4640503239927354,-5.073682200746995,-5.427163659716585,0.0,2.060838631237547,-1.961573502782929,0.0,0.0,0.0,1.7149383683632244,0,0,0,0,0,0,0.10307456548271536,-0.09632735813146165,0.3305627143072559,0.0,0.0,0.0
image_2863.png,surface,0.0,0.0,0.8700733656200508,-19.492314456318123,-14.392176814906154,0.0,2.0684495358829547,1.91401090228938,0.0,0.0,0.0,-2.7582525814614014,0,0,0,0,0,0,0.1690028400030208,0.09150265278166915,0.5400073036844231,0.0,0.0,0.0
image_2864.png,surface,0.0,0.0,2.8623859216672876,1.3744451643856197,-3.8578941061852667,0.0,-1.3247835459726827,0.30387221537380604,0.0,0.0,0.0,-2.7188281436559345,0,0,0,0,0,0,-0.23798098207038773,0.01609283851593644,1.3347780084247776,0.0,0.0,0.0
image_2865.png,surface,0.0,0.0,2.97375951033217,15.938765908192481,8.57890692960457,0.0,-2.387648691672495,-1.5197687888866687,0.0,0.0,0.0,1.3534362444513626,0,0,0,0,0,0,-0.8444663196174295,-0.10783145667173957,2.208463066687059,0.0,0.0,0.0
image_2866.png,surface,0.0,0.0,0.6747979174696981,17.685533460511216,-1.214297773347847,0.0,0.22601378577478498,2.287736118807858,0.0,0.0,0.0,-2.7643807836231216,0,0,0,0,0,0,0.007149839189667273,0.06256071309289118,0.1928645363239617,0.0,0.0,0.0
image_2867.png,surface,0.0,0.0,0.6391312738585346,1.7459754211805794,-2.51963185120373,0.0,2.2411275547794896,-1.32764377683481,0.0,0.0,0.0,0.052894949382882306,0,0,0,0,0,0,0.011578539070879024,-0.005960485350623992,0.0518592797451397,0.0,0.0,0.0
image_2868.png,surface,0.0,0.0,1.4066937334840497,-13.571925331483117,-8.510305451001354,0.0,0.1819493399349334,2.5015087390575785,0.0,0.0,0.0,-0.5867588939877688,0,0,0,0,0,0,-0.007825558346800876,0.16042341925871786,0.4204344173688564,0.0,0.0,0.0
image_2869.png,surface,0.0,0.0,2.848673099335191,14.786931241326629,-5.799769554517603,0.0,1.6478392447162205,1.9064714694882299,0.0,0.0,0.0,0.43050828742989955,0,0,0,0,0,0,0.6458688067999607,0.7956547912473068,2.7897496782154625,0.0,0.0,0.0
image_2870.png,surface,0.0,0.0,1.449919118855248,-2.136861859101075,-14.852368051004873,0.0,2.8207492781780843,0.13902841755295264,0.0,0.0,0.0,-0.4290728439330511,0,0,0,0,0,0,0.19644251658661044,-0.023733397330394278,0.5795984606720792,0.0,0.0,0.0
image_2871.png,surface,0.0,0.0,1.0720321168216527,21.649408045876363,-12.388492638710662,0.0,1.33517418592451,-0.22493665911940566,0.0,0.0,0.0,1.281105560565332,0,0,0,0,0,0,0.21488782330835784,0.0009957738788453213,0.6903442830523837,0.0,0.0,0.0
image_2872.png,surface,0.0,0.0,2.9405473980244077,18.100091430913363,-4.631841751083122,0.0,0.1285541442683894,2.3248041751082917,0.0,0.0,0.0,1.5385796678327228,0,0,0,0,0,0,0.26004229941679413,1.210349778365303,3.822723827992547,0.0,0.0,0.0
image_2873.png,surface,0.0,0.0,1.0838889452164733,5.166123910283792,-17.42784312968559,0.0,-0.4786234068315718,0.8263486522055259,0.0,0.0,0.0,-2.145310344703489,0,0,0,0,0,0,-0.035703539248531126,0.16744574879294474,0.39765331282356264,0.0,0.0,0.0
image_2874.png,surface,0.0,0.0,2.2117021282432434,-8.353702340417032,-20.43402877772143,0.0,2.466285808444703,-0.0367958659880269,0.0,0.0,0.0,1.7247195972682023,0,0,0,0,0,0,0.8594325858139354,-0.22000939553502702,2.409500396839265,0.0,0.0,0.0
image_2875.png,surface,0.0,0.0,0.779273843524353,-7.435298834434608,-11.142834924609708,0.0,1.9648637262318103,1.3447954864192986,0.0,0.0,0.0,0.21096185297845516,0,0,0,0,0,0,0.0480491108761559,0.006304994796859528,0.1763313763500983,0.0,0.0,0.0
image_2876.png,surface,0.0,0.0,2.080352422969774,-23.156741751959363,6.620782434035452,0.0,1.4280928591391429,0.9053770705469828,0.0,0.0,0.0,0.28766722271451073,0,0,0,0,0,0,0.3678529865594171,0.04153462515506059,1.0888773993645606,0.0,0.0,0.0
image_2877.png,surface,0.0,0.0,0.8623809405267503,2.638130876880483,-14.09878602701666,0.0,-0.3808382765992307,1.2763058326230559,0.0,0.0,0.0,-0.33336451045162585,0,0,0,0,0,0,-0.03558330993904118,0.05284208588356025,0.21738291780870286,0.0,0.0,0.0
image_2878.png,surface,0.0,0.0,1.1967648837421332,-16.825433668298096,-18.759783023892542,0.0,-0.15563927488425341,-1.9675812033629856,0.0,0.0,0.0,1.899444509983537,0,0,0,0,0,0,0.12334614019671528,-0.38958355200266015,1.0651026081379626,0.0,0.0,0.0
image_2879.png,surface,0.0,0.0,1.5912482309470548,7.42284064258018,14.43627645442071,0.0,-0.733012887580997,-1.4782405957436,0.0,0.0,0.0,0.6790046694151561,0,0,0,0,0,0,-0.052203870558530076,-0.15455889316024163,0.39973223934107566,0.0,0.0,0.0
image_2880.png,surface,0.0,0.0,2.412542172928779,-4.412903609752842,21.126156098135908,0.0,-0.920195587101862,-2.0256865211862767,0.0,0.0,0.0,2.9583066395382103,0,0,0,0,0,0,-0.23960636058349224,-0.42032040163735046,1.428832127562965,0.0,0.0,0.0
image_2881.png,surface,0.0,0.0,1.8878960653651182,-16.673804543691944,-9.655874694496891,0.0,-2.5195201014489417,0.5705324232308704,0.0,0.0,0.0,-0.46275536633475234,0,0,0,0,0,0,-0.3213227218968179,0.015720013224804763,0.8328210891210464,0.0,0.0,0.0
image_2882.png,surface,0.0,0.0,0.9501891673319538,-5.85820012883106,-18.592921772376343,0.0,1.3187885592870827,0.852070518900331,0.0,0.0,0.0,-1.4832971192455602,0,0,0,0,0,0,0.15703469709379445,0.025665167193304316,0.4497448249616355,0.0,0.0,0.0
image_2883.png,surface,0.0,0.0,2.3872446023196487,-9.375990187372587,-5.6507185432153095,0.0,-1.617541425322754,-0.42012621247764176,0.0,0.0,0.0,2.075322980673575,0,0,0,0,0,0,-0.28855338655583895,-0.24126201023202618,1.0187186536569934,0.0,0.0,0.0
image_2884.png,surface,0.0,0.0,2.094310282084108,-16.756339094905403,7.888591836262152,0.0,0.047125515327789684,-1.8760906429286628,0.0,0.0,0.0,-0.26400765751378463,0,0,0,0,0,0,0.0219350004769426,-0.4622357175960135,1.1946346913043444,0.0,0.0,0.0
image_2885.png,surface,0.0,0.0,0.5480656408626048,13.246262766376667,6.583962536143991,0.0,-0.1092279060999958,1.373589582659133,0.0,0.0,0.0,2.5732199536408675,0,0,0,0,0,0,-0.006684140851643261,0.02605529661187248,0.08219686907589512,0.0,0.0,0.0
image_2886.png,surface,0.0,0.0,0.663997306798052,23.56315706882896,-6.289618954989674,0.0,-0.6107065179380753,0.47223692002445683,0.0,0.0,0.0,-0.45976689468210186,0,0,0,0,0,0,-0.09223109927871827,0.10222491938231658,0.4350873881614678,0.0,0.0,0.0
image_2887.png,surface,0.0,0.0,0.7302924850059054,15.259992632801833,18.46226640533071,0.0,-1.6552493971563746,-1.5837164223433047,0.0,0.0,0.0,-1.3597208698525256,0,0,0,0,0,0,-0.04562930578642197,-0.06189686384032763,0.2484663304013805,0.0,0.0,0.0
image_2888.png,surface,0.0,0.0,1.1237657620560153,-5.3589028510453485,-3.2380409263683796,0.0,-2.764983261705857,-0.3064989715993098,0.0,0.0,0.0,-1.1783032375289477,0,0,0,0,0,0,-0.06654920563767125,0.0037015101689147965,0.17111507952420044,0.0,0.0,0.0
image_2889.png,surface,0.0,0.0,1.1917995725344326,22.10867325827638,11.44890219820899,0.0,-1.5930564277417947,0.5519647025560058,0.0,0.0,0.0,-2.1540400580998065,0,0,0,0,0,0,-0.21428819865090215,0.10494953290231684,0.6547077757559373,0.0,0.0,0.0
image_2890.png,surface,0.0,0.0,2.193720502140365,10.864779609366202,3.470890224554379,0.0,-0.5153486463892835,0.9752360085006785,0.0,0.0,0.0,-1.4278237079096867,0,0,0,0,0,0,-0.11361213179801102,0.2843854689062553,0.8827555196093682,0.0,0.0,0.0
image_2891.png,surface,0.0,0.0,2.125821616796358,9.203559919360057,-16.339873764565688,0.0,0.26561550116058297,-0.550602770455108,0.0,0.0,0.0,-1.9429170839981966,0,0,0,0,0,0,0.26961498747618273,-0.03708903750637673,1.3603012416097122,0.0,0.0,0.0
image_2892.png,surface,0.0,0.0,2.680007946790309,-11.186077658812152,0.22239835762898322,0.0,2.970703476405835,0.33413945152689106,0.0,0.0,0.0,1.8680100543836522,0,0,0,0,0,0,0.4990551229028037,-0.06328119403524692,1.2501694952684164,0.0,0.0,0.0
image_2893.png,surface,0.0,0.0,2.5382862885446857,16.09717877546562,7.617252786383644,0.0,-2.831268784968017,-0.0009444990795723419,0.0,0.0,0.0,2.389040826011726,0,0,0,0,0,0,-0.771780853525791,0.15994204989548458,1.7883747649038257,0.0,0.0,0.0
image_2894.png,surface,0.0,0.0,2.4713772311810933,0.9867853958040032,-11.381620770440742,0.0,-2.051465268631876,-0.17347681571674825,0.0,0.0,0.0,0.1852182357276555,0,0,0,0,0,0,-0.4282583222931532,-0.08109500667986715,1.0321032783035822,0.0,0.0,0.0
image_2895.png,surface,0.0,0.0,1.9722663270716299,-7.759484070211646,22.641755132046928,0.0,1.503329160259326,2.173312720092831,0.0,0.0,0.0,-0.043841960862534,0,0,0,0,0,0,0.13192959976030053,0.2618067288066231,0.8076908646010748,0.0,0.0,0.0
image_2896.png,surface,0.0,0.0,0.7665816706996244,18.134234145468923,-1.283308491652841,0.0,-0.3305373637310332,-1.376053124000456,0.0,0.0,0.0,-1.5910439873469915,0,0,0,0,0,0,0.007058525790054726,-0.08266338986661086,0.21684029789059814,0.0,0.0,0.0
image_2897.png,surface,0.0,0.0,2.2193713507664676,-14.463434671656076,-16.609868587379577,0.0,2.5159991962492363,-0.9419721698405504,0.0,0.0,0.0,-1.1391002481943675,0,0,0,0,0,0,0.8585270612677776,-0.5042060921419753,2.4838817526914267,0.0,0.0,0.0
image_2898.png,surface,0.0,0.0,1.255803738738373,7.969169027427676,4.303288655222276,0.0,1.4239575395441617,0.42999549321823544,0.0,0.0,0.0,-2.8746652384651425,0,0,0,0,0,0,0.08932733317103682,0.011661408789700567,0.18408883147559826,0.0,0.0,0.0
image_2899.png,surface,0.0,0.0,2.458486876013028,-5.198230921621908,-4.8347995641754204,0.0,-1.7339684144198397,1.174984767355456,0.0,0.0,0.0,2.894654173864131,0,0,0,0,0,0,-0.3616406316057727,0.26447471063683126,0.8170114223713225,0.0,0.0,0.0
image_2900.png,surface,0.0,0.0,1.416716959533417,20.7949615025055,1.0603048606589,0.0,1.1875227703243958,0.0877103673108089,0.0,0.0,0.0,1.0323221614229094,0,0,0,0,0,0,0.18199369298790816,0.053984158294368666,0.5810052530523515,0.0,0.0,0.0
image_2901.png,surface,0.0,0.0,0.8360150873496228,-0.08453786063019518,15.41294835550601,0.0,0.3565430174883899,-1.4967449990802284,0.0,0.0,0.0,0.2634843556808888,0,0,0,0,0,0,0.023857147538788138,-0.036324509694182675,0.13836138010542237,0.0,0.0,0.0
image_2902.png,surface,0.0,0.0,2.0132710264710916,6.098020058425951,22.468915150919933,0.0,1.791425864501896,0.5345337300603596,0.0,0.0,0.0,-1.5218010696906756,0,0,0,0,0,0,0.2421433512027288,0.08464077970185341,0.7408302654739243,0.0,0.0,0.0
image_2903.png,surface,0.0,0.0,2.7070135433449876,5.8970323278591605,-6.437880882904543,0.0,-0.2292556032194028,-0.6211102308392755,0.0,0.0,0.0,2.625476079405737,0,0,0,0,0,0,0.008291256684824999,-0.0873669663243479,1.2672095470999338,0.0,0.0,0.0
image_2904.png,surface,0.0,0.0,0.9396452937106599,16.670633186063743,16.97782581264904,0.0,-0.3067218009116401,1.1619971996712861,0.0,0.0,0.0,2.6113199107633998,0,0,0,0,0,0,-0.04394000789358863,0.11659992997455777,0.3667083464651343,0.0,0.0,0.0
image_2905.png,surface,0.0,0.0,1.2360647913148144,-10.131759921113929,17.049415416762937,0.0,-0.05562332594652122,-2.209851465266595,0.0,0.0,0.0,-2.77475581884831,0,0,0,0,0,0,0.02786884956176886,-0.08904861289067599,0.32061468247533215,0.0,0.0,0.0
image_2906.png,surface,0.0,0.0,1.1610849571575927,-6.941867456217661,18.464992778684792,0.0,-1.3893750648968817,-1.9534638672966955,0.0,0.0,0.0,0.7459020519194661,0,0,0,0,0,0,-0.020298968733883614,-0.08305037308019061,0.30513996629233986,0.0,0.0,0.0
image_2907.png,surface,0.0,0.0,2.4556929109333487,2.360913681055712,8.720011978927673,0.0,0.7361500531662118,-2.3785770108949307,0.0,0.0,0.0,-1.1865002281422077,0,0,0,0,0,0,0.12131593894532816,-0.2843618723688419,0.7791084162399929,0.0,0.0,0.0
image_2908.png,surface,0.0,0.0,0.8804482865690434,19.807715302619513,12.4320880589706,0.0,-2.1976037074147423,-1.07385084820023,0.0,0.0,0.0,0.35812338181440984,0,0,0,0,0,0,-0.07174493807562875,-0.030828089579355532,0.3310227130855669,0.0,0.0,0.0
image_2909.png,surface,0.0,0.0,1.6009741041661005,-10.208794664461855,-20.0148111115882,0.0,1.985633972355551,1.6627522562726487,0.0,0.0,0.0,2.64689644432932,0,0,0,0,0,0,0.3991673950665685,0.13672305708070234,1.1303241824919081,0.0,0.0,0.0
image_2910.png,surface,0.0,0.0,1.4415070791175548,17.696069232263035,5.6964142278323315,0.0,-1.0571710558394793,0.42235808561547317,0.0,0.0,0.0,1.3804134282232328,0,0,0,0,0,0,-0.21516176350719624,0.11685477257862244,0.5802705948093204,0.0,0.0,0.0
image_2911.png,surface,0.0,0.0,2.4233272376713106,-5.8981767281342306,21.31091498877023,0.0,-0.4546923902963623,-1.9493256035835977,0.0,0.0,0.0,1.9672179766248545,0,0,0,0,0,0,-0.23290395705192654,-0.4413921095475134,1.4725141474723011,0.0,0.0,0.0
image_2912.png,surface,0.0,0.0,1.598531268898601,-5.44649589773467,-12.589272946590517,0.0,-2.179067854682057,0.3279250040145231,0.0,0.0,0.0,2.771485174950695,0,0,0,0,0,0,-0.21728175626820206,0.031104955618339338,0.4491776420019703,0.0,0.0,0.0
image_2913.png,surface,0.0,0.0,1.1222635238396637,-12.788528537520932,17.75555370126454,0.0,2.798887219880291,0.9796845500084805,0.0,0.0,0.0,0.3142336777952801,0,0,0,0,0,0,0.12403099069380984,-0.0001683219668822548,0.3281667012532369,0.0,0.0,0.0
image_2914.png,surface,0.0,0.0,0.7015410955883792,0.5106510104797229,-3.912434136669717,0.0,0.04521814573378655,1.5888069997469092,0.0,0.0,0.0,2.4539183907886617,0,0,0,0,0,0,0.011195022792505994,0.019920196884389386,0.058348388724616784,0.0,0.0,0.0
image_2915.png,surface,0.0,0.0,1.714548501045816,-15.350586457240984,-12.87923917961397,0.0,0.07312631083412072,2.645287224708441,0.0,0.0,0.0,-0.2999618831324309,0,0,0,0,0,0,0.03335678487848675,0.25116626353567556,0.7471407341511448,0.0,0.0,0.0
image_2916.png,surface,0.0,0.0,1.1225422516912484,-16.576287958824924,-16.1521646632118,0.0,-1.341733356983083,-1.6178874662498988,0.0,0.0,0.0,-1.0464752393553414,0,0,0,0,0,0,-0.0823738177905368,-0.27314879778999585,0.680056834646172,0.0,0.0,0.0
image_2917.png,surface,0.0,0.0,2.213767014710122,-5.35122919807394,8.948016862496868,0.0,-1.890927942819229,-1.9019118993456385,0.0,0.0,0.0,0.8935094147754556,0,0,0,0,0,0,-0.25318161932590016,-0.26951493102833274,0.8639625598119561,0.0,0.0,0.0
image_2918.png,surface,0.0,0.0,1.10020783803322,6.786097392167291,-12.382231277030774,0.0,-1.110557562673829,-1.4228132169959729,0.0,0.0,0.0,0.7538312891820933,0,0,0,0,0,0,-0.06370174945975127,-0.12416026056181015,0.2608595013704437,0.0,0.0,0.0
image_2919.png,surface,0.0,0.0,1.8424780262562084,21.76194241374919,1.4005182739134285,0.0,-1.678880323198779,2.3119468226929354,0.0,0.0,0.0,-1.955639125447393,0,0,0,0,0,0,-0.28076130978889596,0.5363162602541252,1.46339902604965,0.0,0.0,0.0
image_2920.png,surface,0.0,0.0,2.091424123802039,-14.196003080145909,-15.133060145395998,0.0,-0.8256147700024972,0.2458048261130948,0.0,0.0,0.0,-1.0585512671251525,0,0,0,0,0,0,-0.06055904662308403,-0.15026432335100356,1.2673412943228477,0.0,0.0,0.0
image_2921.png,surface,0.0,0.0,2.751694352973152,24.288002713983534,5.150914811136947,0.0,0.27238551967399627,-1.3850241438856188,0.0,0.0,0.0,-1.2753996071355338,0,0,0,0,0,0,0.06390111704890522,0.0347388223800024,2.0563709463494266,0.0,0.0,0.0
image_2922.png,surface,0.0,0.0,2.7634622727333493,2.993123918697333,10.584392340689135,0.0,-0.1721804394200364,-1.1695982280849597,0.0,0.0,0.0,1.9388250135815905,0,0,0,0,0,0,-0.11447960909433091,-0.2845474984631608,1.226879265861691,0.0,0.0,0.0
image_2923.png,surface,0.0,0.0,2.171246191384363,17.64744844859371,-3.4898086122726935,0.0,-0.5819766897083871,0.031143439178565484,0.0,0.0,0.0,1.199237189788728,0,0,0,0,0,0,-0.1195535903328049,0.1522495786987173,1.227995767750795,0.0,0.0,0.0
image_2924.png,surface,0.0,0.0,1.0335649090697623,13.158882079355804,-14.320669037994556,0.0,1.5858003031520538,-1.063695163609515,0.0,0.0,0.0,2.704570296532741,0,0,0,0,0,0,0.1307699195852205,-0.0915183838066115,0.40026592724406757,0.0,0.0,0.0
image_2925.png,surface,0.0,0.0,0.6505624029272357,3.0876562620815173,19.678532898113133,0.0,-0.5149890637166048,2.5746298469032607,0.0,0.0,0.0,0.8756074700639123,0,0,0,0,0,0,0.0015036273136208773,0.042336907427116065,0.1341811970326141,0.0,0.0,0.0
image_2926.png,surface,0.0,0.0,2.3805436241928772,-17.906720848442117,-3.6822452789871214,0.0,0.22006789678388838,1.2770226586532705,0.0,0.0,0.0,-2.0049500064131625,0,0,0,0,0,0,0.17129785011328438,0.182641918887172,1.1868638381561751,0.0,0.0,0.0
image_2927.png,surface,0.0,0.0,1.3999494256177023,-2.51912680869094,-7.444539501751172,0.0,-1.361286590593021,1.540978185580241,0.0,0.0,0.0,-1.7423579042897097,0,0,0,0,0,0,-0.08141654898459788,0.08910524458046808,0.27124296893911826,0.0,0.0,0.0
image_2928.png,surface,0.0,0.0,0.8016935884722044,2.062784902791439,-14.378515172559906,0.0,1.1814688682895493,-2.527536236677367,0.0,0.0,0.0,0.23258783647333647,0,0,0,0,0,0,0.06592827452030521,-0.09032282591099944,0.20766935137349138,0.0,0.0,0.0
image_2929.png,surface,0.0,0.0,2.5880797637233712,16.79919953426868,-7.68713856122418,0.0,-1.5989690292378052,0.9106275252445205,0.0,0.0,0.0,-1.835657520253951,0,0,0,0,0,0,-0.2264450559193276,0.5007704362945842,2.163811923137982,0.0,0.0,0.0
image_2930.png,surface,0.0,0.0,1.8426625826293375,0.6542695451795427,-24.885652061779314,0.0,0.0604832744347216,1.705173629600395,0.0,0.0,0.0,0.4333645303195599,0,0,0,0,0,0,0.3477488197447071,0.4364698718430789,1.690734441697832,0.0,0.0,0.0
image_2931.png,surface,0.0,0.0,2.8725307607326322,5.7269350815308115,-4.398115457031578,0.0,0.11007696449479695,-0.2154440742894906,0.0,0.0,0.0,-1.2957115413683196,0,0,0,0,0,0,0.12802747381685506,-0.05072783613131993,1.5041960050775385,0.0,0.0,0.0
image_2932.png,surface,0.0,0.0,1.9471859314966908,-13.20683612969407,-15.81458560563064,0.0,-0.40668899970924793,2.2441931730878295,0.0,0.0,0.0,-0.18633867024573547,0,0,0,0,0,0,0.025823429410446352,0.3308910979430716,0.9789220603217426,0.0,0.0,0.0
image_2933.png,surface,0.0,0.0,2.8782006948508654,11.704891059863684,-19.91032578090873,0.0,-1.5016124527116625,-1.158817099172693,0.0,0.0,0.0,1.8010659268524165,0,0,0,0,0,0,-0.11927965013396724,-0.1451611788597331,2.368569437584684,0.0,0.0,0.0
image_2934.png,surface,0.0,0.0,1.8713269349380177,-16.092242386035302,-15.33360381417544,0.0,0.5927274235592724,1.8211189967064072,0.0,0.0,0.0,1.8075503902234882,0,0,0,0,0,0,0.28150094832575784,0.30030369304533294,1.066683574812935,0.0,0.0,0.0
image_2935.png,surface,0.0,0.0,0.9299700185473723,-13.021885063275617,10.69138358754387,0.0,-2.2425533488241953,-1.8625436224834995,0.0,0.0,0.0,0.1562370699404383,0,0,0,0,0,0,-0.021248628089854837,-0.05966935070850304,0.19246706165144062,0.0,0.0,0.0
image_2936.png,surface,0.0,0.0,2.909924857689859,-8.877843789314971,13.575861784006781,0.0,1.4025497631046893,-0.48815515707038004,0.0,0.0,0.0,-0.4312316902429969,0,0,0,0,0,0,0.3275229017305138,-0.196743209645418,1.4375966673924376,0.0,0.0,0.0
image_2937.png,surface,0.0,0.0,0.7245010919359183,-2.6505863698679786,-21.505206454738328,0.0,-1.9036478124877423,-0.9605664551923464,0.0,0.0,0.0,-1.5092248318655828,0,0,0,0,0,0,-0.09954986825766898,-0.08901400463580299,0.3482146091740024,0.0,0.0,0.0
image_2938.png,surface,0.0,0.0,0.9566354334570683,-11.56266840644274,-13.661515710356367,0.0,2.5419393117987568,-0.6620467053645122,0.0,0.0,0.0,1.7984011714446542,0,0,0,0,0,0,0.15767084711109566,-0.0688971699396353,0.398591174410411,0.0,0.0,0.0
image_2939.png,surface,0.0,0.0,2.9897572113581483,2.7320108952524396,-4.460644012530991,0.0,2.306478541847731,0.016854165678090668,0.0,0.0,0.0,2.1365981247568175,0,0,0,0,0,0,0.686115187679219,0.02053370685713767,1.6906964806336033,0.0,0.0,0.0
image_2940.png,surface,0.0,0.0,2.4464920579971237,11.386303613064136,-19.00294712643051,0.0,-1.0839706397990103,1.9389182759496773,0.0,0.0,0.0,-0.9253102172772039,0,0,0,0,0,0,0.149705274884889,0.7289017600073027,2.437033333424593,0.0,0.0,0.0
image_2941.png,surface,0.0,0.0,2.6020670422281986,12.051343020465632,-10.498410199353357,0.0,-0.6352072176299887,2.28635533730561,0.0,0.0,0.0,0.392269869540228,0,0,0,0,0,0,0.07272503523147061,0.8494895048047237,2.2149611076816473,0.0,0.0,0.0
image_2942.png,surface,0.0,0.0,1.67871470227255,-10.852156460180842,-8.632103406663406,0.0,-0.23485851016082684,-1.3298885930894226,0.0,0.0,0.0,0.5561924101244449,0,0,0,0,0,0,-0.002027157471400143,-0.3081880827463956,0.7390014353795699,0.0,0.0,0.0
image_2943.png,surface,0.0,0.0,1.4466991264789517,-11.086434524070993,4.339331887506153,0.0,2.4036381629757093,0.685847958485778,0.0,0.0,0.0,-1.3964330499645152,0,0,0,0,0,0,0.15150871452723808,-0.009956165685959136,0.3007186188114847,0.0,0.0,0.0
image_2944.png,surface,0.0,0.0,1.1787930123142216,-9.950779978623114,0.935966975876237,0.0,-2.455167780868575,1.162232285980873,0.0,0.0,0.0,-0.46627239126973397,0,0,0,0,0,0,-0.05750004773606143,0.02678206996420506,0.2071959545725112,0.0,0.0,0.0
image_2945.png,surface,0.0,0.0,0.6345850347873789,11.915279732479371,9.050422594204761,0.0,1.3468230662703,0.3226892689273256,0.0,0.0,0.0,-2.3784712013196367,0,0,0,0,0,0,0.05603903334225939,-0.006860299977321516,0.09486916551723441,0.0,0.0,0.0
image_2946.png,surface,0.0,0.0,0.6182934390098398,17.162429815859,-11.020029641130117,0.0,-2.05674348478174,0.5042235980012916,0.0,0.0,0.0,-2.034308723225119,0,0,0,0,0,0,-0.0837526501246872,0.021373743589054583,0.28035362435421335,0.0,0.0,0.0
image_2947.png,surface,0.0,0.0,1.3199702156684223,7.587523971728387,-18.00748436262244,0.0,-1.795600092510246,0.21064074043906963,0.0,0.0,0.0,2.4749402299854193,0,0,0,0,0,0,-0.20168390572437467,0.05210587391626224,0.4999204198580048,0.0,0.0,0.0
image_2948.png,surface,0.0,0.0,1.0596927260150761,-10.6162687487907,6.622852397815847,0.0,-0.9673139786026848,1.5877598729165538,0.0,0.0,0.0,1.766550655025962,0,0,0,0,0,0,-0.029923401053052835,0.07000148789058219,0.17376565500893532,0.0,0.0,0.0
image_2949.png,surface,0.0,0.0,2.166972509633726,-13.057896226693611,11.866780725442315,0.0,-0.39110362371466617,1.1139254668388037,0.0,0.0,0.0,-1.0156648720334445,0,0,0,0,0,0,-0.11560580768955304,0.20963635768809757,0.8155711349343772,0.0,0.0,0.0
image_2950.png,surface,0.0,0.0,0.9240522556973494,11.41339752301486,-2.930721096217718,0.0,-0.948709438651706,2.2866127673725867,0.0,0.0,0.0,-1.641218786647981,0,0,0,0,0,0,-0.023029239382300726,0.045623118537555095,0.16707334268564109,0.0,0.0,0.0
image_2951.png,surface,0.0,0.0,2.7726265190196866,-2.124174382661874,16.619341455484253,0.0,1.0730126425668811,-0.7645196898546909,0.0,0.0,0.0,-0.8745734128786085,0,0,0,0,0,0,0.17708407586873687,-0.19193895462805047,1.259860731665846,0.0,0.0,0.0
image_2952.png,surface,0.0,0.0,2.919316358753704,13.461374741514764,-14.10476927535359,0.0,-1.2970321828989229,-1.8001721903917391,0.0,0.0,0.0,-0.5049535895285171,0,0,0,0,0,0,-0.1445673742666864,-0.3127909806445023,2.1768147041384944,0.0,0.0,0.0
image_2953.png,surface,0.0,0.0,1.687230561787135,-2.3156906861752513,4.946136746513267,0.0,-1.4674978031399197,-0.15282183333170918,0.0,0.0,0.0,-2.2379351786201758,0,0,0,0,0,0,-0.16641410512400354,-0.036922288641988744,0.350023342234352,0.0,0.0,0.0
image_2954.png,surface,0.0,0.0,0.6277906197591543,1.805370455400794,-12.899970474636419,0.0,0.2651963858601617,1.0741112724628807,0.0,0.0,0.0,-1.742213059099972,0,0,0,0,0,0,0.011643980340601304,0.05329513940189747,0.13866953462681544,0.0,0.0,0.0
image_2955.png,surface,0.0,0.0,0.9265860785677487,4.177695968146863,19.1271343039748,0.0,0.6948990412647886,-1.3984025980501622,0.0,0.0,0.0,-2.447302844534332,0,0,0,0,0,0,0.04294469183781091,-0.06321512373048943,0.18806804420836754,0.0,0.0,0.0
image_2956.png,surface,0.0,0.0,1.167937661217518,12.728721165420614,3.3145026588047917,0.0,0.7511080369761121,-1.7790326100583316,0.0,0.0,0.0,-0.9756341374968889,0,0,0,0,0,0,0.054731729837805464,-0.08872140757187691,0.2208530056800408,0.0,0.0,0.0
image_2957.png,surface,0.0,0.0,2.6899449703224123,-12.283095553117322,12.571832106827728,0.0,1.1694038246704446,0.28027453954157405,0.0,0.0,0.0,-0.9348593621897474,0,0,0,0,0,0,0.319204251025805,-0.025149189575198072,1.221296756416166,0.0,0.0,0.0
image_2958.png,surface,0.0,0.0,2.7206724035616983,2.56218315536848,6.068335380986577,0.0,1.2833256272456033,2.6855783415215657,0.0,0.0,0.0,-0.541840105798042,0,0,0,0,0,0,0.18080966257293152,0.38519459604376804,1.070301040933635,0.0,0.0,0.0
image_2959.png,surface,0.0,0.0,2.915742732732458,3.9449514384472573,-9.970186045044205,0.0,1.4812925376425168,-2.5946904675931184,0.0,0.0,0.0,-0.9099782296462156,0,0,0,0,0,0,0.6184930495961002,-0.551488833810939,1.9884853984880746,0.0,0.0,0.0
image_2960.png,surface,0.0,0.0,1.156614128980131,-19.851248450416257,-13.616711268005961,0.0,-0.6875295310781155,1.8055111515227675,0.0,0.0,0.0,-2.7871165614065756,0,0,0,0,0,0,-0.10292846404333562,0.24204226906916218,0.5275694726397957,0.0,0.0,0.0
image_2961.png,surface,0.0,0.0,0.939553999253362,1.1199728799076303,-7.878870741048567,0.0,1.0606336711279423,-1.6425284367050867,0.0,0.0,0.0,1.952261623287539,0,0,0,0,0,0,0.05364966605239608,-0.06219575331423071,0.15330017538164445,0.0,0.0,0.0
image_2962.png,surface,0.0,0.0,1.8120695475943156,3.420295357343117,8.838895988817587,0.0,0.7658101943915292,-2.2367510754779523,0.0,0.0,0.0,0.231460655913291,0,0,0,0,0,0,0.09508464301661194,-0.15463597518245892,0.41508414031626695,0.0,0.0,0.0
image_2963.png,surface,0.0,0.0,1.3608963668274585,3.897222628031405,-2.7526582622453977,0.0,-2.2982612549614956,-1.461230829497599,0.0,0.0,0.0,0.9060175311264551,0,0,0,0,0,0,-0.08872923040357446,-0.05181013064734772,0.23914130662357755,0.0,0.0,0.0
image_2964.png,surface,0.0,0.0,1.495328420257562,6.487714848666324,14.705649085348728,0.0,2.779759676234343,0.29265653796702706,0.0,0.0,0.0,1.0869607567512638,0,0,0,0,0,0,0.1642393243232295,-0.04038468723178112,0.33963317565434287,0.0,0.0,0.0
image_2965.png,surface,0.0,0.0,1.6309773859186134,5.138352568165536,17.441979700593915,0.0,1.6904673174472764,2.0026224270190895,0.0,0.0,0.0,1.2197729534355553,0,0,0,0,0,0,0.13329169130452218,0.11331529196661304,0.4357974833629389,0.0,0.0,0.0
image_2966.png,surface,0.0,0.0,0.652252128428144,11.48129353728079,-21.369605519518203,0.0,-1.821622014255677,-2.1441358180365375,0.0,0.0,0.0,1.7953937253305359,0,0,0,0,0,0,-0.06239444595529738,-0.12434903286111726,0.37648443700613576,0.0,0.0,0.0
image_2967.png,surface,0.0,0.0,1.3114991570796635,-13.179204867157045,12.375937540547381,0.0,-1.4423948493910186,1.4172670892658015,0.0,0.0,0.0,-0.20669293566522828,0,0,0,0,0,0,-0.0934470893835595,0.05847693901787936,0.3443872406981511,0.0,0.0,0.0
image_2968.png,surface,0.0,0.0,2.358032351528478,-12.067131897401493,12.283848303770583,0.0,2.7322208713833662,0.13317129561214827,0.0,0.0,0.0,-1.8805531644737221,0,0,0,0,0,0,0.3347518791998458,-0.050117472363560074,0.8710054537284294,0.0,0.0,0.0
image_2969.png,surface,0.0,0.0,1.696645309763131,16.538993865382544,-18.335883071151734,0.0,0.9464441357846567,-2.1914921615808747,0.0,0.0,0.0,-2.2186756198674353,0,0,0,0,0,0,0.3137132719291001,-0.27772652604819476,1.1632944832771723,0.0,0.0,0.0
image_2970.png,surface,0.0,0.0,2.4137270262965793,10.780544366504706,-5.839194895121419,0.0,-0.7715225196605271,-1.0392829333263534,0.0,0.0,0.0,0.36784504121525563,0,0,0,0,0,0,-0.11861610609678216,-0.16758732801742496,1.0180264224857478,0.0,0.0,0.0
image_2971.png,surface,0.0,0.0,2.1808485733272445,-17.947525543017246,10.324773533166859,0.0,-0.08053752539967593,-1.0252069960103294,0.0,0.0,0.0,0.21970217603916975,0,0,0,0,0,0,-0.059772229496421976,-0.47921578591869385,1.4260989309384364,0.0,0.0,0.0
image_2972.png,surface,0.0,0.0,2.8528970696846567,-14.70327696655493,2.7042004834225803,0.0,-2.961336625841264,-0.08311611813987045,0.0,0.0,0.0,-2.822092603390046,0,0,0,0,0,0,-0.7039380413936072,-0.29240357231932745,1.8648819403528403,0.0,0.0,0.0
image_2973.png,surface,0.0,0.0,2.2258758065758926,-9.44439502689267,-9.8261385717398,0.0,-1.3117229429451276,2.5383444997733173,0.0,0.0,0.0,-2.0883523467286125,0,0,0,0,0,0,-0.18387779279991537,0.3404697190304161,0.8178130707276993,0.0,0.0,0.0
image_2974.png,surface,0.0,0.0,1.8988732590899668,6.160577777478132,15.927884192625942,0.0,1.1337825689383707,0.5940512820054253,0.0,0.0,0.0,-2.002710141309046,0,0,0,0,0,0,0.18866565871960314,0.12432858252869215,0.561846080635313,0.0,0.0,0.0
image_2975.png,surface,0.0,0.0,0.892928691077624,0.3027601405688886,16.507993871471832,0.0,1.7377679514704552,1.2091394426610589,0.0,0.0,0.0,-1.0417955093510778,0,0,0,0,0,0,0.063855460349099,0.01018426554762194,0.13788128429310734,0.0,0.0,0.0
image_2976.png,surface,0.0,0.0,2.8027642541361284,0.5034383953488553,4.51402092956406,0.0,-2.0087954922462314,-1.1118706751523408,0.0,0.0,0.0,0.3889093239288872,0,0,0,0,0,0,-0.4642555863104382,-0.25566848287415167,1.4359330795776721,0.0,0.0,0.0
image_2977.png,surface,0.0,0.0,2.991800365177865,11.18228732133394,-4.756873849373203,0.0,-0.25121959960952606,0.9012412233840554,0.0,0.0,0.0,2.541229302755079,0,0,0,0,0,0,0.06449465414638716,0.4173645420506989,2.2261149615538063,0.0,0.0,0.0
image_2978.png,surface,0.0,0.0,2.606194277255757,14.037711408884142,-1.9465864709793064,0.0,0.6689549142515487,2.7117915312836045,0.0,0.0,0.0,-0.4707295562433855,0,0,0,0,0,0,0.21891474423127424,0.7743486910655047,1.9439860991959164,0.0,0.0,0.0
image_2979.png,surface,0.0,0.0,0.7336976750142983,5.640200375197784,11.88150845135289,0.0,-1.1130787760723402,0.3697909758177569,0.0,0.0,0.0,-1.7801442644836776,0,0,0,0,0,0,-0.02778666750211778,-0.0012223006380139567,0.08829520239418537,0.0,0.0,0.0
image_2980.png,surface,0.0,0.0,0.7785560167655452,-6.235224982388243,-7.942109533119692,0.0,-0.9365376243539855,-2.1125170241822415,0.0,0.0,0.0,0.668097238905565,0,0,0,0,0,0,-0.012199470188244988,-0.05760858644106639,0.13557459139021688,0.0,0.0,0.0
image_2981.png,surface,0.0,0.0,1.4122886308225098,-12.370515541010878,21.07336430546982,0.0,2.1302289727783292,0.1813066760568971,0.0,0.0,0.0,1.5145049335147887,0,0,0,0,0,0,0.1860175701308373,-0.03949588432254323,0.4900885042225479,0.0,0.0,0.0
image_2982.png,surface,0.0,0.0,2.2400582856350386,6.6648089719346775,17.215478155030237,0.0,0.43382084602315457,0.08031744936262604,0.0,0.0,0.0,0.6352040435863571,0,0,0,0,0,0,0.06403504336833701,0.07343714373797279,0.9114674821895868,0.0,0.0,0.0
image_2983.png,surface,0.0,0.0,2.567261180012022,0.6007798298409134,20.255740518546425,0.0,-1.0006076851102965,0.44088599448513366,0.0,0.0,0.0,0.42771312108268766,0,0,0,0,0,0,-0.5487204809521041,0.037671085429240476,1.8593865180546687,0.0,0.0,0.0
image_2984.png,surface,0.0,0.0,0.9520380904310839,11.042341201238647,-16.574466038246065,0.0,2.5920948947928784,-0.22422196141611136,0.0,0.0,0.0,-2.0571966166940276,0,0,0,0,0,0,0.15178417661606936,-0.03737219595533748,0.4444570720148356,0.0,0.0,0.0
image_2985.png,surface,0.0,0.0,2.0631009443830335,20.230264760109673,-13.751834681768335,0.0,-0.32040772355247954,-1.0897423293926454,0.0,0.0,0.0,-2.221583002400333,0,0,0,0,0,0,0.09701744330841215,-0.032322536948870655,1.3985525963304442,0.0,0.0,0.0
image_2986.png,surface,0.0,0.0,0.8989162064923057,-14.793043932112129,-19.951223716990402,0.0,2.54324557743637,-0.8977021674953172,0.0,0.0,0.0,2.892312860221633,0,0,0,0,0,0,0.2300595446539934,-0.0957500295160806,0.7241631252733676,0.0,0.0,0.0
image_2987.png,surface,0.0,0.0,0.7802601165337582,1.3458050606914134,-12.449193449985819,0.0,1.0738681735596565,0.5969271871358977,0.0,0.0,0.0,-2.8339833721410974,0,0,0,0,0,0,0.05983006131617631,0.013643517932425889,0.1698154713252826,0.0,0.0,0.0
image_2988.png,surface,0.0,0.0,1.6774307037038034,-15.55609484341456,17.391623148312277,0.0,0.5019451193914618,-2.6111042503500252,0.0,0.0,0.0,-2.2893281169399553,0,0,0,0,0,0,0.07558162274935179,-0.2586605238181703,0.7517764499947073,0.0,0.0,0.0
image_2989.png,surface,0.0,0.0,2.6526097233746,5.92780627468467,-6.301994183365524,0.0,1.4019670458279592,-2.0277916034986276,0.0,0.0,0.0,-1.5980223975338341,0,0,0,0,0,0,0.36130885958718006,-0.3363151553431644,1.2249142225368665,0.0,0.0,0.0
image_2990.png,surface,0.0,0.0,2.0692641590434224,-8.82361745857435,14.20657359485063,0.0,0.250689375047443,-1.238370172503917,0.0,0.0,0.0,2.3210962413742013,0,0,0,0,0,0,0.052030375099265745,-0.2861363319823295,0.774539690509776,0.0,0.0,0.0
image_2991.png,surface,0.0,0.0,2.2038591260394433,-19.280928960555766,5.229758727162997,0.0,0.48074240331861307,-2.264988164877406,0.0,0.0,0.0,2.8056732388221564,0,0,0,0,0,0,0.17018991419798465,-0.5479068794315857,1.4775406389770505,0.0,0.0,0.0
image_2992.png,surface,0.0,0.0,1.4829153760240403,23.410720881356173,6.770188158763309,0.0,0.3747627536442639,1.0580696303330235,0.0,0.0,0.0,2.510923674214512,0,0,0,0,0,0,0.018597495721101705,0.29755705609041344,0.9065772039153083,0.0,0.0,0.0
image_2993.png,surface,0.0,0.0,1.1672009151804992,-4.251036039945515,22.338206728012537,0.0,-0.3267743193053524,-1.9335379429300743,0.0,0.0,0.0,-2.869490891996284,0,0,0,0,0,0,0.013085210164487033,-0.10688759517520376,0.3530378973349351,0.0,0.0,0.0
image_2994.png,surface,0.0,0.0,2.8302411994516308,9.385472647628369,2.277380498402225,0.0,0.48983716051493037,0.7415130459929544,0.0,0.0,0.0,0.24121622794221853,0,0,0,0,0,0,0.1927443239022998,0.32202666538810576,1.5427488153083273,0.0,0.0,0.0
image_2995.png,surface,0.0,0.0,1.528521179598266,-20.74076833015552,-13.393802226067196,0.0,-2.563725980726906,0.9887474350414751,0.0,0.0,0.0,-1.2052710701165323,0,0,0,0,0,0,-0.29888701961199954,0.0793803249611602,0.8093745494498455,0.0,0.0,0.0
image_2996.png,surface,0.0,0.0,1.7835112570304261,16.985886103919817,6.752013566335295,0.0,1.587494519639977,1.8185277096441688,0.0,0.0,0.0,0.3266740999240776,0,0,0,0,0,0,0.15868442584679573,0.2061660935858342,0.7295245673448486,0.0,0.0,0.0
image_2997.png,surface,0.0,0.0,0.6805550330773651,20.961064376463586,-2.357397590576665,0.0,-1.7298983586689622,2.3293392195593565,0.0,0.0,0.0,-2.4583174798215914,0,0,0,0,0,0,-0.05438169513929076,0.07202135149316896,0.2919764090197943,0.0,0.0,0.0
image_2998.png,surface,0.0,0.0,0.6728784751785575,-15.36363259543446,3.751902966034771,0.0,0.9478806388157964,2.0968795288431648,0.0,0.0,0.0,2.6774980178776087,0,0,0,0,0,0,0.03510087081108759,0.05040692322249773,0.11495503450222966,0.0,0.0,0.0
image_2999.png,surface,0.0,0.0,2.395159945887485,11.642565325776824,-12.334476305388167,0.0,-0.8276133911540164,-2.1459817606131635,0.0,0.0,0.0,2.820258092145476,0,0,0,0,0,0,-0.12269781505946588,-0.3718342365603033,1.0673534759463978,0.0,0.0,0.0
image_3000.png,surface,0.0,0.0,2.830015004110636,2.402548878552017,-0.8239332466845604,0.0,1.638059936201981,1.3911243859078637,0.0,0.0,0.0,-0.6966324213450621,0,0,0,0,0,0,0.4344052359770755,0.2986204733765103,1.2540549218425021,0.0,0.0,0.0
