sensor_image,object_label,pose_x,pose_y,pose_z,pose_Rx,pose_Ry,pose_Rz,shear_x,shear_y,shear_z,shear_Rx,shear_Ry,shear_Rz,object_x,object_y,object_z,object_Rx,object_Ry,object_Rz,Fx,Fy,Fz,Tx,Ty,Tz
image_1.png,surface,0.0,0.0,1.4369838277066043,18.67897347150388,-8.270680217208728,0.0,3.453083962455001,0.8171722862426938,0.0,0.0,0.0,4.176321564978547,0,0,0,0,0,0,0.6499345359177121,0.10789280766901446,1.3189024680635961,0.0,0.0,0.0
image_2.png,surface,0.0,0.0,1.5717149520323734,7.889426140533854,-5.88137599705744,0.0,0.11843197488038029,0.005848357407692596,0.0,0.0,0.0,-2.378254777487634,0,0,0,0,0,0,0.15055525044628323,0.0022039165944112405,0.721580656403868,0.0,0.0,0.0
image_3.png,surface,0.0,0.0,2.2076415472400415,-10.144135530001732,22.79191511882138,0.0,4.453746463141013,1.182498196099664,0.0,0.0,0.0,-1.1392166710304288,0,0,0,0,0,0,0.6935458155726955,0.027743235588177453,1.636377547226765,0.0,0.0,0.0
image_4.png,surface,0.0,0.0,2.0023694738120335,-21.40301643933964,7.864672527195789,0.0,0.7699444755197505,-3.927052308001821,0.0,0.0,0.0,-2.976307902723485,0,0,0,0,0,0,0.27445383671065476,-0.9934897340237182,2.0670502869187133,0.0,0.0,0.0
image_5.png,surface,0.0,0.0,0.67620744874453,-2.542309739597577,17.492365909124658,0.0,-0.5482741575489991,-0.9715757634649822,0.0,0.0,0.0,-3.1866613944093403,0,0,0,0,0,0,-0.0548496763123053,-0.13088527372462802,0.2550615070603223,0.0,0.0,0.0
image_6.png,surface,0.0,0.0,0.8936946476935175,12.697059661932995,-21.182518315484195,0.0,-4.017587915056896,-2.1841003099767287,0.0,0.0,0.0,-2.686922884723999,0,0,0,0,0,0,-0.31976811126841304,-0.14061333954892438,0.7042637121038526,0.0,0.0,0.0
image_7.png,surface,0.0,0.0,0.6763892173058654,-5.193923477097322,-13.2572409410117,0.0,2.443394260262245,1.838510736618774,0.0,0.0,0.0,-3.056469034307927,0,0,0,0,0,0,0.13869516172659854,0.06641324110125177,0.2655119647423431,0.0,0.0,0.0
image_8.png,surface,0.0,0.0,0.5864753143856669,13.081229626773549,19.4968827225617,0.0,3.270485254124237,1.2274031719545913,0.0,0.0,0.0,0.1629097610680752,0,0,0,0,0,0,0.21853959834786577,0.022133552093765975,0.4227243627434103,0.0,0.0,0.0
image_9.png,surface,0.0,0.0,2.4400122948626013,-13.044144508387909,8.16324769205548,0.0,2.0117411824414466,3.405510825856711,0.0,0.0,0.0,4.527383463492219,0,0,0,0,0,0,0.3448564678119782,0.6545962636925169,1.4095825184929098,0.0,0.0,0.0
image_10.png,surface,0.0,0.0,2.6273972691574645,-18.78201349824196,3.952440078189629,0.0,-1.1958264692903007,2.217840807104529,0.0,0.0,0.0,-3.5714219683172352,0,0,0,0,0,0,-0.6435015069150034,0.8657317880576126,2.000491143301619,0.0,0.0,0.0
image_11.png,surface,0.0,0.0,1.5404445805652909,4.74645452247712,5.237527451985835,0.0,3.405313150638208,2.682702560126172,0.0,0.0,0.0,1.1127440099674253,0,0,0,0,0,0,0.26758706905978646,0.12608101870726063,0.5616283627669372,0.0,0.0,0.0
image_12.png,surface,0.0,0.0,2.9221019613059687,-6.77767055825565,9.952259414348564,0.0,-3.436050831462106,0.07634323385974516,0.0,0.0,0.0,1.769328990495211,0,0,0,0,0,0,-1.8623192833642817,-0.25000059458745394,4.005482905718222,0.0,0.0,0.0
image_13.png,surface,0.0,0.0,2.6589942555908275,-12.160925897746784,4.721691133236552,0.0,-1.9308277238036342,-2.913500045152733,0.0,0.0,0.0,-2.546789667383793,0,0,0,0,0,0,-0.6835911331249276,-1.5835274444556766,3.3598321932867026,0.0,0.0,0.0
image_14.png,surface,0.0,0.0,2.6509626096876993,10.341779774596386,-21.142259731180033,0.0,-1.916726014584278,0.9620386705916156,0.0,0.0,0.0,2.2941111040813045,0,0,0,0,0,0,-0.46112125386873565,0.9584252794274113,3.3634094653393953,0.0,0.0,0.0
image_15.png,surface,0.0,0.0,1.4179609998323421,22.526460825742916,4.219411523918802,0.0,1.7038955615125357,-2.679729931413324,0.0,0.0,0.0,2.354079701856233,0,0,0,0,0,0,0.3110248532555057,-0.40124496079236077,0.9611618647717517,0.0,0.0,0.0
image_16.png,surface,0.0,0.0,2.8858679077608738,-8.321892309912439,22.88417708861751,0.0,1.085975714728397,-3.732480734250139,0.0,0.0,0.0,3.55469961358283,0,0,0,0,0,0,-0.22409297493430622,-2.190438252240708,4.70035125442526,0.0,0.0,0.0
image_17.png,surface,0.0,0.0,2.3723246140846594,-5.464727144235859,-18.419507217968594,0.0,-2.305290933306856,1.4010403057707554,0.0,0.0,0.0,1.5887965161723443,0,0,0,0,0,0,-0.8415359204348606,0.5991695704109427,1.683324218659844,0.0,0.0,0.0
image_18.png,surface,0.0,0.0,1.3842310727693112,-0.6751976938150156,22.823900778454046,0.0,2.225797534844566,0.7603053109076745,0.0,0.0,0.0,-1.0554217569894329,0,0,0,0,0,0,0.3791446493665139,0.05898662422600872,0.7806726353866278,0.0,0.0,0.0
image_19.png,surface,0.0,0.0,2.722082234862402,14.195425240849303,-16.1143219351123,0.0,1.377181012330258,1.1710154962591437,0.0,0.0,0.0,1.7752496037488408,0,0,0,0,0,0,1.7110936403758414,1.3114766722066513,6.183974595694154,0.0,0.0,0.0
image_20.png,surface,0.0,0.0,0.5102807499128221,15.472784938845553,13.925683461375433,0.0,-3.8099674742810765,-2.4699146875557014,0.0,0.0,0.0,-0.16059886547116697,0,0,0,0,0,0,-0.15004389540845248,-0.07288498476249929,0.36542771879833097,0.0,0.0,0.0
image_21.png,surface,0.0,0.0,1.9289776030847077,7.906474003909118,2.567761947685597,0.0,-1.3169025904522615,2.0625356608620256,0.0,0.0,0.0,-2.2579372938988254,0,0,0,0,0,0,-0.3468257934636234,0.5443532408971277,1.071624095672224,0.0,0.0,0.0
image_22.png,surface,0.0,0.0,1.800431982505481,-3.2770348024727616,-20.28298790894246,0.0,0.14608716726601984,-3.427612371091159,0.0,0.0,0.0,2.671097853449429,0,0,0,0,0,0,0.2663680351749583,-0.7105578118221277,1.5494243801032843,0.0,0.0,0.0
image_23.png,surface,0.0,0.0,0.7044748513256547,-5.231943675443229,-2.559271277788554,0.0,2.346132623164594,0.03492756981057597,0.0,0.0,0.0,3.1864564316182893,0,0,0,0,0,0,0.09783545917994202,-0.019792775582357036,0.15598982843249776,0.0,0.0,0.0
image_24.png,surface,0.0,0.0,2.6558912237567167,6.618076139443067,-16.71575916805023,0.0,2.2031588267171545,-4.293040136116463,0.0,0.0,0.0,1.9507600605390127,0,0,0,0,0,0,1.25675773304332,-1.1113780349410476,3.473400532442663,0.0,0.0,0.0
image_25.png,surface,0.0,0.0,1.2042779190312505,1.827152021717015,-1.7487143229248592,0.0,-2.3551780447480795,-2.592709336921525,0.0,0.0,0.0,-0.08212327606837011,0,0,0,0,0,0,-0.07896250137000889,-0.16302061147668567,0.3449019480690282,0.0,0.0,0.0
image_26.png,surface,0.0,0.0,1.4408751986326216,9.846801876223124,1.9494335899776505,0.0,4.673874704539455,0.1966617320654216,0.0,0.0,0.0,4.530753224976229,0,0,0,0,0,0,0.33692133338564223,-0.05240319028767109,0.5567782785606663,0.0,0.0,0.0
image_27.png,surface,0.0,0.0,1.6878835360735227,-18.330594107052562,9.69012342541028,0.0,-4.8716295822861655,-0.5725511273554955,0.0,0.0,0.0,4.94830475880587,0,0,0,0,0,0,-0.5807418073612564,0.01958827225810759,1.1901340721893627,0.0,0.0,0.0
image_28.png,surface,0.0,0.0,2.542337076180997,-3.733433977107376,-11.747990566624843,0.0,-3.2489076544659716,0.41003314419254566,0.0,0.0,0.0,1.2502588760192133,0,0,0,0,0,0,-0.8219689807878721,0.14023894115529856,1.6533260459033767,0.0,0.0,0.0
image_29.png,surface,0.0,0.0,1.9873450769323973,7.066505141999691,0.13784994351379135,0.0,2.83431150059402,0.5987287630569208,0.0,0.0,0.0,-4.313250756097178,0,0,0,0,0,0,0.5501700811709542,0.03631664418171153,0.9986651632267812,0.0,0.0,0.0
image_30.png,surface,0.0,0.0,1.909893008818642,-5.4099431375998,-14.026985993903624,0.0,0.8404058434384747,-3.5010549370562964,0.0,0.0,0.0,0.8077219663508792,0,0,0,0,0,0,0.29708129713466,-0.5946044269726974,1.4048597155019964,0.0,0.0,0.0
image_31.png,surface,0.0,0.0,1.405943939813973,6.225240199046477,-21.70320869046308,0.0,3.530158673523832,-2.686207885472384,0.0,0.0,0.0,4.156808630085324,0,0,0,0,0,0,0.5357471297021417,-0.42555883294312463,1.3962849809936706,0.0,0.0,0.0
image_32.png,surface,0.0,0.0,1.199211679479299,12.945888436427433,20.692207951756497,0.0,1.295325244387195,0.4544242948360677,0.0,0.0,0.0,2.9507006728122995,0,0,0,0,0,0,0.4094150413380943,0.20409117139594962,0.83242919695797,0.0,0.0,0.0
image_33.png,surface,0.0,0.0,1.6953005798429444,5.825578549299113,9.905296194502924,0.0,3.557492924983715,0.06759361534439688,0.0,0.0,0.0,4.151793597345497,0,0,0,0,0,0,0.40949265772776483,-0.03475298030245045,0.7204217274429774,0.0,0.0,0.0
image_34.png,surface,0.0,0.0,1.1393338300789644,13.043646205549901,-3.803629049039815,0.0,4.176697998433828,1.7497271929508418,0.0,0.0,0.0,4.336063361659413,0,0,0,0,0,0,0.27152572036307715,0.0706999453980188,0.5058389963721495,0.0,0.0,0.0
image_35.png,surface,0.0,0.0,1.3487785955107052,-9.192367983304575,12.024337239672285,0.0,2.2152848609911917,1.858183480084893,0.0,0.0,0.0,-2.551092376767581,0,0,0,0,0,0,0.24368122104120465,0.15261296537488367,0.470573167702885,0.0,0.0,0.0
image_36.png,surface,0.0,0.0,1.6009408373670668,-13.110632787366063,20.308601804365097,0.0,-3.3909918512405266,-1.881807495314859,0.0,0.0,0.0,1.6622597803962407,0,0,0,0,0,0,-0.6403694573082912,-0.30955825501886675,1.6226378749794417,0.0,0.0,0.0
image_37.png,surface,0.0,0.0,2.6087521609840763,-2.934162550414708,-20.523409805471566,0.0,2.427773790128299,-2.8242895483865333,0.0,0.0,0.0,2.7022579766743675,0,0,0,0,0,0,2.166975787941803,-1.3850852841164931,5.395273195222967,0.0,0.0,0.0
image_38.png,surface,0.0,0.0,2.826276541866347,0.44754252694180136,-7.405010895760756,0.0,-1.331498754956897,0.18882841341420975,0.0,0.0,0.0,-4.341500122800771,0,0,0,0,0,0,-0.38514850539104256,0.015767206299631586,2.2906766832912884,0.0,0.0,0.0
image_39.png,surface,0.0,0.0,2.5743534238899626,-17.27109289441178,17.677803831139826,0.0,-3.8992108119166375,-0.5456713139777277,0.0,0.0,0.0,3.867499983927221,0,0,0,0,0,0,-1.8009627663845795,-0.8321838042657397,4.798170217933507,0.0,0.0,0.0
image_40.png,surface,0.0,0.0,1.8142492872327662,11.49703270095433,-6.528711260109812,0.0,1.3515425926717641,4.518032273140973,0.0,0.0,0.0,-2.666297531076701,0,0,0,0,0,0,0.09372939997736168,0.611650565600135,1.252751964137916,0.0,0.0,0.0
image_41.png,surface,0.0,0.0,2.2788931332356883,-16.239009599312606,-3.5631858700367327,0.0,0.8406235695937235,-4.096310324961701,0.0,0.0,0.0,-3.2894744109527374,0,0,0,0,0,0,0.3514310325840862,-1.0587860723540699,2.3163495277293644,0.0,0.0,0.0
image_42.png,surface,0.0,0.0,1.338021523026717,3.117872902527162,-24.6090001513326,0.0,-2.1911483682099324,-0.665545197687686,0.0,0.0,0.0,2.429256205173621,0,0,0,0,0,0,-0.449844049016578,-0.051066053167578646,0.916675963502262,0.0,0.0,0.0
image_43.png,surface,0.0,0.0,1.6479923063857054,4.662220551194678,15.578424180172965,0.0,-2.7292888621020723,-3.043664072654045,0.0,0.0,0.0,-0.8412819540214116,0,0,0,0,0,0,-0.3761997922290069,-0.42687709283328634,1.0901624930389198,0.0,0.0,0.0
image_44.png,surface,0.0,0.0,2.8512241408680117,8.786911447586386,18.418619734701984,0.0,-1.703887043789746,1.7163576062523898,0.0,0.0,0.0,-0.6678999335146871,0,0,0,0,0,0,-1.6391325939211303,1.177759813992414,5.795190773877636,0.0,0.0,0.0
image_45.png,surface,0.0,0.0,1.3873686999872887,-21.455828584907085,-2.10656833515657,0.0,1.3989417302719314,-0.08951664319253845,0.0,0.0,0.0,-0.025459654778541285,0,0,0,0,0,0,0.43755935298869475,-0.16302375768167413,0.988918101734897,0.0,0.0,0.0
image_46.png,surface,0.0,0.0,0.9324641931434475,-20.05034452487638,12.178346442888524,0.0,3.1150923773955355,1.8192273628319107,0.0,0.0,0.0,-2.4730118516941335,0,0,0,0,0,0,0.22897976370357423,0.08159368017053689,0.47159141742574906,0.0,0.0,0.0
image_47.png,surface,0.0,0.0,1.680235142544945,-1.9474260886690271,-16.590190697044182,0.0,3.720909572479307,-1.995720972240406,0.0,0.0,0.0,1.2045737744091607,0,0,0,0,0,0,0.549307169544615,-0.3198620763560498,1.3482128756563756,0.0,0.0,0.0
image_48.png,surface,0.0,0.0,2.13147904697897,-4.776580154075784,-5.9823972383622985,0.0,-1.067961857411742,3.418186371023624,0.0,0.0,0.0,-0.27216798079770754,0,0,0,0,0,0,-0.19736249908770778,0.47164758981897087,1.0684532303071665,0.0,0.0,0.0
image_49.png,surface,0.0,0.0,0.8162856495212396,-0.7042642475807697,-14.856385376408957,0.0,0.18949525949172938,2.1196852914153173,0.0,0.0,0.0,4.243098947252221,0,0,0,0,0,0,-0.02888927680243984,0.20113845801428645,0.3317316917851481,0.0,0.0,0.0
image_50.png,surface,0.0,0.0,0.8052535466815265,-13.144686367467836,-13.66765256339691,0.0,-0.11510155985409229,2.32216821817039,0.0,0.0,0.0,4.133512139027584,0,0,0,0,0,0,-0.028761438042982205,0.2180603215446802,0.3745517722360952,0.0,0.0,0.0
image_51.png,surface,0.0,0.0,1.2592372273485002,2.782889830064218,-21.304430263811202,0.0,0.5367777453485273,-0.49944475488234547,0.0,0.0,0.0,-3.175955290750314,0,0,0,0,0,0,0.4512822350604767,-0.3224419644465815,1.1319151976838824,0.0,0.0,0.0
image_52.png,surface,0.0,0.0,2.769122753495834,14.79280512831854,14.200844819356542,0.0,-3.244730333310687,0.3333180337791779,0.0,0.0,0.0,3.3509186765587806,0,0,0,0,0,0,-1.978521671931304,0.7230624035487337,5.65035814882296,0.0,0.0,0.0
image_53.png,surface,0.0,0.0,2.1865096274824065,14.513588350304161,-12.33207159630155,0.0,-0.7421166546082959,1.6184047947509708,0.0,0.0,0.0,3.9215883732356147,0,0,0,0,0,0,-0.17983032636208632,1.1031475626912548,2.5894123947477237,0.0,0.0,0.0
image_54.png,surface,0.0,0.0,1.054835390950275,-2.4757651263690166,-14.012615480952745,0.0,-3.1415961994725157,-3.865765256223572,0.0,0.0,0.0,-4.355802603393792,0,0,0,0,0,0,-0.11175162128090393,-0.183134299967865,0.41923417783806893,0.0,0.0,0.0
image_55.png,surface,0.0,0.0,2.0087189015547966,-12.57468802001927,-7.52421884308249,0.0,-0.3866878105035036,1.8976431694050067,0.0,0.0,0.0,-0.85514506557438,0,0,0,0,0,0,-0.11115351851344132,0.5409081464347719,1.1258012333391452,0.0,0.0,0.0
image_56.png,surface,0.0,0.0,2.15059958452978,-15.661916715484537,15.745312285473,0.0,1.7599716765927698,-3.800936616972344,0.0,0.0,0.0,-2.7275617937982344,0,0,0,0,0,0,0.3604071397660057,-0.9391296042332292,2.0872210100472803,0.0,0.0,0.0
image_57.png,surface,0.0,0.0,1.8076366997696123,-1.2645063147059084,-19.20791887344206,0.0,4.3823245383801455,0.7122960251530779,0.0,0.0,0.0,-4.415113579556146,0,0,0,0,0,0,0.9238640815255909,-0.04018018390753167,1.9098311899063118,0.0,0.0,0.0
image_58.png,surface,0.0,0.0,2.398456151343322,8.413166587733473,16.941983860408268,0.0,-0.24349548676349225,-0.6029805607572039,0.0,0.0,0.0,0.40009672478511327,0,0,0,0,0,0,-0.4801387912280556,-0.2668013292257924,2.6049206059873886,0.0,0.0,0.0
image_59.png,surface,0.0,0.0,0.5618474716478923,-10.278880618728008,-16.341247181002778,0.0,-0.743266297802902,4.025565201493677,0.0,0.0,0.0,-1.0513368147110027,0,0,0,0,0,0,-0.05029618145162304,0.12288132823400394,0.3040111828824543,0.0,0.0,0.0
image_60.png,surface,0.0,0.0,0.9777930677598838,21.6206202825278,2.2293552163603425,0.0,-1.8147797344130203,1.5534354912738713,0.0,0.0,0.0,1.290508721028445,0,0,0,0,0,0,-0.31228041250017896,0.2358049176795545,0.8372524851189026,0.0,0.0,0.0
image_61.png,surface,0.0,0.0,2.915929361062798,-0.9195067675173406,24.3503316034138,0.0,1.9554425892348262,-0.5472611008952364,0.0,0.0,0.0,-2.1818646290503976,0,0,0,0,0,0,0.646692910231465,-0.3590952525620573,2.900637296335685,0.0,0.0,0.0
image_62.png,surface,0.0,0.0,1.7443500043920803,5.085479015086338,12.711742269310404,0.0,1.8699564268366142,-4.222371822680082,0.0,0.0,0.0,-2.4389951095705555,0,0,0,0,0,0,0.23537778923643138,-0.364066256443813,0.8255046522417419,0.0,0.0,0.0
image_63.png,surface,0.0,0.0,0.6912869959838228,23.772364821900787,-7.204086165093045,0.0,-1.6170741569762488,-4.121468260499672,0.0,0.0,0.0,0.6282061870555129,0,0,0,0,0,0,-0.05650244884529355,-0.2421287897063448,0.6340044812262667,0.0,0.0,0.0
image_64.png,surface,0.0,0.0,1.2704492255449868,-2.2535656341465984,15.878505882630096,0.0,-0.09061105914081358,0.4514637887578727,0.0,0.0,0.0,-1.6429695069718697,0,0,0,0,0,0,-0.09180420913552907,0.2248907325746116,0.553214404530644,0.0,0.0,0.0
image_65.png,surface,0.0,0.0,0.5044309654335168,24.818667217563032,-1.4468238589518434,0.0,-4.0568126910280435,-0.6958757074142267,0.0,0.0,0.0,-3.37987739179645,0,0,0,0,0,0,-0.2968027912658416,-0.03315313506582218,0.5655182553485786,0.0,0.0,0.0
image_66.png,surface,0.0,0.0,1.9485356047140359,-2.779195167793827,-9.786606382578563,0.0,1.8503498722917244,1.2388893999935466,0.0,0.0,0.0,0.20914789042281612,0,0,0,0,0,0,0.49868910835935726,0.17275496971095894,1.1583003703272075,0.0,0.0,0.0
image_67.png,surface,0.0,0.0,2.9986956252489203,23.4237109794651,1.4783522690557624,0.0,-3.357947440400341,-2.1235530753728025,0.0,0.0,0.0,3.447128739220801,0,0,0,0,0,0,-1.5805930953194782,-0.3134280871546639,3.8089473111828815,0.0,0.0,0.0
image_68.png,surface,0.0,0.0,1.9752487438026782,-0.5034454593082099,-13.769793687848368,0.0,-3.4825570555618945,-2.977159542033318,0.0,0.0,0.0,3.2932509185207746,0,0,0,0,0,0,-0.4519442572076678,-0.3935760861330064,1.0104219281190552,0.0,0.0,0.0
image_69.png,surface,0.0,0.0,2.025182322036112,3.2961244962015113,20.854150177463897,0.0,3.277110325654751,-1.3648836813956007,0.0,0.0,0.0,-4.702681680545786,0,0,0,0,0,0,0.5684829834632628,-0.24594356325484398,1.1701933484499512,0.0,0.0,0.0
image_70.png,surface,0.0,0.0,1.3193165318201974,1.4756392909981106,22.655217404446013,0.0,0.4455098513140929,-4.891945839028978,0.0,0.0,0.0,-0.16515946831727302,0,0,0,0,0,0,0.07116281515309833,-0.3758173320756844,0.8377571439727786,0.0,0.0,0.0
image_71.png,surface,0.0,0.0,1.0925813640070245,-1.6305989688112736,-10.080579668473824,0.0,-3.6118992811371755,1.0052871921022781,0.0,0.0,0.0,-1.6533305675004728,0,0,0,0,0,0,-0.19495182533793468,0.05439473804536177,0.3622255913803781,0.0,0.0,0.0
image_72.png,surface,0.0,0.0,1.7703914301002983,-8.100208136549034,-4.770771120749975,0.0,4.254018690736453,0.31745265786649424,0.0,0.0,0.0,0.8063621361807218,0,0,0,0,0,0,0.37937293286554497,-0.06276993572462332,0.8831809068291177,0.0,0.0,0.0
image_73.png,surface,0.0,0.0,2.749465417443476,4.474563027180861,10.393267871347504,0.0,2.466705930307367,-0.43223410573727494,0.0,0.0,0.0,-0.4123924954468192,0,0,0,0,0,0,0.8548874613482178,-0.12526929782023977,2.1315014749691765,0.0,0.0,0.0
image_74.png,surface,0.0,0.0,0.5243777602867523,11.6838709549451,17.646245550169127,0.0,0.0013731746494528223,3.6538760793135037,0.0,0.0,0.0,-3.1328569089099068,0,0,0,0,0,0,-0.001741803097610528,0.15010229379409826,0.34450000738895076,0.0,0.0,0.0
image_75.png,surface,0.0,0.0,1.9241271056046187,-22.403078906207064,10.70953676415969,0.0,-3.404299749489892,1.3369162776509393,0.0,0.0,0.0,-2.824678373571449,0,0,0,0,0,0,-0.8087970228937528,0.23859245529932369,1.6636693194040435,0.0,0.0,0.0
image_76.png,surface,0.0,0.0,1.5712776781757962,-3.767010976026536,15.505052008518767,0.0,-2.5315069188939807,0.9763500480235587,0.0,0.0,0.0,-4.87891214799125,0,0,0,0,0,0,-0.429663787702191,0.19256033011326976,0.8529683657099423,0.0,0.0,0.0
image_77.png,surface,0.0,0.0,2.0529482649849764,-3.0090328107863105,-7.1466327889739825,0.0,4.138423259535014,1.2445046471110863,0.0,0.0,0.0,-0.26827752283112716,0,0,0,0,0,0,0.5512704076362861,0.04197981316092672,1.2051621876167136,0.0,0.0,0.0
image_78.png,surface,0.0,0.0,2.5998950655200375,17.15513961449249,3.4893838005066913,0.0,0.5618063998981674,-0.30910265829947486,0.0,0.0,0.0,4.942322175135171,0,0,0,0,0,0,0.07867790794121628,0.1550764438808422,3.026556379388922,0.0,0.0,0.0
image_79.png,surface,0.0,0.0,1.6226097815665457,6.649084543401437,-5.063106650648898,0.0,3.601744175831015,2.744158840989225,0.0,0.0,0.0,-0.033729452383918,0,0,0,0,0,0,0.333691882819343,0.12305122330338039,0.7520410609424247,0.0,0.0,0.0
image_80.png,surface,0.0,0.0,1.0442069540517642,-10.160903712118412,-4.0341274807497145,0.0,-0.07614619778812387,2.153396609598094,0.0,0.0,0.0,4.946388731951799,0,0,0,0,0,0,-0.02069998674718217,0.18939524789488618,0.3009296376685252,0.0,0.0,0.0
image_81.png,surface,0.0,0.0,1.4415174673279019,-15.169807334656658,2.540146853016742,0.0,1.1365595087739309,-3.3479059812528904,0.0,0.0,0.0,-0.3485971993894088,0,0,0,0,0,0,0.17403649115666617,-0.2837530817035763,0.7135217457683098,0.0,0.0,0.0
image_82.png,surface,0.0,0.0,0.8763784291271088,-4.658284756436842,-12.621864348863232,0.0,-2.286790388937582,1.2478782754654907,0.0,0.0,0.0,3.194531388874246,0,0,0,0,0,0,-0.16878140500896033,0.10497312943973018,0.2949898476184877,0.0,0.0,0.0
image_83.png,surface,0.0,0.0,0.7122480355270973,-16.714353397411134,-15.568001901307438,0.0,3.7842911868120597,-3.0715503050668946,0.0,0.0,0.0,0.8787951714595463,0,0,0,0,0,0,0.20500999630526387,-0.15795522144527666,0.5885181942641373,0.0,0.0,0.0
image_84.png,surface,0.0,0.0,1.4396908735079088,-12.918099365684446,19.987883626667582,0.0,-1.605175393102581,-2.843226891827092,0.0,0.0,0.0,2.3372323440164244,0,0,0,0,0,0,-0.1596957217475055,-0.5029397446341229,1.1901430042044752,0.0,0.0,0.0
image_85.png,surface,0.0,0.0,2.0642463740286714,22.17161181751587,-7.881800305796609,0.0,-3.552743729047442,3.0695823455649633,0.0,0.0,0.0,1.9942324797907887,0,0,0,0,0,0,-0.7751936918363117,1.0877563278877436,3.0052758533825856,0.0,0.0,0.0
image_86.png,surface,0.0,0.0,1.157088340218876,-3.1047630954892957,23.79313158530413,0.0,4.352487143353337,0.7645278462576348,0.0,0.0,0.0,-2.256207618867202,0,0,0,0,0,0,0.35042658518834746,-0.01560832294771472,0.6197132570457253,0.0,0.0,0.0
image_87.png,surface,0.0,0.0,2.789210398672986,-10.390812418848828,-4.600150847925725,0.0,-2.8421425365373287,3.000770562390111,0.0,0.0,0.0,-0.3318884429361795,0,0,0,0,0,0,-0.6757077429583718,0.6378238448990743,2.146788618834798,0.0,0.0,0.0
image_88.png,surface,0.0,0.0,2.2223782486325043,11.6434583777285,-8.967685917249508,0.0,-1.6432648138688792,4.384474794553316,0.0,0.0,0.0,-0.4699441844790595,0,0,0,0,0,0,-0.3302965462437474,0.9603130024204835,2.156488787247341,0.0,0.0,0.0
image_89.png,surface,0.0,0.0,2.215783632754748,12.542554245210402,16.850991575603768,0.0,-4.789331609838806,0.4614660464499519,0.0,0.0,0.0,-3.8354358184414536,0,0,0,0,0,0,-1.639611989269097,0.5023860125561551,3.6302042907523178,0.0,0.0,0.0
image_90.png,surface,0.0,0.0,2.2292767131415947,-5.6435917074378255,-11.520872448448713,0.0,-1.6618823517150108,-1.0535267260977714,0.0,0.0,0.0,-2.006427736271792,0,0,0,0,0,0,-0.4855475882651091,-0.45505450470987036,1.3629908946605669,0.0,0.0,0.0
image_91.png,surface,0.0,0.0,0.5042112455711063,12.027022673560092,3.483628562386952,0.0,4.067787351200876,0.16783281730927624,0.0,0.0,0.0,-1.374825156060079,0,0,0,0,0,0,0.10198108752235462,-0.015451012698292074,0.1802804435318616,0.0,0.0,0.0
image_92.png,surface,0.0,0.0,2.5325168835397522,7.528341961955829,-10.190508857820024,0.0,-2.7547729873738,-2.893071886547603,0.0,0.0,0.0,-4.527095421818569,0,0,0,0,0,0,-0.5028058207918922,-0.6845607200025413,1.5592361987047378,0.0,0.0,0.0
image_93.png,surface,0.0,0.0,2.7940215698584505,-19.499442389120837,1.9792722375065583,0.0,0.6182641000798268,3.438254822679667,0.0,0.0,0.0,-0.35617053734327353,0,0,0,0,0,0,0.08625692010906295,0.8741227167618165,2.340443638496247,0.0,0.0,0.0
image_94.png,surface,0.0,0.0,0.5484949593402209,-15.849766414222854,5.677591202889655,0.0,2.5554659218605393,2.394678980065327,0.0,0.0,0.0,1.229521855636877,0,0,0,0,0,0,0.09351633537826558,0.05240319028767111,0.17545938837470706,0.0,0.0,0.0
image_95.png,surface,0.0,0.0,1.995734975963094,-21.91112891933399,5.313995695528319,0.0,-1.5183852029237797,0.36281725918209357,0.0,0.0,0.0,1.569365486246225,0,0,0,0,0,0,-0.7435079421707359,-0.18220302329128277,1.8407666160500655,0.0,0.0,0.0
image_96.png,surface,0.0,0.0,2.1914394253186966,21.425760231334376,-0.6513140277263145,0.0,-0.33128427415169587,-4.025682927416341,0.0,0.0,0.0,-4.058006784920249,0,0,0,0,0,0,0.14113627327624237,-0.7126343071145069,1.560946679598845,0.0,0.0,0.0
image_97.png,surface,0.0,0.0,0.9906064523733533,6.525933339061856,-11.60192687187737,0.0,2.675211764609515,-1.8012564103073294,0.0,0.0,0.0,-4.703701378194904,0,0,0,0,0,0,0.20573137216220355,-0.12968342341903902,0.42506231769919556,0.0,0.0,0.0
image_98.png,surface,0.0,0.0,2.595528157498227,-3.647735776499767,-14.529902618326505,0.0,2.1998726250389433,3.0748302682655777,0.0,0.0,0.0,1.4313153103473013,0,0,0,0,0,0,1.0112920959846856,0.902643064982141,2.9210469508685195,0.0,0.0,0.0
image_99.png,surface,0.0,0.0,2.0645785357227204,-12.710929170665574,-16.189142151164102,0.0,0.03944767159851146,3.3101031082310692,0.0,0.0,0.0,-2.4069197113567773,0,0,0,0,0,0,-0.03208524578888128,0.7339372610913208,1.491444437002073,0.0,0.0,0.0
image_100.png,surface,0.0,0.0,1.0626376833237607,-11.94232642309911,-8.404664539553567,0.0,-3.3210209949676712,1.5460808731613471,0.0,0.0,0.0,0.6839778345279441,0,0,0,0,0,0,-0.1992268143297985,0.07022486844476242,0.40718265644707147,0.0,0.0,0.0
image_101.png,surface,0.0,0.0,2.917975291793883,-14.787442632581884,13.950061017978758,0.0,-1.3961907111299052,2.4867249920891563,0.0,0.0,0.0,0.13590676284476633,0,0,0,0,0,0,-1.0466684288846049,0.9070383133510105,3.3897142498467026,0.0,0.0,0.0
image_102.png,surface,0.0,0.0,1.0396640616850503,-23.843311600815728,5.411253402393431,0.0,1.773095246561752,-0.12968084188793422,0.0,0.0,0.0,0.3617401329051759,0,0,0,0,0,0,0.28618760856087533,-0.12798289962278026,0.7053824469967357,0.0,0.0,0.0
image_103.png,surface,0.0,0.0,2.1964695173329787,3.871677920247095,16.877070420392926,0.0,0.35214758656197903,1.3584672657080188,0.0,0.0,0.0,3.8828748564657847,0,0,0,0,0,0,-0.06116856356549794,0.6584000255235561,1.7692189419924544,0.0,0.0,0.0
image_104.png,surface,0.0,0.0,1.6847244471498084,-12.640412432547045,-17.476984286080842,0.0,-1.6322620728637174,-2.0941250091679575,0.0,0.0,0.0,3.031795173985806,0,0,0,0,0,0,-0.1553081128961195,-0.6290553715962565,1.3827529780977208,0.0,0.0,0.0
image_105.png,surface,0.0,0.0,2.308212056397848,15.035364499073696,-9.953589114477122,0.0,0.3173504558288904,-4.262703225769664,0.0,0.0,0.0,1.6272550879453807,0,0,0,0,0,0,0.2916801095475738,-0.7505445041228698,1.8870545513685726,0.0,0.0,0.0
image_106.png,surface,0.0,0.0,0.7443978098013366,16.1112519242871,12.782550106386594,0.0,3.0731671004109713,2.1781766637512257,0.0,0.0,0.0,-4.24373378461682,0,0,0,0,0,0,0.23322583678556083,0.09744740710735098,0.4362943267035901,0.0,0.0,0.0
image_107.png,surface,0.0,0.0,2.8813631388333856,3.0677157673710647,-22.193882730690465,0.0,-0.21927332115976989,-4.950156500722145,0.0,0.0,0.0,-3.21813572730407,0,0,0,0,0,0,0.8507266141058702,-1.6177786050624674,3.9570133257084,0.0,0.0,0.0
image_108.png,surface,0.0,0.0,1.0112225770197787,20.066085754773518,-9.132759889744586,0.0,-0.1308126188628468,-2.165881186919777,0.0,0.0,0.0,-0.6384055682070953,0,0,0,0,0,0,0.07793218184437992,-0.2943620849246394,0.726926467448902,0.0,0.0,0.0
image_109.png,surface,0.0,0.0,1.0509598480918818,-5.522070808445101,-7.08510265173551,0.0,0.9995125132128154,-4.077293310736301,0.0,0.0,0.0,-0.08891795298245952,0,0,0,0,0,0,0.08008413429525042,-0.1262556330841196,0.33315188218808944,0.0,0.0,0.0
image_110.png,surface,0.0,0.0,1.8850713387305846,-1.1396508893294928,1.9196114864434104,0.0,-3.4873031712750637,-2.76320906510476,0.0,0.0,0.0,-1.4849732331404208,0,0,0,0,0,0,-0.3411050089778932,-0.2348044244932266,0.7919001783834656,0.0,0.0,0.0
image_111.png,surface,0.0,0.0,1.3743331585521774,-16.31145509312099,12.179191298690323,0.0,-3.2399578505574333,-1.2388013357111294,0.0,0.0,0.0,-2.509637332203414,0,0,0,0,0,0,-0.36810942502332933,-0.0943106407338634,0.8268690175502276,0.0,0.0,0.0
image_112.png,surface,0.0,0.0,1.605324214128049,-21.146420554276336,2.5208042601523286,0.0,-0.2654170424127992,-0.9241601715615476,0.0,0.0,0.0,3.5489405977169532,0,0,0,0,0,0,0.019523565782173086,-0.6556250727237406,1.3457744355305714,0.0,0.0,0.0
image_113.png,surface,0.0,0.0,0.5927462413155888,-4.292221063464311,-11.227172430382323,0.0,3.6870650127782465,3.0870070172171675,0.0,0.0,0.0,-0.05832553659519135,0,0,0,0,0,0,0.10050181044863037,0.032984813098939934,0.18503227557189147,0.0,0.0,0.0
image_114.png,surface,0.0,0.0,1.0872111130015687,-2.9099116138436494,-24.348208598430222,0.0,2.302647698706036,-0.9197207243663944,0.0,0.0,0.0,-0.8186471142400649,0,0,0,0,0,0,0.4927537373845377,-0.2341909145204781,1.2394611256500123,0.0,0.0,0.0
image_115.png,surface,0.0,0.0,2.433832791854717,-12.877798903960754,17.650306725764423,0.0,-0.16553949411438676,-2.991349622151221,0.0,0.0,0.0,-2.2586546020485168,0,0,0,0,0,0,-0.2606107253293828,-1.352666787915475,3.1308599858690935,0.0,0.0,0.0
image_116.png,surface,0.0,0.0,2.755537885063666,-16.985960071862877,-5.475215224081374,0.0,0.8506543162711371,-3.00096725409737,0.0,0.0,0.0,2.1769446819022518,0,0,0,0,0,0,0.9269306898625811,-2.299171096641638,5.229727227121626,0.0,0.0,0.0
image_117.png,surface,0.0,0.0,1.0836936073459045,6.776890236949948,3.7245160782973143,0.0,3.8083799916118877,-2.463703842163581,0.0,0.0,0.0,0.8937509450636236,0,0,0,0,0,0,0.15397950293175602,-0.08266968227658775,0.3405207946561811,0.0,0.0,0.0
image_118.png,surface,0.0,0.0,2.4333724992870915,9.751782840097153,16.72880928254188,0.0,0.0502762026192572,-3.5630209813652467,0.0,0.0,0.0,-3.350390928640966,0,0,0,0,0,0,0.012423948962292578,-0.907777671523296,1.9327909347538617,0.0,0.0,0.0
image_119.png,surface,0.0,0.0,0.5723667326985402,7.053742872878113,4.949235710906339,0.0,0.13400375529917483,0.8459167488077199,0.0,0.0,0.0,-2.1488226364576333,0,0,0,0,0,0,0.021424406384108963,0.09715166383843628,0.14115151832629502,0.0,0.0,0.0
image_120.png,surface,0.0,0.0,0.6118107001425508,-16.488834069411684,-12.65048164558403,0.0,3.426111034344609,0.56030891200362,0.0,0.0,0.0,4.476739179372268,0,0,0,0,0,0,0.2062427272000342,0.005880257123418424,0.38104981323068493,0.0,0.0,0.0
image_121.png,surface,0.0,0.0,1.4825230459663565,5.539362152417422,15.220671230084196,0.0,-1.4231225093523387,-3.325525860193489,0.0,0.0,0.0,2.503744027886711,0,0,0,0,0,0,-0.10737314376947933,-0.39973478239790317,0.8102108093647843,0.0,0.0,0.0
image_122.png,surface,0.0,0.0,0.8697778643366267,-15.095069577077897,-12.6635659671096,0.0,3.97423190941894,2.529980001869162,0.0,0.0,0.0,0.1552038282690571,0,0,0,0,0,0,0.19849021957292337,0.05944439705182859,0.4929009724812028,0.0,0.0,0.0
image_123.png,surface,0.0,0.0,0.915346421609222,-21.573452548152655,12.749264020900291,0.0,1.4618457198023727,2.3873218640658456,0.0,0.0,0.0,3.1577023994903577,0,0,0,0,0,0,0.14099930317682347,0.21817358492426447,0.4692981225455276,0.0,0.0,0.0
image_124.png,surface,0.0,0.0,2.068492562042004,-6.877228716477524,-12.122188355950136,0.0,-0.9619330142155715,1.1499544878422328,0.0,0.0,0.0,-3.137787470353859,0,0,0,0,0,0,-0.30465574363252584,0.4119294729331463,1.1894016469501094,0.0,0.0,0.0
image_125.png,surface,0.0,0.0,2.6454106721795303,12.58897610827818,17.37524693241905,0.0,0.5148145501544034,0.3138725472609712,0.0,0.0,0.0,4.12003457656477,0,0,0,0,0,0,-0.3589689537221072,0.314381387266165,3.599703692145754,0.0,0.0,0.0
image_126.png,surface,0.0,0.0,2.4474181044326286,19.56246290750374,0.3191130869701696,0.0,-4.361020367668942,-0.9343603521410286,0.0,0.0,0.0,0.6371060906225514,0,0,0,0,0,0,-1.1258371463487395,0.14220531927308155,2.7513207996943665,0.0,0.0,0.0
image_127.png,surface,0.0,0.0,1.3412345208935592,0.728243646659492,-23.094805284650597,0.0,-0.7910496932894052,2.893264555837317,0.0,0.0,0.0,4.226273525778106,0,0,0,0,0,0,-0.1894091019814493,0.5288062689466881,1.034069438130295,0.0,0.0,0.0
image_128.png,surface,0.0,0.0,2.688039917558522,-13.598481567304622,-21.055258056776285,0.0,-4.126995144858414,-1.7707365561612791,0.0,0.0,0.0,-4.822804502998455,0,0,0,0,0,0,-1.0681149026736207,-0.7260654562102125,2.7259717408041326,0.0,0.0,0.0
image_129.png,surface,0.0,0.0,2.603364800915216,23.048454009311147,-5.892857537068403,0.0,3.8771398066564036,0.3616701774461412,0.0,0.0,0.0,-3.8782521285679517,0,0,0,0,0,0,2.235774346989932,0.9050499117983078,5.291760072080282,0.0,0.0,0.0
image_130.png,surface,0.0,0.0,1.8105292420595716,3.7051531170774195,6.268852536745752,0.0,0.045734811339475025,-1.6868661964588574,0.0,0.0,0.0,-3.6784863317066216,0,0,0,0,0,0,0.07173808957065776,-0.4570366138525955,0.7378257588903431,0.0,0.0,0.0
image_131.png,surface,0.0,0.0,1.6896901566625695,-5.791056471743533,-18.601717610451228,0.0,3.2080243077735844,0.004033243648322911,0.0,0.0,0.0,2.70182224905391,0,0,0,0,0,0,0.7613216645451625,-0.1250647944959902,1.6225775838774295,0.0,0.0,0.0
image_132.png,surface,0.0,0.0,0.6461560466428171,-13.649498864585661,-2.013471208808561,0.0,0.38563228906509356,4.272296928902314,0.0,0.0,0.0,-0.9314486702263256,0,0,0,0,0,0,-0.012258062952996236,0.06068714802226751,0.19680467149061237,0.0,0.0,0.0
image_133.png,surface,0.0,0.0,0.8763126741410714,-14.833526528709108,19.30592442854486,0.0,1.5855225365142047,1.3432255218375264,0.0,0.0,0.0,-0.6651727918436645,0,0,0,0,0,0,0.23500644807800677,0.11491513720324122,0.4689855020165781,0.0,0.0,0.0
image_134.png,surface,0.0,0.0,0.7135329988206172,-9.351682237327084,-11.873207779920563,0.0,-0.4296337372230754,2.6269026835116165,0.0,0.0,0.0,0.8535328186330124,0,0,0,0,0,0,-0.06222475522101722,0.11310292312989234,0.2808861957553159,0.0,0.0,0.0
image_135.png,surface,0.0,0.0,1.816931255184035,18.517849862443537,-9.509815181202848,0.0,-1.79614326248199,4.176803176261425,0.0,0.0,0.0,3.7853218275634735,0,0,0,0,0,0,-0.4502245215149635,1.1697338450668708,2.3614785340869826,0.0,0.0,0.0
image_136.png,surface,0.0,0.0,2.191596240580647,8.35986116152568,10.820438196429194,0.0,3.9194619754978186,-2.9958030266728857,0.0,0.0,0.0,0.678282610059596,0,0,0,0,0,0,0.5064218314165522,-0.3833115923581791,1.3980267239406745,0.0,0.0,0.0
image_137.png,surface,0.0,0.0,2.046955026117123,13.48593777759362,11.186942008596734,0.0,3.692886739210826,0.8019583740174486,0.0,0.0,0.0,-4.333333536363275,0,0,0,0,0,0,0.7004308459034864,0.048212445243051884,1.3619190528470257,0.0,0.0,0.0
image_138.png,surface,0.0,0.0,2.682213109077005,18.100056351257496,-11.524905639773623,0.0,0.5550933784476036,-2.832420033016917,0.0,0.0,0.0,1.1494696287527493,0,0,0,0,0,0,0.7877721126329492,-0.7265043518061014,3.19091215647648,0.0,0.0,0.0
image_139.png,surface,0.0,0.0,2.146756009845367,-18.92864743905233,16.311154711672398,0.0,1.5120088290821425,2.833066780483836,0.0,0.0,0.0,2.7049768946953847,0,0,0,0,0,0,0.25725039222363866,0.6235904135313138,1.396151000766978,0.0,0.0,0.0
image_140.png,surface,0.0,0.0,2.5742692275389283,-0.44439718360361763,-24.236460581033665,0.0,-0.017020417892372706,-2.5117681728535346,0.0,0.0,0.0,3.9920996584492023,0,0,0,0,0,0,1.2495074491140783,-1.0805515184641867,4.134287029652906,0.0,0.0,0.0
image_141.png,surface,0.0,0.0,0.8510629614342342,13.901485103454473,15.533503697603676,0.0,-0.16455887669386202,-2.529733729032572,0.0,0.0,0.0,-4.419430821508436,0,0,0,0,0,0,0.05365803644736069,-0.25298319691650717,0.4428146977359621,0.0,0.0,0.0
image_142.png,surface,0.0,0.0,0.9291201865305463,2.5287841279551255,-4.984923929980782,0.0,0.7865083608502216,4.278973805806686,0.0,0.0,0.0,2.0935831380822307,0,0,0,0,0,0,0.0051721431430576965,0.1435896494680007,0.2636630376139854,0.0,0.0,0.0
image_143.png,surface,0.0,0.0,2.7960306942951583,8.212674264458798,-1.423554855879087,0.0,1.7123031246600127,-0.8395779469408317,0.0,0.0,0.0,-3.5063380214494333,0,0,0,0,0,0,0.9645548542829644,-0.27652310264011165,2.5041942715599097,0.0,0.0,0.0
image_144.png,surface,0.0,0.0,1.3867617049482912,14.617472735580842,19.339162273212306,0.0,1.1322715699368082,-3.781059734631411,0.0,0.0,0.0,-2.7577043311853133,0,0,0,0,0,0,0.21199547137562852,-0.42748431039605717,0.8801909147700944,0.0,0.0,0.0
image_145.png,surface,0.0,0.0,1.0424969168643603,-15.67119037619547,3.2959223222438028,0.0,1.9767090814873658,2.3011454231158504,0.0,0.0,0.0,0.9475954565021318,0,0,0,0,0,0,0.13174621201607878,0.12617540485691411,0.35554444407597513,0.0,0.0,0.0
image_146.png,surface,0.0,0.0,2.780173088228562,-18.95666308541297,4.398755722584698,0.0,3.489098551341169,0.7078521801124683,0.0,0.0,0.0,-3.029341975472838,0,0,0,0,0,0,1.2428780963022035,-0.1329145759421802,2.590986662411361,0.0,0.0,0.0
image_147.png,surface,0.0,0.0,2.92526131097208,23.05961583478793,-2.0270805112039487,0.0,4.1818319072691486,1.5638798127340274,0.0,0.0,0.0,-2.947276657367653,0,0,0,0,0,0,2.3011547411125615,1.7867958832471436,7.286189726625954,0.0,0.0,0.0
image_148.png,surface,0.0,0.0,2.0944241146627185,10.487147315289407,20.896184772447228,0.0,-1.5525338453191466,1.560544854967394,0.0,0.0,0.0,-2.1952101763888643,0,0,0,0,0,0,-1.2076539524016385,1.035488424414576,3.3585593811331234,0.0,0.0,0.0
image_149.png,surface,0.0,0.0,1.470846502778502,-9.820586834221684,-12.007545210467079,0.0,-1.3472395767630745,3.6113924985586126,0.0,0.0,0.0,-4.334338097022524,0,0,0,0,0,0,-0.18056083355898708,0.33966743675836103,0.6593848021693967,0.0,0.0,0.0
image_150.png,surface,0.0,0.0,2.2209643884965544,13.06375617328406,14.036064127495093,0.0,0.1564597065059364,1.623116919973697,0.0,0.0,0.0,-4.325791463828065,0,0,0,0,0,0,-0.04843034431953865,1.0269040041035824,2.463533505762494,0.0,0.0,0.0
image_151.png,surface,0.0,0.0,0.5388946922570255,-5.236204086539658,20.046318897781177,0.0,0.38742392131196324,3.357168891372836,0.0,0.0,0.0,-3.2001460934882786,0,0,0,0,0,0,-0.006252685038473505,0.11664240374190185,0.24847637891838212,0.0,0.0,0.0
image_152.png,surface,0.0,0.0,0.8617807169544083,16.396899086787688,-2.083218474469017,0.0,-0.727077378545203,0.21124855461086667,0.0,0.0,0.0,0.04150267390963247,0,0,0,0,0,0,-0.26265157981072484,0.14458070403936352,0.5087329692687086,0.0,0.0,0.0
image_153.png,surface,0.0,0.0,1.4217861102933933,-17.292366417019476,7.154643173509148,0.0,1.122841511206905,-4.419479126650884,0.0,0.0,0.0,3.443635636454644,0,0,0,0,0,0,0.1652414888839782,-0.33056861193175496,0.8027525767455649,0.0,0.0,0.0
image_154.png,surface,0.0,0.0,2.5805612535331943,1.2889289698330395,18.280843487547333,0.0,-0.12082284791962808,2.9039238962692266,0.0,0.0,0.0,4.473714915568474,0,0,0,0,0,0,-0.4131588907222115,1.2998671757992593,2.614567182309257,0.0,0.0,0.0
image_155.png,surface,0.0,0.0,1.2607897659289387,9.09239749982667,-20.27019128898126,0.0,1.9837296591272409,-0.7699082378504656,0.0,0.0,0.0,1.2781485604009992,0,0,0,0,0,0,0.5868369767853978,-0.2056627007876817,1.301967367409655,0.0,0.0,0.0
image_156.png,surface,0.0,0.0,0.6446797293721893,10.245988848552043,19.99760078197414,0.0,-2.7887821907028845,3.859268247335498,0.0,0.0,0.0,-1.556985553725644,0,0,0,0,0,0,-0.13006452357321316,0.1238314821405167,0.4581598996998185,0.0,0.0,0.0
image_157.png,surface,0.0,0.0,1.4468381833347097,14.151955104443664,-19.74056104382692,0.0,-3.4621984636418315,-1.48063824351853,0.0,0.0,0.0,-2.380975831188197,0,0,0,0,0,0,-0.4709831010268974,-0.13159316984703004,1.0467305695527431,0.0,0.0,0.0
image_158.png,surface,0.0,0.0,1.1031353812045468,2.2319539341903756,24.153628791562614,0.0,2.7335999133735696,-3.531048983719564,0.0,0.0,0.0,-1.8333727010292202,0,0,0,0,0,0,0.22267913913030407,-0.2594203323228818,0.6407034925608951,0.0,0.0,0.0
image_159.png,surface,0.0,0.0,0.6401498451768832,23.891990658380227,4.491735144488202,0.0,1.109779741670199,3.983643113298133,0.0,0.0,0.0,-0.2965140877366421,0,0,0,0,0,0,0.02925909607087102,0.32054952214602717,0.7451008851997495,0.0,0.0,0.0
image_160.png,surface,0.0,0.0,1.4973106438681305,0.10392053771543058,-3.1524327786098025,0.0,-4.328866629602118,-0.6854825922572163,0.0,0.0,0.0,0.5469350276369802,0,0,0,0,0,0,-0.2502968768431384,-0.02271874622161819,0.5248775865851644,0.0,0.0,0.0
image_161.png,surface,0.0,0.0,1.378553479850254,-11.018311449564724,1.6503707202252478,0.0,-1.0069776378505237,-1.6623607321999083,0.0,0.0,0.0,0.3655851603208351,0,0,0,0,0,0,-0.07583349554328334,-0.22923564166366509,0.558685263787257,0.0,0.0,0.0
image_162.png,surface,0.0,0.0,2.3345999523480265,-17.401842574871758,2.762155295186795,0.0,4.39431421037041,1.7768577438751134,0.0,0.0,0.0,-4.060724630098452,0,0,0,0,0,0,0.779454983818233,0.1161767654036109,1.5839912785899692,0.0,0.0,0.0
image_163.png,surface,0.0,0.0,0.6580120530422899,6.833483769534665,0.0756773862115138,0.0,2.2679296374190194,-2.2513134207551144,0.0,0.0,0.0,-1.3229724879163527,0,0,0,0,0,0,0.07504363463663433,-0.04466352601607703,0.17713414120836424,0.0,0.0,0.0
image_164.png,surface,0.0,0.0,1.4476361155597777,9.618163456539882,23.144304582207067,0.0,-2.6018083182889606,2.398865587854327,0.0,0.0,0.0,-0.6545708785153508,0,0,0,0,0,0,-0.5367530989878744,0.383566434962244,1.6105193634750987,0.0,0.0,0.0
image_165.png,surface,0.0,0.0,1.3560838070366166,8.388534463423486,21.759129913039228,0.0,1.9820326858378405,-1.9476919575775669,0.0,0.0,0.0,-0.0640236711154838,0,0,0,0,0,0,0.2858223549624251,-0.26693661604029556,0.8556926303193569,0.0,0.0,0.0
image_166.png,surface,0.0,0.0,2.117053812335866,-1.7244680251520716,-5.165452858326124,0.0,-2.0479093887782214,4.224287157521871,0.0,0.0,0.0,-3.2053077052516232,0,0,0,0,0,0,-0.31324376886609223,0.5090339436967558,1.0360121514173377,0.0,0.0,0.0
image_167.png,surface,0.0,0.0,2.719801927608204,18.617267754445788,14.660828368684175,0.0,-1.5287664441046886,2.8183678393071854,0.0,0.0,0.0,3.0510124612442073,0,0,0,0,0,0,-1.5364704606266641,2.0616011579635627,7.376036866646,0.0,0.0,0.0
image_168.png,surface,0.0,0.0,0.857474475319153,-14.01681947631946,1.9094567573008183,0.0,-2.8825250374162557,1.4985131978963415,0.0,0.0,0.0,2.559447498482652,0,0,0,0,0,0,-0.11690626268903587,0.07851039928185304,0.25391151011454427,0.0,0.0,0.0
image_169.png,surface,0.0,0.0,2.540634378499559,14.101668961840982,20.333615302916847,0.0,3.465988404684877,3.3655777422973294,0.0,0.0,0.0,2.002880890893179,0,0,0,0,0,0,0.6859576720648874,1.089228751822339,3.0221350319080655,0.0,0.0,0.0
image_170.png,surface,0.0,0.0,2.0243085068781657,-9.66594800522526,-10.635851396795518,0.0,3.58188238470379,0.35105777167276075,0.0,0.0,0.0,-0.5187577234903955,0,0,0,0,0,0,0.7437270943298054,-0.09029922937358595,1.6369335651675385,0.0,0.0,0.0
image_171.png,surface,0.0,0.0,0.5731067350349406,-7.043117212168978,-9.495663772061134,0.0,1.9900044090140165,2.87698649347046,0.0,0.0,0.0,-0.970481870351735,0,0,0,0,0,0,0.05831501982760392,0.06603726960513163,0.1783332642372627,0.0,0.0,0.0
image_172.png,surface,0.0,0.0,2.417221697915609,5.271443383421415,12.279832200678872,0.0,-1.2565565958341114,2.1073251611289954,0.0,0.0,0.0,3.6743635290571,0,0,0,0,0,0,-0.8122669320790324,0.9889906608902306,2.423136234410903,0.0,0.0,0.0
image_173.png,surface,0.0,0.0,1.8442200825848147,-16.752225607284668,9.259438237869931,0.0,-0.3921771353566597,1.5245062882382514,0.0,0.0,0.0,-3.501717685910383,0,0,0,0,0,0,-0.2523301218745125,0.5428430625026709,0.9466473402133896,0.0,0.0,0.0
image_174.png,surface,0.0,0.0,2.4998220614503115,9.18482862612983,16.259613228375866,0.0,-0.7484133445631204,0.3943999926058388,0.0,0.0,0.0,3.199274766311195,0,0,0,0,0,0,-0.8401175189608782,0.2720963922213587,3.2774164898405442,0.0,0.0,0.0
image_175.png,surface,0.0,0.0,1.522170082173616,-17.192207181433965,6.001445179093045,0.0,-0.5714641007257417,4.875034068879469,0.0,0.0,0.0,-0.24868111080531907,0,0,0,0,0,0,-0.07982693488634154,0.2724566326925365,0.6946908249066686,0.0,0.0,0.0
image_176.png,surface,0.0,0.0,2.1637569844701288,6.033673537148504,2.3393366613253557,0.0,2.3716201708072093,0.22881490064397428,0.0,0.0,0.0,3.0630918884189224,0,0,0,0,0,0,0.634137317784731,0.018999931925266906,1.1713321803768373,0.0,0.0,0.0
image_177.png,surface,0.0,0.0,0.9970105134638464,5.441130940929871,20.37427426171927,0.0,-1.2652252065353344,-3.2386087759646953,0.0,0.0,0.0,-4.287409582852048,0,0,0,0,0,0,-0.03522642673555511,-0.26203482866828604,0.5137125676941167,0.0,0.0,0.0
image_178.png,surface,0.0,0.0,0.979611436869972,8.012516589800098,11.475892780717492,0.0,-1.8714378895467556,-0.8230768375182612,0.0,0.0,0.0,-0.6480645600409298,0,0,0,0,0,0,-0.19617542489274353,-0.056084250124160955,0.4205739801049948,0.0,0.0,0.0
image_179.png,surface,0.0,0.0,1.3506560203140379,-18.161012544716417,-0.4669640023802708,0.0,2.289502076307261,-2.35507964196569,0.0,0.0,0.0,1.699537057306829,0,0,0,0,0,0,0.25792611138077226,-0.23905180122763797,0.7696728587751672,0.0,0.0,0.0
image_180.png,surface,0.0,0.0,1.798601265819287,20.12680436636706,-2.3599649290254967,0.0,2.0401612238342106,0.5435316343509369,0.0,0.0,0.0,4.521215659568975,0,0,0,0,0,0,0.8156196557348083,0.4883350610777245,2.031686206083208,0.0,0.0,0.0
image_181.png,surface,0.0,0.0,2.291316976448318,-20.58301180136723,-10.197608027673942,0.0,0.17757088683731245,2.8707222751933275,0.0,0.0,0.0,-2.3330687513276627,0,0,0,0,0,0,0.05250748761224182,0.7916921460643506,1.8100829111336891,0.0,0.0,0.0
image_182.png,surface,0.0,0.0,2.167012056930819,13.49611572197575,-3.0070624233389225,0.0,-2.9552240538622794,1.2134526610962337,0.0,0.0,0.0,-1.7915275155735122,0,0,0,0,0,0,-0.7945521325541851,0.5196303620978651,1.792424317255607,0.0,0.0,0.0
image_183.png,surface,0.0,0.0,2.553361407920879,17.01605596643582,2.496037891852514,0.0,2.351082589823838,3.90379903316438,0.0,0.0,0.0,2.577694191734345,0,0,0,0,0,0,0.672169348723383,1.6818384848323575,4.16528558810201,0.0,0.0,0.0
image_184.png,surface,0.0,0.0,1.5659922894576987,-6.21100269564335,-19.105073714298207,0.0,-0.17789306249719442,-3.912436513940857,0.0,0.0,0.0,-2.221452838946841,0,0,0,0,0,0,0.21395870946729986,-0.6316840258641087,1.2480023651016643,0.0,0.0,0.0
image_185.png,surface,0.0,0.0,2.7813231361145867,16.92466936645901,-9.790935402074304,0.0,2.318393787438601,-1.4588556842674434,0.0,0.0,0.0,2.626593972760247,0,0,0,0,0,0,1.6678963147991017,-0.023874976554874642,4.613833523038527,0.0,0.0,0.0
image_186.png,surface,0.0,0.0,0.7729193102505634,-22.439536754690426,-3.6083879488805026,0.0,-2.421758777573829,1.9295853666704545,0.0,0.0,0.0,3.189672593402779,0,0,0,0,0,0,-0.15428996849043894,0.1640462743029213,0.4129371071835181,0.0,0.0,0.0
image_187.png,surface,0.0,0.0,0.968008272011017,11.86933179753956,5.559035777885612,0.0,-2.1887495557576107,-4.22606256983418,0.0,0.0,0.0,0.03202210773533665,0,0,0,0,0,0,-0.055781072988353886,-0.21101596857553445,0.40108878913633755,0.0,0.0,0.0
image_188.png,surface,0.0,0.0,2.2092939382248713,-5.8043966458225755,-2.430133139885098,0.0,3.825062284544018,-2.8516859833875716,0.0,0.0,0.0,1.1995792089471884,0,0,0,0,0,0,0.5076682593212639,-0.41705936016681905,1.4183247282846,0.0,0.0,0.0
image_189.png,surface,0.0,0.0,1.1344317001554343,0.09567177822278024,12.914129738752841,0.0,3.4599099519170333,2.4772568623812896,0.0,0.0,0.0,2.157885779916943,0,0,0,0,0,0,0.2156388760201718,0.06109615467076644,0.36356539364730417,0.0,0.0,0.0
image_190.png,surface,0.0,0.0,0.9114763655085516,-18.246997596827065,-15.828309343278747,0.0,-2.7192136808186476,-3.5347349164081936,0.0,0.0,0.0,-0.3617758719751727,0,0,0,0,0,0,-0.1174724057666341,-0.33243745769489613,0.7770551692659292,0.0,0.0,0.0
image_191.png,surface,0.0,0.0,2.716234362332143,-15.735188075496197,-8.58161952069499,0.0,2.741721107772071,3.663834461951771,0.0,0.0,0.0,2.4649447439722403,0,0,0,0,0,0,0.839592466913106,0.7952505039062906,2.422113518680483,0.0,0.0,0.0
image_192.png,surface,0.0,0.0,0.6710021162054032,1.3914450699908316,-8.939210233434826,0.0,-2.7559120614412222,1.626238269322491,0.0,0.0,0.0,-4.644116549322028,0,0,0,0,0,0,-0.11018864025753472,0.04447160751178138,0.1934105057477338,0.0,0.0,0.0
image_193.png,surface,0.0,0.0,2.9786777685892805,17.472056865322426,-16.999859142259094,0.0,-2.325122933803395,4.127776023122492,0.0,0.0,0.0,0.6838933899285795,0,0,0,0,0,0,-0.10883415816328103,2.9384547806553543,7.437071558915798,0.0,0.0,0.0
image_194.png,surface,0.0,0.0,2.6564732784252674,3.324578539619353,0.34769272036989285,0.0,-3.0027974778666953,-1.8455582042313161,0.0,0.0,0.0,4.457779380181327,0,0,0,0,0,0,-0.8963209164224403,-0.49287503487606216,1.8441808788269485,0.0,0.0,0.0
image_195.png,surface,0.0,0.0,2.670644368380757,14.997768885465513,-4.5329027377049735,0.0,1.7570170221082748,1.2052001507567618,0.0,0.0,0.0,0.6513072797569075,0,0,0,0,0,0,1.2188991975639316,1.056114944318872,4.363518265508787,0.0,0.0,0.0
image_196.png,surface,0.0,0.0,2.071782656364437,14.490978192139126,1.6546182235250395,0.0,-0.4432945908701795,-0.813189803009488,0.0,0.0,0.0,1.3379241267747988,0,0,0,0,0,0,-0.1410221315267265,-0.20774706159253184,1.5009815961388058,0.0,0.0,0.0
image_197.png,surface,0.0,0.0,1.0621391995873601,-8.696532729621222,-21.292417127218844,0.0,1.344657194095312,1.7309734165128778,0.0,0.0,0.0,0.5377673030540189,0,0,0,0,0,0,0.3253854072345821,0.2711997237996495,0.9590405111824535,0.0,0.0,0.0
image_198.png,surface,0.0,0.0,2.4952288868180483,13.202674202797139,5.55839294581718,0.0,1.6660013585540918,-3.6482984342524953,0.0,0.0,0.0,0.2437216546079215,0,0,0,0,0,0,0.501570046117135,-0.7520405245948789,1.7548160676230025,0.0,0.0,0.0
image_199.png,surface,0.0,0.0,0.6345014129357662,18.38449640490148,-6.2129982910782005,0.0,-0.16089743277038535,-3.6009197513724924,0.0,0.0,0.0,-3.9116434453357973,0,0,0,0,0,0,0.06831231519519125,-0.20908419871262424,0.4298856058601287,0.0,0.0,0.0
image_200.png,surface,0.0,0.0,1.9552883623696125,-2.507897057333066,16.629732385318043,0.0,-4.007042004312058,-0.47324180646725983,0.0,0.0,0.0,4.579923607970066,0,0,0,0,0,0,-0.8685159862404,-0.04991139593681641,1.6760356943277672,0.0,0.0,0.0
image_201.png,surface,0.0,0.0,1.5978990878455042,11.387593669370975,-6.448902334513887,0.0,2.662259766179787,-3.1997805561845953,0.0,0.0,0.0,-0.038891519433094324,0,0,0,0,0,0,0.3342686791268956,-0.31791457546819785,0.8841455644613031,0.0,0.0,0.0
image_202.png,surface,0.0,0.0,2.376017079949407,19.28966255006126,16.108158128332807,0.0,4.2327862931967175,2.5981849633307688,0.0,0.0,0.0,-0.5392158408840606,0,0,0,0,0,0,1.0027512493409196,0.6767298157862824,2.8353665958986194,0.0,0.0,0.0
image_203.png,surface,0.0,0.0,0.5594203304902514,16.189318904034792,0.842849018222869,0.0,3.524264240440174,1.876693099548521,0.0,0.0,0.0,-0.7981167019597759,0,0,0,0,0,0,0.1566032412806252,0.01928309037422767,0.31760347688041607,0.0,0.0,0.0
image_204.png,surface,0.0,0.0,1.466963759366849,2.1050159591551076,14.966932506011082,0.0,-0.5059218385639356,4.57576630961557,0.0,0.0,0.0,0.2825736818712654,0,0,0,0,0,0,-0.07039121692637168,0.2891330922338307,0.701798475932709,0.0,0.0,0.0
image_205.png,surface,0.0,0.0,1.6927360038187351,8.662676596773192,-17.632073976949926,0.0,4.538663746663474,-1.7725015071394237,0.0,0.0,0.0,-4.101116850027657,0,0,0,0,0,0,0.770787820305003,-0.3636934311526811,1.7412394046514874,0.0,0.0,0.0
image_206.png,surface,0.0,0.0,0.8808980636938886,11.194278070304673,8.389543179407006,0.0,4.385521059548448,-1.6974439863487805,0.0,0.0,0.0,-4.804421780450192,0,0,0,0,0,0,0.18716583613096613,-0.10681995176795207,0.32444316745307217,0.0,0.0,0.0
image_207.png,surface,0.0,0.0,1.536800466958621,17.704926809119463,0.3268090982016293,0.0,-2.8519777014022534,-1.14566850867376,0.0,0.0,0.0,1.4538332060550765,0,0,0,0,0,0,-0.5551314425499059,-0.1088461077805157,1.0371509833442252,0.0,0.0,0.0
image_208.png,surface,0.0,0.0,2.7761942151533083,-17.041990957263483,-0.30132118085960774,0.0,-3.0711696635035017,0.7776437110297233,0.0,0.0,0.0,-2.8392985929226136,0,0,0,0,0,0,-1.2364633299794179,0.07241934642420826,2.5002150588271426,0.0,0.0,0.0
image_209.png,surface,0.0,0.0,1.671585560487555,20.070840829189056,4.716441239308124,0.0,1.8397914707708707,2.109037368639523,0.0,0.0,0.0,2.1620639287081413,0,0,0,0,0,0,0.39384610670414405,0.7361175811483186,1.8481198974917104,0.0,0.0,0.0
image_210.png,surface,0.0,0.0,1.1294404440416665,16.335233241470913,4.346470172069803,0.0,-1.339254226514245,0.22356775669579676,0.0,0.0,0.0,-4.5093327329397495,0,0,0,0,0,0,-0.3651965275756872,0.17379321735714845,0.7042101200131756,0.0,0.0,0.0
image_211.png,surface,0.0,0.0,1.8308376525791905,-11.29809552661804,-6.092839945712069,0.0,3.3232614896651094,1.9653783539134473,0.0,0.0,0.0,3.235053665202365,0,0,0,0,0,0,0.479096296582478,0.15766262438135048,1.0166520086602597,0.0,0.0,0.0
image_212.png,surface,0.0,0.0,0.6521060864596946,-14.254083573243575,-19.46658597526602,0.0,0.035075896071054824,0.8969022208112701,0.0,0.0,0.0,1.9136203168242707,0,0,0,0,0,0,0.051694798355689554,0.2672826985890256,0.5070582164350518,0.0,0.0,0.0
image_213.png,surface,0.0,0.0,1.2356713569091857,-12.08542986041328,-3.1679109235972533,0.0,1.016332296641928,3.149065083554656,0.0,0.0,0.0,-4.945136890490915,0,0,0,0,0,0,0.02959695564943765,0.24274701898657586,0.41063264728440535,0.0,0.0,0.0
image_214.png,surface,0.0,0.0,2.459091854225846,19.76597980150827,8.356530742304816,0.0,-1.0692676415440039,-1.6468960935411192,0.0,0.0,0.0,-0.4178075036510984,0,0,0,0,0,0,-0.5598219075100068,-0.15816287097451456,2.9074479578592234,0.0,0.0,0.0
image_215.png,surface,0.0,0.0,2.1047856256156314,-7.397771110652961,-1.7743410427361206,0.0,-0.7632493675628409,3.5128193651931485,0.0,0.0,0.0,3.964301892999581,0,0,0,0,0,0,-0.18215881805220788,0.5197939647572651,0.9359512521157655,0.0,0.0,0.0
image_216.png,surface,0.0,0.0,0.5599621289692756,-15.783637540566113,6.597424119047232,0.0,0.5720387771232879,3.72813216434785,0.0,0.0,0.0,4.524545703067526,0,0,0,0,0,0,0.020815650386691545,0.11517941842227139,0.17043289686995722,0.0,0.0,0.0
image_217.png,surface,0.0,0.0,1.9246899967629523,18.820262681124504,-0.29565801851291257,0.0,-4.278162221314226,-0.7552416305739214,0.0,0.0,0.0,-0.6445285788081669,0,0,0,0,0,0,-0.8053271137084739,0.08540058820656485,1.7608451778241663,0.0,0.0,0.0
image_218.png,surface,0.0,0.0,1.043350201108605,15.416014140026382,-5.9884603701258,0.0,0.3205659381846678,1.457560193551206,0.0,0.0,0.0,4.189696633044866,0,0,0,0,0,0,-0.010338959671137859,0.39777155048510865,0.6739864138751088,0.0,0.0,0.0
image_219.png,surface,0.0,0.0,2.9393745395714435,19.86205864923427,-12.2843043456859,0.0,-0.11259245262853389,-0.5667307151336844,0.0,0.0,0.0,-1.9321628793120462,0,0,0,0,0,0,1.2297472294379095,0.8379885524694343,6.042384292125434,0.0,0.0,0.0
image_220.png,surface,0.0,0.0,2.4592174892336334,19.876959222441442,-6.934843598603534,0.0,-4.524969750623463,-0.28093754582488506,0.0,0.0,0.0,3.31496664804099,0,0,0,0,0,0,-1.2806270557020567,0.2604680185840367,2.5326382736867443,0.0,0.0,0.0
image_221.png,surface,0.0,0.0,0.8197702480692616,-16.77186259001878,-16.43842447331592,0.0,2.289081831742787,3.274754412504733,0.0,0.0,0.0,-3.6907578040057376,0,0,0,0,0,0,0.13005082656327124,0.25671144982782396,0.5507670323897264,0.0,0.0,0.0
image_222.png,surface,0.0,0.0,1.4638641942024866,19.388630829997272,-10.509918641306768,0.0,-1.6324223967946794,1.548981984970344,0.0,0.0,0.0,3.9640554008107394,0,0,0,0,0,0,-0.585170507242468,0.8584467504068495,1.7146398636454547,0.0,0.0,0.0
image_223.png,surface,0.0,0.0,1.7249240787616764,-8.14516190095816,-6.427039022071788,0.0,-4.004855501869923,1.7586153657307613,0.0,0.0,0.0,2.5434437544805206,0,0,0,0,0,0,-0.3442401023645926,0.16163156197428374,0.7031137151580746,0.0,0.0,0.0
image_224.png,surface,0.0,0.0,0.9559292844805624,-22.635439476944025,-2.0686142621337855,0.0,2.376407395823285,-2.6015254305317024,0.0,0.0,0.0,1.3183006107095903,0,0,0,0,0,0,0.20606010040080908,-0.2106651667193218,0.6487825002304574,0.0,0.0,0.0
image_225.png,surface,0.0,0.0,2.260709633659558,14.842017859735101,-4.15556411532375,0.0,1.3972216451416888,-3.7173327120271393,0.0,0.0,0.0,2.5164015785150724,0,0,0,0,0,0,0.4554735201026955,-0.6583622710636946,1.6030164707803152,0.0,0.0,0.0
image_226.png,surface,0.0,0.0,2.6034469006720355,-5.721730967783578,3.1436325774497687,0.0,1.035847020642083,4.608860374422065,0.0,0.0,0.0,-4.63963382077012,0,0,0,0,0,0,0.06759854878821937,0.7988654934380232,1.5761623673435667,0.0,0.0,0.0
image_227.png,surface,0.0,0.0,0.51116148847391,8.564942733237185,-2.701265244288834,0.0,0.6884165500049192,-2.436149006268595,0.0,0.0,0.0,-0.4366301194473401,0,0,0,0,0,0,0.03776950491476638,-0.06454439533811077,0.1717057090235367,0.0,0.0,0.0
image_228.png,surface,0.0,0.0,0.8330584703371858,17.8978051930874,17.71202661194412,0.0,1.4602894415515915,-0.00045345745519859533,0.0,0.0,0.0,0.996930029946367,0,0,0,0,0,0,0.3059417406770703,0.0125848199538115,0.6133715263156102,0.0,0.0,0.0
image_229.png,surface,0.0,0.0,1.2086570978858877,1.2176261274266182,10.058900747818988,0.0,0.7077891589889955,-2.005703040083005,0.0,0.0,0.0,4.9256569274143995,0,0,0,0,0,0,0.10493051032984192,-0.2076841374927628,0.3840733003463809,0.0,0.0,0.0
image_230.png,surface,0.0,0.0,2.9602755691369573,4.888785360637174,13.389863739722044,0.0,-3.4164792154166514,-1.6228285852905175,0.0,0.0,0.0,-2.097577030896909,0,0,0,0,0,0,-1.8040415498415179,-0.6235416473539926,4.830466151577752,0.0,0.0,0.0
image_231.png,surface,0.0,0.0,1.511319696250414,10.245207877403576,4.120516793024423,0.0,-1.7032109123581873,-1.0459407975099941,0.0,0.0,0.0,-3.3667071300211147,0,0,0,0,0,0,-0.338858699347423,-0.18960289742412412,0.6457947411752126,0.0,0.0,0.0
image_232.png,surface,0.0,0.0,0.9256299074406328,2.135917465714457,-19.817936887050422,0.0,0.34045282991036363,2.990053824150104,0.0,0.0,0.0,-4.566584305613307,0,0,0,0,0,0,-0.00017121262427360895,0.3446510254600703,0.6333412791041381,0.0,0.0,0.0
image_233.png,surface,0.0,0.0,0.802317794930132,2.66053094552446,-11.776756644303093,0.0,3.635725326601624,0.16747544039465456,0.0,0.0,0.0,-1.5840080180939689,0,0,0,0,0,0,0.16866726325944462,-0.026211033758800913,0.3586550183390213,0.0,0.0,0.0
image_234.png,surface,0.0,0.0,2.753390409214392,-10.648917903247664,-7.118947220925903,0.0,-0.5869744774713311,-2.7164309576206525,0.0,0.0,0.0,2.484475374876519,0,0,0,0,0,0,0.3491938542935772,-1.589154432077524,3.795379580226481,0.0,0.0,0.0
image_235.png,surface,0.0,0.0,2.5256102111062106,24.712442983935556,1.527800920262521,0.0,4.456334147215379,0.12716162824420185,0.0,0.0,0.0,0.009597881354767246,0,0,0,0,0,0,1.4959607927785237,0.28606554237008913,3.8193843708422324,0.0,0.0,0.0
image_236.png,surface,0.0,0.0,2.0482515182658263,8.77856963006598,-11.098609063858142,0.0,0.05008842982728166,-4.037031475285672,0.0,0.0,0.0,0.9794793162399271,0,0,0,0,0,0,0.20416230357886025,-0.5972472391629978,1.3243375992597586,0.0,0.0,0.0
image_237.png,surface,0.0,0.0,1.8492391426733972,8.870893466507765,-21.70837392896093,0.0,1.8157223456359834,-2.9539501650247817,0.0,0.0,0.0,2.2984605751653797,0,0,0,0,0,0,1.0188163201127656,-0.5682234981445196,2.4659831109071892,0.0,0.0,0.0
image_238.png,surface,0.0,0.0,2.4428844038259157,4.5396667727725575,-23.65866892697617,0.0,3.796970360791508,-0.6404790777001715,0.0,0.0,0.0,-3.534924035807119,0,0,0,0,0,0,2.5887249867325703,-0.4407424182173978,6.367554302308318,0.0,0.0,0.0
image_239.png,surface,0.0,0.0,1.2953763457591685,3.1145238605538315,-0.40326823821376406,0.0,4.303472293162728,-0.44065632795190174,0.0,0.0,0.0,-2.050024984064046,0,0,0,0,0,0,0.20679060759770979,-0.06977024182393098,0.3842653386713066,0.0,0.0,0.0
image_240.png,surface,0.0,0.0,2.099636642853242,-9.191200248458603,22.026442386790148,0.0,-3.433521892485948,2.4847692195920477,0.0,0.0,0.0,1.0950303902766798,0,0,0,0,0,0,-0.9562575100381653,0.4066438485525458,2.3352318076779057,0.0,0.0,0.0
image_241.png,surface,0.0,0.0,2.342113603479919,18.757531573611654,6.690029477167565,0.0,0.8337980741414787,0.502301801669796,0.0,0.0,0.0,2.017930810677022,0,0,0,0,0,0,0.28437960324854566,0.7171034913006042,3.1057118973188977,0.0,0.0,0.0
image_242.png,surface,0.0,0.0,1.939121815609194,7.542574459496182,1.2113928410641426,0.0,4.374672960055852,-1.6685350597976756,0.0,0.0,0.0,2.205042000601357,0,0,0,0,0,0,0.45230798891612484,-0.19514336440878965,0.9628589476431917,0.0,0.0,0.0
image_243.png,surface,0.0,0.0,0.9218298837136849,-16.683730968786676,14.205102401643744,0.0,1.4695665863413894,2.452069547905028,0.0,0.0,0.0,-4.552990067321031,0,0,0,0,0,0,0.08068680273269369,0.18744145459705683,0.374029249351994,0.0,0.0,0.0
image_244.png,surface,0.0,0.0,2.964761991002703,10.758315074215597,7.192423027306991,0.0,-4.389787654048538,-1.9491869244251783,0.0,0.0,0.0,0.16408487645852343,0,0,0,0,0,0,-1.9374580361255131,-0.474608168713105,4.053505884972397,0.0,0.0,0.0
image_245.png,surface,0.0,0.0,2.527988904288826,1.7958106120504298,0.4426319369557771,0.0,-3.1058169088205454,-0.6920138885852594,0.0,0.0,0.0,4.07437172720871,0,0,0,0,0,0,-1.0081341742480834,-0.0721770886400974,1.658846031243111,0.0,0.0,0.0
image_246.png,surface,0.0,0.0,1.72656735810025,-21.233325993704167,-6.492686242991148,0.0,-4.576169329415675,0.5413762058825731,0.0,0.0,0.0,1.6510275752492323,0,0,0,0,0,0,-0.5533645282674016,0.09479201009709663,1.1778972114847734,0.0,0.0,0.0
image_247.png,surface,0.0,0.0,2.0499254389539656,5.355816879938359,19.139464732045255,0.0,3.756707898019017,0.8463931364284298,0.0,0.0,0.0,4.461726585508149,0,0,0,0,0,0,0.6576961748847839,0.04341290953316705,1.198358225104509,0.0,0.0,0.0
image_248.png,surface,0.0,0.0,2.4001899766624604,5.6376950107493276,-4.0032855915009415,0.0,1.6653417557818284,-1.0217782012042973,0.0,0.0,0.0,3.211488553107637,0,0,0,0,0,0,0.8257934903416465,-0.35939414203596043,1.805527583426141,0.0,0.0,0.0
image_249.png,surface,0.0,0.0,1.6464629591490183,4.238510908643884,2.5009159758898925,0.0,4.018100060499751,1.7430876060438456,0.0,0.0,0.0,3.754576270448908,0,0,0,0,0,0,0.33047460737299167,0.07224315894485495,0.6034904845970324,0.0,0.0,0.0
image_250.png,surface,0.0,0.0,2.3477905121918776,19.91216346861316,-2.6861688682558476,0.0,2.545439779752699,3.1010831114371222,0.0,0.0,0.0,-4.881763317778218,0,0,0,0,0,0,1.1273666457922502,1.4994183733968713,4.405288834183976,0.0,0.0,0.0
image_251.png,surface,0.0,0.0,2.43231974458362,4.199688104180319,-7.262174483679001,0.0,3.6922918485622094,0.14594697850887675,0.0,0.0,0.0,-1.785943269701824,0,0,0,0,0,0,0.9627194549507506,-0.13687879422763072,2.1064360075587722,0.0,0.0,0.0
image_252.png,surface,0.0,0.0,1.6475184738059718,-1.2088692164857957,-21.28408070009379,0.0,4.538547696038749,0.4485038362906554,0.0,0.0,0.0,-2.7153839566391125,0,0,0,0,0,0,0.908031859922758,-0.1218713964327105,2.064489031585107,0.0,0.0,0.0
image_253.png,surface,0.0,0.0,0.969420319554622,-24.07742911693217,-3.2736176207953727,0.0,4.7528288598467805,0.07461405145989214,0.0,0.0,0.0,-1.9243704537510489,0,0,0,0,0,0,0.32600633835194803,-0.08435290194541004,0.6564461691972727,0.0,0.0,0.0
image_254.png,surface,0.0,0.0,1.994417696765387,-24.446279265300458,-3.7314945398658446,0.0,2.033638921994148,4.10406708721803,0.0,0.0,0.0,4.668985635696707,0,0,0,0,0,0,0.2649481118109818,0.6149540808380108,1.3735931965995059,0.0,0.0,0.0
image_255.png,surface,0.0,0.0,1.885722098221175,24.49261581773741,-1.8071216189450017,0.0,0.7558945689211969,-1.4921992045386494,0.0,0.0,0.0,1.8204214218139558,0,0,0,0,0,0,0.4041645208603692,-0.12660643494033208,2.0133309150263243,0.0,0.0,0.0
image_256.png,surface,0.0,0.0,1.7512342145482775,11.544227622802863,-5.499083815075753,0.0,1.8618645983388329,4.461793298432382,0.0,0.0,0.0,2.0423010984921417,0,0,0,0,0,0,0.12369541395023363,0.5789552033601325,1.2043583062565582,0.0,0.0,0.0
image_257.png,surface,0.0,0.0,0.6464550579342334,3.5595396479719543,10.183026231659673,0.0,2.5704048177521037,-3.941025246648239,0.0,0.0,0.0,1.5469800815197416,0,0,0,0,0,0,0.07817568424334684,-0.05193125953940318,0.17659598729781575,0.0,0.0,0.0
image_258.png,surface,0.0,0.0,2.443907985826347,-4.103575107641294,-2.7500567319808304,0.0,-2.198713544217076,-2.181139841698761,0.0,0.0,0.0,-2.8712942958149004,0,0,0,0,0,0,-0.580504392522263,-0.8403387675958097,1.6707122133205157,0.0,0.0,0.0
image_259.png,surface,0.0,0.0,1.8467706339127932,-20.75749890400092,7.27465858977848,0.0,1.2630311706565358,0.7907622557702434,0.0,0.0,0.0,-0.56688780491403,0,0,0,0,0,0,0.5278028639358446,0.20588450823936782,1.1465458384387117,0.0,0.0,0.0
image_260.png,surface,0.0,0.0,1.576628630670965,-5.691847579208496,9.808045587148614,0.0,-0.7491993596481216,0.5399306551807292,0.0,0.0,0.0,0.22589489382333738,0,0,0,0,0,0,-0.37651330156767665,0.17931480711188313,0.7379083800301363,0.0,0.0,0.0
image_261.png,surface,0.0,0.0,2.5372305513676476,11.761657454795232,-12.84001716179305,0.0,2.843184669812594,0.45030188302821894,0.0,0.0,0.0,-1.2854299743856878,0,0,0,0,0,0,2.004614475870609,0.5045049816158784,5.020356326869136,0.0,0.0,0.0
image_262.png,surface,0.0,0.0,0.9922117276576671,12.116212120500538,16.379475977345383,0.0,-1.0385592210694579,3.8954418593557776,0.0,0.0,0.0,3.309724712460465,0,0,0,0,0,0,-0.13819750369870967,0.29102081522690254,0.6602646056580107,0.0,0.0,0.0
image_263.png,surface,0.0,0.0,1.179203395329362,9.518434678833952,11.661420358886245,0.0,-4.009200483849825,-2.481589355233426,0.0,0.0,0.0,4.124433057068222,0,0,0,0,0,0,-0.28534295961445877,-0.16088119208453786,0.574791920039483,0.0,0.0,0.0
image_264.png,surface,0.0,0.0,2.099317609329031,-2.409042786089881,-1.4054200106422108,0.0,3.5687842591186136,-1.0732211617010696,0.0,0.0,0.0,4.363045673713767,0,0,0,0,0,0,0.5501746468409346,-0.234002142221171,1.1000948938443957,0.0,0.0,0.0
image_265.png,surface,0.0,0.0,1.4751450932546661,3.1932637052430985,-21.710246884598735,0.0,3.728450784078461,-1.0401876655674236,0.0,0.0,0.0,2.484843923644384,0,0,0,0,0,0,0.7798993756963489,-0.30639631900547193,1.7753820324203125,0.0,0.0,0.0
image_266.png,surface,0.0,0.0,1.257673223014434,-14.698410856696322,5.744827909163833,0.0,1.06649231291749,-4.734754085957094,0.0,0.0,0.0,3.738929195272295,0,0,0,0,0,0,0.1254531968927763,-0.2626184496936443,0.5215414789405194,0.0,0.0,0.0
image_267.png,surface,0.0,0.0,1.1365398377537996,19.20085401109042,-5.0010915837784005,0.0,-2.3205063335254934,0.916945801278087,0.0,0.0,0.0,0.5106236175116567,0,0,0,0,0,0,-0.4058127277233766,0.22136383678255572,0.9481881128203541,0.0,0.0,0.0
image_268.png,surface,0.0,0.0,1.7143269666571936,-15.738772250694709,1.7340142121897282,0.0,-2.7413194766029787,-1.7985077430930023,0.0,0.0,0.0,-2.818831770132817,0,0,0,0,0,0,-0.45661037192787224,-0.31040773036574926,1.0384081644713556,0.0,0.0,0.0
image_269.png,surface,0.0,0.0,2.438842180752422,21.17641499665225,-5.544367052295488,0.0,-3.9172287484023025,-0.12428164344577054,0.0,0.0,0.0,-2.5400037714960333,0,0,0,0,0,0,-1.5287118654395806,0.5065515879608671,2.9628264515588216,0.0,0.0,0.0
image_270.png,surface,0.0,0.0,2.513314895043922,13.3068967825639,13.094042087210529,0.0,-1.9856706970159614,-3.051822102018842,0.0,0.0,0.0,3.9543242844333584,0,0,0,0,0,0,-0.9444430780182874,-0.826728284815762,2.5533605487485294,0.0,0.0,0.0
image_271.png,surface,0.0,0.0,2.4764242517136688,-8.80962249370463,0.31326083999672083,0.0,2.390707322946683,0.8155886539755589,0.0,0.0,0.0,4.962946231014422,0,0,0,0,0,0,0.8180881613043357,0.12879462050980117,1.5859272928656767,0.0,0.0,0.0
image_272.png,surface,0.0,0.0,2.714113126685063,13.717348897055805,-15.449069698619304,0.0,-3.44027563944626,-1.7230487289267273,0.0,0.0,0.0,0.9773468840572983,0,0,0,0,0,0,-0.9806488409646869,-0.22933002781331838,2.5820367832682956,0.0,0.0,0.0
image_273.png,surface,0.0,0.0,0.6268545765985538,9.828570196839678,21.038163393061467,0.0,0.5627384447756497,-1.5012161041103114,0.0,0.0,0.0,2.050164803270259,0,0,0,0,0,0,0.06269806300900926,-0.17893411630828046,0.39732841077383296,0.0,0.0,0.0
image_274.png,surface,0.0,0.0,2.9555421497750283,6.450781846244607,2.0789340043419453,0.0,-1.5084683457825196,-0.13912905022984146,0.0,0.0,0.0,-3.6309290153104303,0,0,0,0,0,0,-0.5161375771353337,0.10402769484070004,2.9464629998720997,0.0,0.0,0.0
image_275.png,surface,0.0,0.0,1.566153729471493,-1.113455632097881,3.578934176077487,0.0,2.349583844478318,1.7676999978001975,0.0,0.0,0.0,-4.059487223957149,0,0,0,0,0,0,0.26729486618102594,0.1177168327454586,0.4990863929468433,0.0,0.0,0.0
image_276.png,surface,0.0,0.0,0.9824552698644489,0.7824883202595295,-24.986698747970173,0.0,1.589418230633226,-2.822363720624355,0.0,0.0,0.0,-0.3396721656796817,0,0,0,0,0,0,0.3783228287700003,-0.41125933127060577,1.249348866379924,0.0,0.0,0.0
image_277.png,surface,0.0,0.0,2.925056958419079,10.175131372444708,3.822136817223933,0.0,-2.0369376759822244,3.9999974166309453,0.0,0.0,0.0,-0.9243441331484021,0,0,0,0,0,0,-0.9677919142992308,2.0554754968510447,4.6130519717161516,0.0,0.0,0.0
image_278.png,surface,0.0,0.0,2.5629558071903293,-9.387427474910083,3.4298461256649286,0.0,3.7218734336787485,0.5042963160340894,0.0,0.0,0.0,1.502535610172493,0,0,0,0,0,0,0.8253475765735382,-0.07335691551076719,1.861642968372547,0.0,0.0,0.0
image_279.png,surface,0.0,0.0,2.8243088809595456,-7.868964565686696,-4.118928498520807,0.0,1.5972899658387403,0.5000547196610127,0.0,0.0,0.0,4.679432275072209,0,0,0,0,0,0,0.948186927402404,0.01163781225228718,2.62457550524319,0.0,0.0,0.0
image_280.png,surface,0.0,0.0,1.8078843143844079,-0.6765358754271213,-8.462242432222075,0.0,-1.988220938788129,-2.1731929561737737,0.0,0.0,0.0,-2.120564408500191,0,0,0,0,0,0,-0.24027979690563495,-0.4108912252869569,0.8747669485928238,0.0,0.0,0.0
image_281.png,surface,0.0,0.0,2.369354624038534,-7.99422383722797,-14.042758923948593,0.0,0.21901392169682155,3.2599392597008863,0.0,0.0,0.0,-1.548481342535272,0,0,0,0,0,0,0.08689154823637057,0.8419527707548856,1.8536823099032305,0.0,0.0,0.0
image_282.png,surface,0.0,0.0,1.7986600944357087,-11.769924746905577,-20.50297025345513,0.0,-2.1588356682264256,-2.356250378479776,0.0,0.0,0.0,2.170523830496526,0,0,0,0,0,0,-0.2159904326086803,-0.7698354600095684,1.7955773185904382,0.0,0.0,0.0
image_283.png,surface,0.0,0.0,1.848625284528639,-7.923734020145542,-1.8461178651424763,0.0,-0.717398168149669,-1.837436222937023,0.0,0.0,0.0,2.449641539548633,0,0,0,0,0,0,-0.08801470305160565,-0.5934434773319583,0.9919103267976976,0.0,0.0,0.0
image_284.png,surface,0.0,0.0,2.87875241101759,6.519410286216859,-7.6260369281926454,0.0,-1.983544859260987,1.8535879239378175,0.0,0.0,0.0,-0.9056222722824359,0,0,0,0,0,0,-0.7134658336981868,1.0646568908625225,3.0918717399015505,0.0,0.0,0.0
image_285.png,surface,0.0,0.0,2.3458924591052446,5.0640377494483895,6.640135337999979,0.0,-3.825590546711906,2.6192182329363436,0.0,0.0,0.0,-3.624389903311328,0,0,0,0,0,0,-0.7800059079958964,0.5435509586250725,1.7537263617792356,0.0,0.0,0.0
image_286.png,surface,0.0,0.0,1.9169445171187318,-16.044877501415684,-15.430460015895067,0.0,1.240228002457025,-4.453827635806224,0.0,0.0,0.0,4.5995999076894485,0,0,0,0,0,0,0.6125051734165028,-1.0834774891034475,2.5307625505130473,0.0,0.0,0.0
image_287.png,surface,0.0,0.0,1.4818381610803497,-14.509483940042472,13.440861527493098,0.0,1.513351667804651,-0.6456972412470615,0.0,0.0,0.0,2.249312963059608,0,0,0,0,0,0,0.38676931823416666,-0.24740025616449782,0.7371737217871055,0.0,0.0,0.0
image_288.png,surface,0.0,0.0,0.9108190965360281,-14.321720477850718,-15.995529374973255,0.0,0.30814863000660164,4.715334411335451,0.0,0.0,0.0,-1.0367275801705258,0,0,0,0,0,0,-0.02026016053904811,0.21911430021581219,0.5553781851917287,0.0,0.0,0.0
image_289.png,surface,0.0,0.0,0.7893259364385428,1.64717348009318,24.53235307175244,0.0,4.369544926244494,2.3165104020165117,0.0,0.0,0.0,-1.5810165161176037,0,0,0,0,0,0,0.22036586634011793,0.0374020849027278,0.4411466439136397,0.0,0.0,0.0
image_290.png,surface,0.0,0.0,1.249165363841555,-20.619184124190063,-7.560983499981142,0.0,2.0964018944501217,-0.8261702448431559,0.0,0.0,0.0,3.2868470350529915,0,0,0,0,0,0,0.44968577245724956,-0.24716901009784648,0.9561041112141078,0.0,0.0,0.0
image_291.png,surface,0.0,0.0,2.2320108629933113,2.2419823440352107,-15.30676745160898,0.0,0.4720352015004993,1.2704373682474681,0.0,0.0,0.0,-0.13923137824371512,0,0,0,0,0,0,0.6764610785051759,0.6590276934187524,2.4943869189660153,0.0,0.0,0.0
image_292.png,surface,0.0,0.0,0.978881546914274,0.14936975501336233,23.818401423570513,0.0,-3.8608473276386506,0.2325220752374559,0.0,0.0,0.0,-0.77906243178675,0,0,0,0,0,0,-0.32126108535207953,0.01343114909570532,0.7070237047737195,0.0,0.0,0.0
image_293.png,surface,0.0,0.0,0.8286553414767655,-7.845877384350639,2.3569776831119293,0.0,-4.639428453601683,1.6950794613278157,0.0,0.0,0.0,1.7216504876306526,0,0,0,0,0,0,-0.10485898150014532,0.018905545775613323,0.20534814394604217,0.0,0.0,0.0
image_294.png,surface,0.0,0.0,0.6943934424328497,16.55442842047282,1.2218547821655141,0.0,0.35279448828625337,0.25921867361092815,0.0,0.0,0.0,4.4691567628396704,0,0,0,0,0,0,0.038983973129614054,0.09899848616665814,0.42971143156542796,0.0,0.0,0.0
image_295.png,surface,0.0,0.0,2.6156234501003994,-13.170730370555972,-15.17394397530465,0.0,-4.151785890993512,-1.0263174856853288,0.0,0.0,0.0,0.5345638327738111,0,0,0,0,0,0,-0.8815738023850035,-0.2425912818396476,2.470350866297367,0.0,0.0,0.0
image_296.png,surface,0.0,0.0,1.102974554401177,13.557779756124921,-5.038240406412812,0.0,3.326753133414745,-2.467055421513565,0.0,0.0,0.0,3.3310076496090275,0,0,0,0,0,0,0.2620808710631461,-0.1962728519996442,0.572998818005581,0.0,0.0,0.0
image_297.png,surface,0.0,0.0,1.002126160214883,-17.99819676759638,-0.8217574386122076,0.0,0.9830384151495832,-4.244806357077814,0.0,0.0,0.0,2.4975968099942865,0,0,0,0,0,0,0.10275725141906186,-0.19648364773387064,0.47939129962303506,0.0,0.0,0.0
image_298.png,surface,0.0,0.0,1.4771346697314296,-18.659252483088128,-15.914738170103233,0.0,-0.6513557632260467,3.751880071823213,0.0,0.0,0.0,1.456658086656902,0,0,0,0,0,0,-0.11336178089407303,0.43802881641485764,1.104208086803858,0.0,0.0,0.0
image_299.png,surface,0.0,0.0,2.073715501214319,-17.743173904886177,-8.626079836232158,0.0,-3.3083438602652073,-0.1771020946557022,0.0,0.0,0.0,4.007623592312697,0,0,0,0,0,0,-0.770335818976921,-0.0014818625495613004,1.4704430364680119,0.0,0.0,0.0
image_300.png,surface,0.0,0.0,1.9656493930870071,9.761697785127684,17.451412740985404,0.0,4.728384237604492,0.7080742804071606,0.0,0.0,0.0,2.853298263004291,0,0,0,0,0,0,0.6272888128137845,0.000811720887020841,1.2434492703978948,0.0,0.0,0.0
image_301.png,surface,0.0,0.0,2.809144517200113,8.211896733934399,-8.791338301653024,0.0,2.5084025281139413,0.3538759362504788,0.0,0.0,0.0,-3.6077027113028306,0,0,0,0,0,0,1.7259716369527227,0.29179163544907344,4.4107998875086,0.0,0.0,0.0
image_302.png,surface,0.0,0.0,2.2049303259538684,-3.5475150778869144,13.146846988239808,0.0,-4.2147351081655255,-1.0428616376738287,0.0,0.0,0.0,-2.5391374806199565,0,0,0,0,0,0,-1.0436094299975833,-0.14519736021710017,1.9912420416522751,0.0,0.0,0.0
image_303.png,surface,0.0,0.0,1.9049288752439868,-4.245183373317512,24.429841228042566,0.0,-2.7008113803007996,-2.7160313447000726,0.0,0.0,0.0,-0.05822383729981784,0,0,0,0,0,0,-0.7700710101180438,-0.6538789289551494,2.4653087437661716,0.0,0.0,0.0
image_304.png,surface,0.0,0.0,2.2789954180623306,-19.49129557997904,3.713754882507484,0.0,-3.5083608838517493,-0.3079783436775689,0.0,0.0,0.0,-0.28170955759193994,0,0,0,0,0,0,-0.8303408976423545,-0.28100644474865705,2.156890727927419,0.0,0.0,0.0
image_305.png,surface,0.0,0.0,2.159308720225299,-20.286576023641178,8.390635661368796,0.0,-0.44766580279890916,1.108503178238979,0.0,0.0,0.0,-2.456285596203128,0,0,0,0,0,0,-0.33309986761185434,0.3414796508317098,1.5266477415655473,0.0,0.0,0.0
image_306.png,surface,0.0,0.0,2.418695798069905,0.605055961140161,-15.030042811759408,0.0,4.957443085427745,0.07693001621265635,0.0,0.0,0.0,-1.9546184042882828,0,0,0,0,0,0,1.578397008058794,-0.2320672261532726,3.4779357631162076,0.0,0.0,0.0
image_307.png,surface,0.0,0.0,1.9310657821207695,-22.938492835473276,4.28640135692823,0.0,0.29459463451976553,-3.3045810392848733,0.0,0.0,0.0,1.1999326184903243,0,0,0,0,0,0,0.2212181247365024,-0.8583350601297597,1.9898039872191096,0.0,0.0,0.0
image_308.png,surface,0.0,0.0,2.518226987637208,6.6759017016205355,-16.38728764217773,0.0,3.0660606670996815,-3.7185189469789566,0.0,0.0,0.0,3.4668411182500254,0,0,0,0,0,0,1.5071923409308743,-0.9452489729357697,3.6104422073151627,0.0,0.0,0.0
image_309.png,surface,0.0,0.0,2.7501432623383604,-18.106231225641146,9.207803135911881,0.0,0.6553861012265978,0.16260110343052395,0.0,0.0,0.0,4.92254415885623,0,0,0,0,0,0,0.33382428724878094,-0.5453820499283526,2.8463529744874108,0.0,0.0,0.0
image_310.png,surface,0.0,0.0,2.2411920735364164,21.288989118003165,3.6519148305849116,0.0,2.5552833764229526,-0.42261432198634896,0.0,0.0,0.0,3.634003061532278,0,0,0,0,0,0,1.14887095140102,0.21074539494652728,2.583818720283309,0.0,0.0,0.0
image_311.png,surface,0.0,0.0,1.3940496451047053,-20.988443693263953,1.0991157373008809,0.0,-2.863569888315342,-0.844120937968642,0.0,0.0,0.0,-3.9714103552481195,0,0,0,0,0,0,-0.4311582836758504,-0.0959623983528011,0.843681302996368,0.0,0.0,0.0
image_312.png,surface,0.0,0.0,1.199945589007145,-18.14664520238711,3.2726505265660726,0.0,-0.9651662621110271,0.8038682907771736,0.0,0.0,0.0,3.0344311049936916,0,0,0,0,0,0,-0.2641582509043328,0.23165192709479673,0.502650266976866,0.0,0.0,0.0
image_313.png,surface,0.0,0.0,2.0929641630297664,10.651019683376138,-22.23391585192211,0.0,-3.3543457009438886,-0.15262258134722484,0.0,0.0,0.0,4.73000315690205,0,0,0,0,0,0,-0.9275135737301082,0.20451590906939082,1.7749019366079966,0.0,0.0,0.0
image_314.png,surface,0.0,0.0,2.078572845686155,22.974557426116498,-7.512190283891986,0.0,2.466933540652079,-2.549506028817552,0.0,0.0,0.0,-0.3000490938833442,0,0,0,0,0,0,0.942919666134749,-0.488184043238279,2.3287605627286547,0.0,0.0,0.0
image_315.png,surface,0.0,0.0,0.5597764096290729,16.249342899149692,-17.117756025913426,0.0,-4.869233800485852,0.5144049410088561,0.0,0.0,0.0,-3.6556799716975075,0,0,0,0,0,0,-0.2979929092407924,0.06303107073866494,0.5288567993179338,0.0,0.0,0.0
image_316.png,surface,0.0,0.0,2.36777347406949,10.071215031051903,10.214542997156956,0.0,1.3701657794260345,-1.5101507301990156,0.0,0.0,0.0,-4.033237652347053,0,0,0,0,0,0,0.5760619956311095,-0.40561503952132166,1.5145448610876506,0.0,0.0,0.0
image_317.png,surface,0.0,0.0,1.054686217069376,-8.867746226768555,14.783319129757942,0.0,-1.1695938147954899,-4.678284596200521,0.0,0.0,0.0,0.633502363342636,0,0,0,0,0,0,-0.01202369189399054,-0.18331677985719527,0.403960431995115,0.0,0.0,0.0
image_318.png,surface,0.0,0.0,0.636225405351091,9.668164678231882,-5.460765889148044,0.0,-4.345268211404438,1.9393509055012033,0.0,0.0,0.0,0.7405751896558552,0,0,0,0,0,0,-0.12399827005894876,0.022020288714181678,0.24606473483791563,0.0,0.0,0.0
image_319.png,surface,0.0,0.0,0.8829980189060278,-2.093353792965986,-5.061557062890953,0.0,-3.2277757905661044,-2.063640790576619,0.0,0.0,0.0,1.3601664845888717,0,0,0,0,0,0,-0.13417362655578066,-0.07417964811524767,0.2574530541067847,0.0,0.0,0.0
image_320.png,surface,0.0,0.0,2.141952221184316,-4.839037581755588,-23.99192666474299,0.0,1.6523297479297896,0.8146765828429761,0.0,0.0,0.0,0.5876642884176153,0,0,0,0,0,0,1.5515173869928296,0.0013308447101155712,4.179688462471461,0.0,0.0,0.0
image_321.png,surface,0.0,0.0,1.8076367202468986,17.422754992640254,6.782706243179542,0.0,-2.4053630586570423,-1.3278553593351965,0.0,0.0,0.0,0.9571518250220965,0,0,0,0,0,0,-0.7303877285363972,-0.17323319286920363,1.5958864897164908,0.0,0.0,0.0
image_322.png,surface,0.0,0.0,2.617344354074718,-11.955489373639614,-19.312401344216102,0.0,2.3265762906538003,0.5975531526992869,0.0,0.0,0.0,-0.8892307404028053,0,0,0,0,0,0,2.3661287906069153,-0.5759631624161142,5.814349946294672,0.0,0.0,0.0
image_323.png,surface,0.0,0.0,0.7656318749774761,-4.190145664884505,-21.285015268543166,0.0,-4.246916594578588,-1.3293703868565991,0.0,0.0,0.0,-0.7763209271423559,0,0,0,0,0,0,-0.25347458314965726,-0.05863267616480778,0.4872023468392118,0.0,0.0,0.0
image_324.png,surface,0.0,0.0,2.5737916013961026,20.533910521441037,-12.943494353447308,0.0,-3.0065215582579623,3.674600024281734,0.0,0.0,0.0,4.176313392013638,0,0,0,0,0,0,-0.8824869363811306,2.52424430910558,5.775080341851078,0.0,0.0,0.0
image_325.png,surface,0.0,0.0,2.1272947499247064,-15.314776739288378,0.5366629793036052,0.0,-2.046576260557364,4.288508622176337,0.0,0.0,0.0,-4.78847421893661,0,0,0,0,0,0,-0.33378471810894905,0.5055825568244232,1.0705299238209014,0.0,0.0,0.0
image_326.png,surface,0.0,0.0,1.0373238597502863,15.216848836859821,17.852667364964827,0.0,3.2015276589830957,2.4816148123051955,0.0,0.0,0.0,1.9987346503136827,0,0,0,0,0,0,0.32704578921753835,0.21324662791234753,0.7247090946971396,0.0,0.0,0.0
image_327.png,surface,0.0,0.0,2.342264039180141,0.3402907070041275,-19.689473510255343,0.0,4.586065665357765,-0.3489185283072676,0.0,0.0,0.0,-4.0767552322700435,0,0,0,0,0,0,1.9835119492201325,-0.4198956639639094,4.425399266210533,0.0,0.0,0.0
image_328.png,surface,0.0,0.0,2.353333219802222,-4.5588501362399345,0.3568838668848319,0.0,3.9029216668374174,1.3848220824795865,0.0,0.0,0.0,4.102286615054062,0,0,0,0,0,0,0.6557177178931782,0.09998324832804394,1.3073444405075836,0.0,0.0,0.0
image_329.png,surface,0.0,0.0,0.7700039612059563,9.481060685137322,-12.99979352592528,0.0,1.052150983038389,3.330335349700067,0.0,0.0,0.0,-3.500905895948639,0,0,0,0,0,0,0.043631825169895985,0.23561614538024747,0.4606273688747396,0.0,0.0,0.0
image_330.png,surface,0.0,0.0,1.1661170275525237,-11.2652363319808,20.961493002763504,0.0,2.366062319588599,-2.702375979156933,0.0,0.0,0.0,-1.6041557820990726,0,0,0,0,0,0,0.25495842589336243,-0.25743822318015663,0.663748091552018,0.0,0.0,0.0
image_331.png,surface,0.0,0.0,2.0971622598170807,15.859827043038937,-1.1637624093058603,0.0,3.3048547081720625,-2.321644461388308,0.0,0.0,0.0,-3.8942297738818543,0,0,0,0,0,0,0.7154062434399543,-0.36567082098792364,1.6463188800473543,0.0,0.0,0.0
image_332.png,surface,0.0,0.0,1.4514366575395783,13.468635384671364,-20.489477936470646,0.0,-1.889015934499316,0.15862133421141608,0.0,0.0,0.0,-0.7247107682571388,0,0,0,0,0,0,-0.5923842658118639,0.26857578883927996,1.4070212631593033,0.0,0.0,0.0
image_333.png,surface,0.0,0.0,2.4131123650620028,-16.580598144584297,-12.669466484300488,0.0,2.8304982376398575,1.1983103761105274,0.0,0.0,0.0,1.1894080818754365,0,0,0,0,0,0,1.3216800382778933,-0.04801423432877929,3.1384432666998907,0.0,0.0,0.0
image_334.png,surface,0.0,0.0,1.8401061020190639,9.39114714530457,-14.193591651137407,0.0,-1.7567327732772768,0.1388448537629496,0.0,0.0,0.0,-3.5331706686460276,0,0,0,0,0,0,-0.4724486810906795,0.20409117139594962,1.211593238497957,0.0,0.0,0.0
image_335.png,surface,0.0,0.0,2.6424926870769196,-3.966167732313875,7.099809798260921,0.0,1.7286469590012525,-4.194093776635239,0.0,0.0,0.0,-4.09698100050327,0,0,0,0,0,0,0.5171465902010534,-1.0392575779907423,2.158766451101115,0.0,0.0,0.0
image_336.png,surface,0.0,0.0,0.7775650385197831,17.654339217632796,-12.127100411933347,0.0,-2.5826468531310427,1.8879154504616806,0.0,0.0,0.0,-0.6047540599661616,0,0,0,0,0,0,-0.2686326074853509,0.1895557043492974,0.7045807986403586,0.0,0.0,0.0
image_337.png,surface,0.0,0.0,2.3343669311560005,-9.666207416528596,7.967799430775617,0.0,-1.4972809726184833,2.938799313475568,0.0,0.0,0.0,4.738382044519314,0,0,0,0,0,0,-0.37605064700963964,0.6538883675701147,1.3230044960041665,0.0,0.0,0.0
image_338.png,surface,0.0,0.0,1.661599925172419,7.2303407060925355,-6.558773110420946,0.0,0.9031376079075082,-2.391354240822107,0.0,0.0,0.0,0.22813124150485287,0,0,0,0,0,0,0.2380654469650292,-0.29766874636750346,0.8829129463757318,0.0,0.0,0.0
image_339.png,surface,0.0,0.0,1.7984773895615906,23.334038753497087,9.217644630233522,0.0,-1.258730841847417,-0.6643732898544256,0.0,0.0,0.0,2.2050738026910155,0,0,0,0,0,0,-0.6889999301619806,0.19881183942532565,2.400431051994069,0.0,0.0,0.0
image_340.png,surface,0.0,0.0,1.2101139053054364,12.535215985564477,-13.15197821603377,0.0,-3.0525134078781146,-3.1120442453981694,0.0,0.0,0.0,-2.9295887442607036,0,0,0,0,0,0,-0.20984047514477108,-0.2865783737832071,0.6063509624369191,0.0,0.0,0.0
image_341.png,surface,0.0,0.0,1.1726578842065298,-16.338848685001878,-9.860286219415263,0.0,1.778086500017343,2.2666789536123266,0.0,0.0,0.0,-4.345957986885786,0,0,0,0,0,0,0.20649383904896895,0.26224877060750107,0.5913317790246814,0.0,0.0,0.0
image_342.png,surface,0.0,0.0,0.9745095384709572,3.5644617338721716,-17.80261311060942,0.0,-1.7608273782718884,0.06191290126564148,0.0,0.0,0.0,-3.5638555287024776,0,0,0,0,0,0,-0.3379394777913227,0.02971275991094893,0.5003993991684305,0.0,0.0,0.0
image_343.png,surface,0.0,0.0,1.4333642063969356,-20.05095387779632,-5.186277227504528,0.0,4.758961628021664,0.06779360229083235,0.0,0.0,0.0,3.6809840051872893,0,0,0,0,0,0,0.4718277499733143,-0.07508418204942789,0.9594290538398618,0.0,0.0,0.0
image_344.png,surface,0.0,0.0,1.0974696124812424,-24.529416169912277,-3.551297533273581,0.0,3.9462940313422368,0.2525282092872206,0.0,0.0,0.0,-4.344426625501586,0,0,0,0,0,0,0.36366094057220166,-0.049382833498756294,0.751813294557047,0.0,0.0,0.0
image_345.png,surface,0.0,0.0,0.9743201907466064,-21.349526481771,-3.4943632215397877,0.0,-3.0724630135803817,-0.7271647745400467,0.0,0.0,0.0,1.5600854162378646,0,0,0,0,0,0,-0.2717372630721797,-0.05850525486277542,0.5465823833093615,0.0,0.0,0.0
image_346.png,surface,0.0,0.0,2.9044897815149784,-5.128701128594183,16.875967319714515,0.0,-2.757410544823985,-0.35124841993160594,0.0,0.0,0.0,1.162960962686519,0,0,0,0,0,0,-1.8978417177035805,-0.6133872707537615,5.359929211421468,0.0,0.0,0.0
image_347.png,surface,0.0,0.0,1.6185357062066472,11.407928207593432,-14.61838088145778,0.0,-2.6005033740138535,-0.2533796260855123,0.0,0.0,0.0,-4.004455392848776,0,0,0,0,0,0,-0.5298041492773546,0.07964775238517878,1.0323946852966375,0.0,0.0,0.0
image_348.png,surface,0.0,0.0,2.1953058315328047,-7.6194354424310085,5.503174402800474,0.0,3.063887596443312,1.520291845595503,0.0,0.0,0.0,-2.947731404086097,0,0,0,0,0,0,0.5682090432644249,0.15970765762384476,1.0668276035566289,0.0,0.0,0.0
image_349.png,surface,0.0,0.0,1.4353703962691977,-21.395520835313253,-11.106968351709279,0.0,-0.15810036716826867,0.1916420539173864,0.0,0.0,0.0,-2.0791658264800983,0,0,0,0,0,0,0.020876525986433272,-0.19878037737544116,1.2398630663300902,0.0,0.0,0.0
image_350.png,surface,0.0,0.0,1.9244843595159684,-5.643421056625125,-20.72724436675278,0.0,3.393831666442842,2.1245127665590213,0.0,0.0,0.0,3.9642616685079233,0,0,0,0,0,0,1.0184541102943023,0.3439211059027492,2.4534693577341042,0.0,0.0,0.0
image_351.png,surface,0.0,0.0,1.7480052725840816,13.199957445595645,-16.36297659102837,0.0,-2.7648612305882145,1.5773642272857027,0.0,0.0,0.0,-0.655871427321447,0,0,0,0,0,0,-0.6187647069599478,0.5641271392495546,1.6367124977934966,0.0,0.0,0.0
image_352.png,surface,0.0,0.0,2.0317203708769767,3.097313515684793,-1.864693939342828,0.0,-0.9744086164407537,-4.218320450706825,0.0,0.0,0.0,-3.9922578703582823,0,0,0,0,0,0,0.008077431140732267,-0.5267407853717692,0.9531453812079792,0.0,0.0,0.0
image_353.png,surface,0.0,0.0,2.3068218861223126,-21.61675442608685,-11.759298244993033,0.0,-3.4754071359996477,-1.5404565533928933,0.0,0.0,0.0,-0.8549461604665147,0,0,0,0,0,0,-0.8441809652436401,-0.9427556054824215,3.058611148625123,0.0,0.0,0.0
image_354.png,surface,0.0,0.0,2.1597730143782847,22.14310636266487,8.129836041305225,0.0,3.8079408762320037,-2.4903437494716054,0.0,0.0,0.0,-1.8848289621909609,0,0,0,0,0,0,0.8042420061430764,-0.36401906336898604,1.8364770157921266,0.0,0.0,0.0
image_355.png,surface,0.0,0.0,2.4052584716242547,-21.913764934217642,-9.603864785016402,0.0,0.6231412231998066,-4.860411202462443,0.0,0.0,0.0,-2.9077975471826556,0,0,0,0,0,0,0.7737798560323091,-2.0975150879067503,4.892231036083028,0.0,0.0,0.0
image_356.png,surface,0.0,0.0,0.8657610197806321,-17.600240979704257,-15.279044048601731,0.0,2.8005398179728376,-2.0300025297012154,0.0,0.0,0.0,4.2609609234455235,0,0,0,0,0,0,0.3056632348082516,-0.2052143665768272,0.728795491611263,0.0,0.0,0.0
image_357.png,surface,0.0,0.0,0.7350778512588572,15.530967583893043,-18.84455335403155,0.0,-1.1231040153911924,-4.8324142048531735,0.0,0.0,0.0,1.5747111569860595,0,0,0,0,0,0,-0.009439522684953627,-0.3728064139017352,0.6429811564146692,0.0,0.0,0.0
image_358.png,surface,0.0,0.0,1.3472485826981417,11.275099960771497,7.501744824814462,0.0,-2.425034371720763,-4.05601380378396,0.0,0.0,0.0,-0.38089806487051714,0,0,0,0,0,0,-0.1011090445560542,-0.2571267488862998,0.6279083809117548,0.0,0.0,0.0
image_359.png,surface,0.0,0.0,1.704569652187726,4.764503633867613,-12.357941965874803,0.0,4.6330034103575555,-1.226922955022172,0.0,0.0,0.0,4.897986392076767,0,0,0,0,0,0,0.5913706870761638,-0.20508851837728911,1.1929677539839112,0.0,0.0,0.0
image_360.png,surface,0.0,0.0,1.0610064660733092,-5.84765209799118,-4.9954099621632695,0.0,1.0865205786808485,3.6757303977305513,0.0,0.0,0.0,-4.751728721120231,0,0,0,0,0,0,0.027862001056798036,0.18575508872324617,0.29094811077992844,0.0,0.0,0.0
image_361.png,surface,0.0,0.0,2.4330613249248696,6.449501887993616,-12.251710026861906,0.0,-1.2932348600007095,-2.7877945558145,0.0,0.0,0.0,0.5727964466251922,0,0,0,0,0,0,-0.1951253207971986,-0.8514841987674038,1.9414505234057577,0.0,0.0,0.0
image_362.png,surface,0.0,0.0,2.298889860557729,14.853728713422658,-15.517962373237964,0.0,4.486661154984355,1.010533093475599,0.0,0.0,0.0,-3.3582601986073723,0,0,0,0,0,0,2.096247472381862,0.4478654263112553,5.117036458450502,0.0,0.0,0.0
image_363.png,surface,0.0,0.0,2.783947295742003,-21.379883623333967,8.306273006171855,0.0,-1.3094879692694903,2.716298199296657,0.0,0.0,0.0,0.22276669456124054,0,0,0,0,0,0,-0.5971630003915908,0.8272426893313741,2.4481637407570767,0.0,0.0,0.0
image_364.png,surface,0.0,0.0,2.322400494113317,12.294580142479537,6.156057094593232,0.0,4.371229807921762,-0.95638846160011,0.0,0.0,0.0,-2.1596999594599264,0,0,0,0,0,0,0.7804381247540632,-0.18729043675761128,1.7366617469061578,0.0,0.0,0.0
image_365.png,surface,0.0,0.0,0.7678632946547423,18.88740215514141,3.4179792680054364,0.0,-0.8532797218934233,-2.8348791327694407,0.0,0.0,0.0,0.7865362031887244,0,0,0,0,0,0,-0.04124854544000681,-0.27652310264011165,0.4546630157831419,0.0,0.0,0.0
image_366.png,surface,0.0,0.0,2.162487059585156,22.787694100630958,-4.438136904278008,0.0,1.0683828768873167,4.018789486252239,0.0,0.0,0.0,4.106543646069529,0,0,0,0,0,0,0.6394791516620689,2.476286706466593,5.8208211912439225,0.0,0.0,0.0
image_367.png,surface,0.0,0.0,1.5301483442790385,6.666492434856464,-23.021124148780828,0.0,-2.9493134649000914,3.0286727594266414,0.0,0.0,0.0,4.510705853721094,0,0,0,0,0,0,-0.5061996354774941,0.5234467087488588,1.2969386429011258,0.0,0.0,0.0
image_368.png,surface,0.0,0.0,1.1490369428416096,-13.582735190000376,10.892161900604567,0.0,-0.25718783532036593,-0.7515861314873342,0.0,0.0,0.0,1.1962135792082762,0,0,0,0,0,0,-0.06750723538860673,-0.28619768297960413,0.4975322223172098,0.0,0.0,0.0
image_369.png,surface,0.0,0.0,2.004878556004993,10.500603487242406,-3.999849673804249,0.0,1.7605249309477222,-2.860372291558416,0.0,0.0,0.0,1.1124228833322132,0,0,0,0,0,0,0.46251378321282743,-0.4919437581994802,1.3130698621949128,0.0,0.0,0.0
image_370.png,surface,0.0,0.0,1.2554754183483174,11.725557930053043,21.886898385559373,0.0,1.3392993423500934,1.6767524989379974,0.0,0.0,0.0,4.739065481572155,0,0,0,0,0,0,0.20005167870629903,0.44765463057702887,0.9294978711967408,0.0,0.0,0.0
image_371.png,surface,0.0,0.0,1.8271408142021888,19.21319971895428,-14.091172370992231,0.0,-4.695315062349797,-0.15685189262655536,0.0,0.0,0.0,1.8827430564600114,0,0,0,0,0,0,-0.8469203672320174,0.1678657671589031,1.7602422668040505,0.0,0.0,0.0
image_372.png,surface,0.0,0.0,1.9399434633910233,-3.5091405049755333,17.294499798100876,0.0,4.866312511322665,-0.19890411259295693,0.0,0.0,0.0,1.8941227083749714,0,0,0,0,0,0,0.49967833685516083,-0.08543834266642626,0.9905258644552078,0.0,0.0,0.0
image_373.png,surface,0.0,0.0,1.8226672882938717,-14.826313023784577,4.94440354695416,0.0,3.457348061357946,0.3428636805199475,0.0,0.0,0.0,-0.9299629292514764,0,0,0,0,0,0,0.4633401694793216,-0.09379151691076867,0.9493939348605878,0.0,0.0,0.0
image_374.png,surface,0.0,0.0,0.5267163006338198,3.103615241171575,-13.502148602160087,0.0,1.9836999206356687,1.3489402540039384,0.0,0.0,0.0,-0.7562953052319976,0,0,0,0,0,0,0.12766754683338222,0.06276049710965796,0.2971112012077868,0.0,0.0,0.0
image_375.png,surface,0.0,0.0,1.3718472854174975,-14.242013451506047,-9.143461016804777,0.0,-1.3877812529687266,0.31707543749224226,0.0,0.0,0.0,-2.4533397808139403,0,0,0,0,0,0,-0.4111271675808309,0.08927199344485616,0.6181948144765422,0.0,0.0,0.0
image_376.png,surface,0.0,0.0,2.4761556607066764,-4.475786578261284,-18.501690579035557,0.0,3.356737813787721,-2.5836383662548617,0.0,0.0,0.0,3.8789427104868714,0,0,0,0,0,0,1.8757560501172768,-1.096219619306681,4.716154222163643,0.0,0.0,0.0
image_377.png,surface,0.0,0.0,1.36723911036535,1.7452046741151095,-1.9633473458892614,0.0,2.910327464474331,2.904554504007749,0.0,0.0,0.0,-2.4408211612627397,0,0,0,0,0,0,0.22067024433882657,0.17596409879918087,0.47764955667603115,0.0,0.0,0.0
image_378.png,surface,0.0,0.0,1.7734487494325766,-6.037028531878296,-8.25966043533125,0.0,4.064614922309337,-1.9599993361490957,0.0,0.0,0.0,-1.7131765994146022,0,0,0,0,0,0,0.42991946522110597,-0.22791423556851484,1.0044598080312357,0.0,0.0,0.0
image_379.png,surface,0.0,0.0,1.3665801992281597,7.6520540063972415,-1.3882817372872536,0.0,-1.493088594955488,-0.5889882910524825,0.0,0.0,0.0,-0.20127345053133894,0,0,0,0,0,0,-0.26785644358864347,-0.055392085026701295,0.5365360993111966,0.0,0.0,0.0
image_380.png,surface,0.0,0.0,0.9980947687211296,-16.650709645531727,-7.253270326634736,0.0,-0.29220371192440353,3.419395348661239,0.0,0.0,0.0,0.6337128485270025,0,0,0,0,0,0,-0.07150828418163262,0.17766619569793377,0.4360933563635513,0.0,0.0,0.0
image_381.png,surface,0.0,0.0,0.999383676663217,5.279003724200137,23.16612690049035,0.0,0.6640738921882651,-1.1859940209959572,0.0,0.0,0.0,4.24216365176868,0,0,0,0,0,0,0.12757623343376956,-0.29207479389803426,0.5535158600407023,0.0,0.0,0.0
image_382.png,surface,0.0,0.0,2.372148961601005,-9.930025954182852,6.712938329989625,0.0,-2.7179880237342027,3.8785009200312968,0.0,0.0,0.0,-2.2111595058341282,0,0,0,0,0,0,-0.44810909442393804,0.5807705636384703,1.3981227431031371,0.0,0.0,0.0
image_383.png,surface,0.0,0.0,2.06988164909209,-12.358947842099836,-19.950907732142838,0.0,-2.164604826572664,-2.4727366588930737,0.0,0.0,0.0,0.21085678600721813,0,0,0,0,0,0,-0.13198210496507812,-1.0377190837513885,2.5582954870983743,0.0,0.0,0.0
image_384.png,surface,0.0,0.0,2.830142602722395,14.134426697784592,-12.826697790536572,0.0,-4.324808979552378,2.135793533499536,0.0,0.0,0.0,2.693401581331324,0,0,0,0,0,0,-1.520767599673284,1.2675587967728361,3.4029068361683668,0.0,0.0,0.0
image_385.png,surface,0.0,0.0,1.5525116498425933,-10.628822704809435,3.4777651632177173,0.0,1.089930609142454,-2.0891020491623804,0.0,0.0,0.0,-1.1222023822087248,0,0,0,0,0,0,0.17995359945156333,-0.31687318161701955,0.6560040344491878,0.0,0.0,0.0
image_386.png,surface,0.0,0.0,2.0914181484313095,0.1206446028911952,16.61022132685293,0.0,2.4218769415154195,3.824404557801032,0.0,0.0,0.0,-0.11812795817338628,0,0,0,0,0,0,0.23322888056554777,0.48809909570359067,1.2178903091525084,0.0,0.0,0.0
image_387.png,surface,0.0,0.0,1.6713489395999586,-13.693753632322172,19.19434106814661,0.0,4.322614092404946,-1.6052617362641892,0.0,0.0,0.0,0.4770662108728043,0,0,0,0,0,0,0.4357133004265262,-0.23217105091789156,1.038088844931072,0.0,0.0,0.0
image_388.png,surface,0.0,0.0,1.6848446821726548,-20.150163844867905,11.61553184043714,0.0,-0.26429149347186726,2.4679100914819703,0.0,0.0,0.0,-3.2637855519202317,0,0,0,0,0,0,-0.13089243172970072,0.4432625284131489,0.8964717453170211,0.0,0.0,0.0
image_389.png,surface,0.0,0.0,2.6352184390021938,-22.372267701802702,-3.0874859712904787,0.0,3.2807278067403605,2.0198864152394584,0.0,0.0,0.0,1.1133688411253306,0,0,0,0,0,0,1.1065411031206007,0.1255398714492467,2.73936976347339,0.0,0.0,0.0
image_390.png,surface,0.0,0.0,1.6357568593712755,-12.199213860373638,-13.636409585522436,0.0,-4.293619828552842,-1.4886771232337341,0.0,0.0,0.0,0.4745346964906707,0,0,0,0,0,0,-0.44176281315086163,-0.11708129933779111,1.0147293924072225,0.0,0.0,0.0
image_391.png,surface,0.0,0.0,2.8204170015782095,-3.3085353847964987,-5.178968377687878,0.0,0.8834323840567039,-3.2212542900881687,0.0,0.0,0.0,1.6006133915486114,0,0,0,0,0,0,0.8171750273082095,-1.3894773862803738,3.237541741373053,0.0,0.0,0.0
image_392.png,surface,0.0,0.0,2.051268142869098,11.706015677532035,-21.48269192826956,0.0,-3.4277015450974324,3.216653383774565,0.0,0.0,0.0,3.158410530404863,0,0,0,0,0,0,-0.8313970892978744,0.9252485478241753,2.283247479721187,0.0,0.0,0.0
image_393.png,surface,0.0,0.0,0.713560732427859,-15.600628387299993,0.6625452198799431,0.0,-1.6153577521800582,-0.6733850586666381,0.0,0.0,0.0,0.10994314884018408,0,0,0,0,0,0,-0.08664500205741649,-0.028750021184482357,0.2681714722421908,0.0,0.0,0.0
image_394.png,surface,0.0,0.0,0.669957290127261,-4.724230264495185,-6.015069972019157,0.0,-2.9409229733520843,-3.5642744787596907,0.0,0.0,0.0,-4.757726238114261,0,0,0,0,0,0,-0.053823922456656965,-0.10340631935548063,0.1789406412649358,0.0,0.0,0.0
image_395.png,surface,0.0,0.0,2.9557855308617023,-1.6236495848706665,-23.840232045962853,0.0,2.456328555828212,1.463753180890405,0.0,0.0,0.0,-3.3931239581378847,0,0,0,0,0,0,3.277450215750716,0.13528366829848523,8.794137178050882,0.0,0.0,0.0
image_396.png,surface,0.0,0.0,1.4983984651119537,-24.024390170603404,-4.856285010370498,0.0,-0.084020612447902,-3.47083156421523,0.0,0.0,0.0,-1.9475871352274234,0,0,0,0,0,0,0.11867317697153991,-0.6334411813501596,1.4480683386103521,0.0,0.0,0.0
image_397.png,surface,0.0,0.0,1.9686470796264293,17.65317272972135,0.8649140915843843,0.0,0.35513000601778166,-1.728428039210467,0.0,0.0,0.0,2.1468763779215454,0,0,0,0,0,0,0.20326134470268234,-0.3714252299118039,1.4558391917585212,0.0,0.0,0.0
image_398.png,surface,0.0,0.0,1.5789651741754809,-11.774071509174888,15.500181315214007,0.0,-2.7235015663300963,-3.9663342979737717,0.0,0.0,0.0,4.2904478465841915,0,0,0,0,0,0,-0.15445433260974156,-0.4556208216077914,0.9906129516025588,0.0,0.0,0.0
image_399.png,surface,0.0,0.0,0.8972410962365175,1.1896984149683565,-3.439866479627095,0.0,-1.4107191755602537,-3.3273770758659214,0.0,0.0,0.0,1.0519445516487993,0,0,0,0,0,0,-0.02040017441845412,-0.11784110784250237,0.28244036638495,0.0,0.0,0.0
image_400.png,surface,0.0,0.0,0.8138792576273344,0.008161969516473255,19.84401869919786,0.0,-3.590502934046463,0.6775809158019721,0.0,0.0,0.0,2.4505616355298727,0,0,0,0,0,0,-0.18540044373845557,0.03625686628693094,0.4109117727566814,0.0,0.0,0.0
image_401.png,surface,0.0,0.0,1.0317403815623956,22.656296492252732,-4.855666230560013,0.0,-0.16529016529609095,2.8806344340432695,0.0,0.0,0.0,4.335960190070827,0,0,0,0,0,0,-0.15530354722613904,0.6362381575848947,1.355554992079128,0.0,0.0,0.0
image_402.png,surface,0.0,0.0,2.013344528073889,8.654430018421257,-10.842687261063238,0.0,1.8911579618396235,-2.0623714818248446,0.0,0.0,0.0,-0.4510254717024331,0,0,0,0,0,0,0.673402079618153,-0.38204681795282097,1.647698876382288,0.0,0.0,0.0
image_403.png,surface,0.0,0.0,1.866333968439397,-1.7279754358896766,-18.95458324380686,0.0,0.6953478791494864,4.895260191398896,0.0,0.0,0.0,-4.383304362711138,0,0,0,0,0,0,0.03529795556525171,0.7770622928680452,1.5027992612142687,0.0,0.0,0.0
image_404.png,surface,0.0,0.0,1.321471080716262,-21.68797193735908,-7.1720045832877375,0.0,1.5917384301104256,0.8393602805224059,0.0,0.0,0.0,3.507738535180515,0,0,0,0,0,0,0.4488685175307166,0.11305258385007727,0.8957348540702118,0.0,0.0,0.0
image_405.png,surface,0.0,0.0,0.6104355992704202,22.512038251331134,4.9520924711434615,0.0,3.2225785451128264,2.246544086183241,0.0,0.0,0.0,2.8664959769020735,0,0,0,0,0,0,0.2575060697425542,0.1220224142721564,0.6025191279535115,0.0,0.0,0.0
image_406.png,surface,0.0,0.0,1.310070125280571,5.732383568437991,-7.753498084137923,0.0,-4.1760994560890214,-2.6307117218062164,0.0,0.0,0.0,3.697829517314508,0,0,0,0,0,0,-0.25648792533687365,-0.1270940967135424,0.48002770569982495,0.0,0.0,0.0
image_407.png,surface,0.0,0.0,1.4957583091310074,-2.9754299941685347,-10.922968861925082,0.0,4.572489996664791,0.8632732713832576,0.0,0.0,0.0,1.438090553413823,0,0,0,0,0,0,0.36611422724179377,-0.014271185827622228,0.7757488620556767,0.0,0.0,0.0
image_408.png,surface,0.0,0.0,2.391059457335169,-17.345473349999796,2.124519912753814,0.0,3.003407455301019,3.1869790993115488,0.0,0.0,0.0,1.1944452068767024,0,0,0,0,0,0,0.6182822678319941,0.4804538175816503,1.546559436255841,0.0,0.0,0.0
image_409.png,surface,0.0,0.0,2.3437099737335583,17.871040079464297,-0.6494436530641315,0.0,3.1962354988075634,2.5186717021553084,0.0,0.0,0.0,-4.400374733963264,0,0,0,0,0,0,1.249909228072375,1.0592296872574416,3.631343122679208,0.0,0.0,0.0
image_410.png,surface,0.0,0.0,1.0535202413400815,-3.2211115941169046,10.127477222810747,0.0,-2.0288266118005387,0.842225099990827,0.0,0.0,0.0,-1.0417553986695403,0,0,0,0,0,0,-0.14263837869986967,0.04778770756961071,0.3208257013323727,0.0,0.0,0.0
image_411.png,surface,0.0,0.0,1.0691848799856216,-6.021039647963966,-10.49794198787416,0.0,1.1658795474956642,2.0385399720544255,0.0,0.0,0.0,-2.5207531368029903,0,0,0,0,0,0,0.11040931430659869,0.19729536862089145,0.4048915945706287,0.0,0.0,0.0
image_412.png,surface,0.0,0.0,2.069707068469424,-8.063870884930441,10.345553917388878,0.0,3.4292181410598697,-2.5328123944419314,0.0,0.0,0.0,1.6534872633310327,0,0,0,0,0,0,0.4339555174839836,-0.34240463509831487,1.0870854138325465,0.0,0.0,0.0
image_413.png,surface,0.0,0.0,2.1294408684882242,4.490299235375704,21.89179554161531,0.0,1.5843455229613301,1.3394702431582923,0.0,0.0,0.0,0.9751998105144999,0,0,0,0,0,0,0.46132062145788943,0.615803556184893,1.5746796528348337,0.0,0.0,0.0
image_414.png,surface,0.0,0.0,1.9027569401762976,6.532883303890471,17.70869510087875,0.0,4.502744947782812,0.3843726151242861,0.0,0.0,0.0,-1.5579980685064454,0,0,0,0,0,0,0.47904150854271055,-0.03429048816914792,1.0908323941723834,0.0,0.0,0.0
image_415.png,surface,0.0,0.0,0.7799284508194844,-10.86273832829894,11.06971653849883,0.0,0.06711253116221014,-4.42202876944254,0.0,0.0,0.0,4.367466625087312,0,0,0,0,0,0,0.043721616679515095,-0.11042707578721325,0.2417773675837535,0.0,0.0,0.0
image_416.png,surface,0.0,0.0,1.2143003709789761,-6.968471847004412,9.771897441728923,0.0,-0.9887787252931576,-0.6314131772416186,0.0,0.0,0.0,3.6479855003120285,0,0,0,0,0,0,-0.2260805632658738,-0.17345342721839543,0.465093376431159,0.0,0.0,0.0
image_417.png,surface,0.0,0.0,0.5792580286526827,23.554372251706976,-1.3037454010860923,0.0,0.829010843379228,-2.0772834798812614,0.0,0.0,0.0,-0.023579844778538472,0,0,0,0,0,0,0.15815709096403305,-0.2051199804271737,0.5780007464687703,0.0,0.0,0.0
image_418.png,surface,0.0,0.0,2.4039853686816333,-9.559907779745696,-17.66623422216506,0.0,-0.5799127922411867,-0.8450159155146125,0.0,0.0,0.0,4.377753321872239,0,0,0,0,0,0,0.47236041147105445,-0.570441572661379,3.0387485800179475,0.0,0.0,0.0
image_419.png,surface,0.0,0.0,2.516258568411213,5.545091090310342,-21.59946888213598,0.0,-4.0365540728673865,-0.5219093918150735,0.0,0.0,0.0,-3.3778417797805194,0,0,0,0,0,0,-1.029410196357822,-0.004889202552055769,2.08838217201195,0.0,0.0,0.0
image_420.png,surface,0.0,0.0,2.8012014985280618,1.4809948806055904,-4.44788716309653,0.0,-3.210728556331979,-1.1120320532620989,0.0,0.0,0.0,-0.6138854047672293,0,0,0,0,0,0,-1.1352424265088386,-0.31920609261595767,2.25412017843822,0.0,0.0,0.0
image_421.png,surface,0.0,0.0,0.7197889169601135,-21.14664772784966,-12.144994509113703,0.0,-1.1503587588594621,-1.199290851537576,0.0,0.0,0.0,2.771906415704671,0,0,0,0,0,0,-0.10735792486954383,-0.2911057627615907,0.6171899627763476,0.0,0.0,0.0
image_422.png,surface,0.0,0.0,2.7655323905613436,0.40856646319536527,1.0914745419435985,0.0,4.569631283217714,0.8639718124302566,0.0,0.0,0.0,-3.2915787772091756,0,0,0,0,0,0,1.0907043158477867,0.005502712524804083,2.2119566010980667,0.0,0.0,0.0
image_423.png,surface,0.0,0.0,2.7960630575679644,0.5680834505127713,23.860951995822134,0.0,3.0545439423122316,1.57557778931646,0.0,0.0,0.0,1.6303529663139464,0,0,0,0,0,0,0.9361381243235193,0.48503154583984914,2.3359553009020444,0.0,0.0,0.0
image_424.png,surface,0.0,0.0,2.9942649810804602,-18.24291262744304,-11.721941477210715,0.0,-1.0891862145710296,3.6288954922369387,0.0,0.0,0.0,4.14101775814515,0,0,0,0,0,0,-0.2111051657294058,1.147306122806685,2.6358164462626967,0.0,0.0,0.0
image_425.png,surface,0.0,0.0,2.4447214201107577,-11.266967590580828,-0.139440700763477,0.0,-1.5889864447209827,2.1346501889730702,0.0,0.0,0.0,0.6565444156775326,0,0,0,0,0,0,-0.4623083280636991,0.5587471287193001,1.4663566395538872,0.0,0.0,0.0
image_426.png,surface,0.0,0.0,1.1565945891026317,-9.397705199173071,15.440345263591043,0.0,0.8411915540888909,-2.2357393411516475,0.0,0.0,0.0,-4.233781385092809,0,0,0,0,0,0,0.11035452626683104,-0.21583280841285563,0.43962596834067874,0.0,0.0,0.0
image_427.png,surface,0.0,0.0,1.161397174297346,5.043863068897674,9.53089631678009,0.0,2.576804213386014,-0.9016375652189333,0.0,0.0,0.0,-0.558196168344665,0,0,0,0,0,0,0.19468853836905167,-0.06439023129367659,0.41400894899705826,0.0,0.0,0.0
image_428.png,surface,0.0,0.0,2.220542194272486,14.196128384151423,7.425926157062638,0.0,1.6386960732856712,0.45987764101842904,0.0,0.0,0.0,-0.01614233373130247,0,0,0,0,0,0,0.7374584294463998,0.44690897999476586,2.179354745936206,0.0,0.0,0.0
image_429.png,surface,0.0,0.0,2.199331654155427,10.971854028239445,3.1884894000178368,0.0,0.46944088237430576,-3.6528441569441266,0.0,0.0,0.0,0.8860104229161738,0,0,0,0,0,0,0.21072012756103925,-0.5798801876267382,1.3089298731901122,0.0,0.0,0.0
image_430.png,surface,0.0,0.0,2.1508230014886776,-7.944567194204282,-23.171576644670125,0.0,0.7067289805827889,-2.2048589496291844,0.0,0.0,0.0,-4.91623209717628,0,0,0,0,0,0,1.4065695402277576,-1.2889561368993052,4.115279701492782,0.0,0.0,0.0
image_431.png,surface,0.0,0.0,1.3828021706012383,-23.23102395757986,0.29991249000938447,0.0,0.43115687664182895,1.7927555298859057,0.0,0.0,0.0,-3.9026108478016406,0,0,0,0,0,0,0.04192426459714022,0.34480990881198714,0.6705810831133394,0.0,0.0,0.0
image_432.png,surface,0.0,0.0,1.7994931957011435,-9.502896143011313,3.6469884768209093,0.0,4.344599825031058,-0.33805150274273227,0.0,0.0,0.0,-4.117527243173286,0,0,0,0,0,0,0.4100085784355762,-0.10374925569922193,0.7547876555896228,0.0,0.0,0.0
image_433.png,surface,0.0,0.0,1.253743697834498,8.065720991326398,10.432878494078043,0.0,1.0272528890016464,1.184513692709377,0.0,0.0,0.0,-4.986818275161963,0,0,0,0,0,0,0.21943751344405632,0.20016785377534901,0.49144505401781036,0.0,0.0,0.0
image_434.png,surface,0.0,0.0,1.9919767885407968,-21.854113729678403,0.91275729575277,0.0,0.9960890317013966,-1.649424894839909,0.0,0.0,0.0,-0.4651284990433364,0,0,0,0,0,0,0.44338819166396637,-0.8911185161094392,2.124043242349957,0.0,0.0,0.0
image_435.png,surface,0.0,0.0,2.431005443131776,-5.461997673232517,-21.444382623036002,0.0,0.02893042574785276,3.589365150608718,0.0,0.0,0.0,2.7677546954043573,0,0,0,0,0,0,0.21904943149570283,1.14239489681971,2.7183951589846655,0.0,0.0,0.0
image_436.png,surface,0.0,0.0,2.2467406993366112,18.38945772852594,-7.632969144421344,0.0,-3.348129131918045,-1.1157859060116413,0.0,0.0,0.0,-4.208060049273515,0,0,0,0,0,0,-1.0963429182738655,-0.17645647987987376,1.950728654104219,0.0,0.0,0.0
image_437.png,surface,0.0,0.0,1.5812633207120133,15.873360699529497,-13.529399508896933,0.0,-1.5043652021684268,1.2265709353165024,0.0,0.0,0.0,2.688030397885857,0,0,0,0,0,0,-0.5002490456027394,0.75769110875414,1.6313086286502305,0.0,0.0,0.0
image_438.png,surface,0.0,0.0,1.8118210026407529,-13.669226948689005,-7.981394519066703,0.0,-0.8618528228561019,-0.08368053151019895,0.0,0.0,0.0,-2.983202693961461,0,0,0,0,0,0,-0.24191430675870074,-0.1508951374511884,1.0260216925136283,0.0,0.0,0.0
image_439.png,surface,0.0,0.0,2.4310462416483967,-20.590921008811293,-8.161342250637334,0.0,3.5056340018392382,-0.5077433553899069,0.0,0.0,0.0,-2.368775544710985,0,0,0,0,0,0,1.3796655689218944,-0.783961920407722,3.491407474910147,0.0,0.0,0.0
image_440.png,surface,0.0,0.0,1.0821322728834035,-6.188721509393117,-23.915559690099055,0.0,-3.314874662967916,-0.2106311605678079,0.0,0.0,0.0,1.9114734077738094,0,0,0,0,0,0,-0.40478088630775433,0.02013885813108687,0.7723569293165755,0.0,0.0,0.0
image_441.png,surface,0.0,0.0,1.0532464975038693,19.051016458149288,-0.4165532136533461,0.0,-4.877255086575035,-0.9412441972896294,0.0,0.0,0.0,3.6905310350449785,0,0,0,0,0,0,-0.37250159954469625,-0.0228131323712718,0.6949565523562747,0.0,0.0,0.0
image_442.png,surface,0.0,0.0,1.7124670328400935,-9.210088466345233,10.154161145100327,0.0,-3.576714413832332,-2.470629650061119,0.0,0.0,0.0,-4.572783791911894,0,0,0,0,0,0,-0.36766198936522787,-0.24065321956676045,0.8717300634544586,0.0,0.0,0.0
image_443.png,surface,0.0,0.0,1.7353411957016687,12.964636586971471,16.75740097053049,0.0,0.5699870675795233,-1.4308643721436844,0.0,0.0,0.0,-2.9444318730091013,0,0,0,0,0,0,0.22361357958633976,-0.3490557124439043,1.0763401996518025,0.0,0.0,0.0
image_444.png,surface,0.0,0.0,0.558681869830042,1.461416400122775,13.596418583964812,0.0,4.588226620877339,-1.469961785453509,0.0,0.0,0.0,-3.730263924538507,0,0,0,0,0,0,0.10972446380950407,-0.04434418620974903,0.16644698512585318,0.0,0.0,0.0
image_445.png,surface,0.0,0.0,1.954865847250265,22.350915863962772,8.485765098303643,0.0,-0.8156724310059411,-2.4631078848120818,0.0,0.0,0.0,2.088574978678322,0,0,0,0,0,0,-0.32426681808932784,-0.5367708868749568,1.7059132848802112,0.0,0.0,0.0
image_446.png,surface,0.0,0.0,1.544353580751412,5.03306762398364,-3.0992141382420946,0.0,4.448561530429865,-1.1590843017885826,0.0,0.0,0.0,-0.8394693157565749,0,0,0,0,0,0,0.28084120901355686,-0.15582838687308237,0.6823713430622858,0.0,0.0,0.0
image_447.png,surface,0.0,0.0,1.940949262464091,7.219267366555854,-9.56063055377408,0.0,-0.8814564585905041,0.9205746419702314,0.0,0.0,0.0,1.9933003828917393,0,0,0,0,0,0,-0.2662158461756039,0.49956701288650146,1.3013599903819821,0.0,0.0,0.0
image_448.png,surface,0.0,0.0,2.7870591848476858,-4.754577431431353,-7.433711667700454,0.0,0.7621802721215677,3.176154165808383,0.0,0.0,0.0,2.840780318351311,0,0,0,0,0,0,0.3001129020017987,0.9972651800098616,2.281961269544937,0.0,0.0,0.0
image_449.png,surface,0.0,0.0,1.3327952075981129,13.511434085038836,-9.384584708930369,0.0,2.621805900421027,-1.8017107949462565,0.0,0.0,0.0,-1.6299591936815636,0,0,0,0,0,0,0.40463630675836765,-0.2332470530239423,0.9047383253039527,0.0,0.0,0.0
image_450.png,surface,0.0,0.0,0.7695896106198714,16.883602411964514,-1.4006779344562,0.0,-0.4693936817540552,-3.543009125235859,0.0,0.0,0.0,-0.019694859641595563,0,0,0,0,0,0,0.029167782671258403,-0.24896234694126457,0.4300419161246033,0.0,0.0,0.0
image_451.png,surface,0.0,0.0,1.0162967219739412,13.326356363661825,-13.876051994339145,0.0,-1.1651645457383786,-3.8680492506667825,0.0,0.0,0.0,0.39378264465369206,0,0,0,0,0,0,-0.006569238157130556,-0.3164956370184056,0.6283103215918319,0.0,0.0,0.0
image_452.png,surface,0.0,0.0,1.2663426447805455,3.5701680269313134,-6.815801607304964,0.0,-0.3653950446889315,-1.3546218385659985,0.0,0.0,0.0,4.156617176085691,0,0,0,0,0,0,-0.028387053104570466,-0.2856313660816827,0.43403899288759856,0.0,0.0,0.0
image_453.png,surface,0.0,0.0,2.658675239882745,2.588355511185164,-20.313677083009647,0.0,-4.471000674750259,0.2581674119584905,0.0,0.0,0.0,-3.1804786426605816,0,0,0,0,0,0,-1.0934208894862627,0.21133688148435661,2.2082721448640203,0.0,0.0,0.0
image_454.png,surface,0.0,0.0,1.872685730284326,-9.60921153564154,-16.218839486857636,0.0,0.5194906960425484,0.9488774228112451,0.0,0.0,0.0,-0.10565068445919668,0,0,0,0,0,0,0.5867563166157403,0.33311703797240183,1.702742419515154,0.0,0.0,0.0
image_455.png,surface,0.0,0.0,2.987705166252935,-5.654337082598923,4.973230333904414,0.0,1.1791312813199248,-1.0446108768498548,0.0,0.0,0.0,3.79630542287625,0,0,0,0,0,0,0.529583475228291,-0.7431603610149708,3.049540687278035,0.0,0.0,0.0
image_456.png,surface,0.0,0.0,1.2125800398512647,4.011364240992546,1.091239656381928,0.0,1.9921453862830574,-4.034726295981747,0.0,0.0,0.0,-1.9262642168550927,0,0,0,0,0,0,0.1343790817049091,-0.16557690302980368,0.4091856608361257,0.0,0.0,0.0
image_457.png,surface,0.0,0.0,0.6718170402971726,-16.854494680523988,2.0232822473382734,0.0,-4.4516567926967925,1.4009396173323563,0.0,0.0,0.0,0.5097429935293194,0,0,0,0,0,0,-0.08586883816070932,0.0170650158573684,0.23206380114854178,0.0,0.0,0.0
image_458.png,surface,0.0,0.0,1.2529703407132207,5.757161434096065,-9.812565449556118,0.0,1.3418109131640135,-2.5312596097320466,0.0,0.0,0.0,1.8648453158914418,0,0,0,0,0,0,0.2473337570257091,-0.29596822257124483,0.6308425478763214,0.0,0.0,0.0
image_459.png,surface,0.0,0.0,2.9814873311199435,-16.470045123639213,3.9126963330371565,0.0,4.331637074969302,-0.6722362433581359,0.0,0.0,0.0,-3.1590305620598103,0,0,0,0,0,0,1.4278790439173532,-0.6660799119003696,3.315886678931538,0.0,0.0,0.0
image_460.png,surface,0.0,0.0,2.357747911845328,-13.28026217532458,-0.6364928033283817,0.0,2.0850750679539476,2.2613662407453607,0.0,0.0,0.0,-4.172128315419652,0,0,0,0,0,0,0.5324598473160882,0.4614460201439119,1.3374006713622846,0.0,0.0,0.0
image_461.png,surface,0.0,0.0,2.7876533741244636,4.0109025045195,-9.22962568805106,0.0,-0.700501869173929,-3.412541955383556,0.0,0.0,0.0,-1.3236601091935718,0,0,0,0,0,0,0.18688428648216068,-1.2371003862796244,2.649603011589363,0.0,0.0,0.0
image_462.png,surface,0.0,0.0,1.9871118342724012,-15.850736647619563,3.845745708589997,0.0,1.5521711630041581,-1.2575588204604764,0.0,0.0,0.0,1.1017601695366084,0,0,0,0,0,0,0.4633356038093411,-0.48964702855790915,1.373698147777081,0.0,0.0,0.0
image_463.png,surface,0.0,0.0,1.1884086259495588,-14.83601819488931,3.5226006491186257,0.0,0.7800024132566762,-1.3861244243230597,0.0,0.0,0.0,4.606487305773687,0,0,0,0,0,0,0.16848463646021938,-0.2024189634445869,0.4710979235907647,0.0,0.0,0.0
image_464.png,surface,0.0,0.0,2.886078447393452,-8.208361866389755,5.180101084814265,0.0,0.1161726010147458,-1.9347458348359288,0.0,0.0,0.0,2.3832561837651847,0,0,0,0,0,0,0.15898195534053372,-1.1369425235747206,3.3518067777078198,0.0,0.0,0.0
image_465.png,surface,0.0,0.0,1.0728911309369793,2.4540450019904227,-14.268347580330882,0.0,1.9971405945096952,1.116352095097559,0.0,0.0,0.0,-2.658999998452466,0,0,0,0,0,0,0.3035995519770067,0.07402705717330772,0.6139476412903879,0.0,0.0,0.0
image_466.png,surface,0.0,0.0,1.4927850850820363,-10.998747707172637,-9.83151461927285,0.0,-4.411538213744607,1.5334903583617852,0.0,0.0,0.0,-4.698086548209726,0,0,0,0,0,0,-0.35446720312120517,0.13493758574975528,0.650729679525056,0.0,0.0,0.0
image_467.png,surface,0.0,0.0,1.2334695175486041,-1.3266151310003773,14.492490979309615,0.0,0.653395430624704,0.3986727406672738,0.0,0.0,0.0,3.8033723172712097,0,0,0,0,0,0,0.2058318169017773,0.11243592767234041,0.4330341411874041,0.0,0.0,0.0
image_468.png,surface,0.0,0.0,2.108647623108298,-20.290240605967277,9.37945111193917,0.0,-2.129534168643059,-0.31109842015024114,0.0,0.0,0.0,0.23051372772798207,0,0,0,0,0,0,-0.866141837850473,-0.5646525554826263,2.430464952810987,0.0,0.0,0.0
image_469.png,surface,0.0,0.0,1.5450243148941896,-14.590573194256502,-13.001329079525952,0.0,2.8291627085235986,0.28216267420468355,0.0,0.0,0.0,1.6298570670182269,0,0,0,0,0,0,0.550135077701102,-0.0799781039089663,1.2187611806260101,0.0,0.0,0.0
image_470.png,surface,0.0,0.0,2.8927705208613066,-6.071820063969153,9.10154921007771,0.0,-2.426849161111817,-2.0978280348743277,0.0,0.0,0.0,-2.638227871076275,0,0,0,0,0,0,-1.0899753305408795,-1.1957356561939407,3.956928471564829,0.0,0.0,0.0
image_471.png,surface,0.0,0.0,2.918550196798967,14.766237376582723,12.236330675969828,0.0,2.917080881729568,1.1905774163742688,0.0,0.0,0.0,-2.7775697947983566,0,0,0,0,0,0,1.2988075535649275,0.9372041267802971,3.650426372967785,0.0,0.0,0.0
image_472.png,surface,0.0,0.0,0.7422850450359129,-4.639353754913464,18.609643728208194,0.0,1.4725670808411135,4.295236310699876,0.0,0.0,0.0,3.3098303758532612,0,0,0,0,0,0,0.04836185926982931,0.13139810513774589,0.27197651068025963,0.0,0.0,0.0
image_473.png,surface,0.0,0.0,2.820832731346721,-2.6784370555326245,0.9585988376170608,0.0,2.8580157560107127,0.581473871388588,0.0,0.0,0.0,-3.995219444965623,0,0,0,0,0,0,1.0335421276902925,0.05698091854587005,2.234599259409114,0.0,0.0,0.0
image_474.png,surface,0.0,0.0,2.4949900379288668,10.919519434278262,-12.981624441950826,0.0,-3.056843375366824,-0.3656350519363125,0.0,0.0,0.0,-3.7978299184957565,0,0,0,0,0,0,-0.9667692042235706,0.08285216216591808,2.0026258949135873,0.0,0.0,0.0
image_475.png,surface,0.0,0.0,2.280843590334191,-18.977782988544767,7.701895472948898,0.0,0.900224412516519,0.4479867368834914,0.0,0.0,0.0,0.1254558282845366,0,0,0,0,0,0,0.45398511168900985,-0.05114785449727836,1.7507586997579954,0.0,0.0,0.0
image_476.png,surface,0.0,0.0,1.4069649533834732,-2.533518788486038,-22.47912812336472,0.0,0.2903858669362721,-4.580454240178997,0.0,0.0,0.0,-1.2450068826882568,0,0,0,0,0,0,0.2936753073291094,-0.5565353466124177,1.3237413872509762,0.0,0.0,0.0
image_477.png,surface,0.0,0.0,2.198893099662482,5.782545902790751,14.430729312813947,0.0,2.3102597988844407,2.99873095661922,0.0,0.0,0.0,-4.908060276390711,0,0,0,0,0,0,0.4124679526651423,0.6095740703077561,1.446728536343426,0.0,0.0,0.0
image_478.png,surface,0.0,0.0,2.5266660848019202,-12.051359141763811,-19.583860828045733,0.0,-2.6582909022467804,-3.5861694412198686,0.0,0.0,0.0,-0.3592552598423886,0,0,0,0,0,0,-0.017752085829688347,-1.552482266732118,3.5721908525944324,0.0,0.0,0.0
image_479.png,surface,0.0,0.0,2.576061864893251,21.695059039887898,-10.610091545598578,0.0,-2.5851837334780137,-0.06491932401312513,0.0,0.0,0.0,-3.276768141632224,0,0,0,0,0,0,-0.6387714728150705,0.8305178887243531,4.087583755631652,0.0,0.0,0.0
image_480.png,surface,0.0,0.0,2.514439046257634,-2.854816673257309,9.200281441259987,0.0,-0.17672370615510333,-2.139150153187974,0.0,0.0,0.0,-1.7619954258222394,0,0,0,0,0,0,-0.031126455092948868,-0.8657286418526238,2.0758192927557415,0.0,0.0,0.0
image_481.png,surface,0.0,0.0,1.3000589751493732,-4.514297204281945,-8.901127162835827,0.0,-0.6686143854610572,-0.47634944687787323,0.0,0.0,0.0,4.804352914524511,0,0,0,0,0,0,-0.1337779351574594,-0.10586193234896805,0.45239428394448084,0.0,0.0,0.0
image_482.png,surface,0.0,0.0,0.9625324800608357,-3.473309045652462,21.5247555860236,0.0,-2.170712185496946,-3.3516008224316973,0.0,0.0,0.0,2.2627347919824805,0,0,0,0,0,0,-0.08541227116264624,-0.235738847374797,0.5184063416359127,0.0,0.0,0.0
image_483.png,surface,0.0,0.0,1.8594383765572726,-4.504261158651407,10.13219008729661,0.0,3.359892243485003,1.1254302965926557,0.0,0.0,0.0,-0.9327142422992534,0,0,0,0,0,0,0.39973582097915755,0.03467117897275069,0.8157843867951956,0.0,0.0,0.0
image_484.png,surface,0.0,0.0,1.1355650522610552,-9.771790198342144,18.363171284930107,0.0,-1.7317448270212028,2.243080376538969,0.0,0.0,0.0,3.3823214762647638,0,0,0,0,0,0,-0.17863716460714818,0.2037891357170581,0.5156999410567225,0.0,0.0,0.0
image_485.png,surface,0.0,0.0,2.4624629558284776,17.957625740798946,10.796422460739779,0.0,0.3931110490294163,-1.203579972503583,0.0,0.0,0.0,-2.8626400859038235,0,0,0,0,0,0,0.18186204950346688,-0.08295913313552536,2.6258885114647783,0.0,0.0,0.0
image_486.png,surface,0.0,0.0,0.6116749663093075,6.916687441174857,-10.309745158049532,0.0,4.208342347847913,-1.0937486011131476,0.0,0.0,0.0,4.479160096938839,0,0,0,0,0,0,0.14357434104589908,-0.05669776009690924,0.2847850203520698,0.0,0.0,0.0
image_487.png,surface,0.0,0.0,1.56352136913632,5.163120101092598,2.508586906414588,0.0,0.5844764445391869,3.0352229419348284,0.0,0.0,0.0,-4.866287737546955,0,0,0,0,0,0,0.03233635763781598,0.3404319645705551,0.6066635829658684,0.0,0.0,0.0
image_488.png,surface,0.0,0.0,2.446470072556719,-21.307993185403504,-3.284113306750824,0.0,0.03408107160716696,-3.1597260160225913,0.0,0.0,0.0,3.5630167336261405,0,0,0,0,0,0,0.5007284409507057,-1.7201624077967024,3.907047633167187,0.0,0.0,0.0
image_489.png,surface,0.0,0.0,0.7013977602191188,-10.775455558051926,-5.9295895699706955,0.0,-1.172816459535155,1.534375577435833,0.0,0.0,0.0,3.042143949987924,0,0,0,0,0,0,-0.06843254450468116,0.10356992201488023,0.20526775581002682,0.0,0.0,0.0
image_490.png,surface,0.0,0.0,2.217447863214634,-21.5989542066751,-7.344727662661774,0.0,4.557877064092355,1.1431165123341707,0.0,0.0,0.0,-2.0096668436745957,0,0,0,0,0,0,1.060981804273882,-0.07165796481700265,2.396621547548443,0.0,0.0,0.0
image_491.png,surface,0.0,0.0,1.077658141243262,0.5018619632172847,5.421258414851667,0.0,-2.3329082431459174,-0.30509381395041923,0.0,0.0,0.0,-1.3776858212531429,0,0,0,0,0,0,-0.14201744758250393,-0.019226458684435514,0.2917519921400837,0.0,0.0,0.0
image_492.png,surface,0.0,0.0,0.8184847319972933,-9.099739564570957,17.15756715043881,0.0,0.6624677477535285,-1.2668194330837368,0.0,0.0,0.0,0.4279761441026375,0,0,0,0,0,0,0.10059008006825591,-0.14063850918883203,0.3301507251101759,0.0,0.0,0.0
image_493.png,surface,0.0,0.0,1.2697171364595978,-17.507143373343016,-14.776068704898703,0.0,-3.3825825106604817,-3.3150123936469074,0.0,0.0,0.0,1.6478095868627864,0,0,0,0,0,0,-0.2612879663765096,-0.4513026552611399,1.0243290756497454,0.0,0.0,0.0
image_494.png,surface,0.0,0.0,0.5483406199854435,-2.3327470277057882,10.529958322001542,0.0,-2.5032053069172795,-1.8328609147121662,0.0,0.0,0.0,-0.78965863666145,0,0,0,0,0,0,-0.03929900435827751,-0.03846707529131907,0.16956202539645557,0.0,0.0,0.0
image_495.png,surface,0.0,0.0,2.075056243217059,-0.07175232041236204,-4.042677677284064,0.0,-2.5567737337800702,2.042636061881143,0.0,0.0,0.0,1.4444680575958717,0,0,0,0,0,0,-0.4024980513174388,0.3450380086736499,1.0531080283433094,0.0,0.0,0.0
image_496.png,surface,0.0,0.0,1.332272207225237,9.721065989680364,10.005158062444034,0.0,-4.2714789275223595,0.6577037449384898,0.0,0.0,0.0,2.52645298233087,0,0,0,0,0,0,-0.3047014003323323,0.08289935524074482,0.6829072639690564,0.0,0.0,0.0
image_497.png,surface,0.0,0.0,2.984277998653496,-8.199834679789399,23.319210704432077,0.0,2.3582712254161002,0.29297834163932374,0.0,0.0,0.0,1.6925016175681273,0,0,0,0,0,0,1.0514852107141694,-0.08710583131030629,2.767644057313078,0.0,0.0,0.0
image_498.png,surface,0.0,0.0,0.7445983673641081,1.796560944727991,-19.468014365661155,0.0,-1.9744533031020952,3.6787160516077058,0.0,0.0,0.0,3.486507658407465,0,0,0,0,0,0,-0.14685097020199828,0.20545977056592662,0.48890389571820775,0.0,0.0,0.0
image_499.png,surface,0.0,0.0,2.737210689605092,-9.878868008428675,-6.3349536043268255,0.0,-0.17659909134834154,-0.6641691445838143,0.0,0.0,0.0,-4.241520068868782,0,0,0,0,0,0,0.26213109343293284,-0.6954906361324273,2.758986701664958,0.0,0.0,0.0
image_500.png,surface,0.0,0.0,1.7448943717228205,-8.737098311231547,23.37769010518954,0.0,1.0250699949745385,-0.6040674773940686,0.0,0.0,0.0,1.2520908223319358,0,0,0,0,0,0,0.3290592496789964,-0.4033088712647858,1.260362041014053,0.0,0.0,0.0
image_501.png,surface,0.0,0.0,0.7942517977325282,-2.0035451293922573,-17.298142869770125,0.0,0.023891609698445518,-2.7772852811215447,0.0,0.0,0.0,1.2214742226099338,0,0,0,0,0,0,0.09272799636161007,-0.24103391037036312,0.48630467932037164,0.0,0.0,0.0
image_502.png,surface,0.0,0.0,2.640293352871742,-9.913257536727752,-5.3969364241567295,0.0,-4.3241445140748205,1.78105348505319,0.0,0.0,0.0,-4.447155054104272,0,0,0,0,0,0,-0.9193136304448958,0.3881441632204427,1.7455714319812132,0.0,0.0,0.0
image_503.png,surface,0.0,0.0,0.7776139091296306,4.781496769314409,-22.71223158351524,0.0,-3.0558276115180005,-0.983081661352209,0.0,0.0,0.0,-3.109363669286406,0,0,0,0,0,0,-0.2968469260756541,-0.07524463850383896,0.5361028965782235,0.0,0.0,0.0
image_504.png,surface,0.0,0.0,2.1146482019074297,2.123721856613902,-20.201064634023542,0.0,-1.581895761683436,3.7436428095657677,0.0,0.0,0.0,2.9890168575140112,0,0,0,0,0,0,-0.3616718303506403,0.9285520630620504,1.9127005997613105,0.0,0.0,0.0
image_505.png,surface,0.0,0.0,1.1130439065242843,-1.2608210412734573,-12.170356354367753,0.0,-1.2428646458879136,-2.813331132614175,0.0,0.0,0.0,4.044431237893637,0,0,0,0,0,0,-0.04308851044220096,-0.24451046688260375,0.42667008041950655,0.0,0.0,0.0
image_506.png,surface,0.0,0.0,1.622793860515826,20.406632389826402,-8.145092727163643,0.0,0.5518267120017045,2.74640399383171,0.0,0.0,0.0,-4.043963099015007,0,0,0,0,0,0,0.37611761016935563,1.1172299762195694,2.6599864791580363,0.0,0.0,0.0
image_507.png,surface,0.0,0.0,1.9325498076635903,-7.526839612050182,17.668759124203802,0.0,-1.2702630112970301,-4.585986836634703,0.0,0.0,0.0,3.8228760790344847,0,0,0,0,0,0,-0.1359542378482267,-0.7469908655884119,1.6173300249986373,0.0,0.0,0.0
image_508.png,surface,0.0,0.0,2.7991886489691247,3.9686476200725966,-1.4251295525881245,0.0,-4.373319002442211,1.9456722996912814,0.0,0.0,0.0,-2.9306212782954963,0,0,0,0,0,0,-1.205234147311905,0.6317359382464178,2.368579486101687,0.0,0.0,0.0
image_509.png,surface,0.0,0.0,1.21128440121903,-2.810758880071006,23.26816456312142,0.0,-0.8162570045152738,1.8774466944689556,0.0,0.0,0.0,-3.311920502527501,0,0,0,0,0,0,-0.1682304808312976,0.30810470831420195,0.7392459492932842,0.0,0.0,0.0
image_510.png,surface,0.0,0.0,1.469237116320729,8.037246629729479,-17.158931466989095,0.0,0.6581286363662886,3.682285028966496,0.0,0.0,0.0,3.5799213637905805,0,0,0,0,0,0,0.00018643152420912782,0.6108010902532527,1.2149427441652707,0.0,0.0,0.0
image_511.png,surface,0.0,0.0,0.9989894269780446,-13.146013492645633,-8.27502044475754,0.0,-4.334160716760673,-1.9111817565454925,0.0,0.0,0.0,0.3434849692336588,0,0,0,0,0,0,-0.17208695007493685,-0.11068663769876065,0.4013612155972792,0.0,0.0,0.0
image_512.png,surface,0.0,0.0,1.3590540883187607,-16.591843659535982,-0.5452132730820474,0.0,-0.6760906834257916,2.155076341068736,0.0,0.0,0.0,-1.8365628452331384,0,0,0,0,0,0,-0.12114777010104172,0.23835334372020148,0.5162358619634927,0.0,0.0,0.0
image_513.png,surface,0.0,0.0,0.8145295698047743,-23.357778242549355,4.103200409055224,0.0,-0.7510768007159975,3.017151340242533,0.0,0.0,0.0,3.213224885400507,0,0,0,0,0,0,-0.04094112366131104,0.2004101115594598,0.3689089716885594,0.0,0.0,0.0
image_514.png,surface,0.0,0.0,1.8702084903635283,10.23028426103169,-16.91595400392055,0.0,-1.3623919216749196,-3.984188917140972,0.0,0.0,0.0,4.001112511008985,0,0,0,0,0,0,-0.10015938520008302,-0.7006944591833283,1.3058483279761832,0.0,0.0,0.0
image_515.png,surface,0.0,0.0,1.898079034472628,-19.487919854328492,11.005309492810651,0.0,-2.139542846441132,-2.907206247839867,0.0,0.0,0.0,4.581821474281627,0,0,0,0,0,0,-0.2761659629533912,-0.8720525138794138,1.9904872863752414,0.0,0.0,0.0
image_516.png,surface,0.0,0.0,2.058432840538642,6.910551711308172,-23.69722406175844,0.0,3.5516091779391123,-2.312580918645486,0.0,0.0,0.0,-4.556548161809889,0,0,0,0,0,0,1.5733565084001782,-0.5360378211126468,3.6849017182995643,0.0,0.0,0.0
image_517.png,surface,0.0,0.0,1.0758809490947545,17.654245286763473,17.160118612310487,0.0,1.201706137193723,-0.7757597445860354,0.0,0.0,0.0,-1.7296760530537956,0,0,0,0,0,0,0.3585534777538697,-0.1389961901848596,0.7271028747473797,0.0,0.0,0.0
image_518.png,surface,0.0,0.0,1.5808891321353766,12.953849026525287,-11.814583174350886,0.0,-0.06629983968435227,-4.398099999831736,0.0,0.0,0.0,-3.2958710584763793,0,0,0,0,0,0,0.1738386454575056,-0.44136851301010027,0.9697589293178589,0.0,0.0,0.0
image_519.png,surface,0.0,0.0,0.6035727186723887,11.629810605923602,-8.341494463181638,0.0,3.7045960968904685,0.6480195715415861,0.0,0.0,0.0,-0.6246154137862696,0,0,0,0,0,0,0.15748137180689972,-0.03265760778014086,0.34309321500867834,0.0,0.0,0.0
image_520.png,surface,0.0,0.0,0.6006417190188347,-11.873511420352443,-9.608302595785453,0.0,-3.79351854103231,1.7505765857734783,0.0,0.0,0.0,3.449881271985479,0,0,0,0,0,0,-0.11721672824771877,0.044188449062820594,0.2352793265891633,0.0,0.0,0.0
image_521.png,surface,0.0,0.0,1.2736571459701336,-11.380415506567449,-0.84318293606673,0.0,4.6339574274789515,-0.7932465860188637,0.0,0.0,0.0,-2.698025883226811,0,0,0,0,0,0,0.26095162868793664,-0.061558646804068966,0.4723573377216749,0.0,0.0,0.0
image_522.png,surface,0.0,0.0,1.7228573779363798,7.048474833281985,-21.602015316415272,0.0,0.34300791433486394,-1.668587186910469,0.0,0.0,0.0,-0.13247453007617427,0,0,0,0,0,0,0.8974395055676955,-0.4763700435066387,2.389935934236484,0.0,0.0,0.0
image_523.png,surface,0.0,0.0,2.2324350454057837,-10.800859162896398,-13.040365319668906,0.0,1.856396323745639,1.0480831091493727,0.0,0.0,0.0,3.921069663328387,0,0,0,0,0,0,1.0458009515882851,0.2564282913788631,2.285109804872213,0.0,0.0,0.0
image_524.png,surface,0.0,0.0,2.396683662536555,17.55291490491714,1.4121649515557089,0.0,4.3489882043980606,2.2342124378428605,0.0,0.0,0.0,0.8244028308860685,0,0,0,0,0,0,1.2091377951453444,0.5856660586005031,3.0786746875723323,0.0,0.0,0.0
image_525.png,surface,0.0,0.0,1.5044524501147998,5.315907597443509,-6.9551047563678425,0.0,2.0944588878482784,-1.626792738428605,0.0,0.0,0.0,-1.8200676578723218,0,0,0,0,0,0,0.3133990016454334,-0.23106673296694455,0.766388110217422,0.0,0.0,0.0
image_526.png,surface,0.0,0.0,2.3890160539883376,4.011073922931241,23.656097839294304,0.0,0.5715168352290588,-2.245275460628772,0.0,0.0,0.0,-0.7205286720324846,0,0,0,0,0,0,-0.12521121638380292,-0.9628991829209913,2.435837559901359,0.0,0.0,0.0
image_527.png,surface,0.0,0.0,2.31901002664332,-8.299372597414283,7.492094638046954,0.0,2.245280254477481,-2.782630553515287,0.0,0.0,0.0,3.6009362600037527,0,0,0,0,0,0,0.5120178209228109,-0.5813274419214266,1.488262406618124,0.0,0.0,0.0
image_528.png,surface,0.0,0.0,2.081185426346184,-9.494837701693669,12.047074951242365,0.0,0.692281886487629,1.540328472695618,0.0,0.0,0.0,1.512450924552546,0,0,0,0,0,0,0.18203554496273094,0.48545628351329023,1.0289111994026314,0.0,0.0,0.0
image_529.png,surface,0.0,0.0,0.8540744028717588,-15.003912797611513,-0.13945874665284513,0.0,4.903357759439507,0.4018137718334611,0.0,0.0,0.0,0.7245296619526602,0,0,0,0,0,0,0.13760244471123426,-0.06079097278688642,0.29929954491043226,0.0,0.0,0.0
image_530.png,surface,0.0,0.0,1.2181099714423151,5.169062871783866,-22.777445200797168,0.0,1.9610108811561653,2.81986893581688,0.0,0.0,0.0,-2.3906226155025867,0,0,0,0,0,0,0.49492090873534317,0.43764969871374865,1.541244887263702,0.0,0.0,0.0
image_531.png,surface,0.0,0.0,1.8346918794059162,-4.105139738524608,8.806667566605443,0.0,-2.67636441631238,-3.645943660914705,0.0,0.0,0.0,4.587206832910336,0,0,0,0,0,0,-0.2143285287357309,-0.4657909292329652,0.9697790263518634,0.0,0.0,0.0
image_532.png,surface,0.0,0.0,2.5348298343703406,-4.349140891790133,-22.209590851369015,0.0,4.755295836561073,0.26724927184508973,0.0,0.0,0.0,4.727947582266239,0,0,0,0,0,0,2.441676931776411,-0.3580255428659834,5.953126665102843,0.0,0.0,0.0
image_533.png,surface,0.0,0.0,1.5082845421179019,-13.630539308172525,-12.001769269539594,0.0,-2.681629207430873,1.3759540442220837,0.0,0.0,0.0,0.8499859116392816,0,0,0,0,0,0,-0.3509516372361197,0.1940799471226926,0.7576012403501667,0.0,0.0,0.0
image_534.png,surface,0.0,0.0,2.917665616094188,-10.118120755942423,-8.87205016853129,0.0,1.398174090060045,0.1061767145147903,0.0,0.0,0.0,3.119899035370258,0,0,0,0,0,0,1.2166711506133832,-0.3643966079676007,3.847225461948948,0.0,0.0,0.0
image_535.png,surface,0.0,0.0,2.163501424344089,-20.782330993376586,-2.7319557356483086,0.0,0.43818126031557836,1.7226181500037194,0.0,0.0,0.0,-2.5936200535897314,0,0,0,0,0,0,0.21966579694308813,0.6484375674276204,1.3224886721314009,0.0,0.0,0.0
image_536.png,surface,0.0,0.0,1.2826390927617324,-9.179310018788575,-5.0200628017184385,0.0,0.21785386792706588,3.795973120876671,0.0,0.0,0.0,1.5114943791814914,0,0,0,0,0,0,-0.01776426094963671,0.1921607620797362,0.42951716023672387,0.0,0.0,0.0
image_537.png,surface,0.0,0.0,1.9035852004141782,-17.43091843234934,17.77530108638957,0.0,3.2958098521698735,2.5633737043745053,0.0,0.0,0.0,-3.6954590255655972,0,0,0,0,0,0,0.43978892182923585,0.2672826985890256,1.0536305512274107,0.0,0.0,0.0
image_538.png,surface,0.0,0.0,1.4376842036793385,-1.2152148370857538,-0.07237406881864371,0.0,-0.7506007274721266,-2.5369216222899285,0.0,0.0,0.0,3.873421337851168,0,0,0,0,0,0,-0.030167664397016465,-0.2615943599699028,0.47336218942186875,0.0,0.0,0.0
image_539.png,surface,0.0,0.0,2.779952860972138,13.381009063447957,-0.8929781673089985,0.0,0.9844970518309786,-2.6476503279811423,0.0,0.0,0.0,2.5347812007001815,0,0,0,0,0,0,0.6028168217176048,-0.7575668336570971,2.611988062945422,0.0,0.0,0.0
image_540.png,surface,0.0,0.0,0.6208679850034193,7.996686497335174,-10.551667752073165,0.0,-0.5736338109450343,-0.8686455606366899,0.0,0.0,0.0,-3.632820939994362,0,0,0,0,0,0,-0.05436571529435841,-0.1750107986876796,0.25383558798608513,0.0,0.0,0.0
image_541.png,surface,0.0,0.0,1.0722888375703796,-15.007610604886857,-4.329969630234498,0.0,2.3852820796641594,-3.932674241363524,0.0,0.0,0.0,-3.942913450239056,0,0,0,0,0,0,0.14775649474815655,-0.21086809694107714,0.4726252981750601,0.0,0.0,0.0
image_542.png,surface,0.0,0.0,0.7414163273773997,7.861978274806209,5.0658488512509425,0.0,-3.107823254859033,2.571307197976224,0.0,0.0,0.0,-3.951205400932797,0,0,0,0,0,0,-0.10773839736792966,0.07860478543150666,0.23052302854157702,0.0,0.0,0.0
image_543.png,surface,0.0,0.0,2.51404922987083,12.124158816326817,20.114115040490027,0.0,-1.4129609491864727,-4.099947729916528,0.0,0.0,0.0,1.004614076856737,0,0,0,0,0,0,-0.5793538436871447,-1.1102359625302396,2.918657636825837,0.0,0.0,0.0
image_544.png,surface,0.0,0.0,0.9776985061241662,9.93116180488135,11.705352662293764,0.0,-2.8396789381926557,-1.7667542697861611,0.0,0.0,0.0,1.9556263581448752,0,0,0,0,0,0,-0.19462309709932943,-0.10743031553571192,0.4583809670738609,0.0,0.0,0.0
image_545.png,surface,0.0,0.0,2.3571184524552002,-4.3865817521746715,-19.77045136470566,0.0,-0.8967596467946217,-4.848931306114896,0.0,0.0,0.0,-3.4684187782237332,0,0,0,0,0,0,0.3650093351064815,-1.2887201715251708,2.9534701657281217,0.0,0.0,0.0
image_546.png,surface,0.0,0.0,1.9039912352908779,-15.00545934969671,-3.090289277201439,0.0,-0.7087475189739658,-3.574257308439404,0.0,0.0,0.0,-2.7382420017024622,0,0,0,0,0,0,0.08525247271332419,-0.5519576183542187,1.3289018589824189,0.0,0.0,0.0
image_547.png,surface,0.0,0.0,2.575539963092232,-21.960418130691146,6.450900871095517,0.0,1.6942813496372975,-2.448514336568881,0.0,0.0,0.0,3.9759325753886703,0,0,0,0,0,0,0.7072519568545481,-1.4567747109833815,3.497744739632703,0.0,0.0,0.0
image_548.png,surface,0.0,0.0,2.987371981728036,-10.403906382987598,-17.432283738362372,0.0,-1.0634051253331316,3.7049166358247976,0.0,0.0,0.0,-4.498648644457001,0,0,0,0,0,0,-0.10152908619427221,1.528530208155026,2.983693871866188,0.0,0.0,0.0
image_549.png,surface,0.0,0.0,0.8855919663910043,2.2897012051101506,-8.902479857305327,0.0,-3.4939785523346565,-0.22255466889117276,0.0,0.0,0.0,-3.1044007723323395,0,0,0,0,0,0,-0.1754472831806809,-0.007211101833533988,0.2893626780973998,0.0,0.0,0.0
image_550.png,surface,0.0,0.0,0.8760433286707219,7.586439063898339,-0.3237152511535608,0.0,2.385071614022381,1.4282887228486496,0.0,0.0,0.0,-4.979179705071706,0,0,0,0,0,0,0.14885225554350792,0.0400795053479012,0.27504019186396317,0.0,0.0,0.0
image_551.png,surface,0.0,0.0,2.0905388334693473,-17.747617564993025,-12.478945707536733,0.0,-0.9084673463773217,2.652329402377585,0.0,0.0,0.0,-4.806316844486416,0,0,0,0,0,0,-0.2373045019682573,0.6917844066560299,1.3465783168907257,0.0,0.0,0.0
image_552.png,surface,0.0,0.0,0.5907609325111545,-13.167773894254983,-15.291333361971066,0.0,-4.970751794729142,-0.43989393550284,0.0,0.0,0.0,-2.7117703652441536,0,0,0,0,0,0,-0.18267017309003836,0.0026082039354274394,0.32625190051342184,0.0,0.0,0.0
image_553.png,surface,0.0,0.0,2.5435448754970933,11.37541889626542,-3.9324738911428794,0.0,-0.9235811277703329,4.1789537115148585,0.0,0.0,0.0,0.7316500343035779,0,0,0,0,0,0,-0.21872983459705872,1.1681025377803593,2.990709969737324,0.0,0.0,0.0
image_554.png,surface,0.0,0.0,1.4415982296240608,2.5303054703288272,16.14118532493258,0.0,4.7378082283839165,0.5526781818329688,0.0,0.0,0.0,0.9189380568144854,0,0,0,0,0,0,0.2995193649043166,-0.042587030723698134,0.6505264761812385,0.0,0.0,0.0
image_555.png,surface,0.0,0.0,1.4973368073155495,-7.396441081372653,-13.63000642571163,0.0,0.4202213743680538,-0.08872926124136674,0.0,0.0,0.0,-3.457286963290648,0,0,0,0,0,0,0.27856293969322216,-0.15009285517913282,0.8700776406585827,0.0,0.0,0.0
image_556.png,surface,0.0,0.0,1.9301145320811708,-12.81677357038036,1.9612888066554053,0.0,3.2993374162038984,-3.0250448023338468,0.0,0.0,0.0,-2.50407394790636,0,0,0,0,0,0,0.39474554369032816,-0.3824243625514357,1.0835974619309843,0.0,0.0,0.0
image_557.png,surface,0.0,0.0,1.355238476917689,-16.565825378820943,-17.105254717533555,0.0,-2.1854588654439553,3.5729090736843143,0.0,0.0,0.0,2.3204694041390557,0,0,0,0,0,0,-0.23942753850925055,0.3434554675644584,0.8687378383916571,0.0,0.0,0.0
image_558.png,surface,0.0,0.0,1.2505880997949292,2.4515153010479818,15.047537354015995,0.0,1.710426738663236,1.115181778983763,0.0,0.0,0.0,-0.26539684117914053,0,0,0,0,0,0,0.2284547116558018,0.0800205776763105,0.5142261585631046,0.0,0.0,0.0
image_559.png,surface,0.0,0.0,1.0124230471144355,3.882965256655989,21.32958065341505,0.0,-3.638417934331516,2.5831112806571683,0.0,0.0,0.0,2.038283312500293,0,0,0,0,0,0,-0.22334116127749545,0.16067354255529995,0.6452588202684421,0.0,0.0,0.0
image_560.png,surface,0.0,0.0,2.297053675775587,1.3263973099922715,-22.248117605916764,0.0,3.6929697260623002,2.3106043599155894,0.0,0.0,0.0,3.529762913701756,0,0,0,0,0,0,1.771914452077815,0.5364719974010533,4.573224116328006,0.0,0.0,0.0
image_561.png,surface,0.0,0.0,2.421531402094865,-10.250659660347266,-21.632084980702803,0.0,-2.036950977185469,3.8130074662033864,0.0,0.0,0.0,1.7361692867198517,0,0,0,0,0,0,-0.4466009014403363,0.8765452946029246,2.2323975176837982,0.0,0.0,0.0
image_562.png,surface,0.0,0.0,2.0202566601342884,1.6937529183194169,-5.276075632354642,0.0,-0.01772037657641921,-3.692586871198645,0.0,0.0,0.0,-2.9836868131109973,0,0,0,0,0,0,0.18133851934568795,-0.6123962161823984,1.0956467503182028,0.0,0.0,0.0
image_563.png,surface,0.0,0.0,1.0900845034312003,11.366044841870222,16.43604447456647,0.0,-0.5713976942012822,2.1426748837203533,0.0,0.0,0.0,-0.10391716267187157,0,0,0,0,0,0,-0.10782971076754234,0.23254859551650583,0.7073586553404513,0.0,0.0,0.0
image_564.png,surface,0.0,0.0,2.2368973580875937,-6.699328233345766,-5.000640900274404,0.0,-1.7479101166968256,-3.11410332325615,0.0,0.0,0.0,1.0215369047183245,0,0,0,0,0,0,-0.14796194989728492,-0.675694714345082,1.5829864268897749,0.0,0.0,0.0
image_565.png,surface,0.0,0.0,0.8946472653615143,-1.458486530624447,11.877540961046355,0.0,-1.0770407733307719,-3.488989229243905,0.0,0.0,0.0,-4.879072723215392,0,0,0,0,0,0,0.0026595027637173474,-0.14250735495197303,0.2642078905358685,0.0,0.0,0.0
image_566.png,surface,0.0,0.0,2.695706154298475,-16.219194816262075,-14.689534774913776,0.0,2.240577141750969,2.858818155015595,0.0,0.0,0.0,-0.03406654091466521,0,0,0,0,0,0,1.257419755190511,0.5577088810731108,3.519188274914853,0.0,0.0,0.0
image_567.png,surface,0.0,0.0,1.6158151461081052,16.619190849275615,-13.953485581689357,0.0,-1.2559882970920762,4.261046979884918,0.0,0.0,0.0,-3.042292217346815,0,0,0,0,0,0,-0.2134793141193336,0.8550016559444937,1.9430582861260688,0.0,0.0,0.0
image_568.png,surface,0.0,0.0,1.6896531848208192,18.91618483947183,7.5289603882288185,0.0,-1.9371918895955915,4.185029105498006,0.0,0.0,0.0,4.812095140366997,0,0,0,0,0,0,-0.5855053230410471,1.027575718868616,2.176987761931306,0.0,0.0,0.0
image_569.png,surface,0.0,0.0,1.0103704761251326,6.643561666455467,-11.343525742291776,0.0,0.7681014580361958,3.019123425312505,0.0,0.0,0.0,0.6587337475328949,0,0,0,0,0,0,0.03324949163394211,0.2098833347796914,0.5094698605155176,0.0,0.0,0.0
image_570.png,surface,0.0,0.0,2.038777802832259,4.507856595560294,-12.141112704853352,0.0,4.07361149679733,2.787150028415728,0.0,0.0,0.0,-0.0566944311516826,0,0,0,0,0,0,0.7502423053921657,0.25200944647258117,1.8275985927699656,0.0,0.0,0.0
image_571.png,surface,0.0,0.0,2.96262221210612,-18.542899509770677,-16.766260140159247,0.0,-1.0233794168250279,0.260302062813239,0.0,0.0,0.0,-1.3647258710560028,0,0,0,0,0,0,0.3745607167059607,-1.06563850681892,5.006717139791834,0.0,0.0,0.0
image_572.png,surface,0.0,0.0,1.97275121260526,22.149733251593396,-2.561113055298248,0.0,1.6686984680606782,-3.3112230751509406,0.0,0.0,0.0,-0.8298283331892726,0,0,0,0,0,0,0.5654696412760472,-0.5994889102172706,1.6353726955265704,0.0,0.0,0.0
image_573.png,surface,0.0,0.0,2.130862886385097,-23.52099666525971,4.385098662418171,0.0,-1.9742793868994188,-2.890660315394926,0.0,0.0,0.0,-2.9945150009783172,0,0,0,0,0,0,-0.35158474347343394,-1.1091505218092228,2.6855097123429728,0.0,0.0,0.0
image_574.png,surface,0.0,0.0,1.2212229148388651,0.7994991199070265,-12.284856886012875,0.0,-3.576855186525947,0.6300515988937779,0.0,0.0,0.0,4.423523341965245,0,0,0,0,0,0,-0.2935155088797875,0.07067634886060543,0.47503694225552623,0.0,0.0,0.0
image_575.png,surface,0.0,0.0,1.3146285201058292,-15.281307289148975,-3.811057466697686,0.0,-0.8396416270502828,-1.9119654134950914,0.0,0.0,0.0,4.044237167363091,0,0,0,0,0,0,-0.021648124213159765,-0.35247249106136425,0.660063635317972,0.0,0.0,0.0
image_576.png,surface,0.0,0.0,0.9908889751763343,-10.106480741948726,8.885290778533879,0.0,-1.7417717689810623,-3.6324526096747274,0.0,0.0,0.0,-1.915675187295942,0,0,0,0,0,0,-0.031902618989656045,-0.1521662042665233,0.3205264788260924,0.0,0.0,0.0
image_577.png,surface,0.0,0.0,1.786504179918809,-23.585023868443226,7.083886713479184,0.0,-2.823964423583287,-1.5315237443880678,0.0,0.0,0.0,4.82130705848256,0,0,0,0,0,0,-0.5817005980571889,-0.5660117160376379,1.8211362798358257,0.0,0.0,0.0
image_578.png,surface,0.0,0.0,0.8699364416539985,17.685522607965694,6.169861945133611,0.0,0.4242114882024172,4.211905372038775,0.0,0.0,0.0,-3.104249979766446,0,0,0,0,0,0,0.002248592465460608,0.2985905844291202,0.617055982549656,0.0,0.0,0.0
image_579.png,surface,0.0,0.0,2.0462031905682907,-16.599279707525195,7.19521096521613,0.0,0.11699758166083724,4.652482813339971,0.0,0.0,0.0,-3.427845960665276,0,0,0,0,0,0,-0.08774076285276779,0.5079925498455783,1.0425660175063827,0.0,0.0,0.0
image_580.png,surface,0.0,0.0,1.6632755605345717,-22.002043613183595,-3.6080093638398747,0.0,2.4630341757247383,1.5974559244684663,0.0,0.0,0.0,-3.7967890806266755,0,0,0,0,0,0,0.49100356389196215,0.19849092651650332,1.0624821782042326,0.0,0.0,0.0
image_581.png,surface,0.0,0.0,2.0607797325780375,-11.701693496583497,-9.862736108195193,0.0,-0.5453852348489276,-1.2399823822984886,0.0,0.0,0.0,1.5997976430549752,0,0,0,0,0,0,0.15537964172581611,-0.6910167326388472,1.783179681613819,0.0,0.0,0.0
image_582.png,surface,0.0,0.0,0.6768021240331519,-16.066175269184505,-15.333625579253916,0.0,3.244711295340541,-0.49972501083824206,0.0,0.0,0.0,-0.05978728197111405,0,0,0,0,0,0,0.22751722741977895,-0.09780292827104602,0.5461804426292839,0.0,0.0,0.0
image_583.png,surface,0.0,0.0,2.7101426802998088,5.067110591682312,-21.41004710924995,0.0,0.7786844409439304,3.453737703451793,0.0,0.0,0.0,-1.7319136677188518,0,0,0,0,0,0,1.4970672068038295,1.6792711815617811,5.841067836500955,0.0,0.0,0.0
image_584.png,surface,0.0,0.0,1.4464534454593738,10.627281024583075,-15.985056175199471,0.0,1.9196492389902224,2.1510098247421343,0.0,0.0,0.0,-2.010080815444857,0,0,0,0,0,0,0.5291269082302281,0.4445068524860816,1.5074483750804997,0.0,0.0,0.0
image_585.png,surface,0.0,0.0,1.0173283967049993,8.677813146091697,4.775308106587063,0.0,0.25054419490293056,4.141758211497156,0.0,0.0,0.0,0.709507320053473,0,0,0,0,0,0,-0.007648258162552903,0.16359007457959568,0.3900778475059862,0.0,0.0,0.0
image_586.png,surface,0.0,0.0,1.7519592862654343,7.7306904770731535,-8.040649877086276,0.0,1.9733819155353416,2.805237538932251,0.0,0.0,0.0,0.8904326855291744,0,0,0,0,0,0,0.261213393766826,0.4311417736951342,1.1300752025706373,0.0,0.0,0.0
image_587.png,surface,0.0,0.0,2.8245522416840556,1.0972019903167678,-12.663372741345668,0.0,1.8882105041426958,-0.8997127498099952,0.0,0.0,0.0,-4.075563419523603,0,0,0,0,0,0,1.5576719101267196,-0.6129814103102506,4.488414632831607,0.0,0.0,0.0
image_588.png,surface,0.0,0.0,2.2357153668556435,-18.388458594929862,15.967268195841656,0.0,-1.1738252204697097,2.4723936732698393,0.0,0.0,0.0,1.411373993021546,0,0,0,0,0,0,-0.4458719161334291,0.6798068042649899,1.6636023292906967,0.0,0.0,0.0
image_589.png,surface,0.0,0.0,1.350216800584248,11.662632106739357,-2.1440046572043445,0.0,-1.5861166752697404,3.4741453573080157,0.0,0.0,0.0,1.690297765596041,0,0,0,0,0,0,-0.15894847376067564,0.2526528453927197,0.6852519179361765,0.0,0.0,0.0
image_590.png,surface,0.0,0.0,1.2596088683879758,12.56428652144205,18.915591526834877,0.0,-1.428028426734297,1.079901120732531,0.0,0.0,0.0,4.127275665073633,0,0,0,0,0,0,-0.4775120090991988,0.2932027083863945,1.217910406186512,0.0,0.0,0.0
image_591.png,surface,0.0,0.0,2.1532163925658976,-4.209189854076,-4.814453923182209,0.0,2.73645593238506,-2.2975628455775836,0.0,0.0,0.0,2.974302602067935,0,0,0,0,0,0,0.6141899056393557,-0.477235249878463,1.3957713901246833,0.0,0.0,0.0
image_592.png,surface,0.0,0.0,0.7220116412672186,-13.543092297901302,6.26480984163966,0.0,1.2498368344965285,-0.06624662292598317,0.0,0.0,0.0,3.705558912556807,0,0,0,0,0,0,0.13017866532272893,-0.01575304837718354,0.20154310550797322,0.0,0.0,0.0
image_593.png,surface,0.0,0.0,1.4135254561854538,-2.3785833131971046,-17.20927828066596,0.0,-3.085534425408562,-2.7933928537245083,0.0,0.0,0.0,-2.7029560581233536,0,0,0,0,0,0,-0.2789144962817306,-0.31729791929046075,0.7394469196333232,0.0,0.0,0.0
image_594.png,surface,0.0,0.0,1.6966944590205362,2.614576989229112,-13.20979133499818,0.0,0.532061410186426,-4.15831143390003,0.0,0.0,0.0,1.6427209093938053,0,0,0,0,0,0,0.2667013290835442,-0.46279416898146414,1.0352752601705288,0.0,0.0,0.0
image_595.png,surface,0.0,0.0,2.401293693047301,-3.7189556899828182,3.1987501815456123,0.0,1.1095342196018638,0.2257544600905418,0.0,0.0,0.0,3.2298043932813965,0,0,0,0,0,0,0.5264575131815524,0.04514489537931032,1.3884471377321548,0.0,0.0,0.0
image_596.png,surface,0.0,0.0,1.31379328399266,12.687036523390143,5.866383903370341,0.0,1.1917320006626033,-3.3657934943369723,0.0,0.0,0.0,-4.2268612189627275,0,0,0,0,0,0,0.18626183347480127,-0.29794875861147574,0.5580600227293586,0.0,0.0,0.0
image_597.png,surface,0.0,0.0,2.4803795713956305,4.347840568521502,-18.535180352709762,0.0,0.5169174139706805,4.439340285731795,0.0,0.0,0.0,0.06651513974110213,0,0,0,0,0,0,0.2676996889193086,1.2434242583064148,3.35030619916886,0.0,0.0,0.0
image_598.png,surface,0.0,0.0,2.4567187265702564,1.8525469071656788,-19.290479572378917,0.0,-1.7145803073915786,3.941980353183732,0.0,0.0,0.0,0.30880989101316736,0,0,0,0,0,0,-0.2636103705066572,1.055062538750235,2.5640030447554767,0.0,0.0,0.0
image_599.png,surface,0.0,0.0,0.5486580260471812,-4.638562128789555,16.581305286664257,0.0,1.1990701982615568,-3.915862491161134,0.0,0.0,0.0,0.6645426526137053,0,0,0,0,0,0,0.0591337966441303,-0.07253575600878107,0.20493280524329544,0.0,0.0,0.0
image_600.png,surface,0.0,0.0,0.9760328098257005,-6.28816082821202,-23.90716093610277,0.0,3.102463550357363,0.5244888270534586,0.0,0.0,0.0,4.806197086408334,0,0,0,0,0,0,0.5129263892489567,0.005361133300323701,1.133201407860131,0.0,0.0,0.0
image_601.png,surface,0.0,0.0,2.1334856966782354,5.654623855283772,-23.640511067083104,0.0,-2.001290213682603,-1.9579108088949557,0.0,0.0,0.0,3.877695788204015,0,0,0,0,0,0,-0.5131942418878209,-0.5576522493833184,1.8362090553387413,0.0,0.0,0.0
image_602.png,surface,0.0,0.0,1.7401051507607423,-6.219580545128371,-22.17495534624614,0.0,-1.1811068051588782,4.73090748769001,0.0,0.0,0.0,0.09169050085618746,0,0,0,0,0,0,-0.21407285121681566,0.5803993114498324,1.4622747086473213,0.0,0.0,0.0
image_603.png,surface,0.0,0.0,0.5690908038854814,15.566826574439013,-3.8611078469629407,0.0,2.5108430759174034,-1.5474584878394355,0.0,0.0,0.0,-3.449565808470225,0,0,0,0,0,0,0.16975237082484124,-0.09285080161922124,0.3433723404809548,0.0,0.0,0.0
image_604.png,surface,0.0,0.0,1.3991222025460788,-1.561327038424327,-23.93322185865465,0.0,-0.5658677673281677,1.4426363909093336,0.0,0.0,0.0,4.052558288933662,0,0,0,0,0,0,-0.0846817639657454,0.6770884831549664,1.2219655410477406,0.0,0.0,0.0
image_605.png,surface,0.0,0.0,2.0644339993184033,10.184849023307033,-3.9379216950585585,0.0,1.1724625988220454,4.292065374212961,0.0,0.0,0.0,-1.6367743808048294,0,0,0,0,0,0,0.09570785696896822,0.7446768318194052,1.6765716152345378,0.0,0.0,0.0
image_606.png,surface,0.0,0.0,2.979215849401576,-16.694756546837887,9.964948633186292,0.0,-3.1157202641316597,3.608123636858492,0.0,0.0,0.0,3.0951003767114287,0,0,0,0,0,0,-0.9053107206143024,0.8192057086883712,2.7220193241167006,0.0,0.0,0.0
image_607.png,surface,0.0,0.0,1.0171862379491836,0.00433756330607069,22.06150966957562,0.0,-2.7547477143414687,-1.2419048784136568,0.0,0.0,0.0,4.589396446963503,0,0,0,0,0,0,-0.27484191865900826,-0.11337664296388773,0.6457277510618663,0.0,0.0,0.0
image_608.png,surface,0.0,0.0,0.8817975166251275,-3.3662391216925536,-14.847778433743485,0.0,-0.41340591256347814,-0.47542288620181816,0.0,0.0,0.0,-2.6854377579865174,0,0,0,0,0,0,-0.04331679394123245,-0.17847948968744892,0.39195580368346034,0.0,0.0,0.0
image_609.png,surface,0.0,0.0,1.4109211549480296,-6.674435918612672,-13.102704819023872,0.0,3.4155472774913416,2.645672948690157,0.0,0.0,0.0,4.277995667558871,0,0,0,0,0,0,0.33997120093270344,0.18654321307285357,0.759510458580536,0.0,0.0,0.0
image_610.png,surface,0.0,0.0,1.8772815729693266,-16.4085169613126,-0.3227547607393494,0.0,0.30980688718152594,-4.041273810844127,0.0,0.0,0.0,-4.030791082396259,0,0,0,0,0,0,0.15667477011032158,-0.6212685142498356,1.2643702827959402,0.0,0.0,0.0
image_611.png,surface,0.0,0.0,2.1612482950845235,1.5133218837745797,20.59079321755066,0.0,-2.015563643688108,0.5921635308543401,0.0,0.0,0.0,-1.3087588082799693,0,0,0,0,0,0,-1.3083635008343875,0.24689529026385085,2.7594667974772737,0.0,0.0,0.0
image_612.png,surface,0.0,0.0,1.4020368925274873,5.433667288202087,-4.914091773239061,0.0,1.4752477948048903,2.455591018804689,0.0,0.0,0.0,2.178698574191678,0,0,0,0,0,0,0.12250833975526966,0.25708899442643846,0.5826230642896636,0.0,0.0,0.0
image_613.png,surface,0.0,0.0,1.0711040957330673,-3.5314059042778703,-14.612305866796007,0.0,-3.4621452029393236,-0.29606123887802543,0.0,0.0,0.0,3.58189451579954,0,0,0,0,0,0,-0.26790210028844985,0.014771432420786247,0.4186535968557347,0.0,0.0,0.0
image_614.png,surface,0.0,0.0,0.5130610760201355,13.4440687563051,-18.603871708578602,0.0,-2.9663011640175148,-0.8810580769974908,0.0,0.0,0.0,-3.0649302083232186,0,0,0,0,0,0,-0.24242566179653127,-0.04556334064277452,0.4495137090705907,0.0,0.0,0.0
image_615.png,surface,0.0,0.0,0.9586174976095414,-21.81413228421951,-12.443953217342155,0.0,-1.8035219586173206,-2.800330440891156,0.0,0.0,0.0,3.476122415461999,0,0,0,0,0,0,-0.09770914231047792,-0.40158475093111373,0.8753698596129394,0.0,0.0,0.0
image_616.png,surface,0.0,0.0,0.750158911072079,-18.189514003426044,8.305695021463393,0.0,-3.610037002576349,-3.1409909197062427,0.0,0.0,0.0,3.0800090783344185,0,0,0,0,0,0,-0.11068782017541703,-0.09926591359067669,0.32792665334707904,0.0,0.0,0.0
image_617.png,surface,0.0,0.0,1.1052746636315918,8.685620761824278,3.454143380038727,0.0,-4.134328885704773,1.1032272518841588,0.0,0.0,0.0,-1.451498488638011,0,0,0,0,0,0,-0.18547958201811998,0.04264366241349027,0.43497685447444623,0.0,0.0,0.0
image_618.png,surface,0.0,0.0,1.30643618154871,5.384341197224599,-11.180689323632178,0.0,-0.24499630217516274,3.199695033159997,0.0,0.0,0.0,-4.123422098663258,0,0,0,0,0,0,-0.05715077398254303,0.3879081978463089,0.6638597417409283,0.0,0.0,0.0
image_619.png,surface,0.0,0.0,0.6968460035236641,-21.779134990081797,-2.144159803946595,0.0,-0.44157761696933023,3.736482256062747,0.0,0.0,0.0,2.4970217053541006,0,0,0,0,0,0,-0.02254299552936334,0.17178908477950386,0.33099480053833896,0.0,0.0,0.0
image_620.png,surface,0.0,0.0,1.514614897177784,-11.886128587940775,17.17527712512639,0.0,3.379419143422874,3.560835859627963,0.0,0.0,0.0,0.19399906198717343,0,0,0,0,0,0,0.26530727784945823,0.2605340888887941,0.6847517250898573,0.0,0.0,0.0
image_621.png,surface,0.0,0.0,0.9190651993582672,-16.940001010834756,3.25218422228626,0.0,3.659742871421793,-3.3450987554006573,0.0,0.0,0.0,4.064205696367733,0,0,0,0,0,0,0.17372602559798314,-0.10785505320915294,0.36115374956683755,0.0,0.0,0.0
image_622.png,surface,0.0,0.0,1.9534188792249023,19.468830501269178,12.3783735486436,0.0,2.2372332731285325,-3.0098624077814655,0.0,0.0,0.0,4.283808666171117,0,0,0,0,0,0,0.5051023527921492,-0.5352072229956956,1.2946609790473529,0.0,0.0,0.0
image_623.png,surface,0.0,0.0,1.4446935374346854,14.96003814880736,-4.809275491846159,0.0,-3.555565722237013,-0.047866583494005445,0.0,0.0,0.0,1.4028041678183474,0,0,0,0,0,0,-0.42952529571277853,0.04741016297099641,0.8599487355206246,0.0,0.0,0.0
image_624.png,surface,0.0,0.0,2.099130164318148,3.6270995608587455,7.7999801978910925,0.0,1.841033859386183,4.312063868245033,0.0,0.0,0.0,1.243812145674596,0,0,0,0,0,0,0.1547876265183277,0.498896871223961,1.1644455967248397,0.0,0.0,0.0
image_625.png,surface,0.0,0.0,2.440385968350242,-4.477865908531336,-0.22702861973921754,0.0,-0.7479030099169182,-2.259414351925838,0.0,0.0,0.0,-4.316348349991161,0,0,0,0,0,0,-0.06404493565329526,-0.8604933567518385,1.795412076310853,0.0,0.0,0.0
image_626.png,surface,0.0,0.0,0.7117574870498551,-12.637865898348661,-6.823101060038332,0.0,3.192192102387362,2.112167806992982,0.0,0.0,0.0,-4.282078921181385,0,0,0,0,0,0,0.14560758607727317,0.05562175799085843,0.2619413917009858,0.0,0.0,0.0
image_627.png,surface,0.0,0.0,1.4561966916819316,-14.144305003821286,-16.074043007928754,0.0,3.7318557994530552,-1.001542472847634,0.0,0.0,0.0,-2.446795403301886,0,0,0,0,0,0,0.6198726428752469,-0.26835870069507634,1.4076688342549837,0.0,0.0,0.0
image_628.png,surface,0.0,0.0,2.944437950397981,17.92608554569922,-8.114985665590817,0.0,4.691268162484212,0.8956887273160842,0.0,0.0,0.0,4.599876986467828,0,0,0,0,0,0,2.782449407790713,1.2450288228505257,7.881932804614485,0.0,0.0,0.0
image_629.png,surface,0.0,0.0,0.5057739901408091,-10.221085328162866,-22.81038011038188,0.0,2.271682563483612,-3.51006542626222,0.0,0.0,0.0,0.45866363114273856,0,0,0,0,0,0,0.19569602954477747,-0.23511117947960064,0.6901511282255688,0.0,0.0,0.0
image_630.png,surface,0.0,0.0,1.64727751692868,11.541434311846736,-20.471588922475558,0.0,-2.675555756253163,1.5541936762382498,0.0,0.0,0.0,-1.5444053534312552,0,0,0,0,0,0,-0.6246087645351543,0.5180666982186041,1.590221359131173,0.0,0.0,0.0
image_631.png,surface,0.0,0.0,1.672273889634048,-10.459242476126779,6.1257864623236085,0.0,-1.776715578878867,-3.4651675604876417,0.0,0.0,0.0,-1.7586474558384237,0,0,0,0,0,0,-0.09059582848065553,-0.4130998611888511,0.8295419230727445,0.0,0.0,0.0
image_632.png,surface,0.0,0.0,2.559303894010531,12.515119862726383,14.186314474233145,0.0,-1.5259145787027815,-3.0545529096425823,0.0,0.0,0.0,-1.306142092532797,0,0,0,0,0,0,-0.7284412312346548,-0.9417566853985874,2.732067841118644,0.0,0.0,0.0
image_633.png,surface,0.0,0.0,1.2255672670264321,22.010649898768467,2.5703675366068404,0.0,3.385984091423682,-0.4810992326745651,0.0,0.0,0.0,-2.09098970727033,0,0,0,0,0,0,0.46906551963503273,-0.07458393545626386,0.9877792698080096,0.0,0.0,0.0
image_634.png,surface,0.0,0.0,2.4400766242407688,15.97092709365136,11.27687946937757,0.0,2.478066201629606,3.4928962538642274,0.0,0.0,0.0,-0.4314358391890005,0,0,0,0,0,0,0.49166406414916014,1.2415113656734356,3.260083914514083,0.0,0.0,0.0
image_635.png,surface,0.0,0.0,0.5055005564084065,-14.036360862564772,1.8774471340025034,0.0,-3.489503285627204,1.0688680031980669,0.0,0.0,0.0,3.6525292490811143,0,0,0,0,0,0,-0.06418190575271415,0.027579632928777895,0.1380141480179105,0.0,0.0,0.0
image_636.png,surface,0.0,0.0,1.7268750444119991,9.655608698576572,-2.5256832819577673,0.0,-0.8176071227953468,-4.50031726794048,0.0,0.0,0.0,2.586001556722712,0,0,0,0,0,0,0.015622961728721057,-0.4063984445634466,0.8316253155978149,0.0,0.0,0.0
image_637.png,surface,0.0,0.0,1.2983012207456694,-20.024406613459615,3.873851081400845,0.0,1.7899752960109065,2.8082736823885477,0.0,0.0,0.0,3.6403029636444657,0,0,0,0,0,0,0.16343196168165489,0.25085950854930156,0.562541661312225,0.0,0.0,0.0
image_638.png,surface,0.0,0.0,2.5203888242271946,-18.57161552075775,-1.103989184334328,0.0,3.6355072910921007,-1.42575917112383,0.0,0.0,0.0,-1.5624467351659446,0,0,0,0,0,0,1.0899890275508213,-0.7987144755985772,2.930505954873014,0.0,0.0,0.0
image_639.png,surface,0.0,0.0,1.507368196980845,-16.967355405940896,13.103187275219568,0.0,1.7858267926316438,2.0655460280198494,0.0,0.0,0.0,4.591382867808367,0,0,0,0,0,0,0.2873533762959298,0.2720020060717049,0.6665616763125616,0.0,0.0,0.0
image_640.png,surface,0.0,0.0,0.6746960490308895,12.93045385033953,12.210873614872586,0.0,3.655862097570464,-1.8643264155569566,0.0,0.0,0.0,-4.040950115884822,0,0,0,0,0,0,0.16821982760134288,-0.10323013187612728,0.3149305713578993,0.0,0.0,0.0
image_641.png,surface,0.0,0.0,2.270967412410296,15.047888711554943,17.185238539460787,0.0,-2.34192794640437,-0.15058960035249075,0.0,0.0,0.0,0.6012722129440737,0,0,0,0,0,0,-1.576149176538331,0.4839461051188327,4.14375049966496,0.0,0.0,0.0
image_642.png,surface,0.0,0.0,0.5330574688505678,6.819066388918544,-15.036237472265094,0.0,-3.9882901917956346,-0.1912330629336088,0.0,0.0,0.0,2.8610448413071907,0,0,0,0,0,0,-0.1754472831806809,0.008696110588083754,0.29660207634635516,0.0,0.0,0.0
image_643.png,surface,0.0,0.0,1.3360413489514986,-10.874710491936819,-3.48507959041281,0.0,1.4699868864567047,-0.7468034252625911,0.0,0.0,0.0,-3.1690081276502413,0,0,0,0,0,0,0.25426444405630644,-0.19294416712186102,0.5564299299712653,0.0,0.0,0.0
image_644.png,surface,0.0,0.0,1.7458249943870143,17.444241498270095,-4.159024008012139,0.0,4.721953807420479,0.3099227957168507,0.0,0.0,0.0,0.9177820561931185,0,0,0,0,0,0,0.7538491846768632,-0.050071852391227495,1.6432998589392143,0.0,0.0,0.0
image_645.png,surface,0.0,0.0,2.354356027773947,-11.687465015138455,-15.083175678293124,0.0,-3.9436355149012714,2.911059524057134,0.0,0.0,0.0,0.39273995260444217,0,0,0,0,0,0,-0.6012142715544034,0.45064037911107063,1.7780303749012691,0.0,0.0,0.0
image_646.png,surface,0.0,0.0,1.2826597823023849,3.718810324815061,5.952179337492697,0.0,2.765799173011007,2.590178413041012,0.0,0.0,0.0,-4.073174006578998,0,0,0,0,0,0,0.2105679385616848,0.1570695647410271,0.403670141503948,0.0,0.0,0.0
image_647.png,surface,0.0,0.0,0.7602436361804819,2.942136496621498,-12.08480021355149,0.0,0.7416403960485729,-3.903596704315379,0.0,0.0,0.0,-1.5685373454497133,0,0,0,0,0,0,0.08292398102320271,-0.1577916187858771,0.34933669357255237,0.0,0.0,0.0
image_648.png,surface,0.0,0.0,2.563141341943692,0.19257750133340878,-19.09975779302164,0.0,1.6126461782910273,4.113830820466876,0.0,0.0,0.0,4.959794371396372,0,0,0,0,0,0,0.852056745960227,1.4325741022122023,3.6334935053176234,0.0,0.0,0.0
image_649.png,surface,0.0,0.0,0.524556655398337,-11.08085238017876,-10.383813514768967,0.0,-1.704997320133157,1.3262129837421972,0.0,0.0,0.0,-1.4879728131510328,0,0,0,0,0,0,-0.0847700335853709,0.051445170868687204,0.20151630946263463,0.0,0.0,0.0
image_650.png,surface,0.0,0.0,2.6828278311278173,-5.930370477806847,-18.667897909225356,0.0,3.992570137244573,0.8658263186707661,0.0,0.0,0.0,2.790902505112827,0,0,0,0,0,0,2.295602886416115,-0.1709521942525755,5.442523555169884,0.0,0.0,0.0
image_651.png,surface,0.0,0.0,0.7662438478700422,-2.756765598254268,16.012967587112648,0.0,-2.952888518063918,3.259013670173405,0.0,0.0,0.0,-3.0314240722597177,0,0,0,0,0,0,-0.07575435726361907,0.08096443917284633,0.27560737482362874,0.0,0.0,0.0
image_652.png,surface,0.0,0.0,0.814252386371463,-11.128629403516157,11.51850374714351,0.0,1.115391720039047,2.3306967651231516,0.0,0.0,0.0,4.633909171217251,0,0,0,0,0,0,0.0738382977617478,0.12687386236435058,0.2249628491338351,0.0,0.0,0.0
image_653.png,surface,0.0,0.0,0.9155721608547408,1.6132031521131038,2.578857874498433,0.0,2.5974982834535165,-0.425542287835639,0.0,0.0,0.0,-1.3173483150267087,0,0,0,0,0,0,0.13739242389212517,-0.04917833017450691,0.22558585718795574,0.0,0.0,0.0
image_654.png,surface,0.0,0.0,0.8708575236908587,0.42802257076391004,-23.583592218387626,0.0,-1.115866618147564,1.8143095261360804,0.0,0.0,0.0,-4.232976961251444,0,0,0,0,0,0,-0.2048501978559418,0.4012040601275109,0.7323571326375079,0.0,0.0,0.0
image_655.png,surface,0.0,0.0,2.48694762936533,-17.308642623125664,-9.067637151638193,0.0,0.4225784965233662,0.12178681092293722,0.0,0.0,0.0,-2.4587088539475355,0,0,0,0,0,0,0.4990391430578724,-0.5625052705780068,2.8116208337211375,0.0,0.0,0.0
image_656.png,surface,0.0,0.0,2.527453411156133,-14.310297733168005,-8.967021842167627,0.0,2.8555331361911604,4.097674437376813,0.0,0.0,0.0,-0.8521416783503302,0,0,0,0,0,0,0.5440490396169219,0.7055175914306264,2.0488937331980903,0.0,0.0,0.0
image_657.png,surface,0.0,0.0,0.923669966417724,9.561667483115372,13.815209606556282,0.0,4.529703818214921,0.4029967688922183,0.0,0.0,0.0,-1.3062132994868758,0,0,0,0,0,0,0.19962250572811982,-0.04072919667801667,0.3858061112782713,0.0,0.0,0.0
image_658.png,surface,0.0,0.0,0.781294051666558,18.727031989119865,12.22717193217404,0.0,-0.9307155325452507,-0.48427672958476303,0.0,0.0,0.0,4.6804799694319215,0,0,0,0,0,0,-0.3054319075292329,-0.03735803803288944,0.6163860814161927,0.0,0.0,0.0
image_659.png,surface,0.0,0.0,1.9312015752136928,-12.782066796250055,9.983542150803856,0.0,-4.274235622712752,1.7060013288067857,0.0,0.0,0.0,2.4977650191541336,0,0,0,0,0,0,-0.4675588485414242,0.19848463410652653,1.0535903571594034,0.0,0.0,0.0
image_660.png,surface,0.0,0.0,2.249267393391671,15.410652387252581,15.056872667330484,0.0,-1.071141751761357,0.4480731317317792,0.0,0.0,0.0,-1.394980497694064,0,0,0,0,0,0,-0.8136366330732205,0.6593297290976436,3.3658724685067596,0.0,0.0,0.0
image_661.png,surface,0.0,0.0,1.8975996437606073,17.311980784493908,-14.997061724994005,0.0,1.0329331558410244,4.452250942238545,0.0,0.0,0.0,-4.535672081190958,0,0,0,0,0,0,0.4936257803508376,1.4394485601119718,3.6294941955508486,0.0,0.0,0.0
image_662.png,surface,0.0,0.0,0.5692246662026761,20.06655232626862,6.814682500144185,0.0,-1.6802731039127927,1.3145528972752414,0.0,0.0,0.0,-1.9737424123426548,0,0,0,0,0,0,-0.173210104890172,0.15477440820195074,0.5299688351994818,0.0,0.0,0.0
image_663.png,surface,0.0,0.0,2.415220631253004,-1.2188567141058666,-19.0129252058259,0.0,-3.68288892476627,-1.0952531778359151,0.0,0.0,0.0,2.099031830455825,0,0,0,0,0,0,-0.8374572552521646,-0.16613850062024255,1.7686830210856839,0.0,0.0,0.0
image_664.png,surface,0.0,0.0,2.285475539836478,-8.872306360624954,9.160974545654568,0.0,0.7001435114911414,2.3967723278810005,0.0,0.0,0.0,-2.2458816639775314,0,0,0,0,0,0,0.0945101295440495,0.5497411169398535,1.122697358087433,0.0,0.0,0.0
image_665.png,surface,0.0,0.0,2.2931489379998,-0.5298129340602391,-22.327389990953293,0.0,-2.9015440407894766,2.966497181007118,0.0,0.0,0.0,0.18924068088846635,0,0,0,0,0,0,-0.5404725981320945,0.6882921191188474,2.1943203372577673,0.0,0.0,0.0
image_666.png,surface,0.0,0.0,1.0180330724347648,-13.853379953089815,-12.80360254234847,0.0,-0.5311484504699784,0.27023158968158656,0.0,0.0,0.0,2.719980301981785,0,0,0,0,0,0,-0.10148342949446579,0.12549739768190254,0.4762427642957597,0.0,0.0,0.0
image_667.png,surface,0.0,0.0,0.6757067692216601,7.788190071851863,13.128399848621697,0.0,-2.693359755900576,-0.26263821014621724,0.0,0.0,0.0,1.1577602322932865,0,0,0,0,0,0,-0.10330969748671809,-0.03343629351478295,0.29927498186887186,0.0,0.0,0.0
image_668.png,surface,0.0,0.0,2.9932110575760413,2.015008031603666,6.7560159304979175,0.0,-3.849050752675197,1.6431372758832696,0.0,0.0,0.0,4.189835465572827,0,0,0,0,0,0,-1.6962262970289148,0.6807884202213873,3.5249628226853007,0.0,0.0,0.0
image_669.png,surface,0.0,0.0,1.6944930814626986,-1.4734585459812595,-2.381679737010078,0.0,-2.3432080950480376,-1.0269584310309015,0.0,0.0,0.0,4.331366354075023,0,0,0,0,0,0,-0.3173026494788724,-0.11517469911478868,0.5948197309262446,0.0,0.0,0.0
image_670.png,surface,0.0,0.0,2.31560685615148,-5.060807523496187,-22.3317373238964,0.0,2.999576080559378,-2.915546264318614,0.0,0.0,0.0,-3.7838967257485367,0,0,0,0,0,0,2.0809981346465563,-1.2757106138979184,5.112847343362577,0.0,0.0,0.0
image_671.png,surface,0.0,0.0,0.7410434460301538,-0.6426643162502742,10.512024237059382,0.0,0.2951681000893364,-1.9241109889708812,0.0,0.0,0.0,-3.609219034219968,0,0,0,0,0,0,0.06446954296149386,-0.10861643481635855,0.1857066427129108,0.0,0.0,0.0
image_672.png,surface,0.0,0.0,1.7623306597312276,-15.312270119529575,-6.127257956299486,0.0,-2.0840471700437244,-0.588782302203773,0.0,0.0,0.0,4.581541526350069,0,0,0,0,0,0,-0.5007467036306278,-0.17745068065622488,0.9884491709414728,0.0,0.0,0.0
image_673.png,surface,0.0,0.0,1.7602416462750579,11.021017319099716,-13.684030731468074,0.0,3.418455072372065,-1.8342239685339814,0.0,0.0,0.0,-1.098406536421935,0,0,0,0,0,0,0.6916114933909014,-0.2641018853456996,1.7984936215247822,0.0,0.0,0.0
image_674.png,surface,0.0,0.0,0.8071450335380479,-13.937169766806841,-15.693938316870847,0.0,0.5493981213025455,2.576116556388476,0.0,0.0,0.0,-0.9537667699481425,0,0,0,0,0,0,0.030692716444788992,0.1962413899497596,0.46369774906977773,0.0,0.0,0.0
image_675.png,surface,0.0,0.0,1.3790191118316346,-12.640516074133474,-11.113027992170421,0.0,4.257332822267715,-0.5367909389559874,0.0,0.0,0.0,3.0309906571753586,0,0,0,0,0,0,0.39632069983364604,-0.1165857720521098,0.8512936128762838,0.0,0.0,0.0
image_676.png,surface,0.0,0.0,2.7286583463992686,-8.64685521726541,-18.073665427903343,0.0,-1.4915922802266692,-0.30362746851651445,0.0,0.0,0.0,3.571731966009345,0,0,0,0,0,0,-0.034246329579713,-0.29228873583724896,3.169446291156556,0.0,0.0,0.0
image_677.png,surface,0.0,0.0,2.2255373155091016,-6.568405072171457,6.669670788521749,0.0,2.234040352443165,3.519393056528405,0.0,0.0,0.0,-3.446460979922401,0,0,0,0,0,0,0.25557479134074745,0.46521045441259584,1.0594475260696463,0.0,0.0,0.0
image_678.png,surface,0.0,0.0,2.3291769996738902,5.73001459847366,-17.803698589951086,0.0,-1.9341626573526252,-0.7972668219475352,0.0,0.0,0.0,-4.7623235002126805,0,0,0,0,0,0,-0.3623277649378575,-0.20440579189479488,1.8362760454520877,0.0,0.0,0.0
image_679.png,surface,0.0,0.0,2.695721979081326,-0.5728277910902841,12.847599203066551,0.0,1.1421559392649874,-0.17774877849162632,0.0,0.0,0.0,-4.182608192224534,0,0,0,0,0,0,0.42112446294841793,-0.09766134904656572,1.9080894469593086,0.0,0.0,0.0
image_680.png,surface,0.0,0.0,1.2757139973130425,-22.60721252133829,8.147474985969833,0.0,-2.038530804066584,-2.688858394830566,0.0,0.0,0.0,3.4611311687560615,0,0,0,0,0,0,-0.11954217615785319,-0.3516072846895396,0.8785183949402154,0.0,0.0,0.0
image_681.png,surface,0.0,0.0,2.474861756669939,-20.457737241019455,8.611837959265033,0.0,-3.720825023508339,-3.0042813095407337,0.0,0.0,0.0,1.5367438547530732,0,0,0,0,0,0,-0.9053609429840891,-1.4220170113734472,4.04151465468341,0.0,0.0,0.0
image_682.png,surface,0.0,0.0,0.7413468063431283,20.677976696599586,-4.660772158134754,0.0,2.869983724393376,0.4850621657800122,0.0,0.0,0.0,0.9542271040147643,0,0,0,0,0,0,0.32198246120901897,-0.015328310703742413,0.6782581501028239,0.0,0.0,0.0
image_683.png,surface,0.0,0.0,1.9438718296333,-0.05634246408428675,-5.812846746530768,0.0,-3.956999883744264,0.8417098634855207,0.0,0.0,0.0,-4.73867911998036,0,0,0,0,0,0,-0.524483621859926,0.14670439240656916,0.8603328121704771,0.0,0.0,0.0
image_684.png,surface,0.0,0.0,1.8353701908566409,-16.48538422519425,12.005832252260058,0.0,-4.294113338405403,-0.33316253707765875,0.0,0.0,0.0,3.5989392868271235,0,0,0,0,0,0,-0.6168532131280566,-0.033645516146515037,1.2974522337701149,0.0,0.0,0.0
image_685.png,surface,0.0,0.0,1.5779805003009877,-7.449632754380862,14.541672195087987,0.0,3.5271041813728226,2.4217313193359677,0.0,0.0,0.0,-1.8906044110195594,0,0,0,0,0,0,0.3329400691625323,0.13508073807673002,0.6331313767489863,0.0,0.0,0.0
image_686.png,surface,0.0,0.0,1.0229228885588963,3.557859194708361,0.3087843162724182,0.0,2.865237222311032,1.9958015646521776,0.0,0.0,0.0,0.9926023941952922,0,0,0,0,0,0,0.15130858599308716,0.04962823748785563,0.30029769759929203,0.0,0.0,0.0
image_687.png,surface,0.0,0.0,1.5688162858743586,19.488534415153044,-7.779366031548423,0.0,4.581792687054059,1.5236804522726977,0.0,0.0,0.0,3.407452853078013,0,0,0,0,0,0,0.7992258567243573,0.13830402508739995,1.8953345293781751,0.0,0.0,0.0
image_688.png,surface,0.0,0.0,2.610707848614094,12.493523415875222,15.985320012388904,0.0,0.03631052018967409,-3.4861209083159976,0.0,0.0,0.0,-2.369620583310833,0,0,0,0,0,0,0.05822370642799134,-1.1704905073665945,2.237995658155769,0.0,0.0,0.0
image_689.png,surface,0.0,0.0,2.326758435221546,1.9441400384450018,10.304235479241592,0.0,-2.0774613439332525,-4.491841225786355,0.0,0.0,0.0,-2.9126535236337747,0,0,0,0,0,0,-0.205763331852068,-0.8027258869588547,1.6099834425683281,0.0,0.0,0.0
image_690.png,surface,0.0,0.0,1.601508082107288,9.35003280786985,-22.371900663039735,0.0,-1.6757949256934,1.0140843731947309,0.0,0.0,0.0,-2.5686049094556154,0,0,0,0,0,0,-0.3972475308397137,0.5794019644684929,1.6428264621382345,0.0,0.0,0.0
image_691.png,surface,0.0,0.0,2.9189717023925574,-5.618589195449476,10.055400363253487,0.0,-4.513484405458752,0.45696351359973814,0.0,0.0,0.0,2.4909226423610553,0,0,0,0,0,0,-1.9514807305260227,-0.014217700342818539,3.861923092817125,0.0,0.0,0.0
image_692.png,surface,0.0,0.0,2.4632297892633455,2.0171637959400788,-20.095789888295336,0.0,-3.717379605684143,0.5821389663401063,0.0,0.0,0.0,0.578595560386054,0,0,0,0,0,0,-0.9034342302522631,0.28540483932251426,2.068794262869496,0.0,0.0,0.0
image_693.png,surface,0.0,0.0,0.6106515445399658,19.291259996837905,3.065502158883478,0.0,3.301271654486822,-2.3577826086449156,0.0,0.0,0.0,-4.8528745168485425,0,0,0,0,0,0,0.21631763895729217,-0.13027176375187965,0.3895128975500995,0.0,0.0,0.0
image_694.png,surface,0.0,0.0,2.3768413089374487,-4.182908497837156,-9.256468680296473,0.0,0.7334691684381512,1.9617764420237367,0.0,0.0,0.0,-4.032586230876221,0,0,0,0,0,0,0.4700471386808683,0.7237624341586646,1.6882457589870168,0.0,0.0,0.0
image_695.png,surface,0.0,0.0,2.2963444491679192,-14.496135604729782,13.398921844691964,0.0,-1.4294960156412744,2.7968448289949754,0.0,0.0,0.0,4.924750308223274,0,0,0,0,0,0,-0.41452402604641947,0.6955126595673459,1.4928623944012367,0.0,0.0,0.0
image_696.png,surface,0.0,0.0,0.6230516379422077,20.73441022868213,-9.884497704044731,0.0,2.28955597332897,-2.235919436375123,0.0,0.0,0.0,-2.059270493709111,0,0,0,0,0,0,0.2480064324028554,-0.20936735716158505,0.622308007436004,0.0,0.0,0.0
image_697.png,surface,0.0,0.0,2.8163931640730597,-8.381411373998876,21.622551394687022,0.0,-3.1214912178472916,0.49661207857785133,0.0,0.0,0.0,2.2371408403842405,0,0,0,0,0,0,-2.2402852289307944,-0.5369344895343565,5.740057910593637,0.0,0.0,0.0
image_698.png,surface,0.0,0.0,1.6675971581685454,1.959388691257432,-20.77784413797389,0.0,-0.41376572681371215,-4.18284451001157,0.0,0.0,0.0,-2.5066391972825453,0,0,0,0,0,0,0.1957234235646615,-0.6240529056646161,1.441436317389069,0.0,0.0,0.0
image_699.png,surface,0.0,0.0,1.0978187448814223,-23.577829404688813,-3.1138997027771995,0.0,-0.6581424632849425,-1.2607370803771625,0.0,0.0,0.0,4.233505958729616,0,0,0,0,0,0,0.016968312483013538,-0.3907303437209511,0.7858710681822995,0.0,0.0,0.0
image_700.png,surface,0.0,0.0,1.620564477493252,5.083718268940352,-16.688347925889563,0.0,3.9728932870187412,0.11655659088696373,0.0,0.0,0.0,-2.620695295077662,0,0,0,0,0,0,0.7082381415703647,-0.15592277302273605,1.5590262963495856,0.0,0.0,0.0
image_701.png,surface,0.0,0.0,2.5844511669750263,8.000631008530837,6.296995080730988,0.0,2.3808373452091898,-2.7445782793249713,0.0,0.0,0.0,2.656623053079058,0,0,0,0,0,0,0.678132113718087,-0.6017305812715428,1.8469274734741463,0.0,0.0,0.0
image_702.png,surface,0.0,0.0,1.1262645489316019,7.695814703085885,-10.759036678273235,0.0,-1.2622806325577827,-1.9161994698383884,0.0,0.0,0.0,4.808047006124745,0,0,0,0,0,0,-0.12409262723854833,-0.23027388930985454,0.4220477625986127,0.0,0.0,0.0
image_703.png,surface,0.0,0.0,2.7852319828931584,-10.071918857176485,-0.5057315567835055,0.0,2.0638984840687007,0.2089734565786057,0.0,0.0,0.0,-4.274672507946832,0,0,0,0,0,0,1.039020931667049,-0.16410919840269048,2.3681507493762703,0.0,0.0,0.0
image_704.png,surface,0.0,0.0,0.6618495218695899,12.84799079510484,3.382437894098343,0.0,1.0546678089060157,1.303848050452952,0.0,0.0,0.0,-2.1290018428450175,0,0,0,0,0,0,0.12689138293667493,0.1061498101054115,0.27831824141037503,0.0,0.0,0.0
image_705.png,surface,0.0,0.0,0.723392710449932,16.004249140336327,13.619608114100766,0.0,-1.0669578258070493,-2.190028369348636,0.0,0.0,0.0,4.6017108681431225,0,0,0,0,0,0,-0.08577752476109671,-0.20549752502578786,0.4268040606461994,0.0,0.0,0.0
image_706.png,surface,0.0,0.0,1.9983101461118769,-16.681200510415994,15.191116678518672,0.0,-2.2999755962585775,-0.14674644375469081,0.0,0.0,0.0,0.9898607155930907,0,0,0,0,0,0,-0.7249256653495696,-0.20104879117211558,1.8691681911051157,0.0,0.0,0.0
image_707.png,surface,0.0,0.0,1.7744923876025567,-13.35589156820293,9.386207872090294,0.0,-0.282669112859693,2.606695834032635,0.0,0.0,0.0,-1.056700437663931,0,0,0,0,0,0,-0.09198683593475422,0.3482644418893085,0.7868535898447123,0.0,0.0,0.0
image_708.png,surface,0.0,0.0,2.1787626988811395,-4.252933274268098,-14.16305151765056,0.0,0.07340371898550099,-0.9629195963295978,0.0,0.0,0.0,3.235487347243069,0,0,0,0,0,0,0.4177945676425447,-0.45069071839088626,1.862603159997178,0.0,0.0,0.0
image_709.png,surface,0.0,0.0,0.6086148208839948,-11.547202071295173,-2.245426102884193,0.0,0.6399002228727783,-3.9723658192360074,0.0,0.0,0.0,2.3112094265091967,0,0,0,0,0,0,0.05507339414135622,-0.07274340553801892,0.18620906856300798,0.0,0.0,0.0
image_710.png,surface,0.0,0.0,1.1506059222660632,8.779692757428998,-13.402613461632281,0.0,-4.4229694310415555,2.323225427209216,0.0,0.0,0.0,-4.569631887586686,0,0,0,0,0,0,-0.3135588000947554,0.1659245586810277,0.5879152832440206,0.0,0.0,0.0
image_711.png,surface,0.0,0.0,2.2578617034474213,-17.66698751472314,14.36620511286332,0.0,0.42786324817522053,-3.4987221820785823,0.0,0.0,0.0,0.2393231085473193,0,0,0,0,0,0,0.12453397533667615,-1.0444016231468618,2.3755464578896994,0.0,0.0,0.0
image_712.png,surface,0.0,0.0,1.3610039208148308,15.164933399077647,13.466408019120031,0.0,3.2442239482469004,0.3855317058908231,0.0,0.0,0.0,-2.660311598085042,0,0,0,0,0,0,0.42259308679218766,-0.013280131256259592,0.7973397755871842,0.0,0.0,0.0
image_713.png,surface,0.0,0.0,1.2616366825453766,-12.164172367369357,17.671733770118777,0.0,1.070827356012275,-2.4551279548143983,0.0,0.0,0.0,3.635694636049804,0,0,0,0,0,0,0.1946915821490389,-0.31695498294671975,0.6259969296776068,0.0,0.0,0.0
image_714.png,surface,0.0,0.0,2.5494424072706154,10.439022652152495,12.628192873742615,0.0,-3.0753486645770263,1.012762805785351,0.0,0.0,0.0,0.7131592172131196,0,0,0,0,0,0,-1.6514081586090523,0.6668192700726565,4.1216035681926755,0.0,0.0,0.0
image_715.png,surface,0.0,0.0,2.490157654599226,9.390681770411977,-15.407511291419551,0.0,3.2475183055797414,0.8846687720448407,0.0,0.0,0.0,-4.5412162111176695,0,0,0,0,0,0,2.162541000500618,0.4387713207921322,5.132866222234222,0.0,0.0,0.0
image_716.png,surface,0.0,0.0,2.3624773464894306,10.460784302928529,14.146747920090831,0.0,-0.9337200198569556,1.819568546077354,0.0,0.0,0.0,-1.7673537672099862,0,0,0,0,0,0,-0.6066413312713795,1.107177851281463,2.9376604989784014,0.0,0.0,0.0
image_717.png,surface,0.0,0.0,2.069063540018731,20.35034590078006,-6.512819733369058,0.0,-2.677133798601729,-3.9171426370082165,0.0,0.0,0.0,-3.506771660219851,0,0,0,0,0,0,-0.28351669162220633,-0.7054263514859614,1.5638406524954045,0.0,0.0,0.0
image_718.png,surface,0.0,0.0,2.8860128597097865,-7.846367228750894,-21.817840911614596,0.0,2.769237972337376,-0.2971632133705478,0.0,0.0,0.0,-3.4591899644331905,0,0,0,0,0,0,3.154341490392995,-1.2136359894757431,8.17538969513924,0.0,0.0,0.0
image_719.png,surface,0.0,0.0,0.5526424894732744,-22.811156851341824,9.30350092150146,0.0,0.9077300288176909,-0.39463279545051566,0.0,0.0,0.0,-2.909900959107677,0,0,0,0,0,0,0.13477933877321108,-0.08312588199991343,0.30505622865065646,0.0,0.0,0.0
image_720.png,surface,0.0,0.0,0.8816077490336117,1.118255832067064,-10.891483139955124,0.0,0.5545075276042484,-1.3313488864490812,0.0,0.0,0.0,-1.395702390434863,0,0,0,0,0,0,0.12084643588232005,-0.1791637892724375,0.355924054718271,0.0,0.0,0.0
image_721.png,surface,0.0,0.0,1.649720696365148,13.675694257512124,19.345738137155006,0.0,2.4418407131813002,2.5987865603007942,0.0,0.0,0.0,1.9098308744496606,0,0,0,0,0,0,0.37827717207019357,0.5125923015386964,1.3944248888464226,0.0,0.0,0.0
image_722.png,surface,0.0,0.0,1.2017246086407323,-6.929398536592601,2.002348256083867,0.0,2.99962741396527,-1.5794313232188586,0.0,0.0,0.0,-1.4061236030873947,0,0,0,0,0,0,0.17221326694440117,-0.06442169334356106,0.3683886818082366,0.0,0.0,0.0
image_723.png,surface,0.0,0.0,1.233398358534409,23.67555445874873,-4.568561613008437,0.0,3.6842517068532086,-1.8570345671768949,0.0,0.0,0.0,-2.726703563818748,0,0,0,0,0,0,0.4699649566212171,-0.21588000148768247,1.148354571499062,0.0,0.0,0.0
image_724.png,surface,0.0,0.0,2.9507406649216885,17.08303082330755,3.1245790564302416,0.0,1.1211791542686869,2.891985238648284,0.0,0.0,0.0,-1.2382210270286622,0,0,0,0,0,0,0.7129483911003821,2.2067796409507325,6.712017465134922,0.0,0.0,0.0
image_725.png,surface,0.0,0.0,0.6105512120651024,6.885800206232458,-18.408647318914348,0.0,-3.8914909515484593,-1.4434616851563584,0.0,0.0,0.0,3.3733852941115643,0,0,0,0,0,0,-0.20558070505284282,-0.05007185239122753,0.35164115347166464,0.0,0.0,0.0
image_726.png,surface,0.0,0.0,0.5647446813483852,3.19041991055123,-11.399025594069105,0.0,4.548402401481852,1.397608076271425,0.0,0.0,0.0,-3.0923620516635553,0,0,0,0,0,0,0.1338129386273108,0.007532014742356181,0.2656258479350316,0.0,0.0,0.0
image_727.png,surface,0.0,0.0,2.8378621385980956,5.005985489718084,-0.19665923399342825,0.0,2.8494539531547045,2.2796787077099494,0.0,0.0,0.0,1.9062678546407676,0,0,0,0,0,0,1.0702835959144203,0.7443102989382501,2.7275795035244412,0.0,0.0,0.0
image_728.png,surface,0.0,0.0,0.9002251024752063,-2.9495290413606337,-13.15091652492834,0.0,-0.32897927115458514,0.2668599478975614,0.0,0.0,0.0,-0.43706494482380176,0,0,0,0,0,0,-0.0792714450386982,0.08384321673728073,0.37663293175738655,0.0,0.0,0.0
image_729.png,surface,0.0,0.0,0.6074432057446404,-2.6084711480013083,-18.164047263342766,0.0,0.2688922726711027,1.792286577016848,0.0,0.0,0.0,-1.5838916291662453,0,0,0,0,0,0,0.003910496338410096,0.1670257304269863,0.386676982751773,0.0,0.0,0.0
image_730.png,surface,0.0,0.0,1.646363197837772,15.469220486601257,-10.899222843828724,0.0,-0.4043791580406939,2.362326395524884,0.0,0.0,0.0,2.8534590367785313,0,0,0,0,0,0,-0.09627856571654696,0.7996205826352519,1.7393145553946703,0.0,0.0,0.0
image_731.png,surface,0.0,0.0,2.7047264258895667,15.121366681170667,-5.951019082205226,0.0,-1.817237536875366,0.26700105469121516,0.0,0.0,0.0,2.963373998977313,0,0,0,0,0,0,-0.6711329416377795,0.6366628952583359,3.4993324053190102,0.0,0.0,0.0
image_732.png,surface,0.0,0.0,1.2651618436743843,0.16355721383355848,-11.454155828890675,0.0,4.796621602089183,0.38211465848524356,0.0,0.0,0.0,-3.5180058353304586,0,0,0,0,0,0,0.30015855870160485,-0.03646136961118038,0.6259567356095993,0.0,0.0,0.0
image_733.png,surface,0.0,0.0,2.8306286262742826,5.43272285378808,18.16868492209347,0.0,0.5301101934467606,-3.1104856878896054,0.0,0.0,0.0,3.099990414301331,0,0,0,0,0,0,-0.03069728211476957,-1.2000380915156497,2.84219958745994,0.0,0.0,0.0
image_734.png,surface,0.0,0.0,2.663190383139556,-6.212520540230054,-6.313543219331761,0.0,-4.216139335997185,-2.0218636853056293,0.0,0.0,0.0,0.6317757983849495,0,0,0,0,0,0,-0.786288269889244,-0.3160394372950799,2.139419706366709,0.0,0.0,0.0
image_735.png,surface,0.0,0.0,1.2010447070266015,-5.21170944189986,-20.674385960894096,0.0,2.924011362710837,2.8390301056045066,0.0,0.0,0.0,-0.607003148584436,0,0,0,0,0,0,0.4029317899655988,0.20989591959964524,1.0415991268704183,0.0,0.0,0.0
image_736.png,surface,0.0,0.0,1.5885979807264117,6.155980820486401,23.03618154250619,0.0,0.22267532400697904,-1.5370564567404692,0.0,0.0,0.0,-4.579536220840144,0,0,0,0,0,0,0.037267281216897014,-0.3819713090330985,1.0144413349198336,0.0,0.0,0.0
image_737.png,surface,0.0,0.0,2.809345167344551,-3.969600025786341,-6.264076356977411,0.0,0.2594171591558607,-3.7644927803286405,0.0,0.0,0.0,3.446637140246212,0,0,0,0,0,0,0.5857868726898531,-1.5028351520143322,3.2001947531825006,0.0,0.0,0.0
image_738.png,surface,0.0,0.0,0.8082169473641669,8.278871852557124,-17.001413430166235,0.0,-4.5987317496254025,1.875533598800853,0.0,0.0,0.0,3.0676609498556147,0,0,0,0,0,0,-0.2343520353807829,0.09406838294975246,0.4624428009464245,0.0,0.0,0.0
image_739.png,surface,0.0,0.0,0.6547333412255485,-13.612516141604548,-4.785746970265876,0.0,1.6012718244176498,3.6232068961634507,0.0,0.0,0.0,3.0449978497053927,0,0,0,0,0,0,0.058852246995324785,0.10239009514421046,0.2057299875921162,0.0,0.0,0.0
image_740.png,surface,0.0,0.0,0.9717990038808137,17.109269699237608,1.3756583994858285,0.0,1.774994351616289,4.434467562755077,0.0,0.0,0.0,-1.5053143967206672,0,0,0,0,0,0,0.08598297991022513,0.2745976251871785,0.6423291193114317,0.0,0.0,0.0
image_741.png,surface,0.0,0.0,1.0640531833837326,20.48696337880062,0.9640670546106042,0.0,0.012310211385446709,4.613670403521186,0.0,0.0,0.0,0.21351206125814404,0,0,0,0,0,0,-0.053132984399588176,0.3703995670855686,0.9882035405258708,0.0,0.0,0.0
image_742.png,surface,0.0,0.0,0.9484725325949321,-20.540300572018094,-11.005117771830076,0.0,-4.253516388407378,2.2384601603717518,0.0,0.0,0.0,1.2089131674567142,0,0,0,0,0,0,-0.2183661028886017,0.1322633115095705,0.5837663622241072,0.0,0.0,0.0
image_743.png,surface,0.0,0.0,0.5792801674979846,21.895437757633147,11.512631989027394,0.0,0.8521014256550773,-4.573851514028651,0.0,0.0,0.0,2.21854934672489,0,0,0,0,0,0,0.07652291171035862,-0.20441208430477167,0.4497504074710807,0.0,0.0,0.0
image_744.png,surface,0.0,0.0,2.2941473164602075,-3.796091553106864,-0.268892974267805,0.0,3.1799700555428636,0.8122091845157258,0.0,0.0,0.0,-3.939081508695006,0,0,0,0,0,0,0.6609834572708381,0.04258231141621546,1.2824129533238735,0.0,0.0,0.0
image_745.png,surface,0.0,0.0,0.9048798656790698,-7.605838565893104,17.071574679949606,0.0,4.842416655805721,-0.4459351798882091,0.0,0.0,0.0,-3.196947644795276,0,0,0,0,0,0,0.19763187361656487,-0.034281049554182534,0.3190839583853691,0.0,0.0,0.0
image_746.png,surface,0.0,0.0,1.6384723985298448,10.40922666569615,8.10985988184368,0.0,-0.35741833205662216,3.664370806758869,0.0,0.0,0.0,4.881393897584211,0,0,0,0,0,0,-0.13093504464952016,0.49890630983892603,0.9903918842285152,0.0,0.0,0.0
image_747.png,surface,0.0,0.0,0.8009708959234334,15.715902625527667,-13.158472210460594,0.0,0.07903250785151937,-2.353140164057076,0.0,0.0,0.0,2.683354938195456,0,0,0,0,0,0,0.07685163994896403,-0.31366405252879787,0.5345665899788157,0.0,0.0,0.0
image_748.png,surface,0.0,0.0,1.413795277192953,-7.741056246253691,-17.62174855203366,0.0,-2.228568833078303,3.376506133152336,0.0,0.0,0.0,0.049301812326255856,0,0,0,0,0,0,-0.22051044588950477,0.29327664420362337,0.8225816502960656,0.0,0.0,0.0
image_749.png,surface,0.0,0.0,1.4936690630386593,-0.9289256387801723,-7.978370002260807,0.0,-0.7362938779826312,-1.0162458085032018,0.0,0.0,0.0,1.1473361303424632,0,0,0,0,0,0,-0.11613923013228998,-0.2670278559849608,0.6120093940109023,0.0,0.0,0.0
image_750.png,surface,0.0,0.0,2.7824649394543575,-6.2853011754634815,4.096390343234729,0.0,0.1685439692858002,1.2199838005925219,0.0,0.0,0.0,-3.0442476134990057,0,0,0,0,0,0,0.09438381267458533,0.4774334607927352,1.9975167822690447,0.0,0.0,0.0
image_751.png,surface,0.0,0.0,2.2632918888674487,10.828591379750433,1.6952082110170548,0.0,-2.6674924268858518,1.3379022078617748,0.0,0.0,0.0,-0.9778270022377198,0,0,0,0,0,0,-1.0480594363387037,0.7069554071103497,2.063707480262734,0.0,0.0,0.0
image_752.png,surface,0.0,0.0,2.765355433949281,-13.029780107891716,-1.391718735705919,0.0,2.659192093434569,-3.2104840237989163,0.0,0.0,0.0,3.603347123714487,0,0,0,0,0,0,0.8884451357058522,-1.1693327039308439,3.3757624422404486,0.0,0.0,0.0
image_753.png,surface,0.0,0.0,1.7227408288424995,-0.15419285431804447,4.990600153599579,0.0,1.446980198011289,1.4390280964994084,0.0,0.0,0.0,-0.5947395746508013,0,0,0,0,0,0,0.24207562709801628,0.2059851867989981,0.6707820534533782,0.0,0.0,0.0
image_754.png,surface,0.0,0.0,0.9233541234859985,-7.220023012957193,-16.56704130718772,0.0,-3.868944282424994,1.6139504596563612,0.0,0.0,0.0,-4.412837084900039,0,0,0,0,0,0,-0.22635450346471167,0.08493809607326232,0.4274382337192108,0.0,0.0,0.0
image_755.png,surface,0.0,0.0,1.5240831093325835,7.171251398448649,-2.203059892013105,0.0,-0.2602883148303007,-4.426968804675544,0.0,0.0,0.0,-4.237303678726278,0,0,0,0,0,0,0.07237728336794597,-0.3674264033714804,0.6159037526000998,0.0,0.0,0.0
image_756.png,surface,0.0,0.0,1.9841962200078054,19.060032273371352,11.044640084864701,0.0,-0.7760922234616487,-1.583858174016722,0.0,0.0,0.0,-0.43528041915176097,0,0,0,0,0,0,-0.36916866045883606,-0.3074471514716148,1.900077429403091,0.0,0.0,0.0
image_757.png,surface,0.0,0.0,1.8531129118630227,13.44029362552355,-18.567265361999283,0.0,4.1277578592516075,-0.13533337018710714,0.0,0.0,0.0,-1.5061642161629107,0,0,0,0,0,0,1.1458149962939845,-0.03156587464914768,2.9867642520612265,0.0,0.0,0.0
image_758.png,surface,0.0,0.0,2.740763730014558,12.175921531722192,-17.666756925893022,0.0,-3.3862948303121696,1.796319485412828,0.0,0.0,0.0,2.9493558006629437,0,0,0,0,0,0,-1.1703737351197963,1.1634508737049312,3.4324494761540767,0.0,0.0,0.0
image_759.png,surface,0.0,0.0,1.980944490573978,18.696729599706213,1.9366807916414746,0.0,-1.3760056593721348,-2.4294203272706043,0.0,0.0,0.0,2.748467623562828,0,0,0,0,0,0,-0.44368952588268756,-0.5937077585509879,1.3004891189084802,0.0,0.0,0.0
image_760.png,surface,0.0,0.0,1.141577053231349,0.10464343880027158,10.130141446955438,0.0,-3.789088717100537,-0.5236091693827591,0.0,0.0,0.0,-2.4830528575146404,0,0,0,0,0,0,-0.1837568025454285,-0.03333718805764665,0.3617812236285146,0.0,0.0,0.0
image_761.png,surface,0.0,0.0,2.8814658237558226,0.4052673625606068,-23.22324142927147,0.0,2.2758647498463263,-0.04662114356251861,0.0,0.0,0.0,0.6748997611235774,0,0,0,0,0,0,3.1605964582664585,-0.42136336859102225,8.538438148411892,0.0,0.0,0.0
image_762.png,surface,0.0,0.0,0.9348154206152482,5.580508719966595,-18.347273368282345,0.0,4.748352968465228,0.5118702306744581,0.0,0.0,0.0,-1.2503951229719599,0,0,0,0,0,0,0.31340204542542066,-0.02597506838466693,0.7608837559041352,0.0,0.0,0.0
image_763.png,surface,0.0,0.0,1.6910956614197812,-9.02940112043159,19.49141097177304,0.0,-3.793557692379175,-3.1669095784103356,0.0,0.0,0.0,-4.513018140932251,0,0,0,0,0,0,-0.46965905673251435,-0.3943484794576719,1.403466321144393,0.0,0.0,0.0
image_764.png,surface,0.0,0.0,2.7191262808746672,-8.520408133846788,-13.243122742240827,0.0,-2.044707046590763,-4.115244025227754,0.0,0.0,0.0,-1.2904987847025229,0,0,0,0,0,0,0.028318568054861066,-1.4665452505750225,3.38266912292645,0.0,0.0,0.0
image_765.png,surface,0.0,0.0,2.274804601867072,1.0519416893422262,20.864005625252982,0.0,-0.9161473319431167,-2.5096486198648487,0.0,0.0,0.0,3.952853551559299,0,0,0,0,0,0,-0.5916050581351698,-0.9498267011939696,2.5004160291671824,0.0,0.0,0.0
image_766.png,surface,0.0,0.0,1.8384560681642106,8.28639875041913,12.843717002000021,0.0,4.6848322977745545,0.6094612395857303,0.0,0.0,0.0,-4.328195115315036,0,0,0,0,0,0,0.4706376319983631,-0.04055772850614602,0.913822184673709,0.0,0.0,0.0
image_767.png,surface,0.0,0.0,2.219570132689425,0.33192590334784566,-19.100799375771164,0.0,-1.4444798040941,-0.2947850240910191,0.0,0.0,0.0,2.371036550003457,0,0,0,0,0,0,-0.27674123737095063,-0.02078383015371969,1.8880594030687665,0.0,0.0,0.0
image_768.png,surface,0.0,0.0,1.5944837492271309,13.945487376313176,-5.551018480798538,0.0,-0.4335281980765782,2.3584372167063132,0.0,0.0,0.0,-4.839339726167228,0,0,0,0,0,0,-0.026286844913480403,0.653180471447713,1.2184530261046163,0.0,0.0,0.0
image_769.png,surface,0.0,0.0,1.4920147059451392,-4.516384530007999,-2.8536067508111445,0.0,2.552037735679034,-2.710181360110845,0.0,0.0,0.0,-3.6531818078023894,0,0,0,0,0,0,0.2212181247365024,-0.20651060303206992,0.547734613258917,0.0,0.0,0.0
image_770.png,surface,0.0,0.0,2.069595100943457,7.54639552219912,-20.97379384445735,0.0,-2.833160920622147,2.259901704531033,0.0,0.0,0.0,3.6729657709797188,0,0,0,0,0,0,-0.7110916853082582,0.7740733981290144,1.887947752879856,0.0,0.0,0.0
image_771.png,surface,0.0,0.0,2.3425205802199245,-14.103433124703358,6.05305894304408,0.0,0.6767360589634721,1.3822980758630476,0.0,0.0,0.0,0.08757699840583388,0,0,0,0,0,0,0.3032403859385306,0.5064572018112128,1.307590070923186,0.0,0.0,0.0
image_772.png,surface,0.0,0.0,2.8436505635598097,7.531751342596069,-15.291772209351727,0.0,-4.0992710467300535,-0.6070709424713164,0.0,0.0,0.0,-2.8393143361967144,0,0,0,0,0,0,-1.3456589370161653,-0.07009430093774162,2.3128437117975764,0.0,0.0,0.0
image_773.png,surface,0.0,0.0,2.591363868308692,4.875103866213022,8.211952493455597,0.0,1.4479486195250115,-0.6123569785752115,0.0,0.0,0.0,4.157498551413351,0,0,0,0,0,0,0.5200868816685791,-0.1997682857418152,1.8279692713971463,0.0,0.0,0.0
image_774.png,surface,0.0,0.0,2.9017312658908225,11.752597912042123,15.537860920591523,0.0,-1.2058700409179917,-0.34935479330970354,0.0,0.0,0.0,-4.76200270711924,0,0,0,0,0,0,-0.7848150803754944,0.2810158833636223,4.530551414126421,0.0,0.0,0.0
image_775.png,surface,0.0,0.0,0.7897153084121262,9.05324082231399,-8.18703119402012,0.0,1.0665006030389736,-4.7554474018866335,0.0,0.0,0.0,2.502233207280886,0,0,0,0,0,0,0.09137047048736917,-0.1875389869516991,0.3360994471753262,0.0,0.0,0.0
image_776.png,surface,0.0,0.0,2.973683664617594,21.814923367661237,-6.821305863233262,0.0,3.639633026870591,3.223938103709822,0.0,0.0,0.0,4.808020093415925,0,0,0,0,0,0,2.4587160121441225,2.9614692701458885,10.935163530636014,0.0,0.0,0.0
image_777.png,surface,0.0,0.0,1.0007544666754407,24.574693169294935,-2.0869183684832384,0.0,-4.506962762584071,1.099698847487249,0.0,0.0,0.0,-0.5973645535659866,0,0,0,0,0,0,-0.42918439235422456,0.128251900149293,1.0734596247779116,0.0,0.0,0.0
image_778.png,surface,0.0,0.0,0.7022598079051146,11.77685155665156,0.14574494116730752,0.0,-2.3265666849736424,-1.924511546900611,0.0,0.0,0.0,-1.6544698584285822,0,0,0,0,0,0,-0.10043332539892087,-0.1252252509504013,0.26943981838821374,0.0,0.0,0.0
image_779.png,surface,0.0,0.0,2.1420262571225344,6.383845177594775,17.558501889210625,0.0,-1.642020767100682,2.3595146660545403,0.0,0.0,0.0,-0.5690044710184727,0,0,0,0,0,0,-0.597771756389008,0.6657904610414319,2.151911129502011,0.0,0.0,0.0
image_780.png,surface,0.0,0.0,2.183718219552253,-0.1628214061672103,-16.00413620252549,0.0,0.13136387713190004,1.3755380922075193,0.0,0.0,0.0,-0.00857402544956365,0,0,0,0,0,0,0.43324783863698546,0.6775132208284076,2.165793713991141,0.0,0.0,0.0
image_781.png,surface,0.0,0.0,2.9345556459057587,15.572494827039316,17.04379514213626,0.0,-2.8050423498908943,0.09960607806176552,0.0,0.0,0.0,-1.4161613022168886,0,0,0,0,0,0,-2.0979230732647527,0.8444068106458783,7.507927001802165,0.0,0.0,0.0
image_782.png,surface,0.0,0.0,2.427559214430987,2.056312991414713,-0.49722264106383623,0.0,-1.7776365385164088,0.49249702919023924,0.0,0.0,0.0,-2.3610819789745072,0,0,0,0,0,0,-0.6411912779048048,0.24267308316934705,1.4690049820348452,0.0,0.0,0.0
image_783.png,surface,0.0,0.0,1.4816458283148288,-10.397045488300689,-12.687795549853078,0.0,3.3744242918677863,-2.903423747992011,0.0,0.0,0.0,-2.176055177305228,0,0,0,0,0,0,0.39320691290685567,-0.3276410681899998,0.9985981731134359,0.0,0.0,0.0
image_784.png,surface,0.0,0.0,2.000263533389438,15.632875384668765,-13.641272398140446,0.0,1.024617581958033,4.773879082736315,0.0,0.0,0.0,0.14404920879669358,0,0,0,0,0,0,0.19368713475330007,1.1376803086445129,3.0551455267613385,0.0,0.0,0.0
image_785.png,surface,0.0,0.0,2.0236358681273563,-0.729036501081967,-23.698473314525536,0.0,0.06821087130887317,-0.044190341751543356,0.0,0.0,0.0,0.08795032707069961,0,0,0,0,0,0,1.0539111033638784,-0.1598004706710042,3.192343511898315,0.0,0.0,0.0
image_786.png,surface,0.0,0.0,2.413546838585325,-19.710061107534088,10.680484646992594,0.0,-3.207786915802029,2.358116204926373,0.0,0.0,0.0,-4.188496696248469,0,0,0,0,0,0,-0.7380930575737079,0.4214624740481589,1.879038067804801,0.0,0.0,0.0
image_787.png,surface,0.0,0.0,1.9527450942734152,0.9084439620607595,16.083304578730225,0.0,-2.838340289406217,1.3619839494483041,0.0,0.0,0.0,4.816167409781292,0,0,0,0,0,0,-0.6817192084328684,0.30357417313082974,1.4485417354113312,0.0,0.0,0.0
image_788.png,surface,0.0,0.0,1.466101699562472,21.44949358005051,-1.7758512368498658,0.0,-1.7277138433903572,-0.43592842175626356,0.0,0.0,0.0,3.933370197177302,0,0,0,0,0,0,-0.6270179163949341,0.13471735140056362,1.329134091375353,0.0,0.0,0.0
image_789.png,surface,0.0,0.0,2.2036452535118096,-11.316489491224504,2.8371758031649974,0.0,-0.7648137573332792,3.587945476463989,0.0,0.0,0.0,-2.602692074240581,0,0,0,0,0,0,-0.16453533192697387,0.45910367053000933,1.0480837698423384,0.0,0.0,0.0
image_790.png,surface,0.0,0.0,1.100253764158578,-15.866181101873611,-11.310513376690501,0.0,4.666775764971083,1.5359154360039053,0.0,0.0,0.0,1.7722812347574601,0,0,0,0,0,0,0.2898492758853409,-0.0034246441299309476,0.6390287397272377,0.0,0.0,0.0
image_791.png,surface,0.0,0.0,1.3738781059203298,-3.802161667012095,-19.62635473627927,0.0,0.05932738658189509,4.758251715955218,0.0,0.0,0.0,1.681253401387492,0,0,0,0,0,0,-0.053400837038451804,0.3741750130717119,0.8864232283150776,0.0,0.0,0.0
image_792.png,surface,0.0,0.0,0.679077807049506,7.393681296849388,18.788643768295024,0.0,1.2905348271252157,4.575263572744957,0.0,0.0,0.0,1.1367789006124678,0,0,0,0,0,0,0.05637004441585526,0.14679877855622261,0.35365532287961,0.0,0.0,0.0
image_793.png,surface,0.0,0.0,2.5405754201437007,-4.257996281409272,-8.494917436070923,0.0,0.5814517631026062,-4.460252227793793,0.0,0.0,0.0,-4.193738191981127,0,0,0,0,0,0,0.565880551574304,-1.1575832014014658,2.559427620013926,0.0,0.0,0.0
image_794.png,surface,0.0,0.0,0.677497730657485,1.5329974491789156,11.391132820155,0.0,-2.3487453555569724,0.8633088876886286,0.0,0.0,0.0,-2.313893705566068,0,0,0,0,0,0,-0.08198954056716687,0.016262733585312925,0.20185349303314423,0.0,0.0,0.0
image_795.png,surface,0.0,0.0,1.2469920356136246,6.66079678585762,-12.341676730980605,0.0,0.7101157417776821,-0.8882650179678118,0.0,0.0,0.0,-3.4697522169284447,0,0,0,0,0,0,0.33946136778486624,-0.2861363319823296,0.6987906198434608,0.0,0.0,0.0
image_796.png,surface,0.0,0.0,2.8140822810983837,-18.84137504573253,2.48948434644924,0.0,3.0285031043094697,-2.9737316918603125,0.0,0.0,0.0,-3.6072274547262992,0,0,0,0,0,0,1.0702181546446978,-1.6954678448423357,4.3117617039374485,0.0,0.0,0.0
image_797.png,surface,0.0,0.0,1.8985242115062633,8.099911801656548,15.8618602517518,0.0,1.78187698255532,1.5760343430664454,0.0,0.0,0.0,1.1344103543003001,0,0,0,0,0,0,0.4011420473331917,0.3890046502847849,1.1608549266494788,0.0,0.0,0.0
image_798.png,surface,0.0,0.0,1.0446997990655664,-0.33108809481286655,-8.97536541500769,0.0,1.9366849589671362,1.6428039390439377,0.0,0.0,0.0,-3.367009002185112,0,0,0,0,0,0,0.20487302620584497,0.09936344594531873,0.39675229579905474,0.0,0.0,0.0
image_799.png,surface,0.0,0.0,2.9822179136580673,16.314997632620287,-8.215284354356825,0.0,1.4354906610752596,2.525858407678603,0.0,0.0,0.0,3.8517448041856888,0,0,0,0,0,0,1.416346161546281,2.052216028483007,7.719481779749743,0.0,0.0,0.0
image_800.png,surface,0.0,0.0,2.7018237054062335,12.704799627109823,-16.64603974270541,0.0,-3.965608110201283,-1.3866749319669454,0.0,0.0,0.0,0.24667544569202082,0,0,0,0,0,0,-1.006399219655443,-0.1144620836849041,2.6604420119287924,0.0,0.0,0.0
image_801.png,surface,0.0,0.0,0.6704506816807541,10.40051917756601,-2.630937896072582,0.0,-2.158516295327985,2.726985955452941,0.0,0.0,0.0,3.301762003878185,0,0,0,0,0,0,-0.09388006708672239,0.06685370979963513,0.26352905738729276,0.0,0.0,0.0
image_802.png,surface,0.0,0.0,1.075712655835559,9.185045446042196,-16.37195315951777,0.0,3.2400123781136205,2.645223479205077,0.0,0.0,0.0,2.0833315626342186,0,0,0,0,0,0,0.34417313920487724,0.18115533703012807,0.8611500915533018,0.0,0.0,0.0
image_803.png,surface,0.0,0.0,2.1056514832782973,-6.802150081136301,16.664484413816194,0.0,-0.15863365374013316,2.0107965567923323,0.0,0.0,0.0,-2.418727465416044,0,0,0,0,0,0,-0.1232114529322867,0.5729522442421646,1.2294795987614153,0.0,0.0,0.0
image_804.png,surface,0.0,0.0,0.9970078925074042,-18.02327143992098,9.392075680064771,0.0,1.2863255323800695,-3.1659735625219656,0.0,0.0,0.0,-1.613752170445232,0,0,0,0,0,0,0.10083510435721642,-0.19822979150246192,0.4620676563116849,0.0,0.0,0.0
image_805.png,surface,0.0,0.0,1.8429448334472305,-2.279978318023817,-20.849822754147205,0.0,3.9803461185067572,0.900275856441137,0.0,0.0,0.0,-4.152845890096635,0,0,0,0,0,0,1.0701146661251362,-0.05844390386550063,2.4071188983098057,0.0,0.0,0.0
image_806.png,surface,0.0,0.0,0.9146519018011621,-15.054280967862944,-6.973709715435611,0.0,-1.1426499045690646,-2.404149896331778,0.0,0.0,0.0,-0.7493925766459331,0,0,0,0,0,0,-0.024780173819872336,-0.2012296979589518,0.42724172938672833,0.0,0.0,0.0
image_807.png,surface,0.0,0.0,2.1817637721765895,10.786325110813774,16.0153783801071,0.0,3.697164703911791,2.90247365024959,0.0,0.0,0.0,-4.936549027276804,0,0,0,0,0,0,0.6422642103502529,0.3981490950837228,1.5743447022681043,0.0,0.0,0.0
image_808.png,surface,0.0,0.0,1.828090292481692,6.237161818317854,-2.424717482831353,0.0,-1.066299022489484,3.8400364303012084,0.0,0.0,0.0,1.5657853611228578,0,0,0,0,0,0,-0.15389732087210464,0.3508333182623803,0.8951386420614299,0.0,0.0,0.0
image_809.png,surface,0.0,0.0,2.923580609000498,12.484734849551787,1.97554213243878,0.0,-0.09937077981717825,1.4053795022391329,0.0,0.0,0.0,1.5583231589339999,0,0,0,0,0,0,0.000331011073595755,1.1027417022477444,4.502415566520981,0.0,0.0,0.0
image_810.png,surface,0.0,0.0,0.8345331938743321,-16.105842145497885,2.0278475405080347,0.0,3.679579748628031,-2.757304971701997,0.0,0.0,0.0,2.2538748993825672,0,0,0,0,0,0,0.12538471184306677,-0.09278787751945222,0.30770903713916925,0.0,0.0,0.0
image_811.png,surface,0.0,0.0,1.826803122895304,-23.079344569193324,-1.9496547085357356,0.0,-3.0493474639316034,1.620582066889331,0.0,0.0,0.0,1.79251750415811,0,0,0,0,0,0,-0.4778772626976497,0.26086444041258183,1.159474930314545,0.0,0.0,0.0
image_812.png,surface,0.0,0.0,1.2793097240872384,-22.538076149683448,-9.141506419317132,0.0,-2.1021123997322686,2.4908693818070415,0.0,0.0,0.0,0.8739018470248041,0,0,0,0,0,0,-0.23139195934334086,0.2420344035566913,0.810925370573811,0.0,0.0,0.0
image_813.png,surface,0.0,0.0,2.0317219072891914,-1.6006393015945997,24.318272838855233,0.0,4.98162722322266,0.42349023425419147,0.0,0.0,0.0,-4.219934136005491,0,0,0,0,0,0,0.6412141062547079,-0.03672093152272775,1.2240980596559303,0.0,0.0,0.0
image_814.png,surface,0.0,0.0,1.0081388512255172,7.3423696906124905,-14.620769512450547,0.0,0.2795003104071657,-2.493785006325688,0.0,0.0,0.0,-2.025264054621828,0,0,0,0,0,0,0.13065653878070174,-0.20663015882163105,0.5465957813320309,0.0,0.0,0.0
image_815.png,surface,0.0,0.0,2.8134811508271156,-18.28825926757863,-2.3470760098556425,0.0,-0.025750409134838247,0.09639186259767367,0.0,0.0,0.0,-0.6554048415592071,0,0,0,0,0,0,0.19386976155252533,-0.7527484207172814,3.4909407771205,0.0,0.0,0.0
image_816.png,surface,0.0,0.0,1.594804542876155,-16.47297267799191,1.5690865889043415,0.0,-0.7934129132092534,-4.697836981465837,0.0,0.0,0.0,-1.0026092348899631,0,0,0,0,0,0,0.04192883026712078,-0.3718531137902336,0.901011441998121,0.0,0.0,0.0
image_817.png,surface,0.0,0.0,1.5794284521433941,-0.6662123270841307,-5.955727017058013,0.0,-3.635805108275866,3.123131691965508,0.0,0.0,0.0,2.769644535202999,0,0,0,0,0,0,-0.2315928488224887,0.16779969685414556,0.5874463524505967,0.0,0.0,0.0
image_818.png,surface,0.0,0.0,2.4658126078923295,-20.605451779512382,11.517126581356136,0.0,-3.6283583593075663,-2.178755272443846,0.0,0.0,0.0,3.8506593873743835,0,0,0,0,0,0,-1.0177266468773885,-1.1652158947034534,3.6360435956323376,0.0,0.0,0.0
image_819.png,surface,0.0,0.0,2.768795674277702,4.386058288434927,-19.50260511653527,0.0,-2.014989658370019,-2.860028783016971,0.0,0.0,0.0,4.499867391224189,0,0,0,0,0,0,-0.29625491086816585,-0.929014555195354,2.726262031295298,0.0,0.0,0.0
image_820.png,surface,0.0,0.0,1.734934405178505,-8.318653067844178,4.786704582259983,0.0,-2.3568811205802134,-2.9026840380043013,0.0,0.0,0.0,2.9994710980028714,0,0,0,0,0,0,-0.18801505074736335,-0.3906579810062167,0.8354839461265609,0.0,0.0,0.0
image_821.png,surface,0.0,0.0,2.4282230707836474,-3.6869271813735662,-10.835584666279262,0.0,3.081137997175448,2.1636603106478005,0.0,0.0,0.0,-2.2719916837720877,0,0,0,0,0,0,0.9111075995997097,0.3236312299322163,2.168145066969594,0.0,0.0,0.0
image_822.png,surface,0.0,0.0,0.8598524087313304,-8.504563630815596,19.060822275597072,0.0,-3.322024374423719,0.2386024577323955,0.0,0.0,0.0,4.719309202589644,0,0,0,0,0,0,-0.19302511260610863,0.03507389321127263,0.42119922116289316,0.0,0.0,0.0
image_823.png,surface,0.0,0.0,1.1310227781973452,14.870630257046711,-11.62764229394345,0.0,1.4194453364443325,-0.4620751813365757,0.0,0.0,0.0,-1.0366098540563904,0,0,0,0,0,0,0.4317655177832745,-0.09704783907381741,0.9071231733390803,0.0,0.0,0.0
image_824.png,surface,0.0,0.0,2.2324757842509957,-6.973011282934306,-16.56497018977275,0.0,0.9044897294385337,2.044581837421199,0.0,0.0,0.0,0.4584360892016939,0,0,0,0,0,0,0.6279736633108793,0.6254781365243857,2.219124543226121,0.0,0.0,0.0
image_825.png,surface,0.0,0.0,2.8168677721136195,1.2731567762465237,21.793412928159057,0.0,2.3005900757567055,0.8665961765043837,0.0,0.0,0.0,-0.7360499686238589,0,0,0,0,0,0,0.8755242896606678,0.433185233835134,2.383138670735615,0.0,0.0,0.0
image_826.png,surface,0.0,0.0,0.7930218609478513,5.022683345538781,-7.905260054518552,0.0,-2.584649164918943,2.5008673535646357,0.0,0.0,0.0,-1.6576293046556447,0,0,0,0,0,0,-0.1096559787597945,0.07718899318670287,0.2869688980471588,0.0,0.0,0.0
image_827.png,surface,0.0,0.0,0.8359679842135138,-9.602693146386667,0.03120369926706911,0.0,3.956831249833841,2.551847532426023,0.0,0.0,0.0,-4.4913885929564445,0,0,0,0,0,0,0.131942535825246,0.05996352087492339,0.21735277225769697,0.0,0.0,0.0
image_828.png,surface,0.0,0.0,2.938068092905113,-19.776071280314554,10.88232059354931,0.0,-1.2139993821541393,3.3060121740984663,0.0,0.0,0.0,-1.9795449997457282,0,0,0,0,0,0,-0.5109829357272019,0.9267115331438057,2.4910374132987014,0.0,0.0,0.0
image_829.png,surface,0.0,0.0,0.7280908979956404,4.015279636913565,18.440787943478632,0.0,0.8307171203610265,-2.696893473034521,0.0,0.0,0.0,-2.3115592387059625,0,0,0,0,0,0,0.08786707972223204,-0.15698304410384453,0.3146067858100589,0.0,0.0,0.0
image_830.png,surface,0.0,0.0,0.6072397432100403,-15.509718368955406,14.52456909549739,0.0,2.3860914592728473,2.818310271843012,0.0,0.0,0.0,0.1123378404884896,0,0,0,0,0,0,0.09728149122229218,0.07426302254744169,0.2436575567650059,0.0,0.0,0.0
image_831.png,surface,0.0,0.0,1.829385838606819,-8.557866082806026,-6.601381864212361,0.0,0.7047218713188906,-2.997997097130062,0.0,0.0,0.0,4.246110872122134,0,0,0,0,0,0,0.3347937311746683,-0.5850714258576847,1.147416709912214,0.0,0.0,0.0
image_832.png,surface,0.0,0.0,1.0610283023766964,-2.7425326033269215,2.4387501578183297,0.0,1.2708558109243118,0.1924210044052284,0.0,0.0,0.0,-2.632157138155895,0,0,0,0,0,0,0.1707674714505346,-0.005178653410993428,0.2755582487405079,0.0,0.0,0.0
image_833.png,surface,0.0,0.0,1.244066419208524,-18.168144165270895,3.4572875494125013,0.0,3.5415365937953642,-0.6979161117526791,0.0,0.0,0.0,0.9048298545637259,0,0,0,0,0,0,0.25965193463345065,-0.12365844086615188,0.6047632967506118,0.0,0.0,0.0
image_834.png,surface,0.0,0.0,2.0447342334529095,10.60163544385026,19.325952468749115,0.0,1.6643957045285682,4.135933405026056,0.0,0.0,0.0,-1.5475901463570785,0,0,0,0,0,0,0.13564225039955027,0.7493347883048097,1.948886425987197,0.0,0.0,0.0
image_835.png,surface,0.0,0.0,1.3781160916659219,-6.629907455541719,0.08206239943988634,0.0,0.6088530809428183,-3.20556014452536,0.0,0.0,0.0,2.1114442928012984,0,0,0,0,0,0,0.09395463969640612,-0.21508715783059235,0.4942631047859111,0.0,0.0,0.0
image_836.png,surface,0.0,0.0,2.989135536656115,9.241902062908538,21.406452972870614,0.0,4.087058585208863,-1.4934341106652553,0.0,0.0,0.0,2.507929380328566,0,0,0,0,0,0,1.0660740481922786,-0.41250994775351607,2.6301758787189398,0.0,0.0,0.0
image_837.png,surface,0.0,0.0,1.0705525787607768,-1.52638069497479,-14.467797117355927,0.0,-2.0001206414082473,-2.958542429114333,0.0,0.0,0.0,-3.4754202179020908,0,0,0,0,0,0,-0.07335890241378154,-0.24611503142671448,0.4688693858201117,0.0,0.0,0.0
image_838.png,surface,0.0,0.0,2.663188512889545,16.763443223012604,8.832907848319806,0.0,-1.9194284303332914,2.5202233394937297,0.0,0.0,0.0,1.6994201580235142,0,0,0,0,0,0,-1.1843081599006806,1.7756819141254367,5.799216879689749,0.0,0.0,0.0
image_839.png,surface,0.0,0.0,2.6880569232440488,-14.311120249462212,-4.088990470689344,0.0,-2.1953185764479284,2.656394828588496,0.0,0.0,0.0,2.5812961385076107,0,0,0,0,0,0,-0.5577627903487422,0.6720388241484994,1.7754579545487703,0.0,0.0,0.0
image_840.png,surface,0.0,0.0,1.5939659975470892,-10.591965881581913,10.902891792218908,0.0,0.7311193008691348,0.24236910026808045,0.0,0.0,0.0,4.472019696475725,0,0,0,0,0,0,0.2857173445528704,0.07110108653404651,0.5855036391635546,0.0,0.0,0.0
image_841.png,surface,0.0,0.0,2.993340775947706,-3.2898659561137085,8.08080616638249,0.0,1.9676153203460458,-4.506045654253778,0.0,0.0,0.0,-3.4353940270248504,0,0,0,0,0,0,0.651380331411579,-1.275978041321937,2.9595662660426334,0.0,0.0,0.0
image_842.png,surface,0.0,0.0,1.2070007497688113,11.983814746346098,-4.915055290971925,0.0,-0.31160133391004763,-3.6630600570550973,0.0,0.0,0.0,4.415454485359389,0,0,0,0,0,0,0.027230416709477512,-0.3044031981452867,0.5018128905600373,0.0,0.0,0.0
image_843.png,surface,0.0,0.0,0.7276593430760325,11.07759211234155,-13.477806208654929,0.0,1.652708396731209,2.8593862129826193,0.0,0.0,0.0,2.0811577855026586,0,0,0,0,0,0,0.08993685011345119,0.19602115560056796,0.5261503987387433,0.0,0.0,0.0
image_844.png,surface,0.0,0.0,1.9179874362714686,12.610435222301282,-8.547518437743742,0.0,1.5370519984505873,2.2928569964038177,0.0,0.0,0.0,0.1707616895428119,0,0,0,0,0,0,0.43957129156015917,0.6193902298717294,1.9264447380161889,0.0,0.0,0.0
image_845.png,surface,0.0,0.0,0.5186794366181866,-13.36859718901144,3.9821666748318156,0.0,-4.077519292497388,2.4636028472899247,0.0,0.0,0.0,-4.600968425348471,0,0,0,0,0,0,-0.06134510280474898,0.01786729812942389,0.13687085008346725,0.0,0.0,0.0
image_846.png,surface,0.0,0.0,1.6854093872203393,20.511094638555175,-9.06547680887166,0.0,1.9444876104633584,-3.277694410066856,0.0,0.0,0.0,-2.1071379569932835,0,0,0,0,0,0,0.5081704830191331,-0.4045673532601667,1.5387729520812246,0.0,0.0,0.0
image_847.png,surface,0.0,0.0,2.592009478408196,1.819076099819094,1.3280454711426435,0.0,-0.22721850594991105,-2.1831166761452447,0.0,0.0,0.0,-3.9172046192481655,0,0,0,0,0,0,0.13803161768941358,-0.7344375076844852,1.775181062080272,0.0,0.0,0.0
image_848.png,surface,0.0,0.0,1.5492676895652109,14.136132243848731,-11.622976291721908,0.0,2.6764087529797016,0.4373830652720255,0.0,0.0,0.0,2.5621364115005774,0,0,0,0,0,0,0.6391686861033853,0.03501726152148052,1.4816303853968409,0.0,0.0,0.0
image_849.png,surface,0.0,0.0,1.0099809225844498,-15.262218583890736,-7.95240628131758,0.0,-2.8685803816861037,1.3941419312981085,0.0,0.0,0.0,3.471739800858284,0,0,0,0,0,0,-0.18584331372657684,0.10403398725067706,0.4090516806094334,0.0,0.0,0.0
image_850.png,surface,0.0,0.0,1.1391388764197958,1.6077436377203702,-20.58747694908005,0.0,-0.6199042518501497,0.11544939201767232,0.0,0.0,0.0,4.835598477991798,0,0,0,0,0,0,-0.14092320867714622,0.1738624338668942,0.7606760865527611,0.0,0.0,0.0
image_851.png,surface,0.0,0.0,2.7845205684204704,-14.269258670303422,-13.187043066944927,0.0,-3.143575024919883,-1.1648763530392063,0.0,0.0,0.0,1.1466583620521744,0,0,0,0,0,0,-0.9053837713339917,-0.7124927278900266,3.1110353783261475,0.0,0.0,0.0
image_852.png,surface,0.0,0.0,2.1555317603253172,8.813111099119164,6.773226409046812,0.0,-1.4462685571288532,-3.0439533016130853,0.0,0.0,0.0,2.9462275049542725,0,0,0,0,0,0,-0.20746784864483672,-0.5429516065747724,1.300261352523102,0.0,0.0,0.0
image_853.png,surface,0.0,0.0,0.903279665687562,-0.8217114951602119,-8.991199036575077,0.0,-4.223299341465069,-0.7713787882691453,0.0,0.0,0.0,-3.621765607323202,0,0,0,0,0,0,-0.15996966194634335,-0.026091477969239683,0.277880572669846,0.0,0.0,0.0
image_854.png,surface,0.0,0.0,1.657983651873742,2.392454164615759,-3.8674826744026065,0.0,0.52006533841231,4.249617127571141,0.0,0.0,0.0,-3.0640638223284555,0,0,0,0,0,0,-0.009168626266102905,0.3224514030615467,0.6791558176216639,0.0,0.0,0.0
image_855.png,surface,0.0,0.0,2.0364844833635365,-11.52093052124103,-0.9190328392767692,0.0,-1.9093487111831935,2.089056481681204,0.0,0.0,0.0,-1.8968624368511042,0,0,0,0,0,0,-0.3538280093239171,0.3559270241386855,0.9612779809682188,0.0,0.0,0.0
image_856.png,surface,0.0,0.0,1.7628510269136881,12.104072733841692,-6.508619277122324,0.0,2.1342250952477997,-4.050652769740125,0.0,0.0,0.0,3.050636865313514,0,0,0,0,0,0,0.329716706156207,-0.45670626232880795,1.0035889365577335,0.0,0.0,0.0
image_857.png,surface,0.0,0.0,2.4627221777522763,22.476172151762565,-8.70397014294466,0.0,0.7455260357306065,1.0752404760361884,0.0,0.0,0.0,-2.4123957882937686,0,0,0,0,0,0,1.3071992549893268,1.620690417779282,6.501065598207467,0.0,0.0,0.0
image_858.png,surface,0.0,0.0,0.5157311318092153,-9.582618676577285,12.110998538135114,0.0,-1.9144920640327359,-4.567350838678267,0.0,0.0,0.0,-4.107793431661343,0,0,0,0,0,0,-0.012818118470620284,-0.06359266832910375,0.15052120217966233,0.0,0.0,0.0
image_859.png,surface,0.0,0.0,1.2026608748064065,9.229195759755246,16.0087821554448,0.0,-3.2155013789536224,1.4405399389922435,0.0,0.0,0.0,-2.3759827372035214,0,0,0,0,0,0,-0.29173489758734134,0.14150371556065647,0.7122489336147301,0.0,0.0,0.0
image_860.png,surface,0.0,0.0,1.9364767801976506,-10.795400227205004,9.007343463557472,0.0,-1.326106188762085,3.356254868456866,0.0,0.0,0.0,1.2636643105819614,0,0,0,0,0,0,-0.18909863642276645,0.3570596579345281,0.9025678456315332,0.0,0.0,0.0
image_861.png,surface,0.0,0.0,1.8472493844252618,19.622939957308272,-7.902287910251992,0.0,-2.84733685092067,-2.437124258033787,0.0,0.0,0.0,3.1360400436071885,0,0,0,0,0,0,-0.5976317425096019,-0.3963935127001664,1.3835568594578762,0.0,0.0,0.0
image_862.png,surface,0.0,0.0,0.7602004923601156,-21.4039289428442,10.514035220870044,0.0,-2.717320895652556,2.8339954474304285,0.0,0.0,0.0,4.534003310521042,0,0,0,0,0,0,-0.1062195511543733,0.1500551007192715,0.36325947212968934,0.0,0.0,0.0
image_863.png,surface,0.0,0.0,0.9380402753190118,14.834766912822142,9.768208584109411,0.0,-1.0776596672420165,-4.1055569174639945,0.0,0.0,0.0,-0.7008056895813635,0,0,0,0,0,0,-0.005710892200772033,-0.20988648098467969,0.45092050145086293,0.0,0.0,0.0
image_864.png,surface,0.0,0.0,2.3823968076589184,10.299533096079497,16.872291744432594,0.0,4.719650162034736,1.0020980989929906,0.0,0.0,0.0,1.369854532885718,0,0,0,0,0,0,0.7661764936245666,0.040540424378709555,1.8360996381536094,0.0,0.0,0.0
image_865.png,surface,0.0,0.0,1.8369637125564995,6.536396641643308,1.40255033928651,0.0,3.8483999640592703,1.4584966531963375,0.0,0.0,0.0,1.0250200479954232,0,0,0,0,0,0,0.41122913421039836,0.05408640995649336,0.9447046269263478,0.0,0.0,0.0
image_866.png,surface,0.0,0.0,2.099918427435941,-6.852926669939167,-19.978494763374716,0.0,3.6052386508654117,2.8981660722874807,0.0,0.0,0.0,-1.270364595421627,0,0,0,0,0,0,1.020950009883712,0.32674597287078494,2.747542557301637,0.0,0.0,0.0
image_867.png,surface,0.0,0.0,2.5418805522192622,7.260980189401454,-2.420601664136473,0.0,-4.308916633528021,1.486002659690336,0.0,0.0,0.0,-3.6523910282659755,0,0,0,0,0,0,-1.0852666029008557,0.48724962035670843,2.005091131084732,0.0,0.0,0.0
image_868.png,surface,0.0,0.0,1.9595667045861436,-23.520208701719255,-5.004314069834371,0.0,-0.9201038513798332,3.0567851032716367,0.0,0.0,0.0,-2.3958738596437854,0,0,0,0,0,0,-0.24025240288575114,0.5276468924084431,1.2517158503848265,0.0,0.0,0.0
image_869.png,surface,0.0,0.0,1.284873541471514,9.8035679821786,8.72714313203004,0.0,-0.9745805174218359,0.48024879861793485,0.0,0.0,0.0,3.152726426153233,0,0,0,0,0,0,-0.3405236470003595,0.2130578556130401,0.6559772384038492,0.0,0.0,0.0
image_870.png,surface,0.0,0.0,1.8081257341007915,-23.94375825258171,3.705475171738363,0.0,1.0288951505590325,3.223742368647916,0.0,0.0,0.0,4.657277135879831,0,0,0,0,0,0,0.12812411383144526,0.47685770527984855,0.992267607402212,0.0,0.0,0.0
image_871.png,surface,0.0,0.0,0.8259792386323499,-1.9661728729098498,-19.530473526672843,0.0,0.9903291856085078,-0.6433523863634032,0.0,0.0,0.0,1.4242066214378912,0,0,0,0,0,0,0.2669539628224722,-0.1447128446488785,0.6362955431027093,0.0,0.0,0.0
image_872.png,surface,0.0,0.0,1.1801930812486932,11.443834977471468,0.8077484768885015,0.0,-2.079708344517352,0.1724870125255023,0.0,0.0,0.0,3.9022790977800508,0,0,0,0,0,0,-0.26849563738593185,0.07402705717330772,0.512801502152607,0.0,0.0,0.0
image_873.png,surface,0.0,0.0,2.1378260061957617,-9.67942564234451,-21.649595552034057,0.0,-0.061529914725385174,2.692590644149743,0.0,0.0,0.0,3.146980183169166,0,0,0,0,0,0,0.1620029069777176,0.8717316009705914,2.114084045499141,0.0,0.0,0.0
image_874.png,surface,0.0,0.0,0.6027775028545153,4.579538360929499,8.280121713347452,0.0,-3.62389450096671,-2.070663514224616,0.0,0.0,0.0,3.2116128852001875,0,0,0,0,0,0,-0.07567521898395481,-0.03035773193358178,0.17384939265061783,0.0,0.0,0.0
image_875.png,surface,0.0,0.0,0.502127335228469,0.6453320274345017,9.000835324921322,0.0,0.8172960683959493,-4.367784153865604,0.0,0.0,0.0,1.8414803272358062,0,0,0,0,0,0,0.04501978884400772,-0.03199375852757728,0.1265543726281391,0.0,0.0,0.0
image_876.png,surface,0.0,0.0,2.7176810588426585,-6.418503677345014,-15.417275081189498,0.0,3.0807069590254064,1.666419350890315,0.0,0.0,0.0,-2.3307531051316497,0,0,0,0,0,0,1.702595406651895,0.17170099103982725,4.232231041372734,0.0,0.0,0.0
image_877.png,surface,0.0,0.0,2.9108220381584413,11.633072366177949,-4.331857247199136,0.0,-0.6786317123970604,4.7958203400895,0.0,0.0,0.0,-3.61745194261071,0,0,0,0,0,0,0.034801819427356495,2.31833305812381,4.8014393354648055,0.0,0.0,0.0
image_878.png,surface,0.0,0.0,2.7640316563278255,17.832331088425732,-3.698469088458038,0.0,1.8353776532924946,-2.8588224690591724,0.0,0.0,0.0,2.1217581443345903,0,0,0,0,0,0,1.1051394424365468,-0.7604487574265196,2.984486588207455,0.0,0.0,0.0
image_879.png,surface,0.0,0.0,1.038653908840767,-9.33626347862974,13.791256997627656,0.0,-1.6806053390986277,-2.0851609945401353,0.0,0.0,0.0,-4.431320464705611,0,0,0,0,0,0,-0.07545911060487162,-0.15376133019566895,0.36972848407516223,0.0,0.0,0.0
image_880.png,surface,0.0,0.0,2.386644508968395,-5.751534455255961,23.484808934144155,0.0,-1.951293372103671,1.7475685004429595,0.0,0.0,0.0,1.0342205186738802,0,0,0,0,0,0,-1.5165824021910372,0.5270805755105212,3.5682384359070047,0.0,0.0,0.0
image_881.png,surface,0.0,0.0,1.6411700015830242,-3.389005355046062,-6.823513588244123,0.0,-0.3363243555342242,-1.4547132035266686,0.0,0.0,0.0,3.9482961610573746,0,0,0,0,0,0,0.026209228523809757,-0.3488700863495852,0.6990920753535196,0.0,0.0,0.0
image_882.png,surface,0.0,0.0,0.6773596692810788,-3.060329591457822,6.6062388284940115,0.0,-0.5242685372042839,-1.2470520593446308,0.0,0.0,0.0,-0.1450424216878421,0,0,0,0,0,0,-0.004042900767848323,-0.06212496370199049,0.15495818068696474,0.0,0.0,0.0
image_883.png,surface,0.0,0.0,2.4874653627581496,-4.423914879721891,14.042321415483592,0.0,3.6115011974531632,3.209798406430892,0.0,0.0,0.0,2.921604419218929,0,0,0,0,0,0,0.598599664545496,0.42066019177610314,1.3990985657542152,0.0,0.0,0.0
image_884.png,surface,0.0,0.0,2.5204368917060087,20.855832160260224,5.587878086432199,0.0,0.8941464327994172,0.6475946772705184,0.0,0.0,0.0,1.536494283156009,0,0,0,0,0,0,0.4204183059914138,1.136295978449594,4.578502937259696,0.0,0.0,0.0
image_885.png,surface,0.0,0.0,2.3049437679138904,9.726904886865263,-22.8872017136138,0.0,4.2968952232742925,-1.22747087879431,0.0,0.0,0.0,-3.6188564894979303,0,0,0,0,0,0,1.8551800974045696,-0.2552862189680549,4.545959140196064,0.0,0.0,0.0
image_886.png,surface,0.0,0.0,2.99137687480903,8.99989748733196,-5.650900000628687,0.0,-2.7392826486297728,-2.1739558140441004,0.0,0.0,0.0,-1.5233461541196345,0,0,0,0,0,0,-0.8858564008268359,-0.6921997057145055,2.5436246522755384,0.0,0.0,0.0
image_887.png,surface,0.0,0.0,2.980292837381636,-7.360112761150736,4.888706526312224,0.0,1.417183120957808,-1.3124122638898377,0.0,0.0,0.0,-2.429430880992509,0,0,0,0,0,0,0.649071624291373,-0.9136296128018194,3.030240835622967,0.0,0.0,0.0
image_888.png,surface,0.0,0.0,0.948551006118534,3.8859561063650823,-0.5356231848548986,0.0,-2.453614612321232,-2.851628981652643,0.0,0.0,0.0,-3.9317347094411814,0,0,0,0,0,0,-0.058663532636125344,-0.14262848384402843,0.2601996487539823,0.0,0.0,0.0
image_889.png,surface,0.0,0.0,2.4885311593324007,1.5513394717004076,-1.1108089546877922,0.0,-4.356000308296984,-0.727996486590484,0.0,0.0,0.0,-1.8739374620667872,0,0,0,0,0,0,-0.7708563053547125,-0.0011137565659123134,1.6434606352112453,0.0,0.0,0.0
image_890.png,surface,0.0,0.0,2.149560243956924,-5.915095826685554,-12.210591791628227,0.0,-0.9051486693796016,1.9389357243979353,0.0,0.0,0.0,-4.93838554938907,0,0,0,0,0,0,-0.2188668046964776,0.6671024285216166,1.1979942454886607,0.0,0.0,0.0
image_891.png,surface,0.0,0.0,2.3161698417082786,-21.647366080271876,4.6409050292190575,0.0,-2.5086099323379316,3.9306015631307836,0.0,0.0,0.0,-2.8142107302556174,0,0,0,0,0,0,-0.4398452317589972,0.5452247396789291,1.528891910362647,0.0,0.0,0.0
image_892.png,surface,0.0,0.0,2.9772512548810632,20.55750634379014,12.71329554591729,0.0,2.607616200727997,3.113668150092798,0.0,0.0,0.0,2.0382391278909227,0,0,0,0,0,0,0.8282239486613356,2.5056848458786964,7.038788539026784,0.0,0.0,0.0
image_893.png,surface,0.0,0.0,2.5915481256513924,10.564978220900196,-22.685897787679366,0.0,0.5599895345779823,-4.234374332992462,0.0,0.0,0.0,-2.5091787335453306,0,0,0,0,0,0,1.2731028315739785,-1.3505950119305792,4.073879811444782,0.0,0.0,0.0
image_894.png,surface,0.0,0.0,1.4787932323626332,23.969313827079908,-1.4549137039752404,0.0,1.9785285056491593,0.1940255984780125,0.0,0.0,0.0,-3.713722228933749,0,0,0,0,0,0,0.7737555057924131,0.19186816501581022,1.6841236340124437,0.0,0.0,0.0
image_895.png,surface,0.0,0.0,2.843664051084101,-8.66269228445514,-1.3496464237571708,0.0,-1.878303416868457,2.1585622491926935,0.0,0.0,0.0,3.1825777842063268,0,0,0,0,0,0,-0.673653191467088,0.8487108190700821,1.8689806187877445,0.0,0.0,0.0
image_896.png,surface,0.0,0.0,2.6879136903528984,-17.651376646904215,12.08723445550306,0.0,-4.320739643920932,0.6127456485255649,0.0,0.0,0.0,-0.6788571339206069,0,0,0,0,0,0,-1.3086907071829998,-0.12525356679529737,3.132936679382827,0.0,0.0,0.0
image_897.png,surface,0.0,0.0,2.2655839428780298,-8.394662928926065,7.8381293058458645,0.0,4.46142332112227,-2.1930047747192636,0.0,0.0,0.0,-0.990442645106107,0,0,0,0,0,0,0.5214565826627683,-0.3258776202939719,1.336628052055024,0.0,0.0,0.0
image_898.png,surface,0.0,0.0,2.8423983323675297,-1.627891915347043,11.923612718558598,0.0,2.795988911946293,-1.1126684428270455,0.0,0.0,0.0,3.9695820168375118,0,0,0,0,0,0,1.0354597090821576,-0.4244246260447872,2.0616977768623452,0.0,0.0,0.0
image_899.png,surface,0.0,0.0,1.6556669140137137,-9.500570901692441,19.210309280476608,0.0,0.2484839156378316,-1.8173421410408126,0.0,0.0,0.0,4.962042925265219,0,0,0,0,0,0,0.07916643462914372,-0.5710472171216566,1.0963434474970044,0.0,0.0,0.0
image_900.png,surface,0.0,0.0,2.2831405797931117,-19.324096040069186,15.116212022651936,0.0,-4.279021773013835,-2.1645542969961156,0.0,0.0,0.0,1.9263941264918092,0,0,0,0,0,0,-0.896690735690871,-0.5030970548835453,2.6251516202179683,0.0,0.0,0.0
image_901.png,surface,0.0,0.0,0.5102182368078698,11.351221027876703,22.395627783995085,0.0,2.323500204242593,-1.6271051048996559,0.0,0.0,0.0,1.3774542977484474,0,0,0,0,0,0,0.18967847651030642,-0.10464592412093102,0.35907705605310275,0.0,0.0,0.0
image_902.png,surface,0.0,0.0,1.9214527047320005,0.33460324524819096,-5.12431237029075,0.0,0.42314481975323454,4.618891862036472,0.0,0.0,0.0,-3.47853739797213,0,0,0,0,0,0,-0.012532003151834075,0.427597573775642,0.915764897960752,0.0,0.0,0.0
image_903.png,surface,0.0,0.0,2.3092226652573005,9.654615901921328,6.133588356971632,0.0,-1.3714673376476783,2.654432047451339,0.0,0.0,0.0,-1.4338085057706094,0,0,0,0,0,0,-0.4392973513613215,0.8527788621201514,2.094196913850406,0.0,0.0,0.0
image_904.png,surface,0.0,0.0,1.457529706246831,-1.868054306331745,2.049988698537161,0.0,-0.1924917246720458,-1.0000866371260622,0.0,0.0,0.0,-1.4564590207367933,0,0,0,0,0,0,0.007130815564748187,-0.2980431447611292,0.479592269963074,0.0,0.0,0.0
image_905.png,surface,0.0,0.0,2.6697956854324825,23.164492282957067,6.48986009682954,0.0,-4.715898679577189,0.33337911267552167,0.0,0.0,0.0,2.239823913512109,0,0,0,0,0,0,-2.199089188695566,1.2068260287782373,5.957005392665593,0.0,0.0,0.0
image_906.png,surface,0.0,0.0,1.7126695182614877,8.20005729990396,14.268911603278669,0.0,3.5005703751212076,1.6124416851115009,0.0,0.0,0.0,-4.2438914698657895,0,0,0,0,0,0,0.42374211373731263,0.12730803865275717,0.8306383279278453,0.0,0.0,0.0
image_907.png,surface,0.0,0.0,1.2063783895974185,11.577832153296665,-18.929892238077553,0.0,0.7963398367513401,3.8810168486909493,0.0,0.0,0.0,-3.2940571648866026,0,0,0,0,0,0,0.07989389804605751,0.5502995683253039,1.2308863911416876,0.0,0.0,0.0
image_908.png,surface,0.0,0.0,1.8736125646741562,14.974454176655648,-12.086002966773858,0.0,-1.2169285106623116,-3.6238952890236926,0.0,0.0,0.0,3.2719673943050775,0,0,0,0,0,0,-0.10025069859969553,-0.6398893284739935,1.1749719765353204,0.0,0.0,0.0
image_909.png,surface,0.0,0.0,2.7637894191958923,-13.021567606464087,-3.5362780588660927,0.0,3.1848223253523926,3.25421694503172,0.0,0.0,0.0,4.065765305663724,0,0,0,0,0,0,0.8192295787994935,0.5881672915663229,2.0599783639531233,0.0,0.0,0.0
image_910.png,surface,0.0,0.0,2.2061221639354356,-1.5094559727282728,6.475074205245053,0.0,2.4664904871340516,-0.5991529597443224,0.0,0.0,0.0,-0.7129533654702911,0,0,0,0,0,0,0.4915560099596188,-0.15552005878421407,1.1459987525130504,0.0,0.0,0.0
image_911.png,surface,0.0,0.0,2.875198375513688,-5.588466319231637,8.15008295607329,0.0,-2.9262487912218056,-3.942754114026946,0.0,0.0,0.0,4.287018958385479,0,0,0,0,0,0,-0.8260552554205358,-1.4357549154555271,3.745663984108423,0.0,0.0,0.0
image_912.png,surface,0.0,0.0,1.6190481897520628,-5.036308875729106,20.4412042004066,0.0,1.3797102939752042,0.14810928631387069,0.0,0.0,0.0,2.5791093915530086,0,0,0,0,0,0,0.4520583989571834,0.04195149731603062,0.7578758998148865,0.0,0.0,0.0
image_913.png,surface,0.0,0.0,2.146198730082803,-2.354318460199295,-8.222242509057292,0.0,0.13883137442803375,2.1303766534805555,0.0,0.0,0.0,3.2355875854383047,0,0,0,0,0,0,0.05864679184619641,0.572725717482996,1.1618999724176804,0.0,0.0,0.0
image_914.png,surface,0.0,0.0,2.070984051499045,-12.28309513422354,20.37896870134432,0.0,-4.459288735409231,-0.8701489668761027,0.0,0.0,0.0,-1.7703982612412306,0,0,0,0,0,0,-0.8330787777407396,-0.08529676344194587,2.1716263198598247,0.0,0.0,0.0
image_915.png,surface,0.0,0.0,1.09780793834781,-11.02136703319028,-15.75677111600713,0.0,3.919084686280414,0.26188389680626406,0.0,0.0,0.0,-4.6452817665016175,0,0,0,0,0,0,0.3831533076095072,-0.06212496370199049,0.7507682487888451,0.0,0.0,0.0
image_916.png,surface,0.0,0.0,2.3614387527073246,12.567927472601593,-2.8111157778902762,0.0,3.4591195509583255,-2.7540826896896307,0.0,0.0,0.0,-2.1856411256411112,0,0,0,0,0,0,0.7339109038714499,-0.43882008696945346,1.862603159997178,0.0,0.0,0.0
image_917.png,surface,0.0,0.0,0.6699792087948464,7.280549446128822,-13.72799792786351,0.0,-2.5651870342171375,-4.269794731262894,0.0,0.0,0.0,3.115816943232449,0,0,0,0,0,0,-0.05176937096537323,-0.1689228920350233,0.29831702324802006,0.0,0.0,0.0
image_918.png,surface,0.0,0.0,1.9378104466064847,22.458798044125242,3.1730393137431627,0.0,-2.843338979184679,-3.4790871655561113,0.0,0.0,0.0,2.1671405945372353,0,0,0,0,0,0,-0.4960029725207527,-0.515194213064147,1.631500666975156,0.0,0.0,0.0
image_919.png,surface,0.0,0.0,0.94503739593135,16.632498113162157,12.109572728247713,0.0,0.9151619260569595,-1.6859107640948965,0.0,0.0,0.0,0.9072424536723602,0,0,0,0,0,0,0.19332188115484963,-0.21029234142819014,0.5573677915581139,0.0,0.0,0.0
image_920.png,surface,0.0,0.0,0.9708588984867847,16.29653946090785,-6.016505273839687,0.0,4.413225996040527,2.079782785234359,0.0,0.0,0.0,-1.6754652590408305,0,0,0,0,0,0,0.29612098454873376,0.061467406859403856,0.693719468263147,0.0,0.0,0.0
image_921.png,surface,0.0,0.0,2.9495788599052233,-0.8157944717818574,21.281169074266064,0.0,0.8762977136311085,0.7185062577204165,0.0,0.0,0.0,-2.5490130336671966,0,0,0,0,0,0,0.10049572288865613,0.391730836907279,3.140841512757689,0.0,0.0,0.0
image_922.png,surface,0.0,0.0,1.4613016727835255,-16.051139944402504,13.36577480359018,0.0,-0.11854773067976829,-2.534966246376797,0.0,0.0,0.0,2.4813905423229254,0,0,0,0,0,0,0.09685231824411293,-0.35179605698884653,0.821174857915793,0.0,0.0,0.0
image_923.png,surface,0.0,0.0,1.7990285912014568,-5.012611223241444,-6.60562307715231,0.0,4.044448428421461,-2.2190670606574234,0.0,0.0,0.0,2.585905744872301,0,0,0,0,0,0,0.39747733622873876,-0.25547813747235043,0.9165955753662455,0.0,0.0,0.0
image_924.png,surface,0.0,0.0,2.1627844658171282,15.873760788919649,-4.36628395785734,0.0,-4.6819648733645485,0.832018983023635,0.0,0.0,0.0,-4.232393837820773,0,0,0,0,0,0,-0.8828217521797097,0.33604300861166314,1.936962185811558,0.0,0.0,0.0
image_925.png,surface,0.0,0.0,1.7457272996583078,16.00062151031267,-7.408632157009507,0.0,4.33401151874049,-1.3379366659594265,0.0,0.0,0.0,-0.25283748306139575,0,0,0,0,0,0,0.6424924938492844,-0.2315103478703165,1.5276369622392934,0.0,0.0,0.0
image_926.png,surface,0.0,0.0,2.3146910976792454,-6.420552874386018,9.701270358888397,0.0,-1.8634792277114935,0.833744630031666,0.0,0.0,0.0,-0.3166876409136279,0,0,0,0,0,0,-0.7893472687762669,0.26874883011364464,1.7097294883371719,0.0,0.0,0.0
image_927.png,surface,0.0,0.0,0.5650755616873291,-17.65889959559228,5.773461973472235,0.0,1.6153016421368982,1.346019891887643,0.0,0.0,0.0,4.085248927970786,0,0,0,0,0,0,0.13329853980949322,0.060746925917048146,0.2057366866034507,0.0,0.0,0.0
image_928.png,surface,0.0,0.0,2.191753866424514,-16.49138587487141,8.402318424951625,0.0,-1.1230808388267883,3.141904207263724,0.0,0.0,0.0,1.0182174241598299,0,0,0,0,0,0,-0.22289981317936788,0.4850787389146762,1.274537148998128,0.0,0.0,0.0
image_929.png,surface,0.0,0.0,1.3109837437981418,-13.27373777683238,-13.667469167817071,0.0,0.6570336256147261,-0.07041241900980348,0.0,0.0,0.0,-0.9453719320900316,0,0,0,0,0,0,0.4547521442457558,-0.136693168133312,0.9664630157412218,0.0,0.0,0.0
image_930.png,surface,0.0,0.0,2.6984102424066783,-14.330032146711613,5.851286557175016,0.0,-1.0720676226397916,4.373591594791574,0.0,0.0,0.0,1.3803517112547379,0,0,0,0,0,0,-0.2404761207148022,0.695474905107485,1.7783965875208947,0.0,0.0,0.0
image_931.png,surface,0.0,0.0,0.8585198005718506,0.39012400145485765,-19.34834588759451,0.0,-1.3195741015312084,-1.6724934180697042,0.0,0.0,0.0,0.9454699575627936,0,0,0,0,0,0,-0.11677842392957817,-0.2533041098253294,0.49747863022653277,0.0,0.0,0.0
image_932.png,surface,0.0,0.0,0.5766086600086608,-6.320300751401519,-7.275113501953665,0.0,0.6985948825626113,-2.326758623571733,0.0,0.0,0.0,3.7114356433762286,0,0,0,0,0,0,0.061237048615207415,-0.09248269563557228,0.17244260027034594,0.0,0.0,0.0
image_933.png,surface,0.0,0.0,0.6523777362128724,10.836325221068877,-11.050641137290233,0.0,-3.3467483397273265,-2.3857599753349374,0.0,0.0,0.0,-2.6727041958654074,0,0,0,0,0,0,-0.11892428882047454,-0.1029469734271665,0.30029323159173554,0.0,0.0,0.0
image_934.png,surface,0.0,0.0,1.8054629102482016,-0.1334904506819288,-12.483119946702349,0.0,-1.0069724441571584,-4.206477992085769,0.0,0.0,0.0,-1.0370390989067788,0,0,0,0,0,0,0.043567905790167206,-0.5146168844487657,1.1253769626212848,0.0,0.0,0.0
image_935.png,surface,0.0,0.0,1.0381216781025437,24.122875223036534,2.887099845244941,0.0,2.4306685790798515,-4.076956324299942,0.0,0.0,0.0,-1.7937182556538467,0,0,0,0,0,0,0.25905839753596854,-0.3043670167879196,0.7642645236243436,0.0,0.0,0.0
image_936.png,surface,0.0,0.0,2.3829442356488153,-7.33325670846516,14.427080099038404,0.0,-0.4146317032336221,-1.931302893621634,0.0,0.0,0.0,1.7423784846709998,0,0,0,0,0,0,-0.2363989774220991,-0.9695408216516159,2.4652060255923725,0.0,0.0,0.0
image_937.png,surface,0.0,0.0,0.6388150006204656,-5.502735048732016,-2.208431099140072,0.0,4.270929116032842,-1.8923695886651886,0.0,0.0,0.0,2.318530089522347,0,0,0,0,0,0,0.0882658149005404,-0.03229894041145721,0.15723584454073866,0.0,0.0,0.0
image_938.png,surface,0.0,0.0,1.0870722454230506,-9.354661637108752,-2.532260404336543,0.0,3.039405845538089,1.9510441230940516,0.0,0.0,0.0,-4.747844894440836,0,0,0,0,0,0,0.18920364683232094,0.07185617573127523,0.3432450592655965,0.0,0.0,0.0
image_939.png,surface,0.0,0.0,2.5756040534262543,18.830841097104653,-2.1297195858247044,0.0,-0.8389697116879391,2.5910240819125137,0.0,0.0,0.0,3.7324435195943497,0,0,0,0,0,0,-0.19946270727879775,1.912208333394358,5.445748012625618,0.0,0.0,0.0
image_940.png,surface,0.0,0.0,0.614102897318725,-22.137118642601376,5.315750391387683,0.0,-0.02332531393496103,0.5940281836846958,0.0,0.0,0.0,-0.08367484219719579,0,0,0,0,0,0,0.004531427455775894,0.0470782383447146,0.34565893634984135,0.0,0.0,0.0
image_941.png,surface,0.0,0.0,2.4690320420977363,20.36375507352487,0.05930529897256328,0.0,2.7392739197530513,3.6626163801200615,0.0,0.0,0.0,-1.9685137684540832,0,0,0,0,0,0,1.034683545185449,1.61249769998935,4.94830176095387,0.0,0.0,0.0
image_942.png,surface,0.0,0.0,0.7794126481216097,22.10047889089087,-7.924365615131255,0.0,-3.1607169868966443,0.5131485519333316,0.0,0.0,0.0,-0.7224112226048351,0,0,0,0,0,0,-0.3163134209830692,0.0898839303151102,0.7651711231582968,0.0,0.0,0.0
image_943.png,surface,0.0,0.0,2.6068975238211833,-17.535400918227126,-8.81452024041506,0.0,0.866004835319801,-4.670840649351535,0.0,0.0,0.0,3.882921262638968,0,0,0,0,0,0,1.0741857218578656,-2.050954400282639,5.0404131668050125,0.0,0.0,0.0
image_944.png,surface,0.0,0.0,2.4601054449860413,12.947737822405216,10.218198529342075,0.0,0.4405317335384922,-3.4375683791785088,0.0,0.0,0.0,-0.20772580021935827,0,0,0,0,0,0,0.23701534286948428,-0.7388421946683199,1.9257391088222766,0.0,0.0,0.0
image_945.png,surface,0.0,0.0,1.0468895289467832,1.3811908372315287,-20.497824249315908,0.0,3.593992610833855,-2.9579248489292467,0.0,0.0,0.0,-3.529340899194473,0,0,0,0,0,0,0.3504768075581343,-0.2803929347759089,0.8999552312110275,0.0,0.0,0.0
image_946.png,surface,0.0,0.0,1.5049311387650073,-8.106023632298793,-21.079870552491204,0.0,-2.1388722414809718,-2.973588986834974,0.0,0.0,0.0,1.384319511604879,0,0,0,0,0,0,-0.15566271326461523,-0.6235306356365331,1.2355087089625811,0.0,0.0,0.0
image_947.png,surface,0.0,0.0,1.6450114009702703,1.4461924411855616,23.45983672012609,0.0,-0.7124814955990763,-1.9346354621714046,0.0,0.0,0.0,-4.649252374130805,0,0,0,0,0,0,-0.2965501575269131,-0.5140930413181887,1.3792560941810443,0.0,0.0,0.0
image_948.png,surface,0.0,0.0,1.4844412976207702,5.341911042802161,-6.336553962807676,0.0,-4.1062731273962125,-2.537142105560598,0.0,0.0,0.0,0.26524943102647214,0,0,0,0,0,0,-0.23526060370692828,-0.16840376821192846,0.569626982300484,0.0,0.0,0.0
image_949.png,surface,0.0,0.0,1.0275790555844242,16.99185598821503,14.265212415498118,0.0,1.0979434635133007,-0.13524402923247403,0.0,0.0,0.0,-3.394549271699394,0,0,0,0,0,0,0.35850782105406337,-0.02731220550475941,0.6072843580162108,0.0,0.0,0.0
image_950.png,surface,0.0,0.0,1.065394675258103,-22.288444655962035,4.006951407142857,0.0,2.259043470128093,-3.005197595179329,0.0,0.0,0.0,-1.0299340466541231,0,0,0,0,0,0,0.2098724348346353,-0.22896034872717516,0.6571830604440819,0.0,0.0,0.0
image_951.png,surface,0.0,0.0,2.226739664671527,-4.313585571776493,0.005134648010840091,0.0,3.592426091815347,2.9043961587110436,0.0,0.0,0.0,4.693410004243692,0,0,0,0,0,0,0.5046929643838861,0.2752709130547073,1.11552941595938,0.0,0.0,0.0
image_952.png,surface,0.0,0.0,0.8788928131143923,-11.200044894628462,2.97678716994486,0.0,-1.4853010207655255,3.301748969370444,0.0,0.0,0.0,0.27078191993406087,0,0,0,0,0,0,-0.03781972728455329,0.06645414176610161,0.24208998811270283,0.0,0.0,0.0
image_953.png,surface,0.0,0.0,1.2049664786100596,-5.5029806964943795,-20.76827573183206,0.0,-2.9340851016690164,-2.044879317841403,0.0,0.0,0.0,-3.083476887544765,0,0,0,0,0,0,-0.30351432613736834,-0.24522937472246528,0.7351997464471682,0.0,0.0,0.0
image_954.png,surface,0.0,0.0,0.6575645615702346,-5.879348109879816,-9.576335423914603,0.0,-4.405479360353099,1.2643910399421867,0.0,0.0,0.0,-0.5172813265967289,0,0,0,0,0,0,-0.0714230583419942,-0.0055404669846655106,0.21393181046947976,0.0,0.0,0.0
image_955.png,surface,0.0,0.0,1.0452708395877546,4.839191435290456,-15.652389458358577,0.0,-3.6180799083607442,0.7536345296106859,0.0,0.0,0.0,1.8079590108700376,0,0,0,0,0,0,-0.25882098269697573,0.05590491643981911,0.5084650088153242,0.0,0.0,0.0
image_956.png,surface,0.0,0.0,0.5945213758043748,2.116943599810769,13.914899937924588,0.0,-0.5252624599129181,-0.010692526324881364,0.0,0.0,0.0,4.393044966872035,0,0,0,0,0,0,-0.10048202587871423,-0.022388394697830646,0.21879975870597687,0.0,0.0,0.0
image_957.png,surface,0.0,0.0,2.245846834488977,-8.385278885388741,-15.496896422857311,0.0,-1.7290256415087535,-4.357434853333832,0.0,0.0,0.0,0.666310437468435,0,0,0,0,0,0,0.06434322609202979,-0.995556790701131,2.271912752542995,0.0,0.0,0.0
image_958.png,surface,0.0,0.0,1.5110727133800412,4.764700618518752,24.390446767319478,0.0,1.3671758175635664,4.0068628430187445,0.0,0.0,0.0,4.198280651811226,0,0,0,0,0,0,0.10211805762177355,0.4964522699479334,1.0970401446758051,0.0,0.0,0.0
image_959.png,surface,0.0,0.0,1.4441707179714363,-13.86648140810546,5.220940826763544,0.0,-4.408320525589032,-1.9555230244717623,0.0,0.0,0.0,-3.0026091722590733,0,0,0,0,0,0,-0.25780588207128224,-0.09105431857081467,0.5989798169650489,0.0,0.0,0.0
image_960.png,surface,0.0,0.0,1.7140955902057062,17.903450998118814,-5.34137905628426,0.0,-2.6451577913866644,1.4037772472203922,0.0,0.0,0.0,3.8130191556984414,0,0,0,0,0,0,-0.6666601069467553,0.46195413224954696,1.6722172578670302,0.0,0.0,0.0
image_961.png,surface,0.0,0.0,1.153236536444152,-1.9798720608297162,-22.074679395025715,0.0,3.2409167044728826,3.5297547956436635,0.0,0.0,0.0,2.9959411206175233,0,0,0,0,0,0,0.37049118286322535,0.3246222845035794,1.0631431473225843,0.0,0.0,0.0
image_962.png,surface,0.0,0.0,1.4008339807535137,-8.432957386572802,9.259423841110289,0.0,-3.324784769535282,-3.2442561147362263,0.0,0.0,0.0,4.499477305482616,0,0,0,0,0,0,-0.1807434603582125,-0.25481428821978674,0.5842308270099749,0.0,0.0,0.0
image_963.png,surface,0.0,0.0,1.9774141795372073,18.758209338950103,13.30516737124704,0.0,-2.6923577028224233,-3.6365642505857765,0.0,0.0,0.0,1.2956246450346285,0,0,0,0,0,0,-0.539513807436162,-0.6400167497760262,1.8102950464926175,0.0,0.0,0.0
image_964.png,surface,0.0,0.0,1.0613096662327546,-12.144873657504931,20.377722283885284,0.0,-1.6375177996228514,3.3312330842022218,0.0,0.0,0.0,-4.168309842741971,0,0,0,0,0,0,-0.14088516142730761,0.19479413565507117,0.5702968834339471,0.0,0.0,0.0
image_965.png,surface,0.0,0.0,1.6549198679467774,17.762287106106598,7.15610016803506,0.0,0.314780435157715,2.0716795984292,0.0,0.0,0.0,0.9188928950246265,0,0,0,0,0,0,0.030373119546144862,0.6908877382343203,1.7269035203953806,0.0,0.0,0.0
image_966.png,surface,0.0,0.0,1.9373066281980398,1.4192131082767887,3.0153601181215195,0.0,0.2300950700213576,-0.20621269899416172,0.0,0.0,0.0,-4.54758829103373,0,0,0,0,0,0,0.14289253432879162,-0.09425400904407119,0.8066223722932014,0.0,0.0,0.0
image_967.png,surface,0.0,0.0,0.8452349930091705,2.2985836274475617,6.414603505358164,0.0,-1.6833457127571327,-4.692481506510351,0.0,0.0,0.0,2.245776553021104,0,0,0,0,0,0,-0.011128820577786969,-0.12270199454966217,0.2205749967096535,0.0,0.0,0.0
image_968.png,surface,0.0,0.0,1.2674248430429085,-16.39734068454876,-10.452758717969322,0.0,-1.5250490613116434,0.7723475858248965,0.0,0.0,0.0,-4.79905461192779,0,0,0,0,0,0,-0.3531553339467707,0.1554823043243526,0.5969053564550926,0.0,0.0,0.0
image_969.png,surface,0.0,0.0,1.880530692340261,-14.79471255489291,11.117058191432285,0.0,-1.258753442957929,-0.7852607350257976,0.0,0.0,0.0,-4.508103226694674,0,0,0,0,0,0,-0.44322839321464436,-0.42140112305088395,1.3656035090810716,0.0,0.0,0.0
image_970.png,surface,0.0,0.0,1.5031495378157205,14.277618176085644,-1.4651211968118962,0.0,-2.6530898822179094,-1.7667418008051643,0.0,0.0,0.0,3.841767264284776,0,0,0,0,0,0,-0.3619975148092587,-0.1701499119805199,0.7634293802112934,0.0,0.0,0.0
image_971.png,surface,0.0,0.0,2.2899865106959276,-5.706766967921666,-11.335094617007712,0.0,0.9971436935384962,-2.2811964852806157,0.0,0.0,0.0,4.095082971485638,0,0,0,0,0,0,0.8006686084382366,-0.89682887816348,2.387790017605625,0.0,0.0,0.0
image_972.png,surface,0.0,0.0,1.0783044692932695,8.482111134859617,-3.300038412077642,0.0,-3.919229494368182,-0.9745718296073187,0.0,0.0,0.0,2.901222943263,0,0,0,0,0,0,-0.18307195204833407,-0.03448869908342042,0.3749537129161726,0.0,0.0,0.0
image_973.png,surface,0.0,0.0,1.676809277268457,-23.263508689284244,-1.341517185097884,0.0,1.5484209898379013,-3.5638021868745646,0.0,0.0,0.0,-3.2999263634327516,0,0,0,0,0,0,0.33971095774380744,-0.6407450962308531,1.514569424129211,0.0,0.0,0.0
image_974.png,surface,0.0,0.0,2.5526151761429934,-9.842401146962553,12.658943004502612,0.0,3.8418585333132182,0.844775252307792,0.0,0.0,0.0,-0.699055808426654,0,0,0,0,0,0,0.7100278842027719,-0.019792775582357036,1.6499765402360613,0.0,0.0,0.0
image_975.png,surface,0.0,0.0,0.8569232917340798,-2.524545469402062,12.158291803556626,0.0,0.05412016420345095,3.7311449489100847,0.0,0.0,0.0,-4.482883363077019,0,0,0,0,0,0,-0.007384971193669898,0.11810538906153255,0.24794045801161174,0.0,0.0,0.0
image_976.png,surface,0.0,0.0,2.737319784097377,-13.58133612572146,-3.8197576547646053,0.0,-1.3641535299491518,1.0015333062842855,0.0,0.0,0.0,3.3621537131522103,0,0,0,0,0,0,-0.409772685486577,0.3066558809170192,2.0728851257911747,0.0,0.0,0.0
image_977.png,surface,0.0,0.0,1.6181147125697246,11.858304499942646,-20.43910424088651,0.0,4.0015377928708284,2.3688260417793052,0.0,0.0,0.0,-2.2483644728031313,0,0,0,0,0,0,1.0206699821249006,0.2780899127243614,2.6638406436792286,0.0,0.0,0.0
image_978.png,surface,0.0,0.0,1.6996007356806702,16.350445122265164,6.863567443745651,0.0,1.442075799304809,2.51546071679724,0.0,0.0,0.0,1.020019816824961,0,0,0,0,0,0,0.20934738278686285,0.5609604839286767,1.472218274471689,0.0,0.0,0.0
image_979.png,surface,0.0,0.0,2.0897710155890286,-0.18473125451369402,-23.020925981278662,0.0,3.0652620100411085,-0.6761857754042941,0.0,0.0,0.0,3.919801246480283,0,0,0,0,0,0,1.7088123272755211,-0.4349974479084829,4.030572936170182,0.0,0.0,0.0
image_980.png,surface,0.0,0.0,1.8545839283109236,17.71880493310606,-6.330381661477332,0.0,-0.9790769970557942,-1.493155315344318,0.0,0.0,0.0,4.873881704866021,0,0,0,0,0,0,-0.27882927044209255,-0.24013724194865407,1.3532103381120073,0.0,0.0,0.0
image_981.png,surface,0.0,0.0,2.5581253328661617,-15.433242701352272,-6.002961012395641,0.0,-2.2258783354225216,1.7136020811222943,0.0,0.0,0.0,0.7381226824803244,0,0,0,0,0,0,-0.6303767276106843,0.47139274721490615,1.7813441525081326,0.0,0.0,0.0
image_982.png,surface,0.0,0.0,0.9666002406838057,-6.538834013262642,10.530980737543937,0.0,-4.3276098321591645,-0.16647987587603308,0.0,0.0,0.0,4.637006878396342,0,0,0,0,0,0,-0.1654028092232937,0.014699069706051835,0.30910913050810696,0.0,0.0,0.0
image_983.png,surface,0.0,0.0,0.8247615849575534,13.301225964577782,-7.251098625977813,0.0,1.3249597832813493,3.8656508984778437,0.0,0.0,0.0,-1.4971377786493778,0,0,0,0,0,0,0.045942054180095025,0.20364126408260072,0.4941291245592181,0.0,0.0,0.0
image_984.png,surface,0.0,0.0,1.1587116730771603,8.62703667123782,-15.226605312487585,0.0,-0.9466031312466194,0.7611945658808437,0.0,0.0,0.0,2.047226917350785,0,0,0,0,0,0,-0.26432261502363547,0.36911748855277404,0.6980470295853177,0.0,0.0,0.0
image_985.png,surface,0.0,0.0,2.994533384423537,9.0961655800103,-18.243516266126612,0.0,-1.3778377345302648,4.29813335380552,0.0,0.0,0.0,0.7786510448613813,0,0,0,0,0,0,0.1503589266371161,1.8683643937777747,5.160325469694869,0.0,0.0,0.0
image_986.png,surface,0.0,0.0,0.7471610405815048,10.669235585566007,16.302833284316463,0.0,0.43864998276117495,-2.4436722861092273,0.0,0.0,0.0,1.903452072042918,0,0,0,0,0,0,0.05753885593089669,-0.17455774516934236,0.38815076524539144,0.0,0.0,0.0
image_987.png,surface,0.0,0.0,1.8261295233387216,-1.9157191371372377,0.9252083807024116,0.0,-1.55679090616183,3.5405149976964663,0.0,0.0,0.0,-2.824814677675488,0,0,0,0,0,0,-0.166271808409607,0.29470187506339235,0.703808179333098,0.0,0.0,0.0
image_988.png,surface,0.0,0.0,2.4334518381907038,6.57255809361681,-4.33428293196009,0.0,-1.0698582125125968,1.0155779743495432,0.0,0.0,0.0,3.6180008020416157,0,0,0,0,0,0,-0.3651965275756872,0.5754393192855367,1.7780616369541642,0.0,0.0,0.0
image_989.png,surface,0.0,0.0,2.5814903833636467,2.6601442566416322,15.587320276666313,0.0,-3.6786806313243505,2.096446208396884,0.0,0.0,0.0,2.393445271140534,0,0,0,0,0,0,-1.6728591980680478,0.7939574136560371,3.542054233603716,0.0,0.0,0.0
image_990.png,surface,0.0,0.0,2.893561732489391,6.148554165864429,-13.907736819381629,0.0,2.5819903113464338,0.3763354127055937,0.0,0.0,0.0,-0.21373842259691322,0,0,0,0,0,0,2.301337367911787,0.2668579609155844,6.07779973204784,0.0,0.0,0.0
image_991.png,surface,0.0,0.0,2.9879172512222922,6.509513810705653,18.18867326999971,0.0,3.962736303415505,-0.635373038725738,0.0,0.0,0.0,-0.3356995118966495,0,0,0,0,0,0,0.9823153105076169,-0.1615607723620437,2.716019242964651,0.0,0.0,0.0
image_992.png,surface,0.0,0.0,1.8806403942193877,-18.00190716628916,-3.885397895978891,0.0,-1.4964905383752112,2.5548748748333536,0.0,0.0,0.0,2.7038954589238253,0,0,0,0,0,0,-0.23197027754088742,0.41157080556446296,0.9579642033613566,0.0,0.0,0.0
image_993.png,surface,0.0,0.0,1.1019671024553341,14.340216516950889,16.600205129702427,0.0,3.0560311825085793,3.6981257411539823,0.0,0.0,0.0,4.044288927730644,0,0,0,0,0,0,0.20998201091417054,0.2722379714458389,0.7021334264994404,0.0,0.0,0.0
image_994.png,surface,0.0,0.0,1.7997411088325717,4.624754501135793,24.447585676021266,0.0,1.003545268993,-0.3658111250686348,0.0,0.0,0.0,-1.8225846920766897,0,0,0,0,0,0,0.3675935043155184,-0.061228295280281425,1.2013169551106369,0.0,0.0,0.0
image_995.png,surface,0.0,0.0,2.3400804565288817,6.026114667317931,0.1922279380413677,0.0,-4.139765348293106,1.3131663876722512,0.0,0.0,0.0,0.40895171590681834,0,0,0,0,0,0,-0.6245418013754382,0.24228452685327334,1.5316318059985101,0.0,0.0,0.0
image_996.png,surface,0.0,0.0,1.6916692564435483,-8.112355570203512,18.36536868664441,0.0,-0.029333230018805428,-0.8071977728568019,0.0,0.0,0.0,1.683830964779311,0,0,0,0,0,0,-0.08602863661003139,-0.45462976703642916,1.0706460400173687,0.0,0.0,0.0
image_997.png,surface,0.0,0.0,1.180775493649746,4.69545523782541,-19.31794852694688,0.0,3.3657421116003507,2.6834023358581214,0.0,0.0,0.0,4.949114699085007,0,0,0,0,0,0,0.3987161546834832,0.26360163875253584,1.04606066841928,0.0,0.0,0.0
image_998.png,surface,0.0,0.0,2.5552325623504677,-19.769678595389546,11.420872429056264,0.0,2.1830381290544674,4.114568961201089,0.0,0.0,0.0,0.882238796526968,0,0,0,0,0,0,0.25859878675791825,0.6377483359793515,1.7925984915503077,0.0,0.0,0.0
image_999.png,surface,0.0,0.0,2.5727872209569567,-1.1622202873028926,-6.679945332424281,0.0,-4.15108018990129,0.5671153969408579,0.0,0.0,0.0,-0.7538509266230875,0,0,0,0,0,0,-0.7554669537400003,0.16577039463659354,1.7442316297142875,0.0,0.0,0.0
image_1000.png,surface,0.0,0.0,1.8766197282961592,20.33345762589806,-4.0806617518292265,0.0,2.2736750123477627,0.8848915012081329,0.0,0.0,0.0,4.016326954827914,0,0,0,0,0,0,0.897220353408625,0.6246695618423532,2.57084943433947,0.0,0.0,0.0
image_1001.png,surface,0.0,0.0,2.0039000074391122,-6.21050916989195,24.01277723476428,0.0,0.346777751428511,-1.2072556798630876,0.0,0.0,0.0,-1.3074367623830452,0,0,0,0,0,0,-0.18642315381411675,-0.6880467151297475,1.965834924663808,0.0,0.0,0.0
image_1002.png,surface,0.0,0.0,1.783835418085009,13.122766617159046,0.754142279333591,0.0,4.12945104900466,-2.4938796925269897,0.0,0.0,0.0,-2.8867399672116303,0,0,0,0,0,0,0.4063103857512652,-0.23099908955969267,1.0375261279789636,0.0,0.0,0.0
image_1003.png,surface,0.0,0.0,2.4553433235962765,-13.523330126079644,-3.4525606189994864,0.0,-4.362098003465854,1.1115209068832637,0.0,0.0,0.0,-0.2309523138688867,0,0,0,0,0,0,-0.6715986399758037,0.16015441873220515,1.6104479073541953,0.0,0.0,0.0
image_1004.png,surface,0.0,0.0,2.717695493963851,-19.208830781594365,12.461264604360613,0.0,2.71715954145388,-1.5059900250633373,0.0,0.0,0.0,-4.177656434391674,0,0,0,0,0,0,0.9313624335237803,-1.058229194071113,3.0005240213425566,0.0,0.0,0.0
image_1005.png,surface,0.0,0.0,0.5050298011789704,-13.359139551297051,-16.156364736273048,0.0,3.366967000664669,-1.6303440894818242,0.0,0.0,0.0,-2.6234063466301683,0,0,0,0,0,0,0.19989644592695752,-0.08696582518832013,0.4226908676867377,0.0,0.0,0.0
image_1006.png,surface,0.0,0.0,2.9340674907098627,-3.4812181582742223,11.764627628009958,0.0,3.830980658078011,-2.462578734408553,0.0,0.0,0.0,-4.165022247858299,0,0,0,0,0,0,0.9223406696420545,-0.6643557915666977,2.2885932907662205,0.0,0.0,0.0
image_1007.png,surface,0.0,0.0,1.3603018424322872,-4.059843842969763,-17.690533576313282,0.0,-0.8313373188159329,-3.034162755175627,0.0,0.0,0.0,-1.222480401347188,0,0,0,0,0,0,0.07739952034663973,-0.37230616730857097,0.8821581910986974,0.0,0.0,0.0
image_1008.png,surface,0.0,0.0,1.4978183541804808,3.5917087670749424,2.6438729961704417,0.0,4.501491095338009,-0.6227871520465685,0.0,0.0,0.0,-2.6884566052064782,0,0,0,0,0,0,0.2620808710631461,-0.058481658325362014,0.5201793466358109,0.0,0.0,0.0
image_1009.png,surface,0.0,0.0,1.419208001104206,7.926556274696378,14.344978337942374,0.0,4.656191944955016,1.266145343060046,0.0,0.0,0.0,3.9923405157820486,0,0,0,0,0,0,0.33518637879300267,0.028263932513766393,0.608805033589171,0.0,0.0,0.0
image_1010.png,surface,0.0,0.0,2.610908458322218,5.66124204356913,11.195059636261238,0.0,2.9844214761217733,1.4527778909371343,0.0,0.0,0.0,-3.2756120580756933,0,0,0,0,0,0,0.7893107434164215,0.31003962438210014,1.8202654083623246,0.0,0.0,0.0
image_1011.png,surface,0.0,0.0,2.341981597351258,-5.814231292211466,23.295465513121684,0.0,2.946312460734449,3.926607681653416,0.0,0.0,0.0,0.8606063259648664,0,0,0,0,0,0,0.3603340890463157,0.5953312003250301,1.7769563000839506,0.0,0.0,0.0
image_1012.png,surface,0.0,0.0,0.9472772314869505,4.502610047857188,0.49728493713931227,0.0,-2.0650825757011098,-0.7437991443533979,0.0,0.0,0.0,-4.706803975440337,0,0,0,0,0,0,-0.13761614172117606,-0.06646200727857272,0.26850642280892223,0.0,0.0,0.0
image_1013.png,surface,0.0,0.0,1.5202338893948515,-16.193015321050577,16.46441113644284,0.0,0.6308523997099561,1.2428164391340335,0.0,0.0,0.0,-2.7883608949493013,0,0,0,0,0,0,0.12346713045120206,0.3273154359736948,0.7048130310332926,0.0,0.0,0.0
image_1014.png,surface,0.0,0.0,0.5068168289050461,23.428840804416165,7.392850434161893,0.0,4.105352239857995,-0.2246991821789486,0.0,0.0,0.0,2.6042999170475234,0,0,0,0,0,0,0.25714994748406483,-0.12031402496342644,0.5105551003517281,0.0,0.0,0.0
image_1015.png,surface,0.0,0.0,2.5077833030911614,-11.790021840513546,-14.940410170284126,0.0,0.7457126772178337,-4.177637868044684,0.0,0.0,0.0,-2.418710497519233,0,0,0,0,0,0,1.1348543445604842,-1.6871618636728198,4.567427238519772,0.0,0.0,0.0
image_1016.png,surface,0.0,0.0,1.090701190548566,-5.477790428332986,-7.974766716641409,0.0,0.644523906711022,3.6555425195190208,0.0,0.0,0.0,-3.6018648334853687,0,0,0,0,0,0,0.016283461985918946,0.17426514810541632,0.36664693886123334,0.0,0.0,0.0
image_1017.png,surface,0.0,0.0,0.7075417257335559,-7.9641280913285275,8.562654058841806,0.0,2.8963604175043027,-2.9836517374266833,0.0,0.0,0.0,-3.7445711789283775,0,0,0,0,0,0,0.10299010058807392,-0.09228133851631128,0.1736484223105791,0.0,0.0,0.0
image_1018.png,surface,0.0,0.0,2.15192242171132,-11.526957773044117,8.813720432899347,0.0,-3.8713084028867013,-0.10073752195594876,0.0,0.0,0.0,-0.28980077822658235,0,0,0,0,0,0,-0.5728431982947648,-0.03561818667427501,1.4115587268366243,0.0,0.0,0.0
image_1019.png,surface,0.0,0.0,1.0477390154289263,0.43451323481411025,-13.204641441135852,0.0,-3.512602098811885,1.6183449256046385,0.0,0.0,0.0,-1.0436103247680872,0,0,0,0,0,0,-0.18480690664097355,0.08153075607076782,0.4406710141088811,0.0,0.0,0.0
image_1020.png,surface,0.0,0.0,1.8725192091995428,17.165802578940003,-17.327293689232622,0.0,3.051387442019299,3.910248392627469,0.0,0.0,0.0,1.5328822540562248,0,0,0,0,0,0,1.023588967132518,1.1603597273037756,4.046400466950134,0.0,0.0,0.0
image_1021.png,surface,0.0,0.0,0.9030122606755071,-22.67761909363461,-7.117254822984265,0.0,1.2422697049506528,-1.0790337123616962,0.0,0.0,0.0,0.6019416136629454,0,0,0,0,0,0,0.22539114709879873,-0.2543895505463458,0.7149330041561386,0.0,0.0,0.0
image_1022.png,surface,0.0,0.0,2.4752708819114906,6.8528852936396,-17.497361360385668,0.0,0.39369543265894136,-1.2630178133366647,0.0,0.0,0.0,-4.218307641264899,0,0,0,0,0,0,1.1778172990782179,-0.3154809859096293,3.4702720941493936,0.0,0.0,0.0
image_1023.png,surface,0.0,0.0,2.9549338130529694,18.591928351432184,10.139017774159159,0.0,-1.2528076144165254,2.6204086908699087,0.0,0.0,0.0,-4.72836543701578,0,0,0,0,0,0,-0.7183967572772676,2.2081136318658356,7.52147686872834,0.0,0.0,0.0
image_1024.png,surface,0.0,0.0,0.7687301454672388,3.4611359735633047,4.836475631714122,0.0,0.017711993520847392,-3.5042756120300114,0.0,0.0,0.0,0.05999984882594678,0,0,0,0,0,0,0.029505642249825024,-0.09635882018134619,0.1984213662260362,0.0,0.0,0.0
image_1025.png,surface,0.0,0.0,2.603531527180868,18.998818953924836,2.6612250780196427,0.0,-1.096920117043839,-0.1542877611010322,0.0,0.0,0.0,4.059565439906219,0,0,0,0,0,0,-0.5693732891094857,0.4957317890055775,3.7743067235715184,0.0,0.0,0.0
image_1026.png,surface,0.0,0.0,1.7244738801942956,-0.33275016128588036,-4.643992685631225,0.0,-1.3811803304937018,-4.080464878703335,0.0,0.0,0.0,-1.9718518170378605,0,0,0,0,0,0,-0.000883457141251992,-0.344940476319008,0.6923037438677617,0.0,0.0,0.0
image_1027.png,surface,0.0,0.0,0.6285271632441087,8.386521000673662,3.3123893159997664,0.0,-3.7909395279600693,-0.16323786638692156,0.0,0.0,0.0,1.0656057543222257,0,0,0,0,0,0,-0.07048253032598434,-0.003869832135797029,0.20457999064633822,0.0,0.0,0.0
image_1028.png,surface,0.0,0.0,1.8032689876046513,12.443522751426405,-6.554372336426408,0.0,-1.7986311151148353,-1.3367707169336447,0.0,0.0,0.0,3.7193057316377622,0,0,0,0,0,0,-0.5016187465969287,-0.22188296060565063,0.9183775123812569,0.0,0.0,0.0
image_1029.png,surface,0.0,0.0,1.7048072980585556,-0.42146808963475163,-3.070695372029385,0.0,2.759802026048836,2.11440882191149,0.0,0.0,0.0,4.41295943483574,0,0,0,0,0,0,0.2851831611651365,0.1625345228059697,0.6384146636882307,0.0,0.0,0.0
image_1030.png,surface,0.0,0.0,2.7285325073277797,3.365339954922191,16.97408200823232,0.0,-0.2986261064682959,-4.685267058176536,0.0,0.0,0.0,-4.527506624750312,0,0,0,0,0,0,-0.008343761889602341,-1.1312211498032192,2.465346704830399,0.0,0.0,0.0
image_1031.png,surface,0.0,0.0,1.3509794680094571,4.332622316766728,-3.7264882969186175,0.0,1.963116795614407,-1.0547587114839985,0.0,0.0,0.0,-2.800424316898047,0,0,0,0,0,0,0.22871343295470414,-0.12432543632370376,0.49734464999984024,0.0,0.0,0.0
image_1032.png,surface,0.0,0.0,2.3937304164414304,5.620844910166535,-12.260735350027074,0.0,-2.618171951158791,-3.9336083135797306,0.0,0.0,0.0,-3.3221246172043495,0,0,0,0,0,0,-0.228317741556383,-0.7150804814930292,1.6400352074154727,0.0,0.0,0.0
image_1033.png,surface,0.0,0.0,0.8307650251117276,-20.417697529587013,-10.273160382114293,0.0,-0.1538115833854112,-0.9351625184878475,0.0,0.0,0.0,4.9617848513075185,0,0,0,0,0,0,0.0986298857565718,-0.2619341501086556,0.5949715751831632,0.0,0.0,0.0
image_1034.png,surface,0.0,0.0,1.471258131394723,-11.20285032208526,-3.623112156578101,0.0,-2.151359156104148,-3.423378446874021,0.0,0.0,0.0,1.5796821335617564,0,0,0,0,0,0,-0.0765457400602617,-0.3004971846521228,0.664708283176648,0.0,0.0,0.0
image_1035.png,surface,0.0,0.0,1.8483970910688594,-15.612693443011734,-0.8489506656063929,0.0,-0.8160689732836796,0.3452372257333342,0.0,0.0,0.0,-1.8827951572075885,0,0,0,0,0,0,-0.26625845909542273,0.059906889185131235,0.9287252518894792,0.0,0.0,0.0
image_1036.png,surface,0.0,0.0,0.9538057632366785,17.645680975211842,-5.879742798057636,0.0,-4.264387279799264,-0.7178279661268708,0.0,0.0,0.0,-0.24001222224902996,0,0,0,0,0,0,-0.28447548231813885,0.008329577706928989,0.6492380330012124,0.0,0.0,0.0
image_1037.png,surface,0.0,0.0,0.9944250744606484,19.37187845399036,3.280045305131845,0.0,-0.44843081653102873,4.270746342136112,0.0,0.0,0.0,-1.6643566312289035,0,0,0,0,0,0,-0.04847143534936436,0.3013089055391435,0.7765884714762828,0.0,0.0,0.0
image_1038.png,surface,0.0,0.0,1.1133522042889927,-2.517825758516819,23.997667866450755,0.0,-1.402209279709851,-2.335366468973091,0.0,0.0,0.0,-4.100420829231204,0,0,0,0,0,0,-0.1242022033180836,-0.2984678824345704,0.7052149717133706,0.0,0.0,0.0
image_1039.png,surface,0.0,0.0,2.3569911165549486,12.016027956598114,11.69004377777017,0.0,-2.8538085339201933,3.1278607850267566,0.0,0.0,0.0,2.655065086950014,0,0,0,0,0,0,-1.2244860557302304,1.2911364569563022,3.438076645675167,0.0,0.0,0.0
image_1040.png,surface,0.0,0.0,2.858727264778527,-5.998113040346314,-24.21982009872472,0.0,-2.8145558836782474,1.874596635272239,0.0,0.0,0.0,-2.445845521777473,0,0,0,0,0,0,-0.9310656649750396,0.834080965873776,2.809095306447983,0.0,0.0,0.0
image_1041.png,surface,0.0,0.0,0.8178882371394967,8.115932668249481,-6.3496122080592965,0.0,4.0989859857057995,-2.0596396910926154,0.0,0.0,0.0,-0.12775908218454202,0,0,0,0,0,0,0.14593022675590453,-0.08971718145072217,0.3492831014818754,0.0,0.0,0.0
image_1042.png,surface,0.0,0.0,1.869849850444618,17.062935230919305,-1.5484501266756259,0.0,-4.818057354320279,0.11294047303993855,0.0,0.0,0.0,0.9632105183867772,0,0,0,0,0,0,-0.6581755702327502,0.1289865390140968,1.4694381847678173,0.0,0.0,0.0
image_1043.png,surface,0.0,0.0,0.8677594371999904,-5.430502535985869,-15.1961977629104,0.0,-2.273945776120423,-0.7283244684717924,0.0,0.0,0.0,3.035433133881634,0,0,0,0,0,0,-0.18061257781876777,-0.03730140634309729,0.35773725378617693,0.0,0.0,0.0
image_1044.png,surface,0.0,0.0,0.6356395907863197,-14.16555821088681,4.349454822495022,0.0,1.6170040189482697,-1.6199151553677573,0.0,0.0,0.0,1.6744234031906107,0,0,0,0,0,0,0.09263363918201033,-0.07128042021838833,0.19784525125125796,0.0,0.0,0.0
image_1045.png,surface,0.0,0.0,0.5986426808638257,-17.067000415005953,9.461627337326505,0.0,4.711778971887189,0.5701549410554474,0.0,0.0,0.0,0.12424262011339415,0,0,0,0,0,0,0.12359344732066611,-0.03961386700961015,0.24204532803713869,0.0,0.0,0.0
image_1046.png,surface,0.0,0.0,1.5722662078739422,11.851751265041422,-10.820393976320897,0.0,3.9041482573774893,1.7843028715873173,0.0,0.0,0.0,-3.5625320296932275,0,0,0,0,0,0,0.5709027885529975,0.0889164722811609,1.3212761510798332,0.0,0.0,0.0
image_1047.png,surface,0.0,0.0,1.5633068982325735,14.831482009936092,5.674546698505513,0.0,-4.830017449205502,1.246354252860503,0.0,0.0,0.0,-1.0097431041915037,0,0,0,0,0,0,-0.42733529601206927,0.14722351622966384,1.094921024090284,0.0,0.0,0.0
image_1048.png,surface,0.0,0.0,2.160481092621784,18.73035337956523,-15.64637199621366,0.0,-2.261750435949328,-0.29433019240124153,0.0,0.0,0.0,-3.8171424984206803,0,0,0,0,0,0,-0.5437827088680517,0.32235701691189317,2.490769452845315,0.0,0.0,0.0
image_1049.png,surface,0.0,0.0,1.4748293999225985,-19.76922687906973,-14.42226296138607,0.0,-4.1852438207804274,-0.4308146103505855,0.0,0.0,0.0,-3.9127286784343838,0,0,0,0,0,0,-0.5118001906537342,-0.009183772361293942,1.0433140737720825,0.0,0.0,0.0
image_1050.png,surface,0.0,0.0,1.0742910490571227,3.6539210364109866,4.823214745683774,0.0,-4.2383645720511325,2.197067999342567,0.0,0.0,0.0,0.21651830784430715,0,0,0,0,0,0,-0.1324386719631411,0.04837762100494562,0.32223249371264445,0.0,0.0,0.0
image_1051.png,surface,0.0,0.0,0.740758263750557,-10.904971029313419,4.1918175151064965,0.0,-0.5099939982850428,-3.0735610945451404,0.0,0.0,0.0,0.2424574894423106,0,0,0,0,0,0,0.019324198193018893,-0.09610869688476423,0.21017143210697495,0.0,0.0,0.0
image_1052.png,surface,0.0,0.0,1.9278943995730031,-20.54200461663912,5.1982661756901445,0.0,3.593885309782211,-0.9763580116897543,0.0,0.0,0.0,0.29254805132126016,0,0,0,0,0,0,0.5786248583802369,-0.31588212704565705,1.4452681518724766,0.0,0.0,0.0
image_1053.png,surface,0.0,0.0,1.0433463255071742,3.971472074207096,-12.029186004149853,0.0,-2.238707800223863,-3.0596660108522125,0.0,0.0,0.0,-0.25182561119184754,0,0,0,0,0,0,-0.08093791458162826,-0.1964930863488358,0.4257322188326587,0.0,0.0,0.0
image_1054.png,surface,0.0,0.0,1.4428762904778853,-0.10962232058520155,18.111443755669203,0.0,1.9084476461867927,-4.599507051617827,0.0,0.0,0.0,-3.458657735327079,0,0,0,0,0,0,0.17772098683103502,-0.3054996505837624,0.6294044934431546,0.0,0.0,0.0
image_1055.png,surface,0.0,0.0,0.5438258461570631,-1.4029079800526092,-12.924062452550451,0.0,4.848563397711453,-0.6987795568134403,0.0,0.0,0.0,2.268591461659443,0,0,0,0,0,0,0.13556919967986011,-0.040378394821804185,0.27111903722942726,0.0,0.0,0.0
image_1056.png,surface,0.0,0.0,1.122605147006496,-1.146762891724741,-15.362583665418878,0.0,1.7489025627750874,-0.5833611507042828,0.0,0.0,0.0,2.29050655752512,0,0,0,0,0,0,0.28157628188043843,-0.11707343382531989,0.6423782453945522,0.0,0.0,0.0
image_1057.png,surface,0.0,0.0,2.127507025734111,-4.438570040512216,14.551563476716193,0.0,1.6231800941099501,-0.5841687151232046,0.0,0.0,0.0,0.18551128431224484,0,0,0,0,0,0,0.4185920379991615,-0.24022218948334234,1.2269116444164738,0.0,0.0,0.0
image_1058.png,surface,0.0,0.0,0.8078445356472237,14.398232850999351,-10.483111167239976,0.0,4.513331797280066,-1.023177848608359,0.0,0.0,0.0,-1.7333573995059393,0,0,0,0,0,0,0.24755747485476004,-0.10515718243155465,0.5625103992593298,0.0,0.0,0.0
image_1059.png,surface,0.0,0.0,2.153388460498042,-7.546734050025553,-11.737788904219903,0.0,1.9062162992176193,2.9139975128358535,0.0,0.0,0.0,0.7480009923722797,0,0,0,0,0,0,0.37521817318317124,0.5108021109002663,1.5663237526967744,0.0,0.0,0.0
image_1060.png,surface,0.0,0.0,2.651052083231474,19.024241745934205,1.7686707546853895,0.0,3.5331578407921134,3.1251396271398244,0.0,0.0,0.0,-1.2191603642740256,0,0,0,0,0,0,1.2492517715951634,1.4411632418306788,5.1344002958298605,0.0,0.0,0.0
image_1061.png,surface,0.0,0.0,2.673422317353849,-20.182643766907805,3.461238587867842,0.0,-2.0688784763957018,-1.4825704876775625,0.0,0.0,0.0,1.998296996075613,0,0,0,0,0,0,-0.6712790430771602,-1.5905198850425128,4.256628840653449,0.0,0.0,0.0
image_1062.png,surface,0.0,0.0,0.8934896228068843,-10.957931223787908,15.699590467552541,0.0,-3.0055079168463186,2.076638921330338,0.0,0.0,0.0,0.5557152185223782,0,0,0,0,0,0,-0.10139211609485328,0.03924576102596113,0.3439685524897368,0.0,0.0,0.0
image_1063.png,surface,0.0,0.0,1.6683316310480714,19.59156628222205,-15.420394323773499,0.0,-0.1357419190773373,0.9877451694988671,0.0,0.0,0.0,-0.4392555235214681,0,0,0,0,0,0,0.5246555954291968,0.9714977611544323,3.250348018041087,0.0,0.0,0.0
image_1064.png,surface,0.0,0.0,2.736409142565332,-10.438635117010433,4.9122707044236975,0.0,-0.9269959153095128,-1.2215086742307872,0.0,0.0,0.0,-2.69748693819984,0,0,0,0,0,0,-0.2977159252619673,-0.8412354360175188,2.6932135753777966,0.0,0.0,0.0
image_1065.png,surface,0.0,0.0,2.3248155007788323,14.47232248004361,-3.652481925814482,0.0,0.5435205891320782,-4.132866159914031,0.0,0.0,0.0,3.1977298297393126,0,0,0,0,0,0,0.2775737111974189,-0.7299069725011132,1.5888145667509004,0.0,0.0,0.0
image_1066.png,surface,0.0,0.0,2.665965946200825,13.100217237077175,-6.480942418746283,0.0,-0.41455272111791375,-3.683795512014782,0.0,0.0,0.0,4.765326344345279,0,0,0,0,0,0,-0.021903801732075068,-1.0195875044029346,1.9946362073951536,0.0,0.0,0.0
image_1067.png,surface,0.0,0.0,1.4672325308168614,19.64449966540855,11.656756671654419,0.0,-1.4487572044205401,0.5624718326349252,0.0,0.0,0.0,-3.395860512608783,0,0,0,0,0,0,-0.5336697498609552,0.5209596337054866,1.6492664450345909,0.0,0.0,0.0
image_1068.png,surface,0.0,0.0,1.7475316608595275,7.308263364891148,-10.747263334236768,0.0,-4.309478676902452,-1.3667557619018598,0.0,0.0,0.0,-2.5261011469289962,0,0,0,0,0,0,-0.45157900360921716,-0.08073791241367771,0.8972309666016127,0.0,0.0,0.0
image_1069.png,surface,0.0,0.0,2.737785132211419,12.847642816666523,6.522076023343268,0.0,2.7085008592085345,3.0500514730741997,0.0,0.0,0.0,4.132432498820041,0,0,0,0,0,0,0.7858773595909873,1.2677554345846147,3.4728043204338803,0.0,0.0,0.0
image_1070.png,surface,0.0,0.0,1.572534277113866,19.588204316586342,-8.141867264727784,0.0,-3.3272509871275937,2.8898758222044028,0.0,0.0,0.0,-3.676958260453367,0,0,0,0,0,0,-0.5748886184460876,0.6359549991359331,1.7130142368949188,0.0,0.0,0.0
image_1071.png,surface,0.0,0.0,2.1754192597576663,-8.873202324352537,-6.1291592337026,0.0,-3.7023132231488622,-0.15071218875829914,0.0,0.0,0.0,1.6115252897615466,0,0,0,0,0,0,-0.5512201852664985,0.03289357315427482,1.1819166182855514,0.0,0.0,0.0
image_1072.png,surface,0.0,0.0,1.5614769300210758,15.35857052352659,1.999252136153811,0.0,-4.258509985919458,0.6571058905208015,0.0,0.0,0.0,3.7341736192992734,0,0,0,0,0,0,-0.4976953141935734,0.14981913534513752,1.0099708613558567,0.0,0.0,0.0
image_1073.png,surface,0.0,0.0,2.270016200763191,16.247653765116798,16.84914848792716,0.0,1.3345381110149648,-0.4660532339750095,0.0,0.0,0.0,2.9429178052287055,0,0,0,0,0,0,0.3271416682871315,0.018679019016444736,2.1859979321763814,0.0,0.0,0.0
image_1074.png,surface,0.0,0.0,2.033062039350901,-0.7497752898977155,-19.05083384660989,0.0,3.371186957201148,2.9743072069614667,0.0,0.0,0.0,-1.0729065632920385,0,0,0,0,0,0,0.898434821623473,0.38295292498949557,2.4793141434631,0.0,0.0,0.0
image_1075.png,surface,0.0,0.0,1.6040087329685857,0.8403753059246254,-20.06889575322384,0.0,-0.5438628749242922,2.663502179333851,0.0,0.0,0.0,-0.4630039118627369,0,0,0,0,0,0,-0.07412593497052744,0.47733907464308173,1.2868901258991838,0.0,0.0,0.0
image_1076.png,surface,0.0,0.0,1.8725549950747429,-9.741573979803775,7.1657565626611825,0.0,-4.39261476790681,1.9087238012530476,0.0,0.0,0.0,1.015385283912619,0,0,0,0,0,0,-0.33841126368932106,0.14600121559164997,0.8505031295387977,0.0,0.0,0.0
image_1077.png,surface,0.0,0.0,1.9953722343443079,-0.7223423554641678,-1.7361421772070547,0.0,2.520971109208402,-0.06669899582581731,0.0,0.0,0.0,4.3240953920775524,0,0,0,0,0,0,0.4593452082462702,-0.08067656141640284,0.9167027595475997,0.0,0.0,0.0
image_1078.png,surface,0.0,0.0,2.6976455065119795,-3.218145897551048,-1.8221900507053104,0.0,-2.3102916048956637,3.631339545917826,0.0,0.0,0.0,-0.2911638893572128,0,0,0,0,0,0,-0.4067897810992314,0.6025658986959775,1.8354944941297142,0.0,0.0,0.0
image_1079.png,surface,0.0,0.0,2.1921779718647345,-12.874862512495142,0.15306811916477006,0.0,-4.191934173986042,2.4351639775248253,0.0,0.0,0.0,-1.2309474070403814,0,0,0,0,0,0,-0.4339920428438287,0.24439405729803096,1.1583360983876576,0.0,0.0,0.0
image_1080.png,surface,0.0,0.0,2.2843861829445933,-19.263326791941175,15.362556913336867,0.0,-0.6071571676382042,1.8583436853786992,0.0,0.0,0.0,1.95826814237972,0,0,0,0,0,0,-0.3244707513484624,0.7729879574079983,1.5531758264506765,0.0,0.0,0.0
image_1081.png,surface,0.0,0.0,2.9248164797934844,15.677630701741492,4.436504256087509,0.0,-3.47501592523401,-0.3598934170841154,0.0,0.0,0.0,-1.0552583175581045,0,0,0,0,0,0,-1.5448743371710119,0.4584995991722259,4.624761843529083,0.0,0.0,0.0
image_1082.png,surface,0.0,0.0,0.6691543924218786,13.472246667675424,-2.5801749911957566,0.0,0.43980876695144394,3.4582431536840836,0.0,0.0,0.0,0.34853729912366926,0,0,0,0,0,0,0.014119334415100049,0.11435353961280245,0.3435487477794334,0.0,0.0,0.0
image_1083.png,surface,0.0,0.0,0.96903390854485,0.44745501554157086,-12.25254092710974,0.0,-2.1956132766206578,-1.443968905542817,0.0,0.0,0.0,3.3992902271729815,0,0,0,0,0,0,-0.15888607627094034,-0.09907714129136953,0.33355382286816726,0.0,0.0,0.0
image_1084.png,surface,0.0,0.0,1.2953057327075654,-21.976352851962865,-12.020807903191622,0.0,-0.4062693574058223,3.4193044134840216,0.0,0.0,0.0,3.4488119030486395,0,0,0,0,0,0,-0.062264324360849325,0.37216458808409064,0.8200806860644715,0.0,0.0,0.0
image_1085.png,surface,0.0,0.0,2.865168359142718,-11.405129400829777,2.7312749251405286,0.0,2.578837166623659,2.717825122464877,0.0,0.0,0.0,0.8494620455457689,0,0,0,0,0,0,0.7517337575858379,0.5575673018486301,2.0589020561320273,0.0,0.0,0.0
image_1086.png,surface,0.0,0.0,1.0713875644009148,6.169319121774559,-6.9148044100764885,0.0,-2.1616529403327203,3.4090513838352425,0.0,0.0,0.0,-3.8567627126745285,0,0,0,0,0,0,-0.1278364766226654,0.1740071592963632,0.41273613684347893,0.0,0.0,0.0
image_1087.png,surface,0.0,0.0,1.912736431945984,17.820766763425105,-2.5997721751300604,0.0,1.6983802407830646,3.9582593791567473,0.0,0.0,0.0,2.0704972226915945,0,0,0,0,0,0,0.2504977663222861,0.9412470001904581,2.503966505174533,0.0,0.0,0.0
image_1088.png,surface,0.0,0.0,0.7944028261784928,6.27800708946886,-12.645114671425128,0.0,-3.7358998155928393,-1.1039624810982052,0.0,0.0,0.0,-1.3112470597078394,0,0,0,0,0,0,-0.17951072946344215,-0.04086920280000286,0.3482849487930159,0.0,0.0,0.0
image_1089.png,surface,0.0,0.0,1.1766680093637567,13.659392137106188,-14.846242268223135,0.0,-0.11151931844745268,1.69258176512152,0.0,0.0,0.0,3.439055010928758,0,0,0,0,0,0,-0.056879877563692366,0.46794765275254985,0.9941433305759081,0.0,0.0,0.0
image_1090.png,surface,0.0,0.0,1.1902742867821268,-8.482300491204022,9.836494252263378,0.0,2.942248883857706,1.8400010488005216,0.0,0.0,0.0,-4.394896485606057,0,0,0,0,0,0,0.19126732966356588,0.061734834283422364,0.3384173050971076,0.0,0.0,0.0
image_1091.png,surface,0.0,0.0,2.2711656573175594,6.078699092064152,-20.6689759948793,0.0,-3.5045028985320585,-3.1464919904035873,0.0,0.0,0.0,1.5311990130394673,0,0,0,0,0,0,-0.5874076855329768,-0.5774827794255367,1.7972587704354304,0.0,0.0,0.0
image_1092.png,surface,0.0,0.0,0.7720727048417628,17.030951581873094,-8.7826662018125,0.0,-4.339242324035863,-0.7493370475427086,0.0,0.0,0.0,-0.9622717751758945,0,0,0,0,0,0,-0.25389158100788806,0.012927756297552873,0.5203222588776165,0.0,0.0,0.0
image_1093.png,surface,0.0,0.0,2.3924612351715866,11.307855141931826,-17.759256832507138,0.0,2.2008719232648444,-2.2179488539472456,0.0,0.0,0.0,0.5974930781030006,0,0,0,0,0,0,1.860033404593979,-0.3567985229204868,4.361142349488772,0.0,0.0,0.0
image_1094.png,surface,0.0,0.0,1.258865464570461,8.98054500265707,19.946416146015146,0.0,2.4767806054291346,-2.1691538825977648,0.0,0.0,0.0,3.3369004729509015,0,0,0,0,0,0,0.2483747297812931,-0.21229332780084614,0.6246258653577857,0.0,0.0,0.0
image_1095.png,surface,0.0,0.0,2.3336760553192013,10.218474930412466,2.304250596021809,0.0,2.07907416211372,-3.7985641256688285,0.0,0.0,0.0,-1.6305236825101135,0,0,0,0,0,0,0.4213679653473851,-0.5273008098597134,1.4731003109640801,0.0,0.0,0.0
image_1096.png,surface,0.0,0.0,1.416402788535629,9.414437798705057,-11.84003215962106,0.0,2.296750697486954,-2.3604991947691447,0.0,0.0,0.0,-4.326301983629031,0,0,0,0,0,0,0.3595579251496085,-0.2840739946123987,0.8760844208219678,0.0,0.0,0.0
image_1097.png,surface,0.0,0.0,1.5660026468022092,2.9518065497620656,10.693301654482509,0.0,-3.7374684595091967,-0.3700369587886329,0.0,0.0,0.0,-4.279383928113499,0,0,0,0,0,0,-0.3363201868381924,0.0021991972869285638,0.6852519179361765,0.0,0.0,0.0
image_1098.png,surface,0.0,0.0,0.81457689975948,-14.881899371961365,-13.403829435175451,0.0,-1.7548138491890388,3.3860781599215306,0.0,0.0,0.0,-1.6213931973568751,0,0,0,0,0,0,-0.11887863212066829,0.15626570936647743,0.4222040728630873,0.0,0.0,0.0
image_1099.png,surface,0.0,0.0,0.7671047739230592,23.66166134113151,-5.278789594388864,0.0,4.293979799617867,0.998342973771925,0.0,0.0,0.0,-2.49558563241869,0,0,0,0,0,0,0.3927503459087927,0.01572787873727592,0.8841857585293112,0.0,0.0,0.0
image_1100.png,surface,0.0,0.0,1.854604601123276,1.5881846230946608,9.863225089356007,0.0,-0.005478533703143157,-0.478668185251211,0.0,0.0,0.0,-3.2803557531849146,0,0,0,0,0,0,0.0183562761571252,-0.1713769319260167,0.8464301306473441,0.0,0.0,0.0
image_1101.png,surface,0.0,0.0,2.0926753835939778,-1.6450445014691182,-15.342340912335569,0.0,1.0144218828672589,-0.6505195703612612,0.0,0.0,0.0,-2.2061544678049283,0,0,0,0,0,0,0.8811126697169596,-0.4346356343348107,2.222145797338039,0.0,0.0,0.0
image_1102.png,surface,0.0,0.0,0.7303266758195783,2.856643638233077,-17.65329549042111,0.0,3.2773530403808,1.4663758523742212,0.0,0.0,0.0,4.901331250918183,0,0,0,0,0,0,0.22089852783785818,0.046340453274922415,0.4792796494341243,0.0,0.0,0.0
image_1103.png,surface,0.0,0.0,0.8485806094709937,-14.45116983386306,-14.220621625218659,0.0,-2.926155027998208,3.3182975142552475,0.0,0.0,0.0,3.3481859879391536,0,0,0,0,0,0,-0.1486878914242052,0.14569446060527577,0.42529455009212974,0.0,0.0,0.0
image_1104.png,surface,0.0,0.0,0.5811068775586687,3.0373463420771722,-9.64889491760993,0.0,2.276937847135544,-3.8581851458789433,0.0,0.0,0.0,0.9260914773023572,0,0,0,0,0,0,0.0797812781865353,-0.10238065652924501,0.25197326283505833,0.0,0.0,0.0
image_1105.png,surface,0.0,0.0,0.9060217446546333,11.47257972456606,-14.561753424951199,0.0,3.37313306569286,3.585905676445579,0.0,0.0,0.0,2.0521875516301344,0,0,0,0,0,0,0.20662015591843294,0.23117999634652883,0.7198858065362069,0.0,0.0,0.0
image_1106.png,surface,0.0,0.0,1.0564438021845786,1.5913788122549335,9.826969823553878,0.0,-3.246468942730503,2.4441484640725357,0.0,0.0,0.0,-3.903747889959072,0,0,0,0,0,0,-0.13439886627482509,0.09625499541672732,0.3434147675527408,0.0,0.0,0.0
image_1107.png,surface,0.0,0.0,2.2267577386325783,-1.5408385183785045,-12.645254166146026,0.0,-4.7008789097337065,-0.6814141521661421,0.0,0.0,0.0,1.3938575965341773,0,0,0,0,0,0,-0.6143907951185029,0.0006638492525635595,1.3416545435597744,0.0,0.0,0.0
image_1108.png,surface,0.0,0.0,0.6630366180415643,-8.292955614002848,-12.13841362333735,0.0,0.300657208394771,0.9287369600389274,0.0,0.0,0.0,3.3451922682043325,0,0,0,0,0,0,0.035002708906504226,0.13457577217608338,0.26328119396791183,0.0,0.0,0.0
image_1109.png,surface,0.0,0.0,2.2185162728417946,-17.704266917628097,9.330202623125208,0.0,3.7781900174734093,2.656430676151241,0.0,0.0,0.0,-0.6496379294341894,0,0,0,0,0,0,0.5451067531624344,0.20003256696084523,1.3545948004544983,0.0,0.0,0.0
image_1110.png,surface,0.0,0.0,1.5135711841546502,-1.8544163067258552,13.005658490817567,0.0,3.8259797890386884,-0.38565985437536815,0.0,0.0,0.0,-2.9898593259320605,0,0,0,0,0,0,0.2934287611501554,-0.07052061171367699,0.5698949427538693,0.0,0.0,0.0
image_1111.png,surface,0.0,0.0,0.8573843083095329,13.151991904986401,-17.14863939364613,0.0,0.6602994526851349,4.457282309335017,0.0,0.0,0.0,4.328027882684035,0,0,0,0,0,0,-0.0537721781968765,0.34978720510371963,0.747077093543465,0.0,0.0,0.0
image_1112.png,surface,0.0,0.0,2.955822933203951,-16.706334278614708,18.672126602041228,0.0,0.7842700906107996,-4.762404834691648,0.0,0.0,0.0,0.22883395496991898,0,0,0,0,0,0,0.20413186577898934,-1.7812271004175833,4.472604966081885,0.0,0.0,0.0
image_1113.png,surface,0.0,0.0,1.7606725552073652,12.873600122322678,-3.994304938151322,0.0,0.6402885070701212,3.35738375505544,0.0,0.0,0.0,2.7564610120808686,0,0,0,0,0,0,0.0021116223660416766,0.5723859273442428,1.2575931163290746,0.0,0.0,0.0
image_1114.png,surface,0.0,0.0,1.2354606938244024,-2.458394341126144,-14.247975165408894,0.0,-0.8298636923785871,1.4787506951003675,0.0,0.0,0.0,3.494162059630746,0,0,0,0,0,0,-0.15162361722175072,0.261006019637062,0.5233770080462076,0.0,0.0,0.0
image_1115.png,surface,0.0,0.0,0.638762928596927,1.9656729686647403,15.965803524671628,0.0,-1.8341418975521118,-3.5350359307438914,0.0,0.0,0.0,4.615092907029876,0,0,0,0,0,0,-0.027382605708831775,-0.10874228301589678,0.23474340568239327,0.0,0.0,0.0
image_1116.png,surface,0.0,0.0,1.2858041102331725,-14.41606256558639,-18.64386333395514,0.0,-2.2718300310531907,-2.473647840064781,0.0,0.0,0.0,-1.802263620046407,0,0,0,0,0,0,-0.18234144485143308,-0.44009429998977684,1.083642122006548,0.0,0.0,0.0
image_1117.png,surface,0.0,0.0,2.0311405782302074,7.5032644319664685,-10.614856023616737,0.0,-4.603054607012926,-1.7746570501454524,0.0,0.0,0.0,-0.919422880616545,0,0,0,0,0,0,-0.5111001212567048,-0.10924882201903757,1.2336106557511033,0.0,0.0,0.0
image_1118.png,surface,0.0,0.0,1.1144322797188564,7.222582698098016,14.667045900167441,0.0,2.326543402656254,0.011991613400681025,0.0,0.0,0.0,-2.6709299734246086,0,0,0,0,0,0,0.23235835948924086,-0.024332749380694515,0.44332828860495,0.0,0.0,0.0
image_1119.png,surface,0.0,0.0,1.9231036273997788,-9.17367366978092,-2.173848795052304,0.0,1.5982995385803367,-1.167702985374455,0.0,0.0,0.0,-2.789470481383728,0,0,0,0,0,0,0.43950280651044993,-0.35181021491129477,1.0727383645575503,0.0,0.0,0.0
image_1120.png,surface,0.0,0.0,1.1956953159888801,4.258424634964148,14.426866213809397,0.0,-2.5175384079212577,-2.9648860076208585,0.0,0.0,0.0,-2.9479403353475533,0,0,0,0,0,0,-0.1429427566985784,-0.22673440869784492,0.5207911896710407,0.0,0.0,0.0
image_1121.png,surface,0.0,0.0,0.6111360685388176,19.7028881376976,10.96163653560929,0.0,2.635753293464057,-1.4497737956235044,0.0,0.0,0.0,-4.429232769573,0,0,0,0,0,0,0.2203963041399888,-0.12589224640795335,0.4150852568181554,0.0,0.0,0.0
image_1122.png,surface,0.0,0.0,1.532915654755591,-18.163506188622165,4.808514953392811,0.0,0.6229541465943175,-2.555533718451611,0.0,0.0,0.0,-2.527760978237328,0,0,0,0,0,0,0.1395124166531313,-0.4087738293297281,0.899417077300479,0.0,0.0,0.0
image_1123.png,surface,0.0,0.0,1.3915507192754646,-6.99633273409191,16.860651418104258,0.0,2.469242326672122,1.59814946698507,0.0,0.0,0.0,-1.8560126788518239,0,0,0,0,0,0,0.28323514197340083,0.10592957575621985,0.5581247798389267,0.0,0.0,0.0
image_1124.png,surface,0.0,0.0,1.1147253989249337,-9.257763244595052,-21.075270849063948,0.0,4.427688757675173,-0.18794821023310854,0.0,0.0,0.0,1.5816366834251454,0,0,0,0,0,0,0.4788893195433561,-0.13116843217358876,1.1744807157041135,0.0,0.0,0.0
image_1125.png,surface,0.0,0.0,1.82242957889843,7.567889860695495,-0.09418670055152772,0.0,0.14279577440497837,1.7573588215937546,0.0,0.0,0.0,-2.388499199983689,0,0,0,0,0,0,0.0332768856538259,0.44475225647518146,0.959621092164787,0.0,0.0,0.0
image_1126.png,surface,0.0,0.0,1.4740570608055112,8.889352127681393,19.381860654899572,0.0,-1.6103984024626556,0.868553684526189,0.0,0.0,0.0,0.8165635638643689,0,0,0,0,0,0,-0.4262973670364726,0.2787112882095807,1.2388046225392189,0.0,0.0,0.0
image_1127.png,surface,0.0,0.0,2.8748636694950522,0.29376665225472554,-4.683688129333924,0.0,2.493838393777166,-3.871195050960216,0.0,0.0,0.0,-4.623330878520774,0,0,0,0,0,0,1.0230867434346473,-1.1082695844124568,3.124451265025632,0.0,0.0,0.0
image_1128.png,surface,0.0,0.0,2.053072808538144,9.825205178990705,-21.587360033140744,0.0,0.06146608579920838,0.9316194692676277,0.0,0.0,0.0,-3.6979555106901563,0,0,0,0,0,0,0.9864244134901841,0.5501013574110314,3.581234517896181,0.0,0.0,0.0
image_1129.png,surface,0.0,0.0,1.3953853573217603,10.554005390036295,3.9310515161458333,0.0,3.1721452948882454,-0.9090283178470082,0.0,0.0,0.0,1.7336500019256809,0,0,0,0,0,0,0.2968438822956671,-0.12426880463391174,0.5891880953975998,0.0,0.0,0.0
image_1130.png,surface,0.0,0.0,1.0358417336139558,16.47189926347634,10.071616185222219,0.0,-1.7810913886846282,-2.208047470157823,0.0,0.0,0.0,-0.5511810473417285,0,0,0,0,0,0,-0.18648707319384572,-0.23342009429830726,0.6122996845020692,0.0,0.0,0.0
image_1131.png,surface,0.0,0.0,2.162809646610917,-1.6027395599471725,8.164745673041581,0.0,4.520622281347464,-1.8032783790182507,0.0,0.0,0.0,0.9931146261017032,0,0,0,0,0,0,0.4538877107294232,-0.21800368985488802,1.1363410111722938,0.0,0.0,0.0
image_1132.png,surface,0.0,0.0,2.800321797870878,-18.439302113485887,-0.6609251121523014,0.0,0.28899672601184484,0.5874933736716649,0.0,0.0,0.0,1.385578167584275,0,0,0,0,0,0,0.4259975547077443,-0.23966531120038612,2.9341770130843936,0.0,0.0,0.0
image_1133.png,surface,0.0,0.0,2.0677827768096204,-1.4027244962197687,10.903916762934063,0.0,-1.6446033132654727,-1.8401524495610049,0.0,0.0,0.0,1.754386480938365,0,0,0,0,0,0,-0.44006438391806696,-0.5058783000933375,1.408142231055964,0.0,0.0,0.0
image_1134.png,surface,0.0,0.0,2.573480606609516,-16.620025531904,-15.255824631348533,0.0,1.1730661747131095,0.942169539284802,0.0,0.0,0.0,-4.1509520492184215,0,0,0,0,0,0,1.173434255896812,-0.29751458232306915,3.6782540660518293,0.0,0.0,0.0
image_1135.png,surface,0.0,0.0,2.2105716777449276,10.231328512453162,-9.284987855651035,0.0,0.15947511338390985,2.3395472162595032,0.0,0.0,0.0,-4.8090786024217556,0,0,0,0,0,0,0.3670912806176487,1.0097996606838586,2.3507824459893576,0.0,0.0,0.0
image_1136.png,surface,0.0,0.0,2.867953761271203,13.169720258473594,-1.705290252578839,0.0,0.37597048382466525,-1.5133133995603436,0.0,0.0,0.0,2.105662714061493,0,0,0,0,0,0,0.4425618053974723,-0.24836771419844678,3.2088677398570673,0.0,0.0,0.0
image_1137.png,surface,0.0,0.0,1.5180222652699855,15.31706658183498,0.8667510749889894,0.0,3.42829737971571,-0.6960689709386179,0.0,0.0,0.0,-0.15508096924976034,0,0,0,0,0,0,0.42213804168411834,-0.07769867839483217,0.9385415364984896,0.0,0.0,0.0
image_1138.png,surface,0.0,0.0,2.4318131203978686,5.059024817153194,10.612748926335716,0.0,2.017563472223162,1.9889029766285804,0.0,0.0,0.0,2.6645990116061826,0,0,0,0,0,0,0.5275517520869099,0.5668643375895086,1.6367124977934966,0.0,0.0,0.0
image_1139.png,surface,0.0,0.0,1.7729649218044266,-18.89861885997052,3.583645592868636,0.0,-3.0435569468623482,-0.7188492227572514,0.0,0.0,0.0,3.1035087309230533,0,0,0,0,0,0,-0.46889811173574286,-0.1150755936576524,1.105279928617399,0.0,0.0,0.0
image_1140.png,surface,0.0,0.0,0.623728667889071,12.499340687210857,-19.911728305788806,0.0,4.726556962394497,1.3292738379121039,0.0,0.0,0.0,3.22593107515646,0,0,0,0,0,0,0.34441511971385075,0.013997465993626838,0.8106306140750884,0.0,0.0,0.0
image_1141.png,surface,0.0,0.0,0.5331556006339428,3.578398606308878,-21.105882542542695,0.0,-3.682903277220887,0.32005517340218315,0.0,0.0,0.0,-3.6203964178090944,0,0,0,0,0,0,-0.20740697304509492,0.027604802568685544,0.39035473997448455,0.0,0.0,0.0
image_1142.png,surface,0.0,0.0,1.562808662562018,-16.50305447131906,-14.894459388254292,0.0,-1.6804249633090664,4.197106138952112,0.0,0.0,0.0,1.9131693057255816,0,0,0,0,0,0,-0.18332458578726227,0.38372689141665506,0.9567003232228897,0.0,0.0,0.0
image_1143.png,surface,0.0,0.0,2.1499359762232033,-19.667648491619975,4.5634829052805586,0.0,-1.7778101227166831,-3.0445080261292286,0.0,0.0,0.0,0.6283985663883209,0,0,0,0,0,0,-0.12499662989471323,-0.8105457794576549,2.1290228407753635,0.0,0.0,0.0
image_1144.png,surface,0.0,0.0,2.6581813434660644,12.592144975213259,5.319769548312914,0.0,0.3249811476947007,3.3130079869118254,0.0,0.0,0.0,0.3492476008674803,0,0,0,0,0,0,0.026264016563577353,1.3639553714140435,3.8830919686345555,0.0,0.0,0.0
image_1145.png,surface,0.0,0.0,0.5815578993149177,23.41793516665679,7.152739460318199,0.0,0.1748615597506637,-1.6291803553283193,0.0,0.0,0.0,3.393956307938934,0,0,0,0,0,0,0.04525720368300055,-0.29539089395586354,0.44697255077098796,0.0,0.0,0.0
image_1146.png,surface,0.0,0.0,2.854610253313822,-2.526864593081172,17.12263694717952,0.0,2.53022590821679,-3.0318706512930933,0.0,0.0,0.0,-4.749602986588951,0,0,0,0,0,0,0.6960249743721783,-0.8425096490378412,2.2806884573913573,0.0,0.0,0.0
image_1147.png,surface,0.0,0.0,2.711901279971944,-18.3482616037556,12.658625622403951,0.0,-4.311653850058234,0.2620757350723319,0.0,0.0,0.0,-4.116958712598015,0,0,0,0,0,0,-1.2741757640194253,-0.16658211552361432,3.1333654161082447,0.0,0.0,0.0
image_1148.png,surface,0.0,0.0,2.6840430114948215,11.544808845054968,0.25972913342697207,0.0,1.1080795497392748,-0.5869528408530946,0.0,0.0,0.0,-2.1396447016841136,0,0,0,0,0,0,0.7161824073366615,-0.02925184088014061,2.7198756404896183,0.0,0.0,0.0
image_1149.png,surface,0.0,0.0,2.106674452403631,-3.418897937076006,16.145568642766765,0.0,2.686076346818438,-2.3395995583763827,0.0,0.0,0.0,4.978894307162381,0,0,0,0,0,0,0.4480025621243905,-0.40993792517545563,1.0965667478748249,0.0,0.0,0.0
image_1150.png,surface,0.0,0.0,1.6666451558273292,12.661212112965226,12.8567338918644,0.0,-1.55944898445627,-2.017435429962998,0.0,0.0,0.0,-4.525370880895512,0,0,0,0,0,0,-0.26507138490045906,-0.40181127769028213,0.9651433105082995,0.0,0.0,0.0
image_1151.png,surface,0.0,0.0,2.5099848600878985,15.709357740431827,9.668257753782378,0.0,-2.414625202418139,-4.176533158219663,0.0,0.0,0.0,-2.221759337151398,0,0,0,0,0,0,-0.46404328265633904,-0.8657774080299449,2.1833451236878676,0.0,0.0,0.0
image_1152.png,surface,0.0,0.0,1.0154354980370437,8.323910731609814,22.753713031334627,0.0,-0.4675561038813188,4.308909356888936,0.0,0.0,0.0,-2.0874772672655952,0,0,0,0,0,0,-0.05123823135762651,0.28951063683244527,0.7310061653516905,0.0,0.0,0.0
image_1153.png,surface,0.0,0.0,1.230728934845522,-12.778446957259566,17.595757456840825,0.0,-0.9588658682776441,-3.53990614904188,0.0,0.0,0.0,0.6797852064199228,0,0,0,0,0,0,-0.0066088072969627265,-0.2776934908958163,0.6809645506820136,0.0,0.0,0.0
image_1154.png,surface,0.0,0.0,0.9317332498638421,-1.4527755826457796,21.21654907131921,0.0,2.5302149790087136,0.7085386548867219,0.0,0.0,0.0,-0.1931730109002947,0,0,0,0,0,0,0.190676836346071,0.017961684279077468,0.42500649260474066,0.0,0.0,0.0
image_1155.png,surface,0.0,0.0,2.9949545302365146,-17.554725238094573,8.22638159755913,0.0,2.5132776520580795,-1.6610966669639402,0.0,0.0,0.0,-2.6109288663784183,0,0,0,0,0,0,1.0734460833210024,-1.5791935470840832,4.205836936714295,0.0,0.0,0.0
image_1156.png,surface,0.0,0.0,0.9804532094107141,5.123773846239735,8.851737349895544,0.0,3.0191023317266303,-2.908428495890581,0.0,0.0,0.0,-4.076478637457663,0,0,0,0,0,0,0.12860807484939196,-0.12760063571668334,0.2922209229335078,0.0,0.0,0.0
image_1157.png,surface,0.0,0.0,2.2518772965605494,-8.52231913313038,-1.6787426931564053,0.0,2.0550874740857696,0.9086998192130329,0.0,0.0,0.0,3.624442961673406,0,0,0,0,0,0,0.5818147398067043,0.1360717926480927,1.2835540182545386,0.0,0.0,0.0
image_1158.png,surface,0.0,0.0,1.6551806742672597,2.6787266981429196,-10.664172615713786,0.0,-1.235258730258477,-3.880303909193902,0.0,0.0,0.0,4.622751307426347,0,0,0,0,0,0,-0.02908864439159408,-0.4190068610546714,0.7973263775645154,0.0,0.0,0.0
image_1159.png,surface,0.0,0.0,0.5832382123186892,-9.737136895723543,11.63441620652925,0.0,1.9045403207287273,-1.933787961001826,0.0,0.0,0.0,2.4341128037141155,0,0,0,0,0,0,0.07539366933514931,-0.05259196258697825,0.16587756916240973,0.0,0.0,0.0
image_1160.png,surface,0.0,0.0,0.7031588415959618,-14.410951959790689,-19.608774787606354,0.0,-1.6124395015484465,-0.8958420653639024,0.0,0.0,0.0,-3.415794863339654,0,0,0,0,0,0,-0.235531500125779,-0.16779812375165137,0.5432328776420472,0.0,0.0,0.0
image_1161.png,surface,0.0,0.0,2.8235709111424367,21.751044762681992,6.3944954890965535,0.0,1.1993178095627606,-2.731117692877118,0.0,0.0,0.0,1.7606707190569928,0,0,0,0,0,0,0.6241704602170141,-0.8077283528904954,2.8486083083033997,0.0,0.0,0.0
image_1162.png,surface,0.0,0.0,2.3613567189620746,-1.4848125164173276,-8.055543680591603,0.0,-0.28607602573029695,-2.311780482206796,0.0,0.0,0.0,-2.2856784892076742,0,0,0,0,0,0,0.26450067615288025,-0.8365192747398277,1.9011894652846384,0.0,0.0,0.0
image_1163.png,surface,0.0,0.0,1.865024462266584,-11.323806917598517,-20.15588437047465,0.0,-4.315048038157272,-1.6391020738309632,0.0,0.0,0.0,0.043392605933100015,0,0,0,0,0,0,-0.5669352213398291,-0.14735251063419044,1.4987128643001453,0.0,0.0,0.0
image_1164.png,surface,0.0,0.0,1.02366200632191,0.10844706560195384,15.917622512852555,0.0,1.4300517888616002,3.0594864098470933,0.0,0.0,0.0,0.8905907695754269,0,0,0,0,0,0,0.08054983263327475,0.14703474393035662,0.39557326980415985,0.0,0.0,0.0
image_1165.png,surface,0.0,0.0,0.5158903486271149,0.3640421554559672,19.982818827808742,0.0,-3.9828279881752313,0.9888153405318695,0.0,0.0,0.0,2.227425275203596,0,0,0,0,0,0,-0.09594983747794157,0.02467253951944744,0.26220935215437097,0.0,0.0,0.0
image_1166.png,surface,0.0,0.0,2.431624793029389,-10.34602124781445,1.3670027869677701,0.0,3.022470749516426,2.700174975559541,0.0,0.0,0.0,1.986973479167168,0,0,0,0,0,0,0.5837779778983753,0.3552348590412259,1.4395248661549218,0.0,0.0,0.0
image_1167.png,surface,0.0,0.0,1.2807465426895355,1.7702743612191407,-9.895464018213024,0.0,0.9497463771158218,1.9931006641142472,0.0,0.0,0.0,-1.7433587357755065,0,0,0,0,0,0,0.10719051697025413,0.23453070465923107,0.5738406604299657,0.0,0.0,0.0
image_1168.png,surface,0.0,0.0,1.0351014491752346,-11.963960724186784,-19.473960458872924,0.0,2.1958544160128763,-4.288420475081614,0.0,0.0,0.0,0.7420916388091161,0,0,0,0,0,0,0.24078658627348487,-0.3641512039785011,0.9812812288134196,0.0,0.0,0.0
image_1169.png,surface,0.0,0.0,0.930778817804073,13.533734364150776,9.855068264466174,0.0,0.01844140159356723,-3.966982453445549,0.0,0.0,0.0,4.605446430774926,0,0,0,0,0,0,0.030820555204246657,-0.21323718929738195,0.42533027815258084,0.0,0.0,0.0
image_1170.png,surface,0.0,0.0,2.5219909619535836,13.90569916240301,17.224760422559253,0.0,-0.4232890076945471,-3.974509788327372,0.0,0.0,0.0,3.702806261120921,0,0,0,0,0,0,-0.14509470914944905,-0.9058993871451901,2.3102310973770703,0.0,0.0,0.0
image_1171.png,surface,0.0,0.0,2.0515822654700133,4.74618495648757,-21.37108534140679,0.0,0.07579965262395943,-2.3115804307525143,0.0,0.0,0.0,0.2076338025862885,0,0,0,0,0,0,0.8968992346199879,-0.7478403409352944,2.6689095622557635,0.0,0.0,0.0
image_1172.png,surface,0.0,0.0,2.1032519451524045,23.500386923168136,6.346594380225647,0.0,2.764755604534834,2.668803097512162,0.0,0.0,0.0,-1.6664667957742187,0,0,0,0,0,0,0.7606672518479386,1.0333678822523575,3.4915838822086256,0.0,0.0,0.0
image_1173.png,surface,0.0,0.0,2.813593148719047,-21.488278828856707,10.731628326395057,0.0,1.4093996558706645,-4.04640016272967,0.0,0.0,0.0,2.4762373698489517,0,0,0,0,0,0,0.6192532336478744,-1.6670528944891239,4.142055649797298,0.0,0.0,0.0
image_1174.png,surface,0.0,0.0,2.729497608948611,-0.928140471338351,-20.09708567441375,0.0,-2.09965440231621,-0.10733095449245382,0.0,0.0,0.0,1.1214963625667842,0,0,0,0,0,0,-0.4317244267534488,0.003614989531732359,2.899878075051092,0.0,0.0,0.0
image_1175.png,surface,0.0,0.0,2.201153087143335,-12.435446422350825,15.163754982106116,0.0,-1.0008356715187354,-4.403856600040125,0.0,0.0,0.0,2.9697055761474953,0,0,0,0,0,0,-0.03217655918849391,-0.7671517471544187,1.853090563902005,0.0,0.0,0.0
image_1176.png,surface,0.0,0.0,2.9025673433986956,8.502608652948242,-21.493652646403074,0.0,-2.7260403418814825,-2.8904925080367736,0.0,0.0,0.0,3.2246702283277813,0,0,0,0,0,0,-0.7122331028034167,-0.9537846270694431,2.7799657721612387,0.0,0.0,0.0
image_1177.png,surface,0.0,0.0,1.072402520290799,18.55593766516675,10.668885542750637,0.0,-3.2771159985077656,2.972479025445868,0.0,0.0,0.0,1.7655698410497775,0,0,0,0,0,0,-0.2654822951987157,0.22065594066015384,0.8698364762505368,0.0,0.0,0.0
image_1178.png,surface,0.0,0.0,0.549005582654829,-15.384995293713093,5.738674631949656,0.0,4.382994144509473,1.3448852741404278,0.0,0.0,0.0,-1.6979116836515464,0,0,0,0,0,0,0.11228123899865716,0.007799442166374681,0.1706606632553346,0.0,0.0,0.0
image_1179.png,surface,0.0,0.0,2.804266944819379,-2.233250166838972,-12.677092210389493,0.0,-2.5517405775434345,1.853364341030643,0.0,0.0,0.0,2.3745896298921485,0,0,0,0,0,0,-0.8414872199550675,0.8024993601996869,2.106375716456762,0.0,0.0,0.0
image_1180.png,surface,0.0,0.0,1.1608199393752037,-1.4946972020280476,-14.697866858345975,0.0,-4.641929006455585,1.4906800820078605,0.0,0.0,0.0,0.9808823936091962,0,0,0,0,0,0,-0.2216975200844686,0.05780837045783315,0.5024760926821654,0.0,0.0,0.0
image_1181.png,surface,0.0,0.0,2.9327574179311053,13.515588629842357,-0.8732875542377045,0.0,1.2812309625633518,4.468121844897259,0.0,0.0,0.0,-0.29280359992920335,0,0,0,0,0,0,0.5068920954245573,1.9491966923411066,5.426142239452938,0.0,0.0,0.0
image_1182.png,surface,0.0,0.0,1.0600976471354182,16.140763748648602,2.1764919748925937,0.0,-1.2214240730755013,0.9929324437054039,0.0,0.0,0.0,0.6844663106366937,0,0,0,0,0,0,-0.18750065192954565,0.23081660967036255,0.6755115554556266,0.0,0.0,0.0
image_1183.png,surface,0.0,0.0,1.196148988475834,-23.370437310331592,-8.607773842945225,0.0,-0.2653440843349496,3.9638721264743744,0.0,0.0,0.0,1.1986066374812712,0,0,0,0,0,0,-0.031446051991593005,0.26389738202145036,0.7297668482547842,0.0,0.0,0.0
image_1184.png,surface,0.0,0.0,2.773624556937597,-23.063436941527673,-6.102321885752137,0.0,-0.9038561574072485,-3.262549142030217,0.0,0.0,0.0,-3.2456457892141053,0,0,0,0,0,0,0.33777967934200065,-2.338331910132911,5.849283057400982,0.0,0.0,0.0
image_1185.png,surface,0.0,0.0,2.531637894418731,-10.745016851962559,-8.06344277229096,0.0,-3.617090320100346,-1.281426353712192,0.0,0.0,0.0,1.497436860742356,0,0,0,0,0,0,-0.7771843239478671,-0.26340342783826304,1.9907552468286265,0.0,0.0,0.0
image_1186.png,surface,0.0,0.0,0.7434780646648746,4.514737495767871,-10.548767439902203,0.0,-0.8510516042495844,0.297840886201181,0.0,0.0,0.0,-1.1820409759323756,0,0,0,0,0,0,-0.19318338916543723,0.09578306466845936,0.2856558918255718,0.0,0.0,0.0
image_1187.png,surface,0.0,0.0,1.9386781213189006,4.921693209679607,0.037574413919587164,0.0,-2.5368368401769734,4.236933671465129,0.0,0.0,0.0,0.3518157340796968,0,0,0,0,0,0,-0.20653949574877511,0.2928613451451475,0.9441463759817956,0.0,0.0,0.0
image_1188.png,surface,0.0,0.0,0.8943790155587454,24.7010181218205,0.9730217639603277,0.0,-0.15521433526775952,3.6065484799786582,0.0,0.0,0.0,-2.179809309050189,0,0,0,0,0,0,-0.0652685352081042,0.4405284762781835,1.1795049742050847,0.0,0.0,0.0
image_1189.png,surface,0.0,0.0,0.6791789381864874,10.868822089452928,-15.700904149117074,0.0,-3.381396426711078,0.7576078462657191,0.0,0.0,0.0,-3.8703029556372517,0,0,0,0,0,0,-0.21652005032643368,0.0769530278125689,0.44710206499012445,0.0,0.0,0.0
image_1190.png,surface,0.0,0.0,2.0309545720116318,2.8254600558031835,-24.40931903958028,0.0,-0.009137082946804174,-2.5275499760312328,0.0,0.0,0.0,-3.176821694578363,0,0,0,0,0,0,0.9326864778181625,-0.9389534167538756,2.8811253093216895,0.0,0.0,0.0
image_1191.png,surface,0.0,0.0,0.6951313008748086,13.745486569148042,9.549518053617764,0.0,2.5945618745381744,-2.172217264676074,0.0,0.0,0.0,-0.7076430946787688,0,0,0,0,0,0,0.1359770661981297,-0.11038774822485752,0.34797009526028844,0.0,0.0,0.0
image_1192.png,surface,0.0,0.0,1.6797374646401015,3.7836638114878762,8.590168871919309,0.0,2.489228821739285,0.350865916678794,0.0,0.0,0.0,-1.8948168277789854,0,0,0,0,0,0,0.32682207138848735,0.00013056750702079636,0.6584960666656693,0.0,0.0,0.0
image_1193.png,surface,0.0,0.0,2.0362819031509405,5.16839220454876,24.394529299828537,0.0,-3.3848706875337444,3.2638995319107185,0.0,0.0,0.0,4.3556366861948295,0,0,0,0,0,0,-1.0672382940373393,0.7301523764902126,2.8290025351307215,0.0,0.0,0.0
image_1194.png,surface,0.0,0.0,2.8477566792399505,-7.584119743498505,-4.554378820648579,0.0,-0.9448753397910875,2.897412103608353,0.0,0.0,0.0,2.6807738154513743,0,0,0,0,0,0,-0.25060886429181467,0.878212783246805,1.9319379273105854,0.0,0.0,0.0
image_1195.png,surface,0.0,0.0,2.8031804977397403,2.7986869635532,-6.074483230729526,0.0,4.385868576759856,-0.013407742165224027,0.0,0.0,0.0,4.3934583622956485,0,0,0,0,0,0,1.366592533877356,-0.11885103964379574,3.10922217925824,0.0,0.0,0.0
image_1196.png,surface,0.0,0.0,2.0186436362210243,-9.070514515524378,-0.7987554206046328,0.0,3.117222056852365,2.016684079018863,0.0,0.0,0.0,4.8159053817189275,0,0,0,0,0,0,0.42187932038521575,0.16525284391599313,0.9189469283446999,0.0,0.0,0.0
image_1197.png,surface,0.0,0.0,1.7567812977763169,16.92517306981404,13.451613150918387,0.0,3.1910809598216345,2.2097800520374267,0.0,0.0,0.0,-3.2821153415794777,0,0,0,0,0,0,0.5398273167748324,0.27611566909410706,1.3615841022802946,0.0,0.0,0.0
image_1198.png,surface,0.0,0.0,2.1259779556329654,8.875453979387736,-1.6866517578973013,0.0,1.8883871366103853,-1.3749140908014954,0.0,0.0,0.0,3.6187389786945516,0,0,0,0,0,0,0.6033875304651833,-0.30576707800778086,1.3059532791537587,0.0,0.0,0.0
image_1199.png,surface,0.0,0.0,2.8124137320775247,7.96329036146056,17.117552683897948,0.0,3.09043710129929,-3.7666120403997843,0.0,0.0,0.0,2.4437986860258007,0,0,0,0,0,0,0.656006876991951,-0.7574205351251337,2.2834975761443475,0.0,0.0,0.0
image_1200.png,surface,0.0,0.0,2.977351049710169,10.787993818554316,5.79750691752347,0.0,4.960717615259662,-0.04032302850837711,0.0,0.0,0.0,3.3849899158931898,0,0,0,0,0,0,1.2859247547695818,-0.05117617034217447,2.8764047393345553,0.0,0.0,0.0
image_1201.png,surface,0.0,0.0,0.5827258322735411,-12.661520518724618,-8.675879501550842,0.0,2.0786087531047337,-1.7300425160105726,0.0,0.0,0.0,2.939680629324206,0,0,0,0,0,0,0.1129204327959455,-0.09509561887848235,0.2808393026759736,0.0,0.0,0.0
image_1202.png,surface,0.0,0.0,2.923880221909129,-8.940502433032078,-11.776133432481554,0.0,1.1098588941956673,-1.2968680304893914,0.0,0.0,0.0,4.642870294660151,0,0,0,0,0,0,1.261551686522982,-1.1072266174587841,4.704966873234814,0.0,0.0,0.0
image_1203.png,surface,0.0,0.0,2.507964948601053,-7.346554566227475,-15.333823038680784,0.0,2.7870391589131427,-0.8021831496435778,0.0,0.0,0.0,-2.610000998772236,0,0,0,0,0,0,1.4994017860539253,-0.6931876140808796,3.8840968203347477,0.0,0.0,0.0
image_1204.png,surface,0.0,0.0,0.6875120995056903,8.004228039985872,-10.51341121273544,0.0,0.11462249928298288,-1.730716200089216,0.0,0.0,0.0,3.886983755358365,0,0,0,0,0,0,0.04361356248997348,-0.18681535980435487,0.3089014611567335,0.0,0.0,0.0
image_1205.png,surface,0.0,0.0,2.5004196960222806,-18.39865765964441,14.554205832024772,0.0,4.100491195351726,2.5678109764839743,0.0,0.0,0.0,4.1509049417295785,0,0,0,0,0,0,0.7453737793028202,0.2594958412426047,1.6551347789637272,0.0,0.0,0.0
image_1206.png,surface,0.0,0.0,2.156582275859169,-10.185764024880207,-22.690209673877572,0.0,-1.5914150800966087,2.6599293907747796,0.0,0.0,0.0,-0.7362714381517019,0,0,0,0,0,0,-0.273992704042611,0.6493106393119159,2.0740239577180617,0.0,0.0,0.0
image_1207.png,surface,0.0,0.0,2.7643448533939528,2.5447600848892664,17.71917957413547,0.0,-2.992347059007065,-1.5249349401734895,0.0,0.0,0.0,1.3557095461549364,0,0,0,0,0,0,-1.7941918778033057,-0.6387299519357491,4.790209559464186,0.0,0.0,0.0
image_1208.png,surface,0.0,0.0,1.6444932041816305,9.854034413197061,14.386571308742985,0.0,0.8551116613804893,1.1591590151811124,0.0,0.0,0.0,-0.9152105111217157,0,0,0,0,0,0,0.20774939829364225,0.3532291533610868,0.9800620087505182,0.0,0.0,0.0
image_1209.png,surface,0.0,0.0,1.7583461574452528,16.27105708429275,-10.387825027249168,0.0,4.217816735825151,1.2319428777094859,0.0,0.0,0.0,0.0873158568668213,0,0,0,0,0,0,0.7944425564746497,0.04981700978716285,2.055199735867754,0.0,0.0,0.0
image_1210.png,surface,0.0,0.0,2.5932832800267436,-7.050429276696884,-2.7989287684022455,0.0,-3.6303113405032823,-0.1284406709570628,0.0,0.0,0.0,1.2457257713565184,0,0,0,0,0,0,-0.7903973728718118,0.0014283770647576114,1.7551956782652967,0.0,0.0,0.0
image_1211.png,surface,0.0,0.0,1.7094694862982178,-2.789030633521078,-13.499990773312545,0.0,0.5284073711355723,-2.916743777423059,0.0,0.0,0.0,-1.7047545561580257,0,0,0,0,0,0,0.33932287579545406,-0.5197090172225765,1.1384087726709156,0.0,0.0,0.0
image_1212.png,surface,0.0,0.0,1.8159197534508051,6.809443854894221,-20.619092844354313,0.0,-2.5493287314721487,3.242090184726237,0.0,0.0,0.0,2.606523233115146,0,0,0,0,0,0,-0.4430959887852057,0.6076391542398575,1.596384449559032,0.0,0.0,0.0
image_1213.png,surface,0.0,0.0,1.1108971974898796,16.72042381201731,9.587244298553639,0.0,3.3142153807299297,0.9345549460469478,0.0,0.0,0.0,3.2590122188140356,0,0,0,0,0,0,0.313714032874097,-0.008891175297367824,0.6227590741992025,0.0,0.0,0.0
image_1214.png,surface,0.0,0.0,1.3260562801603257,-0.9265458735767782,-22.756519119065352,0.0,-2.904400355073368,-3.1619268370293265,0.0,0.0,0.0,4.458882364063811,0,0,0,0,0,0,-0.2682673538869002,-0.36741696475651525,0.8732127779631893,0.0,0.0,0.0
image_1215.png,surface,0.0,0.0,1.2191209384572272,10.369903831817759,-10.127399042567903,0.0,2.334339549792154,-0.20542608305819274,0.0,0.0,0.0,-0.95635864782989,0,0,0,0,0,0,0.31435170478139174,-0.07852455720430103,0.7442523437640295,0.0,0.0,0.0
image_1216.png,surface,0.0,0.0,0.6141580446666608,-2.8213739004198923,-14.047375697239056,0.0,4.750024014206992,0.6005227557437184,0.0,0.0,0.0,0.502670601661011,0,0,0,0,0,0,0.13368814364784035,-0.018471369487206835,0.3100938851742973,0.0,0.0,0.0
image_1217.png,surface,0.0,0.0,1.9575844744005888,16.19252952515992,-5.071135319210827,0.0,3.5780834486329245,3.4905960676202756,0.0,0.0,0.0,2.1094735475571538,0,0,0,0,0,0,0.7288841012227752,0.6854070491444355,2.3538260301390577,0.0,0.0,0.0
image_1218.png,surface,0.0,0.0,2.606628759606103,9.099937434231197,9.802407789412653,0.0,-1.6325699841653434,1.4479953004963846,0.0,0.0,0.0,2.597867242855826,0,0,0,0,0,0,-0.9249035323911813,0.818686584865276,3.1796957784985365,0.0,0.0,0.0
image_1219.png,surface,0.0,0.0,2.425781633745424,-10.759670957599724,7.5900820976872865,0.0,-4.483263652670409,-0.925562747068994,0.0,0.0,0.0,4.05244341370366,0,0,0,0,0,0,-0.8653748052937271,-0.14263634935649963,1.8710439142788096,0.0,0.0,0.0
image_1220.png,surface,0.0,0.0,1.1164640989144283,-13.716437266676724,-7.819662950002275,0.0,4.79506376613302,-0.34546474877128946,0.0,0.0,0.0,3.4617618241891677,0,0,0,0,0,0,0.25988630569245624,-0.08543834266642626,0.5351940640404925,0.0,0.0,0.0
image_1221.png,surface,0.0,0.0,1.9657742225415928,-6.633433073658013,-15.72972122875802,0.0,-1.3682553078146995,-4.572194337497302,0.0,0.0,0.0,-0.8281488046028898,0,0,0,0,0,0,0.09623747468672139,-0.7156074708285945,1.5958485286522615,0.0,0.0,0.0
image_1222.png,surface,0.0,0.0,1.7260766407965542,10.87739049763187,16.717443808589625,0.0,3.176471326724115,-1.2617549492226492,0.0,0.0,0.0,3.208626166556801,0,0,0,0,0,0,0.43350960371587544,-0.23295445596001627,0.8911795263626643,0.0,0.0,0.0
image_1223.png,surface,0.0,0.0,2.5413848073539724,-4.530599512130623,-14.40039864197164,0.0,0.790456902900754,3.2358512882919435,0.0,0.0,0.0,4.962048930283515,0,0,0,0,0,0,0.33569469005084607,0.896649544479139,2.2506098964988737,0.0,0.0,0.0
image_1224.png,surface,0.0,0.0,1.3836998077610767,7.080277436606155,-20.16906217004876,0.0,-2.7492546700335994,1.2780753050336955,0.0,0.0,0.0,-0.40270709514989633,0,0,0,0,0,0,-0.39263620415927697,0.23779174612976248,1.0621382956223895,0.0,0.0,0.0
image_1225.png,surface,0.0,0.0,0.591492377679459,-20.744598949148138,7.008851296404471,0.0,3.720354969478464,1.827838440866745,0.0,0.0,0.0,3.063299965844239,0,0,0,0,0,0,0.15264784918740545,0.017467730095890366,0.27286078017643073,0.0,0.0,0.0
image_1226.png,surface,0.0,0.0,2.7181895300506325,23.49626804226646,-4.26015703681677,0.0,1.6220990900480263,3.3780561291137463,0.0,0.0,0.0,-2.8581398506720435,0,0,0,0,0,0,1.4562181574871287,2.7971618608289246,9.288792174999877,0.0,0.0,0.0
image_1227.png,surface,0.0,0.0,2.1757010702052484,-20.55158214012495,5.530779571064832,0.0,-1.6918502762513212,-2.7998705821651324,0.0,0.0,0.0,-0.74407196792703,0,0,0,0,0,0,-0.16547585994298375,-0.9660611189343865,2.3698813273043844,0.0,0.0,0.0
image_1228.png,surface,0.0,0.0,0.954646150729445,-10.045400550824782,-2.995084216965154,0.0,1.9583805923358033,-0.1896190959266918,0.0,0.0,0.0,-2.912542648839999,0,0,0,0,0,0,0.1767028424253544,-0.0686423273355706,0.3201892952555827,0.0,0.0,0.0
image_1229.png,surface,0.0,0.0,1.014260394607224,3.6895194876220594,-6.4860029250674405,0.0,-1.9924576791780295,3.8950033709356964,0.0,0.0,0.0,-2.9710051396156514,0,0,0,0,0,0,-0.085266169723266,0.12631698408139458,0.35641978155703335,0.0,0.0,0.0
image_1230.png,surface,0.0,0.0,1.495499637396025,4.684698710003787,-3.0655322128348876,0.0,4.460507469208675,0.4522552435661312,0.0,0.0,0.0,-1.4498935951555767,0,0,0,0,0,0,0.2840417436699791,-0.06512958946596299,0.6439860081148634,0.0,0.0,0.0
image_1231.png,surface,0.0,0.0,1.6909705845952452,6.307781052079142,11.026355809300048,0.0,-2.151344268804443,-4.463690573888887,0.0,0.0,0.0,3.7375756922131984,0,0,0,0,0,0,-0.08938592593578835,-0.37020135617129607,0.8187632138353276,0.0,0.0,0.0
image_1232.png,surface,0.0,0.0,1.325750352973599,11.32975074982472,9.009674548473729,0.0,-4.128625155670967,0.3401128682710986,0.0,0.0,0.0,4.986773729162513,0,0,0,0,0,0,-0.32329889605343404,0.0503927653000497,0.6924198600642291,0.0,0.0,0.0
image_1233.png,surface,0.0,0.0,1.7891761287439802,14.230916029139452,3.836283732434644,0.0,3.5727637540968487,-1.215022230087944,0.0,0.0,0.0,-1.7518617619398427,0,0,0,0,0,0,0.48127868683321934,-0.17296891165017367,1.1184769809466173,0.0,0.0,0.0
image_1234.png,surface,0.0,0.0,2.731125625493214,1.3285520715071768,-1.6961265893313802,0.0,-0.4732796159817918,-1.0855660237712248,0.0,0.0,0.0,3.708056205333923,0,0,0,0,0,0,0.025775489875649864,-0.40233984012834206,2.1956780035549186,0.0,0.0,0.0
image_1235.png,surface,0.0,0.0,2.074901768699063,-1.4974780312224552,10.119477882845644,0.0,-1.6886523552908217,-2.1151349479834396,0.0,0.0,0.0,-2.066432071478712,0,0,0,0,0,0,-0.3898557111410731,-0.523578849358374,1.3388074637425569,0.0,0.0,0.0
image_1236.png,surface,0.0,0.0,1.423822875255126,-0.4318981093066997,5.673931273785378,0.0,-0.9734941634758035,2.3589113108010844,0.0,0.0,0.0,-0.8965681107967249,0,0,0,0,0,0,-0.0888410893180998,0.15477440820195074,0.5188484763839978,0.0,0.0,0.0
image_1237.png,surface,0.0,0.0,2.6511077004786587,-13.448728564741078,21.057023378189506,0.0,1.5579482822853727,-4.151323091703072,0.0,0.0,0.0,1.4558240056403262,0,0,0,0,0,0,0.31924305922064083,-1.248543133822627,3.0944597912805003,0.0,0.0,0.0
image_1238.png,surface,0.0,0.0,2.239307627437952,-15.090984437787096,0.1960851958117686,0.0,0.24708404294922573,4.02453564594928,0.0,0.0,0.0,-2.3612280778581454,0,0,0,0,0,0,-0.055689759588741325,0.5001522070143537,1.1805098259052798,0.0,0.0,0.0
image_1239.png,surface,0.0,0.0,1.9843096206941997,-5.795004758012742,19.97580309617383,0.0,1.1908873184986055,-0.14089678363675293,0.0,0.0,0.0,1.9043352980594275,0,0,0,0,0,0,0.45666972563762076,-0.10344407381534207,1.0874605584672856,0.0,0.0,0.0
image_1240.png,surface,0.0,0.0,1.7912954139208253,-19.086799268006814,-1.1780254131298944,0.0,1.0809071614981427,-0.6197874475656984,0.0,0.0,0.0,-1.2599725414016696,0,0,0,0,0,0,0.5156125250875614,-0.528895935788859,1.4345408017219572,0.0,0.0,0.0
image_1241.png,surface,0.0,0.0,0.7195926245694855,12.728478280138788,-18.02899923710473,0.0,-3.1802754115963725,-3.013621247978118,0.0,0.0,0.0,2.3720888344309454,0,0,0,0,0,0,-0.189506502941036,-0.1821841460613521,0.48890389571820775,0.0,0.0,0.0
image_1242.png,surface,0.0,0.0,1.9823378439427868,-7.822911626956662,-21.212218895265753,0.0,1.4360480953842667,0.23899994496218607,0.0,0.0,0.0,-3.8976308358051934,0,0,0,0,0,0,1.317846397384158,-0.3581372331430735,3.241916195774569,0.0,0.0,0.0
image_1243.png,surface,0.0,0.0,1.4956481950113907,-1.4730302357789873,-15.56889309382546,0.0,-4.358652581643016,-0.125047440588083,0.0,0.0,0.0,1.723401418711811,0,0,0,0,0,0,-0.3344969626259274,0.03016895963427461,0.7420595340538284,0.0,0.0,0.0
image_1244.png,surface,0.0,0.0,1.87582261057434,-2.72323005416804,16.846151264376804,0.0,-1.2441516276391973,-4.401563491895339,0.0,0.0,0.0,-2.5822818941204617,0,0,0,0,0,0,-0.03938118641792894,-0.5477417036696918,1.1868247605900564,0.0,0.0,0.0
image_1245.png,surface,0.0,0.0,0.8101625521371298,1.2888045578408942,2.003659478573294,0.0,0.5331372106450191,-1.6483372648376675,0.0,0.0,0.0,4.708355644459759,0,0,0,0,0,0,0.056683553754525294,-0.11710489587520453,0.2014493193492885,0.0,0.0,0.0
image_1246.png,surface,0.0,0.0,2.4654438908625638,4.021614780255244,-19.866328242780927,0.0,1.0962187494042888,0.3624685259843023,0.0,0.0,0.0,1.6808212103661422,0,0,0,0,0,0,1.623654972686793,0.23777916130980883,4.663477663035683,0.0,0.0,0.0
image_1247.png,surface,0.0,0.0,1.7798901160812601,-3.909027414310326,11.087409803637753,0.0,0.35210803347184194,4.251142458835323,0.0,0.0,0.0,-0.6219766666475959,0,0,0,0,0,0,0.008421378279273107,0.28729256231558586,0.7461325329452821,0.0,0.0,0.0
image_1248.png,surface,0.0,0.0,2.577326393718999,-3.3058647197665043,14.806413965654526,0.0,-1.80136187114135,-2.145595926572684,0.0,0.0,0.0,4.544168940869051,0,0,0,0,0,0,-0.8120066888901363,-0.9155645288697168,2.988907935688308,0.0,0.0,0.0
image_1249.png,surface,0.0,0.0,1.017030649049922,17.427655014745977,-5.0722984661992365,0.0,1.2009627724636103,2.7609121957217795,0.0,0.0,0.0,0.23455790565939605,0,0,0,0,0,0,0.10679025990195216,0.31347370712699635,0.8174033145343981,0.0,0.0,0.0
image_1250.png,surface,0.0,0.0,2.8452104023885134,16.052671398936464,3.8931739274244648,0.0,1.537161352959099,-2.237584435877087,0.0,0.0,0.0,-2.7271111209629337,0,0,0,0,0,0,0.9167522895857623,-0.5440983982930633,2.86658398871799,0.0,0.0,0.0
image_1251.png,surface,0.0,0.0,1.9454617333679463,18.86631666021302,-3.9545910475504096,0.0,1.9722719863891707,2.6527535947650094,0.0,0.0,0.0,1.9849831546524026,0,0,0,0,0,0,0.5566122415136232,0.943781268308657,2.826322930596869,0.0,0.0,0.0
image_1252.png,surface,0.0,0.0,0.6892142642192431,-24.43273176514168,-1.5642188192327209,0.0,2.7950891114396,3.420658312521718,0.0,0.0,0.0,3.017188462792399,0,0,0,0,0,0,0.12613956927986442,0.15694528964398327,0.40232810623324405,0.0,0.0,0.0
image_1253.png,surface,0.0,0.0,1.2842941763287152,5.667173854282037,20.903373862207154,0.0,-1.5691654397070887,-3.501596134694123,0.0,0.0,0.0,3.8502128294196254,0,0,0,0,0,0,-0.0744090065093266,-0.3201924278798376,0.7781113800530214,0.0,0.0,0.0
image_1254.png,surface,0.0,0.0,2.956712268840902,5.529031271664589,22.79797444336485,0.0,-1.6030037869160132,2.572857027888258,0.0,0.0,0.0,-2.640250844269887,0,0,0,0,0,0,-1.6762286625137528,1.4035676653211602,6.240507552347083,0.0,0.0,0.0
image_1255.png,surface,0.0,0.0,2.0333352984662474,7.822853274334363,17.195774338786133,0.0,4.6131386668729055,0.6870578600047157,0.0,0.0,0.0,3.2036711341343427,0,0,0,0,0,0,0.5582558827066504,-0.021279357439401028,1.137379357929161,0.0,0.0,0.0
image_1256.png,surface,0.0,0.0,1.5493676294838927,22.920351210090498,-7.456224552680186,0.0,-0.4445360935688255,0.116708467477301,0.0,0.0,0.0,-1.9173827039264193,0,0,0,0,0,0,0.20196621631817696,0.43663190139998415,2.1365123354474784,0.0,0.0,0.0
image_1257.png,surface,0.0,0.0,2.7892285383744486,-13.28277493163334,17.485095275796272,0.0,-2.5352751053081217,1.8875442259213027,0.0,0.0,0.0,3.865707376412356,0,0,0,0,0,0,-1.4270343949709379,0.4228310732181357,3.418649512804744,0.0,0.0,0.0
image_1258.png,surface,0.0,0.0,1.4032115456448682,-19.909940577302148,-2.5595275586898363,0.0,2.6734086260446692,-1.9389032287643753,0.0,0.0,0.0,3.5158307235123516,0,0,0,0,0,0,0.3403881987909342,-0.2256489679768288,0.8540804015914901,0.0,0.0,0.0
image_1259.png,surface,0.0,0.0,2.367864401457684,-0.8430478663398979,11.398435341909341,0.0,-2.7048082309271715,-3.4999858042589778,0.0,0.0,0.0,1.9939067078742259,0,0,0,0,0,0,-0.45810791168151904,-0.7214594121071172,1.9567242692487112,0.0,0.0,0.0
image_1260.png,surface,0.0,0.0,0.8656627031789766,-11.459612241531705,-5.665701826301897,0.0,2.2573674035835194,3.883684440994299,0.0,0.0,0.0,-4.612050726572008,0,0,0,0,0,0,0.07340455911358797,0.15038073293557627,0.29807585883997334,0.0,0.0,0.0
image_1261.png,surface,0.0,0.0,2.2428992395683705,-0.5740588901301316,-12.770841307515047,0.0,-1.146516665471018,2.5787298450602583,0.0,0.0,0.0,1.6887391759317936,0,0,0,0,0,0,-0.23505210477781302,0.6704814526792153,1.553021749189981,0.0,0.0,0.0
image_1262.png,surface,0.0,0.0,1.7285993676484903,-0.12573715840542737,-12.36173921298067,0.0,-3.921921111737113,-0.6427033740104917,0.0,0.0,0.0,1.5661714851788417,0,0,0,0,0,0,-0.38695346692338534,-0.006503205711132093,0.8638207640720399,0.0,0.0,0.0
image_1263.png,surface,0.0,0.0,1.5615731037442848,-6.133307112230883,9.399198781349225,0.0,-1.823973605750366,1.1316196014145894,0.0,0.0,0.0,0.13851163550806156,0,0,0,0,0,0,-0.20384575046020298,0.13503354500190326,0.6468956120378704,0.0,0.0,0.0
image_1264.png,surface,0.0,0.0,1.0790229519149046,-9.09498957162187,19.345154200100033,0.0,1.9472343298480421,1.0889697547071133,0.0,0.0,0.0,-2.8593547345250716,0,0,0,0,0,0,0.22727676880079895,0.07459337407122923,0.4366359762816562,0.0,0.0,0.0
image_1265.png,surface,0.0,0.0,2.968639628616667,-17.391251972075544,-3.865406384760986,0.0,2.0162016524783737,1.235268682031064,0.0,0.0,0.0,-1.6793095260513633,0,0,0,0,0,0,1.2794491128470542,0.06413538868961186,3.2811858002181635,0.0,0.0,0.0
image_1266.png,surface,0.0,0.0,0.8090483799681298,7.69275103353234,11.321305802293697,0.0,-1.728576836024005,-4.487076604737294,0.0,0.0,0.0,4.281468122689629,0,0,0,0,0,0,-0.016805470253704307,-0.14409933467613015,0.31217057868803216,0.0,0.0,0.0
image_1267.png,surface,0.0,0.0,1.0087297491682277,-6.696526930091176,20.050210726074738,0.0,-1.5617078302007108,4.61477335241664,0.0,0.0,0.0,4.203486738671206,0,0,0,0,0,0,-0.08002478058550219,0.20081125269548758,0.466037937029342,0.0,0.0,0.0
image_1268.png,surface,0.0,0.0,1.4435283161132644,-8.510063727945566,19.078025080056484,0.0,-2.8426210555512785,-0.7022975660013536,0.0,0.0,0.0,2.783873409665329,0,0,0,0,0,0,-0.39360716997515777,-0.05638628580305239,0.9077260843591961,0.0,0.0,0.0
image_1269.png,surface,0.0,0.0,0.82780093533771,1.2465569746800107,-19.954230948747533,0.0,2.2264571876530015,2.0183712820770143,0.0,0.0,0.0,0.3927195677106585,0,0,0,0,0,0,0.2593140750548838,0.12693049405414272,0.6925672383135912,0.0,0.0,0.0
image_1270.png,surface,0.0,0.0,2.8383111855079677,2.9889542276262144,-21.362980004592487,0.0,-1.6466883088526008,-0.20575027282466224,0.0,0.0,0.0,-2.942934079732862,0,0,0,0,0,0,0.14223203407159357,-0.0636587386338612,3.706890106503593,0.0,0.0,0.0
image_1271.png,surface,0.0,0.0,2.775953476813803,11.352063294303928,0.494837760080955,0.0,-1.3174637326895617,1.8288203515557884,0.0,0.0,0.0,-4.71738951879396,0,0,0,0,0,0,-0.34497060956149395,1.0575197248462167,3.435832476878063,0.0,0.0,0.0
image_1272.png,surface,0.0,0.0,1.5954819507970095,-19.52117603295607,-5.040036626355643,0.0,2.909550389136652,2.1767245483394064,0.0,0.0,0.0,3.0836343693395225,0,0,0,0,0,0,0.38946001974275146,0.18625218911142186,0.9171047002276774,0.0,0.0,0.0
image_1273.png,surface,0.0,0.0,1.731001738434453,14.525168360142708,-10.499372170567915,0.0,1.0439924466335193,0.20346258488495297,0.0,0.0,0.0,-1.6253272515812789,0,0,0,0,0,0,0.7400486862154116,0.2552012714333667,1.9163292309009,0.0,0.0,0.0
image_1274.png,surface,0.0,0.0,0.6552264937130146,15.453718436495345,19.092164047107463,0.0,0.09816261581237215,-0.7250827426707913,0.0,0.0,0.0,-4.59788933983573,0,0,0,0,0,0,0.105003561049532,-0.14108527029719228,0.4381923799150679,0.0,0.0,0.0
image_1275.png,surface,0.0,0.0,2.5984321654182843,13.219635327108938,-3.2729007840920143,0.0,4.367383601563245,-0.9954219794404906,0.0,0.0,0.0,-1.543882909887352,0,0,0,0,0,0,1.104378497439776,-0.1393171030936818,2.783181297601858,0.0,0.0,0.0
image_1276.png,surface,0.0,0.0,2.4512188449319785,2.2703601100298654,3.9511584116213903,0.0,-2.9364251625219335,2.800364472159129,0.0,0.0,0.0,4.459310346181656,0,0,0,0,0,0,-0.5578906291082,0.5306672491973576,1.5853980709702407,0.0,0.0,0.0
image_1277.png,surface,0.0,0.0,1.4832223629948054,-5.535036948509867,12.33860735322547,0.0,-0.42638840275470813,1.5143205211835513,0.0,0.0,0.0,0.10942347788601126,0,0,0,0,0,0,-0.10655284506295938,0.2201840099118861,0.6236679067369341,0.0,0.0,0.0
image_1278.png,surface,0.0,0.0,1.6927181611122997,-9.808669254975099,17.378127039638265,0.0,-0.5687862987260662,1.0886308558770361,0.0,0.0,0.0,-0.8686504091859124,0,0,0,0,0,0,-0.25811634762996516,0.4019528569147624,0.9114306376272462,0.0,0.0,0.0
image_1279.png,surface,0.0,0.0,2.1484044919092833,5.212007773985248,-22.729762387214002,0.0,0.4425453229774815,-4.201538374644655,0.0,0.0,0.0,-2.455624468747204,0,0,0,0,0,0,0.7100583220026431,-0.9640318167168334,2.6753942052276845,0.0,0.0,0.0
image_1280.png,surface,0.0,0.0,1.6639475920337794,4.394807560854737,-7.716344831558539,0.0,-3.270939941230216,2.7316175118851267,0.0,0.0,0.0,-3.295813014968526,0,0,0,0,0,0,-0.2732439341657875,0.22167688417890688,0.7207499789983737,0.0,0.0,0.0
image_1281.png,surface,0.0,0.0,1.1829759851256503,0.11101503345986384,-13.633954754527165,0.0,4.130620316037663,-0.3439385428835416,0.0,0.0,0.0,2.830012295103809,0,0,0,0,0,0,0.293013285181918,-0.05660337394725571,0.6459510514396879,0.0,0.0,0.0
image_1282.png,surface,0.0,0.0,1.2437136076707043,23.126113753737073,9.667747253444603,0.0,-2.3493772848622356,1.6746336238406798,0.0,0.0,0.0,1.9672329911499356,0,0,0,0,0,0,-0.5310810149819376,0.4442142554221557,1.614739740615915,0.0,0.0,0.0
image_1283.png,surface,0.0,0.0,1.7932825200511313,22.348302893071175,8.02648903775332,0.0,-4.126655867530757,1.623507286744591,0.0,0.0,0.0,-0.6919471998751989,0,0,0,0,0,0,-0.8114907681823242,0.5453254182385597,2.559568299251952,0.0,0.0,0.0
image_1284.png,surface,0.0,0.0,2.986327576949626,3.5679731435903226,-8.839142713561216,0.0,-2.008075163654321,2.958382058443379,0.0,0.0,0.0,4.777185672812156,0,0,0,0,0,0,-0.568814755481855,1.3787897279345993,2.9937982139625903,0.0,0.0,0.0
image_1285.png,surface,0.0,0.0,1.724814196856767,-11.355757066032549,-0.4211684489886838,0.0,0.6255155652158279,4.769651188350148,0.0,0.0,0.0,3.2473536206786697,0,0,0,0,0,0,0.009325380935437989,0.27106443698514593,0.6294491535187189,0.0,0.0,0.0
image_1286.png,surface,0.0,0.0,0.6394935498660992,-6.839539691183356,13.056519399238365,0.0,0.6990045100146532,-0.9334975571249674,0.0,0.0,0.0,1.7888375789230864,0,0,0,0,0,0,0.08255111797478447,-0.08416412964610281,0.18563965259956464,0.0,0.0,0.0
image_1287.png,surface,0.0,0.0,2.846738540678235,-7.488610598697974,-6.281323515356306,0.0,-2.5409546414835087,-1.9418219640658523,0.0,0.0,0.0,3.9566240669171897,0,0,0,0,0,0,-0.6346623698325032,-0.8327642790861092,2.6736256662353406,0.0,0.0,0.0
image_1288.png,surface,0.0,0.0,1.2649272402295473,-0.08495764220373542,-24.141353790740954,0.0,-0.7931471583809762,-4.154378020319766,0.0,0.0,0.0,-2.1684788524447542,0,0,0,0,0,0,0.12451723454674703,-0.49863259000493104,1.1777252701938516,0.0,0.0,0.0
image_1289.png,surface,0.0,0.0,0.5995634418352798,-15.450008452983658,-8.191713233094225,0.0,3.9079107000823536,2.1683069977418885,0.0,0.0,0.0,-0.4712348266172617,0,0,0,0,0,0,0.14442355566229634,0.006547252580970436,0.2820205616746465,0.0,0.0,0.0
image_1290.png,surface,0.0,0.0,0.6807144034894597,0.45804686014487805,1.1530181899952068,0.0,1.6219164601771854,-0.9713177523566153,0.0,0.0,0.0,3.6322356630121497,0,0,0,0,0,0,0.09735149816199526,-0.06794858913561679,0.17097328378428409,0.0,0.0,0.0
image_1291.png,surface,0.0,0.0,0.927836510273947,1.924933871659217,-4.181173447778147,0.0,2.3782960286586157,1.2404312168661231,0.0,0.0,0.0,-1.4452558309103445,0,0,0,0,0,0,0.1498536591592596,0.03386575049570673,0.30268477863819787,0.0,0.0,0.0
image_1292.png,surface,0.0,0.0,2.0853910175635892,-3.007922869950015,-9.784692163889634,0.0,-2.689549264764626,1.278615493578465,0.0,0.0,0.0,-2.7406279074652007,0,0,0,0,0,0,-0.48203202238002335,0.26072286118810156,1.0775527207033695,0.0,0.0,0.0
image_1293.png,surface,0.0,0.0,1.4199652061425603,17.611930274668037,-16.164578196671023,0.0,-3.6986176295846738,-1.1927947873423945,0.0,0.0,0.0,1.2088998010068384,0,0,0,0,0,0,-0.4997863910447019,-0.052739834221435515,1.186873886673176,0.0,0.0,0.0
image_1294.png,surface,0.0,0.0,2.7932501028088494,-5.6529183767638695,-6.650803730085518,0.0,0.5809954076980257,1.7792317016603605,0.0,0.0,0.0,-0.02265218807189573,0,0,0,0,0,0,0.5151148670596725,0.7458708166125231,2.3928142761065962,0.0,0.0,0.0
image_1295.png,surface,0.0,0.0,2.483183910864747,-14.759793763254198,-1.8784571708581133,0.0,3.419459232551068,0.7364560107210724,0.0,0.0,0.0,3.7923258646907545,0,0,0,0,0,0,0.8782180349492409,-0.05042108114494575,1.9183612643390717,0.0,0.0,0.0
image_1296.png,surface,0.0,0.0,1.3020920988533762,-10.987458580966626,3.672081616476376,0.0,-1.3222423459216153,0.5007482946409212,0.0,0.0,0.0,-4.734018500244094,0,0,0,0,0,0,-0.24616037984068698,0.08799620732203847,0.43028754654020634,0.0,0.0,0.0
image_1297.png,surface,0.0,0.0,2.965289505767431,20.512401464525883,9.91342251907314,0.0,3.094094435695934,1.8557432355791221,0.0,0.0,0.0,-3.714004832629109,0,0,0,0,0,0,1.3910964846634009,1.5712273560533196,5.3737961648841495,0.0,0.0,0.0
image_1298.png,surface,0.0,0.0,2.166246995746038,-6.886888673504248,22.847257495809373,0.0,0.9670100106163593,4.303491531867098,0.0,0.0,0.0,-1.598081867572371,0,0,0,0,0,0,0.05283621585084728,0.6110417749348696,1.5459498262243907,0.0,0.0,0.0
image_1299.png,surface,0.0,0.0,0.5435968986279576,-11.155990497578482,19.86890206451971,0.0,-3.470098803763264,3.370243067944436,0.0,0.0,0.0,3.9520178568167523,0,0,0,0,0,0,-0.07692012499867346,0.06867850869293786,0.2777577574620443,0.0,0.0,0.0
image_1300.png,surface,0.0,0.0,1.657720622989182,15.8726711690344,-5.869216725863793,0.0,-4.720488989298455,-0.636159906889353,0.0,0.0,0.0,4.791060980636628,0,0,0,0,0,0,-0.5079650278700051,0.01866800729898514,1.066242556566738,0.0,0.0,0.0
image_1301.png,surface,0.0,0.0,2.7758096870529334,8.676293664299761,-7.769125480291674,0.0,0.525376730430404,1.4276152780850822,0.0,0.0,0.0,-1.150405861302736,0,0,0,0,0,0,0.7499227084935217,0.8974046336763671,3.8330816160177728,0.0,0.0,0.0
image_1302.png,surface,0.0,0.0,1.2399008688665376,6.550344711386465,-8.69040610163344,0.0,-0.7146732291107476,0.8316381042802099,0.0,0.0,0.0,0.6946037416283577,0,0,0,0,0,0,-0.1454325687280156,0.244582829597338,0.538141629027729,0.0,0.0,0.0
image_1303.png,surface,0.0,0.0,2.817165974887088,18.547739993419416,-7.402707342608449,0.0,3.5126169875313225,1.450761630492214,0.0,0.0,0.0,-3.819203070516651,0,0,0,0,0,0,2.291641406762922,1.4045886088399133,7.3648361196945,0.0,0.0,0.0
image_1304.png,surface,0.0,0.0,2.03840788560823,3.0046412023051836,-17.307960639010226,0.0,-0.4711044650842983,-1.8715641187025598,0.0,0.0,0.0,-2.927124311718754,0,0,0,0,0,0,0.3621603570385681,-0.5912411338400412,1.7854305494222535,0.0,0.0,0.0
image_1305.png,surface,0.0,0.0,1.9576091038214458,-13.312092924498023,-13.13599794273923,0.0,2.6629510390346205,-2.9116817842464524,0.0,0.0,0.0,-1.6074456240640078,0,0,0,0,0,0,0.6249055330838954,-0.6599857128377368,2.0052117132887544,0.0,0.0,0.0
image_1306.png,surface,0.0,0.0,1.4145677581726643,0.269047854945119,-23.176581590351645,0.0,0.9195569350502614,4.74706943289301,0.0,0.0,0.0,3.993073778641987,0,0,0,0,0,0,-0.01883567150509135,0.5488743374655344,1.259424179427206,0.0,0.0,0.0
image_1307.png,surface,0.0,0.0,2.8923090266646563,15.754619546171613,-18.842623248221425,0.0,-2.615401009810876,1.3399143550560049,0.0,0.0,0.0,3.1613898112081493,0,0,0,0,0,0,-0.6268550741656248,1.3113822860569968,4.887206777582055,0.0,0.0,0.0
image_1308.png,surface,0.0,0.0,1.5765404255552355,21.626307606001834,10.09675296719997,0.0,3.0089199262036552,-0.1744737041528433,0.0,0.0,0.0,-4.130862627030087,0,0,0,0,0,0,0.5704462215549344,-0.058821448464114995,1.2022860787503795,0.0,0.0,0.0
image_1309.png,surface,0.0,0.0,2.0859655993821082,12.103945152251882,1.1354121262513077,0.0,3.7420101334822187,3.1044401098043184,0.0,0.0,0.0,1.1090345130261152,0,0,0,0,0,0,0.595374779649177,0.3568394235853366,1.5565744582011118,0.0,0.0,0.0
image_1310.png,surface,0.0,0.0,2.092713422816513,-16.04107053998827,1.6183272319223565,0.0,2.781096598374038,2.1569523759740075,0.0,0.0,0.0,-3.424228652554564,0,0,0,0,0,0,0.4575904690837143,0.20728928876671207,1.0812237789147472,0.0,0.0,0.0
image_1311.png,surface,0.0,0.0,2.108483463395795,6.52328214864129,17.6332364798605,0.0,2.62890201513318,-2.4186018758880676,0.0,0.0,0.0,1.918748629467415,0,0,0,0,0,0,0.4283077837179437,-0.3540613245805328,1.210695570979116,0.0,0.0,0.0
image_1312.png,surface,0.0,0.0,1.265106945569746,-16.367287722495355,-6.010823497901613,0.0,1.0604288172390384,4.543202237822303,0.0,0.0,0.0,-3.164123538808216,0,0,0,0,0,0,0.01564426818863065,0.22858437723105515,0.556680026394425,0.0,0.0,0.0
image_1313.png,surface,0.0,0.0,2.6618537030853706,12.569904612335836,0.16300681792525806,0.0,-1.401698770010787,-3.406387005020024,0.0,0.0,0.0,-4.1305891712421765,0,0,0,0,0,0,-0.23976235430783,-1.0074022524826562,1.835271193751893,0.0,0.0,0.0
image_1314.png,surface,0.0,0.0,1.9840088512614629,9.992239786932538,-7.406740490630418,0.0,-0.5766965854688207,1.3160299933146011,0.0,0.0,0.0,-4.748471562501556,0,0,0,0,0,0,0.01044397008069244,0.5301418329642861,1.4879274560513924,0.0,0.0,0.0
image_1315.png,surface,0.0,0.0,1.4711139547703027,-9.756690239166797,-8.853227638735467,0.0,-3.53205663602079,0.590236252748253,0.0,0.0,0.0,1.6172462854525937,0,0,0,0,0,0,-0.26927180128263917,0.052978945800557994,0.6039259203337829,0.0,0.0,0.0
image_1316.png,surface,0.0,0.0,1.3056858989205027,-14.06028868195892,-12.546897147228133,0.0,-0.9010376567343981,-2.3269521232033847,0.0,0.0,0.0,-4.53863218819814,0,0,0,0,0,0,0.0011345689901867463,-0.4223025107800758,0.846970517561671,0.0,0.0,0.0
image_1317.png,surface,0.0,0.0,0.7842118525064898,4.154856047451619,18.136725702271843,0.0,-0.7556944766681215,-4.929499395920879,0.0,0.0,0.0,-0.9408482778324414,0,0,0,0,0,0,0.011277965797154314,-0.17333072522384585,0.3655081069343461,0.0,0.0,0.0
image_1318.png,surface,0.0,0.0,2.025606229621594,17.845982838194715,11.710581323967862,0.0,1.9964981788433385,-2.1978149067404478,0.0,0.0,0.0,-2.9666043667353748,0,0,0,0,0,0,0.5758793688318846,-0.4584618447123646,1.3437647321301813,0.0,0.0,0.0
image_1319.png,surface,0.0,0.0,2.4565186073407683,10.751922499381445,-5.733992302116945,0.0,2.7559623274783673,4.0514803411376565,0.0,0.0,0.0,-0.1637657532600203,0,0,0,0,0,0,0.5981689696773229,0.9316243322332753,2.900012055277785,0.0,0.0,0.0
image_1320.png,surface,0.0,0.0,1.556164485645172,15.648399574145289,18.57226555790125,0.0,1.7635662427612284,1.1755337624204805,0.0,0.0,0.0,-4.153350451821186,0,0,0,0,0,0,0.4386353292141298,0.2637259138495796,1.0999207195496963,0.0,0.0,0.0
image_1321.png,surface,0.0,0.0,2.789152122487518,11.394534167857914,-1.0618968497250172,0.0,0.036709980239283804,-3.905194507209899,0.0,0.0,0.0,0.544342577714918,0,0,0,0,0,0,0.2653681534492001,-0.984607997341315,2.2726228477444663,0.0,0.0,0.0
image_1322.png,surface,0.0,0.0,0.8138391256890671,-20.553582480192095,1.907330439261941,0.0,0.9395564751252924,-1.6854700518701182,0.0,0.0,0.0,-3.823039100916348,0,0,0,0,0,0,0.10982338665908438,-0.18161782916343058,0.41963611851814686,0.0,0.0,0.0
image_1323.png,surface,0.0,0.0,1.7197232354851042,-14.567010720897352,12.976085704901811,0.0,-2.4729776141842876,0.12483238454985833,0.0,0.0,0.0,1.0887952284414215,0,0,0,0,0,0,-0.4288008760758515,-0.0049269570119172,1.0603652906224916,0.0,0.0,0.0
image_1324.png,surface,0.0,0.0,2.106064517688914,7.059033235415952,-3.317369143968428,0.0,-0.47965680065172805,2.9568300402142516,0.0,0.0,0.0,-2.9661994369478464,0,0,0,0,0,0,-0.10615563177464438,0.6125944270966707,1.3556398462227004,0.0,0.0,0.0
image_1325.png,surface,0.0,0.0,1.9240102783966053,9.459283311117343,5.452743069303266,0.0,-0.4127083676930397,-2.705564898427799,0.0,0.0,0.0,-1.4855846195143085,0,0,0,0,0,0,0.05845807748699696,-0.43207934278169297,0.9850326751608128,0.0,0.0,0.0
image_1326.png,surface,0.0,0.0,2.72373577528379,-21.02303597462998,-8.411611256382665,0.0,-2.274240635916355,-4.392283027819462,0.0,0.0,0.0,-4.641221591674192,0,0,0,0,0,0,0.03423111067977767,-2.263162780548796,5.572381656887881,0.0,0.0,0.0
image_1327.png,surface,0.0,0.0,2.2100836392050147,10.11275367825911,-22.00518468030076,0.0,0.5338359364700948,-2.2579432686213616,0.0,0.0,0.0,4.2786005095518895,0,0,0,0,0,0,0.9799411621176899,-0.46283506964631427,3.111421687979777,0.0,0.0,0.0
image_1328.png,surface,0.0,0.0,2.562582827483514,0.6240389074681546,-16.328689865042932,0.0,-1.4453798829309246,0.42395230475550016,0.0,0.0,0.0,-3.8035110155289322,0,0,0,0,0,0,-0.13819141613873553,0.1022013228449032,2.378694993216978,0.0,0.0,0.0
image_1329.png,surface,0.0,0.0,2.155314776805863,8.168219661962791,22.748591344540802,0.0,3.8000846701096536,-0.6385013385036392,0.0,0.0,0.0,-3.8792039258660047,0,0,0,0,0,0,0.6382464207672982,-0.14674214686643064,1.4014298216986667,0.0,0.0,0.0
image_1330.png,surface,0.0,0.0,1.3606086804113502,1.0096984189780025,-0.20136514397866107,0.0,-3.7216793240205277,-3.183596122675626,0.0,0.0,0.0,3.801249112171501,0,0,0,0,0,0,-0.16389613812968565,-0.15599198953248197,0.41822932613787434,0.0,0.0,0.0
image_1331.png,surface,0.0,0.0,1.1814594912109784,5.378951532796612,-17.692800914983348,0.0,3.977136448969189,0.36599992115125457,0.0,0.0,0.0,-1.0175235037748531,0,0,0,0,0,0,0.38494305024191444,-0.07345130166042083,0.9572317781221037,0.0,0.0,0.0
image_1332.png,surface,0.0,0.0,1.3749033572811467,22.78488290448405,1.8806245608373502,0.0,1.533380592929139,2.5792351193783367,0.0,0.0,0.0,4.829218040411224,0,0,0,0,0,0,0.21428743770590522,0.6152372392869714,1.6919123511908372,0.0,0.0,0.0
image_1333.png,surface,0.0,0.0,1.5204453605398258,12.669354277946603,14.663675767952482,0.0,2.3290514539748095,-4.408008737789396,0.0,0.0,0.0,-1.9390175992510486,0,0,0,0,0,0,0.24489568925605232,-0.3286242572488913,0.7841963153486434,0.0,0.0,0.0
image_1334.png,surface,0.0,0.0,2.5670186837620994,-22.98703837614252,-2.16613863541068,0.0,1.7160430809603564,-1.8922837977806088,0.0,0.0,0.0,1.5588532478731771,0,0,0,0,0,0,0.9049119854359937,-1.3473811635348745,3.821260094015929,0.0,0.0,0.0
image_1335.png,surface,0.0,0.0,2.277340126926113,9.364017111313427,-5.193907109659247,0.0,1.699587771614534,-2.2707775576850984,0.0,0.0,0.0,-4.612018430879111,0,0,0,0,0,0,0.6422033347505113,-0.5018228418632217,1.6338363889271625,0.0,0.0,0.0
image_1336.png,surface,0.0,0.0,2.567105911100112,-12.717835155692356,0.11349870791884302,0.0,-3.1602958892019286,-1.5354923924973882,0.0,0.0,0.0,4.375008897484662,0,0,0,0,0,0,-0.8374237736723061,-0.6400419194159334,2.364435031089331,0.0,0.0,0.0
image_1337.png,surface,0.0,0.0,2.8128409903020226,1.0792559136642754,7.488065579607809,0.0,-2.5458555806896186,3.130813446048195,0.0,0.0,0.0,-0.6009534092974036,0,0,0,0,0,0,-0.729075859361963,0.8136841189336365,2.541335823402872,0.0,0.0,0.0
image_1338.png,surface,0.0,0.0,2.536992896999047,1.6066272255125253,7.543014108659549,0.0,-1.4286255217303343,-1.5909393544448214,0.0,0.0,0.0,-4.078140275195477,0,0,0,0,0,0,-0.43704038850089594,-0.5113086499034073,1.8443930141858798,0.0,0.0,0.0
image_1339.png,surface,0.0,0.0,2.9056939370726123,9.519725759098304,18.738391126815667,0.0,-1.6550748901551158,-2.176888713849139,0.0,0.0,0.0,2.4368988018244933,0,0,0,0,0,0,-1.3415650529335328,-0.6987595431154293,4.571192082889837,0.0,0.0,0.0
image_1340.png,surface,0.0,0.0,2.874653598886241,7.126765657626492,-1.8478641287396207,0.0,3.157087374472294,-2.7461125284910204,0.0,0.0,0.0,2.5302503048404894,0,0,0,0,0,0,1.0067142508841072,-0.6515224214187986,2.713578569835067,0.0,0.0,0.0
image_1341.png,surface,0.0,0.0,1.3024044606412133,-20.130518335104014,7.5276888942721385,0.0,4.8798275712595,-1.047955257452887,0.0,0.0,0.0,0.4949396201898377,0,0,0,0,0,0,0.2955746260410519,-0.1231456094530339,0.6961713064116211,0.0,0.0,0.0
image_1342.png,surface,0.0,0.0,1.480767648203357,13.131678716119202,-17.29538573886097,0.0,3.4867037096141074,1.91805665448618,0.0,0.0,0.0,0.44175030480126054,0,0,0,0,0,0,0.7080859525710098,0.133726296829201,1.933210739464165,0.0,0.0,0.0
image_1343.png,surface,0.0,0.0,1.9380144860818276,5.9103650404173385,-1.649420636132526,0.0,3.2523107097803416,-0.7125448019489127,0.0,0.0,0.0,3.855896967945025,0,0,0,0,0,0,0.4584503369300666,-0.16503732887428407,0.9622292405777367,0.0,0.0,0.0
image_1344.png,surface,0.0,0.0,2.226365490762877,-8.403781809136948,1.0679921559103043,0.0,-1.576004543263186,-1.7141952331374974,0.0,0.0,0.0,-1.7106696860669244,0,0,0,0,0,0,-0.37025072424424516,-0.634185258829929,1.5294702583412023,0.0,0.0,0.0
image_1345.png,surface,0.0,0.0,1.661764176996771,12.622220681580258,-5.573612978158684,0.0,-1.5004815807941225,-4.467598336340428,0.0,0.0,0.0,-4.246368775194506,0,0,0,0,0,0,0.011644741285598306,-0.3955440373532841,0.8135379849943166,0.0,0.0,0.0
image_1346.png,surface,0.0,0.0,2.469422571310163,-6.246832418075048,-0.8093213938346123,0.0,1.1757067968087396,1.5720401401049475,0.0,0.0,0.0,-0.8179488389756928,0,0,0,0,0,0,0.4702754221798994,0.4592546883694545,1.4615869434836313,0.0,0.0,0.0
image_1347.png,surface,0.0,0.0,2.0800170321278686,22.29837307453217,-3.4689844688953304,0.0,3.4995774675915605,2.2800037104000217,0.0,0.0,0.0,-3.837755436883783,0,0,0,0,0,0,1.1594693933160571,0.7732868468819019,3.5493472239433475,0.0,0.0,0.0
image_1348.png,surface,0.0,0.0,1.9896756974392504,-16.73773258778317,-2.5548289930108155,0.0,0.10838013091891957,3.6350269689698034,0.0,0.0,0.0,4.682850046473204,0,0,0,0,0,0,-0.022908249127813817,0.45663075340908477,0.9513143181098476,0.0,0.0,0.0
image_1349.png,surface,0.0,0.0,0.8634877974788481,-2.2860626416815863,-0.9779162805795407,0.0,0.2988701181183978,-4.339823637614708,0.0,0.0,0.0,0.5270803405154512,0,0,0,0,0,0,0.04997658455297893,-0.11545313825626678,0.22750177442965938,0.0,0.0,0.0
image_1350.png,surface,0.0,0.0,0.9282860768249073,-10.617042466040546,19.153619596297546,0.0,-1.7763675737000766,4.172129690091232,0.0,0.0,0.0,4.729608647858228,0,0,0,0,0,0,-0.07328585169409145,0.15581737515562277,0.41892155730911973,0.0,0.0,0.0
image_1351.png,surface,0.0,0.0,1.2832180726539815,1.6943440274302486,-15.953875825617313,0.0,0.5433599560792819,0.627379772290873,0.0,0.0,0.0,3.727352962897413,0,0,0,0,0,0,0.24217454994759688,0.23818502175331924,0.8033286917203425,0.0,0.0,0.0
image_1352.png,surface,0.0,0.0,2.9061875101376407,-16.313181459195356,2.5063248227239647,0.0,-0.15990759320597267,-0.23918756349548626,0.0,0.0,0.0,2.213541129111749,0,0,0,0,0,0,0.13638797649638648,-0.8182335313469393,3.350089597802372,0.0,0.0,0.0
image_1353.png,surface,0.0,0.0,0.6905258700221621,-17.52591172718771,15.35251836457804,0.0,3.0167165303238663,-1.5586670356820904,0.0,0.0,0.0,-1.0187850071292557,0,0,0,0,0,0,0.16072299749314745,-0.11476254626130131,0.35344318752067994,0.0,0.0,0.0
image_1354.png,surface,0.0,0.0,2.9006280942904707,-3.498984631634404,-16.396987352470173,0.0,2.0016838925377245,1.9634000692710312,0.0,0.0,0.0,-0.4212268042337639,0,0,0,0,0,0,1.8789550628837062,0.5602101140389307,5.2222913245401825,0.0,0.0,0.0
image_1355.png,surface,0.0,0.0,1.6927680785400405,7.924402670196551,20.944608751322278,0.0,-2.184977661569087,-2.0116354939679066,0.0,0.0,0.0,-2.721166520833218,0,0,0,0,0,0,-0.5090151319655501,-0.3215452960248724,1.4741542887473957,0.0,0.0,0.0
image_1356.png,surface,0.0,0.0,1.5899031329870754,15.708273232385144,1.3496198142445253,0.0,0.956819444562461,-0.9448526392826759,0.0,0.0,0.0,1.0414784493577987,0,0,0,0,0,0,0.4049406847570763,-0.2189868789137798,1.0152787113366621,0.0,0.0,0.0
image_1357.png,surface,0.0,0.0,2.617199659759792,-0.4918539575652035,-6.9706009961898765,0.0,3.861806403110482,-1.9837419658149391,0.0,0.0,0.0,2.835156398186304,0,0,0,0,0,0,1.1288976671257547,-0.5924807386054917,2.633659364612947,0.0,0.0,0.0
image_1358.png,surface,0.0,0.0,2.578690370027597,-14.674821856221909,-0.6937927910974828,0.0,-3.9102910093166536,1.6505360878021011,0.0,0.0,0.0,2.240681106653419,0,0,0,0,0,0,-0.735152766106182,0.2951045893019145,1.6885137194404023,0.0,0.0,0.0
image_1359.png,surface,0.0,0.0,0.8349600220798443,-6.337905753797205,-0.2608003655628711,0.0,0.8498300087023328,3.8986051073096974,0.0,0.0,0.0,-1.8978391892353152,0,0,0,0,0,0,0.031925447339559265,0.06542847893986597,0.19715748608756953,0.0,0.0,0.0
image_1360.png,surface,0.0,0.0,2.5293609997434108,-10.035909330310634,-5.258002348552265,0.0,-0.6086171220916582,2.0784365517311962,0.0,0.0,0.0,1.711039253311676,0,0,0,0,0,0,-0.11813290602383202,0.8006965847413031,1.5120438968560561,0.0,0.0,0.0
image_1361.png,surface,0.0,0.0,1.776758406254392,-8.37962608197752,-20.149212932892098,0.0,2.711827484228787,-3.492142286920688,0.0,0.0,0.0,1.2688352834708247,0,0,0,0,0,0,0.6801288333896162,-0.6283852299337159,2.176451841024536,0.0,0.0,0.0
image_1362.png,surface,0.0,0.0,1.3078177370926163,5.732502233117653,10.770687480788876,0.0,3.365018619335524,-2.0381218071651306,0.0,0.0,0.0,1.472078028840329,0,0,0,0,0,0,0.2200767072413446,-0.13475195965543668,0.488220596562076,0.0,0.0,0.0
image_1363.png,surface,0.0,0.0,0.7709480728877189,-6.564612814440526,-4.317421487468294,0.0,-2.304677011515291,2.096710495672163,0.0,0.0,0.0,-2.3425863550827053,0,0,0,0,0,0,-0.05756624995078046,0.03285109938693069,0.198836704928783,0.0,0.0,0.0
image_1364.png,surface,0.0,0.0,1.980569346123934,11.648694335884446,8.662452266029499,0.0,-2.3121614551392957,-1.4058129820728353,0.0,0.0,0.0,1.2020600123775047,0,0,0,0,0,0,-0.6045289479603413,-0.17875163641895017,1.467897412160853,0.0,0.0,0.0
image_1365.png,surface,0.0,0.0,2.4508287644925364,-5.841503531139758,17.969870973168092,0.0,2.0514246093878303,4.414251195326005,0.0,0.0,0.0,-2.989711130364736,0,0,0,0,0,0,0.2013315881908692,0.626318173256302,1.5335410242288803,0.0,0.0,0.0
image_1366.png,surface,0.0,0.0,2.7141862890791013,1.4140191490437843,-12.474722532081067,0.0,-2.2427152412274483,1.3846480942170012,0.0,0.0,0.0,-0.9927225204974945,0,0,0,0,0,0,-0.6598192114257772,0.622725207159489,2.246143888942456,0.0,0.0,0.0
image_1367.png,surface,0.0,0.0,2.9290477570156295,11.94178457187762,-18.511013301585287,0.0,-1.875832911143304,3.110835421658996,0.0,0.0,0.0,0.5473853670997695,0,0,0,0,0,0,0.07917100029912433,2.070058156972522,5.807784915186741,0.0,0.0,0.0
image_1368.png,surface,0.0,0.0,0.8079713027801878,6.524936571079154,24.083326738333216,0.0,1.2754542698350333,3.7641098270988826,0.0,0.0,0.0,1.6090362788053456,0,0,0,0,0,0,0.06365685370494173,0.19884330147521015,0.5353727043427488,0.0,0.0,0.0
image_1369.png,surface,0.0,0.0,1.4919600009043152,-4.682602130223055,-19.544702601719003,0.0,2.4154117076432997,0.09498221878075222,0.0,0.0,0.0,0.7230142834113087,0,0,0,0,0,0,0.564465193880308,-0.13574616043178786,1.4507613411668716,0.0,0.0,0.0
image_1370.png,surface,0.0,0.0,0.6216911491728427,13.835624733480723,-15.428390761264083,0.0,0.24184194462670067,-2.5089925005916145,0.0,0.0,0.0,-2.487471965994329,0,0,0,0,0,0,0.105947132845529,-0.18175940838791113,0.45098749156420925,0.0,0.0,0.0
image_1371.png,surface,0.0,0.0,2.0893599584876883,3.754203562724222,9.21916293818804,0.0,-0.5921334435980147,3.913147883335216,0.0,0.0,0.0,3.00614500032378,0,0,0,0,0,0,-0.14919468079205522,0.5030246921688108,1.167781704369484,0.0,0.0,0.0
image_1372.png,surface,0.0,0.0,2.7191740241109166,-21.753960257086266,-6.759903525214489,0.0,1.2522337380561317,2.4486550467766337,0.0,0.0,0.0,-4.85350666503046,0,0,0,0,0,0,0.6322653930926719,0.7199114792527984,2.4309964077102024,0.0,0.0,0.0
image_1373.png,surface,0.0,0.0,2.218157672203275,-4.836662211101999,-3.2765559320104587,0.0,-3.1563761659164458,-1.610509326183943,0.0,0.0,0.0,-4.997168834756005,0,0,0,0,0,0,-0.5179699326875603,-0.2811480239731373,1.18049642788261,0.0,0.0,0.0
image_1374.png,surface,0.0,0.0,1.4717728399593577,5.943483979058547,23.176395431735386,0.0,1.4894640595822302,-3.9362811990567077,0.0,0.0,0.0,-3.099598770642306,0,0,0,0,0,0,0.19921311731985655,-0.36071240192612236,0.8178923423618258,0.0,0.0,0.0
image_1375.png,surface,0.0,0.0,2.3998096399721556,5.25147508852933,13.23003379559637,0.0,-3.413444554434512,-2.635841392158354,0.0,0.0,0.0,-3.394331578866352,0,0,0,0,0,0,-0.8016776215039557,-0.5142110240052553,2.233326447255534,0.0,0.0,0.0
image_1376.png,surface,0.0,0.0,2.991532358054432,-10.22630645763287,-7.405419897511934,0.0,0.3339065808658808,-1.5793659509555171,0.0,0.0,0.0,4.510445202274525,0,0,0,0,0,0,0.7865393817381788,-1.1745884393640547,4.221023595409897,0.0,0.0,0.0
image_1377.png,surface,0.0,0.0,0.5028050984261654,-2.4779762519673283,7.673029410740877,0.0,-0.8495925581447414,-0.22817121223951664,0.0,0.0,0.0,-1.9080595506180345,0,0,0,0,0,0,-0.016927221453187757,-0.03288413453930947,0.10538549681071219,0.0,0.0,0.0
image_1378.png,surface,0.0,0.0,2.5701395258273827,-18.062301099566344,3.3697089499683743,0.0,-1.1458480481727675,-2.035848940132751,0.0,0.0,0.0,-3.5321877536893833,0,0,0,0,0,0,-0.23443573933042774,-1.4809894776770092,3.659269067929492,0.0,0.0,0.0
image_1379.png,surface,0.0,0.0,1.315679042172853,-0.8071716497504574,-5.694904124242415,0.0,0.7311768444453932,-3.2867777974761285,0.0,0.0,0.0,-0.6760713672616934,0,0,0,0,0,0,0.12331189767186063,-0.19771066767936704,0.48129381884206934,0.0,0.0,0.0
image_1380.png,surface,0.0,0.0,2.3676661759992097,16.62987993362654,5.260597528582806,0.0,-3.7415981830357,-0.5948287760331563,0.0,0.0,0.0,3.0898816727771408,0,0,0,0,0,0,-1.2965749409444003,0.18540271376453957,2.7132436192683387,0.0,0.0,0.0
image_1381.png,surface,0.0,0.0,1.092602150511028,14.945250936528605,-17.04438247347878,0.0,1.1441181962790627,-4.623068605077565,0.0,0.0,0.0,-3.6637637420171476,0,0,0,0,0,0,0.2279296596080292,-0.3803321362341145,0.799514721267161,0.0,0.0,0.0
image_1382.png,surface,0.0,0.0,1.0045510116522798,21.618133018028452,2.2073491479891065,0.0,1.0820542863459943,-2.120481838578771,0.0,0.0,0.0,0.8005342988404953,0,0,0,0,0,0,0.23628483567258313,-0.28289888704921134,0.6488740533853637,0.0,0.0,0.0
image_1383.png,surface,0.0,0.0,2.523995341741495,1.0929008619167435,7.745658551064558,0.0,-0.8597982935028593,1.2318606713879074,0.0,0.0,0.0,-2.195477713262608,0,0,0,0,0,0,-0.3441031322651737,0.5308874835465495,1.7523485984480802,0.0,0.0,0.0
image_1384.png,surface,0.0,0.0,2.4184704216070565,-11.227919672674588,13.255572967008769,0.0,-0.5693631105082233,-3.1409039267423857,0.0,0.0,0.0,4.0970960973701,0,0,0,0,0,0,-0.06428539427227511,-1.0137733175842731,2.4021951249788533,0.0,0.0,0.0
image_1385.png,surface,0.0,0.0,2.5280512271714493,19.539934466593778,13.051044972318106,0.0,3.2446446629196175,3.75715147867376,0.0,0.0,0.0,-3.246183932617127,0,0,0,0,0,0,0.7264095080932739,1.2422727472806414,3.770823237677511,0.0,0.0,0.0
image_1386.png,surface,0.0,0.0,2.3933503415598385,-15.531924340226416,-14.06519218814362,0.0,0.7252055594409559,-3.0224160995912603,0.0,0.0,0.0,-1.2516660589392692,0,0,0,0,0,0,0.9998931399330441,-1.4398512743504928,4.002946213426174,0.0,0.0,0.0
image_1387.png,surface,0.0,0.0,0.7396551147219328,-0.3756012514306277,6.021233193342742,0.0,-2.318273735083003,-3.4666151730210877,0.0,0.0,0.0,-2.0009581418671574,0,0,0,0,0,0,-0.00762238603266269,-0.11978546252536623,0.18756896786393762,0.0,0.0,0.0
image_1388.png,surface,0.0,0.0,2.7071960396526897,3.993163908439702,-10.160312118065688,0.0,3.096973740306855,3.068867172536434,0.0,0.0,0.0,1.1878413190473802,0,0,0,0,0,0,1.196262605799966,0.7820647587996846,3.5012929826362815,0.0,0.0,0.0
image_1389.png,surface,0.0,0.0,1.4440438724352354,-23.90180080135089,2.490522798748212,0.0,3.2396949731712974,0.12006789154622001,0.0,0.0,0.0,0.8346354310214306,0,0,0,0,0,0,0.37562908348142804,-0.11848293366014688,0.9315611666878056,0.0,0.0,0.0
image_1390.png,surface,0.0,0.0,1.0491612827451011,-0.6814052065007677,-20.308956496102077,0.0,3.360332015050931,3.59491834477705,0.0,0.0,0.0,-0.3316231760418731,0,0,0,0,0,0,0.3179616278460768,0.19195468565299262,0.8613689259235654,0.0,0.0,0.0
image_1391.png,surface,0.0,0.0,1.91891740299782,-20.680382822269717,-7.805481644515274,0.0,-0.43383105411614475,3.958222216685528,0.0,0.0,0.0,3.9367606484096545,0,0,0,0,0,0,-0.06846146041455858,0.4806488822909341,1.1447371053783615,0.0,0.0,0.0
image_1392.png,surface,0.0,0.0,1.3646618908354942,-5.829359111647769,17.552754254061988,0.0,-3.1183517413521353,1.8013818586116968,0.0,0.0,0.0,1.2744266060356626,0,0,0,0,0,0,-0.20800051014257698,0.1116871308850886,0.6595857725094348,0.0,0.0,0.0
image_1393.png,surface,0.0,0.0,2.27467443589093,0.6884638933594797,8.158709111055956,0.0,-0.8989194363005162,-1.6980905248600873,0.0,0.0,0.0,3.900919588038013,0,0,0,0,0,0,-0.23539453002636018,-0.5079768188206361,1.433743619373137,0.0,0.0,0.0
image_1394.png,surface,0.0,0.0,2.2365465299471863,17.055434943554236,3.23910921178335,0.0,-0.3477554072622406,1.290570117277004,0.0,0.0,0.0,-3.318973497992721,0,0,0,0,0,0,0.04361356248997348,0.8965394273045432,2.891915183577999,0.0,0.0,0.0
image_1395.png,surface,0.0,0.0,2.6252686330868773,-12.418426953716349,13.298408767124421,0.0,-0.9032015326614586,2.9895520760818477,0.0,0.0,0.0,-2.38083554798492,0,0,0,0,0,0,-0.33614821326892214,0.6945687980708104,1.805929524106219,0.0,0.0,0.0
image_1396.png,surface,0.0,0.0,2.9838963938256997,-5.3114606034623595,15.763079776550413,0.0,2.957957920071828,-0.6428890516376715,0.0,0.0,0.0,4.195588387784312,0,0,0,0,0,0,1.0921653302415886,-0.3558530883214566,2.2448621447737636,0.0,0.0,0.0
image_1397.png,surface,0.0,0.0,2.4989098250560913,15.430223073595842,19.568515669943505,0.0,3.8419178605428104,1.0291349506334544,0.0,0.0,0.0,0.17342419553409627,0,0,0,0,0,0,0.8993799153094632,0.29607991284833474,2.4078356925226108,0.0,0.0,0.0
image_1398.png,surface,0.0,0.0,0.853872430443475,8.520339192901707,10.302141245295795,0.0,2.719416978827212,1.9325734757077764,0.0,0.0,0.0,4.509436588516975,0,0,0,0,0,0,0.17457371832438698,0.02891047763889346,0.309068936440099,0.0,0.0,0.0
image_1399.png,surface,0.0,0.0,2.406606987392248,8.949790217560098,-8.803620882379482,0.0,-0.753570882644787,1.6644333518279812,0.0,0.0,0.0,-1.2136409116698355,0,0,0,0,0,0,-0.014263913964486619,0.8981125297987694,2.5509935647436284,0.0,0.0,0.0
image_1400.png,surface,0.0,0.0,1.9172488459649388,9.402247140690786,-13.800531995368353,0.0,-1.4310081368293115,3.6231278089919203,0.0,0.0,0.0,-0.2836668182397659,0,0,0,0,0,0,-0.20147160207027517,0.5828423396233666,1.6665186322250378,0.0,0.0,0.0
image_1401.png,surface,0.0,0.0,1.9079531023818717,17.88295264949144,-1.6251694747105871,0.0,-2.1258101849142848,2.8434210377767957,0.0,0.0,0.0,-0.5263238039293565,0,0,0,0,0,0,-0.4791556502922259,0.857578397830037,2.3697272500436886,0.0,0.0,0.0
image_1402.png,surface,0.0,0.0,1.3431141140621343,-14.012830501096113,1.262651325182505,0.0,3.1567889826649167,-0.6537207180987455,0.0,0.0,0.0,3.9758607706641467,0,0,0,0,0,0,0.2792934468901232,-0.09883802971224702,0.5467163635360536,0.0,0.0,0.0
image_1403.png,surface,0.0,0.0,0.9018324520844665,-15.711342357876868,-19.522835415864236,0.0,-3.757817835384922,0.30279006591824564,0.0,0.0,0.0,-1.975330751390855,0,0,0,0,0,0,-0.2760289928539723,0.03198746611760039,0.6620331446503533,0.0,0.0,0.0
image_1404.png,surface,0.0,0.0,0.9326298529510542,-8.145139009861449,2.214919236146609,0.0,0.48628516254774384,1.3378871162226826,0.0,0.0,0.0,-3.656999760092301,0,0,0,0,0,0,0.06078048161714443,0.1095980507727559,0.23661912885608932,0.0,0.0,0.0
image_1405.png,surface,0.0,0.0,0.6439987656825146,8.019663890873769,23.505465240438898,0.0,4.3538387081301275,1.3002279360938027,0.0,0.0,0.0,1.2493055061532559,0,0,0,0,0,0,0.22375968102572003,-0.00011326337958429862,0.40255363961484336,0.0,0.0,0.0
image_1406.png,surface,0.0,0.0,2.5133745623731034,18.091213996456066,-15.916748519921809,0.0,1.226548165473159,-3.110189436084114,0.0,0.0,0.0,3.3638781674103893,0,0,0,0,0,0,1.1556144459624116,-0.6705333650615249,3.516120127723593,0.0,0.0,0.0
image_1407.png,surface,0.0,0.0,2.3598710699607772,-23.29105143008172,-6.509809817554609,0.0,1.8950035157869436,3.752651240282017,0.0,0.0,0.0,3.657127339065065,0,0,0,0,0,0,0.36736522081648654,0.6358055543989818,1.8202118162716485,0.0,0.0,0.0
image_1408.png,surface,0.0,0.0,2.6418215193992767,-0.7769155881618148,-15.381395673931788,0.0,-1.7139167773797157,4.456865522187439,0.0,0.0,0.0,-0.12045029601886803,0,0,0,0,0,0,-0.2835166916222065,0.8143448219812119,2.4092916109860045,0.0,0.0,0.0
image_1409.png,surface,0.0,0.0,2.260357825122857,15.584580779532605,11.721896371356744,0.0,4.766849579125903,1.1553630515453528,0.0,0.0,0.0,-3.3226747068078044,0,0,0,0,0,0,0.7768601613792422,0.05654202294998086,1.789135102690305,0.0,0.0,0.0
image_1410.png,surface,0.0,0.0,0.9194650076466875,3.1432752485039246,18.750137860341667,0.0,-4.210325715558816,0.10752573894226634,0.0,0.0,0.0,4.827345915776609,0,0,0,0,0,0,-0.16650465757861932,0.018622387326652567,0.4207749504450332,0.0,0.0,0.0
image_1411.png,surface,0.0,0.0,2.3398975495079872,-2.410417078873145,19.211445742072325,0.0,-2.574719329643905,-3.6451946803301323,0.0,0.0,0.0,4.906475951758555,0,0,0,0,0,0,-0.5672730809183958,-0.8931714148644037,2.4690222290493318,0.0,0.0,0.0
image_1412.png,surface,0.0,0.0,1.8946298288402617,-5.900026092641463,-1.4115449121171786,0.0,-3.7430106254821416,2.185686047092823,0.0,0.0,0.0,-2.1260019080791692,0,0,0,0,0,0,-0.2636377645265411,0.12413666402439665,0.7337527599988886,0.0,0.0,0.0
image_1413.png,surface,0.0,0.0,0.7716823832888358,-20.124874453531415,-10.312918602554575,0.0,-4.023308557594043,-0.6254475082152059,0.0,0.0,0.0,-4.615627468053632,0,0,0,0,0,0,-0.20806442952230564,-0.032015781962496444,0.45674864131198956,0.0,0.0,0.0
image_1414.png,surface,0.0,0.0,2.7628058740133046,0.5181287480624691,15.064234633812614,0.0,-0.8249385045457014,-1.2837096048389254,0.0,0.0,0.0,-3.814765428161042,0,0,0,0,0,0,-0.4690198629352263,-0.5223423907979118,2.9232576246089463,0.0,0.0,0.0
image_1415.png,surface,0.0,0.0,2.7557927566527756,-2.4395578794984862,-23.794164429392566,0.0,-0.6379872648388968,1.594542314827373,0.0,0.0,0.0,-0.20720761944705846,0,0,0,0,0,0,0.8035556337559885,0.6890000152412487,4.613163621905064,0.0,0.0,0.0
image_1416.png,surface,0.0,0.0,2.0696605116692224,-6.319709132336159,8.636241533016275,0.0,2.2506855781917987,-2.819806358392411,0.0,0.0,0.0,-3.9198859993813304,0,0,0,0,0,0,0.3722520095857551,-0.44117974071079263,1.0423762121852354,0.0,0.0,0.0
image_1417.png,surface,0.0,0.0,1.549103049485198,-17.990475347936567,6.032341452566169,0.0,4.797819607637248,-1.1895769044515712,0.0,0.0,0.0,3.196890821748191,0,0,0,0,0,0,0.36351483913282173,-0.13083808064980126,0.7722720751730033,0.0,0.0,0.0
image_1418.png,surface,0.0,0.0,1.0948102580274364,4.072416740319232,18.86094969290767,0.0,-2.6696590356754153,-1.170975415525372,0.0,0.0,0.0,4.3493884151268105,0,0,0,0,0,0,-0.20512413805477966,-0.10640779891446463,0.5774514275393307,0.0,0.0,0.0
image_1419.png,surface,0.0,0.0,0.7440013142450481,3.1766916899730107,-2.6150869614567442,0.0,2.4560823582803426,-0.48410277436410787,0.0,0.0,0.0,2.748824024015092,0,0,0,0,0,0,0.1323701869134317,-0.06987406658854986,0.21263666827811828,0.0,0.0,0.0
image_1420.png,surface,0.0,0.0,2.514998747292444,-5.1138651699551705,-9.58082030213167,0.0,0.7164665040356528,-0.2875220896872701,0.0,0.0,0.0,-4.352927114650244,0,0,0,0,0,0,0.6184770697511676,-0.4285980669619696,2.28464087407879,0.0,0.0,0.0
image_1421.png,surface,0.0,0.0,2.916882694644253,16.50349012279875,-5.203652481017124,0.0,-0.511320698894029,-1.894067098315856,0.0,0.0,0.0,-1.366131080193326,0,0,0,0,0,0,0.3039100175356896,-0.2398147559373379,3.674886696354292,0.0,0.0,0.0
image_1422.png,surface,0.0,0.0,0.5351015803080592,-7.1317515144224775,17.9257573249381,0.0,1.413969913031689,-2.6038336681139844,0.0,0.0,0.0,3.0450547460611936,0,0,0,0,0,0,0.0905029931910493,-0.08384321673728061,0.20903706618764437,0.0,0.0,0.0
image_1423.png,surface,0.0,0.0,1.6984032174626105,3.254024420997632,-6.59640261154235,0.0,-4.606696843253502,1.2274076371746723,0.0,0.0,0.0,0.6429582543102788,0,0,0,0,0,0,-0.27402618562246917,0.10313574572647373,0.7561006618112105,0.0,0.0,0.0
image_1424.png,surface,0.0,0.0,0.7650894689951644,3.5248448982925398,13.379755574950586,0.0,0.43580648687296397,-1.2031343886123822,0.0,0.0,0.0,-2.9196435669227396,0,0,0,0,0,0,0.08844387602978504,-0.13371685821423573,0.2547064594595867,0.0,0.0,0.0
image_1425.png,surface,0.0,0.0,1.5463476047508877,16.379237699215064,8.341354264730896,0.0,2.4871240643963204,1.7119711355708322,0.0,0.0,0.0,-0.6314574111301239,0,0,0,0,0,0,0.4076344300456486,0.18216369572892718,1.0643824644194895,0.0,0.0,0.0
image_1426.png,surface,0.0,0.0,1.951531986385837,19.254103048655015,7.304203647832108,0.0,-3.7941270817079595,-1.4501223049906535,0.0,0.0,0.0,3.473968835718864,0,0,0,0,0,0,-0.8068642226019523,-0.061420213784577044,1.893150651683086,0.0,0.0,0.0
image_1427.png,surface,0.0,0.0,1.5727516506648151,10.634831187405988,20.320400766781514,0.0,1.3740369496876703,0.5222248905366939,0.0,0.0,0.0,3.630564683326611,0,0,0,0,0,0,0.4101044575051691,0.24438776488805383,0.9779093931083238,0.0,0.0,0.0
image_1428.png,surface,0.0,0.0,0.5430587076978957,21.756458459197887,-0.011476236641748705,0.0,-0.5970864953369642,4.644629859598945,0.0,0.0,0.0,1.9865038730065905,0,0,0,0,0,0,-0.054686834082996114,0.2133095520121165,0.560598948025183,0.0,0.0,0.0
image_1429.png,surface,0.0,0.0,2.9696119190186883,22.064220542535697,-0.5308071082739796,0.0,3.284522091566035,2.360693650113769,0.0,0.0,0.0,1.9504459561917686,0,0,0,0,0,0,1.842857354126846,2.282559134302608,8.627934706838746,0.0,0.0,0.0
image_1430.png,surface,0.0,0.0,2.8145106509793645,10.053710248251255,8.541613609672934,0.0,3.2321022373686,2.1556786661244907,0.0,0.0,0.0,2.9640631564873807,0,0,0,0,0,0,0.9708798290961309,0.708301982845407,2.774137632300111,0.0,0.0,0.0
image_1431.png,surface,0.0,0.0,2.430932769342574,-12.613075854394943,6.412998288637097,0.0,-1.4945993170955922,1.284270664398296,0.0,0.0,0.0,0.14157293747812627,0,0,0,0,0,0,-0.5826563449731336,0.3995302790736536,1.541988477521847,0.0,0.0,0.0
image_1432.png,surface,0.0,0.0,1.50170224713964,-3.785674310502932,-19.41119512652651,0.0,-1.9253706527241883,3.2971096952725896,0.0,0.0,0.0,3.2640760111570657,0,0,0,0,0,0,-0.21707858395406407,0.32787703356413384,0.8982804783773697,0.0,0.0,0.0
image_1433.png,surface,0.0,0.0,2.2237254535574045,10.157992320290516,1.9802290360026022,0.0,-1.6119500451065254,1.880982905010429,0.0,0.0,0.0,4.526535702476718,0,0,0,0,0,0,-0.5903997212602833,0.7761656244463355,1.7813441525081326,0.0,0.0,0.0
image_1434.png,surface,0.0,0.0,2.2744209411482315,10.499927796949613,21.49932357897178,0.0,1.1467519041577021,1.4905218073669642,0.0,0.0,0.0,-1.8100849180327652,0,0,0,0,0,0,0.32987346082554203,0.8744845303354879,2.2939524998339222,0.0,0.0,0.0
image_1435.png,surface,0.0,0.0,1.350636602994245,-4.563788752028161,-20.7612460172223,0.0,0.7308605167739448,-1.2116835382357511,0.0,0.0,0.0,-1.2861477988585133,0,0,0,0,0,0,0.43886970027313554,-0.3642896369979928,1.2961347615409715,0.0,0.0,0.0
image_1436.png,surface,0.0,0.0,0.5992162848980991,0.7623457368143701,-5.92157120362996,0.0,2.42216257192804,2.936845430631613,0.0,0.0,0.0,-0.004293460525200743,0,0,0,0,0,0,0.07507102865651812,0.025470102484020266,0.18383091953921474,0.0,0.0,0.0
image_1437.png,surface,0.0,0.0,2.055786292740039,-21.619576315352326,-0.13032046209043519,0.0,3.47386758973558,-1.8914000766041827,0.0,0.0,0.0,-0.6721074930925024,0,0,0,0,0,0,0.6669644849454638,-0.5270050665907987,1.9178298094398565,0.0,0.0,0.0
image_1438.png,surface,0.0,0.0,2.8702093631869503,5.602863818924369,-17.140893278021906,0.0,3.4135364792909133,3.1274610891501955,0.0,0.0,0.0,-4.360297837426025,0,0,0,0,0,0,2.3015656514108183,1.0037384967736032,6.791554826710977,0.0,0.0,0.0
image_1439.png,surface,0.0,0.0,2.3694682246636574,18.052070334762814,-16.41743450790045,0.0,-2.790989318045823,2.770316195969777,0.0,0.0,0.0,-1.0397906587526573,0,0,0,0,0,0,-0.6585986556509558,1.7108716644657995,4.313302476544409,0.0,0.0,0.0
image_1440.png,surface,0.0,0.0,1.0699684715757884,-11.268546934771818,13.719874655805786,0.0,1.4263022947410924,-1.6518780860797366,0.0,0.0,0.0,1.4954149955367182,0,0,0,0,0,0,0.16598873687080803,-0.1537314412482787,0.3965915195270236,0.0,0.0,0.0
image_1441.png,surface,0.0,0.0,1.8895257536035521,17.019503737170147,8.368402177238497,0.0,-0.36348355648210956,1.7121405366454054,0.0,0.0,0.0,0.1609203697537085,0,0,0,0,0,0,-0.18742455742986844,0.9498361398089339,2.3050728586494085,0.0,0.0,0.0
image_1442.png,surface,0.0,0.0,1.4755368277978695,2.9974262792771986,22.68626875564308,0.0,0.5381295900298694,2.397042430768077,0.0,0.0,0.0,-4.738404404423045,0,0,0,0,0,0,0.06835949378499118,0.36730370137693086,0.854290303946642,0.0,0.0,0.0
image_1443.png,surface,0.0,0.0,1.8662513241190894,-14.065037594392814,19.59595419189684,0.0,3.7197007902598833,2.9148661153261535,0.0,0.0,0.0,1.0142303981973742,0,0,0,0,0,0,0.41809894564125377,0.17671918799640957,1.045122806832432,0.0,0.0,0.0
image_1444.png,surface,0.0,0.0,2.3101487261352744,-17.765576497096433,-15.766576644121665,0.0,2.4760437337273813,1.6328424624275277,0.0,0.0,0.0,3.035005669506809,0,0,0,0,0,0,1.1538079625400757,0.10034506190171603,2.9337080822909676,0.0,0.0,0.0
image_1445.png,surface,0.0,0.0,1.7167928865238997,-12.38542962644802,-14.14479867500981,0.0,0.2825086632067923,4.102695531847742,0.0,0.0,0.0,4.361340202279504,0,0,0,0,0,0,-0.011083163877980645,0.41178317440118356,0.9641987499101176,0.0,0.0,0.0
image_1446.png,surface,0.0,0.0,2.780790653014704,19.643825016609988,1.8886803607444071,0.0,0.13827057107112642,2.4542624419458785,0.0,0.0,0.0,1.834341236390503,0,0,0,0,0,0,0.1831039117381984,2.0465622981187575,6.623778087835193,0.0,0.0,0.0
image_1447.png,surface,0.0,0.0,2.2302867197806346,-0.47865452818804827,-0.7572431834265783,0.0,-1.2515728346642478,-4.4464751920593955,0.0,0.0,0.0,3.5344736837636486,0,0,0,0,0,0,0.006814262446091179,-0.550010117466366,1.24455237426433,0.0,0.0,0.0
image_1448.png,surface,0.0,0.0,1.3807971036127848,10.383805408140958,15.808819587991321,0.0,-1.3442727095103626,-4.206842302884922,0.0,0.0,0.0,2.0860692631780484,0,0,0,0,0,0,-0.021721174932849863,-0.3033146112192821,0.7152076636208579,0.0,0.0,0.0
image_1449.png,surface,0.0,0.0,2.030834564348183,-0.008543468592051516,10.69220209573258,0.0,-2.0219047578421305,-3.1617070317489855,0.0,0.0,0.0,4.12546406317966,0,0,0,0,0,0,-0.22086352436800685,-0.49833055432603907,1.1446701152650152,0.0,0.0,0.0
image_1450.png,surface,0.0,0.0,1.638441804863353,-18.743229808924678,-3.159354516112157,0.0,-4.207734951649302,-0.6592526048263019,0.0,0.0,0.0,-4.647869557165842,0,0,0,0,0,0,-0.39578651644591173,-0.025663594090810114,0.8822028511742617,0.0,0.0,0.0
image_1451.png,surface,0.0,0.0,2.4800770973628694,22.08113700907589,11.719020981396925,0.0,-1.664285962924372,2.9056608259582783,0.0,0.0,0.0,1.0841835272547993,0,0,0,0,0,0,-1.1488176852512466,2.3357142675825178,7.470747488894974,0.0,0.0,0.0
image_1452.png,surface,0.0,0.0,0.518623944075379,14.360711320854875,-2.7975208459254928,0.0,-4.02244494258362,-0.008254433813195163,0.0,0.0,0.0,1.6993052230192438,0,0,0,0,0,0,-0.11414251046076082,-0.024936820738477476,0.29450975180617267,0.0,0.0,0.0
image_1453.png,surface,0.0,0.0,1.963913779368171,7.8400873562024715,19.84503715698414,0.0,0.42089005800140233,1.638443288208249,0.0,0.0,0.0,-3.772744379253167,0,0,0,0,0,0,0.09558306198949769,0.6724824390518713,1.5324758814266748,0.0,0.0,0.0
image_1454.png,surface,0.0,0.0,0.5587285028954823,-15.815311492700106,7.034201467499364,0.0,-0.6143569419742987,-3.281355413681323,0.0,0.0,0.0,-4.665645577012936,0,0,0,0,0,0,0.02589876296512687,-0.11133475592638196,0.19015478623910412,0.0,0.0,0.0
image_1455.png,surface,0.0,0.0,2.948335990168202,-16.095066336624043,13.107894669394252,0.0,-4.058073990564475,-2.1121039077730246,0.0,0.0,0.0,-3.62724945099133,0,0,0,0,0,0,-1.4390421070199957,-1.5102082834047694,5.220154339924438,0.0,0.0,0.0
image_1456.png,surface,0.0,0.0,1.7688313538063625,20.97546853154389,9.301011933753285,0.0,-1.987415034446444,0.22587782463614334,0.0,0.0,0.0,-0.8966339127944654,0,0,0,0,0,0,-0.8711640748291669,0.47986862345379805,2.3365582119221617,0.0,0.0,0.0
image_1457.png,surface,0.0,0.0,1.1969987653125342,-18.479660733163474,10.368365779956118,0.0,1.4470890750479508,-3.656311651000849,0.0,0.0,0.0,0.2923845688928708,0,0,0,0,0,0,0.16081431089276005,-0.22353157201959978,0.6245253801877663,0.0,0.0,0.0
image_1458.png,surface,0.0,0.0,0.7767487853330706,11.465241157539321,6.585447154485867,0.0,3.038585837499928,-2.3257396558269843,0.0,0.0,0.0,-2.57952809357044,0,0,0,0,0,0,0.15743571510709345,-0.10423377126744374,0.3245101575664185,0.0,0.0,0.0
image_1459.png,surface,0.0,0.0,1.354238031944882,-19.61708260705323,12.395845420210705,0.0,-3.4766804889222307,3.5487209238870365,0.0,0.0,0.0,-2.1373621545228607,0,0,0,0,0,0,-0.1926811654675678,0.18461616251742619,0.6725237964003816,0.0,0.0,0.0
image_1460.png,surface,0.0,0.0,2.0851980554526737,24.026781345838998,-6.025818965227364,0.0,-1.9885652787120183,-3.4371777545664486,0.0,0.0,0.0,-2.6303212257251154,0,0,0,0,0,0,-0.1760864769779692,-0.6097785736320055,1.8691771231202265,0.0,0.0,0.0
image_1461.png,surface,0.0,0.0,2.9322208028150634,-4.435656236837226,-23.453596219948363,0.0,-2.3660253050554685,3.940224421283074,0.0,0.0,0.0,4.566584444904439,0,0,0,0,0,0,-0.5271043164288086,1.2302573904297391,3.0830960350531886,0.0,0.0,0.0
image_1462.png,surface,0.0,0.0,0.736000846307056,-18.99008366786768,-3.21665013274785,0.0,3.9667086372953397,-0.6669800889315028,0.0,0.0,0.0,-0.16215797525961229,0,0,0,0,0,0,0.14519971955900343,-0.07807936919843499,0.3770304064299076,0.0,0.0,0.0
image_1463.png,surface,0.0,0.0,1.0255924968347743,-15.241867282374034,-18.0717147815964,0.0,0.4433175627812305,0.04669203322618952,0.0,0.0,0.0,-1.5147954059331292,0,0,0,0,0,0,0.3801490967622526,-0.17005552583086644,0.9407857052955902,0.0,0.0,0.0
image_1464.png,surface,0.0,0.0,1.192358336961356,8.340071497116748,-5.284308817889311,0.0,-4.451717837315153,0.36305285213183036,0.0,0.0,0.0,-2.0971802093516456,0,0,0,0,0,0,-0.1868553705722832,0.03249715132572973,0.46518939559362227,0.0,0.0,0.0
image_1465.png,surface,0.0,0.0,2.415010314889882,-8.233839065543751,7.335178278896674,0.0,3.8233762335851007,1.612675415028059,0.0,0.0,0.0,-1.675960684998481,0,0,0,0,0,0,0.6068802680003655,0.07525407711880437,1.3074560906964934,0.0,0.0,0.0
image_1466.png,surface,0.0,0.0,0.6974335256184487,6.054377824372936,11.076714865738799,0.0,-0.29411810687406104,2.0759955304184046,0.0,0.0,0.0,4.341095288671633,0,0,0,0,0,0,-0.006015270199480727,0.10583518960656631,0.2586588761470177,0.0,0.0,0.0
image_1467.png,surface,0.0,0.0,2.73599335295763,19.247263783099203,10.696827236407461,0.0,2.9758797906121957,-0.8521947829368147,0.0,0.0,0.0,-1.732445177988958,0,0,0,0,0,0,1.2740159655701035,0.0194875936984771,2.9721760383781857,0.0,0.0,0.0
image_1468.png,surface,0.0,0.0,1.0474674925139351,-0.017540508388408534,-12.198781533528138,0.0,0.49145363949303056,-0.5781127143027094,0.0,0.0,0.0,-2.1395095537699405,0,0,0,0,0,0,0.2320387625905969,-0.18843250916841972,0.5154275145957815,0.0,0.0,0.0
image_1469.png,surface,0.0,0.0,2.295068991932363,4.378937841296333,20.73296298535679,0.0,4.876883901701636,0.5229897627588522,0.0,0.0,0.0,2.357396616923129,0,0,0,0,0,0,0.6948576847471304,-0.04022737698235846,1.4787498105229517,0.0,0.0,0.0
image_1470.png,surface,0.0,0.0,2.4013794112917215,20.47988570587111,10.337405951517889,0.0,-3.1316019457417,-0.9330748015766724,0.0,0.0,0.0,-2.337709742004652,0,0,0,0,0,0,-1.3969922864983884,0.2624784435716581,3.6766686333693017,0.0,0.0,0.0
image_1471.png,surface,0.0,0.0,2.7327092729911078,10.916345475707436,2.334527804702845,0.0,-1.2749733125656837,-0.9507333237324559,0.0,0.0,0.0,-0.12025836778793675,0,0,0,0,0,0,-0.37942315523533215,-0.09076486771187695,2.88138880376752,0.0,0.0,0.0
image_1472.png,surface,0.0,0.0,1.0188472974581095,17.749402329801196,-5.161606900434245,0.0,-2.72860116171241,3.364003399989557,0.0,0.0,0.0,-3.708304360187775,0,0,0,0,0,0,-0.19115318791405017,0.2552940844805259,0.7551538682092487,0.0,0.0,0.0
image_1473.png,surface,0.0,0.0,2.3081691937509095,-21.50594994281759,-7.927241147967432,0.0,-4.174781249017143,-0.5196701598354855,0.0,0.0,0.0,2.0521311423839723,0,0,0,0,0,0,-0.7217936157428573,-0.12248490640545882,1.9114389526266231,0.0,0.0,0.0
image_1474.png,surface,0.0,0.0,1.3826899375804986,-5.358462392239216,4.217149122136864,0.0,1.5835864066709646,1.65049616308325,0.0,0.0,0.0,-4.820989973143978,0,0,0,0,0,0,0.20380922510035798,0.16046117371857924,0.41869155791996365,0.0,0.0,0.0
image_1475.png,surface,0.0,0.0,1.4707177425069964,-19.090983421453586,2.0788507145241546,0.0,-0.17767026747372336,-1.9917724256442935,0.0,0.0,0.0,1.2933947841123778,0,0,0,0,0,0,0.10531250471822133,-0.3549359695673228,0.8696087098651587,0.0,0.0,0.0
image_1476.png,surface,0.0,0.0,1.770780142067235,10.774373349923161,-1.9482491167270393,0.0,1.7997826982742362,2.4722363166695205,0.0,0.0,0.0,-1.9575803357395105,0,0,0,0,0,0,0.2990171412064474,0.34384559698302614,1.0944945203686458,0.0,0.0,0.0
image_1477.png,surface,0.0,0.0,0.8279343163803885,23.361947008829084,2.9592474120184673,0.0,1.0959673158310295,1.9205862589759823,0.0,0.0,0.0,3.9463317457478766,0,0,0,0,0,0,0.11934889612867318,0.33939371692436565,0.937737655138334,0.0,0.0,0.0
image_1478.png,surface,0.0,0.0,1.396811321556636,-15.109242782567929,-18.09158908185936,0.0,-2.881428134295559,-3.3356369592132515,0.0,0.0,0.0,4.180286213774542,0,0,0,0,0,0,-0.1788532729862313,-0.4419206719855734,1.163672977417579,0.0,0.0,0.0
image_1479.png,surface,0.0,0.0,2.851223377659746,19.354739016101313,1.2791809996762236,0.0,-2.5605273291085915,-1.3784059211780422,0.0,0.0,0.0,4.963506019871559,0,0,0,0,0,0,-1.050001367970465,0.0921020048319695,3.7805970952147314,0.0,0.0,0.0
image_1480.png,surface,0.0,0.0,0.9515718205393218,6.501662259392328,-13.518189068132648,0.0,4.0867599622968624,-1.5664074247409254,0.0,0.0,0.0,4.248863164697273,0,0,0,0,0,0,0.2500594620041457,-0.10063451276065369,0.5252125371518955,0.0,0.0,0.0
image_1481.png,surface,0.0,0.0,1.287909880081152,14.338996806316995,-16.89166539210282,0.0,0.3149046439056956,-0.9256204664798141,0.0,0.0,0.0,2.5184824601466254,0,0,0,0,0,0,0.3617494467403113,-0.09232066607866703,1.1743824635378717,0.0,0.0,0.0
image_1482.png,surface,0.0,0.0,2.5181958542707017,-2.748757259964226,-12.867900023368948,0.0,-0.534056179492081,-2.977887668149256,0.0,0.0,0.0,1.2085975041238282,0,0,0,0,0,0,0.3841060107454655,-1.1353426783380938,2.458815168779138,0.0,0.0,0.0
image_1483.png,surface,0.0,0.0,1.1249467314463588,10.093575630876737,-20.29078864196638,0.0,2.620028993748151,-1.4639470216606647,0.0,0.0,0.0,-2.0332560289022594,0,0,0,0,0,0,0.4522866824562151,-0.17250012710689433,1.111329135852568,0.0,0.0,0.0
image_1484.png,surface,0.0,0.0,0.9119760572776737,6.58070609664414,-8.984239332402357,0.0,1.20933029934611,2.3237032884911164,0.0,0.0,0.0,-2.5467720418740525,0,0,0,0,0,0,0.10292161553836454,0.1623441774041684,0.3991237458115136,0.0,0.0,0.0
image_1485.png,surface,0.0,0.0,0.9762862263598377,1.9420699308837215,-8.666403780392217,0.0,4.899196504732292,0.1668080420964738,0.0,0.0,0.0,1.073156232176565,0,0,0,0,0,0,0.19733967073780442,-0.03149036572942481,0.41132934446320685,0.0,0.0,0.0
image_1486.png,surface,0.0,0.0,2.964191036938821,7.250584903225493,19.425902261745676,0.0,0.47213752599948133,2.3120504834614137,0.0,0.0,0.0,-3.545469677392923,0,0,0,0,0,0,-0.16309714588307542,1.3511660481359826,4.099737995196448,0.0,0.0,0.0
image_1487.png,surface,0.0,0.0,1.5332690252101218,-19.394597759705263,-8.510198344722571,0.0,2.100529628273767,2.4931635943672688,0.0,0.0,0.0,4.700360472462474,0,0,0,0,0,0,0.32148936885111096,0.29205906287309186,0.8754055876733908,0.0,0.0,0.0
image_1488.png,surface,0.0,0.0,1.4899183231561515,-9.282111460028817,-9.912536098413337,0.0,3.1661158606642434,-0.5843042668889885,0.0,0.0,0.0,4.261167023444425,0,0,0,0,0,0,0.3615698637210732,-0.10308855265164688,0.7596779338639017,0.0,0.0,0.0
image_1489.png,surface,0.0,0.0,2.3925450417498872,-0.7006530266501027,12.077552890696325,0.0,4.411397102548563,-2.063355891492184,0.0,0.0,0.0,2.5313091914634995,0,0,0,0,0,0,0.556977495112074,-0.33166663747272523,1.397919539759321,0.0,0.0,0.0
image_1490.png,surface,0.0,0.0,0.6568491918316344,6.471278014039147,23.224876647168397,0.0,-2.8875338102691357,3.1560886958316545,0.0,0.0,0.0,-0.8392112439903956,0,0,0,0,0,0,-0.10585734133591002,0.0880434003968653,0.5047135624679311,0.0,0.0,0.0
image_1491.png,surface,0.0,0.0,0.9238446239490699,-3.758888881790313,-4.407174200110361,0.0,-1.3678490164020634,0.2745099097222754,0.0,0.0,0.0,-0.7632149780090947,0,0,0,0,0,0,-0.0832664062717499,0.01926421314429696,0.25937343735604473,0.0,0.0,0.0
image_1492.png,surface,0.0,0.0,2.299700253934365,-1.5652809792713678,-19.105212062146897,0.0,-4.138286178845584,-0.3640851135179226,0.0,0.0,0.0,-2.971380460903209,0,0,0,0,0,0,-0.705338941132664,0.014642438016259677,1.6305360093429695,0.0,0.0,0.0
image_1493.png,surface,0.0,0.0,1.2991281673467863,-19.512715621151045,-11.153331617453377,0.0,-1.9239719981014367,-1.321673413860405,0.0,0.0,0.0,1.188577676977836,0,0,0,0,0,0,-0.2536343815989795,-0.3668333437311572,0.9728404745317886,0.0,0.0,0.0
image_1494.png,surface,0.0,0.0,2.254195776455395,-10.280202089352333,22.307407111118916,0.0,-3.098865812506612,0.8136780813669545,0.0,0.0,0.0,-2.828945657237144,0,0,0,0,0,0,-1.0212833037922986,0.14657854420703104,2.6087926345388044,0.0,0.0,0.0
image_1495.png,surface,0.0,0.0,0.5571508599499784,-12.232409285989991,17.81179620615504,0.0,4.2793261964853135,-0.27485799964507907,0.0,0.0,0.0,-0.9870538016661747,0,0,0,0,0,0,0.15210301256971698,-0.08430570887058321,0.24984297723064658,0.0,0.0,0.0
image_1496.png,surface,0.0,0.0,1.9758990468784283,-17.080238189162408,-14.807956956971175,0.0,-1.6597855951750096,1.9969306956786443,0.0,0.0,0.0,-0.03692211650420685,0,0,0,0,0,0,-0.2825761636061965,0.4026245716797972,1.3940743072532435,0.0,0.0,0.0
image_1497.png,surface,0.0,0.0,1.8606143718329475,-23.489663006942088,5.33584992259347,0.0,-0.360401356792403,4.21181002587821,0.0,0.0,0.0,-2.444710731075399,0,0,0,0,0,0,-0.10216219243158622,0.40338752638949715,1.0331003144905526,0.0,0.0,0.0
image_1498.png,surface,0.0,0.0,0.8621409383219187,11.725050456997309,11.81655840889839,0.0,1.2671502504395435,-4.576296994680271,0.0,0.0,0.0,2.5636196893104106,0,0,0,0,0,0,0.10296727223817075,-0.18776236750587919,0.398266272360681,0.0,0.0,0.0
image_1499.png,surface,0.0,0.0,0.7968396568575937,-5.8609465469635,2.5981599335427243,0.0,1.5429783607974357,-2.7312169634415087,0.0,0.0,0.0,-1.8640826475664731,0,0,0,0,0,0,0.10036636223920502,-0.09426344765903659,0.20704969282503782,0.0,0.0,0.0
image_1500.png,surface,0.0,0.0,2.820385495759096,-4.6043591075276105,-11.45788225687586,0.0,1.7911935675005473,2.610153336538361,0.0,0.0,0.0,-4.699516533215395,0,0,0,0,0,0,1.0037130838168393,0.7116526911581098,3.077261196180727,0.0,0.0,0.0
image_1501.png,surface,0.0,0.0,1.7625423458228289,-4.2972830478514545,24.59259836818587,0.0,3.4404763447432343,3.6124342301496535,0.0,0.0,0.0,3.5347965224328526,0,0,0,0,0,0,0.3670775836077071,0.30625002047350885,0.9900747976920093,0.0,0.0,0.0
image_1502.png,surface,0.0,0.0,0.6247513231884245,-7.1139818717378045,8.09867380090685,0.0,-2.044697676407689,-1.3504203500388057,0.0,0.0,0.0,1.2814066747843533,0,0,0,0,0,0,-0.04692367322593061,-0.06665707198785685,0.1663956260389544,0.0,0.0,0.0
image_1503.png,surface,0.0,0.0,0.8713945984810857,12.074461906849232,-2.158910337860761,0.0,4.629536582373732,-1.777988442221936,0.0,0.0,0.0,1.3582059307166823,0,0,0,0,0,0,0.18876534251418026,-0.07515025235418538,0.3861410618450028,0.0,0.0,0.0
image_1504.png,surface,0.0,0.0,2.1813820515086713,-0.368818233988901,-15.802265559521963,0.0,-3.026155866587551,-0.9453451365117436,0.0,0.0,0.0,3.944993417543694,0,0,0,0,0,0,-0.5925212359112831,-0.1001153889375589,1.3589893518900138,0.0,0.0,0.0
image_1505.png,surface,0.0,0.0,1.691911106972664,-13.67962566791825,19.098705157726133,0.0,-2.1760125771581205,-1.6611281261516857,0.0,0.0,0.0,-2.55928420519823,0,0,0,0,0,0,-0.36572918907342766,-0.325037583562055,1.322609254335424,0.0,0.0,0.0
image_1506.png,surface,0.0,0.0,1.994156965806941,5.2160258103014225,-21.6529109497832,0.0,1.8030320206313994,0.2618268461217742,0.0,0.0,0.0,-1.9452117854314723,0,0,0,0,0,0,1.3363677986055813,-0.07774587146965899,3.397159084443257,0.0,0.0,0.0
image_1507.png,surface,0.0,0.0,1.645687710525542,-19.05340194711436,2.1060099951121076,0.0,0.648027591101645,4.263538159671515,0.0,0.0,0.0,-2.2203505318103045,0,0,0,0,0,0,-0.0015272166085208815,0.2840928718423292,0.7492721362574446,0.0,0.0,0.0
image_1508.png,surface,0.0,0.0,2.8137874313128353,17.527064495033002,1.861155112959971,0.0,3.4400127839776777,-0.5058269015585288,0.0,0.0,0.0,2.2472104012606415,0,0,0,0,0,0,1.540301057740414,0.2585456873360919,3.758222397357074,0.0,0.0,0.0
image_1509.png,surface,0.0,0.0,2.563121819226993,0.3487840955239727,-20.68191610708215,0.0,1.1682783246893251,3.4063327116289517,0.0,0.0,0.0,2.281952476747122,0,0,0,0,0,0,0.9281390705174551,1.1375229983950914,3.8931404856364944,0.0,0.0,0.0
image_1510.png,surface,0.0,0.0,2.9503612474321375,1.5306901572346119,-10.150561142712748,0.0,1.3026341090780722,-0.9404964381462675,0.0,0.0,0.0,0.32824509480912845,0,0,0,0,0,0,1.3393293965330173,-0.5784958574318189,4.417050065083807,0.0,0.0,0.0
image_1511.png,surface,0.0,0.0,2.8480823542838793,13.27700683509712,13.843541930323354,0.0,0.49431328657065354,-0.6064056914867743,0.0,0.0,0.0,-0.7251272983493422,0,0,0,0,0,0,0.005124964553257838,0.06560781262420783,3.6285094408846574,0.0,0.0,0.0
image_1512.png,surface,0.0,0.0,2.321744746670603,17.597288009797353,0.8238531004157235,0.0,-1.2437590389942526,-0.8315179186531749,0.0,0.0,0.0,3.523695233415559,0,0,0,0,0,0,-0.46099037132929077,0.050902450508179056,2.3458966337226346,0.0,0.0,0.0
image_1513.png,surface,0.0,0.0,0.6313260525534536,2.2775513690957734,-18.797418509512646,0.0,-1.0068464517683147,1.7836517878425182,0.0,0.0,0.0,2.024955644591339,0,0,0,0,0,0,-0.07993803285587021,0.10512729348416447,0.3821216550442254,0.0,0.0,0.0
image_1514.png,surface,0.0,0.0,2.997754441642433,5.605368307694079,-21.727299124652536,0.0,-0.9485565298767773,-0.12346077257838955,0.0,0.0,0.0,3.9984944537598572,0,0,0,0,0,0,0.6796570474916169,0.18017057486874247,4.830533141691101,0.0,0.0,0.0
image_1515.png,surface,0.0,0.0,1.6832967391466374,3.9092751136326576,19.741313977122477,0.0,3.387674138877066,-2.0097731056961763,0.0,0.0,0.0,-2.2038611097626726,0,0,0,0,0,0,0.35286769673799123,-0.24026938255816918,0.8239214525629918,0.0,0.0,0.0
image_1516.png,surface,0.0,0.0,0.6524925890910835,-23.84429401140505,-1.775463185420887,0.0,-1.227304167991461,2.8828490463794227,0.0,0.0,0.0,-2.732083239881158,0,0,0,0,0,0,-0.07116281515309825,0.1300798452475841,0.35597318080139134,0.0,0.0,0.0
image_1517.png,surface,0.0,0.0,2.978558276256607,15.32965059959266,11.919782920374775,0.0,4.276619894906718,2.467080919903992,0.0,0.0,0.0,-2.781346467754744,0,0,0,0,0,0,1.2373992923254467,0.8034904147710488,3.671805151140362,0.0,0.0,0.0
image_1518.png,surface,0.0,0.0,1.925941794053608,8.874490001715722,-9.119572639697308,0.0,3.831385141709771,-2.2579027615927014,0.0,0.0,0.0,1.6603736675168754,0,0,0,0,0,0,0.5641912536814702,-0.318792366659976,1.454124244856856,0.0,0.0,0.0
image_1519.png,surface,0.0,0.0,1.647510056872426,12.514165059017445,-9.465202351404255,0.0,-0.7289935991431394,3.31051621551677,0.0,0.0,0.0,0.1849266021280469,0,0,0,0,0,0,-0.10269941959930712,0.40942823996732625,1.237317442022931,0.0,0.0,0.0
image_1520.png,surface,0.0,0.0,0.5494735770826582,15.008523943490594,0.6604039195101384,0.0,3.1134890144394314,-0.3535039933633738,0.0,0.0,0.0,1.355965640719666,0,0,0,0,0,0,0.16999130755382738,-0.07139368359797264,0.3204282266598514,0.0,0.0,0.0
image_1521.png,surface,0.0,0.0,1.571002923641272,-5.504439842123745,-20.122929325792114,0.0,0.41063514636413156,-4.946525226714499,0.0,0.0,0.0,-4.21832686879328,0,0,0,0,0,0,0.26201999546340404,-0.6041846211625364,1.3737093127959732,0.0,0.0,0.0
image_1522.png,surface,0.0,0.0,0.958176867970298,-7.528280706140923,18.93854800820849,0.0,0.9232340284392764,-2.792482381843204,0.0,0.0,0.0,0.6089371038878122,0,0,0,0,0,0,0.09997219273087726,-0.2029490989851412,0.42241397521823926,0.0,0.0,0.0
image_1523.png,surface,0.0,0.0,2.297372480385186,-11.31315681300468,-6.468706973622144,0.0,-2.905086905035098,1.8735293531828336,0.0,0.0,0.0,-1.2031511634387182,0,0,0,0,0,0,-0.46929380313406416,0.2931445035941081,1.3235873099902802,0.0,0.0,0.0
image_1524.png,surface,0.0,0.0,0.5196672563089393,-11.586023809330603,21.231331670365197,0.0,1.388898715432183,-2.7886198816363152,0.0,0.0,0.0,3.7772495766708616,0,0,0,0,0,0,0.11191598540020666,-0.1190712739929874,0.29523101202653435,0.0,0.0,0.0
image_1525.png,surface,0.0,0.0,1.832589201266542,-4.017853533845871,3.5367026065892713,0.0,0.978295120337043,3.5781921822564278,0.0,0.0,0.0,-2.050839528446052,0,0,0,0,0,0,0.06151707637401949,0.26010935121535295,0.6845820168027135,0.0,0.0,0.0
image_1526.png,surface,0.0,0.0,0.6092905459127453,20.65975667113297,-11.10651307417685,0.0,-1.1091811449276567,2.0022691092228957,0.0,0.0,0.0,4.497099096593509,0,0,0,0,0,0,-0.1922398173694402,0.26183347154902525,0.7211586186897864,0.0,0.0,0.0
image_1527.png,surface,0.0,0.0,2.287074989755684,3.35804454992472,15.509839066297303,0.0,2.177577962531204,-2.007339433079867,0.0,0.0,0.0,2.170488025927108,0,0,0,0,0,0,0.48607264031288155,-0.44059454658294056,1.3540633455552844,0.0,0.0,0.0
image_1528.png,surface,0.0,0.0,2.8825487320233334,13.430412711801672,-20.54589813032795,0.0,2.092083043337718,1.2154262892658219,0.0,0.0,0.0,2.4234704496287183,0,0,0,0,0,0,2.5064729201415186,1.0288845401438134,8.49420904257689,0.0,0.0,0.0
image_1529.png,surface,0.0,0.0,0.6083013706196134,-20.59538129564392,-11.624935248558856,0.0,3.1414784696506617,0.8103256134161719,0.0,0.0,0.0,1.9152379580833951,0,0,0,0,0,0,0.20510130970487656,-0.010196850367575748,0.48646545559240323,0.0,0.0,0.0
image_1530.png,surface,0.0,0.0,0.7577104029171016,12.557594985468922,-14.553355236174038,0.0,0.9266099559532657,2.942553329394265,0.0,0.0,0.0,-2.8107170822896945,0,0,0,0,0,0,0.06872474738344159,0.1976430242721153,0.5951837105420926,0.0,0.0,0.0
image_1531.png,surface,0.0,0.0,1.7889824343588367,-5.536277339929739,5.7652870164200865,0.0,-1.6182413814049037,1.545758368807408,0.0,0.0,0.0,-2.0434797279510675,0,0,0,0,0,0,-0.20830488814128556,0.1823823569756247,0.7009588665121029,0.0,0.0,0.0
image_1532.png,surface,0.0,0.0,2.9561552610279582,13.686356017783336,-16.304706064580348,0.0,-3.6845250993453322,-2.7842800802906496,0.0,0.0,0.0,4.144068424529909,0,0,0,0,0,0,-0.9490954957285496,-0.6027688289177323,2.7248597049225824,0.0,0.0,0.0
image_1533.png,surface,0.0,0.0,1.5286418270269997,-2.3627985954349238,20.982307002623354,0.0,-3.541117210731878,3.10050351636687,0.0,0.0,0.0,3.4647181286537876,0,0,0,0,0,0,-0.27027624867837763,0.22548851152241753,0.9231650724817375,0.0,0.0,0.0
image_1534.png,surface,0.0,0.0,2.038932386385664,16.69589580408965,-10.971357482408079,0.0,2.09305820759644,-2.031926814261222,0.0,0.0,0.0,4.4575409907917685,0,0,0,0,0,0,0.9068143479279228,-0.3501914924447357,2.1783409622208993,0.0,0.0,0.0
image_1535.png,surface,0.0,0.0,2.404133325800094,-8.118216023932005,9.767580592074887,0.0,-1.705121214213103,4.483680812638195,0.0,0.0,0.0,-1.5824313267141799,0,0,0,0,0,0,-0.24327183263294153,0.4558662255968909,1.347248218024189,0.0,0.0,0.0
image_1536.png,surface,0.0,0.0,2.819800223041071,-19.158823121699463,-6.8334992523843265,0.0,3.114079347722074,-0.025573594961300093,0.0,0.0,0.0,-1.187710148371064,0,0,0,0,0,0,1.5979411193558808,-0.8512875609556257,4.258491165804481,0.0,0.0,0.0
image_1537.png,surface,0.0,0.0,0.9425416277307961,10.703193550703405,-0.44669066098527194,0.0,2.2474713400522055,3.22869015397359,0.0,0.0,0.0,4.73917658970632,0,0,0,0,0,0,0.1002278702497925,0.12354832369155598,0.36691266631084013,0.0,0.0,0.0
image_1538.png,surface,0.0,0.0,2.778565038301309,20.540631140915156,-6.070379457043902,0.0,3.3267376737988723,-1.1044241706652076,0.0,0.0,0.0,3.5266599873339217,0,0,0,0,0,0,1.8665851410161836,0.33071019115623557,5.054280120267694,0.0,0.0,0.0
image_1539.png,surface,0.0,0.0,2.0660606178728287,-19.05444484344102,-0.8584514821261143,0.0,1.4772880825970498,-4.467365788073594,0.0,0.0,0.0,3.3305278886374925,0,0,0,0,0,0,0.3864497213355224,-0.7084813165297491,1.818155219791915,0.0,0.0,0.0
image_1540.png,surface,0.0,0.0,2.514017290393328,-0.4369900417324059,1.55346006580326,0.0,3.0139016520091433,-0.9729946748288101,0.0,0.0,0.0,-2.3033665440494344,0,0,0,0,0,0,0.6942078377198871,-0.26807554224611585,1.5963174594456857,0.0,0.0,0.0
image_1541.png,surface,0.0,0.0,1.238888056090292,-15.349300663096882,10.27947021047936,0.0,-3.759853119514067,-2.6222937887137174,0.0,0.0,0.0,1.2390032796841401,0,0,0,0,0,0,-0.16882706170876666,-0.12978095577368112,0.5569077927798024,0.0,0.0,0.0
image_1542.png,surface,0.0,0.0,1.7502523990733605,6.286344558948516,11.586863301531123,0.0,2.342921000940005,3.657052474547811,0.0,0.0,0.0,0.28284419493523316,0,0,0,0,0,0,0.1787573939166381,0.2918325361139233,0.8368505444388248,0.0,0.0,0.0
image_1543.png,surface,0.0,0.0,1.0223979753354953,17.88510312373694,-4.564838222930515,0.0,4.455671105791651,0.3548489230875311,0.0,0.0,0.0,1.2594383335714383,0,0,0,0,0,0,0.32757997260527205,-0.0467400213084559,0.7479546640283016,0.0,0.0,0.0
image_1544.png,surface,0.0,0.0,2.6365103338919895,-17.858300683072844,8.260242185552972,0.0,1.8421865136874827,-2.213897335428856,0.0,0.0,0.0,4.3186738245672345,0,0,0,0,0,0,0.7071880374748195,-1.2338110289641973,3.0763970237185614,0.0,0.0,0.0
image_1545.png,surface,0.0,0.0,1.0114477312752064,-13.618215602822492,14.594301977342347,0.0,1.2949418853588448,1.294537303643697,0.0,0.0,0.0,-2.5231763040221864,0,0,0,0,0,0,0.1520482245299494,0.13856516010144146,0.365110632261825,0.0,0.0,0.0
image_1546.png,surface,0.0,0.0,1.8708169464433415,6.121194145918055,-1.5614214238080786,0.0,0.8244242414959776,-0.3389790761736595,0.0,0.0,0.0,-2.010138753027304,0,0,0,0,0,0,0.4185463812993552,-0.08978010555049122,0.9033717269916889,0.0,0.0,0.0
image_1547.png,surface,0.0,0.0,1.5447830334309494,-1.1179586563569754,-11.861268532368472,0.0,1.474562801995888,0.5318969639916576,0.0,0.0,0.0,4.474263883507289,0,0,0,0,0,0,0.3578107954370204,0.06963810121441599,0.8602300939966795,0.0,0.0,0.0
image_1548.png,surface,0.0,0.0,0.6239737830138039,16.97755039817589,14.644937070028437,0.0,-2.4679453916626684,2.0293109643783733,0.0,0.0,0.0,0.35414979110032796,0,0,0,0,0,0,-0.11390509562176812,0.08747708349894373,0.49962677986117005,0.0,0.0,0.0
image_1549.png,surface,0.0,0.0,1.5303691230572685,6.956232697090552,1.8195627282987412,0.0,-2.791598721172002,-0.2750041225315873,0.0,0.0,0.0,2.0039771842715854,0,0,0,0,0,0,-0.2485238750006603,0.01550764438808422,0.6078783370212142,0.0,0.0,0.0
image_1550.png,surface,0.0,0.0,2.4609935483151495,-18.72012701335086,-13.548880888737616,0.0,-1.1842100532864672,4.667937991624921,0.0,0.0,0.0,1.6228989553139144,0,0,0,0,0,0,-0.2298974633696811,0.702827586165499,1.974007718492054,0.0,0.0,0.0
image_1551.png,surface,0.0,0.0,1.8223313025061099,-10.019937047628547,18.953801816541908,0.0,-0.036564255513898275,-2.2722408429633756,0.0,0.0,0.0,-4.708426979383946,0,0,0,0,0,0,0.026486212502634734,-0.5203225271953253,1.200405889569126,0.0,0.0,0.0
image_1552.png,surface,0.0,0.0,1.261992226647103,6.378582538076407,-1.3832464581799087,0.0,-0.9249695625697685,-4.177743902439735,0.0,0.0,0.0,-4.58303991343077,0,0,0,0,0,0,0.035924974242591654,-0.2185228136779829,0.4392642217286086,0.0,0.0,0.0
image_1553.png,surface,0.0,0.0,1.6135332885776104,-15.281867826267234,8.176029750969132,0.0,-2.8801080065901985,2.760436718675088,0.0,0.0,0.0,-3.7891678899339096,0,0,0,0,0,0,-0.21476378927388437,0.20225064147770472,0.6622743090583998,0.0,0.0,0.0
image_1554.png,surface,0.0,0.0,2.4356639994332836,-3.306767436348462,-10.766886254550936,0.0,4.279083554387374,1.0616353243293308,0.0,0.0,0.0,-1.5223223607887357,0,0,0,0,0,0,0.9754668055366719,-0.04979184014725518,2.412658980683545,0.0,0.0,0.0
image_1555.png,surface,0.0,0.0,2.170384399459958,-6.616627258033884,-7.33628069854011,0.0,-1.3898321112007035,-2.799744353908164,0.0,0.0,0.0,4.074009567368865,0,0,0,0,0,0,-0.07187049400009601,-0.631839763011037,1.4144259036878466,0.0,0.0,0.0
image_1556.png,surface,0.0,0.0,0.7772581030604032,-17.36750325106424,2.5992142566308063,0.0,-3.019092103663044,1.6649202112972823,0.0,0.0,0.0,0.7064826147610646,0,0,0,0,0,0,-0.09541108842022718,0.03309650337603003,0.29168500202673736,0.0,0.0,0.0
image_1557.png,surface,0.0,0.0,1.8281164454856633,10.029984383394412,-7.317445597846009,0.0,-4.824941995722319,1.2140539670222437,0.0,0.0,0.0,-2.7532522429754946,0,0,0,0,0,0,-0.46675833440482073,0.16204214172527695,1.0601285922220003,0.0,0.0,0.0
image_1558.png,surface,0.0,0.0,0.9967380974815427,-3.3744856540696797,-23.996538186338114,0.0,-4.2399628953447905,1.1931629102047276,0.0,0.0,0.0,3.186611088750128,0,0,0,0,0,0,-0.30072926744918344,0.11464456357423437,0.6930250040881241,0.0,0.0,0.0
image_1559.png,surface,0.0,0.0,2.946018272782015,-13.517295652856625,-5.150080781704944,0.0,0.8064663593734945,-4.2998748765826384,0.0,0.0,0.0,-3.6258637399001445,0,0,0,0,0,0,0.9765427817621074,-2.2550455716785867,5.530532933080455,0.0,0.0,0.0
image_1560.png,surface,0.0,0.0,2.346563432562107,-5.089949760356934,7.209356683294997,0.0,-2.3023654519816286,0.2107566442795171,0.0,0.0,0.0,-0.878821439985634,0,0,0,0,0,0,-0.7914018202675509,0.030208287196630275,1.628847858486642,0.0,0.0,0.0
image_1561.png,surface,0.0,0.0,0.7025019874143854,-12.449504103886603,3.244330108751909,0.0,-2.5009479848834277,-1.538942808388383,0.0,0.0,0.0,1.1907933921092129,0,0,0,0,0,0,-0.06172557530313486,-0.06577770769358428,0.2012662130394751,0.0,0.0,0.0
image_1562.png,surface,0.0,0.0,1.120573147965025,-2.2771148868596627,11.47417751788553,0.0,0.30308660021030714,0.2653760871672173,0.0,0.0,0.0,-0.9305897681808171,0,0,0,0,0,0,0.13268978381207577,0.10073519132028415,0.36079870196610225,0.0,0.0,0.0
image_1563.png,surface,0.0,0.0,0.6953141890306149,0.03753692550706935,-22.070113597096547,0.0,-3.614460256078021,-1.3804038119805204,0.0,0.0,0.0,3.615561023689761,0,0,0,0,0,0,-0.21279446362223897,-0.06277622813460025,0.46210115136835805,0.0,0.0,0.0
image_1564.png,surface,0.0,0.0,1.4252408941469568,1.9195533700848475,11.262634337335976,0.0,3.1594668345201966,1.6859394949947006,0.0,0.0,0.0,0.9722490411521285,0,0,0,0,0,0,0.25657771684649266,0.05179911892988815,0.5345241629070294,0.0,0.0,0.0
image_1565.png,surface,0.0,0.0,2.5567113862234825,-10.496980906651476,-1.3174199778349163,0.0,3.9761309536144247,0.6207230083269938,0.0,0.0,0.0,2.124745254933175,0,0,0,0,0,0,0.8376322726014216,-0.1025065047287831,1.9423303268943715,0.0,0.0,0.0
image_1566.png,surface,0.0,0.0,0.6668888708610516,8.153499325283905,-16.10139147100578,0.0,-1.3938231745510976,-1.2862659219358064,0.0,0.0,0.0,0.43402832850562323,0,0,0,0,0,0,-0.09913971890440879,-0.12375911942578231,0.3791673910456544,0.0,0.0,0.0
image_1567.png,surface,0.0,0.0,0.9133929984730078,-15.935103041780721,6.99099732854549,0.0,-2.9336425548230545,3.5054017190684674,0.0,0.0,0.0,-4.398731425029412,0,0,0,0,0,0,-0.07984215378627697,0.09069250499714261,0.30521700492268766,0.0,0.0,0.0
image_1568.png,surface,0.0,0.0,1.1686131092056302,13.546674847060348,1.7306198675167588,0.0,4.716220568597255,0.7388710172924242,0.0,0.0,0.0,0.7673574370989025,0,0,0,0,0,0,0.26368494311634094,-0.04664563515880229,0.5674832986734031,0.0,0.0,0.0
image_1569.png,surface,0.0,0.0,2.0602007541032505,8.422874649707895,4.65185176538693,0.0,-0.15736944447887954,-1.9612344090554004,0.0,0.0,0.0,-1.960351379405998,0,0,0,0,0,0,0.1229009873736039,-0.5327343058747718,1.0616805298478562,0.0,0.0,0.0
image_1570.png,surface,0.0,0.0,2.9367086196459793,12.794141990417465,19.93060730646006,0.0,0.1536188941585663,1.0310276680911759,0.0,0.0,0.0,-3.8521800618486237,0,0,0,0,0,0,-0.47395078651430694,1.040942370762059,4.916682427454419,0.0,0.0,0.0
image_1571.png,surface,0.0,0.0,2.556830164176386,13.359065782550331,6.0643814582824795,0.0,2.7066923188489533,3.0026952500717705,0.0,0.0,0.0,4.056172418823895,0,0,0,0,0,0,0.648287850944698,0.934828742014015,2.8390756151742225,0.0,0.0,0.0
image_1572.png,surface,0.0,0.0,1.0023162922650972,-0.8343914307257585,-18.83714946044844,0.0,0.45613835576020834,1.9360002153121478,0.0,0.0,0.0,4.4035466305535,0,0,0,0,0,0,0.0327442241560857,0.24939652322967104,0.5897240163043701,0.0,0.0,0.0
image_1573.png,surface,0.0,0.0,2.2751570166868467,1.775241837739056,11.335625579769893,0.0,3.1825429984577824,-0.16559471718312072,0.0,0.0,0.0,2.3869797647202375,0,0,0,0,0,0,0.5593820813018725,-0.08858454765487916,1.2206369037997054,0.0,0.0,0.0
image_1574.png,surface,0.0,0.0,1.890969380595114,-12.47054246274947,-3.7252816664164285,0.0,3.9400840881592103,-1.2055391005176412,0.0,0.0,0.0,-0.2699528889708702,0,0,0,0,0,0,0.4291843923542245,-0.2144170161680519,1.1123808806321045,0.0,0.0,0.0
image_1575.png,surface,0.0,0.0,1.7290696629933433,-16.32319038906952,5.865503309008767,0.0,-1.1229662919183316,2.7256556425260188,0.0,0.0,0.0,0.5642643926156605,0,0,0,0,0,0,-0.14314364617772618,0.2553459968628355,0.7549216358163154,0.0,0.0,0.0
image_1576.png,surface,0.0,0.0,2.770964517510826,-11.250804653063451,-10.747744466012922,0.0,-3.1373977848216574,-1.4164730371453538,0.0,0.0,0.0,4.017761386854849,0,0,0,0,0,0,-0.8012180107259054,-0.6046219436559312,2.621440367938583,0.0,0.0,0.0
image_1577.png,surface,0.0,0.0,1.9703243898729852,-14.560436662996404,-4.661940422316914,0.0,-0.9230941756713781,-2.3866982289122367,0.0,0.0,0.0,-1.1621878415512499,0,0,0,0,0,0,0.047171741294878236,-0.5298083352355101,1.3846287012714171,0.0,0.0,0.0
image_1578.png,surface,0.0,0.0,0.8430241869824222,-16.878268346452614,8.124287603820287,0.0,2.079486707390791,1.495176052532489,0.0,0.0,0.0,3.4086955052797414,0,0,0,0,0,0,0.16145350469004835,0.05871290439201336,0.30566583868210756,0.0,0.0,0.0
image_1579.png,surface,0.0,0.0,0.9124194763911959,-19.060005308673343,-8.976240217132931,0.0,-2.7778336568898214,-3.892494423222931,0.0,0.0,0.0,1.6830303626996148,0,0,0,0,0,0,-0.057333400781768296,-0.20937050336657345,0.572239596720989,0.0,0.0,0.0
image_1580.png,surface,0.0,0.0,2.8049335347138076,2.435550076188642,3.134848251095633,0.0,4.093294236143792,1.9900682449278868,0.0,0.0,0.0,-3.714004119698414,0,0,0,0,0,0,0.8628773838143217,0.21475680630680496,2.087020039707241,0.0,0.0,0.0
image_1581.png,surface,0.0,0.0,0.7005129895404028,-4.698277298493645,-5.335025215572892,0.0,-0.40466802709878846,0.05222445357376873,0.0,0.0,0.0,1.5394130889192237,0,0,0,0,0,0,-0.07029990352675906,0.013572728320185702,0.18672489243577436,0.0,0.0,0.0
image_1582.png,surface,0.0,0.0,0.8447852760434491,3.117296086042206,14.79759692321768,0.0,2.2957320721466226,-0.27018675372164747,0.0,0.0,0.0,1.3844586373654524,0,0,0,0,0,0,0.16299822303349507,-0.04863403671150453,0.289206367832925,0.0,0.0,0.0
image_1583.png,surface,0.0,0.0,2.132784209525068,-0.9218844172907067,12.408870027553585,0.0,3.47358481449574,-0.4166604441674012,0.0,0.0,0.0,-2.3708199391060445,0,0,0,0,0,0,0.4821461641295389,-0.1288795680444893,1.0188559833893533,0.0,0.0,0.0
image_1584.png,surface,0.0,0.0,1.060843528501087,17.55714085310019,15.997075048495121,0.0,4.090839265342697,-1.004915513489952,0.0,0.0,0.0,2.1114600117936924,0,0,0,0,0,0,0.2908445919411184,-0.09115499713044516,0.6820140624577727,0.0,0.0,0.0
image_1585.png,surface,0.0,0.0,2.5652477585278644,-20.915079217458473,11.083909405681483,0.0,0.04507100596708099,0.4125126393862854,0.0,0.0,0.0,-3.6480231031710373,0,0,0,0,0,0,-0.1751276862820369,-0.22755871440481942,2.317586611822494,0.0,0.0,0.0
image_1586.png,surface,0.0,0.0,1.5400161946783906,23.05029303922187,-9.573138735581285,0.0,0.35659423947106256,-2.523311085513599,0.0,0.0,0.0,-4.138628319516329,0,0,0,0,0,0,0.3901022573200271,-0.5725337989787003,1.273116958595188,0.0,0.0,0.0
image_1587.png,surface,0.0,0.0,1.7059995319700965,-3.4638445037065333,-14.589471861586885,0.0,2.157846988570903,2.7160565051773924,0.0,0.0,0.0,-0.6717333613644216,0,0,0,0,0,0,0.33517724745304106,0.2896994091317523,1.119897171349558,0.0,0.0,0.0
image_1588.png,surface,0.0,0.0,0.8215953941923089,11.59371124057548,-19.574527753287168,0.0,-2.426700924916027,-2.0632380771851264,0.0,0.0,0.0,3.0284452928219388,0,0,0,0,0,0,-0.221839055853868,-0.1733590410687418,0.5489270372764816,0.0,0.0,0.0
image_1589.png,surface,0.0,0.0,0.5704090243833835,12.389208451198547,-16.023780616399097,0.0,1.985129076162792,3.1048026755358844,0.0,0.0,0.0,1.2347468263211212,0,0,0,0,0,0,0.10172541000343928,0.14486386248832425,0.5264853493054749,0.0,0.0,0.0
image_1590.png,surface,0.0,0.0,2.398090580604343,-7.471636751932477,14.037382858049,0.0,2.104422547695063,-2.794354066630776,0.0,0.0,0.0,0.7644579072135906,0,0,0,0,0,0,0.4390005828125804,-0.6010462816865547,1.7047074628399774,0.0,0.0,0.0
image_1591.png,surface,0.0,0.0,0.6849742593870121,-1.328885927550619,3.253104416984972,0.0,1.6519572059021554,-0.4965943909881515,0.0,0.0,0.0,-0.19816161697697687,0,0,0,0,0,0,0.08518246577362126,-0.033450451437230945,0.16831154328065817,0.0,0.0,0.0
image_1592.png,surface,0.0,0.0,2.100397551084587,-13.806956969747437,-3.4514964790151335,0.0,-2.8148095510051085,1.294651186946707,0.0,0.0,0.0,-2.334935625293028,0,0,0,0,0,0,-0.45340527160147,0.20026853233497918,1.088264439827441,0.0,0.0,0.0
image_1593.png,surface,0.0,0.0,1.8438286283608625,14.78927571813619,6.256241382041687,0.0,1.6041704280500055,-2.018665320717408,0.0,0.0,0.0,1.225152068094257,0,0,0,0,0,0,0.38987397382099526,-0.3420538332421026,1.1381050841570792,0.0,0.0,0.0
image_1594.png,surface,0.0,0.0,1.7962263659689646,5.238730972063251,-3.362968585734551,0.0,0.0236146726419898,-1.6511018424905723,0.0,0.0,0.0,4.42507087352457,0,0,0,0,0,0,0.10465048257102987,-0.33131426251401846,0.776747014744536,0.0,0.0,0.0
image_1595.png,surface,0.0,0.0,1.2492125554076858,-7.83843735485045,-2.992115457634429,0.0,1.8530534286790208,-3.710596082118867,0.0,0.0,0.0,-1.0546796793130433,0,0,0,0,0,0,0.13520090230142265,-0.18265607680962,0.4134730280902884,0.0,0.0,0.0
image_1596.png,surface,0.0,0.0,2.3900715891777407,1.7413962732369015,-9.553644305029191,0.0,2.15536094929733,1.70862396092413,0.0,0.0,0.0,-2.103076505900855,0,0,0,0,0,0,0.8107830893353273,0.3350220650929102,2.1941707260046277,0.0,0.0,0.0
image_1597.png,surface,0.0,0.0,1.5015338784617307,-0.16614161976124422,-0.9690745890708498,0.0,-3.6747630146227586,2.0993938955912173,0.0,0.0,0.0,-1.5388612937463497,0,0,0,0,0,0,-0.15029044158740665,0.07741551994587145,0.45768650289883783,0.0,0.0,0.0
image_1598.png,surface,0.0,0.0,0.8781364295243892,-14.049142320315056,5.1467637813770075,0.0,-1.4131652605101137,0.7919746933413532,0.0,0.0,0.0,-2.9678295642372357,0,0,0,0,0,0,-0.10292161553836451,0.04311559316175818,0.2720568988162755,0.0,0.0,0.0
image_1599.png,surface,0.0,0.0,0.6401078509441804,16.804484054093617,7.887068883273263,0.0,-2.4552524125121007,1.1214288263843262,0.0,0.0,0.0,-3.144715028056294,0,0,0,0,0,0,-0.1333061492594609,0.06608288957746423,0.41647418516820184,0.0,0.0,0.0
image_1600.png,surface,0.0,0.0,1.3563699894686625,6.195506075579848,-18.584913210238078,0.0,3.8171420127757463,0.19628852629669558,0.0,0.0,0.0,-4.917518116519657,0,0,0,0,0,0,0.5688573684016746,-0.1191813911675834,1.3200859600660473,0.0,0.0,0.0
image_1601.png,surface,0.0,0.0,2.020137448625228,-11.375432242845202,6.564031079536169,0.0,2.223823469359219,2.417558717443769,0.0,0.0,0.0,2.2096453768308013,0,0,0,0,0,0,0.3122575841502759,0.2726155160444534,0.8497796363146579,0.0,0.0,0.0
image_1602.png,surface,0.0,0.0,1.0508052329788569,9.889073186742747,-20.294615290516166,0.0,0.13075928444447754,-2.2359523353235544,0.0,0.0,0.0,-4.559574313345297,0,0,0,0,0,0,0.2379315206455973,-0.3507106162678307,0.8306874540109667,0.0,0.0,0.0
image_1603.png,surface,0.0,0.0,2.3555119834326534,18.461552628949818,-12.104641726318794,0.0,-1.2613510226040299,0.3794812955583138,0.0,0.0,0.0,-3.423385324304906,0,0,0,0,0,0,0.14178764219347903,0.7168911224638836,3.7031565241864253,0.0,0.0,0.0
image_1604.png,surface,0.0,0.0,0.7718145331625199,10.251339151964777,-18.164634256547735,0.0,-2.2186361369068606,3.6286645499174317,0.0,0.0,0.0,-1.1920025447551694,0,0,0,0,0,0,-0.13599989454803293,0.1660598454955312,0.5681063067275234,0.0,0.0,0.0
image_1605.png,surface,0.0,0.0,1.6799118931207766,-19.447512533788892,-5.7720992738812,0.0,-1.2783123898053776,0.44702840081367345,0.0,0.0,0.0,-2.4394361968972564,0,0,0,0,0,0,-0.40295461831550183,0.06499744885644798,0.9745598874410091,0.0,0.0,0.0
image_1606.png,surface,0.0,0.0,1.8417606333114929,13.414297641967158,-0.20189523655224434,0.0,1.0599740545017504,1.1624032004782912,0.0,0.0,0.0,-0.6554745375850368,0,0,0,0,0,0,0.3771814112748427,0.38861609396871083,1.4157791039774417,0.0,0.0,0.0
image_1607.png,surface,0.0,0.0,2.552530240667351,-3.672158262444727,-7.914398982168753,0.0,2.9034390871910487,-3.242074106224191,0.0,0.0,0.0,1.3649207368687444,0,0,0,0,0,0,0.9425026682765181,-0.8236324191071247,2.7798005298816495,0.0,0.0,0.0
image_1608.png,surface,0.0,0.0,0.79486920739454,-5.480174578699707,8.322454393919719,0.0,1.9995239984979793,3.041898231887745,0.0,0.0,0.0,1.4383987520232733,0,0,0,0,0,0,0.07420355136019824,0.07742495856083681,0.20478542699393346,0.0,0.0,0.0
image_1609.png,surface,0.0,0.0,0.5041874851845525,3.342188079084211,4.6941005212464395,0.0,1.564454729971217,-2.871072034602102,0.0,0.0,0.0,-0.28864298250748543,0,0,0,0,0,0,0.07110802711333072,-0.0418854270112731,0.11831458868654555,0.0,0.0,0.0
image_1610.png,surface,0.0,0.0,1.834274279378217,-7.231892884332982,-11.488458405293791,0.0,-3.234080247520037,3.188699128575093,0.0,0.0,0.0,-0.7071482965823117,0,0,0,0,0,0,-0.23411614243178386,0.22890214393488878,0.9124153922934364,0.0,0.0,0.0
image_1611.png,surface,0.0,0.0,0.8768126804603635,1.6438069434525062,-4.347570476331642,0.0,-0.24297789796933825,1.7656159388494908,0.0,0.0,0.0,-0.9163718372591685,0,0,0,0,0,0,-0.021212863675006324,0.09299867325367857,0.27487048357681937,0.0,0.0,0.0
image_1612.png,surface,0.0,0.0,1.9292334158645914,-2.761143135676399,-17.949602005798653,0.0,1.2776989796102358,-4.273902374031893,0.0,0.0,0.0,0.1223025019456303,0,0,0,0,0,0,0.5252460887466914,-0.6190551590404589,1.9069841100890945,0.0,0.0,0.0
image_1613.png,surface,0.0,0.0,0.5822570143985759,-5.369063008166961,-15.854296000586245,0.0,0.9606819617574094,-4.223775408283514,0.0,0.0,0.0,-4.88435934417497,0,0,0,0,0,0,0.08660999858756507,-0.1314043975477227,0.31814609679852107,0.0,0.0,0.0
image_1614.png,surface,0.0,0.0,1.7266875489026048,-5.887704979716907,-5.000234009359497,0.0,-1.9701824629818434,-0.6152314193685681,0.0,0.0,0.0,0.7049604827430134,0,0,0,0,0,0,-0.27760567088728333,-0.05245038336249786,0.7052149717133706,0.0,0.0,0.0
image_1615.png,surface,0.0,0.0,1.4768500145540178,6.462641266710966,0.24975673088397474,0.0,2.278174278513677,-3.3917699850520093,0.0,0.0,0.0,4.93834435669565,0,0,0,0,0,0,0.20377726541049382,-0.2459419901523498,0.5427639468486227,0.0,0.0,0.0
image_1616.png,surface,0.0,0.0,0.8906184560929427,-13.01940397995618,18.353217957832538,0.0,1.0737589946076591,4.5775465594902895,0.0,0.0,0.0,-4.88543366558066,0,0,0,0,0,0,0.02499476030896203,0.17247181126199818,0.3858373733311663,0.0,0.0,0.0
image_1617.png,surface,0.0,0.0,1.669618103422054,4.8442942185855165,13.998774940324509,0.0,-0.46298472604190005,0.794263783344251,0.0,0.0,0.0,2.7344775061111246,0,0,0,0,0,0,-0.22919891586264443,0.3135319119192827,0.918801783099117,0.0,0.0,0.0
image_1618.png,surface,0.0,0.0,1.6929235207588273,12.443573273290037,20.148667245198812,0.0,3.924983841572804,-2.4085155172396733,0.0,0.0,0.0,-1.8196359784668683,0,0,0,0,0,0,0.41899381695745713,-0.2528180211546135,1.0068714521117028,0.0,0.0,0.0
image_1619.png,surface,0.0,0.0,0.6697035858457641,3.5641384905393605,1.1645263421262562,0.0,-4.166080871710466,1.0931606138112795,0.0,0.0,0.0,-4.051608106228147,0,0,0,0,0,0,-0.06395362225368256,0.014172080370485975,0.16748533188272055,0.0,0.0,0.0
image_1620.png,surface,0.0,0.0,2.1922694821115956,13.018670597651093,-6.553082343224093,0.0,-3.611813071897368,-0.00642658188474599,0.0,0.0,0.0,-3.1254064212206725,0,0,0,0,0,0,-0.7452428967633756,0.17289025652546242,1.644416360828321,0.0,0.0,0.0
image_1621.png,surface,0.0,0.0,2.7842499327252916,-15.701162873913955,-2.915140840829267,0.0,1.894401322160521,-0.29877599275223193,0.0,0.0,0.0,4.967080026155264,0,0,0,0,0,0,1.0897455251518549,-0.5751703187590242,3.021353480585696,0.0,0.0,0.0
image_1622.png,surface,0.0,0.0,2.0336068337577347,13.37041969402014,20.15140334188203,0.0,2.3087219733999294,3.1291677733826577,0.0,0.0,0.0,2.9106024142955667,0,0,0,0,0,0,0.3187225728428487,0.6591267988758888,1.9562598044628445,0.0,0.0,0.0
image_1623.png,surface,0.0,0.0,2.067978236394071,-0.6948972332337624,4.736932577443458,0.0,-3.510486389681288,-2.256769926045225,0.0,0.0,0.0,1.7070753270343966,0,0,0,0,0,0,-0.4057625053535899,-0.22277019041239418,1.074464476478106,0.0,0.0,0.0
image_1624.png,surface,0.0,0.0,2.371007638349685,-9.362845334164227,3.9803068943096727,0.0,4.151630440912353,-2.23387688254378,0.0,0.0,0.0,-1.4597936711505142,0,0,0,0,0,0,0.5805820089119339,-0.3489581800892621,1.5651000666263148,0.0,0.0,0.0
image_1625.png,surface,0.0,0.0,2.840176521517356,13.134471234736193,14.584111319400758,0.0,1.1181247878996103,0.3417374288119449,0.0,0.0,0.0,2.269789579682257,0,0,0,0,0,0,0.2217553519042234,0.4223591424698677,3.5615461235837116,0.0,0.0,0.0
image_1626.png,surface,0.0,0.0,2.9561925249688885,-1.2928945327925376,15.041789304629008,0.0,4.838697790361915,-0.15264327913926637,0.0,0.0,0.0,-4.331119151451464,0,0,0,0,0,0,0.9280599322377904,-0.1633069161306349,2.0957957445556037,0.0,0.0,0.0
image_1627.png,surface,0.0,0.0,1.7317121881373685,3.6315052985446696,5.8955276886754575,0.0,4.666587129892684,0.574528316108457,0.0,0.0,0.0,3.145149147198431,0,0,0,0,0,0,0.32988107027551,-0.027686603898385287,0.6495417215150485,0.0,0.0,0.0
image_1628.png,surface,0.0,0.0,2.8625195851100136,-5.124847941657799,21.778644185854162,0.0,-1.1730096052301817,-1.4405089121075962,0.0,0.0,0.0,-1.0220461744867193,0,0,0,0,0,0,-1.2127675027799445,-1.1230158471933351,5.082858102621222,0.0,0.0,0.0
image_1629.png,surface,0.0,0.0,1.3981066015566088,0.5918659557386095,12.914869409470338,0.0,-2.727695598273353,3.865480670807243,0.0,0.0,0.0,-4.890250265634517,0,0,0,0,0,0,-0.1245857195964564,0.19590789222098356,0.5511243129942396,0.0,0.0,0.0
image_1630.png,surface,0.0,0.0,2.3191120046337743,-13.939629702870922,-15.277496829024791,0.0,-1.0156153255287605,0.9330859001723035,0.0,0.0,0.0,1.1415588735899735,0,0,0,0,0,0,-0.15212584091962011,0.2969199495802517,1.8995817025643278,0.0,0.0,0.0
image_1631.png,surface,0.0,0.0,2.8419892129107858,14.658127961869434,-10.362450366721388,0.0,-3.731463142254619,1.9055130544426284,0.0,0.0,0.0,-1.802251490623017,0,0,0,0,0,0,-1.2025404020233317,1.2215266715867827,3.891175442311673,0.0,0.0,0.0
image_1632.png,surface,0.0,0.0,0.5405819434528989,-3.55872313136392,-8.883075008300695,0.0,-2.4520816620099786,0.653240365822161,0.0,0.0,0.0,1.0749053790783112,0,0,0,0,0,0,-0.04709108112522039,0.01574360976221818,0.16645368413718772,0.0,0.0,0.0
image_1633.png,surface,0.0,0.0,2.801358105552965,7.582685686080965,10.915176090319397,0.0,-1.3001582244608787,-3.492901792698517,0.0,0.0,0.0,-3.141775384438459,0,0,0,0,0,0,-0.4034568420133713,-1.1179756268018337,2.575471752160361,0.0,0.0,0.0
image_1634.png,surface,0.0,0.0,2.7126252817941254,-7.4608933687198284,10.009919616765321,0.0,-4.772082763920771,0.11614100951710714,0.0,0.0,0.0,-4.919782202128364,0,0,0,0,0,0,-1.1065882817104011,-0.04919406119944917,2.438383184208519,0.0,0.0,0.0
image_1635.png,surface,0.0,0.0,1.0137145065562763,-17.06589722395267,-5.916711381160757,0.0,-4.3734375828230965,1.0513173089825534,0.0,0.0,0.0,2.668680668772133,0,0,0,0,0,0,-0.142734257769463,0.056518426412567484,0.41173128514328466,0.0,0.0,0.0
image_1636.png,surface,0.0,0.0,1.5242839993666712,-7.625784957091254,20.650524240102637,0.0,-0.13642308964394056,3.8081170112345126,0.0,0.0,0.0,3.813008944414353,0,0,0,0,0,0,-0.018890459544858906,0.34571286964367315,0.7569916303187154,0.0,0.0,0.0
image_1637.png,surface,0.0,0.0,0.8072991082147114,-7.944529234416801,17.324194656165396,0.0,0.249251798594455,-4.799472085854322,0.0,0.0,0.0,2.400405467247902,0,0,0,0,0,0,0.0767938081292093,-0.12336899000721421,0.31736901148370417,0.0,0.0,0.0
image_1638.png,surface,0.0,0.0,2.367967017567112,7.0631526176170745,16.925326786630134,0.0,2.6680841356306453,-1.0504239308312195,0.0,0.0,0.0,-0.07842387102311132,0,0,0,0,0,0,0.6583171060021497,-0.21059437710708176,1.4782138896161805,0.0,0.0,0.0
image_1639.png,surface,0.0,0.0,2.4435339004485415,-24.114297260206182,-4.1258230576375805,0.0,-0.7428187255899295,4.215087124829528,0.0,0.0,0.0,4.03108165063761,0,0,0,0,0,0,-0.13613686464745187,0.7005701840862848,1.699285729666486,0.0,0.0,0.0
image_1640.png,surface,0.0,0.0,2.702354801077546,15.780299096668946,4.385140731784247,0.0,1.3721956495653147,3.845687173932729,0.0,0.0,0.0,-4.215738413558022,0,0,0,0,0,0,0.5083531098183585,1.660752618999747,4.665402512292499,0.0,0.0,0.0
image_1641.png,surface,0.0,0.0,1.6036299016792168,19.796163809863614,-13.466623897701833,0.0,-0.760698283138715,-0.7052473973936103,0.0,0.0,0.0,0.6582770685533932,0,0,0,0,0,0,-0.045910094490230646,0.08143636992111424,1.6973385503718883,0.0,0.0,0.0
image_1642.png,surface,0.0,0.0,2.075153725423561,11.268823040647618,3.8989608838472836,0.0,-4.860835728150674,-0.13743408334071627,0.0,0.0,0.0,0.6173839498453582,0,0,0,0,0,0,-0.5406369622513968,0.05585772336499238,1.4173868666977518,0.0,0.0,0.0
image_1643.png,surface,0.0,0.0,2.6091188006489956,7.657444992434279,-6.142214841373386,0.0,-2.1245789442228604,1.0207677915500897,0.0,0.0,0.0,-3.694989184559084,0,0,0,0,0,0,-0.5937996235058595,0.5198128419871959,2.166671284475976,0.0,0.0,0.0
image_1644.png,surface,0.0,0.0,0.733445793120395,-0.15228234956175193,21.828061803314817,0.0,-3.559945396693873,-0.5430190874595969,0.0,0.0,0.0,0.925296649551659,0,0,0,0,0,0,-0.10449068412170788,-0.028485739965452343,0.41889922727133744,0.0,0.0,0.0
image_1645.png,surface,0.0,0.0,0.7978954189694177,-0.18288490526579287,-10.007409314805098,0.0,-0.3208751278052161,1.2142443073705065,0.0,0.0,0.0,2.932212919542163,0,0,0,0,0,0,-0.009062093966554859,0.12782716247585182,0.28049765309790753,0.0,0.0,0.0
image_1646.png,surface,0.0,0.0,2.5444616334492176,9.416836245559333,14.560271134423889,0.0,3.4366085196467404,-2.3668231784967113,0.0,0.0,0.0,-4.2044706773212965,0,0,0,0,0,0,0.701480949999031,-0.42938147200409466,1.6657527119291136,0.0,0.0,0.0
image_1647.png,surface,0.0,0.0,1.604923684283715,0.24989924481769044,-2.934426725811244,0.0,-1.304747585117811,0.6959196612809176,0.0,0.0,0.0,-1.9376473964962262,0,0,0,0,0,0,-0.25985891167257236,0.21456803400749774,0.559685649479895,0.0,0.0,0.0
image_1648.png,surface,0.0,0.0,2.5071734695680936,-12.968676198611856,6.197322747452793,0.0,-2.7818304930718596,1.670776305437022,0.0,0.0,0.0,4.886050315257359,0,0,0,0,0,0,-0.632457151231859,0.36676570032390526,1.5735408209079484,0.0,0.0,0.0
image_1649.png,surface,0.0,0.0,0.5003759527021387,0.40493486932200495,-15.970222238210908,0.0,2.1123729280529013,0.8315517429024715,0.0,0.0,0.0,0.9993916792487934,0,0,0,0,0,0,0.1730350875409146,-0.007661009146882746,0.3349673142597738,0.0,0.0,0.0
image_1650.png,surface,0.0,0.0,0.7875701990193338,-12.318390243764334,-8.169102437556749,0.0,-2.0559633893893943,-0.8338318720298463,0.0,0.0,0.0,-2.4658754145767525,0,0,0,0,0,0,-0.09906362440473161,-0.06273847367473878,0.28453938993646677,0.0,0.0,0.0
image_1651.png,surface,0.0,0.0,1.4208581609195365,-3.2078858265751884,-9.679017235309207,0.0,3.7036515095868925,1.0919135134376108,0.0,0.0,0.0,1.8855730727349904,0,0,0,0,0,0,0.2778780891961279,-0.001969524322771499,0.6176856896151112,0.0,0.0,0.0
image_1652.png,surface,0.0,0.0,1.4941430014891868,-21.052746635015477,12.623234341781034,0.0,-3.989473583998035,0.6625124741697134,0.0,0.0,0.0,-1.7539152937169025,0,0,0,0,0,0,-0.2963918809675848,0.08234247695778864,0.8742578237313922,0.0,0.0,0.0
image_1653.png,surface,0.0,0.0,2.584394701765003,-13.207774674310645,13.671712956929326,0.0,2.609521349026751,-3.039688918127129,0.0,0.0,0.0,4.7626041999377815,0,0,0,0,0,0,0.6324784576917681,-0.8135331010941905,2.2058337047382177,0.0,0.0,0.0
image_1654.png,surface,0.0,0.0,1.7744562458225708,-10.58453981001548,19.433600988010628,0.0,3.185079943261625,-0.8783702570122746,0.0,0.0,0.0,0.27691109149432425,0,0,0,0,0,0,0.4007402683748963,-0.19461008266324675,0.9835588926671949,0.0,0.0,0.0
image_1655.png,surface,0.0,0.0,2.794911335130936,5.1122221030573805,24.146670223003923,0.0,-0.4377917015467714,3.544138880064923,0.0,0.0,0.0,-1.6235888388560236,0,0,0,0,0,0,-0.8097679887096331,1.72163168552631,4.537277221506389,0.0,0.0,0.0
image_1656.png,surface,0.0,0.0,1.5617442642299038,-14.920432027919663,13.058764977492244,0.0,1.115972240611125,2.0808421061666476,0.0,0.0,0.0,-2.7329259046232868,0,0,0,0,0,0,0.13506393220200372,0.25081231547447486,0.6119513359126681,0.0,0.0,0.0
image_1657.png,surface,0.0,0.0,0.6674096315407583,19.097518076466166,-10.985873291936024,0.0,1.7317108358631312,0.6005844880944406,0.0,0.0,0.0,3.2038833321906335,0,0,0,0,0,0,0.3000535482920503,0.027513562624020382,0.7415906032604044,0.0,0.0,0.0
image_1658.png,surface,0.0,0.0,1.6449051118011635,-19.737768599015542,-0.20913237423083866,0.0,0.2004103507312759,1.7018584799483165,0.0,0.0,0.0,-3.483874355071345,0,0,0,0,0,0,0.03194675379946886,0.3215547346398377,0.743600306660792,0.0,0.0,0.0
image_1659.png,surface,0.0,0.0,1.5275219592871592,12.643671100073153,20.314339752419993,0.0,3.158753332776017,-3.7307970684536524,0.0,0.0,0.0,-1.7737455672317504,0,0,0,0,0,0,0.33176212630752977,-0.31399440405258544,0.9134872341069774,0.0,0.0,0.0
image_1660.png,surface,0.0,0.0,1.8736431297934935,12.525657069528839,7.373375293622498,0.0,-1.4236598194473262,2.4423241672123837,0.0,0.0,0.0,0.7581347476581213,0,0,0,0,0,0,-0.26109316445733616,0.4488785043175373,1.4678304220475058,0.0,0.0,0.0
image_1661.png,surface,0.0,0.0,2.0995728848898105,-16.967137228653545,17.39666942906202,0.0,-3.721131940234958,0.7911850917071913,0.0,0.0,0.0,-1.3986727615494599,0,0,0,0,0,0,-0.6318194793245635,0.11060169016407241,1.7314901101558253,0.0,0.0,0.0
image_1662.png,surface,0.0,0.0,0.6472611761056668,-12.07179841339124,-3.466258291802535,0.0,-2.6753035519357247,3.2597127271871154,0.0,0.0,0.0,-1.33388493791493,0,0,0,0,0,0,-0.035564286314121764,0.021878709489701286,0.2017842699160199,0.0,0.0,0.0
image_1663.png,surface,0.0,0.0,2.04382358164613,17.10379597699477,-5.77759903783632,0.0,-0.9605841837339818,-3.2650476007856093,0.0,0.0,0.0,4.230313745674916,0,0,0,0,0,0,-0.08701025565586695,-0.6588798217842952,1.3750156200062247,0.0,0.0,0.0
image_1664.png,surface,0.0,0.0,0.8306841757648484,-11.691041991747463,9.016482404523458,0.0,-1.29406685453368,-1.0607730954012435,0.0,0.0,0.0,2.564098271192262,0,0,0,0,0,0,-0.04832989957996479,-0.10330092148836752,0.2599718823686049,0.0,0.0,0.0
image_1665.png,surface,0.0,0.0,1.5795329596962377,-22.056333566190457,1.1533098700946784,0.0,1.730251093130218,3.8185625921961712,0.0,0.0,0.0,-0.47789667467928876,0,0,0,0,0,0,0.13608816416765845,0.2845553639756319,0.8114612914805821,0.0,0.0,0.0
image_1666.png,surface,0.0,0.0,2.7308254326913364,8.86743098067598,-0.6924887197183541,0.0,-0.6512248822856854,1.6142725627898407,0.0,0.0,0.0,1.7265120695319833,0,0,0,0,0,0,-0.16092845264227582,0.8942631479953976,2.933607597120947,0.0,0.0,0.0
image_1667.png,surface,0.0,0.0,0.8345913201762402,-9.61148708672482,20.603842072528316,0.0,-1.7230138089504963,4.500423764167175,0.0,0.0,0.0,3.1334123727345062,0,0,0,0,0,0,-0.0459192258301919,0.14926225706218121,0.407912848682546,0.0,0.0,0.0
image_1668.png,surface,0.0,0.0,1.0218987665223307,18.16145994753163,-2.0646434326228795,0.0,1.3143094746354698,2.6947749815979622,0.0,0.0,0.0,2.7028407133311427,0,0,0,0,0,0,0.10598061442538691,0.2738472552974326,0.7981056958831106,0.0,0.0,0.0
image_1669.png,surface,0.0,0.0,1.5575469085457325,24.264903937322547,1.7220930573020723,0.0,-2.1889767914531775,3.1502125168937276,0.0,0.0,0.0,2.2241801035418307,0,0,0,0,0,0,-0.48862028416207315,0.7575715529645789,2.3991158127687053,0.0,0.0,0.0
image_1670.png,surface,0.0,0.0,0.6509846781233493,-1.8297686766202543,-16.71513006604638,0.0,2.2963867738245454,-1.022588420530611,0.0,0.0,0.0,1.9655464690198299,0,0,0,0,0,0,0.1879069965578217,-0.10346609725026125,0.403960431995115,0.0,0.0,0.0
image_1671.png,surface,0.0,0.0,1.2156915347909871,13.615266621185164,2.0501613372965566,0.0,3.0735792407502642,2.406659134957679,0.0,0.0,0.0,1.5905551933043611,0,0,0,0,0,0,0.26832366381666134,0.09351779707677331,0.6321957481659163,0.0,0.0,0.0
image_1672.png,surface,0.0,0.0,0.693672819564656,-22.954478899509486,-6.818598595476645,0.0,-1.947651839560745,-2.3634547989226227,0.0,0.0,0.0,2.5912910705776646,0,0,0,0,0,0,-0.04734067108416155,-0.22026895744657435,0.4880464222673754,0.0,0.0,0.0
image_1673.png,surface,0.0,0.0,1.6926090526844408,15.294783604391409,11.672358039415325,0.0,4.453278291046399,2.01541586429237,0.0,0.0,0.0,-2.0851487755009366,0,0,0,0,0,0,0.4407416249651937,0.05897246630356074,1.0646169298162027,0.0,0.0,0.0
image_1674.png,surface,0.0,0.0,1.9334468120695347,-7.992030760152763,3.775344477613608,0.0,-0.8729151089267297,0.12258685601894556,0.0,0.0,0.0,-0.6566134764985492,0,0,0,0,0,0,-0.2789753718814724,-0.02673015758189564,0.8811846014513981,0.0,0.0,0.0
image_1675.png,surface,0.0,0.0,2.373205888755486,3.2410815173202527,18.346383048520817,0.0,4.5066127473206095,-1.4608492829555664,0.0,0.0,0.0,-2.5943130184853525,0,0,0,0,0,0,0.6284591462188196,-0.29389959279133665,1.4089237823783385,0.0,0.0,0.0
image_1676.png,surface,0.0,0.0,2.808098450300069,3.614766974165715,12.395654034228606,0.0,1.1094679114921209,-0.12178844949323779,0.0,0.0,0.0,1.187064730462696,0,0,0,0,0,0,0.4444748211193563,-0.13069650142532083,2.37971324293984,0.0,0.0,0.0
image_1677.png,surface,0.0,0.0,1.5940522352999846,17.614989701686625,-12.24975516374326,0.0,-3.3757265733117516,-1.4180474243857946,0.0,0.0,0.0,2.6190227926413083,0,0,0,0,0,0,-0.4934127157517417,-0.07538621772831934,1.2011316157970442,0.0,0.0,0.0
image_1678.png,surface,0.0,0.0,2.0695248790672576,-6.789360783740145,17.37748875322496,0.0,-2.171559335385957,-0.4381771221432364,0.0,0.0,0.0,-0.8999716054637741,0,0,0,0,0,0,-0.5619784256308578,-0.16019217319206663,1.6518634284286497,0.0,0.0,0.0
image_1679.png,surface,0.0,0.0,0.6501707272291104,-0.5084542527782924,-8.58595373429498,0.0,2.1502668552068154,-2.9418913888529077,0.0,0.0,0.0,-2.7452642376422274,0,0,0,0,0,0,0.1142170830704446,-0.0956792399038404,0.23924514129926377,0.0,0.0,0.0
image_1680.png,surface,0.0,0.0,1.6882845708000203,16.458694859933733,0.8157200225186192,0.0,-0.8690917076967877,4.520802831322894,0.0,0.0,0.0,-3.4223007870144375,0,0,0,0,0,0,-0.1641700783285235,0.5750853712243358,1.4944031670082008,0.0,0.0,0.0
image_1681.png,surface,0.0,0.0,2.6750184073992456,10.729845273777828,17.86976958399853,0.0,-1.2438398450809527,-1.6663829008287987,0.0,0.0,0.0,-0.7370049913472485,0,0,0,0,0,0,-0.9438799787206762,-0.42406753177859746,3.827865319191877,0.0,0.0,0.0
image_1682.png,surface,0.0,0.0,1.9806967177064143,8.733318881846072,-1.7518456538042548,0.0,-3.349894111424502,-1.2234168210914917,0.0,0.0,0.0,2.525070411136616,0,0,0,0,0,0,-0.43931257026125653,-0.08241798587751155,1.0374189437976087,0.0,0.0,0.0
image_1683.png,surface,0.0,0.0,1.4377535324955826,-13.13000535580025,14.25744174213961,0.0,-0.02816399913423948,-2.3751871747006894,0.0,0.0,0.0,0.9247554490682797,0,0,0,0,0,0,0.08951376469524612,-0.31946880073249345,0.6912854941448988,0.0,0.0,0.0
image_1684.png,surface,0.0,0.0,0.7231156758670549,3.049913350264098,-2.3475129380379123,0.0,-0.1273413517544855,-2.6963453322764184,0.0,0.0,0.0,-1.3729697019725098,0,0,0,0,0,0,0.04822488917041038,-0.1056023704374207,0.22241722482667642,0.0,0.0,0.0
image_1685.png,surface,0.0,0.0,1.7464646971623659,3.3325984933862056,-17.5292258785198,0.0,4.70836478388959,-1.4930448374143244,0.0,0.0,0.0,2.549669719938091,0,0,0,0,0,0,0.7345364006587968,-0.31076167842694985,1.8033437057310524,0.0,0.0,0.0
image_1686.png,surface,0.0,0.0,2.7967582933433652,-1.6033185255340587,-1.246617928110931,0.0,-4.416054951840905,-1.848884449923149,0.0,0.0,0.0,-2.5168549705834877,0,0,0,0,0,0,-0.8967957461004266,-0.3320221586364204,2.1885100614268675,0.0,0.0,0.0
image_1687.png,surface,0.0,0.0,0.6847355704148257,5.242962693254633,-13.874530766983646,0.0,1.6402210214014765,1.2156186057997382,0.0,0.0,0.0,4.664914823409248,0,0,0,0,0,0,0.15976420679721495,0.07579207817182979,0.3636055877153117,0.0,0.0,0.0
image_1688.png,surface,0.0,0.0,1.8271785475617093,-4.196266332424008,14.621904180148434,0.0,-1.7424014577624054,2.9392973401513034,0.0,0.0,0.0,1.8010919424224516,0,0,0,0,0,0,-0.20534481210384337,0.27044463460242074,0.8875620602419649,0.0,0.0,0.0
image_1689.png,surface,0.0,0.0,1.565808213684488,16.5765588805452,-1.1855822443684856,0.0,-2.9441506972214984,2.377824093117053,0.0,0.0,0.0,2.998108532871152,0,0,0,0,0,0,-0.43312913121748936,0.3492413385382228,1.2364019104738646,0.0,0.0,0.0
image_1690.png,surface,0.0,0.0,2.3986596485107965,-1.854365451626817,-23.312295241224565,0.0,-0.6189175156189378,0.8709607893743274,0.0,0.0,0.0,-1.6463307835948884,0,0,0,0,0,0,0.537360333095298,0.28186535871050467,3.1388987994706476,0.0,0.0,0.0
image_1691.png,surface,0.0,0.0,0.8778761911133255,9.904588470571506,-0.4427988847534382,0.0,1.0562278377414926,-1.9207303583138873,0.0,0.0,0.0,1.194403045241355,0,0,0,0,0,0,0.11479235748800407,-0.150037796591835,0.3383279849459792,0.0,0.0,0.0
image_1692.png,surface,0.0,0.0,0.9279881934039544,-17.440795709908414,7.3103168663812506,0.0,-1.1212896793732992,3.0152728767213604,0.0,0.0,0.0,-0.12764629640592418,0,0,0,0,0,0,-0.042190595346010246,0.08606443745912842,0.36899159282835303,0.0,0.0,0.0
image_1693.png,surface,0.0,0.0,2.290010878240719,12.87329521507493,3.150586424497487,0.0,3.547440841405031,0.5153668957586076,0.0,0.0,0.0,4.389782807407963,0,0,0,0,0,0,0.7779102654747873,0.0709595073095662,1.78982733386155,0.0,0.0,0.0
image_1694.png,surface,0.0,0.0,2.199893783681117,-19.66077589594524,-13.680205613979746,0.0,0.834053475751671,-0.8502134196171055,0.0,0.0,0.0,1.1382747383262846,0,0,0,0,0,0,1.040641744510173,-1.1803680179278417,3.6189633497328115,0.0,0.0,0.0
image_1695.png,surface,0.0,0.0,1.7942069837906707,5.245950628528321,-1.888310444249197,0.0,1.2952857205624446,-0.27564484292931124,0.0,0.0,0.0,3.276705567654595,0,0,0,0,0,0,0.41381482530942854,-0.08447560393995972,0.8031210223689691,0.0,0.0,0.0
image_1696.png,surface,0.0,0.0,0.5113951772819432,-9.787211531075668,-1.8426169627829014,0.0,-1.2314930935367976,-1.9147661990059837,0.0,0.0,0.0,0.4439282661966466,0,0,0,0,0,0,-0.007372796073721566,-0.09042193136813566,0.15609701261385184,0.0,0.0,0.0
image_1697.png,surface,0.0,0.0,2.639161940038124,-3.6102450988739405,21.027776541279138,0.0,-4.866184442321821,0.23481944871753957,0.0,0.0,0.0,3.657958140654049,0,0,0,0,0,0,-1.683670704582182,-0.09290743330901335,4.226208630182903,0.0,0.0,0.0
image_1698.png,surface,0.0,0.0,2.9684941823184863,-4.935096114591837,-22.208205110176362,0.0,-0.40262728049936203,0.05356936962454106,0.0,0.0,0.0,-0.058991152752883025,0,0,0,0,0,0,1.468431324685315,-0.5113558429782347,5.809180542548115,0.0,0.0,0.0
image_1699.png,surface,0.0,0.0,2.168610518535379,18.199524548427334,8.794082393127114,0.0,-1.050438073043309,-3.707989826078037,0.0,0.0,0.0,-2.5481391779945497,0,0,0,0,0,0,-0.062478910849938916,-0.6955850222820809,1.5401216863632632,0.0,0.0,0.0
image_1700.png,surface,0.0,0.0,2.8330698640364154,-13.643018165736166,-20.752219793747077,0.0,3.7799732907708266,2.579414897197727,0.0,0.0,0.0,-3.807037750448572,0,0,0,0,0,0,2.0462533860939582,0.09788787580573428,5.602393227667021,0.0,0.0,0.0
image_1701.png,surface,0.0,0.0,2.3945365074342924,16.570312382300195,5.5936286297712225,0.0,4.727201976479728,-0.9449369560636336,0.0,0.0,0.0,1.4601496667262701,0,0,0,0,0,0,0.8385012717877344,-0.2606190364234822,2.022251765120271,0.0,0.0,0.0
image_1702.png,surface,0.0,0.0,2.21040480801023,-7.372783985242194,12.430313309296116,0.0,-2.1661149180197943,1.11569068789269,0.0,0.0,0.0,1.7071622800091522,0,0,0,0,0,0,-0.5412031053289952,0.21082876937872144,1.396439058254367,0.0,0.0,0.0
image_1703.png,surface,0.0,0.0,1.3781587398392574,-1.571028386963985,5.874511702535123,0.0,-3.850420044360734,-0.4707518388255448,0.0,0.0,0.0,3.137139355783985,0,0,0,0,0,0,-0.17445196712490346,-0.02422892461607559,0.431426378467093,0.0,0.0,0.0
image_1704.png,surface,0.0,0.0,0.6991491627496889,-18.763213889570434,-7.185917096855808,0.0,4.73492402026748,1.0405465446018316,0.0,0.0,0.0,-4.25494708639948,0,0,0,0,0,0,0.19174824690152584,-0.02828752905117981,0.38513621014480864,0.0,0.0,0.0
image_1705.png,surface,0.0,0.0,0.5804272272146167,16.295871392890486,8.853876875226716,0.0,0.19749058394641242,-0.5217406456035,0.0,0.0,0.0,-1.3514313416968338,0,0,0,0,0,0,0.11972328106708487,-0.13010186868250337,0.328502768321857,0.0,0.0,0.0
image_1706.png,surface,0.0,0.0,1.6264038339061708,-5.511020975291401,-10.702707515044418,0.0,1.0254740842894057,-3.0641051387381584,0.0,0.0,0.0,4.183385081160555,0,0,0,0,0,0,0.24450760730769902,-0.37025798786108816,0.8967397057704054,0.0,0.0,0.0
image_1707.png,surface,0.0,0.0,1.6488393540265944,5.658463237164725,-21.021082839405697,0.0,2.292536140664933,1.7341680380582944,0.0,0.0,0.0,4.117824614476467,0,0,0,0,0,0,0.6813920020842573,0.3388887510237187,2.0238483628216937,0.0,0.0,0.0
image_1708.png,surface,0.0,0.0,1.4654631081041123,4.546157861615744,8.02468638258412,0.0,4.930930527315138,-0.38924596236138015,0.0,0.0,0.0,4.309064498073017,0,0,0,0,0,0,0.2632253323382908,-0.057547235443791575,0.481066052456692,0.0,0.0,0.0
image_1709.png,surface,0.0,0.0,0.5748075359733242,-9.391913095381344,-5.784003692282764,0.0,-1.5167552338212382,3.163683177885561,0.0,0.0,0.0,4.009585255377772,0,0,0,0,0,0,-0.020031877040016566,0.06317264996314527,0.1619430165052044,0.0,0.0,0.0
image_1710.png,surface,0.0,0.0,0.9983630922048852,8.307989752269634,7.52670517034538,0.0,0.12015457185951825,-1.3548455097244947,0.0,0.0,0.0,-1.8620968147533699,0,0,0,0,0,0,0.08616560670945034,-0.21668228375973786,0.33782779209966035,0.0,0.0,0.0
image_1711.png,surface,0.0,0.0,0.8412862492727717,-1.7227994049880648,18.905116794145282,0.0,-3.1995836444325554,-0.6633413936841203,0.0,0.0,0.0,1.9916815251662978,0,0,0,0,0,0,-0.12451723454674703,-0.006153976957413821,0.3738148809892861,0.0,0.0,0.0
image_1712.png,surface,0.0,0.0,0.531846503998961,4.574426038581975,0.2602653977437923,0.0,-3.3922280915855394,2.213393078033915,0.0,0.0,0.0,-2.5462823416581983,0,0,0,0,0,0,-0.04244018530495138,0.027400299244436096,0.14405665624174566,0.0,0.0,0.0
image_1713.png,surface,0.0,0.0,2.047833910308075,10.616724318629,12.562422289519098,0.0,0.9439957669058783,3.2196226107940547,0.0,0.0,0.0,3.309123080383081,0,0,0,0,0,0,0.055505610899522544,0.6615336456920553,1.5932493122544253,0.0,0.0,0.0
image_1714.png,surface,0.0,0.0,0.7473649116203525,-8.18471279320361,-23.31529888275913,0.0,-3.7638138402696173,-1.678814852067403,0.0,0.0,0.0,-3.481635462276577,0,0,0,0,0,0,-0.24826971937173853,-0.1000681958627321,0.5938506072865015,0.0,0.0,0.0
image_1715.png,surface,0.0,0.0,0.8709738387923969,14.395441037014669,-16.686385896319134,0.0,-2.8268812371972563,-0.40309742606195753,0.0,0.0,0.0,1.6651949423160435,0,0,0,0,0,0,-0.293150255281337,0.001540067341847685,0.6502495837127411,0.0,0.0,0.0
image_1716.png,surface,0.0,0.0,0.7477829073216284,5.4064891025857165,-21.58070181722918,0.0,4.00923524741836,2.6793808241780224,0.0,0.0,0.0,0.3492851760306177,0,0,0,0,0,0,0.2985697055483454,0.04802367294374466,0.8062360626395713,0.0,0.0,0.0
image_1717.png,surface,0.0,0.0,2.411663523012798,22.887994015140713,5.618407879287171,0.0,3.6567802692420956,1.0655624699930637,0.0,0.0,0.0,0.532441339447649,0,0,0,0,0,0,1.0940372549336466,0.6105965869290031,3.461355710063003,0.0,0.0,0.0
image_1718.png,surface,0.0,0.0,2.7084460087080267,-0.3788892456258537,-15.963721675594208,0.0,3.8772642846384215,0.3345398320639618,0.0,0.0,0.0,2.5837735962403174,0,0,0,0,0,0,1.861526378677645,-0.21272750408925267,4.7475323912550484,0.0,0.0,0.0
image_1719.png,surface,0.0,0.0,0.7969850744534358,-8.549370368219154,10.036432442097691,0.0,2.137153437627152,-4.518818849620872,0.0,0.0,0.0,3.4188068543438277,0,0,0,0,0,0,0.09223794778368902,-0.08751483795880514,0.2085100772959871,0.0,0.0,0.0
image_1720.png,surface,0.0,0.0,2.039162333480344,23.738990522843693,6.181512692250237,0.0,-0.5334704989716881,2.6291875434171814,0.0,0.0,0.0,-3.6447920522387376,0,0,0,0,0,0,-0.10547078127754991,1.7261150276348547,4.533318105807623,0.0,0.0,0.0
image_1721.png,surface,0.0,0.0,2.0492216114700126,7.396126338588039,-18.707950186327025,0.0,3.374366833852005,0.6999181715365014,0.0,0.0,0.0,-4.482009766563401,0,0,0,0,0,0,1.2437927521883227,-0.004030288590208129,3.118600795126723,0.0,0.0,0.0
image_1722.png,surface,0.0,0.0,1.2033162264604862,9.147088473052941,3.33193767850744,0.0,-4.420870864241072,-1.2089590970205724,0.0,0.0,0.0,3.7474782348394324,0,0,0,0,0,0,-0.16446989065725157,-0.02847630135048696,0.43350307198082827,0.0,0.0,0.0
image_1723.png,surface,0.0,0.0,1.9712830625782534,-18.93303026868725,16.398467847249115,0.0,1.3176392806423696,-0.38552715002352295,0.0,0.0,0.0,-0.5555799173110634,0,0,0,0,0,0,0.5451524098622405,-0.3427239749046429,1.3708890290240943,0.0,0.0,0.0
image_1724.png,surface,0.0,0.0,1.58320437302994,-19.865418427237167,4.89980499829861,0.0,-2.296244909056982,0.23648670588024634,0.0,0.0,0.0,-4.8128303477392285,0,0,0,0,0,0,-0.35117992073515153,0.07685864166291533,0.8127475016568309,0.0,0.0,0.0
image_1725.png,surface,0.0,0.0,0.7691131234074634,-6.539531909633251,-21.17973024356476,0.0,2.781972352684912,-1.4282478093999342,0.0,0.0,0.0,2.9199588401065384,0,0,0,0,0,0,0.27153789548302537,-0.1433914385537282,0.6835503690571804,0.0,0.0,0.0
image_1726.png,surface,0.0,0.0,2.8956176656648833,9.895558662098667,7.575195353662698,0.0,2.1958635064330227,-2.0178034599499988,0.0,0.0,0.0,-0.5549722909818842,0,0,0,0,0,0,0.9653995032293813,-0.5699696419131114,2.4296074793601563,0.0,0.0,0.0
image_1727.png,surface,0.0,0.0,2.196588606335395,-12.446194191250473,12.53065705380011,0.0,-0.4322060820407669,0.3753142073645104,0.0,0.0,0.0,-2.9463695069118447,0,0,0,0,0,0,-0.21557952231042352,0.05458351034466891,1.3191123704187488,0.0,0.0,0.0
image_1728.png,surface,0.0,0.0,2.8848987754487347,7.301626405931223,5.851045109219898,0.0,-1.231800949474558,4.697373790533927,0.0,0.0,0.0,4.709151374173949,0,0,0,0,0,0,-0.46771712510075264,1.4263446163350648,3.3741368154899147,0.0,0.0,0.0
image_1729.png,surface,0.0,0.0,0.8775582684818433,4.527227095523951,-14.555419970691045,0.0,0.8422989101313417,-3.797327940419956,0.0,0.0,0.0,0.757147873386308,0,0,0,0,0,0,0.13789464758999467,-0.20440736499728912,0.42804114473932725,0.0,0.0,0.0
image_1730.png,surface,0.0,0.0,2.4853841956806013,-15.204167027175773,10.54866346261463,0.0,3.6842270507874635,-1.4443990592311584,0.0,0.0,0.0,1.8890489762940499,0,0,0,0,0,0,0.705224799383149,-0.42707058444007584,1.8720777950281224,0.0,0.0,0.0
image_1731.png,surface,0.0,0.0,1.551564544559105,-13.246509878475488,9.385182345245957,0.0,2.5752304051483077,-2.9263829373196595,0.0,0.0,0.0,-1.2624954745654424,0,0,0,0,0,0,0.2461923395305517,-0.22116090656080056,0.6752703910475795,0.0,0.0,0.0
image_1732.png,surface,0.0,0.0,2.824215367166328,-5.111969344325402,-4.0069088262304255,0.0,1.3414794763696993,1.6688905265578615,0.0,0.0,0.0,1.5467042142362653,0,0,0,0,0,0,0.7335776099628645,0.583035831230156,2.2300439317015655,0.0,0.0,0.0
image_1733.png,surface,0.0,0.0,2.217477392636444,-7.977799139706576,-19.72465553054379,0.0,-3.490773123967891,-0.42785018775387146,0.0,0.0,0.0,-1.6463172978344423,0,0,0,0,0,0,-0.6761186532566286,-0.05277758868129696,1.6745842418719319,0.0,0.0,0.0
image_1734.png,surface,0.0,0.0,0.86791360750839,-18.63057196072075,11.929531978033413,0.0,2.08370094413269,3.8138807313505163,0.0,0.0,0.0,3.5857774120264025,0,0,0,0,0,0,0.0927827844013775,0.1304227815913256,0.3488811608017977,0.0,0.0,0.0
image_1735.png,surface,0.0,0.0,0.5811864448342272,12.750796389005659,-9.49727445298358,0.0,2.014153840623941,-2.714982866859937,0.0,0.0,0.0,0.0770112388848041,0,0,0,0,0,0,0.1516099202118089,-0.13820020032278094,0.36115374956683755,0.0,0.0,0.0
image_1736.png,surface,0.0,0.0,0.8140556043971956,5.943577628779617,-10.61885652662671,0.0,-1.9773666426254701,2.2718265579624455,0.0,0.0,0.0,-1.8068540695038293,0,0,0,0,0,0,-0.09955367298265268,0.10385308046384092,0.36166064142449134,0.0,0.0,0.0
image_1737.png,surface,0.0,0.0,2.2817244429040464,-13.449445726071817,15.711714090856262,0.0,-0.44384449667371345,1.6458912204904674,0.0,0.0,0.0,-3.983212355774879,0,0,0,0,0,0,-0.26329077360801284,0.5686262123830425,1.4375285607772028,0.0,0.0,0.0
image_1738.png,surface,0.0,0.0,0.5263545352200785,17.142069994528743,-7.885598686899797,0.0,-2.5867099329862375,0.39590506134001424,0.0,0.0,0.0,3.4508818658017155,0,0,0,0,0,0,-0.16231946009637455,0.020038179571456358,0.3827245660643422,0.0,0.0,0.0
image_1739.png,surface,0.0,0.0,1.6956612505001376,2.5919238066209402,-20.01761516859385,0.0,2.550282394554307,-3.4662529647233256,0.0,0.0,0.0,4.218343749361242,0,0,0,0,0,0,0.567702253896575,-0.4968612765964317,1.6406448174469241,0.0,0.0,0.0
image_1740.png,surface,0.0,0.0,1.8826333084418336,14.058817455294047,-5.926280873456307,0.0,0.7202933763476659,-0.1313563071022582,0.0,0.0,0.0,-3.868558922496639,0,0,0,0,0,0,0.5351992493044659,0.014879976492887881,1.604054817537181,0.0,0.0,0.0
image_1741.png,surface,0.0,0.0,2.530668954912331,1.4520114464251457,-19.63724704300881,0.0,-0.08850141473278623,-2.3583020414311804,0.0,0.0,0.0,2.8201908207036954,0,0,0,0,0,0,0.8904722931772524,-0.831192749694377,3.441359161229133,0.0,0.0,0.0
image_1742.png,surface,0.0,0.0,1.6164871256513753,-2.642411104118158,-15.626916462124063,0.0,0.000286809324481235,2.596637905573561,0.0,0.0,0.0,-3.9209119798353576,0,0,0,0,0,0,0.0025407953442209254,0.39852663968233754,0.8884999218288125,0.0,0.0,0.0
image_1743.png,surface,0.0,0.0,0.513716738162739,-9.426375203441063,-15.745783010271834,0.0,2.6139106319189533,1.9320389896449608,0.0,0.0,0.0,3.67433817094045,0,0,0,0,0,0,0.15221563242923924,0.044625771556215575,0.3426644782832623,0.0,0.0,0.0
image_1744.png,surface,0.0,0.0,1.046955449037947,11.737967864441936,5.877306327316159,0.0,-3.99470027450748,-2.3635742573267096,0.0,0.0,0.0,0.5083670099698425,0,0,0,0,0,0,-0.13498022825235875,-0.11981063216527389,0.46849200818159364,0.0,0.0,0.0
image_1745.png,surface,0.0,0.0,0.6188857330790407,-4.433061189325882,15.189495792314723,0.0,-4.247387086992572,-2.580781469505685,0.0,0.0,0.0,-4.921255859198615,0,0,0,0,0,0,-0.034824647777259576,-0.05090245050817908,0.19321846742280785,0.0,0.0,0.0
image_1746.png,surface,0.0,0.0,2.952381012303361,-2.6048809824203696,12.914897823201892,0.0,0.3764695836641058,3.0235359923856744,0.0,0.0,0.0,-3.343504089749336,0,0,0,0,0,0,-0.008937298987084286,1.0194427789734664,2.4549833342957297,0.0,0.0,0.0
image_1747.png,surface,0.0,0.0,2.0960558370431075,0.13654562715933993,20.040966552104862,0.0,-3.30720770995549,-1.4665485669277785,0.0,0.0,0.0,2.7590013941756206,0,0,0,0,0,0,-0.7252452622482131,-0.2647531497783094,2.1264437214115315,0.0,0.0,0.0
image_1748.png,surface,0.0,0.0,0.5048000692565213,0.8694936986849996,-9.967401531912296,0.0,-1.7053136996093772,-0.794420265037472,0.0,0.0,0.0,-3.3692265989081136,0,0,0,0,0,0,-0.07422637971010139,-0.07354726091256863,0.18015316231650366,0.0,0.0,0.0
image_1749.png,surface,0.0,0.0,0.5963229862532917,0.11256063271840817,19.017123105614168,0.0,4.750455489849983,-1.1266978109647634,0.0,0.0,0.0,-2.5835351692560318,0,0,0,0,0,0,0.13420863002563224,-0.05429091328074278,0.2254987700406055,0.0,0.0,0.0
image_1750.png,surface,0.0,0.0,1.0638050827217218,5.710397301363773,-18.154024358850307,0.0,0.5680799712528087,-3.0613924549766436,0.0,0.0,0.0,-0.16384371758792593,0,0,0,0,0,0,0.18037972864975557,-0.28134938109239827,0.7231683220901747,0.0,0.0,0.0
image_1751.png,surface,0.0,0.0,2.4471388037525603,-8.057544622853023,-21.16437766704308,0.0,-0.07583412926215902,-4.582074610101006,0.0,0.0,0.0,-2.788552946525998,0,0,0,0,0,0,0.8339690833869629,-1.482707305600704,4.100675856783297,0.0,0.0,0.0
image_1752.png,surface,0.0,0.0,1.4975479636490254,13.613742061366324,-16.941937949760124,0.0,1.8324049669470515,0.12852173590128207,0.0,0.0,0.0,-2.152712027184701,0,0,0,0,0,0,0.7329292848256143,0.012392901449515872,1.8692753752864684,0.0,0.0,0.0
image_1753.png,surface,0.0,0.0,1.7634062764599299,-3.016075699162491,2.6373212621265165,0.0,3.1161701501021306,2.1065599224687555,0.0,0.0,0.0,-1.4392153856701775,0,0,0,0,0,0,0.28933792084751014,0.06812792281995857,0.6244181960064126,0.0,0.0,0.0
image_1754.png,surface,0.0,0.0,2.6812719386881136,19.15084017172741,-2.7866714918239195,0.0,-0.13391512829326216,-4.126224020296634,0.0,0.0,0.0,-4.961093261643205,0,0,0,0,0,0,0.3198365963181225,-0.8961540171934578,2.312921866929815,0.0,0.0,0.0
image_1755.png,surface,0.0,0.0,2.7281073173950676,-5.784520013257726,3.9908333528515363,0.0,-3.6265912587555187,-1.901658133343179,0.0,0.0,0.0,-4.989899552836472,0,0,0,0,0,0,-0.8973253638181794,-0.5667605128248895,2.4538712984141813,0.0,0.0,0.0
image_1756.png,surface,0.0,0.0,1.5695955334118035,3.881828667616089,5.513124555145616,0.0,1.1704829880748782,3.2097006905881056,0.0,0.0,0.0,1.5128476052998607,0,0,0,0,0,0,0.07474838797788684,0.1859218375876343,0.5465153931960152,0.0,0.0,0.0
image_1757.png,surface,0.0,0.0,2.400398694098884,-12.90656211658601,-19.049868314727732,0.0,-3.21294913792872,-2.6215187293059214,0.0,0.0,0.0,3.5270312116289215,0,0,0,0,0,0,-0.4539531519991455,-0.8470307456062479,2.583517264773251,0.0,0.0,0.0
image_1758.png,surface,0.0,0.0,1.0854395231567724,-8.577418987200721,-9.397953010318995,0.0,-0.8575694511878387,3.1733010524431084,0.0,0.0,0.0,-3.2942840790616335,0,0,0,0,0,0,-0.04749894764349004,0.15662909604264377,0.35639298551169485,0.0,0.0,0.0
image_1759.png,surface,0.0,0.0,0.9379659988827717,-16.75996031057431,-13.568689802247198,0.0,0.8723927450712491,-2.8763594814494278,0.0,0.0,0.0,1.51343900593334,0,0,0,0,0,0,0.18219077774207232,-0.2633090416886095,0.6439860081148631,0.0,0.0,0.0
image_1760.png,surface,0.0,0.0,2.9407357164521084,21.018073940532002,13.493537927419768,0.0,-1.329008712323784,-2.4620440037722404,0.0,0.0,0.0,-4.1169378191748045,0,0,0,0,0,0,-0.650261742266324,-0.44061342381287116,3.9842470397874474,0.0,0.0,0.0
image_1761.png,surface,0.0,0.0,2.095502526548428,16.079292717580447,19.20674205611413,0.0,0.20785667621249712,-2.956563377883981,0.0,0.0,0.0,4.3780254489135615,0,0,0,0,0,0,0.0029517056424776976,-0.7142860647334448,1.5620676474955073,0.0,0.0,0.0
image_1762.png,surface,0.0,0.0,2.143218656730506,-14.00585260551951,-15.61785353224864,0.0,2.6393287553412206,3.641180070863463,0.0,0.0,0.0,-4.403886273417953,0,0,0,0,0,0,0.5662914618725599,0.5433401628908464,1.884964459832168,0.0,0.0,0.0
image_1763.png,surface,0.0,0.0,2.6945947021464907,9.770757877471322,16.035300344530327,0.0,-0.9270794042674405,1.8182351251613103,0.0,0.0,0.0,-4.351061220937332,0,0,0,0,0,0,-0.6241156721772466,1.1004292415812307,3.8270413407977144,0.0,0.0,0.0
image_1764.png,surface,0.0,0.0,0.5675860049771617,-15.857698804158039,16.13703916293204,0.0,0.5924331994109892,-3.1579469035108647,0.0,0.0,0.0,-1.4447313255412544,0,0,0,0,0,0,0.0682377425855077,-0.11885103964379574,0.27172194824954393,0.0,0.0,0.0
image_1765.png,surface,0.0,0.0,1.214720969670207,6.494873825641064,8.47067990455806,0.0,3.088943260497076,3.525908546450643,0.0,0.0,0.0,2.3709980150809864,0,0,0,0,0,0,0.15647235874118054,0.14425035251557589,0.44783895623693365,0.0,0.0,0.0
image_1766.png,surface,0.0,0.0,2.297925041629466,24.776016441187114,2.282778565999228,0.0,3.981609492764149,2.1470883960458753,0.0,0.0,0.0,0.6082372142766159,0,0,0,0,0,0,1.132206255971719,0.9326106674971549,4.1260651097415355,0.0,0.0,0.0
image_1767.png,surface,0.0,0.0,1.6365579765716463,9.448138123856328,-5.978930608751482,0.0,-4.832878220162687,-0.46864685169473086,0.0,0.0,0.0,1.5747767991246135,0,0,0,0,0,0,-0.32195963285911583,-0.010983401614688996,0.7757555610670107,0.0,0.0,0.0
image_1768.png,surface,0.0,0.0,2.8571723988837805,-19.575859737217982,7.300661701837623,0.0,2.8744364121298873,1.5500052323854001,0.0,0.0,0.0,-2.602583562237003,0,0,0,0,0,0,0.8969525007697606,0.13278243533266518,2.2733865350366136,0.0,0.0,0.0
image_1769.png,surface,0.0,0.0,1.6264362410476365,-0.6940210264323842,6.62514884912813,0.0,-3.073060227082637,-3.7336990244188812,0.0,0.0,0.0,-0.31871654407717553,0,0,0,0,0,0,-0.08324814359182736,-0.263214655538956,0.6291811930653338,0.0,0.0,0.0
image_1770.png,surface,0.0,0.0,0.8175805451060737,-5.394152494396597,7.964369463761471,0.0,0.6140229497314116,-2.029486623717901,0.0,0.0,0.0,-1.0613039706071703,0,0,0,0,0,0,0.0879462180018963,-0.11889823271862264,0.21739296632570485,0.0,0.0,0.0
image_1771.png,surface,0.0,0.0,2.7682506653795316,0.927232320767537,-11.17276214112231,0.0,-4.580365346843695,1.4125291801258035,0.0,0.0,0.0,2.984959495571477,0,0,0,0,0,0,-0.8343739061252449,0.3581356600405794,2.033374356939535,0.0,0.0,0.0
image_1772.png,surface,0.0,0.0,0.5127919314061542,6.536721202875774,15.027786288893823,0.0,-3.936922227729498,1.0674250260982485,0.0,0.0,0.0,2.105605657283597,0,0,0,0,0,0,-0.05893138527498903,0.022246815473350296,0.23742301021624462,0.0,0.0,0.0
image_1773.png,surface,0.0,0.0,2.3969087367572834,-6.0474705488419325,-9.688692754572486,0.0,-0.15928399433542373,-0.9111110518874564,0.0,0.0,0.0,4.111332834269454,0,0,0,0,0,0,0.27276453881782126,-0.41351830645231497,1.8083188381489033,0.0,0.0,0.0
image_1774.png,surface,0.0,0.0,0.5208441455490747,21.36879049307048,-2.999544703846002,0.0,0.045245245844917646,-2.515066222356861,0.0,0.0,0.0,1.3637216448986402,0,0,0,0,0,0,0.06291112760810535,-0.2026187474613535,0.4084175075364215,0.0,0.0,0.0
image_1775.png,surface,0.0,0.0,1.6580376163623838,12.87145766299832,4.93520809728049,0.0,-4.027860286724672,0.5330554216132201,0.0,0.0,0.0,4.246715416353615,0,0,0,0,0,0,-0.4098700864461636,0.1133860815788532,0.9858365565209686,0.0,0.0,0.0
image_1776.png,surface,0.0,0.0,1.0138667498480733,-14.898346918697474,0.8417158799010179,0.0,0.9561366907007874,-0.4871763472664699,0.0,0.0,0.0,2.455836524426882,0,0,0,0,0,0,0.1928318325769286,-0.100894074672201,0.37423468569958923,0.0,0.0,0.0
image_1777.png,surface,0.0,0.0,2.879157134408743,-19.639273254388012,-4.840645293524869,0.0,-3.007958768046462,1.530439312895753,0.0,0.0,0.0,-4.37607118913439,0,0,0,0,0,0,-1.01932919704059,0.3588215327280619,2.323294169479596,0.0,0.0,0.0
image_1778.png,surface,0.0,0.0,1.4918512400253634,4.380875669163984,0.0021472733712815384,0.0,-0.5175019431637068,1.221253160744405,0.0,0.0,0.0,2.588751551131036,0,0,0,0,0,0,-0.0846817639657454,0.212889533646158,0.5027842472035581,0.0,0.0,0.0
image_1779.png,surface,0.0,0.0,0.5773820603729105,12.397663496500039,-21.058169368393855,0.0,-2.441718919516215,0.830496217622261,0.0,0.0,0.0,2.3341191696560166,0,0,0,0,0,0,-0.2425626318959502,0.1214325008368214,0.5910615855675181,0.0,0.0,0.0
image_1780.png,surface,0.0,0.0,2.4419859334064125,13.260571154152638,7.604807405240349,0.0,1.6280981733883357,4.289142866549853,0.0,0.0,0.0,2.5652535602017217,0,0,0,0,0,0,0.17624323164730418,1.0487056315710666,2.8250501184432877,0.0,0.0,0.0
image_1781.png,surface,0.0,0.0,1.2914598717181909,11.16241510490212,-4.259125182785104,0.0,-1.1851325815594353,-3.875323691296432,0.0,0.0,0.0,-3.690951781417816,0,0,0,0,0,0,0.02745109075854128,-0.25621749564463675,0.5124888816236577,0.0,0.0,0.0
image_1782.png,surface,0.0,0.0,2.0986458502299534,19.332408243896758,10.99710801901437,0.0,3.8389681789877184,-3.1684569672264784,0.0,0.0,0.0,1.5803718673298492,0,0,0,0,0,0,0.5706471110340819,-0.3942698243329605,1.5313370494997873,0.0,0.0,0.0
image_1783.png,surface,0.0,0.0,1.5130701312761956,5.159088139646088,-13.898750856170814,0.0,0.8985243537486961,0.35251563250002615,0.0,0.0,0.0,1.3968415770642846,0,0,0,0,0,0,0.44906788511987056,0.10015628960240884,1.0736873911632892,0.0,0.0,0.0
image_1784.png,surface,0.0,0.0,1.5962852292522964,-13.169182832106548,-6.888401851539466,0.0,-1.2766276750778724,-2.5622431976357407,0.0,0.0,0.0,-2.695827196104126,0,0,0,0,0,0,-0.034279811159571065,-0.4240801165985515,0.9393454178586441,0.0,0.0,0.0
image_1785.png,surface,0.0,0.0,1.1594911066805014,-13.295895744459093,1.9571067471918393,0.0,-1.766298295468858,3.067876667170721,0.0,0.0,0.0,-0.9024017257963601,0,0,0,0,0,0,-0.06575097433605752,0.10614351769543463,0.3844350469584507,0.0,0.0,0.0
image_1786.png,surface,0.0,0.0,2.470831521060172,-7.687145293264057,-1.2599818398836353,0.0,-2.561281147112791,2.109029124686906,0.0,0.0,0.0,2.007814836505265,0,0,0,0,0,0,-0.45646427048849236,0.37780887983337513,1.3769159062214813,0.0,0.0,0.0
image_1787.png,surface,0.0,0.0,1.6593012253445456,1.3870422623665237,-21.065450647908925,0.0,-0.9691755370291816,-2.3416286721102657,0.0,0.0,0.0,3.2512062986639023,0,0,0,0,0,0,-0.011649306955578842,-0.5538296103223479,1.2537300197927708,0.0,0.0,0.0
image_1788.png,surface,0.0,0.0,0.599043740944968,13.111129434657661,-14.522556307846227,0.0,1.5730091100055092,-2.1512672534294484,0.0,0.0,0.0,-0.6771178430211187,0,0,0,0,0,0,0.16134392861051308,-0.16769272588453824,0.46607366508979287,0.0,0.0,0.0
image_1789.png,surface,0.0,0.0,2.861917923945564,24.75079674830567,2.090639017272759,0.0,0.597805034846454,3.6678616751239326,0.0,0.0,0.0,1.1024279460188167,0,0,0,0,0,0,0.46267358166215,3.2438443140645217,10.647485653889271,0.0,0.0,0.0
image_1790.png,surface,0.0,0.0,1.742301959057119,-10.203180908753628,16.954707504594545,0.0,-0.5248811589399359,2.1728889642739353,0.0,0.0,0.0,-4.176803571019157,0,0,0,0,0,0,-0.11115351851344142,0.3194782393474587,0.8057760638612603,0.0,0.0,0.0
image_1791.png,surface,0.0,0.0,1.714929868632163,-4.12974765270384,1.491628825856441,0.0,3.090421128601274,0.4566039625096422,0.0,0.0,0.0,-1.482683848008286,0,0,0,0,0,0,0.3134598772451751,-0.0481086204784329,0.6180742322725195,0.0,0.0,0.0
image_1792.png,surface,0.0,0.0,1.3661266385000712,13.560838251612575,10.582600248726678,0.0,-3.6488768040116977,-3.122879716399891,0.0,0.0,0.0,-4.407533389131814,0,0,0,0,0,0,-0.21047966894205936,-0.2283861663167828,0.7003246934390908,0.0,0.0,0.0
image_1793.png,surface,0.0,0.0,2.087869588725835,0.9190400488104633,-4.176297846140278,0.0,-3.333517140521079,0.8949152764776909,0.0,0.0,0.0,0.5119420594036939,0,0,0,0,0,0,-0.38816793513823294,0.12402969305478934,1.0161160877534892,0.0,0.0,0.0
image_1794.png,surface,0.0,0.0,1.5038565146127132,14.093445600435613,-1.8946914076818346,0.0,0.6331539693573818,-3.8921001411811473,0.0,0.0,0.0,-4.697754557767743,0,0,0,0,0,0,0.18740781663993952,-0.31354606984173095,0.7369012953261634,0.0,0.0,0.0
image_1795.png,surface,0.0,0.0,2.3736983732368993,-11.774826075708207,13.913201804729713,0.0,0.19568186819487346,-2.652863432540659,0.0,0.0,0.0,1.4671849135024697,0,0,0,0,0,0,0.07017358665729503,-0.7986106508339588,2.0321551368766317,0.0,0.0,0.0
image_1796.png,surface,0.0,0.0,2.6914564341728813,15.758833026799154,18.86981905833316,0.0,-0.9057579589270778,-4.674599163222378,0.0,0.0,0.0,2.698108725295926,0,0,0,0,0,0,-0.17457980588436112,-0.9909318693681054,2.642970990368083,0.0,0.0,0.0
image_1797.png,surface,0.0,0.0,1.7243286619156382,-0.8303063121391777,-3.491012424158312,0.0,3.643883336101205,-3.272465301546745,0.0,0.0,0.0,-2.5096166786550897,0,0,0,0,0,0,0.27338546993518725,-0.23428530067013195,0.714513199445834,0.0,0.0,0.0
image_1798.png,surface,0.0,0.0,2.1313808125875826,24.47863347207573,-2.314692229221295,0.0,-2.555650625256021,-0.26300421898574644,0.0,0.0,0.0,-0.4204687838086869,0,0,0,0,0,0,-0.9179165354308232,0.601806090191266,3.223286245252964,0.0,0.0,0.0
image_1799.png,surface,0.0,0.0,1.2388424820788697,-18.18724557836834,-15.593465009126708,0.0,2.289905726572326,-2.728414545200437,0.0,0.0,0.0,-1.9281112804975287,0,0,0,0,0,0,0.3787337390682567,-0.38879542765305247,1.1935728980078053,0.0,0.0,0.0
image_1800.png,surface,0.0,0.0,2.0635069950668763,-19.978401595063975,4.6667440161841025,0.0,0.9261078943628613,-0.5296757115771867,0.0,0.0,0.0,-3.6583550653875663,0,0,0,0,0,0,0.3608302251842107,-0.5080051346655323,1.5616009497058603,0.0,0.0,0.0
image_1801.png,surface,0.0,0.0,2.088098483862412,5.176419755753415,5.618013661126806,0.0,-2.698108724726651,-0.16677408653650477,0.0,0.0,0.0,1.8358695954988526,0,0,0,0,0,0,-0.4797415779397401,0.04762253180771693,1.1758607120390467,0.0,0.0,0.0
image_1802.png,surface,0.0,0.0,1.7799373123963709,-11.802479587626008,21.684369149629926,0.0,-1.8125341609603243,-1.111596553323818,0.0,0.0,0.0,2.863112951916512,0,0,0,0,0,0,-0.39625221478393635,-0.33258847553434195,1.5117759364026708,0.0,0.0,0.0
image_1803.png,surface,0.0,0.0,0.8996151449201499,18.320766665478082,3.865561356239461,0.0,-0.934612210733876,3.259232545663321,0.0,0.0,0.0,-2.5669136109795323,0,0,0,0,0,0,-0.05550713278951603,0.21787312234786727,0.6142647278268939,0.0,0.0,0.0
image_1804.png,surface,0.0,0.0,2.313274667288871,-0.7801275796068049,-0.06775472278255235,0.0,-3.526103164350895,-0.0005883856513962521,0.0,0.0,0.0,3.844310747373692,0,0,0,0,0,0,-0.5524803101811528,0.057871294557602176,1.2376434605745497,0.0,0.0,0.0
image_1805.png,surface,0.0,0.0,1.2991602740816321,-12.917410034029889,-18.847193551742688,0.0,2.857865648119778,0.5759555716826478,0.0,0.0,0.0,-2.908986269685835,0,0,0,0,0,0,0.5161741024951785,-0.05311895192254412,1.2397290861033976,0.0,0.0,0.0
image_1806.png,surface,0.0,0.0,1.4705369760026008,-3.1747740204836687,11.26871972539511,0.0,1.3457928770952787,-1.5082239707462368,0.0,0.0,0.0,3.539159509381035,0,0,0,0,0,0,0.19992383994684157,-0.197507737457612,0.503965506202231,0.0,0.0,0.0
image_1807.png,surface,0.0,0.0,2.628859630620911,-12.76565586501723,-2.175341483953687,0.0,2.947698023645383,-1.9578039203318067,0.0,0.0,0.0,-3.973748107691409,0,0,0,0,0,0,0.9727274035482932,-0.8417388288156711,2.7597771850024464,0.0,0.0,0.0
image_1808.png,surface,0.0,0.0,2.2028126352263655,-17.456634672995968,-8.210498172452523,0.0,1.48193194469762,-0.15361060054897546,0.0,0.0,0.0,1.5981469296230415,0,0,0,0,0,0,0.9075752929246941,-0.4450023797717631,2.2541067804155515,0.0,0.0,0.0
image_1809.png,surface,0.0,0.0,0.7066772428123786,5.161348669502292,-6.780004999729943,0.0,2.73847350366552,-2.713025629607686,0.0,0.0,0.0,-0.7433134473197143,0,0,0,0,0,0,0.12239876367573456,-0.0934375688495677,0.2669656502019573,0.0,0.0,0.0
image_1810.png,surface,0.0,0.0,1.9134477212435579,19.724955590452634,13.990247012273883,0.0,4.067231193063877,-1.0514376935898782,0.0,0.0,0.0,-4.7633145700412864,0,0,0,0,0,0,0.6069228809201854,-0.19597396252574112,1.3584355669530195,0.0,0.0,0.0
image_1811.png,surface,0.0,0.0,0.7173002860211586,19.82302353720915,-4.196021743900251,0.0,2.340536423797829,1.8566451420796268,0.0,0.0,0.0,4.405662994891044,0,0,0,0,0,0,0.21370151005839097,0.11121520013682064,0.6387674782851871,0.0,0.0,0.0
image_1812.png,surface,0.0,0.0,2.1136412256343853,4.682491477831533,-13.818233769795192,0.0,-2.588657391274595,2.975123275675799,0.0,0.0,0.0,-2.9951254734833546,0,0,0,0,0,0,-0.407145903357721,0.5207095104089047,1.4792410713541568,0.0,0.0,0.0
image_1813.png,surface,0.0,0.0,1.4866307804017571,-0.27213205433758,-21.40209042885334,0.0,0.7588557042318238,4.688857331449707,0.0,0.0,0.0,3.261477633042558,0,0,0,0,0,0,-0.026332501613286746,0.46430434737592186,1.1383663455991302,0.0,0.0,0.0
image_1814.png,surface,0.0,0.0,2.5324973928602614,-22.389210343439522,-6.242917882066287,0.0,-4.483444485778222,-1.2619192854920038,0.0,0.0,0.0,2.7074183972364265,0,0,0,0,0,0,-0.8262835389195683,-0.4029675080235383,2.4426035613493364,0.0,0.0,0.0
image_1815.png,surface,0.0,0.0,2.4504470460407783,10.658931775677662,-20.25172758470033,0.0,3.874280008486753,-2.539667543672039,0.0,0.0,0.0,3.9340208349454127,0,0,0,0,0,0,1.4688422349835715,-0.5590208485532954,3.9366170691982356,0.0,0.0,0.0
image_1816.png,surface,0.0,0.0,2.999270946937317,-11.087279854481219,15.680606580551162,0.0,0.7478782718434929,-3.8515633252840513,0.0,0.0,0.0,4.543778339569833,0,0,0,0,0,0,0.01905025799418109,-1.8361126464411437,4.359710994066941,0.0,0.0,0.0
image_1817.png,surface,0.0,0.0,1.2479256818817706,7.9261874501959735,-20.995793802865713,0.0,-3.5703823295723414,-0.993330103603428,0.0,0.0,0.0,-3.018703205363369,0,0,0,0,0,0,-0.3518069394124914,-0.06587838625321478,0.8320406543005614,0.0,0.0,0.0
image_1818.png,surface,0.0,0.0,0.9376969894099805,9.12403825074835,4.027862048542957,0.0,3.148782241146885,3.4557935768587726,0.0,0.0,0.0,1.4113702580268779,0,0,0,0,0,0,0.12483378766540403,0.0698127155912751,0.3178111462317895,0.0,0.0,0.0
image_1819.png,surface,0.0,0.0,0.9632955959601939,17.130684720227688,9.912189212575518,0.0,1.4787731675988245,0.500897216531068,0.0,0.0,0.0,-1.7038905085439318,0,0,0,0,0,0,0.2552597601120838,0.035187156590856944,0.5612755481699805,0.0,0.0,0.0
image_1820.png,surface,0.0,0.0,1.9972974667293217,-9.374458833462018,11.49547732643923,0.0,1.0144390639573573,-3.6350858225165217,0.0,0.0,0.0,2.601692165427684,0,0,0,0,0,0,0.2218573185337907,-0.5096096992096427,1.1085624441713664,0.0,0.0,0.0
image_1821.png,surface,0.0,0.0,1.3363603776956237,-7.403570233194947,11.556276432780846,0.0,-4.747561421222807,-0.736642411079921,0.0,0.0,0.0,-3.5399273760105956,0,0,0,0,0,0,-0.1655580420026351,-0.02479524151399711,0.49381203802271245,0.0,0.0,0.0
image_1822.png,surface,0.0,0.0,2.7671370747483786,8.308177644154462,4.5420733852702435,0.0,1.2428885067930453,1.6494049520738512,0.0,0.0,0.0,-1.812482515816086,0,0,0,0,0,0,0.6103045204858389,0.8399108837173798,2.731351046905836,0.0,0.0,0.0
image_1823.png,surface,0.0,0.0,0.6983906267411386,4.906670377352237,-0.6339790795515331,0.0,-1.0706638589623287,-2.0885209905550277,0.0,0.0,0.0,-3.181892126304416,0,0,0,0,0,0,0.008412246939311863,-0.13027333685437406,0.18764935599995317,0.0,0.0,0.0
image_1824.png,surface,0.0,0.0,2.412042029798484,-2.6190109333783784,-2.1843859722546255,0.0,-4.827923959464371,1.2904911212080186,0.0,0.0,0.0,4.227843445092221,0,0,0,0,0,0,-0.5410661352295763,0.19042405692611036,1.3117367589393214,0.0,0.0,0.0
image_1825.png,surface,0.0,0.0,1.7242766125760132,15.461923986283796,-17.7646477475644,0.0,-0.7419572025802301,-1.4181813352479136,0.0,0.0,0.0,-4.032367004979775,0,0,0,0,0,0,0.18026406501024628,-0.2659015145990949,1.5440495400091332,0.0,0.0,0.0
image_1826.png,surface,0.0,0.0,2.0935835900275204,20.32928306363765,3.6426217913999848,0.0,0.17774548264047657,-2.5851728665583487,0.0,0.0,0.0,-2.344282824487278,0,0,0,0,0,0,0.282398102476952,-0.6277402579110831,1.5034691623477319,0.0,0.0,0.0
image_1827.png,surface,0.0,0.0,1.969560611374401,15.058069812273613,-14.079303381874325,0.0,2.047876729009091,2.252998373269601,0.0,0.0,0.0,-3.9655003281943113,0,0,0,0,0,0,0.9209527059679419,0.6991622573539522,3.180030729065266,0.0,0.0,0.0
image_1828.png,surface,0.0,0.0,1.8256465098103851,-11.11899841607202,15.892557465186329,0.0,-4.598080595263655,-0.31923737850021594,0.0,0.0,0.0,-2.9599287697909924,0,0,0,0,0,0,-0.39713034531021074,0.006210608647205981,1.0471704712970507,0.0,0.0,0.0
image_1829.png,surface,0.0,0.0,2.2458683874209546,-11.618143824261702,-10.16129568348964,0.0,2.4677465903909304,-0.5585846359844232,0.0,0.0,0.0,-0.325626320080044,0,0,0,0,0,0,0.8502091715080655,-0.46142556981148714,2.271778772316301,0.0,0.0,0.0
image_1830.png,surface,0.0,0.0,1.864265846964562,-11.332364427459684,9.547287021050224,0.0,2.221479027444835,1.4331324652964508,0.0,0.0,0.0,-2.3001149249880823,0,0,0,0,0,0,0.33791969322140664,0.10191816439594246,0.7176751327957794,0.0,0.0,0.0
image_1831.png,surface,0.0,0.0,2.8061792441815405,-9.401501186464415,-9.167571172067387,0.0,-0.8485141643852842,-2.999615351414436,0.0,0.0,0.0,-1.8389352445366103,0,0,0,0,0,0,0.37339190519091925,-1.5503979059272683,3.873387334214455,0.0,0.0,0.0
image_1832.png,surface,0.0,0.0,1.8791939647435938,0.3526126403901634,14.557406389730971,0.0,2.650658330502851,-2.0778276290859297,0.0,0.0,0.0,-4.287089754547935,0,0,0,0,0,0,0.33757878986285295,-0.2509916491588165,0.8048962603726462,0.0,0.0,0.0
image_1833.png,surface,0.0,0.0,2.799164331041608,-6.9175882718515505,-19.884988324319888,0.0,-0.46632695795372275,-2.8394537204466612,0.0,0.0,0.0,-0.7725527885445533,0,0,0,0,0,0,1.241143141709564,-1.6035137116448233,5.539355531008165,0.0,0.0,0.0
image_1834.png,surface,0.0,0.0,2.5158376942719194,17.301365873570024,-2.5587729607763237,0.0,-0.1987793806532374,-2.747133169406545,0.0,0.0,0.0,3.876197029094792,0,0,0,0,0,0,0.07293886077556364,-0.7054137666660077,2.064120585961701,0.0,0.0,0.0
image_1835.png,surface,0.0,0.0,2.6188696418855253,-16.418967038011267,14.3174501652133,0.0,-4.061148314430532,1.4686270979806337,0.0,0.0,0.0,4.181740116190047,0,0,0,0,0,0,-0.9709696206057506,0.2510954739234357,2.4886570312711305,0.0,0.0,0.0
image_1836.png,surface,0.0,0.0,2.7432186854816463,-7.352599529701937,-1.8166774450028915,0.0,-4.581901500017637,0.03991160363642391,0.0,0.0,0.0,-3.4613769039525852,0,0,0,0,0,0,-0.7959309648883355,0.02164274411556733,1.8384197290791688,0.0,0.0,0.0
image_1837.png,surface,0.0,0.0,1.0063910571124133,17.547812542230826,0.9988434218743462,0.0,1.2711345782235792,-3.949874639670309,0.0,0.0,0.0,-0.0901372475636979,0,0,0,0,0,0,0.15453194899941233,-0.23183126077913846,0.5302367956528667,0.0,0.0,0.0
image_1838.png,surface,0.0,0.0,1.3563865447675996,-2.4516672650992963,-15.282271742958658,0.0,-0.2578229819908698,-0.07890149734349973,0.0,0.0,0.0,2.3867214310222504,0,0,0,0,0,0,0.044389726386680727,-0.017187717851918062,0.6928441307820884,0.0,0.0,0.0
image_1839.png,surface,0.0,0.0,2.7484348814391986,-1.2881031962224438,-3.0693284417015856,0.0,0.2945044313051828,1.4450427568933712,0.0,0.0,0.0,0.054598477806430346,0,0,0,0,0,0,0.31986703411799344,0.618116016851406,2.1759159201177662,0.0,0.0,0.0
image_1840.png,surface,0.0,0.0,0.8730369788026161,3.296901198526172,9.552640920894333,0.0,4.383457673286858,1.68518071311895,0.0,0.0,0.0,-3.247454193788777,0,0,0,0,0,0,0.14210267342214242,-0.0043134470391688875,0.24543056176490416,0.0,0.0,0.0
image_1841.png,surface,0.0,0.0,1.7253622304354461,-2.8321572188249093,-6.94424929561646,0.0,-3.7502236116589427,-0.3900745130006082,0.0,0.0,0.0,4.887661017400667,0,0,0,0,0,0,-0.30882420032484176,0.0076735939668365625,0.6685780787242854,0.0,0.0,0.0
image_1842.png,surface,0.0,0.0,0.7618713706941805,2.9744627176798906,14.551061082977396,0.0,-4.445209311744316,-1.1964165044660688,0.0,0.0,0.0,2.0916698146387267,0,0,0,0,0,0,-0.08276418257388052,-0.03852999939108813,0.2919976225556868,0.0,0.0,0.0
image_1843.png,surface,0.0,0.0,0.8813670164507912,4.322731123951282,-20.71277199794587,0.0,1.889804247825951,4.256368384136478,0.0,0.0,0.0,4.586861935472154,0,0,0,0,0,0,0.07319910396445951,0.27479111679396817,0.7117331097419635,0.0,0.0,0.0
image_1844.png,surface,0.0,0.0,1.9722232145593654,-12.914495007699694,15.440793245946997,0.0,2.575172985364326,-1.6964589415943372,0.0,0.0,0.0,2.0554357832972494,0,0,0,0,0,0,0.43100609467649625,-0.32454677558385636,1.158202118160965,0.0,0.0,0.0
image_1845.png,surface,0.0,0.0,1.4902537890034881,18.479893634446594,5.838221863383762,0.0,4.04411684850951,0.6980164058198489,0.0,0.0,0.0,1.1668254055256453,0,0,0,0,0,0,0.4545816925664788,-0.04426710418753197,1.0198228740253183,0.0,0.0,0.0
image_1846.png,surface,0.0,0.0,1.559230314054271,-15.88449035535643,7.552113736596666,0.0,-3.263925158052243,-2.2991349293640306,0.0,0.0,0.0,1.5722076660091302,0,0,0,0,0,0,-0.23165068064224317,-0.20487614954056854,0.8012765612481683,0.0,0.0,0.0
image_1847.png,surface,0.0,0.0,1.7703286293837484,5.959257910537233,-4.196760305393784,0.0,0.7568505579834786,-0.9726753024982914,0.0,0.0,0.0,2.2316136364682695,0,0,0,0,0,0,0.3286057264609203,-0.25741619974523733,0.8676659965781173,0.0,0.0,0.0
image_1848.png,surface,0.0,0.0,2.1518197799915137,1.5233565029142937,-18.37604941173132,0.0,2.279018173386729,-3.124729999522255,0.0,0.0,0.0,2.4721491894318337,0,0,0,0,0,0,0.9039455852900937,-0.6205354484875261,2.5479455145863743,0.0,0.0,0.0
image_1849.png,surface,0.0,0.0,1.7483236860511957,11.007820274657929,-3.3764153161381794,0.0,-1.9579183823352646,3.6250532048998503,0.0,0.0,0.0,-2.3269324514481458,0,0,0,0,0,0,-0.22739699811028896,0.3411351413854743,1.0353288522612059,0.0,0.0,0.0
image_1850.png,surface,0.0,0.0,1.3544309724429542,14.358085725418718,18.160826843226236,0.0,3.750420007570053,2.044126361554392,0.0,0.0,0.0,-0.45056757031897465,0,0,0,0,0,0,0.35713812005987416,0.07368097462457791,0.8500475967680432,0.0,0.0,0.0
image_1851.png,surface,0.0,0.0,0.9820211868053417,0.9468338155590165,-11.318841383388687,0.0,-1.3620649283206545,-2.58177705496964,0.0,0.0,0.0,3.408352686431364,0,0,0,0,0,0,-0.018159952347958034,-0.19428445044694206,0.3543207580055162,0.0,0.0,0.0
image_1852.png,surface,0.0,0.0,1.6611828436145126,14.233526797213313,-17.86819277677845,0.0,4.328243990449792,2.2655530239354382,0.0,0.0,0.0,4.680749822075743,0,0,0,0,0,0,0.8551614015470564,0.24432956009576784,2.4405090038053747,0.0,0.0,0.0
image_1853.png,surface,0.0,0.0,1.4388825711360147,17.041682526749508,-7.703622333397684,0.0,2.3727888235190995,3.068868460456875,0.0,0.0,0.0,2.1898018311982295,0,0,0,0,0,0,0.3008160151788158,0.41183508678349284,1.417855797491176,0.0,0.0,0.0
image_1854.png,surface,0.0,0.0,2.5386131045976255,15.213440648748902,2.0212311576416355,0.0,0.8243327109874404,-2.105450206547389,0.0,0.0,0.0,3.198957864072341,0,0,0,0,0,0,0.39896574464242407,-0.49214826152372926,2.059286132781878,0.0,0.0,0.0
image_1855.png,surface,0.0,0.0,0.5382429637185757,-5.023086020167252,-11.703040803595297,0.0,-2.6275677955583014,3.695285099214438,0.0,0.0,0.0,4.405785012217123,0,0,0,0,0,0,-0.04692367322593061,0.05645707541529265,0.1960365181909083,0.0,0.0,0.0
image_1856.png,surface,0.0,0.0,1.9259944677849288,7.837800666436104,-16.134907050476443,0.0,-2.300300689437219,-2.9013047016181495,0.0,0.0,0.0,1.794475948827813,0,0,0,0,0,0,-0.27673667170097005,-0.49813863582174345,1.2073326672891331,0.0,0.0,0.0
image_1857.png,surface,0.0,0.0,2.0461481624603968,-5.632877736321359,-18.155577305844105,0.0,0.6842408694127771,-1.38890823970986,0.0,0.0,0.0,3.413168713933427,0,0,0,0,0,0,0.8319677980454532,-0.6080922077581953,2.4274191356575106,0.0,0.0,0.0
image_1858.png,surface,0.0,0.0,2.9697413601972196,4.601870195375991,-8.334625760517838,0.0,1.8455829822816094,3.396309924041178,0.0,0.0,0.0,-1.7783294641323355,0,0,0,0,0,0,0.9090363073184972,1.164681039855416,3.957864100147901,0.0,0.0,0.0
image_1859.png,surface,0.0,0.0,2.71341054365162,-2.4741402374833696,24.704861368112983,0.0,2.192541071229057,4.281391208740373,0.0,0.0,0.0,-3.714849750180859,0,0,0,0,0,0,0.24579056057225618,0.8255248614076787,2.301589372755401,0.0,0.0,0.0
image_1860.png,surface,0.0,0.0,1.7939181813141292,2.3430938283606215,-10.17222634294562,0.0,0.7521255917297289,-2.3371495622271823,0.0,0.0,0.0,2.570887119167531,0,0,0,0,0,0,0.32314975083406694,-0.44193482990802135,1.0269014960022422,0.0,0.0,0.0
image_1861.png,surface,0.0,0.0,1.2212886315542821,-7.786592845750317,-19.57815849711114,0.0,-4.087038109649277,1.3344413075098194,0.0,0.0,0.0,-2.3479238151203905,0,0,0,0,0,0,-0.28385455120077296,0.07893513695529421,0.7084126331237661,0.0,0.0,0.0
image_1862.png,surface,0.0,0.0,0.5254624977793292,-7.399737023184796,23.649428015898227,0.0,-1.893169056194797,-2.319773343826896,0.0,0.0,0.0,0.7813846913548073,0,0,0,0,0,0,-0.02062541413749852,-0.13796895425612965,0.34839659898192626,0.0,0.0,0.0
image_1863.png,surface,0.0,0.0,1.1019519461581344,17.178361024758967,-18.040279576938843,0.0,-1.0649956758682366,-0.05263528429503588,0.0,0.0,0.0,2.490541566065227,0,0,0,0,0,0,-0.295093708803092,0.16015441873220515,1.108562444171367,0.0,0.0,0.0
image_1864.png,surface,0.0,0.0,2.618588472050394,-16.817249034268727,13.982426682824876,0.0,1.3189305514744867,2.3993646442856593,0.0,0.0,0.0,1.632146786891708,0,0,0,0,0,0,0.2977387536118706,0.5974863507421202,1.7197266462522174,0.0,0.0,0.0
image_1865.png,surface,0.0,0.0,2.9331406048296147,8.323588478923538,-22.742573310155077,0.0,-0.5131847924746757,-2.2775650842218127,0.0,0.0,0.0,-0.18705648572728162,0,0,0,0,0,0,1.2197758062002129,-0.6000788236526055,5.188327337073617,0.0,0.0,0.0
image_1866.png,surface,0.0,0.0,2.2526356042127977,-3.7686026481769566,-21.511068011144314,0.0,-3.996238572937755,2.2563151207552212,0.0,0.0,0.0,-3.446518084117346,0,0,0,0,0,0,-0.6139494470203759,0.37710098371097317,1.6558716702105356,0.0,0.0,0.0
image_1867.png,surface,0.0,0.0,2.0096355204941907,-14.150913752518017,13.937688732518243,0.0,-0.8745629839709014,1.113293761770708,0.0,0.0,0.0,1.3232750787127765,0,0,0,0,0,0,-0.4222217456337631,0.3831416972888028,1.1961855124283107,0.0,0.0,0.0
image_1868.png,surface,0.0,0.0,2.0155853289772354,-2.2474737715883295,-11.264030919702387,0.0,-2.4862938237671686,-2.3744402553391453,0.0,0.0,0.0,-0.7737715438664603,0,0,0,0,0,0,-0.2919023054866311,-0.3867189323606736,1.147816417588513,0.0,0.0,0.0
image_1869.png,surface,0.0,0.0,2.124769072842017,6.753172121749448,2.0264089791173414,0.0,0.1768245399951558,-4.2777603557287955,0.0,0.0,0.0,-4.140063221112479,0,0,0,0,0,0,0.17778338432077023,-0.47888700749740043,1.087862499147363,0.0,0.0,0.0
image_1870.png,surface,0.0,0.0,0.5044727966165983,-2.9418515230589306,4.079969644187461,0.0,-1.8335625924332712,-1.4484534753722396,0.0,0.0,0.0,4.170306944829692,0,0,0,0,0,0,-0.0201064496497002,-0.0521200318387103,0.10348297759167759,0.0,0.0,0.0
image_1871.png,surface,0.0,0.0,1.4248960095876393,-7.985613472996795,-14.051085609895344,0.0,-4.75648981239262,-1.395740568640246,0.0,0.0,0.0,-2.5655574070638165,0,0,0,0,0,0,-0.26329077360801284,-0.06542218652988911,0.6718204002102455,0.0,0.0,0.0
image_1872.png,surface,0.0,0.0,1.3231970552876686,-4.907960829757763,18.511757091027228,0.0,-2.840973211174784,-3.358241818007534,0.0,0.0,0.0,-4.798704897050774,0,0,0,0,0,0,-0.09193661356496727,-0.2622707940424202,0.6143093879024578,0.0,0.0,0.0
image_1873.png,surface,0.0,0.0,2.9448329727631233,8.426451712223793,13.559135483144914,0.0,-3.8395934703387717,2.0093754565696824,0.0,0.0,0.0,4.1632221919634596,0,0,0,0,0,0,-1.971578809780756,1.0033058935876908,5.530177885479718,0.0,0.0,0.0
image_1874.png,surface,0.0,0.0,0.5018167475701643,20.095902861369158,-7.540219706889764,0.0,2.899961842746897,1.5869070318895935,0.0,0.0,0.0,-3.1087821943890837,0,0,0,0,0,0,0.22765571940919146,0.026340028163327457,0.5598910858274903,0.0,0.0,0.0
image_1875.png,surface,0.0,0.0,2.3408617924416095,-14.350010398303718,10.922201860233114,0.0,3.9390816225253587,-2.1472014280870666,0.0,0.0,0.0,-3.8628277776783646,0,0,0,0,0,0,0.5939594219551816,-0.39912913793762594,1.5436632303555038,0.0,0.0,0.0
image_1876.png,surface,0.0,0.0,1.5132172793099725,11.87727782856014,-5.85218340371484,0.0,3.3500854389074886,0.991497271035926,0.0,0.0,0.0,0.07597558483958089,0,0,0,0,0,0,0.3726385696441149,0.01180141491168674,0.9386487206798435,0.0,0.0,0.0
image_1877.png,surface,0.0,0.0,0.6619009363360693,23.259083442946437,-7.487255721480814,0.0,-3.3758754589687694,-3.3080729703528107,0.0,0.0,0.0,-4.885937926558094,0,0,0,0,0,0,-0.09057147824075874,-0.2141527349490218,0.5460107343421394,0.0,0.0,0.0
image_1878.png,surface,0.0,0.0,1.4023821519843285,11.537978042801914,-10.455480020981755,0.0,-0.48694598847393444,-3.7007960341397785,0.0,0.0,0.0,3.6668598915871176,0,0,0,0,0,0,0.05525602094058144,-0.37236751830584575,0.6944183984457261,0.0,0.0,0.0
image_1879.png,surface,0.0,0.0,0.8196220254226045,7.139311369492764,4.625576365696446,0.0,2.5754440712655837,0.43185416442755437,0.0,0.0,0.0,1.0032184954248526,0,0,0,0,0,0,0.1486939789841794,-0.02744277301178021,0.2659607985017633,0.0,0.0,0.0
image_1880.png,surface,0.0,0.0,0.5933999087653514,-22.025542325663647,2.632786136732022,0.0,-1.4616991321786839,-1.25160359485597,0.0,0.0,0.0,3.709448465683229,0,0,0,0,0,0,-0.04766635554277983,-0.1014367950327091,0.3274577225536551,0.0,0.0,0.0
image_1881.png,surface,0.0,0.0,2.208632655721511,1.1161627469874909,-11.001992958265053,0.0,-2.038094841602999,1.535488755492369,0.0,0.0,0.0,2.1136494114013935,0,0,0,0,0,0,-0.422708750431697,0.42273668706848244,1.3495258818779632,0.0,0.0,0.0
image_1882.png,surface,0.0,0.0,0.5617114351151637,2.444926971882219,-7.38396979623075,0.0,-0.26152477251761,-0.2726442438716213,0.0,0.0,0.0,-0.775872608095975,0,0,0,0,0,0,-0.025145427418322805,-0.10516504794402573,0.2015498045193077,0.0,0.0,0.0
image_1883.png,surface,0.0,0.0,0.5299102600259225,-10.857126282007021,-17.027623785333315,0.0,0.6046293773852279,1.3215329045172564,0.0,0.0,0.0,0.4834077145250246,0,0,0,0,0,0,0.06986616487859923,0.11631519842310281,0.41619729269970374,0.0,0.0,0.0
image_1884.png,surface,0.0,0.0,1.5649600612903947,2.7201360699332393,21.450381412835803,0.0,1.834036721666173,-1.5596413462172425,0.0,0.0,0.0,0.8640192014914589,0,0,0,0,0,0,0.27929344689012314,-0.22074088819484225,0.804226359239183,0.0,0.0,0.0
image_1885.png,surface,0.0,0.0,0.8264133747514966,-2.3000564760527062,-5.197408075404669,0.0,0.38871817443343143,-3.1432396597126444,0.0,0.0,0.0,-1.77173558134756,0,0,0,0,0,0,0.07641790130080403,-0.09661366278541089,0.25383558798608513,0.0,0.0,0.0
image_1886.png,surface,0.0,0.0,1.6153190385741996,19.14686926417484,6.7706754270844955,0.0,0.7789517521386795,1.6630507493853715,0.0,0.0,0.0,-1.5514394868359682,0,0,0,0,0,0,0.20122049022134042,0.5285813152900134,1.6044768552512638,0.0,0.0,0.0
image_1887.png,surface,0.0,0.0,1.4150857947853672,18.1440378040963,11.106748038763415,0.0,-2.5206116244734327,-3.0610093933587432,0.0,0.0,0.0,2.6409078169716853,0,0,0,0,0,0,-0.2566888148160211,-0.3106625729698137,0.9343434893954556,0.0,0.0,0.0
image_1888.png,surface,0.0,0.0,0.7556933825987304,-2.0637247672870953,-19.612400703520873,0.0,-2.452221061229297,4.100123823752621,0.0,0.0,0.0,0.2605889248989124,0,0,0,0,0,0,-0.1001350349601863,0.10668466495344861,0.446566144083354,0.0,0.0,0.0
image_1889.png,surface,0.0,0.0,2.099267939974283,19.596746347873083,-12.518448079486532,0.0,3.300272156313682,-1.8088520343997907,0.0,0.0,0.0,0.2433712387090372,0,0,0,0,0,0,1.1533605268819727,-0.1582855729690641,2.86075584885686,0.0,0.0,0.0
image_1890.png,surface,0.0,0.0,2.124305465746439,-4.504877933166062,-1.4873253518061702,0.0,4.40289762938604,1.460173453075268,0.0,0.0,0.0,-1.3379195039556513,0,0,0,0,0,0,0.4545877801264528,0.02735310616960929,1.0769431106719194,0.0,0.0,0.0
image_1891.png,surface,0.0,0.0,2.111694758456175,-8.473807344697786,-22.981601518862455,0.0,-4.431789754437017,0.7988188361815197,0.0,0.0,0.0,-0.35106802328649156,0,0,0,0,0,0,-0.5929656277893974,0.1190429581480915,1.7654674956450618,0.0,0.0,0.0
image_1892.png,surface,0.0,0.0,2.661575025153467,-19.716343382049757,-1.3213484300055138,0.0,3.7283036905051516,-0.8640041439202807,0.0,0.0,0.0,0.5267857878381745,0,0,0,0,0,0,1.0605252372758187,-0.681552948033581,3.1109974172619195,0.0,0.0,0.0
image_1893.png,surface,0.0,0.0,0.5169343518561205,15.194564947605416,-8.591983636086256,0.0,1.6286750707415463,-1.787383615544907,0.0,0.0,0.0,4.036641933197188,0,0,0,0,0,0,0.13915933817462917,-0.1479691668119272,0.33455867456836147,0.0,0.0,0.0
image_1894.png,surface,0.0,0.0,0.5693375524453541,-6.76011515533398,2.7490211067239168,0.0,2.465298452448149,2.473279705017513,0.0,0.0,0.0,-1.5793427297689435,0,0,0,0,0,0,0.09166267336612956,0.021737130265220915,0.12836310568848874,0.0,0.0,0.0
image_1895.png,surface,0.0,0.0,1.807913214955306,2.845189256410256,-4.523163553882327,0.0,3.6125482249634584,0.9303907849160808,0.0,0.0,0.0,3.615020214271299,0,0,0,0,0,0,0.3916089284136353,0.0063427492567209994,0.8459210057859121,0.0,0.0,0.0
image_1896.png,surface,0.0,0.0,1.6650388201041537,-19.4358981426801,13.226131000152144,0.0,-0.940323740356501,3.822749976956251,0.0,0.0,0.0,-4.2509028265924105,0,0,0,0,0,0,-0.12933401637631234,0.30917127180528703,0.8395301489726761,0.0,0.0,0.0
image_1897.png,surface,0.0,0.0,2.976418688250169,11.835265169845444,14.156592668716877,0.0,3.219348819463714,-3.401314861297718,0.0,0.0,0.0,0.4952432569497889,0,0,0,0,0,0,0.7837878046298521,-0.7311371386515988,2.6076448705968063,0.0,0.0,0.0
image_1898.png,surface,0.0,0.0,1.3938401741229616,9.244288872114726,0.857568129236935,0.0,-1.627435676414698,4.5043341367963405,0.0,0.0,0.0,-0.6901712331245644,0,0,0,0,0,0,-0.0811053224809181,0.18497797609109848,0.6484743457090648,0.0,0.0,0.0
image_1899.png,surface,0.0,0.0,1.4727604859409003,2.33511442942849,-12.68125106405249,0.0,-1.152367624497068,-3.1792164453687395,0.0,0.0,0.0,2.8449889637654753,0,0,0,0,0,0,-0.004828196004516783,-0.35090568097711444,0.7166032909822385,0.0,0.0,0.0
image_1900.png,surface,0.0,0.0,2.589265923100701,15.468432457593206,-9.665109273489623,0.0,-1.4860646608640296,0.6524491682894247,0.0,0.0,0.0,4.925979655385131,0,0,0,0,0,0,-0.3430986848694354,0.6585604819779679,3.4450436174631816,0.0,0.0,0.0
image_1901.png,surface,0.0,0.0,2.0577304459097654,18.816507495156326,-11.903597632097664,0.0,1.1663161223675707,-1.3952071146086993,0.0,0.0,0.0,-4.292977630284463,0,0,0,0,0,0,0.990396546373333,-0.04148271277275115,2.8042742512908285,0.0,0.0,0.0
image_1902.png,surface,0.0,0.0,0.6776878024959214,-14.413158802387324,-5.862934681980214,0.0,-2.8807125565221,2.3692554120647937,0.0,0.0,0.0,-3.690638769595853,0,0,0,0,0,0,-0.06757876421830326,0.06010510009940374,0.2353195206571712,0.0,0.0,0.0
image_1903.png,surface,0.0,0.0,0.6441482371044613,-10.287411373688176,-21.98408001141786,0.0,2.743177323707317,1.6910411463965853,0.0,0.0,0.0,-4.502939061293876,0,0,0,0,0,0,0.2687984934946469,0.0540643865215742,0.664953913592251,0.0,0.0,0.0
image_1904.png,surface,0.0,0.0,1.8213795074684893,-5.470691568796949,9.176732268530841,0.0,-2.1619908920431596,-2.229858965590585,0.0,0.0,0.0,0.30394229908755577,0,0,0,0,0,0,-0.2514504694582445,-0.35750641904288843,0.9977027385983741,0.0,0.0,0.0
image_1905.png,surface,0.0,0.0,1.491930879565368,2.7071777682392946,22.2437896028325,0.0,2.1666273856446012,0.5168610889263925,0.0,0.0,0.0,4.462487154707896,0,0,0,0,0,0,0.3617037900405046,0.02070832123399681,0.7147811598992194,0.0,0.0,0.0
image_1906.png,surface,0.0,0.0,2.338578328375423,-10.755392029443259,3.612173180515906,0.0,0.9443137547108135,4.575515668155872,0.0,0.0,0.0,1.555834377751328,0,0,0,0,0,0,0.04133072749965818,0.4697441358009563,1.171332180376838,0.0,0.0,0.0
image_1907.png,surface,0.0,0.0,2.0701554614425732,4.755907915887673,14.167771595049004,0.0,-1.2980152735464106,3.1536074027328893,0.0,0.0,0.0,-0.04410793784678457,0,0,0,0,0,0,-0.25822287992951315,0.4432751132331025,1.4433723316647777,0.0,0.0,0.0
image_1908.png,surface,0.0,0.0,0.5007663430278431,10.361541778175875,21.502483635636246,0.0,-3.3457525911608297,1.3817460506621437,0.0,0.0,0.0,-0.6020631979769053,0,0,0,0,0,0,-0.09664381931499748,0.02338888788415868,0.41945301220833364,0.0,0.0,0.0
image_1909.png,surface,0.0,0.0,0.5421941433227557,-12.311005202000477,14.775468107910399,0.0,-2.048708032669487,-1.304071959200054,0.0,0.0,0.0,1.6117511871881707,0,0,0,0,0,0,-0.05267641740152509,-0.06185124386799505,0.22168033357986708,0.0,0.0,0.0
image_1910.png,surface,0.0,0.0,2.5992862163133736,5.120596484922546,7.087028900910038,0.0,2.520025740710826,-0.11306043030093417,0.0,0.0,0.0,2.10752663277448,0,0,0,0,0,0,0.7494661414954583,-0.03070696068730005,1.8010392458319384,0.0,0.0,0.0
image_1911.png,surface,0.0,0.0,0.91146295030953,-6.67509593457478,10.036428444748186,0.0,-2.8774054039751285,-3.9195367086240784,0.0,0.0,0.0,4.154594776276369,0,0,0,0,0,0,-0.03158302209101185,-0.12391013726522804,0.292895290074527,0.0,0.0,0.0
image_1912.png,surface,0.0,0.0,1.923988794047488,-0.9143220200497538,0.1996079411760128,0.0,3.034960032692454,3.4085322588092666,0.0,0.0,0.0,3.225614051004005,0,0,0,0,0,0,0.2482468910218352,0.25640941414893265,0.7624535575602162,0.0,0.0,0.0
image_1913.png,surface,0.0,0.0,2.8512420244072487,-14.161266022269832,1.1811578982064193,0.0,2.9653190672140313,-3.434257753302509,0.0,0.0,0.0,1.388233159487867,0,0,0,0,0,0,0.9386675054927885,-1.3110802503781052,3.7189929869814904,0.0,0.0,0.0
image_1914.png,surface,0.0,0.0,2.9165166112206493,-18.089144597574006,-0.9231604229189132,0.0,3.8294997592114464,-0.7304997410855768,0.0,0.0,0.0,-4.872775982529171,0,0,0,0,0,0,1.3460165811646478,-0.7923685801368675,3.5786085054530092,0.0,0.0,0.0
image_1915.png,surface,0.0,0.0,2.610631840175314,-5.582047564540304,-17.962006601573762,0.0,1.5773988040553804,2.2934087269562093,0.0,0.0,0.0,-4.432935124973358,0,0,0,0,0,0,1.2434077140199566,0.5881484143363916,3.639582906620799,0.0,0.0,0.0
image_1916.png,surface,0.0,0.0,2.722308127411411,-23.105609210231805,-7.6207525664072335,0.0,2.515277669422571,-4.199575862838268,0.0,0.0,0.0,0.8780713139644032,0,0,0,0,0,0,1.012482213959637,-1.515907633741352,4.687375269470079,0.0,0.0,0.0
image_1917.png,surface,0.0,0.0,2.7626468757382874,22.8863383543427,4.241839699647455,0.0,-2.554986410098363,-3.1612104684374556,0.0,0.0,0.0,-4.281549712680384,0,0,0,0,0,0,-0.7852838224935051,-0.9236030826152142,2.7904943849754975,0.0,0.0,0.0
image_1918.png,surface,0.0,0.0,0.6913895245184394,3.4693489344212014,-23.092658298900588,0.0,1.6804050339577887,1.206913170741246,0.0,0.0,0.0,-2.9121750225391163,0,0,0,0,0,0,0.29553962257120003,0.06836388819409252,0.7906541622752244,0.0,0.0,0.0
image_1919.png,surface,0.0,0.0,2.6431070526742775,15.626906490812248,-15.288439209837751,0.0,-1.6999678274292274,4.118868501346517,0.0,0.0,0.0,-3.3274464614955566,0,0,0,0,0,0,-0.0761470048819533,1.7761145173113468,4.880306795907388,0.0,0.0,0.0
image_1920.png,surface,0.0,0.0,1.5393303180943767,-15.80236007893411,8.367487005748071,0.0,-0.7138840573722016,1.6104851092985906,0.0,0.0,0.0,0.4750614911838955,0,0,0,0,0,0,-0.10600344277529007,0.1713234464412128,0.6420834888958284,0.0,0.0,0.0
image_1921.png,surface,0.0,0.0,0.6066641359310385,11.326205793506476,-16.90424053446538,0.0,-3.5304885222560505,1.8539737160977727,0.0,0.0,0.0,0.15971209336403547,0,0,0,0,0,0,-0.1608386611326567,0.062275981541436216,0.46026562226267004,0.0,0.0,0.0
image_1922.png,surface,0.0,0.0,1.8329277503140122,19.04833531894591,4.490320832908503,0.0,1.8784302680425702,4.450914958964117,0.0,0.0,0.0,-4.118163112219452,0,0,0,0,0,0,0.24167232624972718,0.6859985356822649,1.954446605394937,0.0,0.0,0.0
image_1923.png,surface,0.0,0.0,0.7917601138793637,2.688056856093497,17.642503248828252,0.0,-0.2588956123533632,3.458985506269882,0.0,0.0,0.0,1.3354743549976433,0,0,0,0,0,0,-0.0006734363221429507,0.0983739644764503,0.3168062945315953,0.0,0.0,0.0
image_1924.png,surface,0.0,0.0,0.6977861767198523,-13.734341076466098,16.55815183542804,0.0,3.960125418737607,-2.359915072621201,0.0,0.0,0.0,3.607212433571581,0,0,0,0,0,0,0.1468890174518368,-0.08112017631977465,0.28798714777002243,0.0,0.0,0.0
image_1925.png,surface,0.0,0.0,1.6689470465312557,-8.354366807065183,-23.100779118692852,0.0,1.2277055714846756,-2.879590931833017,0.0,0.0,0.0,0.04933711497105797,0,0,0,0,0,0,0.6398444052605187,-0.7016918061646682,2.39524155121351,0.0,0.0,0.0
image_1926.png,surface,0.0,0.0,1.2869224643880965,15.952175231043412,-4.487292902920146,0.0,1.147587982337743,0.5884047891315376,0.0,0.0,0.0,-0.44180279425875657,0,0,0,0,0,0,0.33857867158861105,0.14714800730994104,0.945374528059811,0.0,0.0,0.0
image_1927.png,surface,0.0,0.0,2.703294201484631,4.475033627679862,-13.237611862408473,0.0,-1.7758767287508574,3.0001049517197806,0.0,0.0,0.0,0.4615271578846736,0,0,0,0,0,0,-0.29853774585848103,0.9703902969984971,2.770486671122739,0.0,0.0,0.0
image_1928.png,surface,0.0,0.0,1.2889771086416955,9.66509949311517,22.97751413491693,0.0,-2.9655537113122694,-0.9611171529314916,0.0,0.0,0.0,-0.6360499779106927,0,0,0,0,0,0,-0.3540106361231423,-0.08474303136397814,1.147157681473941,0.0,0.0,0.0
image_1929.png,surface,0.0,0.0,2.5564407529283524,19.40057971519772,11.004134096044742,0.0,2.6709121572046763,1.3912143294959987,0.0,0.0,0.0,-3.407176768590723,0,0,0,0,0,0,1.0064844454950812,0.842519087652807,3.347836496990159,0.0,0.0,0.0
image_1930.png,surface,0.0,0.0,0.5122280369581875,-15.722169461993808,-19.348189635389534,0.0,-1.8262106544823298,-4.32751265663521,0.0,0.0,0.0,0.1619061449282313,0,0,0,0,0,0,0.009964574732726245,-0.22673440869784492,0.5110776232358293,0.0,0.0,0.0
image_1931.png,surface,0.0,0.0,2.8730213369383177,-8.025104920179755,13.71254302005707,0.0,-3.6234822506480477,0.49790214107790215,0.0,0.0,0.0,4.1949130079277595,0,0,0,0,0,0,-1.5502237804983179,-0.15481216266181222,3.6024994128760737,0.0,0.0,0.0
image_1932.png,surface,0.0,0.0,0.63582256154803,-3.998247032291631,24.641736320762718,0.0,2.1629697622045656,3.984359540724863,0.0,0.0,0.0,3.367559715283601,0,0,0,0,0,0,0.08790969264205126,0.12320224114282617,0.35579454049913467,0.0,0.0,0.0
image_1933.png,surface,0.0,0.0,1.1572083865076217,-15.633393215794625,-10.377374424100388,0.0,-2.6890225434962676,-2.892814925459026,0.0,0.0,0.0,-4.0554917265522885,0,0,0,0,0,0,-0.12554451029238892,-0.2703644063752153,0.6262514921083228,0.0,0.0,0.0
image_1934.png,surface,0.0,0.0,0.5622164233851588,14.76869392497234,7.109230286769868,0.0,1.2482709610020293,3.2970687298680392,0.0,0.0,0.0,4.482599377964368,0,0,0,0,0,0,0.04366074107977336,0.11385801232712113,0.34313340907668644,0.0,0.0,0.0
image_1935.png,surface,0.0,0.0,2.8983873452684454,8.30372021687623,-13.017322955418901,0.0,-0.13084096163141948,2.19891602713216,0.0,0.0,0.0,-3.282328471943573,0,0,0,0,0,0,0.7434394571210264,1.2175152602265056,4.826743734279475,0.0,0.0,0.0
image_1936.png,surface,0.0,0.0,0.6292127957836664,0.6064350150377666,14.735878449287435,0.0,1.648522495553987,2.2836207612490544,0.0,0.0,0.0,-1.9746204761816113,0,0,0,0,0,0,0.08125751148027255,0.048527065741897135,0.20211922048275113,0.0,0.0,0.0
image_1937.png,surface,0.0,0.0,1.3725076039671797,12.055545055589644,-10.771817083802203,0.0,-3.7413039539489095,0.2720946456945383,0.0,0.0,0.0,0.43986989722736425,0,0,0,0,0,0,-0.3033575714680335,0.038199647867300575,0.7687885892789968,0.0,0.0,0.0
image_1938.png,surface,0.0,0.0,2.159600746035722,12.45534587880893,12.407168042766834,0.0,-2.734937760753364,1.5713167049794903,0.0,0.0,0.0,3.126305516197643,0,0,0,0,0,0,-0.7731391403450278,0.4847358025709345,2.3258755218472085,0.0,0.0,0.0
image_1939.png,surface,0.0,0.0,1.305039491527277,-7.531235431716251,23.0372887942602,0.0,-0.621393055338718,-1.107086545249243,0.0,0.0,0.0,-4.5715656173803945,0,0,0,0,0,0,-0.12974492667456897,-0.267320453048887,0.8144758465811643,0.0,0.0,0.0
image_1940.png,surface,0.0,0.0,0.5187168514390581,-0.6037789700188838,19.68021076663159,0.0,-2.2489960872569723,4.119619966888711,0.0,0.0,0.0,4.934718374051542,0,0,0,0,0,0,-0.023341987775973707,0.058406149405639166,0.23802592123636132,0.0,0.0,0.0
image_1941.png,surface,0.0,0.0,1.1014313326216814,19.5123170633789,2.742498569073597,0.0,-1.9424595454877502,-4.208620609348891,0.0,0.0,0.0,-3.8624788297404953,0,0,0,0,0,0,-0.012118049073590252,-0.2850650491837613,0.569626982300484,0.0,0.0,0.0
image_1942.png,surface,0.0,0.0,2.286731616671546,-4.110033946300598,-17.190529019911654,0.0,-1.3535744802095633,3.249220595955718,0.0,0.0,0.0,4.85816485424013,0,0,0,0,0,0,-0.2549812542432654,0.6350205762543634,1.622885738398822,0.0,0.0,0.0
image_1943.png,surface,0.0,0.0,1.445696069553029,-5.755675271769167,3.4634161655442623,0.0,1.4821382486929227,3.555998971200649,0.0,0.0,0.0,-2.799872009388346,0,0,0,0,0,0,0.07602220990248283,0.1636938993442146,0.44080499433557346,0.0,0.0,0.0
image_1944.png,surface,0.0,0.0,2.5507133453320154,12.173138534549746,6.306793931135688,0.0,0.9030828058524514,3.462658810474107,0.0,0.0,0.0,-2.0258543972369516,0,0,0,0,0,0,0.1818498743835187,1.149203284414722,2.969011872024462,0.0,0.0,0.0
image_1945.png,surface,0.0,0.0,2.3474499284099375,22.05663024531516,9.412643684256908,0.0,-4.528717782547636,-1.2193514517616877,0.0,0.0,0.0,-1.8014592362866635,0,0,0,0,0,0,-1.307071416229869,0.15114054144028766,3.4284300693533,0.0,0.0,0.0
image_1946.png,surface,0.0,0.0,1.9649664347415499,-13.016834184734234,-2.633571782372441,0.0,-4.167036830977652,0.8406810518127982,0.0,0.0,0.0,-0.3100287202475638,0,0,0,0,0,0,-0.3510155566158487,0.06686314841460055,0.9530716920832993,0.0,0.0,0.0
image_1947.png,surface,0.0,0.0,0.7361883128734328,-10.485140877127991,-3.665881762006422,0.0,-2.2422457523295094,2.9787154043440327,0.0,0.0,0.0,1.0034548393092209,0,0,0,0,0,0,-0.04701194284555616,0.029382408387161416,0.21565122337870138,0.0,0.0,0.0
image_1948.png,surface,0.0,0.0,2.954998523226142,2.4035241823481486,-1.2796017839027662,0.0,-1.6116124413920192,-1.6178855605335516,0.0,0.0,0.0,0.7649382638893174,0,0,0,0,0,0,-0.43371810264499067,-0.5060828034175872,2.6619291924450805,0.0,0.0,0.0
image_1949.png,surface,0.0,0.0,1.8016821422442193,10.545311104348416,15.95728157080518,0.0,4.88658576502818,-0.9016042419178878,0.0,0.0,0.0,-4.874448351577226,0,0,0,0,0,0,0.42506767992168953,-0.12553829834675248,0.9130986914495696,0.0,0.0,0.0
image_1950.png,surface,0.0,0.0,1.1504482122270125,-3.4524789757086802,4.8339732547112,0.0,3.473170859103331,-1.648946333854264,0.0,0.0,0.0,-1.8514357396952406,0,0,0,0,0,0,0.1674314885846872,-0.08688717006360881,0.3277256830070402,0.0,0.0,0.0
image_1951.png,surface,0.0,0.0,2.0053365963146623,-14.21856132120095,-17.58997066814473,0.0,4.056009030394015,0.6132028821160044,0.0,0.0,0.0,0.05513922988593123,0,0,0,0,0,0,0.9144237978956405,-0.1860225161472646,2.5471126041771006,0.0,0.0,0.0
image_1952.png,surface,0.0,0.0,2.2669495490137113,-1.3307846774354823,18.422172059634715,0.0,3.972708977978601,1.1103776161849468,0.0,0.0,0.0,-4.455597131892143,0,0,0,0,0,0,0.559412519101744,0.027060509105683184,1.191362224267379,0.0,0.0,0.0
image_1953.png,surface,0.0,0.0,1.668761245868462,15.474633382868268,2.208341951962831,0.0,4.921937609330528,0.2833449444178045,0.0,0.0,0.0,4.245249628439492,0,0,0,0,0,0,0.4771543649507162,-0.07944482216342359,1.0505847340739336,0.0,0.0,0.0
image_1954.png,surface,0.0,0.0,2.1045774572632485,-21.054846633605564,7.52812350291969,0.0,-4.852813030956677,-0.011998552544492462,0.0,0.0,0.0,-4.794115324867371,0,0,0,0,0,0,-0.584398909015741,0.05661281256222101,1.45151163043635,0.0,0.0,0.0
image_1955.png,surface,0.0,0.0,0.7701002954368625,17.887362987335507,-12.580480936684342,0.0,1.2146924252791322,-4.323373709366215,0.0,0.0,0.0,-1.3235174149436646,0,0,0,0,0,0,0.15855430425234798,-0.22470510648029293,0.599191952323979,0.0,0.0,0.0
image_1956.png,surface,0.0,0.0,2.6851638777043263,-12.964682106514006,-8.769311473491125,0.0,0.3262568194270386,1.2522411017950577,0.0,0.0,0.0,2.124635698670434,0,0,0,0,0,0,0.4800916126382551,0.3537986164639972,2.290060374248505,0.0,0.0,0.0
image_1957.png,surface,0.0,0.0,2.201812828451107,-13.48828357716875,-8.687003626457429,0.0,-2.146842941230691,1.792022681943595,0.0,0.0,0.0,-1.043746516402404,0,0,0,0,0,0,-0.3502546116190767,0.3096243253236243,1.2675299831421067,0.0,0.0,0.0
image_1958.png,surface,0.0,0.0,2.432467400932324,-5.474223067764436,-11.015581259567737,0.0,1.530230766363826,1.057460298676212,0.0,0.0,0.0,-3.9820240915041802,0,0,0,0,0,0,0.8692495372172886,0.22447857972112414,2.140210189704192,0.0,0.0,0.0
image_1959.png,surface,0.0,0.0,0.7843376506892925,4.503982315340891,-1.9817404248814798,0.0,-1.3020790123774464,2.7449057099990184,0.0,0.0,0.0,1.746327205615125,0,0,0,0,0,0,-0.014735699862485121,0.0806985848513221,0.228091287427107,0.0,0.0,0.0
image_1960.png,surface,0.0,0.0,1.7982567064926571,-11.68870307506206,2.5689870550669123,0.0,1.3168376955247283,-0.9356808096870893,0.0,0.0,0.0,3.7993160938941397,0,0,0,0,0,0,0.350161776329471,-0.22432756188167863,0.7955578385721737,0.0,0.0,0.0
image_1961.png,surface,0.0,0.0,2.2314869513524265,13.064658486800699,2.117645285177527,0.0,-2.063209378616752,2.249388557681,0.0,0.0,0.0,-3.421251926343002,0,0,0,0,0,0,-0.6025626660886829,0.9690437212634394,2.271041881069493,0.0,0.0,0.0
image_1962.png,surface,0.0,0.0,1.8057071237800586,-3.5376745078838634,20.52466967925788,0.0,3.379596694266602,-3.328438209953536,0.0,0.0,0.0,-4.692302101923726,0,0,0,0,0,0,0.33183822080720676,-0.27175660208260566,0.9012280433646074,0.0,0.0,0.0
image_1963.png,surface,0.0,0.0,0.7480224863996665,23.561158628453352,-1.8866713663327137,0.0,3.561843172717338,-0.15376082317778048,0.0,0.0,0.0,2.4632532009501134,0,0,0,0,0,0,0.3202475066163793,-0.07601231252102146,0.7174808614670755,0.0,0.0,0.0
image_1964.png,surface,0.0,0.0,0.651647978376543,2.665414593632471,12.162977870580951,0.0,-1.8496006715161721,-0.7620090892591097,0.0,0.0,0.0,-2.562006969940663,0,0,0,0,0,0,-0.0422666898456874,-0.038610227618293656,0.20526775581002682,0.0,0.0,0.0
image_1965.png,surface,0.0,0.0,2.0400405891402587,-9.15215181984461,-22.13371496519853,0.0,-3.194908000191925,-1.169456862040558,0.0,0.0,0.0,2.458706880249343,0,0,0,0,0,0,-0.5980183025679621,-0.20162769288999097,1.66908658656998,0.0,0.0,0.0
image_1966.png,surface,0.0,0.0,2.4922281573998246,-7.595051775505923,9.113265264331682,0.0,0.824320722980152,0.952812582790307,0.0,0.0,0.0,4.18534066638699,0,0,0,0,0,0,0.3133533449456271,0.2755635101186337,1.3806092944706403,0.0,0.0,0.0
image_1967.png,surface,0.0,0.0,2.9915726022421127,-5.429135879983111,12.82704675054603,0.0,-1.6229064439034318,-0.15527892601556237,0.0,0.0,0.0,2.1965579795010806,0,0,0,0,0,0,-0.9611534301473946,-0.49220017390603893,3.6596464455680104,0.0,0.0,0.0
image_1968.png,surface,0.0,0.0,1.920543693876778,-22.326232005268764,7.186897786671422,0.0,2.0298252732479067,-0.8971914501141098,0.0,0.0,0.0,0.9132007440386793,0,0,0,0,0,0,0.4830882140355425,-0.3737880298581325,1.4072534955522373,0.0,0.0,0.0
image_1969.png,surface,0.0,0.0,1.0737433679167836,1.1253923047682306,12.726104855182152,0.0,1.714870681125242,3.9425382094844608,0.0,0.0,0.0,-3.3180755600585865,0,0,0,0,0,0,0.08201084702707656,0.13705340860448992,0.36652635665720973,0.0,0.0,0.0
image_1970.png,surface,0.0,0.0,1.5126914095922506,-6.621882698565256,-7.495959204632379,0.0,-1.1966577199216586,2.1761935286249474,0.0,0.0,0.0,3.3762457236350016,0,0,0,0,0,0,-0.11234972404836661,0.1986450905609375,0.5163564441675166,0.0,0.0,0.0
image_1971.png,surface,0.0,0.0,0.7665991244794461,-21.252253071517213,11.26020767787586,0.0,4.181416818535718,-1.3021346533127538,0.0,0.0,0.0,1.7518408584334395,0,0,0,0,0,0,0.1876147936790614,-0.08886770610383991,0.3893342572478424,0.0,0.0,0.0
image_1972.png,surface,0.0,0.0,1.5346766724408774,7.754126770413239,-18.063721756110507,0.0,-4.691641671779073,0.6950878846374169,0.0,0.0,0.0,-2.4642085162463587,0,0,0,0,0,0,-0.431672682493668,0.10425894090735147,1.0313005134453148,0.0,0.0,0.0
image_1973.png,surface,0.0,0.0,2.6004181998673084,0.8127479924329613,-17.862534807809837,0.0,-0.9676147180329139,2.5192892710860395,0.0,0.0,0.0,4.162598845199605,0,0,0,0,0,0,-0.039003757699530135,1.1443518363225282,2.749123523976606,0.0,0.0,0.0
image_1974.png,surface,0.0,0.0,1.4754992797285635,-4.873822018737118,21.294572452921603,0.0,-1.8814494275936378,2.7538485338594714,0.0,0.0,0.0,4.862823724618973,0,0,0,0,0,0,-0.18823115912644653,0.27546283155900303,0.8483862419570555,0.0,0.0,0.0
image_1975.png,surface,0.0,0.0,0.6293339395234407,-2.760566055223962,5.467796878227161,0.0,-0.06326061153184402,-1.4162287881884525,0.0,0.0,0.0,-4.967186586480389,0,0,0,0,0,0,0.04965546576434121,-0.08095500055788091,0.1367368698567746,0.0,0.0,0.0
image_1976.png,surface,0.0,0.0,0.9147785519901013,-1.2497508357695648,6.873599162058209,0.0,-1.4440845867632088,-3.084945958251369,0.0,0.0,0.0,-0.5045682384344952,0,0,0,0,0,0,0.011831933754804158,-0.09077116012185388,0.2352793265891633,0.0,0.0,0.0
image_1977.png,surface,0.0,0.0,2.1741942570801087,0.9536802037152396,14.585794301477208,0.0,0.9146782608854787,-4.591164262341866,0.0,0.0,0.0,-2.2111310860695,0,0,0,0,0,0,0.21290860537175485,-0.5480343007336177,1.3054687173338866,0.0,0.0,0.0
image_1978.png,surface,0.0,0.0,2.2280637867373034,-5.0495293278669235,15.87109495001829,0.0,-4.824088949359666,-1.2672239673116357,0.0,0.0,0.0,2.281910655164162,0,0,0,0,0,0,-0.6807756366368714,-0.11501266955788332,1.875304485487635,0.0,0.0,0.0
image_1979.png,surface,0.0,0.0,0.9951043739572238,1.0175812833516074,0.22471471006907742,0.0,-4.025008200316835,-1.6345726081512917,0.0,0.0,0.0,-3.6777910630869206,0,0,0,0,0,0,-0.09130198543765967,-0.05942866602688639,0.26649671940853353,0.0,0.0,0.0
image_1980.png,surface,0.0,0.0,2.5253538554437673,21.850525217168148,4.91382150751964,0.0,2.436802919530978,-0.08005528748375028,0.0,0.0,0.0,0.5932344195199715,0,0,0,0,0,0,1.1233488562092946,0.6715810513226792,3.8515396252484506,0.0,0.0,0.0
image_1981.png,surface,0.0,0.0,1.2021390797182836,-7.4072005871486555,-7.588350798760094,0.0,-0.4612145306856009,-1.427235683746369,0.0,0.0,0.0,1.4211089076083478,0,0,0,0,0,0,0.02870817189320827,-0.2870943514013132,0.45889232493907123,0.0,0.0,0.0
image_1982.png,surface,0.0,0.0,1.889288084027063,-13.487428818273798,-7.55459913695062,0.0,-0.06838410633878902,1.8665164280713473,0.0,0.0,0.0,2.65358995864677,0,0,0,0,0,0,0.01882197449514955,0.39040943081212903,0.9161802366634982,0.0,0.0,0.0
image_1983.png,surface,0.0,0.0,1.2692641055769143,4.255617435030753,19.187340865576285,0.0,-1.3466769967095318,-0.747199243511913,0.0,0.0,0.0,-2.7099632611986744,0,0,0,0,0,0,-0.22996138274941,-0.13228533494448966,0.7078677802018828,0.0,0.0,0.0
image_1984.png,surface,0.0,0.0,2.232792547847192,19.671399345612556,11.543377994697913,0.0,-0.7467443056183887,0.4758728681793943,0.0,0.0,0.0,-0.28035756028088343,0,0,0,0,0,0,-0.5408378517305453,0.7933816581431493,3.5687832888288873,0.0,0.0,0.0
image_1985.png,surface,0.0,0.0,1.4391877871204233,-13.91617088176711,11.73525624843631,0.0,-4.858867140190757,-0.5691185992318865,0.0,0.0,0.0,-4.464171116056052,0,0,0,0,0,0,-0.22041913248989212,-0.007711348426697991,0.5932744923117236,0.0,0.0,0.0
image_1986.png,surface,0.0,0.0,2.404517307048472,9.559421079649857,-12.138852099509666,0.0,-3.4825176448914967,-0.6885803221511286,0.0,0.0,0.0,-0.5078684821216193,0,0,0,0,0,0,-0.7272617664896587,0.059507321151597736,1.8344673123917372,0.0,0.0,0.0
image_1987.png,surface,0.0,0.0,1.708565241632684,-11.806518075776141,-17.905873817561492,0.0,1.7135367153936556,-1.395297882648337,0.0,0.0,0.0,3.5424264099392673,0,0,0,0,0,0,0.6552763697950502,-0.49430026573583147,1.8940885132699345,0.0,0.0,0.0
image_1988.png,surface,0.0,0.0,2.1006755842098626,13.96264781772764,9.563113418448784,0.0,-0.6727694194299995,-2.109500657059038,0.0,0.0,0.0,3.907614421760936,0,0,0,0,0,0,-0.23558628816554672,-0.5162639227602207,1.3637947760207225,0.0,0.0,0.0
image_1989.png,surface,0.0,0.0,2.81513284440024,-20.85015796394749,-12.821191266973324,0.0,2.6701113705974633,-3.3246559007605114,0.0,0.0,0.0,-3.51978542101282,0,0,0,0,0,0,1.5225253826158254,-2.0064607693359373,6.241599491194623,0.0,0.0,0.0
image_1990.png,surface,0.0,0.0,1.58836195250236,19.056400497118286,-10.583631670388769,0.0,-0.9016863519900992,0.7463549270376398,0.0,0.0,0.0,4.328041670577518,0,0,0,0,0,0,-0.24788315931337854,0.49229927936317525,1.8121596046474246,0.0,0.0,0.0
image_1991.png,surface,0.0,0.0,1.876612437823169,3.559598248322462,15.31740509913467,0.0,0.45267272051682145,2.9346650723634715,0.0,0.0,0.0,-3.349992919874002,0,0,0,0,0,0,0.028957761852149377,0.40014378904640224,0.9700938798845905,0.0,0.0,0.0
image_1992.png,surface,0.0,0.0,0.9727944738720974,2.939023123552949,16.348150944083912,0.0,-1.7274274924327195,-0.18374391315402136,0.0,0.0,0.0,0.9241163162311974,0,0,0,0,0,0,-0.12916965225700952,-0.04551300136295928,0.4184526265156951,0.0,0.0,0.0
image_1993.png,surface,0.0,0.0,2.2335806579005433,13.814832937019466,18.006180127975178,0.0,-1.5076603181557573,-3.1067937569718294,0.0,0.0,0.0,3.625784460644203,0,0,0,0,0,0,-0.4676882091908754,-0.6711641791617098,2.154613064073644,0.0,0.0,0.0
image_1994.png,surface,0.0,0.0,1.0317686218060174,15.422778897740288,4.564327562853464,0.0,4.682847291447639,-1.424564056755481,0.0,0.0,0.0,2.0482209259111315,0,0,0,0,0,0,0.24083224297329126,-0.0835506196733546,0.5210591501244258,0.0,0.0,0.0
image_1995.png,surface,0.0,0.0,2.224895518716749,5.8339704277633055,-19.882924252360674,0.0,-0.9204376066000313,-1.4454685476310547,0.0,0.0,0.0,-2.2507245595576975,0,0,0,0,0,0,0.2785629396932221,-0.3884399064893572,2.290669984279957,0.0,0.0,0.0
image_1996.png,surface,0.0,0.0,2.8079585758580214,16.202805973011575,0.19097133619959328,0.0,-2.3858404936316675,3.5172851896766275,0.0,0.0,0.0,-3.861392437648198,0,0,0,0,0,0,-0.6798777215406812,2.0625072650002356,5.7426035349008,0.0,0.0,0.0
image_1997.png,surface,0.0,0.0,2.853252223151428,-20.04510404085757,6.555919332676927,0.0,-0.1777405045036918,4.443341739635694,0.0,0.0,0.0,-1.1453368481794115,0,0,0,0,0,0,-0.16210335171729143,0.7356267731701206,2.184385703448513,0.0,0.0,0.0
image_1998.png,surface,0.0,0.0,2.5045704635841357,-5.235891289520579,15.19067722085792,0.0,-4.24446371276356,0.09255602797864942,0.0,0.0,0.0,0.975622917785202,0,0,0,0,0,0,-0.8539880243620342,-0.01318574510660599,2.3233611595929426,0.0,0.0,0.0
image_1999.png,surface,0.0,0.0,1.847861491482172,-10.061005061413839,8.454076662477377,0.0,0.7647806409100874,-4.601443677876487,0.0,0.0,0.0,4.302862965702346,0,0,0,0,0,0,0.1674345323646743,-0.441415706084927,0.8982871773887048,0.0,0.0,0.0
image_2000.png,surface,0.0,0.0,2.593046322074859,8.768236741180084,8.773661348866723,0.0,2.566115512038521,1.3635184238470026,0.0,0.0,0.0,-2.1477219776118606,0,0,0,0,0,0,0.75282951838119,0.3542595354948054,2.0708084322774387,0.0,0.0,0.0
image_2001.png,surface,0.0,0.0,1.644399249658465,-8.645125796681311,10.89336100570144,0.0,-0.5684913113624467,-3.880883702728541,0.0,0.0,0.0,-3.013245819413821,0,0,0,0,0,0,0.04431363188700356,-0.32286670212002255,0.6685713797129508,0.0,0.0,0.0
image_2002.png,surface,0.0,0.0,1.4422942543311217,-2.0419314924380156,-7.746315960912201,0.0,2.7917537602302316,-1.8485441343020297,0.0,0.0,0.0,0.9434634469869927,0,0,0,0,0,0,0.2407941957234528,-0.17737045242901936,0.61156279325526,0.0,0.0,0.0
image_2003.png,surface,0.0,0.0,2.255837823639391,7.147378633547128,-13.871254109188342,0.0,-2.867828097148588,2.5897714881085263,0.0,0.0,0.0,1.5847971086991723,0,0,0,0,0,0,-0.49887021326858877,0.5450611370195301,1.8185102673926512,0.0,0.0,0.0
image_2004.png,surface,0.0,0.0,1.018310262574879,-7.965124912495749,12.08499909408328,0.0,0.5784991226196944,3.2114118047206675,0.0,0.0,0.0,3.4308347391198133,0,0,0,0,0,0,0.03128625354227097,0.1309167357745126,0.30499370454486663,0.0,0.0,0.0
image_2005.png,surface,0.0,0.0,0.6856988486918119,1.9245291465216632,-5.280328592425227,0.0,4.6946261558111475,1.3996443148138513,0.0,0.0,0.0,-1.4209327439901531,0,0,0,0,0,0,0.12282793665391373,-0.010542932916305587,0.22364091089713528,0.0,0.0,0.0
image_2006.png,surface,0.0,0.0,1.415066562797631,12.092465537503983,2.1250273672030673,0.0,1.0331298825477246,0.6331740231343376,0.0,0.0,0.0,-4.7181705152659825,0,0,0,0,0,0,0.3127993769879772,0.10616554113035383,0.6702461325466079,0.0,0.0,0.0
image_2007.png,surface,0.0,0.0,1.351588361804919,4.397211721520388,-7.8420760307990225,0.0,-2.2070110480092673,-3.838732619275693,0.0,0.0,0.0,4.8096579667184365,0,0,0,0,0,0,-0.058949647954911484,-0.2497646292133198,0.47925731939634264,0.0,0.0,0.0
image_2008.png,surface,0.0,0.0,0.8013102576954108,15.947363837289721,-8.14628986959198,0.0,1.3617714302311004,4.5342020250725845,0.0,0.0,0.0,2.6506721171542846,0,0,0,0,0,0,0.028686865433298642,0.17421795503058943,0.5529754731263751,0.0,0.0,0.0
image_2009.png,surface,0.0,0.0,2.636405739615957,16.32990966235229,12.810234349498925,0.0,-3.189746792481567,-1.1292614290341367,0.0,0.0,0.0,-4.153085777172667,0,0,0,0,0,0,-1.4451601047940412,0.14694979639566838,4.015866373286896,0.0,0.0,0.0
image_2010.png,surface,0.0,0.0,2.1703694702705203,-8.106951738882925,-18.250627535371308,0.0,-0.5797609146296133,-3.3685019927284583,0.0,0.0,0.0,-1.1312792785088357,0,0,0,0,0,0,0.491734071088863,-0.9953648721968366,2.685956313098616,0.0,0.0,0.0
image_2011.png,surface,0.0,0.0,0.5644779087239213,18.561337361730924,-12.099382865939079,0.0,-3.2387509524512783,1.9544197004239992,0.0,0.0,0.0,4.280269328549197,0,0,0,0,0,0,-0.18494387674039256,0.12085831842642882,0.5375454170189471,0.0,0.0,0.0
image_2012.png,surface,0.0,0.0,1.8503988927694626,8.050065020776346,3.0447292831339485,0.0,3.709365343587887,1.3386292673525562,0.0,0.0,0.0,4.790346850016775,0,0,0,0,0,0,0.41128696603015247,0.03945812986268171,0.8879238068540342,0.0,0.0,0.0
image_2013.png,surface,0.0,0.0,0.8845079673754295,6.307090711440392,-24.140417097985985,0.0,-1.5962956412022207,-2.0299300087675007,0.0,0.0,0.0,2.2900416999340187,0,0,0,0,0,0,-0.1594156939886935,-0.2611287216316118,0.6687723500529897,0.0,0.0,0.0
image_2014.png,surface,0.0,0.0,1.778050341866657,-6.657646839260318,-5.385015265647425,0.0,-3.008963892089544,-0.24062877819480485,0.0,0.0,0.0,1.7811397593564564,0,0,0,0,0,0,-0.30406220653504423,-0.004455026263649269,0.7261158870774121,0.0,0.0,0.0
image_2015.png,surface,0.0,0.0,2.428131398432374,-12.75515715072203,-21.591315320001897,0.0,0.035888083924142944,-1.0907921266443783,0.0,0.0,0.0,-2.190899908506667,0,0,0,0,0,0,1.2777141582544147,-1.2747227055315438,4.581128949702867,0.0,0.0,0.0
image_2016.png,surface,0.0,0.0,1.532634040162652,1.0229609362305705,8.616245157791903,0.0,0.5380103726744001,-3.835727885965103,0.0,0.0,0.0,-2.7828359056666496,0,0,0,0,0,0,0.1130026148555969,-0.276192751116324,0.5279234037386418,0.0,0.0,0.0
image_2017.png,surface,0.0,0.0,1.992162221714749,-14.79641419237138,12.610982755800586,0.0,1.8692262920572953,-1.7297346987817648,0.0,0.0,0.0,-2.7893397676218115,0,0,0,0,0,0,0.3782452123803294,-0.40554896921656425,1.1970563839018127,0.0,0.0,0.0
image_2018.png,surface,0.0,0.0,1.8660973226479924,5.31425888728904,-21.400550839849583,0.0,-2.2613699334406587,1.552541793008059,0.0,0.0,0.0,-2.551776969434526,0,0,0,0,0,0,-0.5353042597140208,0.5447307854957425,1.508855167460772,0.0,0.0,0.0
image_2019.png,surface,0.0,0.0,1.9440146493950476,22.089379836013894,6.9677569396097025,0.0,0.6071985826955169,-1.0155622008868972,0.0,0.0,0.0,-2.691868789763716,0,0,0,0,0,0,0.37877939576806346,-0.03815088168997958,1.790099760322492,0.0,0.0,0.0
image_2020.png,surface,0.0,0.0,1.6952928362766444,-5.74483531943955,16.55946994184124,0.0,-0.14258369075143873,-1.8162589203047703,0.0,0.0,0.0,2.716063352218847,0,0,0,0,0,0,0.014676346152736977,-0.44009429998977684,0.9106066592330878,0.0,0.0,0.0
image_2021.png,surface,0.0,0.0,0.9175799121461132,-15.068993778692768,-5.8716794291563525,0.0,0.4264102560474103,-1.5761710701943425,0.0,0.0,0.0,-3.2631214119537355,0,0,0,0,0,0,0.08370014491990986,-0.18081554689137513,0.37388187110263243,0.0,0.0,0.0
image_2022.png,surface,0.0,0.0,1.1040356737823969,-7.084964464867294,19.349117183581132,0.0,4.2440146405733685,1.3930196952631795,0.0,0.0,0.0,2.275892806335646,0,0,0,0,0,0,0.22791139692810677,0.0030958657086376335,0.452461274057827,0.0,0.0,0.0
image_2023.png,surface,0.0,0.0,2.735123366542374,-2.6910647369210836,12.62449500762274,0.0,-1.6420153511398519,-0.6790802010918952,0.0,0.0,0.0,-3.892094560140713,0,0,0,0,0,0,-0.7596034507424514,-0.38737963540824855,2.8228394447028635,0.0,0.0,0.0
image_2024.png,surface,0.0,0.0,2.3455162183992404,-1.2568555193294009,-22.427296705199698,0.0,1.5991641348708898,-3.9297655654713948,0.0,0.0,0.0,3.588703421187388,0,0,0,0,0,0,1.089471584953017,-1.0090256942566989,3.550977316701444,0.0,0.0,0.0
image_2025.png,surface,0.0,0.0,2.957164596391341,-16.478561435418936,0.7689215504263014,0.0,-2.216012172513966,-4.413446150011285,0.0,0.0,0.0,-3.3450440180520147,0,0,0,0,0,0,-0.21201829972553168,-1.973727652636072,5.1843615223635195,0.0,0.0,0.0
image_2026.png,surface,0.0,0.0,0.6353251906109743,-20.252642774831067,-0.6149621168327158,0.0,-0.8182787922413075,-4.42606898154764,0.0,0.0,0.0,1.7734652270180193,0,0,0,0,0,0,0.05100994785859503,-0.10540573262564244,0.3076956391165003,0.0,0.0,0.0
image_2027.png,surface,0.0,0.0,1.2914302613007838,-13.706897419453613,15.253603788843742,0.0,-3.764170606340415,-2.2038565457600554,0.0,0.0,0.0,-3.4659408809464853,0,0,0,0,0,0,-0.1673066936052166,-0.09641545187113841,0.6236455766991519,0.0,0.0,0.0
image_2028.png,surface,0.0,0.0,2.8982192263263293,-10.244592418251292,20.45490658479704,0.0,2.8947844886108896,-1.547469381216886,0.0,0.0,0.0,0.9419635666195418,0,0,0,0,0,0,0.8659363827013447,-0.7161769339315047,2.795654856706938,0.0,0.0,0.0
image_2029.png,surface,0.0,0.0,1.598447027266678,-21.0357181637614,2.437679892374718,0.0,-0.8018337202373281,0.401356501870143,0.0,0.0,0.0,-3.6677181875996534,0,0,0,0,0,0,-0.24945679356670258,0.07039319041164463,0.8383332589475562,0.0,0.0,0.0
image_2030.png,surface,0.0,0.0,2.0108436158320995,-3.4067988031828293,-3.9893561686798407,0.0,0.1869001582190011,2.5276081859413484,0.0,0.0,0.0,1.9852841135544317,0,0,0,0,0,0,0.006479446647511574,0.3474605865147588,0.863579599663993,0.0,0.0,0.0
image_2031.png,surface,0.0,0.0,1.9243535981580957,-10.978079495240488,-9.393064672281504,0.0,-3.5803724864968944,1.6580259444122818,0.0,0.0,0.0,-1.5411578607039154,0,0,0,0,0,0,-0.3642255617598065,0.1660535530855543,0.9885697531454966,0.0,0.0,0.0
image_2032.png,surface,0.0,0.0,0.8517235080053643,22.26831502825526,9.642562016221467,0.0,0.5636851683283454,-1.9734714152662658,0.0,0.0,0.0,0.40663771025773343,0,0,0,0,0,0,0.15761834190631865,-0.2192354291078674,0.6388277693871988,0.0,0.0,0.0
image_2033.png,surface,0.0,0.0,2.3277607463206103,3.1556046190590865,-11.174692274265894,0.0,-1.7592082682608334,3.017585439182862,0.0,0.0,0.0,3.4123927166750523,0,0,0,0,0,0,-0.3038795797358187,0.5909831450309879,1.6189601177567303,0.0,0.0,0.0
image_2034.png,surface,0.0,0.0,0.6457814961922697,-18.29999100080321,12.962526627399825,0.0,1.4676454626423885,1.990420695474421,0.0,0.0,0.0,0.4571220119891368,0,0,0,0,0,0,0.07702970107820857,0.06555590024189836,0.2808794967439814,0.0,0.0,0.0
image_2035.png,surface,0.0,0.0,1.8449072287297676,-12.928026510105479,-10.557569344458788,0.0,-2.652479561269069,-2.5866628023583726,0.0,0.0,0.0,-1.450049912190404,0,0,0,0,0,0,-0.23877312581202675,-0.5162827999901514,1.360311290126716,0.0,0.0,0.0
image_2036.png,surface,0.0,0.0,1.8815944605453305,-11.189960288050097,0.7172539323674785,0.0,-1.4380575731439205,2.978296245951742,0.0,0.0,0.0,-0.40866712312797304,0,0,0,0,0,0,-0.12111581041117733,0.24049119000985505,0.7811817602480596,0.0,0.0,0.0
image_2037.png,surface,0.0,0.0,1.0046211260061406,-2.7344456420653924,-1.931986026189829,0.0,-2.677913615055161,1.6653753529310165,0.0,0.0,0.0,3.733087444593563,0,0,0,0,0,0,-0.09413270082565055,0.05447968558004997,0.26896642158723333,0.0,0.0,0.0
image_2038.png,surface,0.0,0.0,2.376060563837823,-16.54260576360907,-6.17029113508323,0.0,1.4218005924791697,-1.1648344476871673,0.0,0.0,0.0,-2.272400300823306,0,0,0,0,0,0,0.8014234658750347,-0.9986715336397005,2.6918737731108706,0.0,0.0,0.0
image_2039.png,surface,0.0,0.0,2.7404420406256333,8.25202947515452,5.123345618204327,0.0,1.1088140484645217,3.0008016835420372,0.0,0.0,0.0,4.57292860576834,0,0,0,0,0,0,0.25116891980943906,1.04868832744363,2.751354294751038,0.0,0.0,0.0
image_2040.png,surface,0.0,0.0,2.947669998893794,-14.870309807330628,17.511755653954932,0.0,-1.077522379931477,-0.8315245443546109,0.0,0.0,0.0,3.1104643520758444,0,0,0,0,0,0,-0.8511207836141984,-1.3512038025958453,4.582133801403064,0.0,0.0,0.0
image_2041.png,surface,0.0,0.0,0.5670423403490776,-18.54415246476642,0.05486103736634188,0.0,2.257663755271256,1.1002276673324405,0.0,0.0,0.0,-1.4722857909221867,0,0,0,0,0,0,0.13036129212195424,-0.0015337749318707734,0.22679391223196718,0.0,0.0,0.0
image_2042.png,surface,0.0,0.0,1.2743122670372693,5.950290523183524,10.740655163215084,0.0,-0.04837788923496337,3.338334919759862,0.0,0.0,0.0,1.3376689904239027,0,0,0,0,0,0,-0.007037980275141964,0.14557175861072608,0.48307575585708096,0.0,0.0,0.0
image_2043.png,surface,0.0,0.0,2.812059533566282,10.503422471393492,-14.358031750286877,0.0,2.072311995902991,-3.8479349597117283,0.0,0.0,0.0,3.3775667402004768,0,0,0,0,0,0,1.3443729399716207,-0.9133024074830192,3.8462116782336437,0.0,0.0,0.0
image_2044.png,surface,0.0,0.0,0.6262635175754698,-2.7383987298772836,-18.008885808468996,0.0,-3.5080632442961495,-1.3620905844598306,0.0,0.0,0.0,-0.2147514603435141,0,0,0,0,0,0,-0.11698844474868716,-0.06009566148443835,0.33509012946757527,0.0,0.0,0.0
image_2045.png,surface,0.0,0.0,1.1800629839599048,10.537546744848013,15.512965323227457,0.0,0.6185531233368536,1.9772740924056105,0.0,0.0,0.0,-1.3939071308955842,0,0,0,0,0,0,0.07137283597220728,0.20624317560805125,0.5903447913547127,0.0,0.0,0.0
image_2046.png,surface,0.0,0.0,1.8334713858345226,20.993631265429165,11.81407558508848,0.0,1.3103791376779712,1.6302244485116406,0.0,0.0,0.0,-2.7513056679460277,0,0,0,0,0,0,0.37635502500834817,0.6364741229590282,2.131367494742484,0.0,0.0,0.0
image_2047.png,surface,0.0,0.0,2.350492848436441,-6.682746403959147,15.21452152088867,0.0,-2.8790879662200717,-0.18967898776491648,0.0,0.0,0.0,-1.6452141792799702,0,0,0,0,0,0,-0.7442201866877142,-0.10318293880130056,1.9802377990332596,0.0,0.0,0.0
image_2048.png,surface,0.0,0.0,1.070141051393727,11.671794426884926,-22.193561785651386,0.0,3.873887131880887,2.362030619018724,0.0,0.0,0.0,0.5197519331158187,0,0,0,0,0,0,0.5404117225323526,0.08871983446938268,1.5509651527102484,0.0,0.0,0.0
image_2049.png,surface,0.0,0.0,1.2508604695340986,-17.90206224572753,-10.200501624322957,0.0,-1.5610052158835077,-3.736546741971101,0.0,0.0,0.0,-0.5241479844271097,0,0,0,0,0,0,0.013023573619748707,-0.3414607736017788,0.839690925244707,0.0,0.0,0.0
image_2050.png,surface,0.0,0.0,0.9863460730722367,-0.34083600338459646,-4.6790647306120405,0.0,-4.918913627657352,-0.09069937566386994,0.0,0.0,0.0,3.9784654886330966,0,0,0,0,0,0,-0.11091153800446801,-0.010023809093210857,0.27607630561705254,0.0,0.0,0.0
image_2051.png,surface,0.0,0.0,1.6076551358217372,10.27406795006405,-6.632615371559391,0.0,1.845877211910927,-2.2737796318318337,0.0,0.0,0.0,4.032551818420462,0,0,0,0,0,0,0.32946407241727893,-0.3162124785694446,0.8550048651556683,0.0,0.0,0.0
image_2052.png,surface,0.0,0.0,1.7608651241658997,-2.492015551665922,3.2490953502102937,0.0,0.27723184646565613,-4.689589853447646,0.0,0.0,0.0,3.4845394742209983,0,0,0,0,0,0,0.11565983478432383,-0.333318395091663,0.7058625428090509,0.0,0.0,0.0
image_2053.png,surface,0.0,0.0,2.7480674267517404,21.014661310110043,-12.17365134872213,0.0,-1.3758826037124752,4.039710053461067,0.0,0.0,0.0,-4.520403917456035,0,0,0,0,0,0,0.4105564588332519,2.558519066249787,7.680727999178914,0.0,0.0,0.0
image_2054.png,surface,0.0,0.0,2.4268859510946488,0.5057830565462625,-17.66138001133811,0.0,-2.9281612439484643,1.3858921729703157,0.0,0.0,0.0,-2.870622345836218,0,0,0,0,0,0,-0.7574332356116585,0.47243099486109547,1.7651772051538934,0.0,0.0,0.0
image_2055.png,surface,0.0,0.0,2.2883626265099037,-15.596150999782717,-18.437269080708113,0.0,2.7635076198268664,-1.2023298811909022,0.0,0.0,0.0,-3.162561479198498,0,0,0,0,0,0,1.3189878148793144,-0.9354013513219124,3.945569181345078,0.0,0.0,0.0
image_2056.png,surface,0.0,0.0,1.9316743953932503,17.567722173820496,-10.41085624418757,0.0,2.7558901594423513,-1.8477771637865017,0.0,0.0,0.0,-4.098900629673965,0,0,0,0,0,0,0.8476737027788215,-0.315768863666073,2.071116586798833,0.0,0.0,0.0
image_2057.png,surface,0.0,0.0,1.3214505064214022,18.508424251288947,-1.268865331144757,0.0,3.52687226183273,-0.2978516195661803,0.0,0.0,0.0,0.46006612358223453,0,0,0,0,0,0,0.40357098376288697,-0.06785105678097471,1.0051453401911465,0.0,0.0,0.0
image_2058.png,surface,0.0,0.0,0.6751923507708006,8.504522726120118,-1.4430506157229535,0.0,-0.5457410321163735,-3.2467262263759054,0.0,0.0,0.0,-2.351979215880963,0,0,0,0,0,0,0.0404358561834546,-0.12040369180559723,0.2441890116642196,0.0,0.0,0.0
image_2059.png,surface,0.0,0.0,1.1470190125179567,-6.153840794745353,15.65547958599113,0.0,1.3797331006607632,-2.3690065847392225,0.0,0.0,0.0,2.0793871947412566,0,0,0,0,0,0,0.1423613947210448,-0.169677981232252,0.4090315835754289,0.0,0.0,0.0
image_2060.png,surface,0.0,0.0,0.9867181475603938,14.63267333154727,18.61647944836817,0.0,-4.913758145787664,0.44717633469599116,0.0,0.0,0.0,-3.7780440311592853,0,0,0,0,0,0,-0.2658505925771533,0.02914644301302746,0.7866481534971167,0.0,0.0,0.0
image_2061.png,surface,0.0,0.0,1.0697431969491762,-17.182206729174553,-0.26249951454770687,0.0,-2.229822215054182,2.0753229224619862,0.0,0.0,0.0,0.7999178154349451,0,0,0,0,0,0,-0.10620433225443787,0.08445672671002895,0.4066802305969743,0.0,0.0,0.0
image_2062.png,surface,0.0,0.0,1.0669372029492,-2.9098055718816744,-14.608926943644029,0.0,-0.05756107677221446,0.4102276338784181,0.0,0.0,0.0,0.7193532366685247,0,0,0,0,0,0,0.05495164294187273,0.13934227273358946,0.49703202947089054,0.0,0.0,0.0
image_2063.png,surface,0.0,0.0,1.5763667038648614,20.887243547709918,3.0750074822664013,0.0,-1.2819215187064963,3.219899716043802,0.0,0.0,0.0,1.0897333307338375,0,0,0,0,0,0,-0.250324270863022,0.5926317564449374,1.8556607512507246,0.0,0.0,0.0
image_2064.png,surface,0.0,0.0,1.451787199169796,-2.3630476448897,-1.9857692289272302,0.0,-2.899502299259239,-1.1614956014999658,0.0,0.0,0.0,4.856264944219301,0,0,0,0,0,0,-0.1854461004382619,-0.06380031785834163,0.44825429493968055,0.0,0.0,0.0
image_2065.png,surface,0.0,0.0,1.3426169066122497,-20.45432056803843,6.906766391178791,0.0,1.1525030541347776,1.2919223217623315,0.0,0.0,0.0,-1.318564831297694,0,0,0,0,0,0,0.19807017793470552,0.17206280461349924,0.5698949427538694,0.0,0.0,0.0
image_2066.png,surface,0.0,0.0,2.70309392872103,-7.070145314405431,-20.781069371800882,0.0,-2.1373440434611717,-0.6768168734836575,0.0,0.0,0.0,-0.47292724253205876,0,0,0,0,0,0,-0.257492372732612,-0.4751210001262226,3.149309063084659,0.0,0.0,0.0
image_2067.png,surface,0.0,0.0,1.006843536437912,9.31969559848532,21.985085134670133,0.0,-0.9495051539772087,-3.3986959197674977,0.0,0.0,0.0,-4.3387327114441385,0,0,0,0,0,0,0.028364224754667416,-0.2590679573641751,0.5518746022637179,0.0,0.0,0.0
image_2068.png,surface,0.0,0.0,0.9091341804843318,19.192054238584433,-16.135886511212508,0.0,3.2050975775686394,0.16740882900679876,0.0,0.0,0.0,1.3664007828556688,0,0,0,0,0,0,0.4938342792799534,-0.041926327676123025,1.2086992656013973,0.0,0.0,0.0
image_2069.png,surface,0.0,0.0,0.6900072365915175,-8.214811573031174,-17.037325342727215,0.0,-0.8200572935144969,-3.0335377632547686,0.0,0.0,0.0,-0.5921653993884854,0,0,0,0,0,0,0.04530286038280675,-0.18698997418121388,0.41079342355643683,0.0,0.0,0.0
image_2070.png,surface,0.0,0.0,2.8121503886897705,-6.351665719094519,7.948702625782182,0.0,-1.9845566881095207,2.8665190237360108,0.0,0.0,0.0,-3.508737552284207,0,0,0,0,0,0,-0.540597393111565,0.6769185880855901,2.096139627137451,0.0,0.0,0.0
image_2071.png,surface,0.0,0.0,0.9858657613537226,20.436206748070916,-12.281898885654087,0.0,-0.7067820294798938,-1.525447222059334,0.0,0.0,0.0,-3.1038854725959286,0,0,0,0,0,0,-0.01318337206907072,-0.3126100738576661,0.7495490287259431,0.0,0.0,0.0
image_2072.png,surface,0.0,0.0,1.9306699626326023,7.262004767109391,-1.1401645570532233,0.0,-1.4720973132244468,-3.370152892788112,0.0,0.0,0.0,3.758175357636233,0,0,0,0,0,0,-0.07638746350093314,-0.4260779567662193,0.879241888164355,0.0,0.0,0.0
image_2073.png,surface,0.0,0.0,1.4342945483417833,-9.031501675686947,-2.1148656767439022,0.0,-4.445121705139625,1.394363291560362,0.0,0.0,0.0,4.482712604830368,0,0,0,0,0,0,-0.17458893722432256,0.07310521911169103,0.4568826215386822,0.0,0.0,0.0
image_2074.png,surface,0.0,0.0,1.888249376835038,-23.222819295396384,0.15591596780116843,0.0,-2.8631742515025103,-2.690528743007476,0.0,0.0,0.0,4.312948422733362,0,0,0,0,0,0,-0.28309817187398184,-0.6200886873791659,1.684161595076673,0.0,0.0,0.0
image_2075.png,surface,0.0,0.0,2.1064158468009477,14.086747653053225,13.370052108666249,0.0,-4.092673323178538,-1.9136300653939,0.0,0.0,0.0,4.635091497953924,0,0,0,0,0,0,-0.7968730147943394,-0.15517240313299005,2.0341045491750096,0.0,0.0,0.0
image_2076.png,surface,0.0,0.0,2.600192574442121,-18.77586605306625,-1.3321676778925582,0.0,-0.012306382609220613,-2.330704176455371,0.0,0.0,0.0,-4.125692202205653,0,0,0,0,0,0,0.32453923639817206,-1.573426553340249,3.7910475528967558,0.0,0.0,0.0
image_2077.png,surface,0.0,0.0,1.7681575823889333,-5.379087969642064,3.5770940690306836,0.0,-1.304826080561189,-1.796342619036673,0.0,0.0,0.0,0.003861567577104985,0,0,0,0,0,0,-0.0698889932285023,-0.2817458029209435,0.749361456408573,0.0,0.0,0.0
image_2078.png,surface,0.0,0.0,1.3181017788484646,14.565961059792064,-2.936994083952652,0.0,3.5360522155576404,2.0620582833364063,0.0,0.0,0.0,3.8323510111581847,0,0,0,0,0,0,0.3165112666822301,0.07333803828083649,0.8020826756121017,0.0,0.0,0.0
image_2079.png,surface,0.0,0.0,0.9526998092671369,1.8799815372878061,2.0898732785959915,0.0,4.570646618558974,0.4045489153075894,0.0,0.0,0.0,3.5526974361382386,0,0,0,0,0,0,0.15551813371522874,-0.024748048439170323,0.24981618118530774,0.0,0.0,0.0
image_2080.png,surface,0.0,0.0,2.0170425535970526,-15.159162057964906,-19.973274605535785,0.0,-3.132627692810358,2.0673254062769932,0.0,0.0,0.0,-4.632420785156068,0,0,0,0,0,0,-0.5069605804742658,0.3413616681446429,1.4480683386103521,0.0,0.0,0.0
image_2081.png,surface,0.0,0.0,0.8300109708698316,-9.587619678547027,11.059796843068291,0.0,3.1726799926537708,2.284381425053599,0.0,0.0,0.0,3.4669890220954684,0,0,0,0,0,0,0.13422384892556757,0.030688083457369363,0.23045603842823065,0.0,0.0,0.0
image_2082.png,surface,0.0,0.0,2.6395178807665727,-21.09643883717182,-7.5178955618278795,0.0,3.4273064286290134,-3.3124800221814175,0.0,0.0,0.0,4.145354766139437,0,0,0,0,0,0,1.2533943561575887,-1.295987905048498,4.18644329890055,0.0,0.0,0.0
image_2083.png,surface,0.0,0.0,0.5694737199498614,5.767372251896364,20.111593084114304,0.0,0.13750337301771973,-0.8255142962075362,0.0,0.0,0.0,-2.345234087237783,0,0,0,0,0,0,0.07119020917298212,-0.1462544850932203,0.2735887394081271,0.0,0.0,0.0
image_2084.png,surface,0.0,0.0,2.613249605821429,5.8393341700188826,-17.902411255362665,0.0,0.2989503963830869,3.558700845649347,0.0,0.0,0.0,-2.756607441962543,0,0,0,0,0,0,0.5415911872773495,1.2432166087771774,3.857635725562964,0.0,0.0,0.0
image_2085.png,surface,0.0,0.0,1.0481165546679143,-0.11741024786875606,20.454081291676403,0.0,-3.830415997477927,0.3246668582973862,0.0,0.0,0.0,1.210849684195714,0,0,0,0,0,0,-0.14231421613124498,0.023955204782080203,0.522318564255336,0.0,0.0,0.0
image_2086.png,surface,0.0,0.0,1.7196446100899188,7.26492434903925,-4.312446834579405,0.0,-3.6031808058625923,0.7691786087593019,0.0,0.0,0.0,-2.939040615293367,0,0,0,0,0,0,-0.3278036904343226,0.10239324134919883,0.8009661737229973,0.0,0.0,0.0
image_2087.png,surface,0.0,0.0,2.3263017571818625,16.661465248932263,8.174208300956478,0.0,-1.54634647159467,-1.5868097737418032,0.0,0.0,0.0,-1.7286570221853195,0,0,0,0,0,0,-0.5947310201819083,-0.29945893700593307,2.2040160396627537,0.0,0.0,0.0
image_2088.png,surface,0.0,0.0,2.460417097238226,-3.2796444641572307,13.205258866014896,0.0,-1.997433510032206,3.593985436792454,0.0,0.0,0.0,2.173620122298563,0,0,0,0,0,0,-0.39911945553177236,0.5661564414671063,1.7003866005291441,0.0,0.0,0.0
image_2089.png,surface,0.0,0.0,1.5044494732315676,9.54575139664468,-16.32768230838776,0.0,4.124810363136337,-0.8144233967247984,0.0,0.0,0.0,-3.422372201995808,0,0,0,0,0,0,0.5940735637046973,-0.19086767182948203,1.4011864242868413,0.0,0.0,0.0
image_2090.png,surface,0.0,0.0,1.748636897164253,2.185452274989786,-12.77350945508539,0.0,-1.2090438513845838,1.7008639827187302,0.0,0.0,0.0,0.9491099244342491,0,0,0,0,0,0,-0.19001177041889242,0.3474023817224724,0.9675750516227702,0.0,0.0,0.0
image_2091.png,surface,0.0,0.0,0.5739316453207575,2.6376918200834045,-7.639076432867409,0.0,-1.4238121584364005,-0.09943900202483216,0.0,0.0,0.0,3.5510782507686276,0,0,0,0,0,0,-0.0641438585028755,-0.002850461719538302,0.18979303962703428,0.0,0.0,0.0
image_2092.png,surface,0.0,0.0,1.3600651480323696,6.061600584859937,-6.372610081612627,0.0,3.930736581228796,-2.316275488751503,0.0,0.0,0.0,3.5713152159375277,0,0,0,0,0,0,0.26326794525810987,-0.17818689262352277,0.5697609625271767,0.0,0.0,0.0
image_2093.png,surface,0.0,0.0,1.153947119635139,9.147489177135968,0.5525164421136899,0.0,2.2097931571098233,-0.5468305357767422,0.0,0.0,0.0,-4.353099171464994,0,0,0,0,0,0,0.22731785983062494,-0.08864747175464817,0.42378950554561656,0.0,0.0,0.0
image_2094.png,surface,0.0,0.0,1.4751726852758322,10.898765803537065,-19.608443581545053,0.0,-1.8538406164282188,0.09565804977159621,0.0,0.0,0.0,-0.07573591990662365,0,0,0,0,0,0,-0.5014330760177158,0.18078723104647915,1.1698583978832202,0.0,0.0,0.0
image_2095.png,surface,0.0,0.0,1.2522334257990764,-17.652232165141562,-6.711154941843374,0.0,0.14567949375991207,1.8657405790860782,0.0,0.0,0.0,-2.552563520257589,0,0,0,0,0,0,0.002248592465460608,0.21689622569895273,0.5142261585631045,0.0,0.0,0.0
image_2096.png,surface,0.0,0.0,0.8993495091252517,13.449617979124824,-13.33253355902879,0.0,2.7209370814942457,2.511739578227463,0.0,0.0,0.0,-4.888864794590231,0,0,0,0,0,0,0.2863991512699779,0.11291415083058529,0.7088279718265135,0.0,0.0,0.0
image_2097.png,surface,0.0,0.0,2.8543257959945842,0.05253721092944193,12.553658293207231,0.0,1.9515926889447064,3.851742531397701,0.0,0.0,0.0,3.773244168702959,0,0,0,0,0,0,0.28901832394886634,0.8344207560125292,2.2447058345092894,0.0,0.0,0.0
image_2098.png,surface,0.0,0.0,1.5731970858795548,-17.762039578808366,-14.325102826824464,0.0,3.6848098489208705,-0.7758279230218104,0.0,0.0,0.0,-0.8196182302828747,0,0,0,0,0,0,0.5782398202118705,-0.28887353032228347,1.539496445305364,0.0,0.0,0.0
image_2099.png,surface,0.0,0.0,2.094506780108296,-0.5837961909456816,13.892326516400011,0.0,1.8405486911184166,0.46745438840198095,0.0,0.0,0.0,2.7156292062647687,0,0,0,0,0,0,0.45412512556841594,0.07336635412573259,1.0078763038118972,0.0,0.0,0.0
image_2100.png,surface,0.0,0.0,2.816902840492785,-3.3965227179113495,-13.797150724352601,0.0,0.7092037894384837,-1.0924632185455072,0.0,0.0,0.0,1.56894087335679,0,0,0,0,0,0,1.1481069626242617,-0.7594970304175132,4.011909490591907,0.0,0.0,0.0
image_2101.png,surface,0.0,0.0,1.9311845371255831,2.715414474965535,-4.07575718662525,0.0,3.949648572159744,-2.396084604033721,0.0,0.0,0.0,-2.8584308611708353,0,0,0,0,0,0,0.38498870694172094,-0.274226372998541,1.0070992184970793,0.0,0.0,0.0
image_2102.png,surface,0.0,0.0,0.8174979126248045,-15.970132237984666,0.889326922340592,0.0,2.2518159422570103,1.4121239592667008,0.0,0.0,0.0,-2.6451292030075937,0,0,0,0,0,0,0.14512362505932633,0.021595551040740523,0.27367136054792085,0.0,0.0,0.0
image_2103.png,surface,0.0,0.0,2.471453392143921,-15.900883480559573,1.7482336592059524,0.0,-0.5015270919846504,-4.405472245185406,0.0,0.0,0.0,3.140440228558628,0,0,0,0,0,0,0.19236309045891717,-1.120838673341325,2.7812385843148175,0.0,0.0,0.0
image_2104.png,surface,0.0,0.0,2.4366601799349077,-5.97075514178069,16.458990102612475,0.0,2.8915821603600302,2.795670142190455,0.0,0.0,0.0,-1.0006202005142018,0,0,0,0,0,0,0.4490663632298774,0.37492066365397514,1.3763889173298232,0.0,0.0,0.0
image_2105.png,surface,0.0,0.0,1.5115243512457741,-11.970646733347238,-4.8908584477760595,0.0,-2.423358086647146,-1.3549675260380392,0.0,0.0,0.0,-4.516875051967664,0,0,0,0,0,0,-0.23279209813740095,-0.15934269784518443,0.6368850561001568,0.0,0.0,0.0
image_2106.png,surface,0.0,0.0,1.8484840617537874,4.437593519674958,-8.958801058014137,0.0,-1.2856357086322965,3.211620486493629,0.0,0.0,0.0,-4.653207211893764,0,0,0,0,0,0,-0.17069898640082515,0.3846046826084334,0.9502603403265333,0.0,0.0,0.0
image_2107.png,surface,0.0,0.0,1.5622150116735276,15.556515086287536,6.374859995582896,0.0,-2.5457030811423604,-3.7509227328599266,0.0,0.0,0.0,-1.976773381035093,0,0,0,0,0,0,-0.10987208713887774,-0.3735520644839985,0.8621192151930447,0.0,0.0,0.0
image_2108.png,surface,0.0,0.0,1.060611134674571,12.618328493253836,6.161602985874708,0.0,2.605501560612991,-4.059896282795131,0.0,0.0,0.0,0.14642610545951484,0,0,0,0,0,0,0.17263939614259327,-0.18459728528749564,0.49205243104548313,0.0,0.0,0.0
image_2109.png,surface,0.0,0.0,2.407304277019198,7.512592155991818,-13.238156951592517,0.0,1.7507712351508746,1.809589726976673,0.0,0.0,0.0,3.593645534544132,0,0,0,0,0,0,0.9681617335676621,0.7315776073499819,3.2208143100704874,0.0,0.0,0.0
image_2110.png,surface,0.0,0.0,2.361087565749148,-8.860153740536102,-8.188498810153828,0.0,3.948929403855953,-2.1273995479314203,0.0,0.0,0.0,-4.901696978489973,0,0,0,0,0,0,0.8201427127956195,-0.547106170262024,2.162249936995123,0.0,0.0,0.0
image_2111.png,surface,0.0,0.0,2.117639729785149,-13.55503318350768,0.8922156632841751,0.0,-0.825898541813639,2.522590991764678,0.0,0.0,0.0,0.5011889972691268,0,0,0,0,0,0,-0.13450235479438596,0.3262740421225168,1.0065722296054225,0.0,0.0,0.0
image_2112.png,surface,0.0,0.0,1.6391012263846427,13.337022350457561,7.879723819491751,0.0,0.42502274909600374,-2.3696634007077146,0.0,0.0,0.0,-4.949210466436843,0,0,0,0,0,0,0.21520665926200538,-0.38555169030995745,0.7781158460605782,0.0,0.0,0.0
image_2113.png,surface,0.0,0.0,1.6620150816966504,18.742825445192796,7.979654112405278,0.0,1.51962440272606,3.2915404121103062,0.0,0.0,0.0,1.6582249500329693,0,0,0,0,0,0,0.15026761323750346,0.5520740279387912,1.6297187299601448,0.0,0.0,0.0
image_2114.png,surface,0.0,0.0,1.246109621069051,17.239433487644675,-10.375675675743121,0.0,2.429718424330018,-0.8467836174212336,0.0,0.0,0.0,-2.2787758408356584,0,0,0,0,0,0,0.4677627818005593,-0.11663296512693656,1.1201517337802749,0.0,0.0,0.0
image_2115.png,surface,0.0,0.0,1.1643114763805904,23.768136737068,3.5718706130194833,0.0,-1.480539616835101,-4.420315118366451,0.0,0.0,0.0,-2.374676151599069,0,0,0,0,0,0,0.022666268618840465,-0.33004004949369486,0.7971923973378228,0.0,0.0,0.0
image_2116.png,surface,0.0,0.0,2.62242849205503,-6.239740850503908,-24.151860318165497,0.0,0.6301168559285172,-0.3154747991029059,0.0,0.0,0.0,3.05181745863789,0,0,0,0,0,0,1.7730969606027982,-0.6135288499782413,5.399547164454464,0.0,0.0,0.0
image_2117.png,surface,0.0,0.0,2.6484355560344968,17.087810020076663,18.236251866505576,0.0,2.127285631761197,-0.6353242820965272,0.0,0.0,0.0,-0.3380467649905263,0,0,0,0,0,0,0.791881215615516,0.11790088573728305,2.9585882103877807,0.0,0.0,0.0
image_2118.png,surface,0.0,0.0,0.5383621948725992,23.481806258395327,-5.619678867773482,0.0,-2.054774972229091,3.2506458368165574,0.0,0.0,0.0,-1.7936792803643864,0,0,0,0,0,0,-0.13659343164551488,0.16582702632638577,0.6648199333655583,0.0,0.0,0.0
image_2119.png,surface,0.0,0.0,2.299015867162132,13.941314673583447,-13.236923775248181,0.0,3.4493246323804487,1.579297480287576,0.0,0.0,0.0,2.3997992654319837,0,0,0,0,0,0,1.3203438188635621,0.4293909106190602,3.951555864474458,0.0,0.0,0.0
image_2120.png,surface,0.0,0.0,1.3248052842478284,6.523502824649374,-6.306348205436556,0.0,0.8893986815430451,-2.2257072019705464,0.0,0.0,0.0,-1.0511496576482129,0,0,0,0,0,0,0.15382883582239523,-0.22521636479091653,0.5495746083721624,0.0,0.0,0.0
image_2121.png,surface,0.0,0.0,2.798368359242793,-10.506525931277318,-3.902059119368957,0.0,-3.435181569999065,-2.753712953194482,0.0,0.0,0.0,3.642883695427349,0,0,0,0,0,0,-0.6962989145710157,-0.9147465155727199,2.8819917147876355,0.0,0.0,0.0
image_2122.png,surface,0.0,0.0,1.1053003829326633,-24.710557995857226,-0.8354510121563099,0.0,-1.1714765722541487,-1.2120846753038896,0.0,0.0,0.0,-4.559903140009971,0,0,0,0,0,0,-0.128101285481542,-0.22391226282320276,0.697444118565201,0.0,0.0,0.0
image_2123.png,surface,0.0,0.0,1.338507847624523,8.549231259079093,11.444774188225255,0.0,-1.2611134985962877,3.450263918635855,0.0,0.0,0.0,-2.3428665226618497,0,0,0,0,0,0,-0.0799791238856959,0.18813519279701094,0.5901929470977941,0.0,0.0,0.0
image_2124.png,surface,0.0,0.0,2.368340236242428,-2.9891377894016156,14.208341175755951,0.0,3.195972881127386,-2.20671275570881,0.0,0.0,0.0,4.116825036863464,0,0,0,0,0,0,0.5255200289455293,-0.39161128111771765,1.3744462040427827,0.0,0.0,0.0
image_2125.png,surface,0.0,0.0,0.6852484001719126,-13.882690171303446,11.755525774164147,0.0,-2.839215071825478,0.6871320412211636,0.0,0.0,0.0,-4.235325022874386,0,0,0,0,0,0,-0.06048371306840337,0.007767980116490151,0.2254987700406055,0.0,0.0,0.0
image_2126.png,surface,0.0,0.0,2.2700976170389,0.29627866467474745,-1.3361496784034912,0.0,-2.87861644958041,3.014017187780124,0.0,0.0,0.0,-2.295832163973878,0,0,0,0,0,0,-0.34697950435297115,0.33172641536750586,1.1531331995844298,0.0,0.0,0.0
image_2127.png,surface,0.0,0.0,2.1866970591916766,-18.046598434538595,-4.211083446826045,0.0,-1.612716603639237,-0.38382183178003065,0.0,0.0,0.0,-1.6960320473549229,0,0,0,0,0,0,-0.47220365680171944,-0.3736936437084785,1.6856152805362874,0.0,0.0,0.0
image_2128.png,surface,0.0,0.0,1.2600541147239739,7.710691910144823,-5.726947115155264,0.0,4.860233194837641,0.6935277037889567,0.0,0.0,0.0,3.0357674836490958,0,0,0,0,0,0,0.26002631957186223,-0.03749332484739291,0.519062844746706,0.0,0.0,0.0
image_2129.png,surface,0.0,0.0,2.281923297059931,10.114668809821815,13.226993674492876,0.0,-1.7273721493924483,-1.1155536743272307,0.0,0.0,0.0,1.005402053765665,0,0,0,0,0,0,-0.7707193352552936,-0.21068876325673527,2.3164835079560593,0.0,0.0,0.0
image_2130.png,surface,0.0,0.0,2.7573117605921906,6.861496542585068,2.4634918612904464,0.0,2.655483956615134,-0.3078929071139333,0.0,0.0,0.0,4.070336761049102,0,0,0,0,0,0,1.0163523802132186,-0.04522984291399856,2.230445872381643,0.0,0.0,0.0
image_2131.png,surface,0.0,0.0,2.5098530518889985,10.60725323842788,-1.621863013216808,0.0,-2.7686491646539766,3.8284442384706527,0.0,0.0,0.0,-4.675590787350178,0,0,0,0,0,0,-0.4888805273509695,0.7932070437662914,2.3237898963183605,0.0,0.0,0.0
image_2132.png,surface,0.0,0.0,1.7946058566153469,-2.720718533571359,15.02566607917565,0.0,2.5445198426332696,-4.039103038662471,0.0,0.0,0.0,-4.556697888807658,0,0,0,0,0,0,0.2636666804364183,-0.32395214284103874,0.7751526500468945,0.0,0.0,0.0
image_2133.png,surface,0.0,0.0,0.831113755167858,2.832234113368465,-17.83085783381189,0.0,-2.066248011090676,-3.7974738412215827,0.0,0.0,0.0,-0.6125799978940281,0,0,0,0,0,0,-0.024780173819872377,-0.2315952954050047,0.44517274972575166,0.0,0.0,0.0
image_2134.png,surface,0.0,0.0,2.7308480837053173,-2.3799224293208887,19.638352812354498,0.0,-0.24677265821347869,-2.1894865413309295,0.0,0.0,0.0,4.613980773474351,0,0,0,0,0,0,-0.39263620415927697,-1.0066314322604866,3.156954868021248,0.0,0.0,0.0
image_2135.png,surface,0.0,0.0,1.724295198571277,-24.031443067769533,5.322356996571867,0.0,-2.3651808963851444,1.879968622377282,0.0,0.0,0.0,-4.825176050885594,0,0,0,0,0,0,-0.33095400272095793,0.22651417434865315,0.96849728218317,0.0,0.0,0.0
image_2136.png,surface,0.0,0.0,1.5196938231273778,4.47153987839659,-6.718204978113161,0.0,0.7364910354194425,-3.9678962605606767,0.0,0.0,0.0,-2.511045131745581,0,0,0,0,0,0,0.15019151873782635,-0.26189324944380576,0.6167210319829243,0.0,0.0,0.0
image_2137.png,surface,0.0,0.0,1.8693829464234648,-0.8631975972418701,8.083260505923572,0.0,2.0281952122298166,-3.721273133090722,0.0,0.0,0.0,-2.5939966591287944,0,0,0,0,0,0,0.24310290284365826,-0.3168621698995599,0.8064370329796101,0.0,0.0,0.0
image_2138.png,surface,0.0,0.0,1.0338690642188997,0.48276488345795265,-1.0012053637123939,0.0,-1.1878872234821323,3.8881485162829534,0.0,0.0,0.0,3.222980991475673,0,0,0,0,0,0,-0.028947108622194524,0.0819554937442089,0.2830030833370586,0.0,0.0,0.0
image_2139.png,surface,0.0,0.0,1.3404778945015026,2.5167218445374844,12.876622991827876,0.0,0.5412028276478584,-3.5228615249030635,0.0,0.0,0.0,1.3483717521441125,0,0,0,0,0,0,0.10926180925146678,-0.22279221384731338,0.5226669128447363,0.0,0.0,0.0
image_2140.png,surface,0.0,0.0,2.338763857609946,-22.09556380371724,-3.457439350815201,0.0,-0.7567326549772224,3.7979908132575764,0.0,0.0,0.0,-3.4622905428446615,0,0,0,0,0,0,-0.2108677508904129,0.5616259062837341,1.5087278862454145,0.0,0.0,0.0
image_2141.png,surface,0.0,0.0,1.9086859551676625,-16.822372704785028,11.679956550279167,0.0,-4.572861802365689,-0.5180117974573233,0.0,0.0,0.0,2.2570760721459457,0,0,0,0,0,0,-0.46029334571224734,-0.01269021782092467,1.2259961128674088,0.0,0.0,0.0
image_2142.png,surface,0.0,0.0,2.4056971380095518,2.4725254451272036,-22.454764719393836,0.0,1.2128214202352638,3.815221130853088,0.0,0.0,0.0,-2.8880344820003776,0,0,0,0,0,0,0.7855897223822079,1.026377014768017,3.7565096834591865,0.0,0.0,0.0
image_2143.png,surface,0.0,0.0,2.4049115051049403,-23.97809563107536,-6.546757716657197,0.0,-0.7380347532706518,-0.10593393887431972,0.0,0.0,0.0,0.9148209308283644,0,0,0,0,0,0,-0.002009655736474166,-0.8617549849522074,2.9108041625378713,0.0,0.0,0.0
image_2144.png,surface,0.0,0.0,2.3839484962273922,-18.08414933629003,16.184015447485095,0.0,-1.813024168713575,0.4101250701061709,0.0,0.0,0.0,-1.9057030420213428,0,0,0,0,0,0,-0.8630371822636435,-0.17042992422449235,2.4288594230944556,0.0,0.0,0.0
image_2145.png,surface,0.0,0.0,0.8604715466312208,-20.21037975129177,5.201975119074983,0.0,1.1867684401173917,3.3692452349759017,0.0,0.0,0.0,3.5360843142144365,0,0,0,0,0,0,0.0699574782782118,0.13443261984910873,0.3369703186488278,0.0,0.0,0.0
image_2146.png,surface,0.0,0.0,2.1255036278719373,3.6670718087522625,0.7966686918464805,0.0,1.9352509711713475,2.8497493826404807,0.0,0.0,0.0,2.6785679623193728,0,0,0,0,0,0,0.24646627972938956,0.37370308232344407,1.0853124088326491,0.0,0.0,0.0
image_2147.png,surface,0.0,0.0,1.700449812670896,-6.248671776161562,-0.7240448465542341,0.0,4.406562224825891,-1.9731290335542304,0.0,0.0,0.0,-1.5290366436817227,0,0,0,0,0,0,0.2861784772209141,-0.15424584576389053,0.6467526997960644,0.0,0.0,0.0
image_2148.png,surface,0.0,0.0,0.6552273808120512,21.496010843237027,-12.836729844628158,0.0,-4.4932780591757755,1.148927771478575,0.0,0.0,0.0,-3.6840104876763826,0,0,0,0,0,0,-0.2769375611801178,0.10898296769751338,0.77287498619312,0.0,0.0,0.0
image_2149.png,surface,0.0,0.0,2.5876344562796096,4.096287994664682,-15.609999147800725,0.0,-1.855004162210077,-2.7634946802735065,0.0,0.0,0.0,-3.616275007753158,0,0,0,0,0,0,-0.21208221910526062,-0.9161780388424664,2.1532866598293907,0.0,0.0,0.0
image_2150.png,surface,0.0,0.0,1.0492879366306078,-11.027805447059079,19.67547872301868,0.0,-4.56401353616992,-1.179728373970247,0.0,0.0,0.0,-3.601696343307977,0,0,0,0,0,0,-0.15960440834789283,-0.03846235598383639,0.5447513202112299,0.0,0.0,0.0
image_2151.png,surface,0.0,0.0,0.5323506931573978,-0.7446285130873238,18.30668059402098,0.0,-3.5342340894512168,3.441212002408474,0.0,0.0,0.0,-1.3604582468359006,0,0,0,0,0,0,-0.03622478657131965,0.029948725285082935,0.23601621783597262,0.0,0.0,0.0
image_2152.png,surface,0.0,0.0,2.108592216142404,23.452229419994065,-5.855911306458986,0.0,-4.6814257148734955,-0.18977469809435135,0.0,0.0,0.0,-4.026094231169633,0,0,0,0,0,0,-0.9092143684477415,0.2466011200974307,2.457763423999602,0.0,0.0,0.0
image_2153.png,surface,0.0,0.0,0.9302632805859994,-7.5385813923907845,20.101740604687187,0.0,-1.1719076521397505,-1.7252108414546325,0.0,0.0,0.0,4.964567188556401,0,0,0,0,0,0,-0.016609146444537162,-0.1812402845648163,0.4097215817428962,0.0,0.0,0.0
image_2154.png,surface,0.0,0.0,0.6542666820772669,-7.9084760446798,-17.30392015157963,0.0,4.07349238940849,-1.1609041259776172,0.0,0.0,0.0,-0.3638929419175243,0,0,0,0,0,0,0.17709092437370802,-0.09308362078836681,0.4383330591530951,0.0,0.0,0.0
image_2155.png,surface,0.0,0.0,2.834427341824371,4.251839818041348,15.304047758112256,0.0,-1.9395870703411564,-0.5002750078147772,0.0,0.0,0.0,-2.6995561485637696,0,0,0,0,0,0,-1.0858738370082803,-0.17519957098698677,3.752729208062676,0.0,0.0,0.0
image_2156.png,surface,0.0,0.0,0.8711964969768469,2.3371988326333324,16.903513717925673,0.0,-0.7103215238214846,-3.79347655430332,0.0,0.0,0.0,4.278873779733306,0,0,0,0,0,0,0.03334080503355474,-0.1702851987950235,0.33723827910221277,0.0,0.0,0.0
image_2157.png,surface,0.0,0.0,1.8001233290981098,-1.8342272740221714,3.3014264469362953,0.0,2.6268095346254703,3.8009515324505765,0.0,0.0,0.0,2.921090238838387,0,0,0,0,0,0,0.1646951303762961,0.2197262370860661,0.620945875131297,0.0,0.0,0.0
image_2158.png,surface,0.0,0.0,1.418248228771679,-11.039389561642365,2.8331878651529037,0.0,3.1621459734316963,-0.0861186183460883,0.0,0.0,0.0,-4.835863351240372,0,0,0,0,0,0,0.24985248496502382,-0.061945630017648676,0.4497816695239757,0.0,0.0,0.0
image_2159.png,surface,0.0,0.0,0.6118514945808422,-24.514062986877978,-0.931572512574902,0.0,-3.444738014908383,-2.3343769131085783,0.0,0.0,0.0,-2.9869293526088225,0,0,0,0,0,0,-0.09153026893669124,-0.07276700207543235,0.35658502383662116,0.0,0.0,0.0
image_2160.png,surface,0.0,0.0,1.2858844219046208,3.376203468912699,15.271719473684561,0.0,4.21620195820263,0.10798115705239376,0.0,0.0,0.0,4.363500128834124,0,0,0,0,0,0,0.26093945356798826,-0.06190472935279879,0.46561813231903787,0.0,0.0,0.0
image_2161.png,surface,0.0,0.0,1.3761759666387283,-6.341288305954864,-4.24262970056046,0.0,3.194849961456235,-2.3411749868836553,0.0,0.0,0.0,-1.1354819632352475,0,0,0,0,0,0,0.20733848799538548,-0.15394852939248196,0.494593589345086,0.0,0.0,0.0
image_2162.png,surface,0.0,0.0,1.733594217446547,-11.293559585299409,-10.853539714908893,0.0,-0.3143094894162027,0.45893155385342016,0.0,0.0,0.0,-2.7164817612311154,0,0,0,0,0,0,0.008229620140086602,0.0513507847190336,0.9612779809682189,0.0,0.0,0.0
image_2163.png,surface,0.0,0.0,2.2668364362515083,-0.5265147309872558,8.827458607910069,0.0,-2.3563713284478007,3.5851489162684724,0.0,0.0,0.0,-4.905042261702432,0,0,0,0,0,0,-0.33407235531772844,0.47378700921111877,1.2888819652693466,0.0,0.0,0.0
image_2164.png,surface,0.0,0.0,2.999944879451807,-17.013103794674286,16.002115961023723,0.0,-1.9367820171563543,-0.140572090068809,0.0,0.0,0.0,0.05337078525745653,0,0,0,0,0,0,-1.2286103776127326,-1.0560048271442772,5.09064235379206,0.0,0.0,0.0
image_2165.png,surface,0.0,0.0,1.7964281751216211,22.965194075941895,-4.933816047963792,0.0,1.4483789060744328,-2.377457210354107,0.0,0.0,0.0,3.597203940186036,0,0,0,0,0,0,0.5746466379371142,-0.46309305845536675,1.5489241872569643,0.0,0.0,0.0
image_2166.png,surface,0.0,0.0,2.856882792524548,-14.653807020434508,18.900525305113018,0.0,-3.292641504724767,-0.2890507752378184,0.0,0.0,0.0,1.1498321154623978,0,0,0,0,0,0,-1.370242026081873,-0.5048431986521371,4.2787623741030645,0.0,0.0,0.0
image_2167.png,surface,0.0,0.0,1.818627433537015,2.0072178518148625,-3.0851875449007182,0.0,-2.4010516141929785,2.4852198249818898,0.0,0.0,0.0,-3.4584566652845536,0,0,0,0,0,0,-0.22429995197342809,0.24099615591050177,0.7346794565668454,0.0,0.0,0.0
image_2168.png,surface,0.0,0.0,1.9842057939569628,-18.64096965006906,-13.339390346550498,0.0,2.961342813050939,-2.5101936191934517,0.0,0.0,0.0,0.7022728761091379,0,0,0,0,0,0,0.7276118011881737,-0.7055553458904881,2.413614706300619,0.0,0.0,0.0
image_2169.png,surface,0.0,0.0,0.8476675728726286,7.928401980403176,-13.224628258247858,0.0,2.288137478255087,3.34066042583773,0.0,0.0,0.0,3.8484089084173316,0,0,0,0,0,0,0.10095837744669335,0.14046232170947867,0.44482440113635086,0.0,0.0,0.0
image_2170.png,surface,0.0,0.0,1.9270644934929322,-9.296292179451761,-4.761839770488374,0.0,-0.05007184282151862,0.32001926047462315,0.0,0.0,0.0,1.5319480244911565,0,0,0,0,0,0,0.09210554335425072,0.07940706770356211,0.9201348863547071,0.0,0.0,0.0
image_2171.png,surface,0.0,0.0,1.1514050440808172,-11.936610056311117,-1.4629841484433332,0.0,0.7814113791818681,-1.3270992354810744,0.0,0.0,0.0,1.9328430538696475,0,0,0,0,0,0,0.14268860106965675,-0.17482674569585518,0.4009079158303027,0.0,0.0,0.0
image_2172.png,surface,0.0,0.0,1.185121066980525,-16.60422718955152,-3.8252656377552325,0.0,4.505888611867913,0.9682378786244374,0.0,0.0,0.0,1.1923709213392941,0,0,0,0,0,0,0.2382298110843319,-0.04556019443778612,0.5069912263217055,0.0,0.0,0.0
image_2173.png,surface,0.0,0.0,1.5846941404140074,13.120743829553932,-2.868044564308139,0.0,0.45998116113765997,1.1005193730396443,0.0,0.0,0.0,-1.2422143197652744,0,0,0,0,0,0,0.22348574082688213,0.3547786593179,1.0634111077759696,0.0,0.0,0.0
image_2174.png,surface,0.0,0.0,2.1343456697352017,-10.980333084501243,20.64078080040067,0.0,-0.3191562511050916,-2.935521321554825,0.0,0.0,0.0,2.3377994076011586,0,0,0,0,0,0,-0.02473299523007248,-0.7898893706059671,1.9425893553326445,0.0,0.0,0.0
image_2175.png,surface,0.0,0.0,2.04332429904911,6.981261361871259,-5.261697953095624,0.0,-3.5307012546870453,3.044449750264564,0.0,0.0,0.0,-0.46594718175358274,0,0,0,0,0,0,-0.3448153767821521,0.26817936701073464,1.2136029418983447,0.0,0.0,0.0
image_2176.png,surface,0.0,0.0,1.2656891228637386,15.593844216508241,10.776347944790121,0.0,-3.635797968588664,2.358387895889187,0.0,0.0,0.0,2.9990749304384545,0,0,0,0,0,0,-0.25231794675456437,0.18277248639419297,0.8752492774089166,0.0,0.0,0.0
image_2177.png,surface,0.0,0.0,0.5718790548434078,-8.793807514039086,-11.091415387531192,0.0,-1.1013793480080272,0.19114151592538128,0.0,0.0,0.0,4.327706199513891,0,0,0,0,0,0,-0.0817140784783355,0.03708431819889403,0.20676386834142732,0.0,0.0,0.0
image_2178.png,surface,0.0,0.0,1.1101164503091907,-1.3640955751097472,-8.40000654384795,0.0,3.587082976905359,1.5012298848617356,0.0,0.0,0.0,3.1718503827936324,0,0,0,0,0,0,0.1931849110554307,0.008702402998060658,0.3860517416938746,0.0,0.0,0.0
image_2179.png,surface,0.0,0.0,1.6320776195929483,6.224593449326868,9.927277695910766,0.0,3.145538634051348,-3.222341091712374,0.0,0.0,0.0,0.8928876538294164,0,0,0,0,0,0,0.252949531101885,-0.23203104479590522,0.6986276105676517,0.0,0.0,0.0
image_2180.png,surface,0.0,0.0,2.7737885674806706,11.932674253281736,-15.623058057467933,0.0,3.162589090063716,0.759065632221153,0.0,0.0,0.0,-3.6068660166872055,0,0,0,0,0,0,2.4364324988586596,0.573376981915606,7.080396098426158,0.0,0.0,0.0
image_2181.png,surface,0.0,0.0,2.0259071225672116,-21.996597269525118,-3.889743439577225,0.0,-3.08567669604468,0.7089783771205743,0.0,0.0,0.0,4.63909760854863,0,0,0,0,0,0,-0.4922058569868616,0.15352693792402922,1.28950274031969,0.0,0.0,0.0
image_2182.png,surface,0.0,0.0,2.693769811635645,-6.342031914983384,18.394899858039082,0.0,-0.039628321811748204,-1.2019849100757587,0.0,0.0,0.0,1.6571323383661092,0,0,0,0,0,0,-0.3404429868307019,-0.8346284055417675,2.933172161384197,0.0,0.0,0.0
image_2183.png,surface,0.0,0.0,1.9850686079004904,-5.165524500679449,-18.22519084458889,0.0,-4.755431104011659,-0.0033185196445666004,0.0,0.0,0.0,-1.563519955235857,0,0,0,0,0,0,-0.5210563255944664,0.01777291197977028,1.246227127097988,0.0,0.0,0.0
image_2184.png,surface,0.0,0.0,1.6079185900023498,-1.7427067184913865,16.705010211380984,0.0,0.7621105795853326,2.821924118034489,0.0,0.0,0.0,2.8000987208608388,0,0,0,0,0,0,0.06073482491733807,0.26310139215937167,0.6623412991717464,0.0,0.0,0.0
image_2185.png,surface,0.0,0.0,1.321454521924193,16.502971264654498,-5.483804796880614,0.0,0.5786226849685208,-4.1819663881215146,0.0,0.0,0.0,1.6699006151300297,0,0,0,0,0,0,0.14638679375396751,-0.32143517885027634,0.7761575017470884,0.0,0.0,0.0
image_2186.png,surface,0.0,0.0,2.9252330298050944,-1.7820762844848492,13.78452916115356,0.0,2.694929090518874,1.1771981407658174,0.0,0.0,0.0,-3.8490758915849224,0,0,0,0,0,0,0.8076479959486277,0.2714356891737833,2.04227064399192,0.0,0.0,0.0
image_2187.png,surface,0.0,0.0,1.6956217738829982,-7.335213223060718,16.98982747409448,0.0,0.9239570011584654,-4.2309136796300715,0.0,0.0,0.0,2.4505240172765284,0,0,0,0,0,0,0.14761952464873762,-0.34323523321526644,0.8362253033809258,0.0,0.0,0.0
image_2188.png,surface,0.0,0.0,1.3981167203171447,-20.048561932233145,-0.7620153574649169,0.0,-1.3912157388300517,4.145263499568002,0.0,0.0,0.0,1.8749878738996166,0,0,0,0,0,0,-0.08545792786245256,0.2399736392892546,0.5861132491950057,0.0,0.0,0.0
image_2189.png,surface,0.0,0.0,2.769320494209403,3.754656834492803,17.26566835309578,0.0,0.4034473819614482,4.089512272660075,0.0,0.0,0.0,4.9165162245821605,0,0,0,0,0,0,-0.16452620058701267,1.1695670962024842,2.767438620965483,0.0,0.0,0.0
image_2190.png,surface,0.0,0.0,2.5296608977837884,8.054313993238983,-5.1738894666501665,0.0,3.436014188403319,-1.864265419223449,0.0,0.0,0.0,-2.738183806102813,0,0,0,0,0,0,0.908168830022177,-0.42151910573795054,2.2767315746963703,0.0,0.0,0.0
image_2191.png,surface,0.0,0.0,1.9718486787777012,6.513486358305348,21.27560315260633,0.0,2.50930073288024,-2.3035567170871913,0.0,0.0,0.0,1.7730711523943476,0,0,0,0,0,0,0.3972247024898105,-0.33965327883591284,1.1745812008741334,0.0,0.0,0.0
image_2192.png,surface,0.0,0.0,1.915160585955598,-21.781887804036234,6.39446437290307,0.0,0.12878076772530173,2.0902129642182183,0.0,0.0,0.0,2.1801136568741617,0,0,0,0,0,0,0.014804184912194651,0.421528544352916,0.9800396787127361,0.0,0.0,0.0
image_2193.png,surface,0.0,0.0,1.7433765461685309,22.199058904759756,-5.6424195195215745,0.0,-2.2135646925631596,3.5126393325324017,0.0,0.0,0.0,2.040837543121028,0,0,0,0,0,0,-0.48454314086936995,0.9046582092772459,2.645858264253307,0.0,0.0,0.0
image_2194.png,surface,0.0,0.0,0.7407941306145971,-8.280945964421711,-10.163917849215398,0.0,-1.057409388034225,3.626127130269028,0.0,0.0,0.0,-3.3921803594868605,0,0,0,0,0,0,-0.0334092900832641,0.119845240420147,0.25233500944712833,0.0,0.0,0.0
image_2195.png,surface,0.0,0.0,2.2187430366646224,-4.759026964754966,-21.416111431231087,0.0,-3.9619029560610777,0.858898848228315,0.0,0.0,0.0,-0.7552440059713295,0,0,0,0,0,0,-0.5817462547569947,0.1921591889772421,1.753873740028598,0.0,0.0,0.0
image_2196.png,surface,0.0,0.0,1.438833842853647,-19.823852910784243,-6.915317718989852,0.0,0.3882438937706913,-1.315161510656443,0.0,0.0,0.0,-1.8351924650539706,0,0,0,0,0,0,0.18679297308254803,-0.3785797000555459,1.0238199507883126,0.0,0.0,0.0
image_2197.png,surface,0.0,0.0,0.5425556909631184,2.7452523902603803,14.311444540879961,0.0,-3.114375572858311,2.800475911873278,0.0,0.0,0.0,0.2044873176242623,0,0,0,0,0,0,-0.037061826067768616,0.05462755721450731,0.212301717711387,0.0,0.0,0.0
image_2198.png,surface,0.0,0.0,2.315139218131774,-21.558536409199043,6.841167042466266,0.0,-2.222253882338331,-0.1483841926848064,0.0,0.0,0.0,-2.501068056938933,0,0,0,0,0,0,-0.7085729573689447,-0.36520675575212697,2.096733606142452,0.0,0.0,0.0
image_2199.png,surface,0.0,0.0,0.8232675311843172,17.7040582519061,8.274117472501526,0.0,3.548455276445805,1.58577636781539,0.0,0.0,0.0,-0.06184017970849531,0,0,0,0,0,0,0.22922174421254768,0.044908930005176366,0.539883371974732,0.0,0.0,0.0
image_2200.png,surface,0.0,0.0,2.4947916021840397,16.735611377027503,-11.2493114814976,0.0,1.604153654998225,3.4593330038367274,0.0,0.0,0.0,4.742106222692495,0,0,0,0,0,0,0.9992082894359494,1.6862085635613195,5.492489247711103,0.0,0.0,0.0
image_2201.png,surface,0.0,0.0,1.1489139406360085,-13.26401715811884,6.125140546537197,0.0,0.9478643004974288,-1.750577558646243,0.0,0.0,0.0,2.7904273145237637,0,0,0,0,0,0,0.14480402816068222,-0.1360481961106793,0.35967996707321925,0.0,0.0,0.0
image_2202.png,surface,0.0,0.0,1.966019053350365,11.959435369958415,-0.11721906715470348,0.0,-1.1661827450850604,-3.9969778494917723,0.0,0.0,0.0,2.924693406571638,0,0,0,0,0,0,-0.006129411948996477,-0.429711823527882,1.0433855298929848,0.0,0.0,0.0
image_2203.png,surface,0.0,0.0,1.924410297531665,-23.290019948198385,-0.9607919807380383,0.0,-4.144694826938422,-1.5140638823727492,0.0,0.0,0.0,2.6085755965617903,0,0,0,0,0,0,-0.4649107599526587,-0.1428880457555758,1.3860354936516888,0.0,0.0,0.0
image_2204.png,surface,0.0,0.0,0.9421754466275696,10.019114093683973,-4.895343379176679,0.0,-4.3402375669811635,0.7165919669671903,0.0,0.0,0.0,4.012483925937152,0,0,0,0,0,0,-0.11933519911873128,0.03480017337727725,0.3559285207258273,0.0,0.0,0.0
image_2205.png,surface,0.0,0.0,1.5975933748049118,8.157462254002189,-16.001688552948835,0.0,-1.1157524512891586,2.3844114405455232,0.0,0.0,0.0,3.199080182622108,0,0,0,0,0,0,-0.2045306009572976,0.43867850774497313,1.1286259831185792,0.0,0.0,0.0
image_2206.png,surface,0.0,0.0,2.5475941690009076,-2.0563977089639125,2.8290723743229593,0.0,1.28132764704404,1.9699810712024828,0.0,0.0,0.0,2.7028230301472007,0,0,0,0,0,0,0.3483948620469665,0.5094775586001282,1.4685673132943153,0.0,0.0,0.0
image_2207.png,surface,0.0,0.0,2.929949301473732,-6.8753424065738615,-11.159362197860037,0.0,-3.931285120619303,1.6761092043323953,0.0,0.0,0.0,1.9148939156341607,0,0,0,0,0,0,-0.7724999465477393,0.3854069648804887,2.20217604454951,0.0,0.0,0.0
image_2208.png,surface,0.0,0.0,0.5454127171838152,-1.5211666313322971,2.2174689835460493,0.0,1.8918762325784453,-4.039455207147633,0.0,0.0,0.0,2.4565364850743645,0,0,0,0,0,0,0.07611200141210187,-0.04919406119944917,0.11847983096613318,0.0,0.0,0.0
image_2209.png,surface,0.0,0.0,0.8666354575319806,-4.152813581693235,4.0622898516792265,0.0,0.5169008743182594,0.015436805681251699,0.0,0.0,0.0,-4.743935211360436,0,0,0,0,0,0,0.1516647082515764,0.005597098674457669,0.2105376447266014,0.0,0.0,0.0
image_2210.png,surface,0.0,0.0,2.043598928182136,0.8560839591402296,14.571157798988157,0.0,-0.3096728597203788,-1.4626675032915475,0.0,0.0,0.0,1.8362787487573886,0,0,0,0,0,0,-0.12035486541440556,-0.4264083082900068,1.2966036923343958,0.0,0.0,0.0
image_2211.png,surface,0.0,0.0,0.5062827657626623,-0.2160365542535914,18.490178464780655,0.0,-3.9098338537998267,-0.904575812999111,0.0,0.0,0.0,1.6775622576228812,0,0,0,0,0,0,-0.059753205871502534,-0.04405001604332872,0.23441738713077473,0.0,0.0,0.0
image_2212.png,surface,0.0,0.0,2.394975043580863,15.55668947806273,-16.153366870357303,0.0,-2.595630315976464,0.8861779871047881,0.0,0.0,0.0,2.0806862069683234,0,0,0,0,0,0,-0.7627781132689833,0.7018915901814347,2.9361867164847824,0.0,0.0,0.0
image_2213.png,surface,0.0,0.0,1.957532271960298,15.048365799968126,16.760374181681247,0.0,2.046032472835744,-1.8668710383729372,0.0,0.0,0.0,2.5708723259128377,0,0,0,0,0,0,0.44895374337035493,-0.345475331167045,1.316767716451628,0.0,0.0,0.0
image_2214.png,surface,0.0,0.0,2.1821613501037773,-2.8070871125485364,-5.35920633663538,0.0,0.5343589974840071,-3.9447564867261993,0.0,0.0,0.0,4.226323640210865,0,0,0,0,0,0,0.2649161521211175,-0.5869591488507573,1.3209077054564287,0.0,0.0,0.0
image_2215.png,surface,0.0,0.0,2.060602235415834,20.207584484473873,14.394570325817064,0.0,1.776858455347568,-0.6503765364010706,0.0,0.0,0.0,1.5901338358814208,0,0,0,0,0,0,0.7085851324888921,0.07232810647954314,1.828103251623839,0.0,0.0,0.0
image_2216.png,surface,0.0,0.0,1.9975344748259822,21.131421026815048,-5.021084704187226,0.0,4.15425917233721,-2.428221240343349,0.0,0.0,0.0,-0.6760408528329132,0,0,0,0,0,0,0.7060770577795331,-0.27968503865350686,1.95938377674856,0.0,0.0,0.0
image_2217.png,surface,0.0,0.0,0.7560309812678047,-20.30692827640205,-14.600812119614428,0.0,2.446254677828328,4.0896974905235135,0.0,0.0,0.0,-4.226420084644347,0,0,0,0,0,0,0.0983589893377211,0.19734256169571823,0.5191298348600528,0.0,0.0,0.0
image_2218.png,surface,0.0,0.0,1.0880618704699845,-6.899782449186222,-1.7134969903714803,0.0,0.17032840513697237,-2.930046674642149,0.0,0.0,0.0,4.121097282906538,0,0,0,0,0,0,0.06995747827821192,-0.16431055552195142,0.30106361789521785,0.0,0.0,0.0
image_2219.png,surface,0.0,0.0,1.6597936058716258,3.922387363963369,-6.2057684649105065,0.0,-2.289186865093294,0.17964396652475503,0.0,0.0,0.0,-2.5895361658260208,0,0,0,0,0,0,-0.3267231485389069,0.05227104967815606,0.6856404605935846,0.0,0.0,0.0
image_2220.png,surface,0.0,0.0,1.335976239952991,4.908032678238643,-16.992923321216463,0.0,-4.118121945919671,-0.6853381397777928,0.0,0.0,0.0,-3.4701538191963133,0,0,0,0,0,0,-0.30293600793982184,-0.02229400854817708,0.7072246751137587,0.0,0.0,0.0
image_2221.png,surface,0.0,0.0,2.457651317481689,-8.827041763326672,-13.09111324899254,0.0,-4.859195990085129,0.126055162256823,0.0,0.0,0.0,-0.7705228285110453,0,0,0,0,0,0,-0.6066900317511733,0.0681751158947854,1.6305494073656397,0.0,0.0,0.0
image_2222.png,surface,0.0,0.0,2.188182503583656,10.630067710758173,-22.23117976910491,0.0,-4.554246574829729,0.7615383836334929,0.0,0.0,0.0,4.619137045971289,0,0,0,0,0,0,-0.7841880616981538,0.2752551820297652,2.0144116888549797,0.0,0.0,0.0
image_2223.png,surface,0.0,0.0,1.2786759410668105,0.05444627144287136,-13.692253891320549,0.0,2.3125321950088153,-0.5494717290576575,0.0,0.0,0.0,2.485604651517085,0,0,0,0,0,0,0.33080333561159736,-0.11323506373940748,0.7123829138414234,0.0,0.0,0.0
image_2224.png,surface,0.0,0.0,2.877723094839334,-3.024402056321336,14.4799048656897,0.0,-1.5437880069065593,4.472073052174423,0.0,0.0,0.0,2.247624848729793,0,0,0,0,0,0,-0.4626918443420719,0.8924493608195545,2.6912708620907555,0.0,0.0,0.0
image_2225.png,surface,0.0,0.0,2.110604839428702,2.6844517548053375,-1.4744798340212733,0.0,-2.932282446104263,0.3112957923053459,0.0,0.0,0.0,0.9604392324205469,0,0,0,0,0,0,-0.3776151499230023,0.06926055661580158,1.018929672514034,0.0,0.0,0.0
image_2226.png,surface,0.0,0.0,2.6165629178898557,-22.32860169000231,-8.683673540173341,0.0,-1.797808340619513,-1.9597347954813933,0.0,0.0,0.0,-0.0745955718821314,0,0,0,0,0,0,0.03302120813491061,-1.6766787086512942,4.467982648260987,0.0,0.0,0.0
image_2227.png,surface,0.0,0.0,2.761463219682477,-2.8455244278332583,21.311022906734436,0.0,1.821564058804348,-4.611595009843694,0.0,0.0,0.0,-2.2255838100573397,0,0,0,0,0,0,0.42165103688618405,-0.9506242641585428,2.494444977064248,0.0,0.0,0.0
image_2228.png,surface,0.0,0.0,0.9940831409481741,-7.845204005892452,-9.415051983653802,0.0,0.3913855613217853,3.3678563140325006,0.0,0.0,0.0,1.6327539372607394,0,0,0,0,0,0,0.03417480075001658,0.12595831671271093,0.3279936434604254,0.0,0.0,0.0
image_2229.png,surface,0.0,0.0,1.4943279840746164,16.054199336975703,5.461647639288875,0.0,-1.1731268141592848,3.5976165703768785,0.0,0.0,0.0,2.410555716380548,0,0,0,0,0,0,-0.16739344133484868,0.38375520726155093,1.1419905107311648,0.0,0.0,0.0
image_2230.png,surface,0.0,0.0,0.6524223927706805,-5.9035962425103055,6.560930099475729,0.0,-1.175037886351876,3.69787579897749,0.0,0.0,0.0,-4.918050482150123,0,0,0,0,0,0,0.01119730562749649,0.061286500072567814,0.14623160192172172,0.0,0.0,0.0
image_2231.png,surface,0.0,0.0,0.8695528559995067,-7.430119545256072,-5.714697278884321,0.0,-3.782832428723605,0.05408098160624934,0.0,0.0,0.0,3.0058913535059233,0,0,0,0,0,0,-0.08102009664127967,0.026681391404574605,0.24144241701702193,0.0,0.0,0.0
image_2232.png,surface,0.0,0.0,1.9686656011931796,-20.31440932450023,-3.7840468688515108,0.0,-0.3676245622627121,0.10907421198066139,0.0,0.0,0.0,1.1086897803903364,0,0,0,0,0,0,0.03594323692251414,-0.20166544734985248,1.4438479614695359,0.0,0.0,0.0
image_2233.png,surface,0.0,0.0,1.7928330107397301,-11.796840666286025,-11.13850866149653,0.0,-1.5402182041006358,-4.642447587816419,0.0,0.0,0.0,-2.4984353815475,0,0,0,0,0,0,0.048734722318247506,-0.5689785873417486,1.3529691737039613,0.0,0.0,0.0
image_2234.png,surface,0.0,0.0,1.5938086051311977,-15.276846049147913,11.644032936400855,0.0,1.6140155012935513,4.192835977219688,0.0,0.0,0.0,3.58712007523752,0,0,0,0,0,0,0.10566101752674277,0.2613174939309188,0.617178797757457,0.0,0.0,0.0
image_2235.png,surface,0.0,0.0,2.2924059741746743,2.5172521962671213,-1.6774286044862685,0.0,-2.54329256300066,-1.3984885564859582,0.0,0.0,0.0,0.9822867376051434,0,0,0,0,0,0,-0.47239084927092506,-0.2161254054767819,1.3169418907463286,0.0,0.0,0.0
image_2236.png,surface,0.0,0.0,1.1647663847616263,-3.688932751129461,16.37388339223174,0.0,-0.22064305684906727,1.6840206052646898,0.0,0.0,0.0,-4.778146742447721,0,0,0,0,0,0,-0.011745186025172088,0.18209919852666387,0.4571840770487404,0.0,0.0,0.0
image_2237.png,surface,0.0,0.0,1.5361177435506006,10.694544933693868,6.038270596010267,0.0,1.661653078661992,-1.204574470583931,0.0,0.0,0.0,1.43305017124176,0,0,0,0,0,0,0.31915174582102784,-0.17831431392555513,0.7145935875818501,0.0,0.0,0.0
image_2238.png,surface,0.0,0.0,2.8455406767767997,5.1907154894078715,-18.487513266549275,0.0,0.13526780434752844,-4.962661266219814,0.0,0.0,0.0,1.4498688927292323,0,0,0,0,0,0,0.8232336713725062,-1.3148651349792144,3.944655882799793,0.0,0.0,0.0
image_2239.png,surface,0.0,0.0,1.9177258408878366,11.806904639476022,4.204371166440641,0.0,1.289834121592142,-4.196352313707424,0.0,0.0,0.0,2.340809324668748,0,0,0,0,0,0,0.2413983860508893,-0.40724791991032866,0.9677894199854777,0.0,0.0,0.0
image_2240.png,surface,0.0,0.0,2.203583747703277,-5.958766607674816,-0.26981590068895484,0.0,-0.7477647253932137,1.0336692471291506,0.0,0.0,0.0,1.438014424111202,0,0,0,0,0,0,-0.21649265630654985,0.3865962303661242,1.0163617181690934,0.0,0.0,0.0
image_2241.png,surface,0.0,0.0,2.363742921559033,-5.902121625825842,-10.65441444005412,0.0,1.560694717191544,1.3237030173705584,0.0,0.0,0.0,-4.556394819474811,0,0,0,0,0,0,0.7393303541384587,0.2748194326388644,1.8852726143535612,0.0,0.0,0.0
image_2242.png,surface,0.0,0.0,1.6167858589478072,2.9497883636440196,-1.4439813506066934,0.0,0.7404671959339434,2.477004165125206,0.0,0.0,0.0,4.164511485883901,0,0,0,0,0,0,0.06830166196523645,0.23084964482274112,0.5613871983588905,0.0,0.0,0.0
image_2243.png,surface,0.0,0.0,1.577023634790547,-10.560428692732776,1.9857016874418392,0.0,2.5776197411596202,2.1275382488830683,0.0,0.0,0.0,-4.39511839401543,0,0,0,0,0,0,0.24492308327593618,0.10956344251788289,0.5169057630969559,0.0,0.0,0.0
image_2244.png,surface,0.0,0.0,1.6755108431597363,14.921303803251032,15.051331149529211,0.0,2.94087269321498,-0.26467460587217534,0.0,0.0,0.0,-0.45466260261347635,0,0,0,0,0,0,0.4389397072128384,-0.029505110381711063,1.1336167465628788,0.0,0.0,0.0
image_2245.png,surface,0.0,0.0,2.6550492490129964,11.186673095468372,-20.3420240181877,0.0,-1.311423113074961,-3.1322212044254445,0.0,0.0,0.0,-1.9800913558969135,0,0,0,0,0,0,0.14296254126849464,-1.0562156228785031,2.897211868539911,0.0,0.0,0.0
image_2246.png,surface,0.0,0.0,1.4090390390519845,3.5628960333631596,21.917223370752986,0.0,-2.68528970195068,-3.8070517935859405,0.0,0.0,0.0,1.0853133991701718,0,0,0,0,0,0,-0.14094603702704933,-0.33362672318053127,0.9484560732737394,0.0,0.0,0.0
image_2247.png,surface,0.0,0.0,2.713205159057574,1.0855657932753937,11.273726140229293,0.0,1.0386983983110372,0.923165799978591,0.0,0.0,0.0,-4.89058537064341,0,0,0,0,0,0,0.37503554638394637,0.35814667175803877,1.8877244525020365,0.0,0.0,0.0
image_2248.png,surface,0.0,0.0,0.602292081007129,-13.370471772417439,15.192672294870963,0.0,1.105784519651279,0.6567838258686267,0.0,0.0,0.0,2.801663460371304,0,0,0,0,0,0,0.12104732536146788,0.007796295961386233,0.1975862228129857,0.0,0.0,0.0
image_2249.png,surface,0.0,0.0,1.1320878996885941,-0.6346141484834908,8.707915037782287,0.0,1.4796704940042995,1.8860316119289362,0.0,0.0,0.0,-3.30961390163906,0,0,0,0,0,0,0.11834901440291512,0.08813778654651885,0.305083024695995,0.0,0.0,0.0
image_2250.png,surface,0.0,0.0,2.743472044606474,9.239807764050049,4.608209645197565,0.0,-2.295118247254384,-3.6177575899726304,0.0,0.0,0.0,-0.6148481274150903,0,0,0,0,0,0,-0.4069267511986508,-0.8531752839486975,2.3114994435230938,0.0,0.0,0.0
image_2251.png,surface,0.0,0.0,2.8319274692594503,13.760282742075267,15.140838957674667,0.0,-3.718245857227544,-3.07285238557153,0.0,0.0,0.0,-2.176787557050356,0,0,0,0,0,0,-1.3703987807512086,-0.6020137397205043,4.128208793368617,0.0,0.0,0.0
image_2252.png,surface,0.0,0.0,1.0191872964940942,12.061425006777899,-11.472120180998285,0.0,0.40993031578786604,-3.808036629589833,0.0,0.0,0.0,0.6355816746543894,0,0,0,0,0,0,0.12351278715100825,-0.2316802429396929,0.5449746205890503,0.0,0.0,0.0
image_2253.png,surface,0.0,0.0,1.0428994091873072,1.0762127750936301,-16.84795410602516,0.0,-2.127835675543952,-3.0050070293055016,0.0,0.0,0.0,4.805952703809609,0,0,0,0,0,0,-0.07918469730906615,-0.22078808126966898,0.5037757008810838,0.0,0.0,0.0
image_2254.png,surface,0.0,0.0,2.3856147814851454,-6.892406063959534,12.559894746115422,0.0,4.099086538225707,-2.3950863473898645,0.0,0.0,0.0,2.696658025619463,0,0,0,0,0,0,0.5555895314379622,-0.3731524964504647,1.424420828599112,0.0,0.0,0.0
image_2255.png,surface,0.0,0.0,1.4036635985519532,1.8055338838121817,-14.519907261383993,0.0,-0.6380803310292751,1.4166090569182763,0.0,0.0,0.0,3.7399081950636823,0,0,0,0,0,0,-0.08985618994379334,0.2784202642481486,0.7025353671795181,0.0,0.0,0.0
image_2256.png,surface,0.0,0.0,1.0141396965397305,14.26469925185508,8.683729979459196,0.0,-4.485101711274014,-1.6273980707143834,0.0,0.0,0.0,3.7943037887029014,0,0,0,0,0,0,-0.16644226008888402,-0.04244545149921772,0.522197982051313,0.0,0.0,0.0
image_2257.png,surface,0.0,0.0,1.0680884810153197,23.230361186509043,1.4222347633394714,0.0,-1.578312258416644,-4.08736718589023,0.0,0.0,0.0,4.776915239607561,0,0,0,0,0,0,-0.0362704432711259,-0.32132820788066907,0.7053958450194046,0.0,0.0,0.0
image_2258.png,surface,0.0,0.0,1.26046064582742,-5.927185435503551,7.641616988084944,0.0,3.0962761377916728,0.2840077395795939,0.0,0.0,0.0,1.5259794612670872,0,0,0,0,0,0,0.21391305276749364,-0.038056495540325974,0.3988021932674512,0.0,0.0,0.0
image_2259.png,surface,0.0,0.0,2.582469864450258,17.59765288829845,4.4082685744608145,0.0,3.084172995142859,3.045086098146328,0.0,0.0,0.0,0.18617533464009295,0,0,0,0,0,0,0.8354666231406098,1.1065643413087147,4.066443908863338,0.0,0.0,0.0
image_2260.png,surface,0.0,0.0,1.6409441471198392,1.6323835943411729,-0.9258252172428914,0.0,-4.252860876342808,-1.6338302060787917,0.0,0.0,0.0,-3.670186194434434,0,0,0,0,0,0,-0.2390014093110582,-0.08758720067353956,0.5949157500887076,0.0,0.0,0.0
image_2261.png,surface,0.0,0.0,0.8177215301992506,12.275404258988393,17.127047678011124,0.0,2.899266254234806,-1.3207762418531994,0.0,0.0,0.0,2.1285250325179383,0,0,0,0,0,0,0.19489247162818663,-0.09761415597173886,0.41454486990382844,0.0,0.0,0.0
image_2262.png,surface,0.0,0.0,1.4288401944878346,-15.174462895976193,-17.047654822281554,0.0,-2.8035126415446086,3.300539416119338,0.0,0.0,0.0,-0.5951772764000491,0,0,0,0,0,0,-0.19370996310320326,0.23278456089063998,0.9035726973317274,0.0,0.0,0.0
image_2263.png,surface,0.0,0.0,1.3079194823070086,11.293721592401454,19.965406008107795,0.0,4.412678335860066,1.8089752383686568,0.0,0.0,0.0,-2.500549887900674,0,0,0,0,0,0,0.3352229041528474,0.019047125000093708,0.7316515034435934,0.0,0.0,0.0
image_2264.png,surface,0.0,0.0,0.6902542602218003,-20.533175913595628,-3.09269552037657,0.0,2.103721113430373,-0.5316904760252396,0.0,0.0,0.0,0.10284290219554926,0,0,0,0,0,0,0.14081667637759832,-0.09044867411053752,0.3885460069141347,0.0,0.0,0.0
image_2265.png,surface,0.0,0.0,2.5582288393279007,-6.681275707166078,11.761544682979856,0.0,-0.8535367383991196,1.7037977577869459,0.0,0.0,0.0,1.3658837178285061,0,0,0,0,0,0,-0.4424476636479561,0.632113482845032,1.7578306227235836,0.0,0.0,0.0
image_2266.png,surface,0.0,0.0,2.328376370601573,-2.280569658128058,6.889114324187633,0.0,1.7676562714518576,-1.869046663154455,0.0,0.0,0.0,3.3940890383991817,0,0,0,0,0,0,0.438330951215421,-0.4579332822743042,1.2536161366000835,0.0,0.0,0.0
image_2267.png,surface,0.0,0.0,1.5889052462721585,12.981397860980845,3.854875307524615,0.0,0.960857252042119,-1.5510707796215213,0.0,0.0,0.0,-1.2075391298285112,0,0,0,0,0,0,0.2837678034711412,-0.2590711035691636,0.8152082718204174,0.0,0.0,0.0
image_2268.png,surface,0.0,0.0,2.253857140457707,-10.843367076074449,20.539361627381865,0.0,0.37139040836783355,-2.075584597851327,0.0,0.0,0.0,-3.7211950109384526,0,0,0,0,0,0,-0.06390796555387633,-0.8400839249917443,2.1367936939235346,0.0,0.0,0.0
image_2269.png,surface,0.0,0.0,1.3467735217836336,0.29349136201945136,11.96662920374749,0.0,3.0512108802052227,-0.5627862238644165,0.0,0.0,0.0,-1.2787469800554527,0,0,0,0,0,0,0.22624036171519618,-0.09297979602374774,0.4268487207217636,0.0,0.0,0.0
image_2270.png,surface,0.0,0.0,2.839590035749404,-13.872602586954311,-15.852475427757152,0.0,2.157406511397666,-0.760582277558749,0.0,0.0,0.0,-0.012359443027864181,0,0,0,0,0,0,2.011889110039744,-1.4064228463481816,6.159174855733354,0.0,0.0,0.0
image_2271.png,surface,0.0,0.0,1.7519542909217563,14.255922933870385,6.6349850494571605,0.0,-4.931055212503053,0.6376354029207829,0.0,0.0,0.0,4.123789983929356,0,0,0,0,0,0,-0.47267239891973045,0.12508681793090953,1.2535647775131833,0.0,0.0,0.0
image_2272.png,surface,0.0,0.0,0.7780073114363293,-3.1403051635550407,-7.633768724968047,0.0,-1.5304104636713671,3.7652289423073517,0.0,0.0,0.0,-4.1089515675075114,0,0,0,0,0,0,-0.0282637800150935,0.0803037361252712,0.22824536468780313,0.0,0.0,0.0
image_2273.png,surface,0.0,0.0,1.6879548357108596,-10.049627524888152,4.218643527384342,0.0,2.733856027046086,-4.018685398166281,0.0,0.0,0.0,-3.5677010260066266,0,0,0,0,0,0,0.22661018098362712,-0.2582593826821427,0.6635136261553062,0.0,0.0,0.0
image_2274.png,surface,0.0,0.0,1.400326984883699,19.00845211031944,11.74197435892082,0.0,2.973375507062235,2.8429080191267433,0.0,0.0,0.0,3.869904250035317,0,0,0,0,0,0,0.3487829439953204,0.31366405252879787,1.1616990020776423,0.0,0.0,0.0
image_2275.png,surface,0.0,0.0,0.5852604749510979,-23.180573734320376,8.212483097985963,0.0,-0.3092910771349199,-1.9320001101122082,0.0,0.0,0.0,0.2906579904541715,0,0,0,0,0,0,0.043449198370670766,-0.1435896494680008,0.3319728561931949,0.0,0.0,0.0
image_2276.png,surface,0.0,0.0,1.3742744940477352,-0.8659159521900183,-18.2127307519915,0.0,-4.911725981772059,-0.2067048791269542,0.0,0.0,0.0,-3.257118900507925,0,0,0,0,0,0,-0.3188549772722869,0.028627319189932714,0.7444041880209479,0.0,0.0,0.0
image_2277.png,surface,0.0,0.0,2.940852044482421,-6.976030302972341,19.22090365737726,0.0,4.83794158148017,0.7571486772634691,0.0,0.0,0.0,-0.8980509571477748,0,0,0,0,0,0,0.8811552826367792,-0.08515518421746555,2.2669644161704814,0.0,0.0,0.0
image_2278.png,surface,0.0,0.0,1.1491234134603283,14.675926671828254,11.002811739466008,0.0,2.624671109045173,2.9781814030632594,0.0,0.0,0.0,-1.8040963462443615,0,0,0,0,0,0,0.18485104145078635,0.15643560443585383,0.6238219839976303,0.0,0.0,0.0
image_2279.png,surface,0.0,0.0,2.310006927030832,9.806133622825485,-6.905597757369168,0.0,2.5402896086796933,-1.4909326727266918,0.0,0.0,0.0,-0.8349290453857634,0,0,0,0,0,0,0.8182266532937482,-0.3123898395084746,2.084005484606657,0.0,0.0,0.0
image_2280.png,surface,0.0,0.0,0.8853496138936499,14.494119917219644,-18.08893759252782,0.0,1.9189481862820565,2.835808391445065,0.0,0.0,0.0,-0.06275681944093314,0,0,0,0,0,0,0.2192214050649732,0.25659818644823973,1.0098860072122848,0.0,0.0,0.0
image_2281.png,surface,0.0,0.0,0.9233012112496268,-23.26581252915143,-0.7386244313177308,0.0,-2.1989775715875393,4.306756635607149,0.0,0.0,0.0,2.0592378915414304,0,0,0,0,0,0,-0.060404574788739174,0.13839841123705363,0.41154147982213696,0.0,0.0,0.0
image_2282.png,surface,0.0,0.0,1.2412274254013047,3.5879076830167644,-12.255054145599239,0.0,0.3403774586667028,-1.7981759369216457,0.0,0.0,0.0,-0.15079958574402585,0,0,0,0,0,0,0.1829715073087603,-0.2305098546839883,0.640475726175518,0.0,0.0,0.0
image_2283.png,surface,0.0,0.0,0.5365368012888878,-11.759814981615818,11.58716591809796,0.0,4.867152260887753,0.30003756344104415,0.0,0.0,0.0,-3.4310909612562113,0,0,0,0,0,0,0.10556970412713021,-0.023096290820232564,0.1605183600947067,0.0,0.0,0.0
image_2284.png,surface,0.0,0.0,1.7091134104047012,-0.9565518846045715,-3.3647401686268172,0.0,-3.7136072735672987,0.9551486089782335,0.0,0.0,0.0,1.4500652529064801,0,0,0,0,0,0,-0.23484664962868448,0.07624985099764965,0.6350495269944684,0.0,0.0,0.0
image_2285.png,surface,0.0,0.0,2.924563759327654,-16.11353196657298,6.458630219097922,0.0,2.289501278333039,0.38461754748774063,0.0,0.0,0.0,-2.520522040513802,0,0,0,0,0,0,1.0335877843900994,-0.19153781349202254,2.4627005953532213,0.0,0.0,0.0
image_2286.png,surface,0.0,0.0,1.2038272786122888,-21.29112670785747,-11.443363020761401,0.0,-3.053243716795147,0.6534644226209343,0.0,0.0,0.0,3.0501193693603756,0,0,0,0,0,0,-0.2532828250104707,0.07991360670670303,0.7321449972785777,0.0,0.0,0.0
image_2287.png,surface,0.0,0.0,2.1745689051602346,-7.839235419398577,1.0694426567734496,0.0,-2.017934665556381,4.178723082059908,0.0,0.0,0.0,-2.055062086054079,0,0,0,0,0,0,-0.18614464794529828,0.31272962964722756,0.9908608150219395,0.0,0.0,0.0
image_2288.png,surface,0.0,0.0,2.610702786028407,3.9118780036461893,10.98860411042022,0.0,-2.815430149730582,1.1126534099343794,0.0,0.0,0.0,-3.888449055244696,0,0,0,0,0,0,-1.114559941496581,0.4308727731686213,2.6081495294506807,0.0,0.0,0.0
image_2289.png,surface,0.0,0.0,2.8486400447810487,12.1103438327623,18.270347072779657,0.0,-1.2875695037395685,0.08338202959921812,0.0,0.0,0.0,4.617713649792121,0,0,0,0,0,0,-1.2678751394461558,0.26147795038532995,5.154832280400474,0.0,0.0,0.0
image_2290.png,surface,0.0,0.0,0.5633158305114077,-7.922352918155608,-5.6444291566291875,0.0,1.018020820769954,0.579676513028523,0.0,0.0,0.0,-3.318209172148745,0,0,0,0,0,0,0.10556970412713026,5.663168979215538e-05,0.15045644507009429,0.0,0.0,0.0
image_2291.png,surface,0.0,0.0,2.6127960615275394,-13.482717399061416,17.587237811952665,0.0,-0.40502129839152784,-1.401111520959977,0.0,0.0,0.0,0.19696671886584305,0,0,0,0,0,0,-0.4335111256058685,-1.190794541259575,3.2854731674723228,0.0,0.0,0.0
image_2292.png,surface,0.0,0.0,0.70349896567599,13.087084395664359,14.190039026570986,0.0,-1.4257039042365205,-1.6598444145249578,0.0,0.0,0.0,-2.2679676284393935,0,0,0,0,0,0,-0.05920532547382682,-0.1517918058728975,0.36148870013356904,0.0,0.0,0.0
image_2293.png,surface,0.0,0.0,1.2834666785074584,2.999879393253644,20.099419035415536,0.0,-0.0684583729657444,4.523594773849481,0.0,0.0,0.0,2.3349308854254724,0,0,0,0,0,0,-0.0077502247921203415,0.21591146353756707,0.604669510591927,0.0,0.0,0.0
image_2294.png,surface,0.0,0.0,2.3566302759208333,6.354082094078627,17.01174762769533,0.0,0.7507887037969554,-1.9670812832863396,0.0,0.0,0.0,0.8180159249118892,0,0,0,0,0,0,0.19816910078428573,-0.6452583272867887,1.6002698761331169,0.0,0.0,0.0
image_2295.png,surface,0.0,0.0,1.4205989665994088,9.944527940096952,-17.138447223352543,0.0,-1.46742269853757,3.7310654273962682,0.0,0.0,0.0,3.716558604612212,0,0,0,0,0,0,-0.2215027181652949,0.38151825551476126,1.0941372397641327,0.0,0.0,0.0
image_2296.png,surface,0.0,0.0,0.6412890627329508,16.713981608695335,3.655356852731812,0.0,3.2790989467779132,1.700289341227905,0.0,0.0,0.0,0.027756544866115007,0,0,0,0,0,0,0.18819311187660803,-0.008982415242032955,0.38406436833126806,0.0,0.0,0.0
image_2297.png,surface,0.0,0.0,2.358112528437359,-19.302340086482488,6.765161434929028,0.0,3.046692073776572,-0.3983612150331123,0.0,0.0,0.0,-4.733274928919686,0,0,0,0,0,0,0.7014261619592641,-0.28902926746921165,1.6985242753781171,0.0,0.0,0.0
image_2298.png,surface,0.0,0.0,1.8919151892088668,-2.6683702421115068,23.15971617852901,0.0,-2.828927815800396,0.5326602670550447,0.0,0.0,0.0,-3.467702456067072,0,0,0,0,0,0,-0.5371853157460403,0.1489853910231974,1.5936177578778306,0.0,0.0,0.0
image_2299.png,surface,0.0,0.0,1.6631506030396155,-4.793872819246828,-6.546306145314128,0.0,3.740512132716117,-0.5650237151829303,0.0,0.0,0.0,-1.39471488121915,0,0,0,0,0,0,0.34224947025303815,-0.1264963177657363,0.741568273222622,0.0,0.0,0.0
image_2300.png,surface,0.0,0.0,1.5338922227618776,-10.268874751629353,3.223724793346773,0.0,1.4607729082104421,2.8244511217199393,0.0,0.0,0.0,3.548770446525104,0,0,0,0,0,0,0.11630815992157334,0.18998044202273842,0.4727414143715266,0.0,0.0,0.0
image_2301.png,surface,0.0,0.0,2.0703891772039524,2.5664025550876643,-6.256235715938888,0.0,0.01721024723361758,-1.8316762770886958,0.0,0.0,0.0,-1.4319836177950798,0,0,0,0,0,0,0.27603355852395317,-0.5151784820392042,1.2075403366405075,0.0,0.0,0.0
image_2302.png,surface,0.0,0.0,2.7926240531462247,17.7006922024504,6.797983828641198,0.0,-2.9942559129276822,0.6162107733060856,0.0,0.0,0.0,-1.6034198135131437,0,0,0,0,0,0,-1.3443957683215253,0.8777597297284678,5.112963459559041,0.0,0.0,0.0
image_2303.png,surface,0.0,0.0,1.5511491773764634,1.2900983774919832,-24.532323756743597,0.0,2.886628740754549,-3.531431604554348,0.0,0.0,0.0,-1.1741640482112183,0,0,0,0,0,0,0.6464646267324327,-0.49786648909024217,1.944759835005065,0.0,0.0,0.0
image_2304.png,surface,0.0,0.0,1.4690352016855683,-10.676707323403523,19.32895937834813,0.0,3.262997195982421,2.0374778551231563,0.0,0.0,0.0,0.8940760218084591,0,0,0,0,0,0,0.29389445948817977,0.048939218595384464,0.6607357694552132,0.0,0.0,0.0
image_2305.png,surface,0.0,0.0,1.4031670739170183,2.0829671128659633,12.789433341267435,0.0,-0.6456105600459829,1.600231593258526,0.0,0.0,0.0,-2.0095327179482734,0,0,0,0,0,0,-0.07736756065677516,0.18427007996869635,0.5508697505635234,0.0,0.0,0.0
image_2306.png,surface,0.0,0.0,0.9979767870012899,3.4407016335177225,-15.267293216826085,0.0,0.07985811168948777,-1.2305524161961259,0.0,0.0,0.0,-4.237704064307116,0,0,0,0,0,0,0.1767484991251607,-0.23322817579401176,0.5433333628120667,0.0,0.0,0.0
image_2307.png,surface,0.0,0.0,2.581907994532153,10.142907016616789,10.785236658609175,0.0,0.6405700876238218,2.768151855265976,0.0,0.0,0.0,-2.7132146077300257,0,0,0,0,0,0,0.11264649259710767,1.0516945263100963,2.6489465084785695,0.0,0.0,0.0
image_2308.png,surface,0.0,0.0,1.0754039441363026,-2.2496330762902663,8.4091437407736,0.0,0.9638940207807989,3.291826954734745,0.0,0.0,0.0,0.5181460164922411,0,0,0,0,0,0,0.06557443509680644,0.09073025945700407,0.2820384257048722,0.0,0.0,0.0
image_2309.png,surface,0.0,0.0,1.8860289636647773,23.535717111820833,3.04410034411596,0.0,-3.0288779150148355,-1.7014153682392736,0.0,0.0,0.0,-3.7870431408459138,0,0,0,0,0,0,-0.6604584052230656,-0.14742330024643058,1.820135894143187,0.0,0.0,0.0
image_2310.png,surface,0.0,0.0,2.453353492037473,10.399987697449204,10.589980666673249,0.0,0.32225753054636913,-0.2784808438056192,0.0,0.0,0.0,-0.18205428525099077,0,0,0,0,0,0,0.05037531973128738,-0.02042988209251873,2.2425040927839746,0.0,0.0,0.0
image_2311.png,surface,0.0,0.0,0.56448620249765,4.101544254506833,-21.666295107181714,0.0,1.8369028502800246,3.240455718841226,0.0,0.0,0.0,-1.8533432799830907,0,0,0,0,0,0,0.11470560975837195,0.1731797073844001,0.5641605890514267,0.0,0.0,0.0
image_2312.png,surface,0.0,0.0,1.7587852648097617,5.445669588242356,-19.36756945930204,0.0,-1.0263269023424495,4.861409487769545,0.0,0.0,0.0,3.3074860868421947,0,0,0,0,0,0,-0.21034726451262106,0.5227860057012833,1.4017335102125015,0.0,0.0,0.0
image_2313.png,surface,0.0,0.0,1.5055458858474566,17.407168619297323,-5.471831442061827,0.0,1.8066424802810035,0.13034992335929235,0.0,0.0,0.0,3.3455631796072556,0,0,0,0,0,0,0.5539732842648195,0.08700515275067582,1.3516383034521482,0.0,0.0,0.0
image_2314.png,surface,0.0,0.0,0.6819576247308219,-3.30573177962047,0.07976007638990862,0.0,2.400034898555353,-3.439448050159647,0.0,0.0,0.0,-4.121416405179455,0,0,0,0,0,0,0.10091272074688704,-0.0800583321361719,0.16878047407408206,0.0,0.0,0.0
image_2315.png,surface,0.0,0.0,2.5468108964474396,7.92776868960501,12.205472943576893,0.0,-0.5255134023293252,-1.7579039638508713,0.0,0.0,0.0,2.6738515040647073,0,0,0,0,0,0,-0.2513317620387479,-0.4908032588911659,2.235135180315881,0.0,0.0,0.0
image_2316.png,surface,0.0,0.0,1.5074656157643302,6.635013934156805,-16.610077733413267,0.0,3.3838787501413483,-0.041326956295235244,0.0,0.0,0.0,1.3490513105641257,0,0,0,0,0,0,0.5562652505950951,-0.12407373992462763,1.3799393933371769,0.0,0.0,0.0
image_2317.png,surface,0.0,0.0,1.4317567703406393,-0.07265740849561511,-7.208257468784233,0.0,-3.0218191665353107,-2.4702822751226394,0.0,0.0,0.0,-3.9396537213376694,0,0,0,0,0,0,-0.14495773905003012,-0.16340130228028854,0.5041106514478154,0.0,0.0,0.0
image_2318.png,surface,0.0,0.0,2.183542106387592,-6.615075248783359,-8.518615906164953,0.0,2.321982354773308,-3.0338599922903926,0.0,0.0,0.0,0.08241155138697298,0,0,0,0,0,0,0.4495244521179337,-0.4713833085999402,1.6272445617738875,0.0,0.0,0.0
image_2319.png,surface,0.0,0.0,1.6086909321191194,-0.9232945888159935,4.542822063371221,0.0,1.1671895962239025,-0.8917652686390266,0.0,0.0,0.0,2.2709128837061066,0,0,0,0,0,0,0.2636545053164701,-0.1607584900899882,0.538690947957169,0.0,0.0,0.0
image_2320.png,surface,0.0,0.0,1.4302102885669394,11.273108846337653,8.72986333130962,0.0,-3.494649069762762,-1.113195249375703,0.0,0.0,0.0,1.5498862081621088,0,0,0,0,0,0,-0.2398232299075718,-0.052053961533952815,0.7824322423638571,0.0,0.0,0.0
image_2321.png,surface,0.0,0.0,1.906104032704401,-13.323678075217991,-13.12709121167195,0.0,-2.3392633258997506,0.9178255246610462,0.0,0.0,0.0,-2.391184389988581,0,0,0,0,0,0,-0.40885650771046395,0.18477661897183734,1.0656217815163957,0.0,0.0,0.0
image_2322.png,surface,0.0,0.0,1.4030895283532216,-18.463700087186474,11.36358931971305,0.0,0.6795682467358498,2.1589442727985277,0.0,0.0,0.0,-2.751365440993694,0,0,0,0,0,0,0.060186944519662396,0.23366392518491255,0.5733449335912032,0.0,0.0,0.0
image_2323.png,surface,0.0,0.0,2.3840919622999244,-1.5124373810712015,-18.787587949401434,0.0,0.7837110838387804,4.401351069924236,0.0,0.0,0.0,1.3274244755710818,0,0,0,0,0,0,0.1708953102099924,0.8024049740500334,2.406290453908091,0.0,0.0,0.0
image_2324.png,surface,0.0,0.0,2.39571298426349,7.789717358509728,0.09054655980101886,0.0,-1.6468495946058321,-2.493486066319794,0.0,0.0,0.0,-3.868033542139745,0,0,0,0,0,0,-0.3113672785040526,-0.6391704206341328,1.4389308871499182,0.0,0.0,0.0
image_2325.png,surface,0.0,0.0,2.3876014408427926,-13.959769599044998,-4.454489746067888,0.0,1.190742790585173,-1.9760736696480175,0.0,0.0,0.0,-0.5987852970270477,0,0,0,0,0,0,0.6998829655058109,-1.0001423844718011,2.684245832204506,0.0,0.0,0.0
image_2326.png,surface,0.0,0.0,2.475864422448881,19.374303001734617,-12.536617829891105,0.0,0.018005406236391016,3.568499383404805,0.0,0.0,0.0,-0.34535245835459527,0,0,0,0,0,0,0.4971930904957037,1.7549562887640033,5.8634001072868225,0.0,0.0,0.0
image_2327.png,surface,0.0,0.0,1.8586813906159514,4.450722669281002,11.117975646536502,0.0,-1.214652742659847,-3.1117842826821556,0.0,0.0,0.0,-2.7661991509858144,0,0,0,0,0,0,-0.03117211179275514,-0.4134380782251094,0.9399483288787608,0.0,0.0,0.0
image_2328.png,surface,0.0,0.0,2.5501692061179853,15.768373240162411,13.986483688822569,0.0,0.5313542851860382,-2.612857947048309,0.0,0.0,0.0,-4.036601849510147,0,0,0,0,0,0,0.3172022047392988,-0.6969819372969538,2.025255155201963,0.0,0.0,0.0
image_2329.png,surface,0.0,0.0,1.171208938998089,-12.084990725592782,-5.854258619477805,0.0,-2.0414189417171777,-1.7943111796548583,0.0,0.0,0.0,4.164482345153461,0,0,0,0,0,0,-0.09331088022913718,-0.1452036526270771,0.4355127753812164,0.0,0.0,0.0
image_2330.png,surface,0.0,0.0,2.7859854020880443,-16.09543873526349,-7.130688298707274,0.0,3.024593939514097,-3.9147349263260653,0.0,0.0,0.0,0.31216926085645014,0,0,0,0,0,0,1.0099710954702903,-1.3571721534589398,4.228158042481282,0.0,0.0,0.0
image_2331.png,surface,0.0,0.0,1.505090845982457,-13.741787651242005,9.025863745207442,0.0,-2.00392850901487,2.8778783369668997,0.0,0.0,0.0,-0.5968260239234189,0,0,0,0,0,0,-0.08093791458162826,0.17530339575160586,0.5425629765085843,0.0,0.0,0.0
image_2332.png,surface,0.0,0.0,1.8255394197022177,9.620553520288881,-20.364956443034373,0.0,-0.8339750630344082,0.6130602192078421,0.0,0.0,0.0,-4.825526298217406,0,0,0,0,0,0,0.21962014024328175,0.2605057730438982,2.0220396297613434,0.0,0.0,0.0
image_2333.png,surface,0.0,0.0,0.9156128932903008,-6.297757626791658,-6.510254620232873,0.0,4.411410550996661,-0.7234488394826385,0.0,0.0,0.0,-1.2836717787108953,0,0,0,0,0,0,0.17293159902135352,-0.014286916852564504,0.2932257746337019,0.0,0.0,0.0
image_2334.png,surface,0.0,0.0,0.5876099936461814,3.0250353651635766,20.93758167374688,0.0,-3.3604896138259868,-2.6795387556321093,0.0,0.0,0.0,0.541206457760719,0,0,0,0,0,0,-0.033634529802308535,-0.06108671605580106,0.31472960101786046,0.0,0.0,0.0
image_2335.png,surface,0.0,0.0,0.7293871115108113,-13.967042680245356,-0.06334701068423625,0.0,3.2689764250073217,0.4458741151526072,0.0,0.0,0.0,-0.44219532013042695,0,0,0,0,0,0,0.14828611246590975,-0.030364024343558678,0.2370880596495131,0.0,0.0,0.0
image_2336.png,surface,0.0,0.0,0.5054455814887722,16.560534068546023,2.156682152747892,0.0,-1.2117548142257417,-3.4529451572627377,0.0,0.0,0.0,1.7849643981186967,0,0,0,0,0,0,0.01758924360037928,-0.14673585445645373,0.29757789899743253,0.0,0.0,0.0
image_2337.png,surface,0.0,0.0,2.4265645294177274,-4.194465382717906,1.6703592334702673,0.0,-1.0529825351137596,-4.569319732125472,0.0,0.0,0.0,-0.64430162143457,0,0,0,0,0,0,0.060217382319533316,-0.7383073398202823,1.7518551046130948,0.0,0.0,0.0
image_2338.png,surface,0.0,0.0,2.399080556006097,1.4593145488873314,-16.07217988152062,0.0,1.3706801352280955,0.6630079224986054,0.0,0.0,0.0,3.857159009822862,0,0,0,0,0,0,1.047421764431409,0.2640499729633905,3.029148896775423,0.0,0.0,0.0
image_2339.png,surface,0.0,0.0,1.5418915612316326,0.15562847226775442,2.0716923779798453,0.0,-1.047132990605319,-3.5621617418046294,0.0,0.0,0.0,-2.0229676168873922,0,0,0,0,0,0,0.024745170350020943,-0.20526155965165405,0.5294999044060584,0.0,0.0,0.0
image_2340.png,surface,0.0,0.0,2.0215846497209764,-5.032694180376758,19.233499482677754,0.0,-2.6323569677148906,-0.4783304334199041,0.0,0.0,0.0,-2.115213408602914,0,0,0,0,0,0,-0.5667252005207201,-0.07082736670005114,1.631114357321525,0.0,0.0,0.0
image_2341.png,surface,0.0,0.0,0.8751107066214145,8.961173057783164,-3.3895884210200404,0.0,0.15709629369687098,-4.449323802386471,0.0,0.0,0.0,-2.1005141794853244,0,0,0,0,0,0,0.075664565754,-0.1431554731795943,0.31720823521167313,0.0,0.0,0.0
image_2342.png,surface,0.0,0.0,2.61137370866985,-10.514928001236564,21.80524938142538,0.0,3.935382136307968,0.3108571062699219,0.0,0.0,0.0,-2.5383589251978798,0,0,0,0,0,0,0.7911050517188088,-0.13279659325511323,1.8533585243553914,0.0,0.0,0.0
image_2343.png,surface,0.0,0.0,2.0526652689700335,15.025529226779724,-13.05219964061508,0.0,-2.1098853703924285,3.5091561101013418,0.0,0.0,0.0,3.5577269119771397,0,0,0,0,0,0,-0.44111448801361236,0.7915505668398702,2.293974829871706,0.0,0.0,0.0
image_2344.png,surface,0.0,0.0,1.3809155884011193,2.500827404121716,-20.69055493055662,0.0,-2.076239279773251,-0.07170112819957673,0.0,0.0,0.0,4.623229277877211,0,0,0,0,0,0,-0.36129592352223533,0.05821737710633198,0.8398494685129605,0.0,0.0,0.0
image_2345.png,surface,0.0,0.0,2.64072279326608,-12.344394980968717,5.94626704902922,0.0,3.602828787100576,-2.854451339645156,0.0,0.0,0.0,-0.6922183887335498,0,0,0,0,0,0,0.6893910558903217,-0.6460448785339019,2.204118757836552,0.0,0.0,0.0
image_2346.png,surface,0.0,0.0,2.276571201024968,7.459983617044953,-7.465633047888996,0.0,1.9174096265971516,-3.6832255520636688,0.0,0.0,0.0,3.0641760091710584,0,0,0,0,0,0,0.5114258057153228,-0.5870787046403184,1.638251037396683,0.0,0.0,0.0
image_2347.png,surface,0.0,0.0,1.545692588712447,1.1864431773328148,0.3641807464002776,0.0,-0.15227850386957567,-4.1576077301307075,0.0,0.0,0.0,-3.2845531155292385,0,0,0,0,0,0,0.08519464089356953,-0.26435672794976445,0.5487930570497888,0.0,0.0,0.0
image_2348.png,surface,0.0,0.0,1.407803713524681,-13.471393427839574,9.333343702430362,0.0,0.34312870337809603,0.42083657729303814,0.0,0.0,0.0,-1.0205650217244222,0,0,0,0,0,0,0.1520482245299494,0.15115627246522984,0.48757302546639514,0.0,0.0,0.0
image_2349.png,surface,0.0,0.0,1.0037878281092176,2.712695844733478,-24.63944338318807,0.0,1.057155166171023,4.6056722724812555,0.0,0.0,0.0,4.3399417008204395,0,0,0,0,0,0,0.007480850263263228,0.34699180197147916,0.9518725690544007,0.0,0.0,0.0
image_2350.png,surface,0.0,0.0,0.9369719282517601,5.052906952842368,-6.874857974411865,0.0,4.163874965259571,-1.7759255026665919,0.0,0.0,0.0,2.4715212779804006,0,0,0,0,0,0,0.16498733325505632,-0.08713729336019078,0.3207587112190264,0.0,0.0,0.0
image_2351.png,surface,0.0,0.0,1.6287101909893396,-16.41356268612583,12.762710795050477,0.0,0.7614070132244625,0.45443650204646857,0.0,0.0,0.0,-2.570376890191052,0,0,0,0,0,0,0.261587778705238,0.1431586193845828,0.6801606693218585,0.0,0.0,0.0
image_2352.png,surface,0.0,0.0,1.42493933349611,5.655719130356344,-12.231951823349464,0.0,-3.304476163605381,-3.2269998157176722,0.0,0.0,0.0,1.0061612417168782,0,0,0,0,0,0,-0.1833748081570491,-0.20087260369276222,0.635904767441523,0.0,0.0,0.0
image_2353.png,surface,0.0,0.0,0.6534697575741899,18.632758047919815,3.1683709159113267,0.0,-4.076157553722155,1.968733980815232,0.0,0.0,0.0,2.7756106919715204,0,0,0,0,0,0,-0.1421635490218841,0.06682224774975064,0.4380450016657064,0.0,0.0,0.0
image_2354.png,surface,0.0,0.0,1.2753725812481285,4.166604671656902,10.35920344780198,0.0,3.60953849143911,1.9825627002496737,0.0,0.0,0.0,-3.116956831173815,0,0,0,0,0,0,0.1950111790476831,0.05388819904222084,0.4080602269319081,0.0,0.0,0.0
image_2355.png,surface,0.0,0.0,0.8343485318585218,-12.761269654267595,2.0610212629225697,0.0,-0.5470515942002457,4.167684762997026,0.0,0.0,0.0,-3.9089873540878592,0,0,0,0,0,0,-0.03745903935608341,0.09299867325367857,0.22870313046233637,0.0,0.0,0.0
image_2356.png,surface,0.0,0.0,2.5052107067218614,-21.89491243416692,7.228416782937487,0.0,-2.511881720809,-1.1380322394795246,0.0,0.0,0.0,-4.172665945270287,0,0,0,0,0,0,-0.6742010718647637,-0.6592353429479904,2.653421448050101,0.0,0.0,0.0
image_2357.png,surface,0.0,0.0,1.6955403424668576,-15.233984042501355,11.87197471560797,0.0,0.09948902652167275,-2.2456586123712636,0.0,0.0,0.0,2.293083015646765,0,0,0,0,0,0,0.0903660230916305,-0.3811061026612737,0.9185516866759564,0.0,0.0,0.0
image_2358.png,surface,0.0,0.0,0.960373547350546,6.4259885352176624,-12.199317866353566,0.0,-0.5260451441604858,-1.6760917254182839,0.0,0.0,0.0,-3.3961923737924105,0,0,0,0,0,0,0.021104809485464848,-0.18800777149497844,0.39880219326745103,0.0,0.0,0.0
image_2359.png,surface,0.0,0.0,0.9035786699835211,6.786463436364073,16.135736124507186,0.0,-2.3217225993796715,-4.394771838279933,0.0,0.0,0.0,-2.5302348091274816,0,0,0,0,0,0,-0.0403597616837774,-0.16972517430707876,0.3830907786839684,0.0,0.0,0.0
image_2360.png,surface,0.0,0.0,2.5465814033766176,18.09986486153976,-11.698477600367507,0.0,3.4259419617271547,-0.6889806640541075,0.0,0.0,0.0,-2.3593399687765046,0,0,0,0,0,0,1.785806263938881,0.29036011217932756,4.82570985353016,0.0,0.0,0.0
image_2361.png,surface,0.0,0.0,1.8919718651997735,-10.592878948859136,0.13688437457897987,0.0,-3.0365571475930118,-2.15055291991664,0.0,0.0,0.0,2.0939313637115022,0,0,0,0,0,0,-0.3157685843653809,-0.19498290795437848,0.931373594370437,0.0,0.0,0.0
image_2362.png,surface,0.0,0.0,1.7572917322947594,18.229387725337233,-6.575215903904703,0.0,-4.327735811846492,-2.1360251311919445,0.0,0.0,0.0,-4.271057244882478,0,0,0,0,0,0,-0.49330922723218057,-0.13352808591492857,1.1694564572031423,0.0,0.0,0.0
image_2363.png,surface,0.0,0.0,1.6199975408552785,-0.40432270841619494,-14.912034895160168,0.0,1.460949788408558,-1.6988981531142289,0.0,0.0,0.0,-4.895847340223913,0,0,0,0,0,0,0.42044874379128455,-0.3261230242830712,1.1419905107311648,0.0,0.0,0.0
image_2364.png,surface,0.0,0.0,2.3612557270251235,7.367791681669249,23.948601201404784,0.0,0.15466868203385764,1.563064371088443,0.0,0.0,0.0,-2.799956058778453,0,0,0,0,0,0,-0.30956231697171016,0.9087026557899022,2.7493669213884315,0.0,0.0,0.0
image_2365.png,surface,0.0,0.0,1.8757950957653167,15.736650315044791,-16.701660805697678,0.0,2.604358639751444,2.766275443974559,0.0,0.0,0.0,-4.208236308305004,0,0,0,0,0,0,0.9431418620738063,0.6805996479220796,3.253317913066108,0.0,0.0,0.0
image_2366.png,surface,0.0,0.0,0.7983153472723363,-17.5188518204759,0.46935194875935826,0.0,1.4254435728057402,-4.093399587023025,0.0,0.0,0.0,-3.986540339956368,0,0,0,0,0,0,0.06666106455219653,-0.1271224125584385,0.313671157226989,0.0,0.0,0.0
image_2367.png,surface,0.0,0.0,0.6736438190486533,-3.8586534969449597,17.105015227719484,0.0,-0.7897340892089196,2.3374562230903657,0.0,0.0,0.0,1.3017723281879343,0,0,0,0,0,0,-0.04291044931295636,0.09614173203714296,0.2505798684774555,0.0,0.0,0.0
image_2368.png,surface,0.0,0.0,1.1696833318883928,13.507708825089157,-7.169507128081296,0.0,-3.0738582896783337,2.5913204588110093,0.0,0.0,0.0,0.9533555818806718,0,0,0,0,0,0,-0.17923678926460432,0.16560364577220563,0.6424273714776734,0.0,0.0,0.0
image_2369.png,surface,0.0,0.0,2.9331599825814285,-3.641661099918803,-21.32076198169458,0.0,-2.4429615429759792,-0.8555614552425126,0.0,0.0,0.0,2.9382764720754917,0,0,0,0,0,0,-0.5213667911531492,-0.3396485595284299,3.116148956978246,0.0,0.0,0.0
image_2370.png,surface,0.0,0.0,0.704182508476225,-10.46326993015848,-11.64496228151344,0.0,2.2543347260490867,-0.6900676522105141,0.0,0.0,0.0,2.062353583150795,0,0,0,0,0,0,0.11520326778626076,-0.03820751337977172,0.32306763712569503,0.0,0.0,0.0
image_2371.png,surface,0.0,0.0,1.8449759306562936,6.869395676529011,7.742973658222113,0.0,-1.2683671150696754,-0.36682233640537026,0.0,0.0,0.0,4.579726796404655,0,0,0,0,0,0,-0.38386403023649185,-0.016464090704573896,0.9423599729592276,0.0,0.0,0.0
image_2372.png,surface,0.0,0.0,2.802147981943218,-0.038900832474564224,5.425409809937941,0.0,2.3219621484203246,2.9413738846254773,0.0,0.0,0.0,-2.3123764208216455,0,0,0,0,0,0,0.44756882347623034,0.6180688237765787,1.9678111330075225,0.0,0.0,0.0
image_2373.png,surface,0.0,0.0,0.6921411978968133,20.392422587152996,-9.8609391989998,0.0,3.592108669277837,-0.2929578674794925,0.0,0.0,0.0,0.9229303716017254,0,0,0,0,0,0,0.2642876115537842,-0.05235127790536158,0.7196915352075025,0.0,0.0,0.0
image_2374.png,surface,0.0,0.0,0.9756461018080358,4.376915404989826,8.095571437702494,0.0,0.6960528391810259,2.0831227925040805,0.0,0.0,0.0,4.44782262145837,0,0,0,0,0,0,0.018164518017938745,0.1444863178897098,0.294096646107204,0.0,0.0,0.0
image_2375.png,surface,0.0,0.0,2.052470559849091,-5.96032487807031,-16.466874717073118,0.0,-2.357745604518261,0.8417706186691672,0.0,0.0,0.0,4.6481253504375495,0,0,0,0,0,0,-0.4907524520430276,0.2693922290337832,1.1658389910824423,0.0,0.0,0.0
image_2376.png,surface,0.0,0.0,0.5345784311542021,1.8069383199371587,-22.1292867995647,0.0,3.7009574356649915,1.231667869592942,0.0,0.0,0.0,1.1666393115298055,0,0,0,0,0,0,0.20738262280519829,0.006742317290254513,0.5470781101481236,0.0,0.0,0.0
image_2377.png,surface,0.0,0.0,2.8156294910599504,-1.605104297392353,-22.883886819518825,0.0,0.8238075886968391,2.856638821131975,0.0,0.0,0.0,2.494731024316831,0,0,0,0,0,0,1.1732516290975878,1.1050195546593844,4.821802096918298,0.0,0.0,0.0
image_2378.png,surface,0.0,0.0,0.7684023308859851,-4.374252455279502,22.947337915011538,0.0,-4.612906876894801,0.628829827279118,0.0,0.0,0.0,0.8877431048727953,0,0,0,0,0,0,-0.12412915259839342,0.04578357499196623,0.4189260233166759,0.0,0.0,0.0
image_2379.png,surface,0.0,0.0,0.6510657441610295,-0.615759216364817,2.3567442001773244,0.0,-1.9805133581322047,-0.11428030439924478,0.0,0.0,0.0,2.677285047789427,0,0,0,0,0,0,-0.061692093723276956,0.014375010592241182,0.13833570056197264,0.0,0.0,0.0
image_2380.png,surface,0.0,0.0,0.9805743803087534,10.494630720422636,-8.853849662373426,0.0,0.8352659636001369,0.2715224613013431,0.0,0.0,0.0,-1.485402404600047,0,0,0,0,0,0,0.19126732966356588,0.04976037809737073,0.520963130961963,0.0,0.0,0.0
image_2381.png,surface,0.0,0.0,2.02586215884945,17.581063963229752,3.115127359103928,0.0,-3.7646046211209456,-1.8166769974736348,0.0,0.0,0.0,-1.8977983429582368,0,0,0,0,0,0,-0.6450264406885345,-0.12025582017114009,1.6510014889702591,0.0,0.0,0.0
image_2382.png,surface,0.0,0.0,2.8526593689756172,-17.33426790654382,-14.640056839842856,0.0,0.9474012884275427,-4.798774650546208,0.0,0.0,0.0,0.3309745478491912,0,0,0,0,0,0,1.1314848801147788,-2.0083673695589392,5.869281839238627,0.0,0.0,0.0
image_2383.png,surface,0.0,0.0,1.6976872894824084,-3.7964112430975314,21.32679372482197,0.0,2.944735965084694,0.11396804891625674,0.0,0.0,0.0,2.6539231091402726,0,0,0,0,0,0,0.34977978194109133,-0.056084250124160955,0.7677591745372417,0.0,0.0,0.0
image_2384.png,surface,0.0,0.0,1.838174773792552,-12.616748680869556,-15.529350040610481,0.0,3.2720371805629203,3.4983850251381643,0.0,0.0,0.0,-3.6261515490958884,0,0,0,0,0,0,0.4550717411443998,0.3451512720532344,1.398683227051468,0.0,0.0,0.0
image_2385.png,surface,0.0,0.0,1.6077008275770917,2.263664600605088,-7.962894584116021,0.0,-2.069964761564297,-2.5702420650552518,0.0,0.0,0.0,1.6707866480741798,0,0,0,0,0,0,-0.1730426969908822,-0.2609493879472699,0.6283103215918319,0.0,0.0,0.0
image_2386.png,surface,0.0,0.0,1.8408683209326928,-0.5394780076300032,11.920644891554685,0.0,-2.4704967620703853,-3.0968795734109835,0.0,0.0,0.0,-0.15275195372720596,0,0,0,0,0,0,-0.2237444621257847,-0.3534478146077847,0.9545521735882512,0.0,0.0,0.0
image_2387.png,surface,0.0,0.0,1.1733818663975009,10.363190553709893,22.86918042131412,0.0,0.6222368174739364,-4.883089148391339,0.0,0.0,0.0,-2.956852185679002,0,0,0,0,0,0,0.10588930102577442,-0.27883241710163603,0.6731378724393889,0.0,0.0,0.0
image_2388.png,surface,0.0,0.0,2.237317039307489,-24.552924382706788,-4.001757418269943,0.0,0.20984434683408185,-1.8365619505065987,0.0,0.0,0.0,-2.02530682383249,0,0,0,0,0,0,0.284224370469204,-1.0240330920516194,2.7770851972873474,0.0,0.0,0.0
image_2389.png,surface,0.0,0.0,2.274821463408312,-7.248946974701907,-12.418999104577871,0.0,-0.9904248102886098,0.7093646260715656,0.0,0.0,0.0,4.989845431925998,0,0,0,0,0,0,-0.18946389002121672,0.2867120874952162,1.36399574636076,0.0,0.0,0.0
image_2390.png,surface,0.0,0.0,1.802102580760829,-18.902589827216048,8.050177761944104,0.0,1.596018205009212,3.9200553917247545,0.0,0.0,0.0,3.2470614794005552,0,0,0,0,0,0,0.08538944281274309,0.33354177564584303,0.7974536587798735,0.0,0.0,0.0
image_2391.png,surface,0.0,0.0,2.648770967187544,11.817670902766773,-13.935487995226415,0.0,1.263233775954961,-1.8499150096464343,0.0,0.0,0.0,3.282150785491636,0,0,0,0,0,0,1.177497702179573,-0.2544367436211726,3.650292392741091,0.0,0.0,0.0
image_2392.png,surface,0.0,0.0,2.1519919679131254,8.123327868718244,8.95082033490365,0.0,-3.414149594892806,-1.0588389947578778,0.0,0.0,0.0,-0.296166388864477,0,0,0,0,0,0,-0.551186703686641,-0.0403689562068388,1.4443838823763067,0.0,0.0,0.0
image_2393.png,surface,0.0,0.0,1.7337387723556188,-16.234971672368353,10.57839036522065,0.0,4.707286508258589,-0.6928292487677066,0.0,0.0,0.0,-0.4185432509378595,0,0,0,0,0,0,0.3127887237580226,-0.13041334297636012,0.8544131191544431,0.0,0.0,0.0
image_2394.png,surface,0.0,0.0,2.605283152466049,9.915453628891624,16.99194635970309,0.0,-2.0295325424326514,3.5802622327475992,0.0,0.0,0.0,-4.018073656215777,0,0,0,0,0,0,-0.8847515086915226,1.2777336237054937,3.888786128268989,0.0,0.0,0.0
image_2395.png,surface,0.0,0.0,1.9608013671298874,9.035202346522071,-0.08645717148445385,0.0,3.562565237810653,-2.8790846985227647,0.0,0.0,0.0,0.3952989042946804,0,0,0,0,0,0,0.3621603570385681,-0.2599331637359994,1.0818579519877587,0.0,0.0,0.0
image_2396.png,surface,0.0,0.0,0.6900060827682388,0.7833998171889139,-2.425450703088867,0.0,-2.9476411477572597,2.727888123211541,0.0,0.0,0.0,4.293193983991232,0,0,0,0,0,0,-0.06520918149835606,0.04733150784628502,0.16561854072413737,0.0,0.0,0.0
image_2397.png,surface,0.0,0.0,2.5065202669112017,5.923340163966179,-23.162144737782477,0.0,-1.017253758477729,-2.6853750718480094,0.0,0.0,0.0,-2.0904161403982,0,0,0,0,0,0,0.3505544239478049,-0.9822625015224239,2.9733260353239634,0.0,0.0,0.0
image_2398.png,surface,0.0,0.0,2.6139758470453063,19.310541377309416,5.450813947543226,0.0,-0.7195344097540257,1.5484731917881767,0.0,0.0,0.0,-3.0027169489277608,0,0,0,0,0,0,-0.24584991428200437,1.3696893300054995,4.768922334446518,0.0,0.0,0.0
image_2399.png,surface,0.0,0.0,0.6201902403860435,19.145542278256062,-13.858636270946443,0.0,1.2578566987080249,-2.0424884725656476,0.0,0.0,0.0,3.9612527539066384,0,0,0,0,0,0,0.16501472727494007,-0.18353544110389264,0.5527901338127834,0.0,0.0,0.0
image_2400.png,surface,0.0,0.0,2.426039679868896,-14.52608526700904,18.508544004492702,0.0,4.3051137781064845,1.2058382673281252,0.0,0.0,0.0,-2.3931654731499643,0,0,0,0,0,0,0.644638358740181,0.034314084706561276,1.5403941128242051,0.0,0.0,0.0
image_2401.png,surface,0.0,0.0,2.952147177714434,14.13892390935938,-8.079709124143404,0.0,2.7483011873040617,1.375276416962029,0.0,0.0,0.0,3.5836390928412385,0,0,0,0,0,0,1.7332767089217334,1.0661198761821529,6.06017686623021,0.0,0.0,0.0
image_2402.png,surface,0.0,0.0,2.4768327693073786,11.416138791731248,12.157953063017063,0.0,0.5586825605465928,1.9883754465773775,0.0,0.0,0.0,-1.029739702987107,0,0,0,0,0,0,0.109914700058697,1.050074230741043,2.577447960504076,0.0,0.0,0.0
image_2403.png,surface,0.0,0.0,1.494698640649947,1.8683040918990492,21.335238341085194,0.0,1.418390667687644,1.126760343568004,0.0,0.0,0.0,-1.965525285041542,0,0,0,0,0,0,0.2588849020767048,0.1978286503664341,0.6777467922376145,0.0,0.0,0.0
image_2404.png,surface,0.0,0.0,2.294323409853029,-2.691318885192067,-13.507953339478748,0.0,-2.968574688248958,3.730330262421383,0.0,0.0,0.0,-0.2458565605962022,0,0,0,0,0,0,-0.31417973121212134,0.4060869702695895,1.4472197971746315,0.0,0.0,0.0
image_2405.png,surface,0.0,0.0,1.2304355509384675,7.0753440078795045,14.249068048814545,0.0,1.4855072162014933,-3.4780274771771142,0.0,0.0,0.0,0.805702658610854,0,0,0,0,0,0,0.15305267192568814,-0.1727298000710513,0.5016833763409012,0.0,0.0,0.0
image_2406.png,surface,0.0,0.0,2.144366461002443,8.468440025425382,-14.769393724319189,0.0,-1.4788137297969404,-0.08072303784687183,0.0,0.0,0.0,3.912380956098888,0,0,0,0,0,0,-0.3935858635152482,0.15571512349349823,1.559673867445267,0.0,0.0,0.0
image_2407.png,surface,0.0,0.0,1.793802371640581,23.226957332069347,-6.129310506244553,0.0,-4.283769918971337,0.7797993674249298,0.0,0.0,0.0,-1.8608976537171018,0,0,0,0,0,0,-0.6995131462373793,0.3478412773183612,2.0456201496592357,0.0,0.0,0.0
image_2408.png,surface,0.0,0.0,2.1555685185723528,11.559784862342756,-8.441489327530594,0.0,0.7769037257470744,2.172865559779421,0.0,0.0,0.0,1.4694376713073023,0,0,0,0,0,0,0.2668291678430019,0.7039885358062381,2.055467696321139,0.0,0.0,0.0
image_2409.png,surface,0.0,0.0,1.5345894749395703,1.123845535511723,19.301357580096468,0.0,2.71854424675065,3.292703173270182,0.0,0.0,0.0,-0.07917599327207725,0,0,0,0,0,0,0.19389106801243508,0.1985223885663879,0.6844926966515851,0.0,0.0,0.0
image_2410.png,surface,0.0,0.0,0.8854188852161089,-18.009376597053024,4.736620434520011,0.0,-1.0963989354257149,4.372496948895213,0.0,0.0,0.0,2.7439743616418983,0,0,0,0,0,0,-0.01670806929411751,0.13032839544167188,0.30770903713916936,0.0,0.0,0.0
image_2411.png,surface,0.0,0.0,1.5526076097651227,7.3515159139485045,-13.985240387513805,0.0,2.440067764890945,-3.191075798728534,0.0,0.0,0.0,-0.9583100347305038,0,0,0,0,0,0,0.3060360978566698,-0.27251169127983405,0.9714336821515167,0.0,0.0,0.0
image_2412.png,surface,0.0,0.0,1.6935227961795718,3.1275195521448205,8.520053705794778,0.0,3.3711806100604838,3.0318520662812336,0.0,0.0,0.0,2.288626254013872,0,0,0,0,0,0,0.2608572715083368,0.17384041043197518,0.610691921781758,0.0,0.0,0.0
image_2413.png,surface,0.0,0.0,2.1946543789735737,-15.678212348674405,2.275848047367318,0.0,-2.239027114024286,3.7848599098386777,0.0,0.0,0.0,-2.288692361062777,0,0,0,0,0,0,-0.25025578581331276,0.34255565293776047,1.0672072141989246,0.0,0.0,0.0
image_2414.png,surface,0.0,0.0,1.211284238921456,7.574587084103186,-21.644330654300628,0.0,-1.254756941146977,-2.910271380430928,0.0,0.0,0.0,1.663518107013724,0,0,0,0,0,0,-0.0492521649160522,-0.3689648976108341,0.859828153316602,0.0,0.0,0.0
image_2415.png,surface,0.0,0.0,2.114126941007415,-14.55116062480672,-6.342197255590159,0.0,-2.555669007786337,-1.0270274342360441,0.0,0.0,0.0,1.451225702859146,0,0,0,0,0,0,-0.48408657387130727,-0.21750816256920685,1.3674792322547669,0.0,0.0,0.0
image_2416.png,surface,0.0,0.0,1.0845937370936174,14.099225714710219,-1.411737306769272,0.0,-1.842714835773256,-3.4806343128869317,0.0,0.0,0.0,0.9004785680873306,0,0,0,0,0,0,-0.0398651474358757,-0.18341116600684873,0.4409389745622661,0.0,0.0,0.0
image_2417.png,surface,0.0,0.0,2.412271694197929,-19.175872867596627,-3.2667136915597745,0.0,0.8300185806384545,2.3262108556034096,0.0,0.0,0.0,0.04173472161762426,0,0,0,0,0,0,0.20071826652347108,0.4958198827452539,1.6351717251865314,0.0,0.0,0.0
image_2418.png,surface,0.0,0.0,2.305278998636177,8.490269933397743,-3.3262302410039615,0.0,-0.32561034642700587,-0.4007495651886443,0.0,0.0,0.0,1.3935020745148785,0,0,0,0,0,0,0.025355448237431886,-0.05089301189321375,1.5357918920373153,0.0,0.0,0.0
image_2419.png,surface,0.0,0.0,0.794370768107341,7.120407519013105,8.87356520584037,0.0,-1.470832891530856,2.219744698190158,0.0,0.0,0.0,0.040971038994176645,0,0,0,0,0,0,-0.055908911747811575,0.06288634530919608,0.27332971096985487,0.0,0.0,0.0
image_2420.png,surface,0.0,0.0,1.9816372596583574,3.6790210050936056,22.732328884735455,0.0,1.0616367736025374,-1.085397157191057,0.0,0.0,0.0,-3.0021562555509007,0,0,0,0,0,0,0.3578473207968655,-0.2718509882322592,1.2131496421313688,0.0,0.0,0.0
image_2421.png,surface,0.0,0.0,0.7201250673240085,-1.9809117353115289,18.687074349842813,0.0,-4.027003414627036,2.2773528800588316,0.0,0.0,0.0,-1.3293744391602957,0,0,0,0,0,0,-0.07124651910274321,0.03146834229450567,0.28552191159887913,0.0,0.0,0.0
image_2422.png,surface,0.0,0.0,2.922810796377073,-12.350511471523077,-20.180374711519928,0.0,-2.655027440003318,-3.1557561686363966,0.0,0.0,0.0,-3.988036824085289,0,0,0,0,0,0,-0.039055501959310554,-1.7321934956725467,4.53225966201675,0.0,0.0,0.0
image_2423.png,surface,0.0,0.0,1.3480990706098688,-9.037146852043595,16.720323194087154,0.0,2.878887000415339,0.15836019939627205,0.0,0.0,0.0,1.3599369967807542,0,0,0,0,0,0,0.21245203837369167,-0.017357612921294504,0.5119484947093302,0.0,0.0,0.0
image_2424.png,surface,0.0,0.0,0.5506528741197032,-4.582175500168093,0.4255098911740508,0.0,0.8008059622325268,-3.7511149195719633,0.0,0.0,0.0,0.9596340432948303,0,0,0,0,0,0,0.024894315569388193,-0.03291245038420553,0.11628478825215317,0.0,0.0,0.0
image_2425.png,surface,0.0,0.0,1.759037621830053,0.14255209141415273,-14.256222857329853,0.0,3.347689146365124,-2.147241942762066,0.0,0.0,0.0,-0.6662774740397248,0,0,0,0,0,0,0.4618776331955263,-0.28199749932001966,1.2872652705339223,0.0,0.0,0.0
image_2426.png,surface,0.0,0.0,0.8046566715576959,12.646451862891997,4.169998368049962,0.0,1.3704625183202774,2.6663676880151663,0.0,0.0,0.0,0.10899408957671852,0,0,0,0,0,0,0.05846416504697119,0.104680532375804,0.35726832299275313,0.0,0.0,0.0
image_2427.png,surface,0.0,0.0,2.1273570303167784,19.010351061407672,2.520861254480674,0.0,-1.8659079014616462,-1.5623615431410396,0.0,0.0,0.0,0.46787617075361254,0,0,0,0,0,0,-0.648423299154124,-0.24482351427895488,1.885949214498359,0.0,0.0,0.0
image_2428.png,surface,0.0,0.0,2.3275152148484404,12.412384319084008,0.6566291655400631,0.0,-3.6420299218949097,-3.4252383714205195,0.0,0.0,0.0,0.47854869654774124,0,0,0,0,0,0,-0.4819133149605271,-0.33924269908491966,1.6156374081347558,0.0,0.0,0.0
image_2429.png,surface,0.0,0.0,2.6481649332820956,6.7662201391208,16.766603259950532,0.0,-4.8444290141762245,-0.5431027826648338,0.0,0.0,0.0,-0.9846185733633828,0,0,0,0,0,0,-1.4635688861559428,0.04536198352351355,3.8851507981180626,0.0,0.0,0.0
image_2430.png,surface,0.0,0.0,2.7216087548244423,10.406453817095034,1.6610518842109916,0.0,0.028663711502939667,-3.063808141924238,0.0,0.0,0.0,-0.13289425710090086,0,0,0,0,0,0,0.18583113860662853,-0.8343924401676333,1.9104341009264283,0.0,0.0,0.0
image_2431.png,surface,0.0,0.0,1.273623840748178,-13.452855579517047,-6.818098058250825,0.0,2.4452318716987183,0.4442773689262443,0.0,0.0,0.0,3.4453275352173502,0,0,0,0,0,0,0.22195776327336467,0.004983588701709357,0.5136411115732132,0.0,0.0,0.0
image_2432.png,surface,0.0,0.0,1.394399356252393,24.52769781337581,1.6622160364624425,0.0,-0.0026296436716182563,-2.8295559241141586,0.0,0.0,0.0,0.30697257933625544,0,0,0,0,0,0,0.1313322579378349,-0.4435393944521326,1.0005743814571517,0.0,0.0,0.0
image_2433.png,surface,0.0,0.0,2.9361822383515865,-4.1374939293808985,-13.221049433492261,0.0,-1.0698669430381946,0.19335417066220517,0.0,0.0,0.0,0.9478367954255997,0,0,0,0,0,0,-0.062127354261430394,-0.0739546944585733,2.981076791438127,0.0,0.0,0.0
image_2434.png,surface,0.0,0.0,1.5848045557964523,-4.638792574078191,7.89434007885399,0.0,-0.38830767912113134,2.592450468491408,0.0,0.0,0.0,2.768408985615862,0,0,0,0,0,0,-0.05422874519493948,0.22275131318246347,0.5144003328578051,0.0,0.0,0.0
image_2435.png,surface,0.0,0.0,1.511764665708691,2.2732083346268896,5.496236084294174,0.0,2.0155876998234117,1.7954269819264872,0.0,0.0,0.0,-2.5104015453319906,0,0,0,0,0,0,0.19655437550113591,0.11919082978254868,0.45755252267214525,0.0,0.0,0.0
image_2436.png,surface,0.0,0.0,2.8134015797851504,-16.15089130760252,-10.641612346797272,0.0,-0.9326262746644403,1.7185101319400466,0.0,0.0,0.0,1.233116655126576,0,0,0,0,0,0,-0.17850628206770336,0.6713435128460515,2.3358213206753518,0.0,0.0,0.0
image_2437.png,surface,0.0,0.0,0.9682558245552931,-17.288308551425303,-2.075240030132075,0.0,-0.5296263687492306,-1.0856620354702573,0.0,0.0,0.0,0.26320920918226776,0,0,0,0,0,0,-0.01713724227229676,-0.12720421388813818,0.37626448613398183,0.0,0.0,0.0
image_2438.png,surface,0.0,0.0,1.6851894362521977,-0.9130474170955912,-4.078470598208085,0.0,4.062970438567002,0.0551989964535918,0.0,0.0,0.0,0.1159666170487581,0,0,0,0,0,0,0.2581087381799973,-0.07618063448790367,0.6684150694484757,0.0,0.0,0.0
image_2439.png,surface,0.0,0.0,1.7135649351354059,-6.212220145997165,-9.50347193831966,0.0,-0.15568683087724938,2.2368584080624636,0.0,0.0,0.0,-1.1530151831954472,0,0,0,0,0,0,-0.04888691131760179,0.26667548102625427,0.7138566963350412,0.0,0.0,0.0
image_2440.png,surface,0.0,0.0,2.3563206467338507,-9.968297047632856,-5.788474188026672,0.0,-3.6467179462147623,-3.352384642616013,0.0,0.0,0.0,4.759036142526318,0,0,0,0,0,0,-0.4730833092179877,-0.5525082042271982,1.65152624485814,0.0,0.0,0.0
image_2441.png,surface,0.0,0.0,1.5885337561670982,-9.965706471715393,-17.02416505563288,0.0,-3.5071747595682305,-1.712469476654671,0.0,0.0,0.0,-1.4835871898681119,0,0,0,0,0,0,-0.3426010268415466,-0.1195117426913709,0.9798744364331488,0.0,0.0,0.0
image_2442.png,surface,0.0,0.0,2.658055280137253,-16.432736880252925,-8.779797795728587,0.0,2.868644064219624,-1.4308447422150359,0.0,0.0,0.0,3.5920790427913953,0,0,0,0,0,0,1.1974496799949292,-0.8885606514538268,3.5306167882517276,0.0,0.0,0.0
image_2443.png,surface,0.0,0.0,2.175617453305562,15.290672284241491,19.834381093499463,0.0,-0.7912183242936892,-3.634865763493793,0.0,0.0,0.0,-1.8855760100686805,0,0,0,0,0,0,-0.1287861359786366,-0.697648932754506,1.9083886694655867,0.0,0.0,0.0
image_2444.png,surface,0.0,0.0,2.8274188314319924,-1.9141354051159094,-22.02710338214303,0.0,-2.864847562447465,0.04097836827499842,0.0,0.0,0.0,-1.5234262449614078,0,0,0,0,0,0,-0.8563713040919231,-0.06113390913062779,2.642247497143941,0.0,0.0,0.0
image_2445.png,surface,0.0,0.0,1.1550529711070214,4.6932101072834005,16.754716228308897,0.0,-0.7199840385576343,4.443878558269445,0.0,0.0,0.0,-1.9726466331955894,0,0,0,0,0,0,-0.03642263227048034,0.14459014265432873,0.47350510166367454,0.0,0.0,0.0
image_2446.png,surface,0.0,0.0,2.531006270396178,-8.268806322041112,-20.116513703761587,0.0,0.2805406279177663,-0.10522807675951021,0.0,0.0,0.0,4.509670856880753,0,0,0,0,0,0,0.9167401144658142,-0.29219120348260685,3.563147187292685,0.0,0.0,0.0
image_2447.png,surface,0.0,0.0,0.7919330223976688,16.901894684531783,15.956350739363538,0.0,3.2232208543246452,2.0138317282276157,0.0,0.0,0.0,2.533704208043165,0,0,0,0,0,0,0.20325069147272776,0.023247308659678285,0.5011496884379089,0.0,0.0,0.0
image_2448.png,surface,0.0,0.0,2.5048252460651077,-19.24260733955947,10.512735467434528,0.0,4.5257973263253515,-0.9635423984092975,0.0,0.0,0.0,1.0269449565985465,0,0,0,0,0,0,0.7485530074993326,-0.3357976046225637,1.9989950307702187,0.0,0.0,0.0
image_2449.png,surface,0.0,0.0,2.621823098867441,-7.009957647522378,12.219238476868233,0.0,0.12518449374601887,4.814130112317692,0.0,0.0,0.0,-1.041911500945012,0,0,0,0,0,0,-0.08659934535761017,0.5798172635269684,1.6540763351728545,0.0,0.0,0.0
image_2450.png,surface,0.0,0.0,1.5164912076635093,-0.4492329046076571,-21.29433692889388,0.0,-4.065934742517218,0.14033304452461767,0.0,0.0,0.0,4.332282070197145,0,0,0,0,0,0,-0.39736623825921036,0.08356005828831994,0.9237635174942986,0.0,0.0,0.0
image_2451.png,surface,0.0,0.0,2.2500345911047477,6.747770070671895,-13.528760539403804,0.0,-4.006262082326231,1.1251333227155043,0.0,0.0,0.0,0.46305599907803785,0,0,0,0,0,0,-0.5650359026278869,0.2302518658749352,1.597657261712612,0.0,0.0,0.0
image_2452.png,surface,0.0,0.0,2.9217561366845644,12.322446995785736,-1.312982709972906,0.0,3.7191815699098023,2.099759301501572,0.0,0.0,0.0,-0.17038763020887604,0,0,0,0,0,0,1.3389184862347618,0.6674249145329333,4.02101344699567,0.0,0.0,0.0
image_2453.png,surface,0.0,0.0,0.9623347562899865,-5.788014531923206,-22.325075547343005,0.0,0.5654245667802444,-1.831185212847512,0.0,0.0,0.0,3.1405934129106434,0,0,0,0,0,0,0.21405002286691227,-0.2821862716193268,0.7946512390382199,0.0,0.0,0.0
image_2454.png,surface,0.0,0.0,2.0453523956771886,21.940674180930444,-10.782819695979805,0.0,0.7951443004687564,3.69924729902631,0.0,0.0,0.0,-4.025386080663587,0,0,0,0,0,0,0.45090937201205866,1.3128216748392136,4.221124080579923,0.0,0.0,0.0
image_2455.png,surface,0.0,0.0,0.6185763268946354,-4.359600335460138,17.023191901571565,0.0,3.457500814382742,2.993072220231699,0.0,0.0,0.0,-3.7359215063048845,0,0,0,0,0,0,0.11267388661699149,0.025374143231872447,0.19903767526882196,0.0,0.0,0.0
image_2456.png,surface,0.0,0.0,1.346509187565573,-23.659399227204872,3.869615806350425,0.0,-3.9000378355811307,1.643311747286116,0.0,0.0,0.0,-4.346044515129641,0,0,0,0,0,0,-0.22964178585076575,0.11546257687123208,0.6593892681769532,0.0,0.0,0.0
image_2457.png,surface,0.0,0.0,0.8529669603156813,4.103935280777572,13.558657886890547,0.0,-0.29298814846673576,-1.4130809812620886,0.0,0.0,0.0,1.2050913627186057,0,0,0,0,0,0,0.005444561451901975,-0.13116843217358876,0.2898092788530413,0.0,0.0,0.0
image_2458.png,surface,0.0,0.0,1.8419574790849915,3.7613655448737227,-17.36327698285457,0.0,3.4367103840346394,-1.5529569685876978,0.0,0.0,0.0,4.7217005302742,0,0,0,0,0,0,0.7298033227788762,-0.32240263688422577,1.8141693080478112,0.0,0.0,0.0
image_2459.png,surface,0.0,0.0,2.008039641404049,-5.487018773571005,13.544983267228085,0.0,-1.0723859246725753,-0.3721364163747664,0.0,0.0,0.0,-1.2496997200782989,0,0,0,0,0,0,-0.4179756725517763,-0.18550339232416985,1.172296838009025,0.0,0.0,0.0
image_2460.png,surface,0.0,0.0,2.9735144200753107,-2.0260749060241574,0.29540782987889846,0.0,1.1747660823166897,-1.920755955106475,0.0,0.0,0.0,-0.3976039591714926,0,0,0,0,0,0,0.6939749885508747,-0.873699552190869,2.9645458644680414,0.0,0.0,0.0
image_2461.png,surface,0.0,0.0,2.9170062125471583,7.814939303031423,18.715207861037364,0.0,1.477115911989655,4.427430236321681,0.0,0.0,0.0,4.069119068656535,0,0,0,0,0,0,0.019643795091663023,1.3171870342606915,3.5737986153147436,0.0,0.0,0.0
image_2462.png,surface,0.0,0.0,2.706653351730646,-6.539333056295816,-1.3621412660183672,0.0,-3.267415413002767,2.882340369628612,0.0,0.0,0.0,-0.784135975420508,0,0,0,0,0,0,-0.42678741561439354,0.3968591510384571,1.681622669780848,0.0,0.0,0.0
image_2463.png,surface,0.0,0.0,1.918703211641278,-1.418181969612764,11.889907634169877,0.0,-1.1409063541484392,-0.5271303375087528,0.0,0.0,0.0,-1.0960936882772754,0,0,0,0,0,0,-0.3800806117125431,-0.14375010592241189,1.0502363854845316,0.0,0.0,0.0
image_2464.png,surface,0.0,0.0,2.715157128368363,-18.523824029060332,15.388171366566796,0.0,-1.1059725133728324,3.490419513802427,0.0,0.0,0.0,3.8864671559882282,0,0,0,0,0,0,-0.3395070244846724,0.771068772365042,2.0839384944933106,0.0,0.0,0.0
image_2465.png,surface,0.0,0.0,1.3872945428934096,-3.5804840183698077,4.525956378988129,0.0,-4.1038251903633345,-1.5148705649797947,0.0,0.0,0.0,-3.6995637584902195,0,0,0,0,0,0,-0.13355726110839558,-0.04263422379852489,0.3835954375378439,0.0,0.0,0.0
image_2466.png,surface,0.0,0.0,1.0023281295756257,15.249005832150642,3.1018963916242166,0.0,4.577542849621251,1.1864228945265232,0.0,0.0,0.0,4.34893111591362,0,0,0,0,0,0,0.23059753276671102,0.0021048111372749746,0.4932582530857167,0.0,0.0,0.0
image_2467.png,surface,0.0,0.0,1.8151134675767253,-6.669560661945155,-8.45808095470068,0.0,-0.0015663034483828213,-1.1548240656275803,0.0,0.0,0.0,-1.7124298195253598,0,0,0,0,0,0,0.2039598922097188,-0.3785623959281095,1.0212743264811548,0.0,0.0,0.0
image_2468.png,surface,0.0,0.0,1.8280232458392418,7.543675394521921,23.62919222610288,0.0,-0.13777973208231045,-3.522128828818696,0.0,0.0,0.0,0.7131770056172559,0,0,0,0,0,0,0.031628678790818286,-0.4941461016913972,1.44250815920261,0.0,0.0,0.0
image_2469.png,surface,0.0,0.0,2.775179097617826,-19.894999957214427,-0.7771892042142999,0.0,3.552049561570429,-2.3468209815826295,0.0,0.0,0.0,2.2675962044535902,0,0,0,0,0,0,1.0405732594604624,-0.9677160227583124,3.5068129679760145,0.0,0.0,0.0
image_2470.png,surface,0.0,0.0,0.5143406188052044,-9.353081393963604,4.672739975563748,0.0,2.0210461430091726,-4.398839643969843,0.0,0.0,0.0,-2.49534954734681,0,0,0,0,0,0,0.06575706189603171,-0.03364394304402081,0.12794330097818538,0.0,0.0,0.0
image_2471.png,surface,0.0,0.0,2.6388786319046793,6.715115508171657,18.93535577224547,0.0,4.78510556364624,1.1169089945252826,0.0,0.0,0.0,4.32966434710991,0,0,0,0,0,0,0.7898266641242332,0.060105100099403765,1.9215365957116848,0.0,0.0,0.0
image_2472.png,surface,0.0,0.0,2.0205887421717175,10.182758122727451,18.394540370941954,0.0,0.9470141032356181,4.301628431818044,0.0,0.0,0.0,0.41644164382975024,0,0,0,0,0,0,0.04311133879210418,0.5674259351799474,1.6811090789118601,0.0,0.0,0.0
image_2473.png,surface,0.0,0.0,2.849111242008251,-2.3617287733088435,5.861560793971966,0.0,-1.0686259196492884,4.412282725421984,0.0,0.0,0.0,-1.5711950855724153,0,0,0,0,0,0,-0.25863379022776994,0.709225394009518,2.0223075902147283,0.0,0.0,0.0
image_2474.png,surface,0.0,0.0,2.363039830232167,8.325306397419052,-17.914460061224023,0.0,-2.5730996310508805,-3.4886732741746678,0.0,0.0,0.0,3.9415468871938373,0,0,0,0,0,0,-0.3480843964882839,-0.6203246527533001,1.804460207620157,0.0,0.0,0.0
image_2475.png,surface,0.0,0.0,1.415648627712864,-13.223250647391444,-12.039646192898438,0.0,-0.39130883263515376,-4.152949465114221,0.0,0.0,0.0,1.5437044384847063,0,0,0,0,0,0,0.13380380728734972,-0.30431038509812736,0.8483058538210397,0.0,0.0,0.0
image_2476.png,surface,0.0,0.0,2.0869978919183807,-10.487456033760662,-8.208659687925373,0.0,-3.572504739237847,0.3921092730941567,0.0,0.0,0.0,-3.6408194659706927,0,0,0,0,0,0,-0.4236371033277582,0.08270429053146074,1.0679150763966174,0.0,0.0,0.0
image_2477.png,surface,0.0,0.0,1.4242991603243458,-5.594578615538273,13.621152450153843,0.0,2.9902297383148664,-0.10280375877383427,0.0,0.0,0.0,4.9244732599022765,0,0,0,0,0,0,0.25372569499859216,-0.047117565907070245,0.45185166402637594,0.0,0.0,0.0
image_2478.png,surface,0.0,0.0,2.8039137077377996,-12.670823178615393,9.701730755560385,0.0,4.014869469897706,-0.3176541780205657,0.0,0.0,0.0,1.6638795127801354,0,0,0,0,0,0,0.8489733968333076,-0.2889820743943849,2.070044744985292,0.0,0.0,0.0
image_2479.png,surface,0.0,0.0,0.5492118955410348,-5.634878902048297,16.743083691891677,0.0,-0.023005371401413142,-1.3966810039443083,0.0,0.0,0.0,-2.2662792294808156,0,0,0,0,0,0,0.05511296328118837,-0.06972304874910412,0.1944153574479283,0.0,0.0,0.0
image_2480.png,surface,0.0,0.0,1.8869753444074415,18.587113645271305,12.839167352655803,0.0,4.547930931144563,0.6753275272604226,0.0,0.0,0.0,-2.7864063690763774,0,0,0,0,0,0,0.5895489847538922,-0.03267648501007158,1.444651842829692,0.0,0.0,0.0
image_2481.png,surface,0.0,0.0,1.7683284778833377,10.82072173048744,-4.617132164514554,0.0,1.762291572983798,-2.8656012121653434,0.0,0.0,0.0,1.0965622474676895,0,0,0,0,0,0,0.3050088221110282,-0.325037583562055,0.9802451150603313,0.0,0.0,0.0
image_2482.png,surface,0.0,0.0,0.9753489078114106,-11.946532527877734,-20.50050623874464,0.0,-3.9115577436922737,2.0984220160711393,0.0,0.0,0.0,3.086784402230734,0,0,0,0,0,0,-0.21955622086355292,0.13454116392121038,0.6164754015673211,0.0,0.0,0.0
image_2483.png,surface,0.0,0.0,1.5703666547236868,2.7479587466790507,-7.888122802261497,0.0,-1.0077572536180128,-0.25041262438412887,0.0,0.0,0.0,-2.012812130061139,0,0,0,0,0,0,-0.22014519229105406,-0.048882586905592336,0.6459555174472439,0.0,0.0,0.0
image_2484.png,surface,0.0,0.0,1.2422300634423236,7.460318308607147,-4.810659845723576,0.0,-0.12556578229677806,-0.09860585293059196,0.0,0.0,0.0,-2.005242910688796,0,0,0,0,0,0,0.05535646568015535,-0.05750004236896473,0.46711424485043884,0.0,0.0,0.0
image_2485.png,surface,0.0,0.0,2.176024604159811,-10.549418492655095,2.525988265113722,0.0,-3.230524419622047,2.611606168682081,0.0,0.0,0.0,2.703560977799947,0,0,0,0,0,0,-0.31428930729165644,0.24659325458495937,0.9938798361300792,0.0,0.0,0.0
image_2486.png,surface,0.0,0.0,2.3828218206442324,9.965331499332324,-0.5685214042306538,0.0,3.1944853093909322,-3.512869571445805,0.0,0.0,0.0,0.18501414581907483,0,0,0,0,0,0,0.5458357384693417,-0.4853430201337056,1.6669920290260192,0.0,0.0,0.0
image_2487.png,surface,0.0,0.0,2.4284892200680392,-18.454799251454006,-11.57658142249777,0.0,2.278811844413305,-2.990770568274959,0.0,0.0,0.0,3.2503437815360456,0,0,0,0,0,0,0.946794398058312,-1.142051960475968,3.5870492597346404,0.0,0.0,0.0
image_2488.png,surface,0.0,0.0,1.4858798123054946,8.870370123184475,-11.203715125017768,0.0,-0.7870274846709545,-0.7008347809289059,0.0,0.0,0.0,-1.7669343639446677,0,0,0,0,0,0,-0.07418072301029507,-0.1546233903625051,0.7585993930390263,0.0,0.0,0.0
image_2489.png,surface,0.0,0.0,0.9784733953721598,10.186403531499334,7.670063760124915,0.0,3.280821252955321,3.549270698530905,0.0,0.0,0.0,-1.7448298406186247,0,0,0,0,0,0,0.1263435025389992,0.0878420432776043,0.3535258086604738,0.0,0.0,0.0
image_2490.png,surface,0.0,0.0,1.2351252741862262,12.556084583978706,-8.068221105767337,0.0,-0.14010358210937984,-2.168757067338777,0.0,0.0,0.0,3.7457052837373404,0,0,0,0,0,0,0.05101907919855627,-0.2865280345033917,0.5516066418103326,0.0,0.0,0.0
image_2491.png,surface,0.0,0.0,1.8368352748667875,-5.00922307885588,9.879408550434853,0.0,1.8224478797289079,-4.655952011647111,0.0,0.0,0.0,-1.0080710039826455,0,0,0,0,0,0,0.1918289070711835,-0.33409865392879934,0.7997715167016543,0.0,0.0,0.0
image_2492.png,surface,0.0,0.0,2.0382565252520886,19.227588049702558,-12.03368699720028,0.0,-1.0074344670669182,2.8231164149176595,0.0,0.0,0.0,-2.25212302497539,0,0,0,0,0,0,-0.06413168338292724,1.1846594415320915,3.460484838589499,0.0,0.0,0.0
image_2493.png,surface,0.0,0.0,2.487182444343432,-0.5411092358867954,19.10827672836306,0.0,-4.455625148030918,-0.15523166521263992,0.0,0.0,0.0,-4.6287371504622925,0,0,0,0,0,0,-1.1941852259587789,-0.03127956999519846,2.985893380587726,0.0,0.0,0.0
image_2494.png,surface,0.0,0.0,2.2993409787796053,13.143556091946696,-0.19054344729918993,0.0,1.1201609918076216,-3.3439229602706764,0.0,0.0,0.0,-0.6991778875627643,0,0,0,0,0,0,0.3795099029649639,-0.5555081106836877,1.5294233652618614,0.0,0.0,0.0
image_2495.png,surface,0.0,0.0,0.9359247664786667,-0.3947929797224602,-24.992647900369995,0.0,-2.07597829357179,1.5651073407469955,0.0,0.0,0.0,-2.6745835824246775,0,0,0,0,0,0,-0.25411682072693254,0.20604496469377892,0.7623575383977534,0.0,0.0,0.0
image_2496.png,surface,0.0,0.0,2.359977471932133,-23.507523961190593,-4.735156356444877,0.0,-3.315125410492068,1.7823292753390647,0.0,0.0,0.0,0.08334899946819796,0,0,0,0,0,0,-0.5816092846575759,0.2362768484278224,1.7793344491077432,0.0,0.0,0.0
image_2497.png,surface,0.0,0.0,0.7877767613719315,11.248804159522482,17.53700603631821,0.0,-1.9392728647001862,-4.463676359586392,0.0,0.0,0.0,-3.398540683510256,0,0,0,0,0,0,0.007042545945122658,-0.20210591604823575,0.41166429502993857,0.0,0.0,0.0
image_2498.png,surface,0.0,0.0,2.794386182018596,10.065440293486226,9.007870955294527,0.0,0.6986660388170465,3.319719264484195,0.0,0.0,0.0,4.4933741926269715,0,0,0,0,0,0,0.046330136128448704,1.3376216356606938,3.3341079897617294,0.0,0.0,0.0
image_2499.png,surface,0.0,0.0,2.2244251486165743,-2.889583789730518,-3.619325097618185,0.0,-3.0284085792688566,0.7649593588374235,0.0,0.0,0.0,3.5624726411347503,0,0,0,0,0,0,-0.43970826165957827,0.14085245112804679,1.0278259595664203,0.0,0.0,0.0
image_2500.png,surface,0.0,0.0,0.779783416224848,-17.968849947926383,-0.9922868931161739,0.0,-3.4580124485253236,1.9792760306187325,0.0,0.0,0.0,2.710331506999956,0,0,0,0,0,0,-0.07490209886723471,0.035942245788085664,0.2755671807556209,0.0,0.0,0.0
image_2501.png,surface,0.0,0.0,2.591444626658891,21.7894757134368,2.591283435322557,0.0,4.010422207546885,1.4223321237811226,0.0,0.0,0.0,3.701724506081378,0,0,0,0,0,0,1.2689145903117458,0.8013195333290167,4.1318262594893165,0.0,0.0,0.0
image_2502.png,surface,0.0,0.0,2.1960472865085134,-13.947208649803965,2.7393074749073913,0.0,1.6123032083368198,-0.7866520260877995,0.0,0.0,0.0,4.299227688031275,0,0,0,0,0,0,0.5413355097584336,-0.3417911251255667,1.3205057647763507,0.0,0.0,0.0
image_2503.png,surface,0.0,0.0,2.279742816886878,21.12840880502329,10.099434532270456,0.0,0.17132652983174912,1.510505560662838,0.0,0.0,0.0,-2.670946964471118,0,0,0,0,0,0,0.02580440578552717,1.2357632491595314,3.8712347185722575,0.0,0.0,0.0
image_2504.png,surface,0.0,0.0,1.7185721896392046,3.081286727067882,21.817610978698266,0.0,2.8362281529186837,-0.9930814397980017,0.0,0.0,0.0,-0.4529518399242871,0,0,0,0,0,0,0.3591241865014485,-0.15396268731492987,0.8944620419166325,0.0,0.0,0.0
image_2505.png,surface,0.0,0.0,2.011763037024724,19.08701300920244,-14.00810824443283,0.0,-2.3538080036293003,-1.8666446959081697,0.0,0.0,0.0,3.6258386576971553,0,0,0,0,0,0,-0.6257654009302474,-0.2869999652516597,1.7081373566433093,0.0,0.0,0.0
image_2506.png,surface,0.0,0.0,1.5702840557819093,12.441915152224864,13.559814888437607,0.0,1.5500341089863827,2.0950453467211143,0.0,0.0,0.0,-2.13795737170438,0,0,0,0,0,0,0.21281729197214203,0.279416038126994,0.918183241052552,0.0,0.0,0.0
image_2507.png,surface,0.0,0.0,1.9187738937199512,6.6693214672093015,18.330120890597435,0.0,-2.8426460833676646,-1.1309167789913177,0.0,0.0,0.0,2.188576748662693,0,0,0,0,0,0,-0.5352403403342919,-0.11797639465700584,1.601690066536058,0.0,0.0,0.0
image_2508.png,surface,0.0,0.0,2.4744779064261353,-13.263726609178454,4.0180256546805575,0.0,-3.8773075039026734,-0.6684806283154898,0.0,0.0,0.0,-3.5611367577415978,0,0,0,0,0,0,-0.6180615937829299,-0.08572150111538704,1.6604202989067478,0.0,0.0,0.0
image_2509.png,surface,0.0,0.0,0.9994110283223446,-19.555500188412363,-6.333743234011792,0.0,-1.7760011537370584,-3.241858442712718,0.0,0.0,0.0,-1.399498815161222,0,0,0,0,0,0,-0.028982112092046028,-0.20960332253571887,0.5418930753751212,0.0,0.0,0.0
image_2510.png,surface,0.0,0.0,2.6897401000253436,-2.642167210027882,-4.036159202136583,0.0,4.500740616107018,1.8187015241951212,0.0,0.0,0.0,-0.9441604120043303,0,0,0,0,0,0,0.835900361788769,0.08884568266892076,2.1844459945505244,0.0,0.0,0.0
image_2511.png,surface,0.0,0.0,1.265022595130738,9.979870746208544,-3.0758155444880293,0.0,1.1821929290161777,-0.6271890474934471,0.0,0.0,0.0,0.1899093916886585,0,0,0,0,0,0,0.23564868565528188,-0.0866748012268883,0.5713017351341416,0.0,0.0,0.0
image_2512.png,surface,0.0,0.0,0.8689162716064296,-12.122160457903862,11.759427801985842,0.0,-2.008492797893905,-0.5703447738657718,0.0,0.0,0.0,2.479555565629137,0,0,0,0,0,0,-0.08165320287859372,-0.02937296977219605,0.27951066542793884,0.0,0.0,0.0
image_2513.png,surface,0.0,0.0,2.086372653253422,-10.327169507393336,21.299616075549757,0.0,-1.542076333111914,-2.294852350156963,0.0,0.0,0.0,0.3790524179886532,0,0,0,0,0,0,-0.356339127813264,-0.7345790869089659,2.08790877521097,0.0,0.0,0.0
image_2514.png,surface,0.0,0.0,1.8110243732492433,7.676219570840845,-17.15847822912609,0.0,3.1761680963695187,-1.4017165480703704,0.0,0.0,0.0,-0.3356288738754811,0,0,0,0,0,0,0.7401308682750619,-0.2260768518552582,1.8687662504250377,0.0,0.0,0.0
image_2515.png,surface,0.0,0.0,1.2288337232634465,-20.692923161642636,-6.261183789745459,0.0,1.15225033734939,-2.5609417302309097,0.0,0.0,0.0,-1.4901366463379229,0,0,0,0,0,0,0.17646542758636174,-0.3134280871546639,0.7780466229434543,0.0,0.0,0.0
image_2516.png,surface,0.0,0.0,2.070426804308349,15.52941856711405,14.21875679692231,0.0,-3.086813885814056,-3.6307593437636756,0.0,0.0,0.0,-0.9564779751536614,0,0,0,0,0,0,-0.4830486448957107,-0.48393666650386724,1.8400944819128264,0.0,0.0,0.0
image_2517.png,surface,0.0,0.0,2.285879685110257,-5.754908006553162,5.3917692394456616,0.0,2.983829274148684,-2.8193295454117395,0.0,0.0,0.0,-0.47447948874280055,0,0,0,0,0,0,0.4575235059239982,-0.39455298278192125,1.3130162701042354,0.0,0.0,0.0
image_2518.png,surface,0.0,0.0,1.1814700194224543,-0.15919008958013942,-6.882249628961831,0.0,1.7908377264278346,-3.8464452551244905,0.0,0.0,0.0,-3.853347577891151,0,0,0,0,0,0,0.12113863876108054,-0.14341660819363583,0.39741996392873985,0.0,0.0,0.0
image_2519.png,surface,0.0,0.0,0.7916021011560224,17.7144607061235,7.997111030129714,0.0,2.1790609156179053,3.465126092816354,0.0,0.0,0.0,-1.2413572019042798,0,0,0,0,0,0,0.09680361776431963,0.14159180930033324,0.49178447059209784,0.0,0.0,0.0
image_2520.png,surface,0.0,0.0,1.7757627928691473,-8.647187972533489,-22.18175965139608,0.0,-3.046555349849402,1.7342256162010115,0.0,0.0,0.0,-1.7501459648467623,0,0,0,0,0,0,-0.4491531109595089,0.2661075910258385,1.306183278542914,0.0,0.0,0.0
image_2521.png,surface,0.0,0.0,1.2074482927615735,17.594987028665667,9.966759291619448,0.0,2.2330637929148747,0.4640707007124406,0.0,0.0,0.0,4.998337916654954,0,0,0,0,0,0,0.328420055881708,0.022964150210717526,0.7239521064163267,0.0,0.0,0.0
image_2522.png,surface,0.0,0.0,1.3130628524761083,-3.063526448399119,11.081574350510808,0.0,-4.142056764427362,2.4488439873964523,0.0,0.0,0.0,1.7350640454765953,0,0,0,0,0,0,-0.10536424897800187,0.07013834780757998,0.4232803806841848,0.0,0.0,0.0
image_2523.png,surface,0.0,0.0,1.7349223052435279,8.50643179153403,8.977337136379985,0.0,-1.4047920434220784,2.1264601032129278,0.0,0.0,0.0,-1.6492617476744629,0,0,0,0,0,0,-0.19725748867815326,0.28822698519715634,0.962791957529845,0.0,0.0,0.0
image_2524.png,surface,0.0,0.0,2.328001164106296,15.204453545259106,13.903255707451338,0.0,0.7106615752361645,2.252839079836323,0.0,0.0,0.0,4.331482999926251,0,0,0,0,0,0,-0.028998852881975005,1.2537123486186557,3.109423149598281,0.0,0.0,0.0
image_2525.png,surface,0.0,0.0,0.5373999504418236,17.83105785673462,15.706770226256674,0.0,1.8717870053004215,-0.6034039438314863,0.0,0.0,0.0,1.5153790714100044,0,0,0,0,0,0,0.19039072102728483,-0.06207462442217522,0.39853423281406625,0.0,0.0,0.0
image_2526.png,surface,0.0,0.0,1.695543429259709,0.5580777214445592,11.184344089171224,0.0,0.8408575982063673,0.6366784115278875,0.0,0.0,0.0,3.1680830106393962,0,0,0,0,0,0,0.24098747575263263,0.20011751449553364,0.6497605558853129,0.0,0.0,0.0
image_2527.png,surface,0.0,0.0,0.8087253542031276,15.27313063858179,-15.881456318775802,0.0,3.0744272460496047,2.3802954257870947,0.0,0.0,0.0,3.6707106582133484,0,0,0,0,0,0,0.28565494706313493,0.133726296829201,0.8641869766916669,0.0,0.0,0.0
image_2528.png,surface,0.0,0.0,2.633069558528721,11.142391248597411,-13.440351970756083,0.0,-0.9515065468005593,-2.4281801385942314,0.0,0.0,0.0,0.9392834924537308,0,0,0,0,0,0,0.04915780773645252,-0.6558217105355193,2.4938509980592447,0.0,0.0,0.0
image_2529.png,surface,0.0,0.0,1.1494418720448667,21.850921099378557,-3.2181570919485987,0.0,-4.090986132418424,-2.2530315755880017,0.0,0.0,0.0,0.7879633362540872,0,0,0,0,0,0,-0.2762116196531974,-0.10697726201737469,0.8880756511109523,0.0,0.0,0.0
image_2530.png,surface,0.0,0.0,1.5100085861524397,2.321522034996054,-10.84748079211119,0.0,0.3300837327653212,1.1342951331830184,0.0,0.0,0.0,1.3498915250558063,0,0,0,0,0,0,0.11260083589730122,0.29569607583974367,0.7535952315720588,0.0,0.0,0.0
image_2531.png,surface,0.0,0.0,0.6185586218736743,21.107939375392572,10.158385650388862,0.0,-1.5122373665337703,4.599140591568257,0.0,0.0,0.0,4.9904894954780055,0,0,0,0,0,0,-0.09034319474172729,0.18208346750172166,0.5819486971486448,0.0,0.0,0.0
image_2532.png,surface,0.0,0.0,0.8728569645167199,19.012085480950827,-4.08079814708621,0.0,3.4406043709503904,-0.2053649922404943,0.0,0.0,0.0,4.7391960931857735,0,0,0,0,0,0,0.2809827447829567,-0.08024867753797324,0.6278011967304005,0.0,0.0,0.0
image_2533.png,surface,0.0,0.0,0.5044744758055513,-14.58020115222437,3.5109391749069365,0.0,4.478738996065161,1.748420922489586,0.0,0.0,0.0,-4.288073392525447,0,0,0,0,0,0,0.09420422965534715,0.016876243558061225,0.1526403227651834,0.0,0.0,0.0
image_2534.png,surface,0.0,0.0,1.4000882732255557,-6.864813274442326,-19.823381391844187,0.0,3.2329887746324495,0.38365362844478945,0.0,0.0,0.0,1.1401979370002753,0,0,0,0,0,0,0.4807764631353498,-0.0843623405603754,1.269374444262908,0.0,0.0,0.0
image_2535.png,surface,0.0,0.0,2.5267195172929693,-4.590704091025933,20.11355584708319,0.0,3.9150645813735485,-2.564009932718646,0.0,0.0,0.0,0.29711718766968964,0,0,0,0,0,0,0.5715374166803046,-0.4650877524180465,1.8571769608161288,0.0,0.0,0.0
image_2536.png,surface,0.0,0.0,1.9394461130897505,-0.44882267464403547,-11.629293073497765,0.0,3.8237824996008465,1.5344326135364599,0.0,0.0,0.0,-0.3687175567381953,0,0,0,0,0,0,0.5485036116280232,0.03820751337977169,1.4373499204749443,0.0,0.0,0.0
image_2537.png,surface,0.0,0.0,2.5997653635625517,1.1983643261000947,-0.08072729724180518,0.0,3.2328004164845243,1.1743759260038262,0.0,0.0,0.0,-4.410157217967818,0,0,0,0,0,0,0.7332123563644141,0.10782516426176275,1.7721776719985802,0.0,0.0,0.0
image_2538.png,surface,0.0,0.0,0.9386457518584025,-2.9379497863476374,4.720805993058618,0.0,0.03679171405041058,-3.344097987729033,0.0,0.0,0.0,-0.48158100508937984,0,0,0,0,0,0,0.04995527809306936,-0.11115856844702855,0.2309249692216548,0.0,0.0,0.0
image_2539.png,surface,0.0,0.0,2.1933538825025973,-19.36216450940999,15.30520677221487,0.0,2.1190124128433783,2.3160370737600977,0.0,0.0,0.0,-0.14722579740889774,0,0,0,0,0,0,0.35115709238524834,0.3157200974887519,1.2657212500817565,0.0,0.0,0.0
image_2540.png,surface,0.0,0.0,2.3646439097334735,-6.803103846261877,-16.676418564743216,0.0,1.8704486795925523,-1.036165555930383,0.0,0.0,0.0,-2.1359596173594255,0,0,0,0,0,0,1.3188584542298645,-0.8065957190946521,3.58485198401688,0.0,0.0,0.0
image_2541.png,surface,0.0,0.0,1.3600022149764226,3.9431987784764773,-16.043164903759365,0.0,-4.359695588143593,0.35379169053727666,0.0,0.0,0.0,3.5685625361311875,0,0,0,0,0,0,-0.2796358721386704,0.0879018211723849,0.7086180694713612,0.0,0.0,0.0
image_2542.png,surface,0.0,0.0,0.7857442028207141,0.3359300131368273,14.63616767237574,0.0,-4.1354932900392765,2.198315752244485,0.0,0.0,0.0,1.6050429805293787,0,0,0,0,0,0,-0.06798967451655999,0.036382714486469056,0.28518696103214763,0.0,0.0,0.0
image_2543.png,surface,0.0,0.0,2.355506891568739,14.828785338784197,18.26957231359114,0.0,-3.4602307612195986,-0.09342063710726489,0.0,0.0,0.0,-3.469606306334374,0,0,0,0,0,0,-1.7321124630766724,0.4194740724954565,4.436140014383722,0.0,0.0,0.0
image_2544.png,surface,0.0,0.0,1.8036763149579358,10.370838959882395,-17.681014498518444,0.0,2.031124589859341,2.575117666606053,0.0,0.0,0.0,-0.3026334349788895,0,0,0,0,0,0,0.6187510099500054,0.5289635791961109,2.3288990089629045,0.0,0.0,0.0
image_2545.png,surface,0.0,0.0,1.6743283092595416,18.587879041400097,-14.923589518202915,0.0,3.0540705879935155,3.0898412689347112,0.0,0.0,0.0,3.909202047032755,0,0,0,0,0,0,0.7570055845234729,0.6889528221664221,2.938531370451899,0.0,0.0,0.0
image_2546.png,surface,0.0,0.0,2.59277509924708,-5.833925387547752,9.433606022687659,0.0,-0.45535319769685484,1.4423306257156718,0.0,0.0,0.0,-1.529499039005434,0,0,0,0,0,0,-0.24808709257251318,0.5734949646026725,1.6697922157638936,0.0,0.0,0.0
image_2547.png,surface,0.0,0.0,1.7322653182424481,2.538382491694585,19.831459905940317,0.0,-2.9479438475135806,-0.32619591442662166,0.0,0.0,0.0,4.198588862413253,0,0,0,0,0,0,-0.4597515528745461,-0.019037686385128358,1.230028917690855,0.0,0.0,0.0
image_2548.png,surface,0.0,0.0,1.2374386484604232,-18.28085140172314,-15.437789192059784,0.0,4.395864976445536,-1.4795666617301668,0.0,0.0,0.0,4.4678568040694735,0,0,0,0,0,0,0.40931155281853343,-0.1794500939263867,1.0745180685687836,0.0,0.0,0.0
image_2549.png,surface,0.0,0.0,2.371079320105375,4.603726023397847,-17.98578350121183,0.0,2.4006849321826422,3.675374653998922,0.0,0.0,0.0,-0.45051458760091556,0,0,0,0,0,0,0.8609598024224567,0.8475372846093892,3.476957707461353,0.0,0.0,0.0
image_2550.png,surface,0.0,0.0,1.174617969040065,6.473022635310174,-10.606208759223247,0.0,0.06647585605555621,4.92552970670538,0.0,0.0,0.0,-0.07680232713644841,0,0,0,0,0,0,-0.014621558112969335,0.1716223359151158,0.5445726799089724,0.0,0.0,0.0
image_2551.png,surface,0.0,0.0,1.190713720379397,7.529336320769254,10.104416861616206,0.0,-0.902551568253712,-1.4209927998604586,0.0,0.0,0.0,3.398315243433551,0,0,0,0,0,0,-0.09880185932584218,-0.19003392750754225,0.4520057412870725,0.0,0.0,0.0
image_2552.png,surface,0.0,0.0,1.0218369736541093,-14.228266423726424,4.628271354688765,0.0,0.3737319532501418,4.880003766855171,0.0,0.0,0.0,2.9060457344329835,0,0,0,0,0,0,0.021515719783721576,0.11806606149917678,0.2864128801063846,0.0,0.0,0.0
image_2553.png,surface,0.0,0.0,0.7584683096199116,12.640884513864666,-19.109688960476845,0.0,0.9750211301107653,-3.717325319837141,0.0,0.0,0.0,-4.523402504638941,0,0,0,0,0,0,0.16830200966099432,-0.25971922179678497,0.620095100691799,0.0,0.0,0.0
image_2554.png,surface,0.0,0.0,2.5039389901710343,-20.843398264709815,-5.950996768303201,0.0,-1.4446324109063506,0.9103415812893038,0.0,0.0,0.0,-0.33145847587272037,0,0,0,0,0,0,-0.49143730254012225,0.10914814345940718,2.139093687815089,0.0,0.0,0.0
image_2555.png,surface,0.0,0.0,2.251712335514002,-0.585001195584907,-20.409633902651272,0.0,-0.3655902396326066,-0.9334946260856821,0.0,0.0,0.0,-3.7327779703086117,0,0,0,0,0,0,0.6496940772987326,-0.39724298804704844,2.5953544178015404,0.0,0.0,0.0
image_2556.png,surface,0.0,0.0,1.458032963496124,-3.1376118969065434,18.728724337026822,0.0,-2.3733803282622863,-0.4517523637022493,0.0,0.0,0.0,-2.6956018267991952,0,0,0,0,0,0,-0.25030600818309984,-0.02677735065672241,0.7665109254252229,0.0,0.0,0.0
image_2557.png,surface,0.0,0.0,2.312461172111708,22.321621570296678,-9.209933700525488,0.0,1.5331269693782958,-4.433622878068268,0.0,0.0,0.0,0.5175586727546175,0,0,0,0,0,0,0.6155246031636937,-0.6573712164923325,2.3373620932823167,0.0,0.0,0.0
image_2558.png,surface,0.0,0.0,2.9031144420093202,-1.0098852287264404,-11.77123572768743,0.0,1.3837077897743875,-0.891628283911402,0.0,0.0,0.0,-4.213239095035794,0,0,0,0,0,0,1.2283683971037591,-0.6181065782364404,4.130285486882356,0.0,0.0,0.0
image_2559.png,surface,0.0,0.0,1.6656214875757502,21.08968920819694,8.809354724687072,0.0,-1.7400532065456165,1.3683927542200076,0.0,0.0,0.0,-1.197260537613971,0,0,0,0,0,0,-0.6320142812437374,0.7499577368925231,2.32253048218745,0.0,0.0,0.0
image_2560.png,surface,0.0,0.0,1.7207133913475081,11.559934178906653,18.64907555794138,0.0,-2.622597429720777,-0.6990353674854826,0.0,0.0,0.0,-2.360820152023997,0,0,0,0,0,0,-0.6088435060920375,-0.03503613875141121,1.6240513663710485,0.0,0.0,0.0
image_2561.png,surface,0.0,0.0,1.8226518862823367,-2.9988188151161665,-4.4191699872228325,0.0,2.7209116040652095,-3.5999763722788134,0.0,0.0,0.0,-3.2622111626922576,0,0,0,0,0,0,0.2990658416862408,-0.299001164180113,0.8429064506853293,0.0,0.0,0.0
image_2562.png,surface,0.0,0.0,1.1664004511390278,-21.84166807247346,5.257661630924761,0.0,3.3736941672541856,3.3607580533196026,0.0,0.0,0.0,-0.49312830519821294,0,0,0,0,0,0,0.2108997105802774,0.12313617083806874,0.5000912446470375,0.0,0.0,0.0
image_2563.png,surface,0.0,0.0,1.1200101496256438,11.646495712812822,-6.879692498299171,0.0,2.103262799443973,-2.5464195493314663,0.0,0.0,0.0,-2.218308136486714,0,0,0,0,0,0,0.2077037415938359,-0.182759901574239,0.5549561474776469,0.0,0.0,0.0
image_2564.png,surface,0.0,0.0,1.720961805624565,20.09723890611202,14.533662628800668,0.0,-1.3323118577327342,0.4914113154058114,0.0,0.0,0.0,4.224640178147768,0,0,0,0,0,0,-0.7316372002210964,0.4760113761379545,2.387287591755528,0.0,0.0,0.0
image_2565.png,surface,0.0,0.0,1.7518261525675498,-15.577405923472975,19.43220339110443,0.0,4.073607890806278,-2.544541919609838,0.0,0.0,0.0,3.4958013348286663,0,0,0,0,0,0,0.41466556181581943,-0.3075195141863495,1.0632726615417198,0.0,0.0,0.0
image_2566.png,surface,0.0,0.0,1.2232049337379218,-11.474137622459185,-9.467852900565873,0.0,2.2190169724697024,-1.1036280887544767,0.0,0.0,0.0,-1.1285872578942104,0,0,0,0,0,0,0.24887999725914955,-0.13302154691178764,0.6360811747400014,0.0,0.0,0.0
image_2567.png,surface,0.0,0.0,1.9557823337106748,0.6679874498331785,8.314464313825143,0.0,0.20493879002987123,-1.3132855551290274,0.0,0.0,0.0,-1.6739424381460646,0,0,0,0,0,0,0.1273022932349317,-0.3839046519985025,0.8850476979877003,0.0,0.0,0.0
image_2568.png,surface,0.0,0.0,2.42697838713291,13.771845277701335,9.703130619568443,0.0,3.554178497553317,1.8974441458263962,0.0,0.0,0.0,3.7004935147909563,0,0,0,0,0,0,0.7798674160064841,0.4105608737631693,2.1747100980775325,0.0,0.0,0.0
image_2569.png,surface,0.0,0.0,2.2239465904330156,-7.844570035544137,-17.72500745857239,0.0,-3.1363148573272053,-0.5771428116092274,0.0,0.0,0.0,-0.9611364771773641,0,0,0,0,0,0,-0.5624152080590048,-0.12663789699021677,1.6373868649345171,0.0,0.0,0.0
image_2570.png,surface,0.0,0.0,0.867771178641762,-21.262742409110036,-5.189505699813981,0.0,2.2301711743702524,-1.3223069794915912,0.0,0.0,0.0,-1.6098703190128472,0,0,0,0,0,0,0.1931849110554307,-0.1285256199832885,0.5088781145142923,0.0,0.0,0.0
image_2571.png,surface,0.0,0.0,2.105979424872855,-22.439083431636615,4.772609613834596,0.0,-0.7987242353992198,0.5408446800519238,0.0,0.0,0.0,2.3742768674369827,0,0,0,0,0,0,-0.2713720094737289,0.003020356788914767,1.471885556908734,0.0,0.0,0.0
image_2572.png,surface,0.0,0.0,0.5085457237257711,4.033326317893507,17.5929027191323,0.0,0.5210650853777026,0.8203681876440331,0.0,0.0,0.0,1.3914367296805787,0,0,0,0,0,0,0.0661238373844757,0.0364613696111804,0.22035169633183255,0.0,0.0,0.0
image_2573.png,surface,0.0,0.0,1.4817419171852664,10.477064466678307,-19.5441199726611,0.0,-2.584472781528944,-2.0187988429445687,0.0,0.0,0.0,-4.2821083015838095,0,0,0,0,0,0,-0.297451116403091,-0.26212921481793994,0.9568298374420257,0.0,0.0,0.0
image_2574.png,surface,0.0,0.0,1.6525696228825735,9.798641961197335,5.44563518269165,0.0,3.0451865044051405,0.7927482801106807,0.0,0.0,0.0,-2.590705579953526,0,0,0,0,0,0,0.3267170609789331,-0.006632200115658655,0.75230902139581,0.0,0.0,0.0
image_2575.png,surface,0.0,0.0,2.4888919673049714,-0.41521200532023156,-8.060977423312744,0.0,2.0128712906167254,0.535378408566906,0.0,0.0,0.0,2.292158627482811,0,0,0,0,0,0,0.8972340504185662,0.08502304360795052,2.195008102421456,0.0,0.0,0.0
image_2576.png,surface,0.0,0.0,2.7002347324548635,14.574429646957045,-1.8446072804974878,0.0,-4.699326506350329,-1.665017326938689,0.0,0.0,0.0,-4.622743703195077,0,0,0,0,0,0,-1.0396646911343181,-0.1319282406783001,2.443407442709491,0.0,0.0,0.0
image_2577.png,surface,0.0,0.0,2.295494309070013,-7.5239914718110255,-23.81252743554381,0.0,2.4895307346184516,-1.8661416325530653,0.0,0.0,0.0,-4.638149305146681,0,0,0,0,0,0,1.4668242088521317,-0.9465845369533685,4.390336640885084,0.0,0.0,0.0
image_2578.png,surface,0.0,0.0,2.438130624823867,18.40155534898204,-15.129633237773051,0.0,-1.0012472113746531,1.3266055936197791,0.0,0.0,0.0,-1.7752699191808388,0,0,0,0,0,0,0.4374330361192304,1.2575349876796265,4.956260186419411,0.0,0.0,0.0
image_2579.png,surface,0.0,0.0,2.829034481015776,-7.927354934645632,15.773264765870154,0.0,-3.7380352577068057,0.10724514324846667,0.0,0.0,0.0,0.6565395963157581,0,0,0,0,0,0,-1.155911214511153,-0.1898766172581194,3.531058922999814,0.0,0.0,0.0
image_2580.png,surface,0.0,0.0,1.711367869876612,7.842917589515128,-11.586204424483423,0.0,2.730905913474203,-2.5294077335261895,0.0,0.0,0.0,2.1084019532055853,0,0,0,0,0,0,0.42417128671549215,-0.300355605427642,1.0999073215270259,0.0,0.0,0.0
image_2581.png,surface,0.0,0.0,1.1993005378780741,11.80446597863134,21.548046454881877,0.0,1.4607105654246948,2.3283415847943147,0.0,0.0,0.0,-1.3211543194666833,0,0,0,0,0,0,0.16286886238404377,0.262846549555307,0.8336350189982029,0.0,0.0,0.0
image_2582.png,surface,0.0,0.0,1.425352213816518,-8.009932520493427,6.450584040668364,0.0,2.7592141357958435,3.937192042908972,0.0,0.0,0.0,-1.8540260914464444,0,0,0,0,0,0,0.1284528420700507,0.12891260319686812,0.41254856452610916,0.0,0.0,0.0
image_2583.png,surface,0.0,0.0,1.5715596052426695,7.823864122851434,7.894612985810532,0.0,3.911608071216429,-2.6401794174462654,0.0,0.0,0.0,-0.5138349378302394,0,0,0,0,0,0,0.2524016507042093,-0.1812497231797817,0.6691698247255112,0.0,0.0,0.0
image_2584.png,surface,0.0,0.0,1.2903831207145187,-4.989615298303436,-8.20586991898907,0.0,-1.5216868265850807,-3.1862117316696557,0.0,0.0,0.0,-3.7174558113984357,0,0,0,0,0,0,-0.0022714208153636894,-0.22472083750523497,0.46326454633680514,0.0,0.0,0.0
image_2585.png,surface,0.0,0.0,1.2592853469657257,-0.24874869728551827,-11.105905534718476,0.0,-1.631598115470639,-4.061642073163684,0.0,0.0,0.0,-3.2746747881680784,0,0,0,0,0,0,0.01233872312265416,-0.23714048169715277,0.5193308052000913,0.0,0.0,0.0
image_2586.png,surface,0.0,0.0,2.956724609347904,-8.087973353680479,-2.150783148200701,0.0,1.572994442785193,1.5450377742307113,0.0,0.0,0.0,-4.0460515571972095,0,0,0,0,0,0,0.7971317360932416,0.44980978099411917,2.3850411899546478,0.0,0.0,0.0
image_2587.png,surface,0.0,0.0,2.98081722768239,13.881134602563382,-10.980090501283069,0.0,-2.9880810538248577,-1.2862280082509925,0.0,0.0,0.0,3.312875551112569,0,0,0,0,0,0,-0.9492826881977551,-0.04826907693284404,3.030642776303046,0.0,0.0,0.0
image_2588.png,surface,0.0,0.0,2.107320228894085,-7.904057772616786,18.032353112624705,0.0,-1.9626789491613037,-3.41279001099072,0.0,0.0,0.0,0.06417135032016574,0,0,0,0,0,0,-0.21792323290048066,-0.6731871889692849,1.8934856022498177,0.0,0.0,0.0
image_2589.png,surface,0.0,0.0,2.5244845895154002,15.678496592177027,-9.08839997623874,0.0,-2.357584787128522,-3.427183403205359,0.0,0.0,0.0,-2.277268453432024,0,0,0,0,0,0,-0.29286718374253756,-0.6764372187223561,2.0059262744977806,0.0,0.0,0.0
image_2590.png,surface,0.0,0.0,2.302862133368134,-2.4409994088856948,0.6820301938089163,0.0,-3.5248243355254676,0.4038651166628334,0.0,0.0,0.0,-0.9477918117460913,0,0,0,0,0,0,-0.43578178547623564,0.07083365911002804,1.209739845362043,0.0,0.0,0.0
image_2591.png,surface,0.0,0.0,2.205279316763131,21.103340348138207,7.233536224546406,0.0,-0.8348050555023202,-1.467807963393122,0.0,0.0,0.0,-4.208737850202436,0,0,0,0,0,0,-0.0817460381681999,-0.1471196914650449,2.0369784250375655,0.0,0.0,0.0
image_2592.png,surface,0.0,0.0,0.8662704782543067,-3.79669379926856,-7.4549769086729984,0.0,0.006736569688236,-0.16787018745268628,0.0,0.0,0.0,3.1591671640033567,0,0,0,0,0,0,0.03347777513297359,-0.03854730351852463,0.258819652419049,0.0,0.0,0.0
image_2593.png,surface,0.0,0.0,0.8418045181347118,0.5362075869220622,-1.4352948109821673,0.0,2.4465156823907677,-0.640617859148177,0.0,0.0,0.0,2.131286143297279,0,0,0,0,0,0,0.12976775502447235,-0.05124695995441463,0.24263484103458585,0.0,0.0,0.0
image_2594.png,surface,0.0,0.0,2.714599656633508,19.21060187779549,-10.96713472779593,0.0,3.9198035522726973,-2.2553668896444634,0.0,0.0,0.0,-3.5780194857949055,0,0,0,0,0,0,1.6250338050209443,-0.3087087796719848,4.11106825636708,0.0,0.0,0.0
image_2595.png,surface,0.0,0.0,0.535667818071712,-8.365475873116777,-6.078035372514134,0.0,0.0329487830334989,1.7480847628435519,0.0,0.0,0.0,1.2885854163309398,0,0,0,0,0,0,0.018365407497086483,0.04991454214180489,0.15426148350816352,0.0,0.0,0.0
image_2596.png,surface,0.0,0.0,2.1994096976203417,-14.522516381539052,-5.654592194550626,0.0,-2.3955672094502365,3.2396393073188476,0.0,0.0,0.0,-4.234709194890866,0,0,0,0,0,0,-0.3101802043090888,0.37048451462025667,1.1211878475333634,0.0,0.0,0.0
image_2597.png,surface,0.0,0.0,2.511963346371359,-1.984771418831976,-18.835239327803635,0.0,-2.121025273475303,3.8712347441068693,0.0,0.0,0.0,-0.6820725386623909,0,0,0,0,0,0,-0.31631798665304994,0.6777916599698858,2.2035828369297827,0.0,0.0,0.0
image_2598.png,surface,0.0,0.0,2.294782595522611,2.3307076460851244,-21.03806723373854,0.0,-0.9909526375462284,-2.4132534720850116,0.0,0.0,0.0,4.224163029553317,0,0,0,0,0,0,0.1070246309609579,-0.6146614837740844,2.2684828587396657,0.0,0.0,0.0
image_2599.png,surface,0.0,0.0,0.8610231564637212,8.333867696202187,-8.343256424422734,0.0,3.8677855351836468,-2.2044493899388753,0.0,0.0,0.0,-2.5530123205917707,0,0,0,0,0,0,0.14729384019011946,-0.09638713602624234,0.3602091889686551,0.0,0.0,0.0
image_2600.png,surface,0.0,0.0,2.1012599894414885,-7.534319278169242,-0.06401322130749028,0.0,4.839579661490102,0.3664397921307626,0.0,0.0,0.0,-2.961780138762103,0,0,0,0,0,0,0.4510996082612509,-0.07174291235169092,1.005254757376279,0.0,0.0,0.0
image_2601.png,surface,0.0,0.0,0.8087169303304647,9.082223801779042,10.219951994476286,0.0,-2.097566345333473,2.172430581839329,0.0,0.0,0.0,-3.8781255605238285,0,0,0,0,0,0,-0.06619080054419157,0.0749426028249475,0.3279266533470791,0.0,0.0,0.0
image_2602.png,surface,0.0,0.0,1.6556181960051135,18.277340287080612,-12.828455872340374,0.0,3.2608324571732474,-0.5159394538943136,0.0,0.0,0.0,1.0534618643956506,0,0,0,0,0,0,0.7450070038143761,-0.0800583321361719,2.0171493514870633,0.0,0.0,0.0
image_2603.png,surface,0.0,0.0,2.1370813077662056,13.75518659223809,-4.852355641500147,0.0,-2.71617458543604,-1.1708319548733737,0.0,0.0,0.0,-2.873820921076523,0,0,0,0,0,0,-0.6292292225555528,-0.12081899086407304,1.4485372694037746,0.0,0.0,0.0
image_2604.png,surface,0.0,0.0,1.4296751179690668,-10.572581975464525,-0.6625754678171148,0.0,4.382563519804202,-1.2759972682226683,0.0,0.0,0.0,-1.4483526746070705,0,0,0,0,0,0,0.23683271607025894,-0.09785012134587283,0.5192325530338505,0.0,0.0,0.0
image_2605.png,surface,0.0,0.0,1.7931145910284396,4.877018928690813,23.24654000718824,0.0,4.104411293305913,1.5089546494062502,0.0,0.0,0.0,-1.6070690980491587,0,0,0,0,0,0,0.4305997500482203,0.0315060967543671,1.0573150074614572,0.0,0.0,0.0
image_2606.png,surface,0.0,0.0,2.86738637596241,10.03167129865398,13.84535400411447,0.0,1.7785359940324592,0.6879661527521005,0.0,0.0,0.0,-3.7985958587059274,0,0,0,0,0,0,0.701480949999031,0.47113790461084115,2.763834552867451,0.0,0.0,0.0
image_2607.png,surface,0.0,0.0,1.2759741197904648,-13.550550617038027,-8.477903734085158,0.0,-2.088122248669897,0.23899314528578544,0.0,0.0,0.0,1.9612682815550393,0,0,0,0,0,0,-0.19101013025465705,0.039717691774229104,0.5147084873791973,0.0,0.0,0.0
image_2608.png,surface,0.0,0.0,0.9375247599203671,-17.147834517736086,-15.825471778662411,0.0,1.833337199002827,-2.9149885134307545,0.0,0.0,0.0,-0.09133608441335817,0,0,0,0,0,0,0.18763305635898403,-0.2545311297708261,0.7455162239024963,0.0,0.0,0.0
image_2609.png,surface,0.0,0.0,2.7689127895424837,-17.387385167350576,-14.180163466027038,0.0,-2.6137090486692935,-1.2342263664372268,0.0,0.0,0.0,4.476315863262769,0,0,0,0,0,0,-0.44635283337138904,-0.9337716171378939,3.313850179485811,0.0,0.0,0.0
image_2610.png,surface,0.0,0.0,1.7081342612980681,0.13648917124837326,-17.643219794820098,0.0,2.4957210331523485,1.6252607216760138,0.0,0.0,0.0,0.7176822132385059,0,0,0,0,0,0,0.5528227354297002,0.11696017044573574,1.5444001216023133,0.0,0.0,0.0
image_2611.png,surface,0.0,0.0,1.7408914978337882,18.869464509145036,4.813736199872293,0.0,0.6115127199247704,-2.1365494866294177,0.0,0.0,0.0,-4.3990540150405675,0,0,0,0,0,0,0.3110705099553119,-0.4217078780372577,1.0653940151310188,0.0,0.0,0.0
image_2612.png,surface,0.0,0.0,2.883906483090591,13.25124774639774,0.024511053755047727,0.0,-3.287591187732628,0.5838537451615917,0.0,0.0,0.0,2.3909132313957873,0,0,0,0,0,0,-1.239339702067215,0.5131963728964791,3.659148485725472,0.0,0.0,0.0
image_2613.png,surface,0.0,0.0,1.1695191655458026,-10.571062466318521,-6.628850571839621,0.0,2.9002372291585887,3.4913655845034923,0.0,0.0,0.0,2.034811462203299,0,0,0,0,0,0,0.1190384305699905,0.11782537681756027,0.39876646520700004,0.0,0.0,0.0
image_2614.png,surface,0.0,0.0,2.4911941912313016,-0.1503662729576246,-11.315386789872228,0.0,-3.238817065609277,-1.116164915551598,0.0,0.0,0.0,-2.762490987308295,0,0,0,0,0,0,-0.6405459965475422,-0.16137200006273653,1.626262040111477,0.0,0.0,0.0
image_2615.png,surface,0.0,0.0,1.9003898421452727,13.230202158119246,12.113471695400644,0.0,-2.7625684870122336,-0.9280082635236067,0.0,0.0,0.0,-3.492752777549949,0,0,0,0,0,0,-0.5533021307776664,-0.03005569625469029,1.5231977507282128,0.0,0.0,0.0
image_2616.png,surface,0.0,0.0,2.2250444090010095,-3.5613182036657225,-23.652328095103133,0.0,0.2534712390023895,1.0481018386160141,0.0,0.0,0.0,-3.8059265798989896,0,0,0,0,0,0,0.9040140703398021,0.13589717827123338,3.109215480246908,0.0,0.0,0.0
image_2617.png,surface,0.0,0.0,1.6766090450255107,4.263569105134285,-4.892954906811502,0.0,2.350230121707805,-0.6645796668424935,0.0,0.0,0.0,2.7984116249441184,0,0,0,0,0,0,0.3346750237551721,-0.13457577217608327,0.7447837986632443,0.0,0.0,0.0
image_2618.png,surface,0.0,0.0,1.4596470889654365,9.844799500669723,22.43569826046823,0.0,-3.4975616557009985,-2.4945527118589244,0.0,0.0,0.0,0.4958386885418786,0,0,0,0,0,0,-0.3567043814117142,-0.18137557137931978,1.3382715428357863,0.0,0.0,0.0
image_2619.png,surface,0.0,0.0,0.8601504757719737,-11.16737145117695,-18.864757287636497,0.0,-1.2125311557328444,0.38117188132731467,0.0,0.0,0.0,-3.26157597186826,0,0,0,0,0,0,-0.2467234791382982,0.07979405091714184,0.5088669494954012,0.0,0.0,0.0
image_2620.png,surface,0.0,0.0,2.9687505029333523,-21.23738414645296,6.383110074723613,0.0,-0.06522143028189939,3.088572748795446,0.0,0.0,0.0,-1.3657146865883285,0,0,0,0,0,0,-0.12588845743092966,0.807029895383059,2.3780250920835133,0.0,0.0,0.0
image_2621.png,surface,0.0,0.0,2.318002743476491,-9.701547472009132,-18.22052896322214,0.0,-3.8983679156325994,2.431327543000535,0.0,0.0,0.0,-1.9910726128564882,0,0,0,0,0,0,-0.5097091138026059,0.361621655167785,1.6973966084701206,0.0,0.0,0.0
image_2622.png,surface,0.0,0.0,1.6376737304968554,10.36690380035222,1.829736509135103,0.0,-0.06023761188863406,-3.8720188753585405,0.0,0.0,0.0,-1.6136023448968673,0,0,0,0,0,0,0.09730584146218883,-0.284133772507179,0.7190484301193785,0.0,0.0,0.0
image_2623.png,surface,0.0,0.0,1.732294338587236,21.956914485454803,11.226293715102871,0.0,2.5688820572040796,-0.4358317319983529,0.0,0.0,0.0,3.318567751359618,0,0,0,0,0,0,0.5702635947557089,-0.03177352417838559,1.4686209053849923,0.0,0.0,0.0
image_2624.png,surface,0.0,0.0,0.5006346067800593,5.722329807059871,13.396656144481797,0.0,1.163652401673928,-2.7115651174387434,0.0,0.0,0.0,-0.785730860915141,0,0,0,0,0,0,0.08264243137439707,-0.06189057143035071,0.21129686601119252,0.0,0.0,0.0
image_2625.png,surface,0.0,0.0,0.5740187666414027,16.66753229783196,14.441465728544163,0.0,-0.5288650894883621,-4.725983409561744,0.0,0.0,0.0,-3.942766365395962,0,0,0,0,0,0,0.05461682714329317,-0.18103892744555533,0.3645032552341518,0.0,0.0,0.0
image_2626.png,surface,0.0,0.0,2.518941608683785,4.575686089939844,21.110948843831775,0.0,-3.0402109258161003,-1.2458594819485567,0.0,0.0,0.0,3.8952975497707527,0,0,0,0,0,0,-1.3804645611685062,-0.34252104468288774,3.939359197837877,0.0,0.0,0.0
image_2627.png,surface,0.0,0.0,0.6154242386311162,-2.252533593923512,-24.043200479000507,0.0,-3.878222504542926,-2.2791831865447807,0.0,0.0,0.0,3.402260849391979,0,0,0,0,0,0,-0.1680052411122531,-0.0960095914276279,0.4802621710965363,0.0,0.0,0.0
image_2628.png,surface,0.0,0.0,2.429281524668762,21.563534284491322,-0.5071582604228532,0.0,-3.1500744705624566,0.12586693657645143,0.0,0.0,0.0,2.8090755616095446,0,0,0,0,0,0,-1.22221843963985,0.6462006156808306,3.5690289192444866,0.0,0.0,0.0
image_2629.png,surface,0.0,0.0,2.2834101486399287,-14.306187754751539,-2.232752965958854,0.0,-1.2853837332832423,4.309992228810204,0.0,0.0,0.0,2.4933126912981294,0,0,0,0,0,0,-0.1668181669172891,0.40987972038316955,1.1621880299050702,0.0,0.0,0.0
image_2630.png,surface,0.0,0.0,2.198309831978123,1.138205343101731,-3.408323461129235,0.0,0.8743216182556222,0.025839391574452468,0.0,0.0,0.0,-3.591367828500407,0,0,0,0,0,0,0.4208566103095545,-0.03848123321376714,1.230082509781532,0.0,0.0,0.0
image_2631.png,surface,0.0,0.0,1.8612644221055352,-10.097918427074765,-6.526994518386461,0.0,2.677965840460614,3.620615988185042,0.0,0.0,0.0,-1.0140868170801776,0,0,0,0,0,0,0.21815912584947997,0.2613521021857921,0.8670608525542225,0.0,0.0,0.0
image_2632.png,surface,0.0,0.0,1.3683204703102476,-14.63720924296556,14.162530133251858,0.0,-3.3317744712291093,-0.26275115329574084,0.0,0.0,0.0,0.6808974948625757,0,0,0,0,0,0,-0.17827799856867185,0.010445400561663546,0.6589560654439801,0.0,0.0,0.0
image_2633.png,surface,0.0,0.0,2.9314952988210066,-6.930729087159391,8.87383085400419,0.0,3.573217055305409,0.8545444701091435,0.0,0.0,0.0,1.8555012291149193,0,0,0,0,0,0,0.857033326239115,-0.0009092532416628774,2.1807749363391484,0.0,0.0,0.0
image_2634.png,surface,0.0,0.0,2.7768439025130984,-5.473792158746706,-17.337009650483214,0.0,2.4197175678685174,0.854678411724493,0.0,0.0,0.0,-1.570527902979022,0,0,0,0,0,0,1.9323855767770302,-0.1360765119555753,5.211264751883388,0.0,0.0,0.0
image_2635.png,surface,0.0,0.0,1.6857873289774978,-16.61128840794404,-12.967101100053457,0.0,3.023901050469792,-0.9840892294100951,0.0,0.0,0.0,4.916123997813326,0,0,0,0,0,0,0.5373801176652139,-0.23239757767705996,1.391662663172778,0.0,0.0,0.0
image_2636.png,surface,0.0,0.0,0.9385499149241388,2.8474214328618834,-10.842757175202138,0.0,1.201424133953032,1.321603700122748,0.0,0.0,0.0,3.1526492627898257,0,0,0,0,0,0,0.12235919453590241,0.10608688600564257,0.36959450384846987,0.0,0.0,0.0
image_2637.png,surface,0.0,0.0,1.0864439783560382,1.9496320857031513,-17.19026462756852,0.0,4.106412448230146,1.471124234212206,0.0,0.0,0.0,-4.223528172581411,0,0,0,0,0,0,0.30838893978668824,0.00838778249921537,0.7337795560442267,0.0,0.0,0.0
image_2638.png,surface,0.0,0.0,0.5350404323862776,1.7127329006339436,-19.071053389150638,0.0,0.42998425681649927,-2.776555302732324,0.0,0.0,0.0,1.171999952531312,0,0,0,0,0,0,0.114442322789489,-0.1709521942525755,0.3871459135451972,0.0,0.0,0.0
image_2639.png,surface,0.0,0.0,2.6806881304006525,-24.562094060196788,2.415714668773551,0.0,-4.264784904293636,1.0494026479846774,0.0,0.0,0.0,4.264480466683819,0,0,0,0,0,0,-0.8597498998775894,0.2211845030982141,2.387582348254251,0.0,0.0,0.0
image_2640.png,surface,0.0,0.0,1.4085346884964882,-9.981727707647696,-1.5188903010131738,0.0,3.345713865218685,-1.2213195033944348,0.0,0.0,0.0,2.123576227802248,0,0,0,0,0,0,0.21761124545180438,-0.10760021060508838,0.5110084001187046,0.0,0.0,0.0
image_2641.png,surface,0.0,0.0,1.7145497456663126,-5.965180934488786,20.325128495179545,0.0,1.8966575532375682,2.2579387242178366,0.0,0.0,0.0,3.3042121644298277,0,0,0,0,0,0,0.23973648217794008,0.26426234180011066,0.7916992080434267,0.0,0.0,0.0
image_2642.png,surface,0.0,0.0,1.8161331379694836,7.943054285911532,1.185806326430276,0.0,2.9394338966935964,-1.1850818233334242,0.0,0.0,0.0,4.121125031310182,0,0,0,0,0,0,0.38213516320382673,-0.18029642306828048,0.8344478323734716,0.0,0.0,0.0
image_2643.png,surface,0.0,0.0,2.482833224538834,-6.982232884796378,-3.962179377560032,0.0,1.7151239459569656,3.8959143424088727,0.0,0.0,0.0,1.6108766011640183,0,0,0,0,0,0,0.18662860896324526,0.5141968660828072,1.4737255520219796,0.0,0.0,0.0
image_2644.png,surface,0.0,0.0,2.037824274685246,7.0201689356376145,-8.749246601625538,0.0,2.48676031039753,-2.1812516524367043,0.0,0.0,0.0,-4.089569841193845,0,0,0,0,0,0,0.5655974800355048,-0.3673194324018733,1.43960078828338,0.0,0.0,0.0
image_2645.png,surface,0.0,0.0,0.6732024118446216,-14.022925343016436,14.613034242422785,0.0,-0.7022707760101782,3.453296022639354,0.0,0.0,0.0,2.6645180694067125,0,0,0,0,0,0,0.00622072534860918,0.10452164902388725,0.2508880229988485,0.0,0.0,0.0
image_2646.png,surface,0.0,0.0,1.4427399317444682,22.323125751951416,-1.6523775708537782,0.0,-0.8256075007960264,2.7777754620183543,0.0,0.0,0.0,-0.1672214720821188,0,0,0,0,0,0,-0.18718105503090146,0.590588296304937,1.87170488339716,0.0,0.0,0.0
image_2647.png,surface,0.0,0.0,1.6406713331379552,-4.3320151533343,-18.546662495126007,0.0,0.7581734462773032,-3.6745966030074535,0.0,0.0,0.0,-0.7720709685096594,0,0,0,0,0,0,0.3701791954145487,-0.47076979862719226,1.4641459658134601,0.0,0.0,0.0
image_2648.png,surface,0.0,0.0,2.295590014326957,4.8383353862900575,-22.233804113101026,0.0,-3.0863686837019886,-0.4775814555534843,0.0,0.0,0.0,4.57982874294677,0,0,0,0,0,0,-0.7770199598285642,0.03866056689810893,1.8395853570513927,0.0,0.0,0.0
image_2649.png,surface,0.0,0.0,2.4601064625084685,5.002487506143569,14.579889181853522,0.0,0.8837925679142745,-3.863704356805557,0.0,0.0,0.0,1.7617546459526325,0,0,0,0,0,0,0.2201573674110026,-0.6621849101246652,1.7317714686318781,0.0,0.0,0.0
image_2650.png,surface,0.0,0.0,0.5129068651020945,14.219752433381387,-13.488566486349912,0.0,-1.7692203110227989,-0.9652098089374684,0.0,0.0,0.0,-4.606748292435112,0,0,0,0,0,0,-0.10495333867974509,-0.09352408948675013,0.3474341743535179,0.0,0.0,0.0
image_2651.png,surface,0.0,0.0,1.9966612488288165,10.22257836032244,9.608160235610457,0.0,-2.954489704900285,1.9781238390473557,0.0,0.0,0.0,4.212992219403052,0,0,0,0,0,0,-0.5249493201979508,0.3692040091899566,1.5296488986434602,0.0,0.0,0.0
image_2652.png,surface,0.0,0.0,0.5743626266913222,4.090759957075434,-4.785692993792015,0.0,3.0365931325528837,2.149981453524188,0.0,0.0,0.0,2.0500565173070138,0,0,0,0,0,0,0.1121807942590834,0.019424669598708044,0.1868410086322414,0.0,0.0,0.0
image_2653.png,surface,0.0,0.0,2.5886379638386705,13.52885110629046,11.1108370393664,0.0,4.834807228140149,-1.1003952400365251,0.0,0.0,0.0,0.7407614500242641,0,0,0,0,0,0,0.790876768219778,-0.22360078852934595,2.215641057332113,0.0,0.0,0.0
image_2654.png,surface,0.0,0.0,1.1000984001996892,22.3415150228033,10.899843541386193,0.0,1.0261166663072343,4.465293598514276,0.0,0.0,0.0,-3.6509597177522926,0,0,0,0,0,0,0.07954538523753606,0.409771176311068,1.1904109646578604,0.0,0.0,0.0
image_2655.png,surface,0.0,0.0,1.3328280625778308,-6.307285331376382,17.000930145074612,0.0,3.0639511049771837,-2.3320732358579273,0.0,0.0,0.0,0.37297540253319017,0,0,0,0,0,0,0.18875621117421912,-0.15871660305248228,0.5408971556900396,0.0,0.0,0.0
image_2656.png,surface,0.0,0.0,1.0823535430888112,-15.206904284918286,8.487774776417098,0.0,0.27049714111312145,0.36812830220004933,0.0,0.0,0.0,-4.262318731450407,0,0,0,0,0,0,0.06936394118072986,0.09139253560707336,0.3454780630438064,0.0,0.0,0.0
image_2657.png,surface,0.0,0.0,2.6694323170644085,16.485698181573966,-2.9442028810387533,0.0,0.44766531042553354,3.4799647591609677,0.0,0.0,0.0,2.5688741091565523,0,0,0,0,0,0,0.4255135936897975,1.9525945937286342,5.496254092081167,0.0,0.0,0.0
image_2658.png,surface,0.0,0.0,1.2517112398260553,-19.169382450709332,-7.354816970024466,0.0,0.18254983147913312,0.13651743138069056,0.0,0.0,0.0,-2.1449471938813405,0,0,0,0,0,0,0.11223558229885094,-0.054696773724253224,0.6787538769415861,0.0,0.0,0.0
image_2659.png,surface,0.0,0.0,2.3553033046322787,5.623344037401796,-14.879047519165717,0.0,3.238114368418509,0.24074244488895544,0.0,0.0,0.0,3.345978045718807,0,0,0,0,0,0,1.236851411927771,-0.06277780123709441,3.1670837731592103,0.0,0.0,0.0
image_2660.png,surface,0.0,0.0,2.0324216892977915,5.676921936902252,-23.2987166857096,0.0,2.568277926489838,-1.2328217131134127,0.0,0.0,0.0,1.6700190602432823,0,0,0,0,0,0,1.1446979290387234,-0.2871887375509667,3.089326115594393,0.0,0.0,0.0
image_2661.png,surface,0.0,0.0,2.65680371064573,3.173902401483724,-9.808367784335799,0.0,1.2703473299382129,0.22654091430855863,0.0,0.0,0.0,4.923044103198437,0,0,0,0,0,0,0.7971089077433383,0.09554709929432544,2.885207240228255,0.0,0.0,0.0
image_2662.png,surface,0.0,0.0,0.9944028518424498,-13.012828199556465,6.413545688374363,0.0,-1.7220136739704703,-3.3171802704418485,0.0,0.0,0.0,-0.21383873618317306,0,0,0,0,0,0,0.013982364315681117,-0.11812741249645163,0.33994467968140285,0.0,0.0,0.0
image_2663.png,surface,0.0,0.0,1.793053947483277,-2.2925183855588207,-3.9189223600154017,0.0,-4.160926390453114,0.9471619181759031,0.0,0.0,0.0,3.9327848666634804,0,0,0,0,0,0,-0.2602165558210551,0.09564148544397892,0.676677183427851,0.0,0.0,0.0
image_2664.png,surface,0.0,0.0,2.584175515761754,-14.301168450049834,-18.656055620036422,0.0,0.18748568770368249,1.1902586948437337,0.0,0.0,0.0,-4.3934573010319555,0,0,0,0,0,0,0.6579244583838157,-0.0915734423939094,3.294074698025989,0.0,0.0,0.0
image_2665.png,surface,0.0,0.0,2.026495082165566,20.58441002588231,7.263410682776375,0.0,0.1552965791222058,-0.1850755808054896,0.0,0.0,0.0,3.341232377871936,0,0,0,0,0,0,-0.04298350003264644,0.26940638695623137,2.3266436751469115,0.0,0.0,0.0
image_2666.png,surface,0.0,0.0,0.5306370071241091,-7.014274797076142,3.2406128477609726,0.0,2.967450317290028,-3.566697125336709,0.0,0.0,0.0,0.8883200107593403,0,0,0,0,0,0,0.06899868758227946,-0.058066359266886254,0.13541046561251815,0.0,0.0,0.0
image_2667.png,surface,0.0,0.0,1.133910231742527,-1.0100809073337524,-18.612129041119935,0.0,-0.29871551903010135,-3.599259579633837,0.0,0.0,0.0,1.3662561470398957,0,0,0,0,0,0,0.11897451119026164,-0.3245845300437178,0.7335249936135112,0.0,0.0,0.0
image_2668.png,surface,0.0,0.0,2.210869130743215,-19.59606955192055,0.34388149893213626,0.0,-2.401402856117504,3.602186040407722,0.0,0.0,0.0,-3.80706385664869,0,0,0,0,0,0,-0.30369695293659343,0.37865835518025714,1.232596872035796,0.0,0.0,0.0
image_2669.png,surface,0.0,0.0,2.028972764922732,12.83164555107682,-13.619550952751533,0.0,0.2713225006610387,-3.221655654451062,0.0,0.0,0.0,1.7743092396033582,0,0,0,0,0,0,0.370328340633916,-0.6612316100131641,1.6503181898141266,0.0,0.0,0.0
image_2670.png,surface,0.0,0.0,2.7412065630463234,-3.754334805723083,6.946644482768443,0.0,0.6706614361305344,-2.6854819411794764,0.0,0.0,0.0,-4.39161526476318,0,0,0,0,0,0,0.3211682500624733,-0.9805021998313848,2.284841844418828,0.0,0.0,0.0
image_2671.png,surface,0.0,0.0,2.8137951379744917,-14.886938922961125,-10.788879058863417,0.0,-1.0790938830646417,-4.707468758485634,0.0,0.0,0.0,-3.232327268279721,0,0,0,0,0,0,0.47187340667312044,-1.8903359163146345,4.932994520054243,0.0,0.0,0.0
image_2672.png,surface,0.0,0.0,2.500788918327533,11.133563497007819,3.0832312570253246,0.0,0.420511711872943,-1.0958603348311053,0.0,0.0,0.0,2.6143755425472603,0,0,0,0,0,0,0.18570025606718377,-0.17977729924518568,1.9289635662780116,0.0,0.0,0.0
image_2673.png,surface,0.0,0.0,0.9590974937285461,14.878378478808983,-15.937995101207106,0.0,4.560281929836779,-1.153877693308553,0.0,0.0,0.0,1.6626463987414963,0,0,0,0,0,0,0.34211097826362546,-0.1412803350064764,0.8787863553936007,0.0,0.0,0.0
image_2674.png,surface,0.0,0.0,1.4299902218902953,5.58911132885712,-7.994300925122552,0.0,-1.174211021642524,-3.716682185786616,0.0,0.0,0.0,0.9955602225565485,0,0,0,0,0,0,0.017561849580495503,-0.2740690627491185,0.5808723893275479,0.0,0.0,0.0
image_2675.png,surface,0.0,0.0,2.9117140267669814,-4.079374478316106,1.513925320430223,0.0,1.865516857363824,3.988284803804066,0.0,0.0,0.0,1.3126680870519483,0,0,0,0,0,0,0.2707449907963892,0.7229790291165404,2.221469197193242,0.0,0.0,0.0
image_2676.png,surface,0.0,0.0,1.7095647563269507,-14.615042496164019,17.802344404494676,0.0,0.26131410942924876,-3.8368192684712206,0.0,0.0,0.0,3.0393994431431377,0,0,0,0,0,0,0.16049471399411586,-0.42919269970478713,1.0606645131287709,0.0,0.0,0.0
image_2677.png,surface,0.0,0.0,1.3349968069300577,1.2256756599030922,14.407667280555522,0.0,0.13057438357636722,4.99468451273821,0.0,0.0,0.0,4.739625737675093,0,0,0,0,0,0,-0.0024540476145888945,0.17958223453590166,0.48778069481776826,0.0,0.0,0.0
image_2678.png,surface,0.0,0.0,2.9049936040163886,-16.151179884232736,-12.274521176745763,0.0,0.6174213377625006,3.02905585388021,0.0,0.0,0.0,4.093323779143423,0,0,0,0,0,0,0.4642426502454934,0.9359141827350302,2.749313329297757,0.0,0.0,0.0
image_2679.png,surface,0.0,0.0,2.248798056572012,-1.5775508087645023,-16.675280592611895,0.0,-3.895847099154784,-0.07449097953422065,0.0,0.0,0.0,-3.604375476768312,0,0,0,0,0,0,-0.6043432773811285,0.043209979311411795,1.4299140178935084,0.0,0.0,0.0
image_2680.png,surface,0.0,0.0,2.2411063336397445,-3.1459281378635398,-2.9802675327597967,0.0,-0.7989059616165006,1.231954267025244,0.0,0.0,0.0,4.198752346563744,0,0,0,0,0,0,-0.23571412692500446,0.41725599797859747,1.0446628080541218,0.0,0.0,0.0
image_2681.png,surface,0.0,0.0,1.5309114315509218,12.57513650909575,-14.244679302292333,0.0,0.6742388416900701,3.155226099533369,0.0,0.0,0.0,-4.975511055267514,0,0,0,0,0,0,0.1537420880927633,0.5040503549950465,1.4039955430398294,0.0,0.0,0.0
image_2682.png,surface,0.0,0.0,0.7337814927705153,-10.974645356472305,-2.8033635632553406,0.0,3.4552202714883444,0.0898698067827945,0.0,0.0,0.0,-4.463528737928,0,0,0,0,0,0,0.13385402965713666,-0.0419735207509498,0.2268385723075312,0.0,0.0,0.0
image_2683.png,surface,0.0,0.0,2.958738780946444,-0.5064550074951804,-9.821161961146537,0.0,2.0907374844525446,3.3651824366813514,0.0,0.0,0.0,-3.58889747337657,0,0,0,0,0,0,0.9146977380944784,0.9218726698715651,3.492740578165737,0.0,0.0,0.0
image_2684.png,surface,0.0,0.0,0.712002199115503,-6.295032043970002,-15.355931040397785,0.0,-1.7437862744195454,-1.4716488723377024,0.0,0.0,0.0,3.110000770498111,0,0,0,0,0,0,-0.0873663779143561,-0.09553766067936,0.3028008948346647,0.0,0.0,0.0
image_2685.png,surface,0.0,0.0,2.1649220452744533,-1.1144160014123727,-10.008263791539918,0.0,2.3596551431627257,1.6616984730770514,0.0,0.0,0.0,-4.8792576530440215,0,0,0,0,0,0,0.5946427505622829,0.1937716190338241,1.550697192256863,0.0,0.0,0.0
image_2686.png,surface,0.0,0.0,0.6277731973392937,-8.28585775940199,-6.623656272536168,0.0,-0.4079568047853037,-4.843949763185148,0.0,0.0,0.0,-2.182834414480135,0,0,0,0,0,0,0.041595536358534815,-0.09945468588998378,0.19523710283830925,0.0,0.0,0.0
image_2687.png,surface,0.0,0.0,0.535807368537462,-0.8890731433502066,15.491855201202984,0.0,-2.178723507804564,-2.973237758853667,0.0,0.0,0.0,2.2452532281845574,0,0,0,0,0,0,-0.0023703436649440152,-0.084651791419313,0.20626144249132985,0.0,0.0,0.0
image_2688.png,surface,0.0,0.0,0.5248459630754976,1.9966347783099336,-7.673960113507237,0.0,-3.6116977139434416,-3.2231727645995116,0.0,0.0,0.0,-1.4776663924783517,0,0,0,0,0,0,-0.04135355584956126,-0.07350006783774182,0.20238718093613622,0.0,0.0,0.0
image_2689.png,surface,0.0,0.0,2.856086236917819,4.413535927953159,9.240494111985273,0.0,1.466691923299086,3.224522514031366,0.0,0.0,0.0,-4.580165381813078,0,0,0,0,0,0,0.3125436994690621,0.8633312336514224,2.445497534245895,0.0,0.0,0.0
image_2690.png,surface,0.0,0.0,1.655405030168013,7.265456324193268,11.62584877737448,0.0,-2.308200135653964,-1.2794230455052873,0.0,0.0,0.0,3.047061471821559,0,0,0,0,0,0,-0.3189462906718996,-0.15508902870079602,0.9027286219035633,0.0,0.0,0.0
image_2691.png,surface,0.0,0.0,2.005074306303718,-6.161058122952447,16.38129883014741,0.0,-2.4782987088847452,-2.612036584566853,0.0,0.0,0.0,-0.4830476825796248,0,0,0,0,0,0,-0.34707081775258414,-0.46069565025416614,1.5429397371313633,0.0,0.0,0.0
image_2692.png,surface,0.0,0.0,0.8533018430235557,2.127469450269068,14.746586008010139,0.0,3.2382277424214436,-2.8938349146081874,0.0,0.0,0.0,-1.9561699061792117,0,0,0,0,0,0,0.1385749324171087,-0.1050706617943722,0.2727044699119562,0.0,0.0,0.0
image_2693.png,surface,0.0,0.0,1.7193321742355625,4.376919089761277,18.336692559855514,0.0,-1.8930780306074764,2.4789879336710596,0.0,0.0,0.0,1.8269948319600395,0,0,0,0,0,0,-0.2614827682956832,0.2873869484652395,1.1158643665261117,0.0,0.0,0.0
image_2694.png,surface,0.0,0.0,1.7970084596669276,-1.0186782695609282,7.8452328924119135,0.0,-3.5125217423402058,-2.089481668453676,0.0,0.0,0.0,3.2420906657558763,0,0,0,0,0,0,-0.27341742962505167,-0.1404198479421344,0.7896895046430384,0.0,0.0,0.0
image_2695.png,surface,0.0,0.0,0.8816086074207423,0.8601579345451956,6.708292346709892,0.0,-4.694734888926587,0.3479555032406153,0.0,0.0,0.0,-0.018478238192557228,0,0,0,0,0,0,-0.04218298589604255,-0.021682071677922975,0.21950985390744754,0.0,0.0,0.0
image_2696.png,surface,0.0,0.0,1.64506672958136,7.228599478035358,-0.8025112494732726,0.0,-1.0106937805387388,4.699608795729801,0.0,0.0,0.0,-0.06401768019329346,0,0,0,0,0,0,-0.08025306408453373,0.23697530593525917,0.7669485941657525,0.0,0.0,0.0
image_2697.png,surface,0.0,0.0,2.7162952432436605,4.582186839334835,-2.487682496736465,0.0,0.2811625025898189,-1.2249683839611587,0.0,0.0,0.0,4.759080033993861,0,0,0,0,0,0,0.250255785813313,-0.3056726918581275,2.192596458340992,0.0,0.0,0.0
image_2698.png,surface,0.0,0.0,1.937994715061301,-7.135045484380863,-13.524164336577215,0.0,2.5578231334856247,-2.4948348575228416,0.0,0.0,0.0,-2.5568576890757058,0,0,0,0,0,0,0.6155702598634996,-0.5063061839717676,1.699951164792393,0.0,0.0,0.0
image_2699.png,surface,0.0,0.0,0.9648833688846297,-6.59402288350421,-10.145831387245318,0.0,3.7683402630737897,3.250871266193297,0.0,0.0,0.0,4.976618038902231,0,0,0,0,0,0,0.1540251596315625,0.0619692265550621,0.32224142572775755,0.0,0.0,0.0
image_2700.png,surface,0.0,0.0,2.8883034891326167,15.150174250343998,7.947219551118675,0.0,2.8799999181622797,2.0009137994004282,0.0,0.0,0.0,-2.790432131596605,0,0,0,0,0,0,1.091723982143461,0.9830600644869963,4.002910485365725,0.0,0.0,0.0
image_2701.png,surface,0.0,0.0,2.732118359370227,-6.972887546276264,12.30892009945767,0.0,0.20905237141587055,-0.6714455310975374,0.0,0.0,0.0,-3.6141426858522516,0,0,0,0,0,0,-0.042860226943169405,-0.5106951399306591,2.2071690409975866,0.0,0.0,0.0
image_2702.png,surface,0.0,0.0,2.817516961872451,-22.484061803716084,6.80254106448506,0.0,1.627945003885476,-3.837280744707504,0.0,0.0,0.0,4.739208970290367,0,0,0,0,0,0,0.7070510673754006,-1.358735817338201,3.6949234392561654,0.0,0.0,0.0
image_2703.png,surface,0.0,0.0,2.452292849052018,-9.13017651257149,5.903549231936627,0.0,-3.3318943445648856,-3.304727222067108,0.0,0.0,0.0,-3.675312276954772,0,0,0,0,0,0,-0.5107805243580601,-0.6996090184623117,2.0055600618781564,0.0,0.0,0.0
image_2704.png,surface,0.0,0.0,1.9033991534437493,6.295746317104745,8.589847037668175,0.0,1.7946620824400468,-1.1921474448394855,0.0,0.0,0.0,2.0812290133695823,0,0,0,0,0,0,0.3694684727875639,-0.21380035999031521,0.8397579153580533,0.0,0.0,0.0
image_2705.png,surface,0.0,0.0,2.439419739873255,7.4551072394568845,2.3043855111884004,0.0,4.30484971930833,0.08128862599592078,0.0,0.0,0.0,3.586207236375218,0,0,0,0,0,0,0.7121646177537072,-0.09279574303192328,1.619529533720173,0.0,0.0,0.0
image_2706.png,surface,0.0,0.0,2.0485340812721584,19.52500104770685,-0.44248643820773753,0.0,1.2164775167333577,0.9227932045954917,0.0,0.0,0.0,-0.28202305833862873,0,0,0,0,0,0,0.6435882546446359,0.7331837449965873,2.8511427675916696,0.0,0.0,0.0
image_2707.png,surface,0.0,0.0,0.5142361388644783,-5.3327448800589305,-6.350342741748577,0.0,-3.795546292257126,0.31422694403095375,0.0,0.0,0.0,-3.5819084595554473,0,0,0,0,0,0,-0.03278988085589191,0.0016800734638338373,0.1409572469975907,0.0,0.0,0.0
image_2708.png,surface,0.0,0.0,0.790705313662718,-6.762236999391366,0.9905897697410407,0.0,3.1132193893855207,-3.2593344565177924,0.0,0.0,0.0,-4.380137006215491,0,0,0,0,0,0,0.10607801538497373,-0.07269621246319208,0.2034389257156732,0.0,0.0,0.0
image_2709.png,surface,0.0,0.0,0.7738641134391187,-24.122836587022555,2.3008693582562283,0.0,-3.7887591982118263,-1.1000186845091784,0.0,0.0,0.0,-2.3034534662164763,0,0,0,0,0,0,-0.10066160889795231,-0.02501232965820037,0.3994631623858011,0.0,0.0,0.0
image_2710.png,surface,0.0,0.0,1.8846579536644494,-5.692049566460362,3.4855582656285344,0.0,0.06289547168411365,3.297256536890089,0.0,0.0,0.0,-0.8119781027424118,0,0,0,0,0,0,-0.012662885691278852,0.2384430105623721,0.7032722584263276,0.0,0.0,0.0
image_2711.png,surface,0.0,0.0,2.239337570434135,13.572360707681327,-3.509354123301583,0.0,4.016842301178132,0.8218545819086742,0.0,0.0,0.0,-0.3085808437068449,0,0,0,0,0,0,0.8118331934308716,0.060647820459911864,2.2449581639362264,0.0,0.0,0.0
image_2712.png,surface,0.0,0.0,2.84838138206519,-15.33064867327994,3.9556967504193414,0.0,-1.2018273466794245,3.4452300170966876,0.0,0.0,0.0,1.1219584126395565,0,0,0,0,0,0,-0.30271076822077714,0.6328874492721918,1.9932763080942248,0.0,0.0,0.0
image_2713.png,surface,0.0,0.0,2.753069059712962,-5.962899588850754,-19.037606403590612,0.0,1.3949619802461903,-4.560935772882722,0.0,0.0,0.0,-0.6911966680854666,0,0,0,0,0,0,1.3956651984240185,-1.4776340500568235,5.016680802650203,0.0,0.0,0.0
image_2714.png,surface,0.0,0.0,1.994586071681988,-7.575458439193978,18.444288367041572,0.0,-2.3198309041883602,2.1027010129123003,0.0,0.0,0.0,-1.4968377260824282,0,0,0,0,0,0,-0.34859575152611444,0.2668579609155844,1.271826282411382,0.0,0.0,0.0
image_2715.png,surface,0.0,0.0,1.9280340084047882,3.9656626864865197,-1.183949603155041,0.0,-2.295148537893006,3.956750571216272,0.0,0.0,0.0,2.234827681901553,0,0,0,0,0,0,-0.18091086825750224,0.27804271964953453,0.8934214621559865,0.0,0.0,0.0
image_2716.png,surface,0.0,0.0,0.6707867187787531,-7.444145626259779,5.73586363315743,0.0,2.4348851515071197,-0.7430943825487019,0.0,0.0,0.0,3.891564281382644,0,0,0,0,0,0,0.10975490160937487,-0.05287512103593904,0.16311757649254277,0.0,0.0,0.0
image_2717.png,surface,0.0,0.0,2.4280288979570033,12.860162006180941,20.708167044875026,0.0,-3.855410733145144,-0.5658774358254592,0.0,0.0,0.0,-3.3797402267550436,0,0,0,0,0,0,-1.9281851603948519,0.16756845078749444,4.91219408986022,0.0,0.0,0.0
image_2718.png,surface,0.0,0.0,1.1648974728681285,-14.559855084727506,6.468374070546227,0.0,-1.6830981417723387,1.2662359169689477,0.0,0.0,0.0,-4.843043445648122,0,0,0,0,0,0,-0.11403902194119994,0.10418815129511128,0.3800784565871641,0.0,0.0,0.0
image_2719.png,surface,0.0,0.0,2.7947908962161803,8.073229666554239,12.971280768312274,0.0,-2.7643210972900882,2.904061901357497,0.0,0.0,0.0,0.470825693338921,0,0,0,0,0,0,-1.3324337129722723,1.3429544531161213,4.484395226030828,0.0,0.0,0.0
image_2720.png,surface,0.0,0.0,1.05301390808404,1.340231674917114,2.8036128711231796,0.0,-0.5439443056582743,-3.1975622749457835,0.0,0.0,0.0,-1.5906009159678747,0,0,0,0,0,0,0.03553232662425734,-0.1485323375048602,0.2827239578647824,0.0,0.0,0.0
image_2721.png,surface,0.0,0.0,2.2408060216422823,3.4503817673953727,3.895118583004221,0.0,2.010859244946234,-0.5338524866740821,0.0,0.0,0.0,3.925744227736038,0,0,0,0,0,0,0.5435087686692135,-0.15198057817220464,1.1312051024824117,0.0,0.0,0.0
image_2722.png,surface,0.0,0.0,0.780733840541687,7.1597305774338205,0.2566200753002412,0.0,2.1712785792560267,3.496673481416123,0.0,0.0,0.0,-2.82831348606884,0,0,0,0,0,0,0.08064114603288736,0.07258294908360784,0.2266599320052747,0.0,0.0,0.0
image_2723.png,surface,0.0,0.0,1.734706164282338,-16.699396622497318,-9.727141839482215,0.0,0.8507772213030645,-1.3441795351402939,0.0,0.0,0.0,-1.8558366463670883,0,0,0,0,0,0,0.35295444446762314,-0.5103113029220676,1.3678610759008416,0.0,0.0,0.0
image_2724.png,surface,0.0,0.0,0.872452241919376,-10.701487390214076,-8.980654831661512,0.0,0.8392171219879152,4.923852816559507,0.0,0.0,0.0,2.7089836954828996,0,0,0,0,0,0,0.03516707302580693,0.12512457239077088,0.29076723747389355,0.0,0.0,0.0
image_2725.png,surface,0.0,0.0,2.606713576393478,-0.3395671770718823,-0.6635080264555236,0.0,-3.427717423506412,2.041146760121709,0.0,0.0,0.0,-3.26026231041195,0,0,0,0,0,0,-0.5411574486291891,0.3316918071126328,1.588948546977593,0.0,0.0,0.0
image_2726.png,surface,0.0,0.0,2.035017757760276,-7.60575297306706,-8.023502924385982,0.0,3.93999156144252,0.19147080101500588,0.0,0.0,0.0,2.4008276679667206,0,0,0,0,0,0,0.5156429628874324,-0.0862878180133086,1.2197660323262047,0.0,0.0,0.0
image_2727.png,surface,0.0,0.0,2.943100837250359,-12.91923042878097,18.245084407192355,0.0,1.0698154430582187,2.7032566915004983,0.0,0.0,0.0,-2.1029614599077417,0,0,0,0,0,0,0.14340084558663496,0.7751273768001462,2.3256388234467176,0.0,0.0,0.0
image_2728.png,surface,0.0,0.0,0.8525613189176882,7.7561356330711035,-10.452135847052125,0.0,-1.3863914279575806,-0.062083337048945454,0.0,0.0,0.0,3.259549830533455,0,0,0,0,0,0,-0.1395611171329247,0.01750863076074025,0.33771837491452816,0.0,0.0,0.0
image_2729.png,surface,0.0,0.0,2.640252751891876,20.781221494724438,-3.9424941639151023,0.0,-2.1579462241461247,-1.0438591728520985,0.0,0.0,0.0,3.605160986420179,0,0,0,0,0,0,-0.7867630995672296,0.17001777137100493,3.337524485542389,0.0,0.0,0.0
image_2730.png,surface,0.0,0.0,2.3357753743367735,-13.131712475984411,1.5834672787646566,0.0,2.6962364017685045,3.756834824489567,0.0,0.0,0.0,3.8541892935409656,0,0,0,0,0,0,0.27723128594887164,0.3868384881502349,1.1633603568886306,0.0,0.0,0.0
image_2731.png,surface,0.0,0.0,1.4680321351611068,-17.484948590503393,6.341934292751597,0.0,-3.3730907079500554,-0.9882704777798773,0.0,0.0,0.0,-0.06553821289185713,0,0,0,0,0,0,-0.22319049416813477,-0.05084581881838691,0.6787538769415861,0.0,0.0,0.0
image_2732.png,surface,0.0,0.0,0.5447555454835773,9.974441523904574,2.6570437779366656,0.0,-2.6694333570760085,-3.73188672377931,0.0,0.0,0.0,1.8483118764243098,0,0,0,0,0,0,0.004074860457712796,-0.08695481347086052,0.19950660606224604,0.0,0.0,0.0
image_2733.png,surface,0.0,0.0,2.3399211774433057,4.994185830585746,15.097295948445407,0.0,-2.443133545384524,-1.0806785343216134,0.0,0.0,0.0,-0.22920397906941137,0,0,0,0,0,0,-0.7786636010215913,-0.16911166433433059,2.3563202953593168,0.0,0.0,0.0
image_2734.png,surface,0.0,0.0,0.7453698354735436,-2.5718017932572237,-12.213435416680383,0.0,-1.3056414969033072,1.4215969532841453,0.0,0.0,0.0,1.138025576186969,0,0,0,0,0,0,-0.059745596421534736,0.05950732115159766,0.26864040303561443,0.0,0.0,0.0
image_2735.png,surface,0.0,0.0,2.522358434878035,9.10409864058068,-14.64576096360837,0.0,-0.07440581503203049,-0.21146493478757655,0.0,0.0,0.0,-0.8390744635092169,0,0,0,0,0,0,0.7382345933431073,0.08947492366661129,3.41611728652025,0.0,0.0,0.0
image_2736.png,surface,0.0,0.0,2.496235084707581,9.371450884684585,14.571760964957827,0.0,-2.572959607113611,-4.235833030975867,0.0,0.0,0.0,-0.506188524080871,0,0,0,0,0,0,-0.4030185376952308,-0.7974402625782547,2.201573133529393,0.0,0.0,0.0
image_2737.png,surface,0.0,0.0,1.039318008831592,-19.394029036273746,-0.6491428186223215,0.0,-4.637784039859275,1.337801157284234,0.0,0.0,0.0,-0.8438232187221164,0,0,0,0,0,0,-0.12983624007418157,0.03553638534457523,0.421036211887084,0.0,0.0,0.0
image_2738.png,surface,0.0,0.0,2.914771600574917,23.77249155866307,1.1150335664674478,0.0,-2.295963239512246,3.1606097211897715,0.0,0.0,0.0,3.3966553913862487,0,0,0,0,0,0,-0.8366476097755996,2.7609584800267966,9.17116646797891,0.0,0.0,0.0
image_2739.png,surface,0.0,0.0,2.4822547971174944,8.409840971051425,-9.4308210094203,0.0,1.7293462330909033,-2.1137325779235234,0.0,0.0,0.0,-0.4235849511146874,0,0,0,0,0,0,1.0270588763177964,-0.5555521575535263,2.635226933265251,0.0,0.0,0.0
image_2740.png,surface,0.0,0.0,2.011474919376637,-9.001303699139552,18.856600355713873,0.0,2.6065533331155994,0.9904814143518074,0.0,0.0,0.0,3.2007662244210646,0,0,0,0,0,0,0.4599691831436231,0.08374883058762707,0.9942170197005888,0.0,0.0,0.0
image_2741.png,surface,0.0,0.0,2.337378348952055,9.694963761997485,-15.23647919027593,0.0,-3.256112507807193,-3.0616624614731536,0.0,0.0,0.0,-0.19130517401477665,0,0,0,0,0,0,-0.4671935949429737,-0.4578624926620644,1.7984534274567727,0.0,0.0,0.0
image_2742.png,surface,0.0,0.0,1.670784311420391,8.992019516825408,-9.465485356368484,0.0,4.0036321482365915,0.009818243754153546,0.0,0.0,0.0,2.276536652862392,0,0,0,0,0,0,0.4651390434516903,-0.07787801207917401,1.1200311515762518,0.0,0.0,0.0
image_2743.png,surface,0.0,0.0,0.7321175877688404,-6.123950343952414,19.169503743325432,0.0,3.348632638778375,-0.9882904308841336,0.0,0.0,0.0,4.17634650854419,0,0,0,0,0,0,0.1520482245299494,-0.06197866517002739,0.28568268787091017,0.0,0.0,0.0
image_2744.png,surface,0.0,0.0,2.09232563461187,-12.558937763132123,3.334929229026945,0.0,-0.11868334169516001,-4.7029046548268525,0.0,0.0,0.0,2.954486697427524,0,0,0,0,0,0,0.14083037338754012,-0.522210250188397,1.3162652906015313,0.0,0.0,0.0
image_2745.png,surface,0.0,0.0,1.5405713287179004,12.342571095069468,-20.738889773020322,0.0,0.6739738322098439,2.7903218323218106,0.0,0.0,0.0,2.275322689032392,0,0,0,0,0,0,0.15431584062032913,0.6549329076262809,1.9859319586676938,0.0,0.0,0.0
image_2746.png,surface,0.0,0.0,2.947144764614546,15.775687162721342,-6.3977546531180645,0.0,1.2308232947836837,-1.1733025025833277,0.0,0.0,0.0,-0.8193793325005654,0,0,0,0,0,0,1.2048825907233964,0.16822443452758676,4.866564890656288,0.0,0.0,0.0
image_2747.png,surface,0.0,0.0,0.6583625628223408,-1.2977336207978853,-15.32401230517227,0.0,-1.3379738585167948,1.7413377537690085,0.0,0.0,0.0,3.9808833573995095,0,0,0,0,0,0,-0.06148816046414212,0.07511249789432393,0.26583575029018325,0.0,0.0,0.0
image_2748.png,surface,0.0,0.0,0.9012799484942977,6.726356356989659,3.82648529729591,0.0,-3.0835733468862765,1.6594810624481038,0.0,0.0,0.0,-1.005479272362002,0,0,0,0,0,0,-0.07418072301029507,0.03473095686753129,0.2873552077007891,0.0,0.0,0.0
image_2749.png,surface,0.0,0.0,2.7508742330809675,9.064834815710165,5.145614034147475,0.0,-2.3706788280477022,3.0078964752471924,0.0,0.0,0.0,2.3703233852501935,0,0,0,0,0,0,-0.8397979220622339,1.077257441841276,3.2255840061407404,0.0,0.0,0.0
image_2750.png,surface,0.0,0.0,1.717481421469585,8.588136962851236,2.6134637021732554,0.0,2.7752173562378535,-3.166168678212791,0.0,0.0,0.0,-3.3811130441895876,0,0,0,0,0,0,0.2840417436699791,-0.2619310039036671,0.7773320617344268,0.0,0.0,0.0
image_2751.png,surface,0.0,0.0,0.9828386272912993,-9.584215293668958,-11.07873090768933,0.0,3.7572641983551653,-2.9317642898837044,0.0,0.0,0.0,2.882930511246692,0,0,0,0,0,0,0.1833048012173463,-0.14476003772370521,0.4377681091972082,0.0,0.0,0.0
image_2752.png,surface,0.0,0.0,1.2816671605369412,4.657807963896566,8.723510998783992,0.0,-2.8752657562324764,1.1472120159217234,0.0,0.0,0.0,2.5254331018920837,0,0,0,0,0,0,-0.12426612269781234,0.07132761329321512,0.44174285592242113,0.0,0.0,0.0
image_2753.png,surface,0.0,0.0,0.690749865801279,22.060961725124677,8.271371203781705,0.0,3.4651138250358944,2.464780598980955,0.0,0.0,0.0,4.44481387476851,0,0,0,0,0,0,0.23326388403539938,0.09280203544190026,0.6001744739863909,0.0,0.0,0.0
image_2754.png,surface,0.0,0.0,2.084777802029294,1.561450633351842,-22.29641158848556,0.0,2.614635447424135,2.2641217399840836,0.0,0.0,0.0,2.836623047349315,0,0,0,0,0,0,1.0024818748120627,0.424765989286034,3.130257074848975,0.0,0.0,0.0
image_2755.png,surface,0.0,0.0,2.800201362358387,3.274812207848865,-11.271034602044514,0.0,4.798847372139887,-0.9846034970936889,0.0,0.0,0.0,1.201846053204319,0,0,0,0,0,0,1.619055821126305,-0.4082389744816913,4.2526094338526725,0.0,0.0,0.0
image_2756.png,surface,0.0,0.0,1.9254950617265851,6.177354414074131,22.12961098340067,0.0,-2.1857643816039034,-0.31732228707090526,0.0,0.0,0.0,0.5275211582016794,0,0,0,0,0,0,-0.6497199494286227,0.002718321110023287,2.0230042873935297,0.0,0.0,0.0
image_2757.png,surface,0.0,0.0,2.1049546501020773,-20.030834041664352,8.058859238989454,0.0,-3.5440334409584437,-2.81143977398386,0.0,0.0,0.0,-4.35743938433688,0,0,0,0,0,0,-0.4551128321742252,-0.487004216367609,1.7604432371440895,0.0,0.0,0.0
image_2758.png,surface,0.0,0.0,1.232010921816766,-22.49055234257811,6.906960964345299,0.0,-0.21792641448703676,2.030517222586563,0.0,0.0,0.0,-0.7413503644118702,0,0,0,0,0,0,-0.03496161787667851,0.18599262719987442,0.5470915081707927,0.0,0.0,0.0
image_2759.png,surface,0.0,0.0,2.2710474987292164,-3.636438513812586,-12.876996158224925,0.0,-3.324619419915627,-1.503415339544726,0.0,0.0,0.0,-0.11095706384634774,0,0,0,0,0,0,-0.47598707532566864,-0.14923708742227373,1.4348712862811324,0.0,0.0,0.0
image_2760.png,surface,0.0,0.0,2.787923808075126,5.992574867848088,-0.6729512428422886,0.0,-3.678068620576714,3.2792870820739513,0.0,0.0,0.0,2.0278518279647963,0,0,0,0,0,0,-0.7301305291274882,0.7407550873012986,2.490836442958662,0.0,0.0,0.0
image_2761.png,surface,0.0,0.0,0.6159297366156928,2.1754044338975436,10.412010645455313,0.0,2.6554283801498975,-1.5296130960045562,0.0,0.0,0.0,-2.264746280941857,0,0,0,0,0,0,0.10751467953887893,-0.08723167950984444,0.17917733966542604,0.0,0.0,0.0
image_2762.png,surface,0.0,0.0,1.0432020996719447,-15.864145140979709,1.3695537780700715,0.0,-4.198757748294034,-1.4339987669696466,0.0,0.0,0.0,1.490938494663662,0,0,0,0,0,0,-0.11111699315359627,-0.051443597766192936,0.37879894542224957,0.0,0.0,0.0
image_2763.png,surface,0.0,0.0,2.8415721869239876,-8.723473516106163,-22.859740239446587,0.0,0.07066593072014966,2.897526887717051,0.0,0.0,0.0,-4.883822567981734,0,0,0,0,0,0,0.7916985888162916,0.9992944822274142,4.085156480524741,0.0,0.0,0.0
image_2764.png,surface,0.0,0.0,2.5124329850089873,-21.181588780863486,-2.600308480760731,0.0,-1.699444510620376,-3.9199377021882733,0.0,0.0,0.0,-1.332707593337422,0,0,0,0,0,0,0.0040292037579064965,-1.2184182210581909,3.3532091040805314,0.0,0.0,0.0
image_2765.png,surface,0.0,0.0,0.6756431228485911,0.45139533146421434,2.370621504540665,0.0,-0.23631940237776877,4.446748976982415,0.0,0.0,0.0,-2.0897961203001403,0,0,0,0,0,0,0.017847964899281695,0.05411157959640105,0.18061986010614933,0.0,0.0,0.0
image_2766.png,surface,0.0,0.0,1.0823300806483465,13.265338656428664,-5.52451061204475,0.0,4.932457199352117,0.3641492440201531,0.0,0.0,0.0,0.03114592353555956,0,0,0,0,0,0,0.26114338682712324,-0.0669952890241155,0.6029478646789276,0.0,0.0,0.0
image_2767.png,surface,0.0,0.0,1.4129849394680154,0.5609942894905349,9.615755051015583,0.0,-4.230377254921261,0.4594180795943455,0.0,0.0,0.0,0.9715826347159187,0,0,0,0,0,0,-0.13618252134725808,0.00323744493311801,0.49376067893581355,0.0,0.0,0.0
image_2768.png,surface,0.0,0.0,1.2982270775367888,11.509719262503552,-1.8862505955123456,0.0,3.8619821951010955,1.4902902492143049,0.0,0.0,0.0,3.9705567164586704,0,0,0,0,0,0,0.2806585822143317,0.029382408387161416,0.5980508873933138,0.0,0.0,0.0
image_2769.png,surface,0.0,0.0,0.6281695472224822,2.5867056304390257,-18.005694178207623,0.0,4.616814438681735,0.4231012901496866,0.0,0.0,0.0,4.562001314103988,0,0,0,0,0,0,0.21009310888369934,-0.049524412723236745,0.44301566807600073,0.0,0.0,0.0
image_2770.png,surface,0.0,0.0,0.9267916197780103,-8.042549800892166,-2.5720205414578845,0.0,2.7859592446805785,1.119125406386504,0.0,0.0,0.0,-2.917665527403309,0,0,0,0,0,0,0.15976877246719567,0.00413411335482708,0.26060158943406014,0.0,0.0,0.0
image_2771.png,surface,0.0,0.0,1.205924750923497,-16.57704112313682,-11.134657930025133,0.0,-2.5749945091704447,3.35254140856071,0.0,0.0,0.0,2.6524881647925858,0,0,0,0,0,0,-0.11294630492583567,0.16404627430292146,0.5545765368353519,0.0,0.0,0.0
image_2772.png,surface,0.0,0.0,0.8828341211024755,1.2740238274685731,-0.6614194351269114,0.0,-4.026035916055886,1.2199897656328884,0.0,0.0,0.0,-3.854041998530805,0,0,0,0,0,0,-0.07083560880448643,0.037924354930810956,0.24769929360356532,0.0,0.0,0.0
image_2773.png,surface,0.0,0.0,2.5686292560818735,2.6884721547400368,-20.676684199944543,0.0,3.0737151677199326,2.0652700523577816,0.0,0.0,0.0,-4.422989177446776,0,0,0,0,0,0,1.7634557874936996,0.34352311097171,5.17372349236413,0.0,0.0,0.0
image_2774.png,surface,0.0,0.0,1.801031077671402,13.894388173127963,17.158367968196508,0.0,-2.069391246773304,-3.3976609871474794,0.0,0.0,0.0,3.0752949271417283,0,0,0,0,0,0,-0.22233671388175674,-0.46335419346940887,1.4137024104637061,0.0,0.0,0.0
image_2775.png,surface,0.0,0.0,1.0536183070223568,11.72117997811622,18.052778416910957,0.0,1.1722395325081711,-4.101855747885484,0.0,0.0,0.0,3.3561305983287166,0,0,0,0,0,0,0.12487335680523627,-0.20733805494403307,0.5349930937004536,0.0,0.0,0.0
image_2776.png,surface,0.0,0.0,2.6193117771091967,0.2041594054564359,-2.518116014170437,0.0,-4.640268876855349,0.736867491548121,0.0,0.0,0.0,2.2159699035885723,0,0,0,0,0,0,-0.6235586604396092,0.13079560688245712,1.6786483087482724,0.0,0.0,0.0
image_2777.png,surface,0.0,0.0,2.401666651096728,24.130630636174544,3.744687750635212,0.0,4.2090719925456215,2.3943953392319846,0.0,0.0,0.0,-4.0540416814761695,0,0,0,0,0,0,1.1751722542694398,0.8112772721174697,3.9184091563907173,0.0,0.0,0.0
image_2778.png,surface,0.0,0.0,1.4656934230450476,14.962421087021415,20.12836241112158,0.0,-2.2114547758883987,-2.9296022631601626,0.0,0.0,0.0,4.512083217037388,0,0,0,0,0,0,-0.22243563673133707,-0.351394915852819,1.1332148058828009,0.0,0.0,0.0
image_2779.png,surface,0.0,0.0,2.6030230107474255,-21.78780117123113,-10.023875605020171,0.0,2.831804812819067,2.9950341123551043,0.0,0.0,0.0,-3.854228985621045,0,0,0,0,0,0,0.8606402055238125,0.45990752590455836,2.622867257352861,0.0,0.0,0.0
image_2780.png,surface,0.0,0.0,2.0936214292390405,-21.179870608645516,-11.469723209716259,0.0,3.2931959498609915,-1.470370370588288,0.0,0.0,0.0,3.755934919872864,0,0,0,0,0,0,0.9049043759860264,-0.5349995734664575,2.50329660404107,0.0,0.0,0.0
image_2781.png,surface,0.0,0.0,2.0586485457408763,19.827549229077206,14.871935574627319,0.0,1.034757939193444,4.018872610212055,0.0,0.0,0.0,-0.3738794000500967,0,0,0,0,0,0,0.03639980392057717,1.0502032251455693,3.2081531786480384,0.0,0.0,0.0
image_2782.png,surface,0.0,0.0,0.7597953138022226,20.559868669635186,3.756235292474028,0.0,0.08052691041160613,-2.877962163263136,0.0,0.0,0.0,4.792529904099677,0,0,0,0,0,0,0.08669065875722287,-0.22484668570477326,0.44596323306323743,0.0,0.0,0.0
image_2783.png,surface,0.0,0.0,1.5205119262615392,-8.097142963532654,-9.62598009750104,0.0,2.4252251810110073,0.9263692206834137,0.0,0.0,0.0,-1.2119691428540271,0,0,0,0,0,0,0.34986348589073635,0.01333676294605174,0.7234697776002331,0.0,0.0,0.0
image_2784.png,surface,0.0,0.0,0.6785359241609679,-2.846923650925688,-12.510224016762532,0.0,1.153293473608127,2.693905841626862,0.0,0.0,0.0,4.938766129878733,0,0,0,0,0,0,0.07141544889202654,0.09144130178439443,0.25202685492573534,0.0,0.0,0.0
image_2785.png,surface,0.0,0.0,1.502281830771197,3.2535093650170444,-0.7545353840505798,0.0,-1.7125288910467247,1.6655978554362647,0.0,0.0,0.0,-0.18476737167433033,0,0,0,0,0,0,-0.10358363768555585,0.12046504280287217,0.538342599367768,0.0,0.0,0.0
image_2786.png,surface,0.0,0.0,0.6486200522243928,6.402103105637528,-0.5538674114257668,0.0,-1.1147874819268417,-2.757013274050205,0.0,0.0,0.0,-4.662404240119367,0,0,0,0,0,0,0.046130768539294445,-0.11651340933737535,0.20774639000383927,0.0,0.0,0.0
image_2787.png,surface,0.0,0.0,0.9821922404463388,3.1990166674930105,5.0273707510558925,0.0,-0.05361757893112489,2.832400845003845,0.0,0.0,0.0,1.7194560648030048,0,0,0,0,0,0,0.029688269049050277,0.0950625837261037,0.2949563525618145,0.0,0.0,0.0
image_2788.png,surface,0.0,0.0,1.64095253128255,-8.824315989508216,11.263974504087917,0.0,4.590036137228475,0.31226591638922196,0.0,0.0,0.0,4.182360823087901,0,0,0,0,0,0,0.30349149778746504,-0.041435519697924375,0.57704055484414,0.0,0.0,0.0
image_2789.png,surface,0.0,0.0,2.0452052961108076,-18.85928154470487,3.835090663125232,0.0,-3.8718599432152216,-1.0345220184611168,0.0,0.0,0.0,-0.9600806820358478,0,0,0,0,0,0,-0.42299790953046984,-0.11139610692365672,1.336118927193592,0.0,0.0,0.0
image_2790.png,surface,0.0,0.0,0.9524190660845542,22.39201875953166,-7.87271287569005,0.0,0.06820642458480206,-1.1885105336889263,0.0,0.0,0.0,4.822207363202731,0,0,0,0,0,0,0.019438339942534664,-0.13220667981977827,0.801479764591985,0.0,0.0,0.0
image_2791.png,surface,0.0,0.0,0.7059838270687679,-4.5818034740753175,3.198150588385172,0.0,-2.7834400138489506,2.7774061578813956,0.0,0.0,0.0,0.7079065262608868,0,0,0,0,0,0,0.013019007949768107,0.028344160740971933,0.17334919980429903,0.0,0.0,0.0
image_2792.png,surface,0.0,0.0,2.6843016653251595,-10.680484296651624,-6.375864466774779,0.0,-4.57127391557206,0.23909922699213762,0.0,0.0,0.0,4.814565900296394,0,0,0,0,0,0,-0.6808182495566907,0.0928036085443945,1.7723674773197282,0.0,0.0,0.0
image_2793.png,surface,0.0,0.0,0.7086358354646787,-15.600860282687767,3.5650985265037,0.0,0.727598630178128,-0.34257506045783964,0.0,0.0,0.0,3.5624192206175955,0,0,0,0,0,0,0.14885225554350798,-0.06420145899436937,0.23311331292430024,0.0,0.0,0.0
image_2794.png,surface,0.0,0.0,1.9218009975985944,-15.449720659844559,-11.861851556338516,0.0,-3.433349681998361,-0.18335643399173007,0.0,0.0,0.0,0.038005935602770435,0,0,0,0,0,0,-0.39967798915940295,-0.02050067170475893,1.1654370504023643,0.0,0.0,0.0
image_2795.png,surface,0.0,0.0,2.4781310180432117,0.164493791975296,-3.315606646516259,0.0,-2.399697138002789,2.343712692802595,0.0,0.0,0.0,0.6456911011124618,0,0,0,0,0,0,-0.37419089743752926,0.39488490740820315,1.5145002010120865,0.0,0.0,0.0
image_2796.png,surface,0.0,0.0,0.9188516230711031,19.8328033861223,-9.811509722600599,0.0,-3.7819383972874387,3.2319728055578603,0.0,0.0,0.0,3.6302441963896186,0,0,0,0,0,0,-0.24312573119356123,0.19231649922666466,0.8568135982160181,0.0,0.0,0.0
image_2797.png,surface,0.0,0.0,2.1157918744530084,1.5930680472798429,-22.675050396886324,0.0,0.1349930718820966,-4.542461345934552,0.0,0.0,0.0,-2.2563388121757266,0,0,0,0,0,0,0.5324598473160882,-0.9062958089737346,2.4602152621480737,0.0,0.0,0.0
image_2798.png,surface,0.0,0.0,2.326555010654168,1.2639487086003842,22.8502749648809,0.0,-2.5614734149801826,0.7054788236808645,0.0,0.0,0.0,3.413851661491327,0,0,0,0,0,0,-1.1791185150226977,0.15349547587414472,3.2896935446131397,0.0,0.0,0.0
image_2799.png,surface,0.0,0.0,2.267978315744092,13.97654589210521,-5.164442641294415,0.0,0.09351670655939626,-0.7664748558852877,0.0,0.0,0.0,-2.542322607817722,0,0,0,0,0,0,0.3700133094052524,-0.00013214060951501858,2.09820738863607,0.0,0.0,0.0
image_2800.png,surface,0.0,0.0,0.6292743118426309,-12.433620199435948,6.10861351407115,0.0,-0.6277385216258785,-2.925389293863799,0.0,0.0,0.0,4.637549180739223,0,0,0,0,0,0,0.04218907345601677,-0.07911447063963599,0.1736662863408048,0.0,0.0,0.0
image_2801.png,surface,0.0,0.0,2.1039716636948005,-18.890027917994672,9.731363261286111,0.0,-0.18655929157298282,1.2605525535502744,0.0,0.0,0.0,-4.456427996066697,0,0,0,0,0,0,-0.13815945644887115,0.36624657650081066,1.1338087848878047,0.0,0.0,0.0
image_2802.png,surface,0.0,0.0,0.8927903305967326,-2.4464498886765433,23.398321878068938,0.0,0.35658167999469786,-3.8366800097671128,0.0,0.0,0.0,2.3159511744104435,0,0,0,0,0,0,0.08009326563521176,-0.19509617133396293,0.4712586998627954,0.0,0.0,0.0
image_2803.png,surface,0.0,0.0,1.254915640716355,-18.732442714384987,10.828574598183113,0.0,1.0554281694138512,4.588774191369751,0.0,0.0,0.0,-4.30612288591679,0,0,0,0,0,0,0.02041995898837022,0.17247181126199818,0.4718884069282509,0.0,0.0,0.0
image_2804.png,surface,0.0,0.0,2.8220342789587156,6.398201007943665,8.608443036930758,0.0,-1.3074079649158377,-2.013176420664299,0.0,0.0,0.0,-1.4364556817345941,0,0,0,0,0,0,-0.5243557831004684,-0.620985355800875,2.7560056416210488,0.0,0.0,0.0
image_2805.png,surface,0.0,0.0,0.6305788607202685,-14.961153387798115,-19.88650206625966,0.0,1.877877147285825,-0.8446172133444976,0.0,0.0,0.0,3.2953594903490817,0,0,0,0,0,0,0.24418344473907425,-0.11509132468259463,0.6176365635319905,0.0,0.0,0.0
image_2806.png,surface,0.0,0.0,2.6543216334146242,-24.138906102423196,1.2023322737799802,0.0,-2.767804715079207,0.8295412363712896,0.0,0.0,0.0,-0.8550222660232869,0,0,0,0,0,0,-0.9832482290736597,-0.003023502993903209,2.5146313312192623,0.0,0.0,0.0
image_2807.png,surface,0.0,0.0,1.878068890254445,4.781170062578428,4.2965484152438425,0.0,-0.04054750801857335,1.2209011501470441,0.0,0.0,0.0,-0.12202332149228212,0,0,0,0,0,0,-0.009211239185922149,0.2994416328784968,0.9258804050760406,0.0,0.0,0.0
image_2808.png,surface,0.0,0.0,0.578307979932871,2.7398299592494033,7.235277343374628,0.0,-4.180738923870442,-1.4837400031225856,0.0,0.0,0.0,-0.03935130028649869,0,0,0,0,0,0,-0.018254309527557733,-0.047117565907070245,0.15308245751326885,0.0,0.0,0.0
image_2809.png,surface,0.0,0.0,2.3849913271450944,-10.949876676598597,-22.245484247953865,0.0,-1.5912198996483211,4.71777799580059,0.0,0.0,0.0,1.373777807007853,0,0,0,0,0,0,-0.2681303837874813,0.7080251168064235,2.185763466779669,0.0,0.0,0.0
image_2810.png,surface,0.0,0.0,2.6437551833969097,-21.093498249223224,4.6924819545502325,0.0,2.5194759812081977,-2.8926787096496533,0.0,0.0,0.0,-0.4729204019142408,0,0,0,0,0,0,0.6998525277059394,-1.0721511511450175,3.128749797298683,0.0,0.0,0.0
image_2811.png,surface,0.0,0.0,1.6438789220991028,3.3752323930847585,-21.929363114733817,0.0,-1.1715017348697883,0.36218344418767134,0.0,0.0,0.0,3.566943706392003,0,0,0,0,0,0,-0.2411472742019549,0.21640856392574262,1.2888060431408876,0.0,0.0,0.0
image_2812.png,surface,0.0,0.0,2.4795979802334243,5.8710438868751,-20.289082761908833,0.0,-3.9671504757201377,-1.1775221079483498,0.0,0.0,0.0,1.4021013004232676,0,0,0,0,0,0,-0.7204513087685515,-0.10664376428859862,2.141784457367832,0.0,0.0,0.0
image_2813.png,surface,0.0,0.0,2.776177075511643,-8.163816429443155,-1.1859059290358438,0.0,3.3937035244091356,2.8010104837107974,0.0,0.0,0.0,2.987205159412256,0,0,0,0,0,0,0.732984072865382,0.35303251554930876,1.9559873780019024,0.0,0.0,0.0
image_2814.png,surface,0.0,0.0,1.9205742699689488,4.396740051101274,22.5686797745304,0.0,-0.34274709638742334,-2.538721274959309,0.0,0.0,0.0,1.9420974868553067,0,0,0,0,0,0,-0.07722754677736918,-0.5913481048096487,1.4928579283936796,0.0,0.0,0.0
image_2815.png,surface,0.0,0.0,2.7917277805477223,14.616634760364386,15.160892595814257,0.0,-2.889902469276452,0.584298177438967,0.0,0.0,0.0,-2.5774375416252413,0,0,0,0,0,0,-1.6433558386532139,0.7327605804256404,5.8528179023818865,0.0,0.0,0.0
image_2816.png,surface,0.0,0.0,1.5424374067446678,6.57376410781965,-9.97752443830283,0.0,-1.5814772238079762,0.9186822283547633,0.0,0.0,0.0,3.55303314462099,0,0,0,0,0,0,-0.24266307663552414,0.17596409879918087,0.7448284587388085,0.0,0.0,0.0
image_2817.png,surface,0.0,0.0,2.5296628649794752,14.732101559440949,-18.712196598730237,0.0,3.720263300539963,1.736036565437678,0.0,0.0,0.0,1.8406590125686026,0,0,0,0,0,0,1.9528108623803788,0.5770108486772686,6.001723526328018,0.0,0.0,0.0
image_2818.png,surface,0.0,0.0,2.4516649985719425,10.13806989111742,-7.548673052918459,0.0,-0.20729212728160062,0.36793440556566104,0.0,0.0,0.0,1.3612261223931448,0,0,0,0,0,0,0.17021959105285908,0.2929557312948011,2.384288667681392,0.0,0.0,0.0
image_2819.png,surface,0.0,0.0,2.2973246810282264,1.148011015580885,-6.933789678812255,0.0,2.3054596900039384,-0.4953199461694509,0.0,0.0,0.0,1.7199041369879042,0,0,0,0,0,0,0.7069064878260138,-0.22088246741932244,1.6786617067709428,0.0,0.0,0.0
image_2820.png,surface,0.0,0.0,1.5286151100084124,-1.5552738915204796,-10.241159080207856,0.0,3.622716473202246,-2.363120228163847,0.0,0.0,0.0,1.770290568713503,0,0,0,0,0,0,0.292769782782951,-0.20882149059608848,0.7519070807157321,0.0,0.0,0.0
image_2821.png,surface,0.0,0.0,1.6705672781642753,-12.346586679974289,7.785775437311461,0.0,3.708974329442603,2.606809382694901,0.0,0.0,0.0,-4.646130227342365,0,0,0,0,0,0,0.26623563074551976,0.09921400120836725,0.5652726249329753,0.0,0.0,0.0
image_2822.png,surface,0.0,0.0,1.0234858035716359,-2.3046951337808776,-15.605588909915086,0.0,4.971442707525464,-0.43508448550470896,0.0,0.0,0.0,4.3353120508520355,0,0,0,0,0,0,0.24063744105411766,-0.08770361025811234,0.5494629581832519,0.0,0.0,0.0
image_2823.png,surface,0.0,0.0,1.1952158519424274,-15.55804020048239,8.749001853777889,0.0,-3.230451452779646,-3.3281434874094162,0.0,0.0,0.0,-4.448951974044912,0,0,0,0,0,0,-0.09110413973849898,-0.1547649695869854,0.4745010213487558,0.0,0.0,0.0
image_2824.png,surface,0.0,0.0,2.205650386267486,1.346774078295463,19.77400496874118,0.0,-0.7237521057831062,-1.7457691033440714,0.0,0.0,0.0,-4.402774515812872,0,0,0,0,0,0,-0.3710405851508943,-0.4901803103034521,1.929526283230118,0.0,0.0,0.0
image_2825.png,surface,0.0,0.0,1.3135968178275041,-13.165996398501267,-0.6791782356623551,0.0,4.787471454418849,-0.3128769348746073,0.0,0.0,0.0,0.3003984814611904,0,0,0,0,0,0,0.19832128978364025,-0.09308362078836681,0.4585931024327907,0.0,0.0,0.0
image_2826.png,surface,0.0,0.0,2.3107407635179653,-10.606600331935134,-12.736068359326477,0.0,0.8775275434934373,3.632079914856522,0.0,0.0,0.0,3.363152716566816,0,0,0,0,0,0,0.12252964621517919,0.5906575128146836,1.60361938180043,0.0,0.0,0.0
image_2827.png,surface,0.0,0.0,2.061026126158536,-7.00409113277878,-4.067070116818454,0.0,-0.9730286146700587,1.8007160079391773,0.0,0.0,0.0,-2.044228622041666,0,0,0,0,0,0,-0.17005979260353685,0.31358067809660384,0.8676994916347905,0.0,0.0,0.0
image_2828.png,surface,0.0,0.0,1.3911590326109684,0.12906347244108468,-17.139892772416125,0.0,1.2825972990455867,0.4830245855262569,0.0,0.0,0.0,0.8841596453661644,0,0,0,0,0,0,0.41261101032453545,0.009702896184388668,1.061419268405806,0.0,0.0,0.0
image_2829.png,surface,0.0,0.0,0.9190457404900385,24.805014957217765,2.4290353386249732,0.0,-1.2986397313307823,-1.8040236214583543,0.0,0.0,0.0,1.9164895316241655,0,0,0,0,0,0,-0.19003916443877628,-0.244054267159278,0.7583113355516375,0.0,0.0,0.0
image_2830.png,surface,0.0,0.0,1.299382714004163,6.987706974162435,-3.893361627764802,0.0,-2.8546650331263113,1.6667225160120285,0.0,0.0,0.0,-1.9702156887499713,0,0,0,0,0,0,-0.15878258775137946,0.08896366535598772,0.4862376892070258,0.0,0.0,0.0
image_2831.png,surface,0.0,0.0,1.4130743952212028,6.687022676912742,-10.92819915712195,0.0,0.33893861388946217,-4.624182322623129,0.0,0.0,0.0,0.46660080928336356,0,0,0,0,0,0,0.12851219577979875,-0.28017427352921126,0.69637227675166,0.0,0.0,0.0
image_2832.png,surface,0.0,0.0,2.1144554519276446,4.829730381781181,20.4133351275415,0.0,0.03418405754200669,-3.601284799898473,0.0,0.0,0.0,-0.8276428286544579,0,0,0,0,0,0,0.10294900955824823,-0.648187444131038,1.566681033301289,0.0,0.0,0.0
image_2833.png,surface,0.0,0.0,0.6545553271577516,4.176232124839587,-15.603271234517072,0.0,-2.7656671110579047,-0.10428991312749343,0.0,0.0,0.0,1.234767822847762,0,0,0,0,0,0,-0.10773839736792976,-0.006976709561894248,0.3281946138004644,0.0,0.0,0.0
image_2834.png,surface,0.0,0.0,2.6652875195585617,12.746558572552793,12.793850269497053,0.0,-1.1711354570361698,4.360255316835137,0.0,0.0,0.0,3.3305541565580636,0,0,0,0,0,0,-0.651715147210158,1.5002017784389967,4.299837463761805,0.0,0.0,0.0
image_2835.png,surface,0.0,0.0,2.0632505119673468,14.17124797335297,-10.015925152209405,0.0,-0.4815471643204993,-4.070732451229175,0.0,0.0,0.0,2.608641007115563,0,0,0,0,0,0,0.10642805008348885,-0.650836548731316,1.3491239411978855,0.0,0.0,0.0
image_2836.png,surface,0.0,0.0,0.6329439496189075,22.63611940275772,-7.268154697045111,0.0,3.9122526043589976,3.091783265227348,0.0,0.0,0.0,4.885168607786753,0,0,0,0,0,0,0.25235599400440284,0.14176799677968657,0.8114478934579129,0.0,0.0,0.0
image_2837.png,surface,0.0,0.0,1.128639655197829,-19.48527471450995,-5.096921062186941,0.0,1.219304382304499,-3.867446876261918,0.0,0.0,0.0,-1.934749887042413,0,0,0,0,0,0,0.14775649474815655,-0.24167573618800756,0.6355184577878923,0.0,0.0,0.0
image_2838.png,surface,0.0,0.0,0.8765157234317501,16.981632890899714,-4.305207024274171,0.0,3.2394158605141694,3.3600499516018996,0.0,0.0,0.0,4.328982648299011,0,0,0,0,0,0,0.17843779701799412,0.13311278685645267,0.6053260137027207,0.0,0.0,0.0
image_2839.png,surface,0.0,0.0,1.9546014160212994,10.436868647248007,-12.329766331296632,0.0,0.7101240230574758,3.3894254503203047,0.0,0.0,0.0,2.90071401355235,0,0,0,0,0,0,0.08125294581029191,0.6348695584149174,1.7913926695100744,0.0,0.0,0.0
image_2840.png,surface,0.0,0.0,1.922541191267892,-23.867123968769373,-0.6559488433596398,0.0,3.5585512329509847,-2.3240778085663463,0.0,0.0,0.0,-2.156506752984617,0,0,0,0,0,0,0.5517726313341549,-0.4382757935064509,1.6184353618688518,0.0,0.0,0.0
image_2841.png,surface,0.0,0.0,1.410517428189351,13.347227053946892,-9.81655647149605,0.0,-3.4442697054198326,2.640107417196949,0.0,0.0,0.0,-1.9202922726453386,0,0,0,0,0,0,-0.2794989020392515,0.2154835796591373,0.909606273540449,0.0,0.0,0.0
image_2842.png,surface,0.0,0.0,2.3994423968281224,-3.856536726908831,16.63491934787482,0.0,-1.0834931906297374,1.341312078310556,0.0,0.0,0.0,0.021908800187622646,0,0,0,0,0,0,-0.6030679335665391,0.5110097604295046,2.040115795345948,0.0,0.0,0.0
image_2843.png,surface,0.0,0.0,0.6544304052486689,4.198457295638998,-19.894707829243472,0.0,-0.6140030084311601,-1.9289582310763567,0.0,0.0,0.0,-0.2683574272518481,0,0,0,0,0,0,0.03272443958616958,-0.18342217772430836,0.4992203731735359,0.0,0.0,0.0
image_2844.png,surface,0.0,0.0,2.5684244423964926,-1.5315374579605556,3.30398219793329,0.0,3.634033688677047,0.11767626676824851,0.0,0.0,0.0,-1.7108750882567856,0,0,0,0,0,0,0.6920208817991645,-0.13357527898975527,1.5836563280232379,0.0,0.0,0.0
image_2845.png,surface,0.0,0.0,2.7213203110248596,-0.5825089666365149,-1.0746997953522845,0.0,-4.664858989675623,0.03667226517818264,0.0,0.0,0.0,-3.6038558029500765,0,0,0,0,0,0,-0.7763427187814369,0.05494060461085837,1.8386206994192078,0.0,0.0,0.0
image_2846.png,surface,0.0,0.0,0.9646901629802405,-18.963738324980824,-13.415347341507381,0.0,-2.7396421824945794,2.732295192700993,0.0,0.0,0.0,-4.096374120288434,0,0,0,0,0,0,-0.1378261625402852,0.15077243545663865,0.5143646047973532,0.0,0.0,0.0
image_2847.png,surface,0.0,0.0,2.851110858062852,-2.0414918951000596,-14.932684481190789,0.0,-4.642870255884771,-0.7105919745537368,0.0,0.0,0.0,2.913522889316158,0,0,0,0,0,0,-0.831214462498649,-0.0702563304946469,2.1596239245519464,0.0,0.0,0.0
image_2848.png,surface,0.0,0.0,2.3309129204951873,2.5270258028389168,9.10012050798327,0.0,4.233173299951606,0.5540434717507811,0.0,0.0,0.0,-2.6900084385341327,0,0,0,0,0,0,0.5584689473057468,-0.04655439521413721,1.2294461037047417,0.0,0.0,0.0
image_2849.png,surface,0.0,0.0,2.7336144703539897,5.579236762736685,-15.830476130219656,0.0,-0.5882883835123693,-3.3592409021554595,0.0,0.0,0.0,-0.9709153080473643,0,0,0,0,0,0,0.4499673221060548,-1.1541097910942144,2.9432206783861408,0.0,0.0,0.0
image_2850.png,surface,0.0,0.0,2.4787046370740793,-16.36958382460213,-7.750474632183569,0.0,-3.2062151614418033,0.6377979582171327,0.0,0.0,0.0,3.920035993772986,0,0,0,0,0,0,-0.6195408708566543,0.1379736735636124,1.605874715616422,0.0,0.0,0.0
image_2851.png,surface,0.0,0.0,0.6697800976365891,16.162397155200704,-16.798242712834305,0.0,-0.5484882595968624,-0.8843649068192324,0.0,0.0,0.0,-4.217425235126997,0,0,0,0,0,0,0.055338203000232775,-0.11616103437866863,0.5686221306002894,0.0,0.0,0.0
image_2852.png,surface,0.0,0.0,1.1172336852015312,-17.62129731832619,-5.345091921845272,0.0,2.5842821837620313,-2.0407558447600884,0.0,0.0,0.0,4.230419114058444,0,0,0,0,0,0,0.21487184346342583,-0.1391944010991322,0.5235645803635772,0.0,0.0,0.0
image_2853.png,surface,0.0,0.0,2.627216485378462,6.231498638228253,-21.885316486461587,0.0,-1.5066569524935922,4.709737374837416,0.0,0.0,0.0,4.642857796719195,0,0,0,0,0,0,-0.37437352423675446,1.1297172638187394,3.0757472196191005,0.0,0.0,0.0
image_2854.png,surface,0.0,0.0,0.6202158119552563,-2.676597719109263,-9.346505723529885,0.0,2.4869261598818846,0.12601202446158685,0.0,0.0,0.0,4.012044148320101,0,0,0,0,0,0,0.12132126556030574,-0.01401005081358065,0.2041289238831397,0.0,0.0,0.0
image_2855.png,surface,0.0,0.0,2.273022193640621,-4.810855258594808,-19.289047808049563,0.0,2.1452986585979583,-1.6231889205732968,0.0,0.0,0.0,-2.710752650795858,0,0,0,0,0,0,1.1818350886611733,-0.696456521063882,3.3354343940059845,0.0,0.0,0.0
image_2856.png,surface,0.0,0.0,2.20336361807224,9.194200341748381,2.786142438829803,0.0,-1.7277464692882119,4.156535626881765,0.0,0.0,0.0,-2.347088869392162,0,0,0,0,0,0,-0.2567009899359694,0.5260077196094592,1.577828188162109,0.0,0.0,0.0
image_2857.png,surface,0.0,0.0,1.6100289235047693,-11.212461346071482,-4.86531922249438,0.0,1.1284060413681465,-3.983396722740125,0.0,0.0,0.0,4.911045065106634,0,0,0,0,0,0,0.1931712140454889,-0.30823684892371633,0.7697264508658451,0.0,0.0,0.0
image_2858.png,surface,0.0,0.0,1.93706361232806,4.738417721183591,2.2331662359873423,0.0,-0.9727983280021412,-4.613222089864201,0.0,0.0,0.0,-3.0365391470534284,0,0,0,0,0,0,0.06069221199751884,-0.36126141469660733,0.8728242353057815,0.0,0.0,0.0
image_2859.png,surface,0.0,0.0,1.1513351362604243,21.163370037752433,-12.139378094098578,0.0,-1.7423734317437574,-3.056316237751738,0.0,0.0,0.0,2.450971202790689,0,0,0,0,0,0,-0.11805681152415473,-0.35188572383101757,0.8545247693433541,0.0,0.0,0.0
image_2860.png,surface,0.0,0.0,1.976647777959275,24.153183926724797,4.996072323656535,0.0,-1.783317557274669,-3.004660526566622,0.0,0.0,0.0,3.646144408076882,0,0,0,0,0,0,-0.3976127844381642,-0.5252746538471501,1.789181995769646,0.0,0.0,0.0
image_2861.png,surface,0.0,0.0,2.2202052799886665,16.642001411253766,8.549322432321178,0.0,-3.1684291189950557,-1.3474341062503796,0.0,0.0,0.0,-0.08231193008448123,0,0,0,0,0,0,-0.828840314108721,-0.04367247144471433,2.2358720715626905,0.0,0.0,0.0
image_2862.png,surface,0.0,0.0,1.4640503239927354,-5.073682200746995,-5.427163659716585,0.0,3.4347310520625784,-3.269289171304882,0.0,0.0,0.0,2.8582306139387086,0,0,0,0,0,0,0.2232726762277861,-0.18029642306828048,0.5404862829948489,0.0,0.0,0.0
image_2863.png,surface,0.0,0.0,0.8700733656200508,-19.492314456318123,-14.392176814906154,0.0,3.447415893138258,3.1900181704823,0.0,0.0,0.0,-4.597087635769003,0,0,0,0,0,0,0.23067667104637557,0.12273031039455826,0.5997189412156368,0.0,0.0,0.0
image_2864.png,surface,0.0,0.0,2.8623859216672876,1.3744451643856197,-3.8578941061852667,0.0,-2.2079725766211378,0.5064536922896767,0.0,0.0,0.0,-4.531380239426558,0,0,0,0,0,0,-0.6039810675626656,0.12879462050980106,2.2329490696170162,0.0,0.0,0.0
image_2865.png,surface,0.0,0.0,2.97375951033217,15.938765908192481,8.57890692960457,0.0,-3.9794144861208247,-2.532947981477781,0.0,0.0,0.0,2.2557270740856055,0,0,0,0,0,0,-1.5686310399702277,-0.4029533501010902,4.061553630589065,0.0,0.0,0.0
image_2866.png,surface,0.0,0.0,0.6747979174696981,17.685533460511216,-1.214297773347847,0.0,0.3766896429579749,3.81289353134643,0.0,0.0,0.0,-4.607301306038536,0,0,0,0,0,0,0.04617946901908792,0.16378828549386823,0.47939129962303506,0.0,0.0,0.0
image_2867.png,surface,0.0,0.0,0.6391312738585346,1.7459754211805794,-2.51963185120373,0.0,3.735212591299149,-2.2127396280580163,0.0,0.0,0.0,0.08815824897147095,0,0,0,0,0,0,0.11333134309420213,-0.04577728258198934,0.20967570526821236,0.0,0.0,0.0
image_2868.png,surface,0.0,0.0,1.4066937334840497,-13.571925331483117,-8.510305451001354,0.0,0.3032488998915557,4.169181231762631,0.0,0.0,0.0,-0.9779314899796141,0,0,0,0,0,0,0.012174359003351443,0.1922929026892514,0.5758570628416886,0.0,0.0,0.0
image_2869.png,surface,0.0,0.0,2.848673099335191,14.786931241326629,-5.799769554517603,0.0,2.7463987411937008,3.1774524491470495,0.0,0.0,0.0,0.7175138123831655,0,0,0,0,0,0,1.3731823175493998,1.547174618916597,6.088736984553512,0.0,0.0,0.0
image_2870.png,surface,0.0,0.0,1.449919118855248,-2.136861859101075,-14.852368051004873,0.0,4.7012487969634735,0.23171402925492104,0.0,0.0,0.0,-0.7151214065550846,0,0,0,0,0,0,0.38695194503339186,-0.0730973535992199,0.9311078669208294,0.0,0.0,0.0
image_2871.png,surface,0.0,0.0,1.0720321168216527,21.649408045876363,-12.388492638710662,0.0,2.2252903098741834,-0.3748944318656761,0.0,0.0,0.0,2.135175934275554,0,0,0,0,0,0,0.500043590453611,0.00409163958748297,1.2705177421973515,0.0,0.0,0.0
image_2872.png,surface,0.0,0.0,2.9405473980244077,18.100091430913363,-4.631841751083122,0.0,0.21425690711398235,3.874673625180486,0.0,0.0,0.0,2.5642994463878708,0,0,0,0,0,0,0.6256908283205643,2.517596377964979,7.934573635682003,0.0,0.0,0.0
image_2873.png,surface,0.0,0.0,1.0838889452164733,5.166123910283792,-17.42784312968559,0.0,-0.7977056780526197,1.3772477536758767,0.0,0.0,0.0,-3.5755172411724825,0,0,0,0,0,0,-0.0846817639657454,0.23066716493341105,0.6428516421955327,0.0,0.0,0.0
image_2874.png,surface,0.0,0.0,2.2117021282432434,-8.353702340417032,-20.43402877772143,0.0,4.110476347407838,-0.06132644331337816,0.0,0.0,0.0,2.87453266211367,0,0,0,0,0,0,1.2356338999329362,-0.3126258048826084,3.3278109191071783,0.0,0.0,0.0
image_2875.png,surface,0.0,0.0,0.779273843524353,-7.435298834434608,-11.142834924609708,0.0,3.2747728770530173,2.2413258106988314,0.0,0.0,0.0,0.35160308829742526,0,0,0,0,0,0,0.12070946578290119,0.014777724830763164,0.27709232233613795,0.0,0.0,0.0
image_2876.png,surface,0.0,0.0,2.080352422969774,-23.156741751959363,6.620782434035452,0.0,2.380154765231905,1.5089617842449712,0.0,0.0,0.0,0.4794453711908506,0,0,0,0,0,0,0.5137497317354642,0.0948392031719235,1.3497268522180008,0.0,0.0,0.0
image_2877.png,surface,0.0,0.0,0.8623809405267503,2.638130876880483,-14.09878602701666,0.0,-0.6347304609987179,2.1271763877050933,0.0,0.0,0.0,-0.5556075174193769,0,0,0,0,0,0,-0.03943597445769644,0.10129206960324037,0.4089087683676278,0.0,0.0,0.0
image_2878.png,surface,0.0,0.0,1.1967648837421332,-16.825433668298096,-18.759783023892542,0.0,-0.25939879147375566,-3.2793020056049755,0.0,0.0,0.0,3.165740849972561,0,0,0,0,0,0,0.1511076965139395,-0.4647762781241892,1.149828353992679,0.0,0.0,0.0
image_2879.png,surface,0.0,0.0,1.5912482309470548,7.42284064258018,14.43627645442071,0.0,-1.2216881459683284,-2.4637343262393334,0.0,0.0,0.0,1.1316744490252608,0,0,0,0,0,0,-0.09668947601480372,-0.31413598327706566,0.8462581893564224,0.0,0.0,0.0
image_2880.png,surface,0.0,0.0,2.412542172928779,-4.412903609752842,21.126156098135908,0.0,-1.5336593118364366,-3.3761442019771275,0.0,0.0,0.0,4.930511065897017,0,0,0,0,0,0,-0.40470326991808364,-0.9179666563784009,2.702458211019584,0.0,0.0,0.0
image_2881.png,surface,0.0,0.0,1.8878960653651182,-16.673804543691944,-9.655874694496891,0.0,-4.1992001690815695,0.9508873720514507,0.0,0.0,0.0,-0.7712589438912545,0,0,0,0,0,0,-0.3525039650295341,0.09264472519247755,1.0571274351440865,0.0,0.0,0.0
image_2882.png,surface,0.0,0.0,0.9501891673319538,-5.85820012883106,-18.592921772376343,0.0,2.197980932145138,1.4201175315005519,0.0,0.0,0.0,-2.4721618654092667,0,0,0,0,0,0,0.25759129558219246,0.06048264469801807,0.6125006548421082,0.0,0.0,0.0
image_2883.png,surface,0.0,0.0,2.3872446023196487,-9.375990187372587,-5.6507185432153095,0.0,-2.6959023755379232,-0.7002103541294029,0.0,0.0,0.0,3.4588716344559582,0,0,0,0,0,0,-0.5370970461264151,-0.16193831696065789,1.43654603911479,0.0,0.0,0.0
image_2884.png,surface,0.0,0.0,2.094310282084108,-16.756339094905403,7.888591836262152,0.0,0.07854252554631613,-3.126817738214438,0.0,0.0,0.0,-0.44001276252297394,0,0,0,0,0,0,0.12433460774752182,-0.6677458274417553,1.7196462581162,0.0,0.0,0.0
image_2885.png,surface,0.0,0.0,0.5480656408626048,13.246262766376667,6.583962536143991,0.0,-0.18204651016665965,2.289315971098555,0.0,0.0,0.0,4.28869992273478,0,0,0,0,0,0,-0.0030019280122645653,0.094807741122039,0.284624244080039,0.0,0.0,0.0
image_2886.png,surface,0.0,0.0,0.663997306798052,23.56315706882896,-6.289618954989674,0.0,-1.0178441965634586,0.7870615333740946,0.0,0.0,0.0,-0.7662781578035025,0,0,0,0,0,0,-0.1904226807171492,0.25001003320241916,0.8871489545429951,0.0,0.0,0.0
image_2887.png,surface,0.0,0.0,0.7302924850059054,15.259992632801833,18.46226640533071,0.0,-2.758748995260625,-2.639527370572175,0.0,0.0,0.0,-2.2662014497542096,0,0,0,0,0,0,-0.11248669414778555,-0.15666213119502242,0.5370742532217446,0.0,0.0,0.0
image_2888.png,surface,0.0,0.0,1.1237657620560153,-5.3589028510453485,-3.2380409263683796,0.0,-4.608305436176429,-0.510831619332183,0.0,0.0,0.0,-1.9638387292149129,0,0,0,0,0,0,-0.09570633507897461,-0.010665634910855242,0.3309635384854442,0.0,0.0,0.0
image_2889.png,surface,0.0,0.0,1.1917995725344326,22.10867325827638,11.44890219820899,0.0,-2.6550940462363246,0.9199411709266764,0.0,0.0,0.0,-3.5900667634996775,0,0,0,0,0,0,-0.41348609707082323,0.23842413333244147,1.3539472293588168,0.0,0.0,0.0
image_2890.png,surface,0.0,0.0,2.193720502140365,10.864779609366202,3.470890224554379,0.0,-0.8589144106488059,1.6253933475011308,0.0,0.0,0.0,-2.379706179849478,0,0,0,0,0,0,-0.27788265486610825,0.763659459617236,1.8269063615987196,0.0,0.0,0.0
image_2891.png,surface,0.0,0.0,2.125821616796358,9.203559919360057,-16.339873764565688,0.0,0.4426925019343049,-0.9176712840918467,0.0,0.0,0.0,-3.2381951399969946,0,0,0,0,0,0,0.7886213272493462,-0.12835572491391187,2.3916508811381503,0.0,0.0,0.0
image_2892.png,surface,0.0,0.0,2.680007946790309,-11.186077658812152,0.22239835762898322,0.0,4.951172460676392,0.5568990858781517,0.0,0.0,0.0,3.11335009063942,0,0,0,0,0,0,0.8146699963788374,-0.13602931888074857,1.9835203145872262,0.0,0.0,0.0
image_2893.png,surface,0.0,0.0,2.5382862885446857,16.09717877546562,7.617252786383644,0.0,-4.718781308280027,-0.0015741651326205697,0.0,0.0,0.0,3.981734710019545,0,0,0,0,0,0,-1.2392940453674086,0.3023455800828387,3.395899670312345,0.0,0.0,0.0
image_2894.png,surface,0.0,0.0,2.4713772311810933,0.9867853958040032,-11.381620770440742,0.0,-3.4191087810531275,-0.28912802619458045,0.0,0.0,0.0,0.30869705954609294,0,0,0,0,0,0,-0.5842573732463415,-8.33744321940016e-05,1.6447848064517252,0.0,0.0,0.0
image_2895.png,surface,0.0,0.0,1.9722663270716299,-7.759484070211646,22.641755132046928,0.0,2.50554860043221,3.6221878668213847,0.0,0.0,0.0,-0.07306993477088941,0,0,0,0,0,0,0.22108115463708347,0.36901523689064936,1.2206369037997056,0.0,0.0,0.0
image_2896.png,surface,0.0,0.0,0.7665816706996244,18.134234145468923,-1.283308491652841,0.0,-0.5508956062183887,-2.2934218733340934,0.0,0.0,0.0,-2.6517399789116523,0,0,0,0,0,0,0.04944544494523228,-0.21066044741183906,0.42770172816503954,0.0,0.0,0.0
image_2897.png,surface,0.0,0.0,2.2193713507664676,-14.463434671656076,-16.609868587379577,0.0,4.1933319937487274,-1.5699536164009176,0.0,0.0,0.0,-1.8985004136572794,0,0,0,0,0,0,1.0930602015577926,-0.6573869475172744,3.106609564837736,0.0,0.0,0.0
image_2898.png,surface,0.0,0.0,1.255803738738373,7.969169027427676,4.303288655222276,0.0,2.373262565906936,0.7166591553637257,0.0,0.0,0.0,-4.791108730775237,0,0,0,0,0,0,0.21966579694308813,-0.0018688457631410047,0.4290147343866267,0.0,0.0,0.0
image_2899.png,surface,0.0,0.0,2.458486876013028,-5.198230921621908,-4.8347995641754204,0.0,-2.8899473573664003,1.958307945592427,0.0,0.0,0.0,4.824423623106885,0,0,0,0,0,0,-0.4752687432487159,0.3629462074679236,1.291432055584062,0.0,0.0,0.0
image_2900.png,surface,0.0,0.0,1.416716959533417,20.7949615025055,1.0603048606589,0.0,1.9792046172073263,0.14618394551801484,0.0,0.0,0.0,1.720536935704848,0,0,0,0,0,0,0.4689057211857102,0.07992619152665685,1.2604089340933957,0.0,0.0,0.0
image_2901.png,surface,0.0,0.0,0.8360150873496228,-0.08453786063019518,15.41294835550601,0.0,0.5942383624806499,-2.4945749984670478,0.0,0.0,0.0,0.4391405928014809,0,0,0,0,0,0,0.07812241809357283,-0.12027312429857645,0.3022024498221045,0.0,0.0,0.0
image_2902.png,surface,0.0,0.0,2.0132710264710916,6.098020058425951,22.468915150919933,0.0,2.985709774169827,0.8908895501005993,0.0,0.0,0.0,-2.5363351161511263,0,0,0,0,0,0,0.5096406287528961,0.05326210424951872,1.2602280607873622,0.0,0.0,0.0
image_2903.png,surface,0.0,0.0,2.7070135433449876,5.8970323278591605,-6.437880882904543,0.0,-0.38209267203233804,-1.0351837180654593,0.0,0.0,0.0,4.375793465676228,0,0,0,0,0,0,0.10011981606025096,-0.24373964666043282,2.31458545474458,0.0,0.0,0.0
image_2904.png,surface,0.0,0.0,0.9396452937106599,16.670633186063743,16.97782581264904,0.0,-0.5112030015194001,1.9366619994521435,0.0,0.0,0.0,4.352199851272333,0,0,0,0,0,0,-0.12196654691756809,0.2344363185095775,0.7897832908017232,0.0,0.0,0.0
image_2905.png,surface,0.0,0.0,1.2360647913148144,-10.131759921113929,17.049415416762937,0.0,-0.09270554324420203,-3.683085775444325,0.0,0.0,0.0,-4.624593031413849,0,0,0,0,0,0,0.06745549112882628,-0.1896123360390895,0.479592269963074,0.0,0.0,0.0
image_2906.png,surface,0.0,0.0,1.1610849571575927,-6.941867456217661,18.464992778684792,0.0,-2.3156251081614694,-3.2557731121611595,0.0,0.0,0.0,1.2431700865324435,0,0,0,0,0,0,-0.024871487219484956,-0.19585755294116833,0.5508697505635234,0.0,0.0,0.0
image_2907.png,surface,0.0,0.0,2.4556929109333487,2.360913681055712,8.720011978927673,0.0,1.2269167552770197,-3.9642950181582175,0.0,0.0,0.0,-1.9775003802370126,0,0,0,0,0,0,0.3108422264562803,-0.6108860377879409,1.5261788107721228,0.0,0.0,0.0
image_2908.png,surface,0.0,0.0,0.8804482865690434,19.807715302619513,12.4320880589706,0.0,-3.6626728456912376,-1.7897514136670503,0.0,0.0,0.0,0.596872303024016,0,0,0,0,0,0,-0.20261301956543293,-0.05549905599630869,0.6643510025721348,0.0,0.0,0.0
image_2909.png,surface,0.0,0.0,1.6009741041661005,-10.208794664461855,-20.0148111115882,0.0,3.309389953925918,2.7712537604544147,0.0,0.0,0.0,4.411494073882199,0,0,0,0,0,0,0.5089466469158404,0.25911829664399044,1.5466800184598644,0.0,0.0,0.0
image_2910.png,surface,0.0,0.0,1.4415070791175548,17.696069232263035,5.6964142278323315,0.0,-1.7619517597324652,0.7039301426924552,0.0,0.0,0.0,2.3006890470387207,0,0,0,0,0,0,-0.35559340171642756,0.23022512313253332,1.1465458384387117,0.0,0.0,0.0
image_2911.png,surface,0.0,0.0,2.4233272376713106,-5.8981767281342306,21.31091498877023,0.0,-0.7578206504939372,-3.2488760059726634,0.0,0.0,0.0,3.27869662770809,0,0,0,0,0,0,-0.27109806927489116,-0.9602721017556327,2.6175817374098385,0.0,0.0,0.0
image_2912.png,surface,0.0,0.0,1.598531268898601,-5.44649589773467,-12.589272946590517,0.0,-3.6317797578034283,0.5465416733575384,0.0,0.0,0.0,4.619141958251159,0,0,0,0,0,0,-0.2823752741270489,0.07363378154975113,0.6828268758330406,0.0,0.0,0.0
image_2913.png,surface,0.0,0.0,1.1222635238396637,-12.788528537520932,17.75555370126454,0.0,4.664812033133819,1.6328075833474676,0.0,0.0,0.0,0.5237227963254663,0,0,0,0,0,0,0.22934501730202486,-0.009542439729977566,0.45708359187872094,0.0,0.0,0.0
image_2914.png,surface,0.0,0.0,0.7015410955883792,0.5106510104797229,-3.912434136669717,0.0,0.07536357622297758,2.648011666244849,0.0,0.0,0.0,4.089863984647769,0,0,0,0,0,0,0.01973510849127563,0.07864253989136809,0.18291538799014884,0.0,0.0,0.0
image_2915.png,surface,0.0,0.0,1.714548501045816,-15.350586457240984,-12.87923917961397,0.0,0.12187718472353455,4.408812041180735,0.0,0.0,0.0,-0.4999364718873842,0,0,0,0,0,0,-0.03073076369462755,0.31316852524311656,1.0043079637743175,0.0,0.0,0.0
image_2916.png,surface,0.0,0.0,1.1225422516912484,-16.576287958824924,-16.1521646632118,0.0,-2.2362222616384715,-2.696479110416498,0.0,0.0,0.0,-1.744125398925569,0,0,0,0,0,0,-0.1009812057965965,-0.32396787386598097,0.869340749411774,0.0,0.0,0.0
image_2917.png,surface,0.0,0.0,2.213767014710122,-5.35122919807394,8.948016862496868,0.0,-3.1515465713653823,-3.1698531655760647,0.0,0.0,0.0,1.4891823579590922,0,0,0,0,0,0,-0.3880583590586982,-0.48228490888492986,1.558802995971765,0.0,0.0,0.0
image_2918.png,surface,0.0,0.0,1.10020783803322,6.786097392167291,-12.382231277030774,0.0,-1.8509292711230483,-2.3713553616599548,0.0,0.0,0.0,1.256385481970156,0,0,0,0,0,0,-0.10559253247703329,-0.2230753722962744,0.47440276918251484,0.0,0.0,0.0
image_2919.png,surface,0.0,0.0,1.8424780262562084,21.76194241374919,1.4005182739134285,0.0,-2.798133871997965,3.8532447044882256,0.0,0.0,0.0,-3.2593985424123217,0,0,0,0,0,0,-0.5450154397628223,0.8940256095187689,2.7291202761314066,0.0,0.0,0.0
image_2920.png,surface,0.0,0.0,2.091424123802039,-14.196003080145909,-15.133060145395998,0.0,-1.3760246166708285,0.4096747101884913,0.0,0.0,0.0,-1.7642521118752539,0,0,0,0,0,0,-0.35426631364205735,-0.011722759786975404,1.4837740690239227,0.0,0.0,0.0
image_2921.png,surface,0.0,0.0,2.751694352973152,24.288002713983534,5.150914811136947,0.0,0.45397586612332713,-2.308373573142698,0.0,0.0,0.0,-2.125666011892556,0,0,0,0,0,0,0.44539252078546326,-0.2426384749144743,3.2097743393910183,0.0,0.0,0.0
image_2922.png,surface,0.0,0.0,2.7634622727333493,2.993123918697333,10.584392340689135,0.0,-0.28696739903339397,-1.9493303801415993,0.0,0.0,0.0,3.2313750226359836,0,0,0,0,0,0,-0.16923797200702326,-0.6560970034720087,2.449932279749419,0.0,0.0,0.0
image_2923.png,surface,0.0,0.0,2.171246191384363,17.64744844859371,-3.4898086122726935,0.0,-0.9699611495139784,0.0519057319642758,0.0,0.0,0.0,1.9987286496478793,0,0,0,0,0,0,-0.2896803460960575,0.3487851388148972,2.4058527851675633,0.0,0.0,0.0
image_2924.png,surface,0.0,0.0,1.0335649090697623,13.158882079355804,-14.320669037994556,0.0,2.6430005052534224,-1.772825272682525,0.0,0.0,0.0,4.507617160887902,0,0,0,0,0,0,0.2897260027958639,-0.18166502223825748,0.7279067561075351,0.0,0.0,0.0
image_2925.png,surface,0.0,0.0,0.6505624029272357,3.0876562620815173,19.678532898113133,0.0,-0.8583151061943413,4.291049744838768,0.0,0.0,0.0,1.4593457834398542,0,0,0,0,0,0,-0.006967973335438978,0.08322970676453241,0.3318790700345099,0.0,0.0,0.0
image_2926.png,surface,0.0,0.0,2.3805436241928772,-17.906720848442117,-3.6822452789871214,0.0,0.36677982797314734,2.128371097755451,0.0,0.0,0.0,-3.341583344021938,0,0,0,0,0,0,0.11063759780563012,0.5606348517123714,1.4310506168166168,0.0,0.0,0.0
image_2927.png,surface,0.0,0.0,1.3999494256177023,-2.51912680869094,-7.444539501751172,0.0,-2.2688109843217013,2.5682969759670677,0.0,0.0,0.0,-2.9039298404828493,0,0,0,0,0,0,-0.12284772122382985,0.1456189516855529,0.4754388829356041,0.0,0.0,0.0
image_2928.png,surface,0.0,0.0,0.8016935884722044,2.062784902791439,-14.378515172559906,0.0,1.9691147804825824,-4.212560394462279,0.0,0.0,0.0,0.38764639412222746,0,0,0,0,0,0,0.13469867860355314,-0.14702530531539124,0.40763372321026975,0.0,0.0,0.0
image_2929.png,surface,0.0,0.0,2.5880797637233712,16.79919953426868,-7.68713856122418,0.0,-2.6649483820630087,1.5177125420742008,0.0,0.0,0.0,-3.0594292004232515,0,0,0,0,0,0,-0.7054302545322774,1.10834194712719,3.8420940192666255,0.0,0.0,0.0
image_2930.png,surface,0.0,0.0,1.8426625826293375,0.6542695451795427,-24.885652061779314,0.0,0.10080545739120268,2.841956049333992,0.0,0.0,0.0,0.7222742171992671,0,0,0,0,0,0,0.1305697910510696,0.6391090696368577,2.052520131333905,0.0,0.0,0.0
image_2931.png,surface,0.0,0.0,2.8725307607326322,5.7269350815308115,-4.398115457031578,0.0,0.18346160749132823,-0.35907345714915095,0.0,0.0,0.0,-2.1595192356138657,0,0,0,0,0,0,0.44466201358856233,-0.1660535530855543,2.9423989329957587,0.0,0.0,0.0
image_2932.png,surface,0.0,0.0,1.9471859314966908,-13.20683612969407,-15.81458560563064,0.0,-0.6778149995154132,3.7403219551463827,0.0,0.0,0.0,-0.3105644504095597,0,0,0,0,0,0,-0.09349350702836241,0.4315775230860349,1.2926133145827352,0.0,0.0,0.0
image_2933.png,surface,0.0,0.0,2.8782006948508654,11.704891059863684,-19.91032578090873,0.0,-2.502687421186104,-1.9313618319544883,0.0,0.0,0.0,3.001776544754028,0,0,0,0,0,0,-0.6702289389816155,-0.38811112806806414,2.904864372487833,0.0,0.0,0.0
image_2934.png,surface,0.0,0.0,1.8713269349380177,-16.092242386035302,-15.33360381417544,0.0,0.9878790392654541,3.035198327844012,0.0,0.0,0.0,3.012583983705815,0,0,0,0,0,0,0.1432273501273711,0.4509581458149046,1.2947860272589333,0.0,0.0,0.0
image_2935.png,surface,0.0,0.0,0.9299700185473723,-13.021885063275617,10.69138358754387,0.0,-3.7375889147069925,-3.104239370805833,0.0,0.0,0.0,0.26039511656739656,0,0,0,0,0,0,-0.06157947386375472,-0.0741906598327072,0.33529556581517067,0.0,0.0,0.0
image_2936.png,surface,0.0,0.0,2.909924857689859,-8.877843789314971,13.575861784006781,0.0,2.3375829385078153,-0.8135919284506333,0.0,0.0,0.0,-0.7187194837383277,0,0,0,0,0,0,0.9131743262109421,-0.4923842268978635,2.3410733455617025,0.0,0.0,0.0
image_2937.png,surface,0.0,0.0,0.7245010919359183,-2.6505863698679786,-21.505206454738328,0.0,-3.1727463541462377,-1.6009440919872442,0.0,0.0,0.0,-2.5153747197759713,0,0,0,0,0,0,-0.16362219793084784,-0.07915694440698005,0.4699858877092164,0.0,0.0,0.0
image_2938.png,surface,0.0,0.0,0.9566354334570683,-11.56266840644274,-13.661515710356367,0.0,4.236565519664595,-1.1034111756075202,0.0,0.0,0.0,2.997335285741091,0,0,0,0,0,0,0.2252724396793022,-0.07907514307728039,0.5415581248083896,0.0,0.0,0.0
image_2939.png,surface,0.0,0.0,2.9897572113581483,2.7320108952524396,-4.460644012530991,0.0,3.8441309030795505,0.02809027613015111,0.0,0.0,0.0,3.5609968745946965,0,0,0,0,0,0,1.3466831689818202,-0.1056369786922938,3.401567033901442,0.0,0.0,0.0
image_2940.png,surface,0.0,0.0,2.4464920579971237,11.386303613064136,-19.00294712643051,0.0,-1.8066177329983504,3.2315304599161285,0.0,0.0,0.0,-1.5421836954620058,0,0,0,0,0,0,-0.2241477629740735,1.1482688615331516,3.3297134383262144,0.0,0.0,0.0
image_2941.png,surface,0.0,0.0,2.6020670422281986,12.051343020465632,-10.498410199353357,0.0,-1.0586786960499812,3.8105922288426837,0.0,0.0,0.0,0.6537831159003806,0,0,0,0,0,0,-0.12379129301982685,1.2330889749193472,3.4923341714781,0.0,0.0,0.0
image_2942.png,surface,0.0,0.0,1.67871470227255,-10.852156460180842,-8.632103406663406,0.0,-0.3914308502680447,-2.2164809884823713,0.0,0.0,0.0,0.9269873502074075,0,0,0,0,0,0,0.12906159806746792,-0.34249902124796866,0.944168706019578,0.0,0.0,0.0
image_2943.png,surface,0.0,0.0,1.4466991264789517,-11.086434524070993,4.339331887506153,0.0,4.0060636049595155,1.14307993080963,0.0,0.0,0.0,-2.3273884166075254,0,0,0,0,0,0,0.2379741335654167,0.0090264621118713,0.445679641583405,0.0,0.0,0.0
image_2944.png,surface,0.0,0.0,1.1787930123142216,-9.950779978623114,0.935966975876237,0.0,-4.091946301447624,1.9370538099681212,0.0,0.0,0.0,-0.7771206521162233,0,0,0,0,0,0,-0.09116501533824074,0.048456276129656944,0.33665769811987833,0.0,0.0,0.0
image_2945.png,surface,0.0,0.0,0.6345850347873789,11.915279732479371,9.050422594204761,0.0,2.2447051104505,0.5378154482122093,0.0,0.0,0.0,-3.9641186688660612,0,0,0,0,0,0,0.14994801633885932,-0.006295556181894194,0.27975182983598545,0.0,0.0,0.0
image_2946.png,surface,0.0,0.0,0.6182934390098398,17.162429815859,-11.020029641130117,0.0,-3.427905807969566,0.8403726633354858,0.0,0.0,0.0,-3.3905145387085325,0,0,0,0,0,0,-0.1840155238443309,0.06695753456425409,0.51322130686291,0.0,0.0,0.0
image_2947.png,surface,0.0,0.0,1.3199702156684223,7.587523971728387,-18.00748436262244,0.0,-2.99266682085041,0.3510679007317827,0.0,0.0,0.0,4.124900383309033,0,0,0,0,0,0,-0.3184410231940432,0.08800564593700386,0.8018817052720628,0.0,0.0,0.0
image_2948.png,surface,0.0,0.0,1.0596927260150761,-10.6162687487907,6.622852397815847,0.0,-1.612189964337808,2.6462664548609234,0.0,0.0,0.0,2.944251091709936,0,0,0,0,0,0,-0.04505174853387208,0.10322383946615044,0.29104859594994775,0.0,0.0,0.0
image_2949.png,surface,0.0,0.0,2.166972509633726,-13.057896226693611,11.866780725442315,0.0,-0.6518393728577769,1.8565424447313397,0.0,0.0,0.0,-1.6927747867224072,0,0,0,0,0,0,-0.19686027538983816,0.39520739341951944,1.1438394378595207,0.0,0.0,0.0
image_2950.png,surface,0.0,0.0,0.9240522556973494,11.41339752301486,-2.930721096217718,0.0,-1.5811823977528434,3.8110212789543114,0.0,0.0,0.0,-2.735364644413302,0,0,0,0,0,0,-0.048399906519667864,0.10045517907631187,0.38660999263842666,0.0,0.0,0.0
image_2951.png,surface,0.0,0.0,2.7726265190196866,-2.124174382661874,16.619341455484253,0.0,1.7883544042781352,-1.2741994830911516,0.0,0.0,0.0,-1.4576223547976808,0,0,0,0,0,0,0.640894509356064,-0.5272599091948638,2.0429226810951593,0.0,0.0,0.0
image_2952.png,surface,0.0,0.0,2.919316358753704,13.461374741514764,-14.10476927535359,0.0,-2.1617203048315377,-3.0002869839862316,0.0,0.0,0.0,-0.8415893158808618,0,0,0,0,0,0,-0.4295131205928297,-0.8910241299597851,2.705204805666782,0.0,0.0,0.0
image_2953.png,surface,0.0,0.0,1.687230561787135,-2.3156906861752513,4.946136746513267,0.0,-2.445829671899866,-0.25470305555284867,0.0,0.0,0.0,-3.729891964366959,0,0,0,0,0,0,-0.23827090211415744,-0.007758541501524782,0.6102363890110034,0.0,0.0,0.0
image_2954.png,surface,0.0,0.0,0.6277906197591543,1.805370455400794,-12.899970474636419,0.0,0.4419939764336029,1.7901854541048012,0.0,0.0,0.0,-2.9036884318332867,0,0,0,0,0,0,0.04070827449229892,0.08686357352619552,0.2786219299242116,0.0,0.0,0.0
image_2955.png,surface,0.0,0.0,0.9265860785677487,4.177695968146863,19.1271343039748,0.0,1.1581650687746479,-2.3306709967502703,0.0,0.0,0.0,-4.078838074223886,0,0,0,0,0,0,0.1283493535504898,-0.14225880475788522,0.3956402599175064,0.0,0.0,0.0
image_2956.png,surface,0.0,0.0,1.167937661217518,12.728721165420614,3.3145026588047917,0.0,1.2518467282935202,-2.9650543500972195,0.0,0.0,0.0,-1.6260568958281487,0,0,0,0,0,0,0.15325051762484873,-0.1884608250133156,0.491954178879242,0.0,0.0,0.0
image_2957.png,surface,0.0,0.0,2.6899449703224123,-12.283095553117322,12.571832106827728,0.0,1.9490063744507409,0.4671242325692901,0.0,0.0,0.0,-1.5580989369829124,0,0,0,0,0,0,0.7537609150572383,-0.00506853623639758,1.724938477070557,0.0,0.0,0.0
image_2958.png,surface,0.0,0.0,2.7206724035616983,2.56218315536848,6.068335380986577,0.0,2.1388760454093387,4.475963902535943,0.0,0.0,0.0,-0.9030668429967372,0,0,0,0,0,0,0.21287208001190977,0.6633741756103005,2.1357218521099934,0.0,0.0,0.0
image_2959.png,surface,0.0,0.0,2.915742732732458,3.9449514384472573,-9.970186045044205,0.0,2.4688208960708615,-4.324484112655197,0.0,0.0,0.0,-1.516630382743692,0,0,0,0,0,0,1.0907499725475924,-1.0060950043099544,3.651172196229708,0.0,0.0,0.0
image_2960.png,surface,0.0,0.0,1.156614128980131,-19.851248450416257,-13.616711268005961,0.0,-1.1458825517968592,3.0091852525379457,0.0,0.0,0.0,-4.645194269010959,0,0,0,0,0,0,-0.12315209922253847,0.23627999463281096,0.6689063302796824,0.0,0.0,0.0
image_2961.png,surface,0.0,0.0,0.939553999253362,1.1199728799076303,-7.878870741048567,0.0,1.7677227852132373,-2.737547394508478,0.0,0.0,0.0,3.2537693721458982,0,0,0,0,0,0,0.11786961905494892,-0.14853548370984881,0.31318882841089574,0.0,0.0,0.0
image_2962.png,surface,0.0,0.0,1.8120695475943156,3.420295357343117,8.838895988817587,0.0,1.2763503239858822,-3.7279184591299206,0.0,0.0,0.0,0.3857677598554856,0,0,0,0,0,0,0.2053630747837659,-0.31588212704565705,0.7744827489134315,0.0,0.0,0.0
image_2963.png,surface,0.0,0.0,1.3608963668274585,3.897222628031405,-2.7526582622453977,0.0,-3.8304354249358266,-2.4353847158293322,0.0,0.0,0.0,1.5100292185440924,0,0,0,0,0,0,-0.14484968486048844,-0.11509447088758314,0.4628715376718403,0.0,0.0,0.0
image_2964.png,surface,0.0,0.0,1.495328420257562,6.487714848666324,14.705649085348728,0.0,4.632932793723905,0.48776089661171185,0.0,0.0,0.0,1.8116012612521057,0,0,0,0,0,0,0.31349488071502685,-0.04447475371676981,0.6458349352432206,0.0,0.0,0.0
image_2965.png,surface,0.0,0.0,1.6309773859186134,5.138352568165536,17.441979700593915,0.0,2.817445529078794,3.3377040450318156,0.0,0.0,0.0,2.0329549223925927,0,0,0,0,0,0,0.23162785229234023,0.2430113002056059,0.8281172666622469,0.0,0.0,0.0
image_2966.png,surface,0.0,0.0,0.652252128428144,11.48129353728079,-21.369605519518203,0.0,-3.0360366904261284,-3.5735596967275627,0.0,0.0,0.0,2.992322875550892,0,0,0,0,0,0,-0.10285313048865506,-0.20247087582689643,0.544907630475704,0.0,0.0,0.0
image_2967.png,surface,0.0,0.0,1.3114991570796635,-13.179204867157045,12.375937540547381,0.0,-2.4039914156516975,2.362111815443002,0.0,0.0,0.0,-0.3444882261087132,0,0,0,0,0,0,-0.106977452371158,0.09953648721968357,0.4870951626578583,0.0,0.0,0.0
image_2968.png,surface,0.0,0.0,2.358032351528478,-12.067131897401493,12.283848303770583,0.0,4.553701452305611,0.22195215935358048,0.0,0.0,0.0,-3.13425527412287,0,0,0,0,0,0,0.5612783562338283,-0.08759034687852804,1.287260804526366,0.0,0.0,0.0
image_2969.png,surface,0.0,0.0,1.696645309763131,16.538993865382544,-18.335883071151734,0.0,1.5774068929744276,-3.6524869359681245,0.0,0.0,0.0,-3.697792699779059,0,0,0,0,0,0,0.5151376954095759,-0.5074765722274717,1.709570945068919,0.0,0.0,0.0
image_2970.png,surface,0.0,0.0,2.4137270262965793,10.780544366504706,-5.839194895121419,0.0,-1.2858708661008786,-1.7321382222105892,0.0,0.0,0.0,0.6130750686920923,0,0,0,0,0,0,-0.2819461011488695,-0.40696476146136773,1.8134413488161156,0.0,0.0,0.0
image_2971.png,surface,0.0,0.0,2.1808485733272445,-17.947525543017246,10.324773533166859,0.0,-0.13422920899945986,-1.7086783266838823,0.0,0.0,0.0,0.36617029339861684,0,0,0,0,0,0,0.01059463719005328,-0.7963548218572382,1.959095719261169,0.0,0.0,0.0
image_2972.png,surface,0.0,0.0,2.8528970696846567,-14.70327696655493,2.7042004834225803,0.0,-4.935561043068772,-0.13852686356645072,0.0,0.0,0.0,-4.703487672316743,0,0,0,0,0,0,-0.8775712317019846,-0.04359067011501457,2.3328067655747717,0.0,0.0,0.0
image_2973.png,surface,0.0,0.0,2.2258758065758926,-9.44439502689267,-9.8261385717398,0.0,-2.186204904908546,4.230574166288862,0.0,0.0,0.0,-3.480587244547687,0,0,0,0,0,0,-0.25048406931234446,0.39973950170538575,1.206769950337024,0.0,0.0,0.0
image_2974.png,surface,0.0,0.0,1.8988732590899668,6.160577777478132,15.927884192625942,0.0,1.8896376148972847,0.9900854700090425,0.0,0.0,0.0,-3.3378502355150763,0,0,0,0,0,0,0.4045876062785739,0.1489224669234285,0.9888511116215507,0.0,0.0,0.0
image_2975.png,surface,0.0,0.0,0.892928691077624,0.3027601405688886,16.507993871471832,0.0,2.896279919117425,2.015232404435098,0.0,0.0,0.0,-1.736325848918463,0,0,0,0,0,0,0.1377120207907695,0.03485680506706942,0.285629095780233,0.0,0.0,0.0
image_2976.png,surface,0.0,0.0,2.8027642541361284,0.5034383953488553,4.51402092956406,0.0,-3.347992487077052,-1.853117791920568,0.0,0.0,0.0,0.648182206548146,0,0,0,0,0,0,-0.8497510826200091,-0.38594024662603127,2.6083839948473906,0.0,0.0,0.0
image_2977.png,surface,0.0,0.0,2.991800365177865,11.18228732133394,-4.756873849373203,0.0,-0.4186993326825434,1.5020687056400923,0.0,0.0,0.0,4.235382171258465,0,0,0,0,0,0,0.08955333383507817,1.0184894788619645,4.409120668667384,0.0,0.0,0.0
image_2978.png,surface,0.0,0.0,2.606194277255757,14.037711408884142,-1.9465864709793064,0.0,1.1149248570859145,4.51965255213934,0.0,0.0,0.0,-0.7845492604056421,0,0,0,0,0,0,0.2241553724240414,1.230776514252834,3.8179731124544083,0.0,0.0,0.0
image_2979.png,surface,0.0,0.0,0.7336976750142983,5.640200375197784,11.88150845135289,0.0,-1.8551312934539004,0.6163182930295947,0.0,0.0,0.0,-2.966907107472796,0,0,0,0,0,0,-0.07183701242023806,0.021453971816260152,0.27172194824954393,0.0,0.0,0.0
image_2980.png,surface,0.0,0.0,0.7785560167655452,-6.235224982388243,-7.942109533119692,0.0,-1.5608960405899759,-3.5208617069704022,0.0,0.0,0.0,1.1134953981759423,0,0,0,0,0,0,-0.0036867785093591676,-0.09922815913081516,0.2551753902530108,0.0,0.0,0.0
image_2981.png,surface,0.0,0.0,1.4122886308225098,-12.370515541010878,21.07336430546982,0.0,3.550381621297216,0.30217779342816187,0.0,0.0,0.0,2.524174889191314,0,0,0,0,0,0,0.3265481311896495,-0.047506122223144175,0.6904905447998556,0.0,0.0,0.0
image_2982.png,surface,0.0,0.0,2.2400582856350386,6.6648089719346775,17.215478155030237,0.0,0.7230347433719244,0.13386241560437673,0.0,0.0,0.0,1.0586734059772613,0,0,0,0,0,0,0.1983273773436144,0.09814271840979896,1.5896854382244026,0.0,0.0,0.0
image_2983.png,surface,0.0,0.0,2.567261180012022,0.6007798298409134,20.255740518546425,0.0,-1.6676794751838273,0.734809990808556,0.0,0.0,0.0,0.71285520180448,0,0,0,0,0,0,-1.2099078714820772,0.16902671679964235,3.410012254190629,0.0,0.0,0.0
image_2984.png,surface,0.0,0.0,0.9520380904310839,11.042341201238647,-16.574466038246065,0.0,4.32015815798813,-0.37370326902685225,0.0,0.0,0.0,-3.42866102782338,0,0,0,0,0,0,0.3357251278507168,-0.09652871525072262,0.8245154315679953,0.0,0.0,0.0
image_2985.png,surface,0.0,0.0,2.0631009443830335,20.230264760109673,-13.751834681768335,0.0,-0.534012872587466,-1.8162372156544089,0.0,0.0,0.0,-3.702638337333889,0,0,0,0,0,0,0.2853749193043232,-0.29322945112879656,2.2148371759719576,0.0,0.0,0.0
image_2986.png,surface,0.0,0.0,0.8989162064923057,-14.793043932112129,-19.951223716990402,0.0,4.238742629060617,-1.4961702791588618,0.0,0.0,0.0,4.820521433702721,0,0,0,0,0,0,0.31874083552277116,-0.1434795322934049,0.8454587740038229,0.0,0.0,0.0
image_2987.png,surface,0.0,0.0,0.7802601165337582,1.3458050606914134,-12.449193449985819,0.0,1.7897802892660943,0.994878645226496,0.0,0.0,0.0,-4.723305620235162,0,0,0,0,0,0,0.15872627782161838,0.0021048111372749746,0.3364343977420576,0.0,0.0,0.0
image_2988.png,surface,0.0,0.0,1.6774307037038034,-15.55609484341456,17.391623148312277,0.0,0.8365751989857697,-4.351840417250043,0.0,0.0,0.0,-3.815546861566592,0,0,0,0,0,0,0.17209151574491743,-0.39228771519023536,1.007139412565088,0.0,0.0,0.0
image_2989.png,surface,0.0,0.0,2.6526097233746,5.92780627468467,-6.301994183365524,0.0,2.3366117430465985,-3.379652672497713,0.0,0.0,0.0,-2.66337066255639,0,0,0,0,0,0,0.7723553669983528,-0.6875464685365833,2.4384166792651913,0.0,0.0,0.0
image_2990.png,surface,0.0,0.0,2.0692641590434224,-8.82361745857435,14.20657359485063,0.0,0.41781562507907166,-2.063950287506528,0.0,0.0,0.0,3.8684937356236695,0,0,0,0,0,0,0.12935684472621556,-0.5948152227069239,1.3391558123319582,0.0,0.0,0.0
image_2991.png,surface,0.0,0.0,2.2038591260394433,-19.280928960555766,5.229758727162997,0.0,0.8012373388643551,-3.7749802747956767,0.0,0.0,0.0,4.676122064703595,0,0,0,0,0,0,0.31974528291850995,-0.7300690020580192,1.8667900420813222,0.0,0.0,0.0
image_2992.png,surface,0.0,0.0,1.4829153760240403,23.410720881356173,6.770188158763309,0.0,0.6246045894071064,1.763449383888372,0.0,0.0,0.0,4.18487279035752,0,0,0,0,0,0,0.03898092934962701,0.7265185097285495,2.0462900507926984,0.0,0.0,0.0
image_2993.png,surface,0.0,0.0,1.1672009151804992,-4.251036039945515,22.338206728012537,0.0,-0.5446238655089207,-3.222563238216791,0.0,0.0,0.0,-4.782484819993806,0,0,0,0,0,0,0.051763283405399076,-0.18647871587059045,0.5403121087001488,0.0,0.0,0.0
image_2994.png,surface,0.0,0.0,2.8302411994516308,9.385472647628369,2.277380498402225,0.0,0.816395267524884,1.2358550766549241,0.0,0.0,0.0,0.4020270465703648,0,0,0,0,0,0,0.4641117677060485,0.7852833265028717,3.335005657280568,0.0,0.0,0.0
image_2995.png,surface,0.0,0.0,1.528521179598266,-20.74076833015552,-13.393802226067196,0.0,-4.272876634544844,1.6479123917357918,0.0,0.0,0.0,-2.0087851168608872,0,0,0,0,0,0,-0.3377933763519427,0.1373271284384853,0.9850996652741592,0.0,0.0,0.0
image_2996.png,surface,0.0,0.0,1.7835112570304261,16.985886103919817,6.752013566335295,0.0,2.645824199399961,3.030879516073614,0.0,0.0,0.0,0.5444568332067954,0,0,0,0,0,0,0.3323587071849989,0.4238693208643252,1.5655868614499662,0.0,0.0,0.0
image_2997.png,surface,0.0,0.0,0.6805550330773651,20.961064376463586,-2.357397590576665,0.0,-2.8831639311149373,3.8822320325989277,0.0,0.0,0.0,-4.097195799702652,0,0,0,0,0,0,-0.13049826222137312,0.16440336856911086,0.6370458323721878,0.0,0.0,0.0
image_2998.png,surface,0.0,0.0,0.6728784751785575,-15.36363259543446,3.751902966034771,0.0,1.5798010646929936,3.494799214738607,0.0,0.0,0.0,4.462496696462681,0,0,0,0,0,0,0.062451516830055204,0.08068128072388554,0.2066388201298475,0.0,0.0,0.0
image_2999.png,surface,0.0,0.0,2.395159945887485,11.642565325776824,-12.334476305388167,0.0,-1.3793556519233607,-3.5766362676886057,0.0,0.0,0.0,4.700430153575793,0,0,0,0,0,0,-0.12257682480497901,-0.7195874201389877,1.789039083527841,0.0,0.0,0.0
image_3000.png,surface,0.0,0.0,2.830015004110636,2.402548878552017,-0.8239332466845604,0.0,2.7300998936699687,2.318540643179773,0.0,0.0,0.0,-1.161054035575103,0,0,0,0,0,0,0.822425547785935,0.49848157216548483,2.4199743010609582,0.0,0.0,0.0
